2024-08-30 05:23:14,070 [28] DEBUG LTCPro.ServiceLayer.Log4net - ---Executing GetProcessKeyMasterList() in FacilityController----
2024-08-30 05:23:14,237 [28] DEBUG LTCPro.ServiceLayer.Log4net - ---Executing GetProcessKeyMasterList() in FacilityService----
2024-08-30 05:23:15,561 [28] DEBUG LTCPro.ServiceLayer.Log4net - ---Executed Successfully GetProcessKeyMasterList() in FacilityController----
2024-08-30 05:23:18,308 [31] DEBUG LTCPro.ServiceLayer.Log4net - ---Executing CheckUser() in UserService----
2024-08-30 05:23:20,345 [31] DEBUG LTCPro.ServiceLayer.Log4net - ---Executing FindUser() in UserService----
2024-08-30 05:23:20,978 [31] DEBUG LTCPro.ServiceLayer.Log4net - ---Executing InsertUserSession() in UserService----
2024-08-30 05:23:21,747 [31] DEBUG LTCPro.ServiceLayer.Log4net - ---Executing InsertUserToken() in UserService----
2024-08-30 05:23:22,790 [27] DEBUG LTCPro.ServiceLayer.Log4net - ---Executing InsertUpdateUserRecentFacNs() in UserController----
2024-08-30 05:23:22,857 [28] DEBUG LTCPro.ServiceLayer.Log4net - ---Executing GetScreenPermissionsForLoggedInUser() in RoleController----
2024-08-30 05:23:22,892 [27] DEBUG LTCPro.ServiceLayer.Log4net - ---Executing GetUserRecentFacNs() in UserService----
2024-08-30 05:23:22,927 [28] DEBUG LTCPro.ServiceLayer.Log4net - ---Executing GetScreenPermissionsForLoggedInUser() in RoleService----
2024-08-30 05:23:23,625 [27] DEBUG LTCPro.ServiceLayer.Log4net - ---Executing InsertUpdateUserRecentFacNs() in CommonService----
2024-08-30 05:23:24,294 [28] DEBUG LTCPro.ServiceLayer.Log4net - ---Executed Successfully GetScreenPermissionsForLoggedInUser() in RoleController----
2024-08-30 05:23:24,689 [19] DEBUG LTCPro.ServiceLayer.Log4net - ---Executing GetUserToken() in UserService----
2024-08-30 05:23:24,776 [28] DEBUG LTCPro.ServiceLayer.Log4net - ---Executing GetUserToken() in UserService----
2024-08-30 05:23:24,799 [27] DEBUG LTCPro.ServiceLayer.Log4net - ---Executed Successfully InsertUpdateUserRecentFacNs() in UserController----
2024-08-30 05:23:24,839 [32] DEBUG LTCPro.ServiceLayer.Log4net - ---Executing GetUserToken() in UserService----
2024-08-30 05:23:24,839 [27] DEBUG LTCPro.ServiceLayer.Log4net - ---Executing GetUserToken() in UserService----
2024-08-30 05:23:25,146 [32] DEBUG LTCPro.ServiceLayer.Log4net - ---Executing GetReadMailsCount() in MailboxController----
2024-08-30 05:23:25,146 [27] DEBUG LTCPro.ServiceLayer.Log4net - ---Executing GetAlertsDetails() in MailboxController----
2024-08-30 05:23:25,183 [32] DEBUG LTCPro.ServiceLayer.Log4net - ---Executing GetReadMailsCount() in MailboxService----
2024-08-30 05:23:25,183 [27] DEBUG LTCPro.ServiceLayer.Log4net - ---Executing GetAlertsDetails() in MailboxService----
2024-08-30 05:23:25,237 [19] DEBUG LTCPro.ServiceLayer.Log4net - ---Executing InsertUserActivityDetails() in CompanyController----
2024-08-30 05:23:25,238 [19] DEBUG LTCPro.ServiceLayer.Log4net - ---Executing InsertUserActivityDetails() in UserActivityService----
2024-08-30 05:23:25,387 [31] DEBUG LTCPro.ServiceLayer.Log4net - ---Executing GetUserToken() in UserService----
2024-08-30 05:23:25,454 [32] DEBUG LTCPro.ServiceLayer.Log4net - ---Executed successfully GetReadMailsCount() in MailboxController----
2024-08-30 05:23:25,528 [32] DEBUG LTCPro.ServiceLayer.Log4net - ---Executing GetUserToken() in UserService----
2024-08-30 05:23:25,874 [19] DEBUG LTCPro.ServiceLayer.Log4net - ---Executed Successfully InsertUserActivityDetails() in CompanyController----
2024-08-30 05:23:25,889 [19] DEBUG LTCPro.ServiceLayer.Log4net - ---Executing GetUserToken() in UserService----
2024-08-30 05:23:26,062 [27] DEBUG LTCPro.ServiceLayer.Log4net - ---Executed successfully GetAlertsDetails() in MailboxController----
2024-08-30 05:23:26,104 [32] DEBUG LTCPro.ServiceLayer.Log4net - ---Executing GetUserPassedDueFlag() in UserController----
2024-08-30 05:23:26,104 [28] DEBUG LTCPro.ServiceLayer.Log4net - ---Executing GetOutboundErrorDetails() in CommonController----
2024-08-30 05:23:26,104 [32] DEBUG LTCPro.ServiceLayer.Log4net - ---Executing GetUserPassedDueFlag() in UserService----
2024-08-30 05:23:26,104 [28] DEBUG LTCPro.ServiceLayer.Log4net - ---Executing GetOutboundErrorDetails() in CommonService----
2024-08-30 05:23:26,276 [19] DEBUG LTCPro.ServiceLayer.Log4net - ---Executing GetUserRecentFacNs() in UserController----
2024-08-30 05:23:26,276 [19] DEBUG LTCPro.ServiceLayer.Log4net - ---Executing GetUserRecentFacNs() in UserService----
2024-08-30 05:23:26,340 [32] DEBUG LTCPro.ServiceLayer.Log4net - ---Executed Successfully GetUserPassedDueFlag() in UserController----
2024-08-30 05:23:26,363 [32] DEBUG LTCPro.ServiceLayer.Log4net - ---Executing GetUserToken() in UserService----
2024-08-30 05:23:26,574 [32] DEBUG LTCPro.ServiceLayer.Log4net - ---Executing GetPendingDosesList() in CommonController----
2024-08-30 05:23:26,575 [32] DEBUG LTCPro.ServiceLayer.Log4net - ---Executing GetPendingDosesList() in CommonService----
2024-08-30 05:23:26,759 [19] DEBUG LTCPro.ServiceLayer.Log4net - ---Executed Successfully GetUserRecentFacNs() in UserController----
2024-08-30 05:23:26,800 [19] DEBUG LTCPro.ServiceLayer.Log4net - ---Executing GetUserToken() in UserService----
2024-08-30 05:23:27,014 [19] DEBUG LTCPro.ServiceLayer.Log4net - ---Executing GetUserActiveCompanyMasterList() in CompanyController----
2024-08-30 05:23:27,014 [19] DEBUG LTCPro.ServiceLayer.Log4net - ---Executing GetActiveCompanyMasterList() in CompanyService----
2024-08-30 05:23:27,303 [31] DEBUG LTCPro.ServiceLayer.Log4net - ---Executing GetDueMARAlertData() in EmarController----
2024-08-30 05:23:27,331 [31] DEBUG LTCPro.ServiceLayer.Log4net - ---Executing GetDueMARAlertData() in EmarService----
2024-08-30 05:23:27,333 [27] DEBUG LTCPro.ServiceLayer.Log4net - ---Executing GetUserToken() in UserService----
2024-08-30 05:23:27,566 [27] DEBUG LTCPro.ServiceLayer.Log4net - ---Executing GetUserAccessFacilityNurseStaions() in FacilityController----
2024-08-30 05:23:27,567 [27] DEBUG LTCPro.ServiceLayer.Log4net - ---Executing GetUserAccessFacilityNurseStaions() in FacilityService----
2024-08-30 05:23:28,024 [27] DEBUG LTCPro.ServiceLayer.Log4net - ---Executed Successfully GetUserAccessFacilityNurseStaions() in FacilityController----
2024-08-30 05:23:28,963 [19] DEBUG LTCPro.ServiceLayer.Log4net - ---Executed Successfully GetUserActiveCompanyMasterList() in CompanyController----
2024-08-30 05:23:30,331 [31] DEBUG LTCPro.ServiceLayer.Log4net - ---Executed Successfully GetDueMARAlertData() in EmarController----
2024-08-30 05:23:31,412 [32] DEBUG LTCPro.ServiceLayer.Log4net - ---Executed Successfully GetPendingDosesList() in CommonController----
2024-08-30 05:23:35,255 [28] DEBUG LTCPro.ServiceLayer.Log4net - ---Executed Successfully GetOutboundErrorDetails() in CommonController----
2024-08-30 05:23:44,487 [27] DEBUG LTCPro.ServiceLayer.Log4net - ---Executing GetUserToken() in UserService----
2024-08-30 05:23:44,587 [32] DEBUG LTCPro.ServiceLayer.Log4net - ---Executing GetUserToken() in UserService----
2024-08-30 05:23:44,698 [27] DEBUG LTCPro.ServiceLayer.Log4net - ---Executing InsertUserActivityDetails() in CompanyController----
2024-08-30 05:23:44,698 [27] DEBUG LTCPro.ServiceLayer.Log4net - ---Executing InsertUserActivityDetails() in UserActivityService----
2024-08-30 05:23:44,822 [32] DEBUG LTCPro.ServiceLayer.Log4net - ---Executing GetUserRecentFacNs() in UserController----
2024-08-30 05:23:44,823 [32] DEBUG LTCPro.ServiceLayer.Log4net - ---Executing GetUserRecentFacNs() in UserService----
2024-08-30 05:23:44,894 [25] DEBUG LTCPro.ServiceLayer.Log4net - ---Executing GetUserToken() in UserService----
2024-08-30 05:23:45,128 [25] DEBUG LTCPro.ServiceLayer.Log4net - ---Executing OrderEndingSoonStatus() in OrdersController----
2024-08-30 05:23:45,181 [25] DEBUG LTCPro.ServiceLayer.Log4net - ---Executing OrderEndingSoonStatus() in OrdersService----
2024-08-30 05:23:45,241 [32] DEBUG LTCPro.ServiceLayer.Log4net - ---Executed Successfully GetUserRecentFacNs() in UserController----
2024-08-30 05:23:45,266 [19] DEBUG LTCPro.ServiceLayer.Log4net - ---Executing GetUserToken() in UserService----
2024-08-30 05:23:45,326 [27] DEBUG LTCPro.ServiceLayer.Log4net - ---Executed Successfully InsertUserActivityDetails() in CompanyController----
2024-08-30 05:23:45,483 [19] DEBUG LTCPro.ServiceLayer.Log4net - ---Executing GetUserAccessFacilityNurseStaions() in FacilityController----
2024-08-30 05:23:45,483 [19] DEBUG LTCPro.ServiceLayer.Log4net - ---Executing GetUserAccessFacilityNurseStaions() in FacilityService----
2024-08-30 05:23:45,591 [25] DEBUG LTCPro.ServiceLayer.Log4net - ---Executed Successfully OrderEndingSoonStatus() in OrdersController----
2024-08-30 05:23:45,902 [19] DEBUG LTCPro.ServiceLayer.Log4net - ---Executed Successfully GetUserAccessFacilityNurseStaions() in FacilityController----
2024-08-30 05:23:45,947 [19] DEBUG LTCPro.ServiceLayer.Log4net - ---Executing GetUserToken() in UserService----
2024-08-30 05:23:46,166 [19] DEBUG LTCPro.ServiceLayer.Log4net - ---Executing UserNurseStationDrop() in FacilityController----
2024-08-30 05:23:46,166 [19] DEBUG LTCPro.ServiceLayer.Log4net - ---Executing UserNurseStationDrop() in FacilityService----
2024-08-30 05:23:46,394 [19] DEBUG LTCPro.ServiceLayer.Log4net - ---Executed Successfully UserNurseStationDrop() in FacilityController----
2024-08-30 05:23:46,445 [19] DEBUG LTCPro.ServiceLayer.Log4net - ---Executing GetUserToken() in UserService----
2024-08-30 05:23:46,497 [27] DEBUG LTCPro.ServiceLayer.Log4net - ---Executing GetUserToken() in UserService----
2024-08-30 05:23:46,683 [32] DEBUG LTCPro.ServiceLayer.Log4net - ---Executing GetUserToken() in UserService----
2024-08-30 05:23:46,768 [31] DEBUG LTCPro.ServiceLayer.Log4net - ---Executing GetUserToken() in UserService----
2024-08-30 05:23:46,793 [27] DEBUG LTCPro.ServiceLayer.Log4net - ---Executing GetSeventyTwoHourDetailsByfilter() in EMARController----
2024-08-30 05:23:46,793 [19] DEBUG LTCPro.ServiceLayer.Log4net - ---Executing GetPRNDetailsByfilter() in EMARController----
2024-08-30 05:23:46,794 [27] DEBUG LTCPro.ServiceLayer.Log4net - ---Executing GetSeventyTwoHourDetailsByfilter() in EmarService----
2024-08-30 05:23:46,794 [19] DEBUG LTCPro.ServiceLayer.Log4net - ---Executing GetPRNDetailsByfilter() in EmarService----
2024-08-30 05:23:46,892 [32] DEBUG LTCPro.ServiceLayer.Log4net - ---Executing OrderEndingSoonStatus() in OrdersController----
2024-08-30 05:23:46,892 [32] DEBUG LTCPro.ServiceLayer.Log4net - ---Executing OrderEndingSoonStatus() in OrdersService----
2024-08-30 05:23:47,049 [31] DEBUG LTCPro.ServiceLayer.Log4net - ---Executing GetOrdersGridData() in OrdersController----
2024-08-30 05:23:47,080 [31] DEBUG LTCPro.ServiceLayer.Log4net - ---Executing GetOrdersGridData() in OrdersService----
2024-08-30 05:23:47,280 [32] DEBUG LTCPro.ServiceLayer.Log4net - ---Executed Successfully OrderEndingSoonStatus() in OrdersController----
2024-08-30 05:23:47,533 [32] DEBUG LTCPro.ServiceLayer.Log4net - ---Executing GetUserToken() in UserService----
2024-08-30 05:23:47,744 [32] DEBUG LTCPro.ServiceLayer.Log4net - ---Executing GetOrdersEndingSoon() in OrdersController----
2024-08-30 05:23:47,744 [32] DEBUG LTCPro.ServiceLayer.Log4net - ---Executing GetOrdersEndingSoon() in OrdersService----
2024-08-30 05:23:48,424 [32] DEBUG LTCPro.ServiceLayer.Log4net - ---Executed Successfully GetOrdersEndingSoon() in OrdersController----
2024-08-30 05:23:48,439 [28] DEBUG LTCPro.ServiceLayer.Log4net - ---Executing GetUserToken() in UserService----
2024-08-30 05:23:48,649 [28] DEBUG LTCPro.ServiceLayer.Log4net - ---Executing GetCompanyToBedFlagByFacId() in FacilityController----
2024-08-30 05:23:48,687 [28] DEBUG LTCPro.ServiceLayer.Log4net - ---Executing GetCompanyToBedFlagByFacId() in FacilityService----
2024-08-30 05:23:48,778 [32] DEBUG LTCPro.ServiceLayer.Log4net - ---Executing GetUserToken() in UserService----
2024-08-30 05:23:48,988 [32] DEBUG LTCPro.ServiceLayer.Log4net - ---Executing GetOrdersEndingSoon() in OrdersController----
2024-08-30 05:23:48,988 [32] DEBUG LTCPro.ServiceLayer.Log4net - ---Executing GetOrdersEndingSoon() in OrdersService----
2024-08-30 05:23:49,189 [31] DEBUG LTCPro.ServiceLayer.Log4net - ---Executed Successfully GetOrdersGridData() in OrdersController----
2024-08-30 05:23:49,458 [32] DEBUG LTCPro.ServiceLayer.Log4net - ---Executed Successfully GetOrdersEndingSoon() in OrdersController----
2024-08-30 05:23:49,769 [31] DEBUG LTCPro.ServiceLayer.Log4net - ---Executing GetUserToken() in UserService----
2024-08-30 05:23:50,025 [31] DEBUG LTCPro.ServiceLayer.Log4net - ---Executing GetPendingOrdersGridData() in OrdersController----
2024-08-30 05:23:50,044 [31] DEBUG LTCPro.ServiceLayer.Log4net - ---Executing GetPendingOrdersGridData() in OrdersService----
2024-08-30 05:23:50,474 [28] DEBUG LTCPro.ServiceLayer.Log4net - ---Executed Successfully GetCompanyToBedFlagByFacId() in FacilityController----
2024-08-30 05:23:50,542 [28] DEBUG LTCPro.ServiceLayer.Log4net - ---Executing GetUserToken() in UserService----
2024-08-30 05:23:50,769 [28] DEBUG LTCPro.ServiceLayer.Log4net - ---Executing GetNurseStationHierarchyDetailsbyNsId() in CompanyController----
2024-08-30 05:23:50,809 [28] DEBUG LTCPro.ServiceLayer.Log4net - ---Executing GetNurseStationHierarchyDetailsbyNsId() in CompanyService----
2024-08-30 05:23:51,091 [28] DEBUG LTCPro.ServiceLayer.Log4net - ---Executed Successfully GetNurseStationHierarchyDetailsbyNsId() in CompanyController----
2024-08-30 05:23:51,918 [31] DEBUG LTCPro.ServiceLayer.Log4net - ---Executed Successfully GetPendingOrdersGridData() in OrdersController----
2024-08-30 05:23:59,812 [19] DEBUG LTCPro.ServiceLayer.Log4net - ---Executed Successfully GetPRNDetailsByfilter() in EMARController----
2024-08-30 05:24:00,858 [27] DEBUG LTCPro.ServiceLayer.Log4net - ---Executed Successfully GetSeventyTwoHourDetailsByfilter() in EMARController----
2024-08-30 05:24:08,433 [27] DEBUG LTCPro.ServiceLayer.Log4net - ---Executing GetUserToken() in UserService----
2024-08-30 05:24:08,646 [27] DEBUG LTCPro.ServiceLayer.Log4net - ---Executing GetOrdersGridDataByPatientId() in OrdersController----
2024-08-30 05:24:08,647 [27] DEBUG LTCPro.ServiceLayer.Log4net - ---Executing GetOrdersGridDataByPatientId() in OrdersService----
2024-08-30 05:24:10,846 [27] DEBUG LTCPro.ServiceLayer.Log4net - ---Executed Successfully GetOrdersGridDataByPatientId() in OrdersController----
2024-08-30 05:24:15,268 [31] DEBUG LTCPro.ServiceLayer.Log4net - ---Executing GetUserToken() in UserService----
2024-08-30 05:24:15,488 [31] DEBUG LTCPro.ServiceLayer.Log4net - ---Executing GetFacilityNSResidentsDataByPId() in ResidentDemographicController----
2024-08-30 05:24:15,520 [31] DEBUG LTCPro.ServiceLayer.Log4net - ---Executing GetFacilityNSResidentsDataByPId() in ResidentDemographicService----
2024-08-30 05:24:15,594 [28] DEBUG LTCPro.ServiceLayer.Log4net - ---Executing GetUserToken() in UserService----
2024-08-30 05:24:15,804 [28] DEBUG LTCPro.ServiceLayer.Log4net - ---Executing GetNurseNotes() in OrdersController----
2024-08-30 05:24:15,805 [28] DEBUG LTCPro.ServiceLayer.Log4net - ---Executing GetNurseNotes() in OrdersService----
2024-08-30 05:24:17,037 [28] DEBUG LTCPro.ServiceLayer.Log4net - ---Executed Successfully GetNurseNotes() in OrdersController----
2024-08-30 05:24:17,251 [31] DEBUG LTCPro.ServiceLayer.Log4net - ---Executed Successfully GetFacilityNSResidentsDataByPId() in ResidentDemographicController----
2024-08-30 05:24:17,524 [26] DEBUG LTCPro.ServiceLayer.Log4net - ---Executing GetUserToken() in UserService----
2024-08-30 05:24:17,528 [19] DEBUG LTCPro.ServiceLayer.Log4net - ---Executing GetUserToken() in UserService----
2024-08-30 05:24:17,534 [31] DEBUG LTCPro.ServiceLayer.Log4net - ---Executing GetUserToken() in UserService----
2024-08-30 05:24:17,726 [32] DEBUG LTCPro.ServiceLayer.Log4net - ---Executing GetUserToken() in UserService----
2024-08-30 05:24:17,742 [26] DEBUG LTCPro.ServiceLayer.Log4net - ---Executing GetAllBarcodes() in StockEkitController----
2024-08-30 05:24:17,746 [28] DEBUG LTCPro.ServiceLayer.Log4net - ---Executing GetUserToken() in UserService----
2024-08-30 05:24:17,749 [31] DEBUG LTCPro.ServiceLayer.Log4net - ---Executing GetDrFirstFlagForCompanyByNSId() in CompanyController----
2024-08-30 05:24:17,750 [31] DEBUG LTCPro.ServiceLayer.Log4net - ---Executing GetDrFirstFlagForCompanyByNSId() in CompanyService----
2024-08-30 05:24:17,760 [26] DEBUG LTCPro.ServiceLayer.Log4net - ---Executing GetAllBarcodes() in StockEkitService----
2024-08-30 05:24:17,777 [19] DEBUG LTCPro.ServiceLayer.Log4net - ---Executing GetResidentInformation() in ResidentDemographicController----
2024-08-30 05:24:17,778 [19] DEBUG LTCPro.ServiceLayer.Log4net - ---Executing GetResidentInformation() in ResidentDemographicService----
2024-08-30 05:24:17,935 [32] DEBUG LTCPro.ServiceLayer.Log4net - ---Executing GetPhysicianDropData() in OrdersController----
2024-08-30 05:24:17,936 [32] DEBUG LTCPro.ServiceLayer.Log4net - ---Executing GetPhysicianDropData() in OrdersService----
2024-08-30 05:24:17,972 [28] DEBUG LTCPro.ServiceLayer.Log4net - ---Executing GetOrderRoutes() in OrdersController----
2024-08-30 05:24:17,985 [28] DEBUG LTCPro.ServiceLayer.Log4net - ---Executing GetOrderRoutes() in OrdersService----
2024-08-30 05:24:18,007 [31] DEBUG LTCPro.ServiceLayer.Log4net - ---Executed Successfully GetDrFirstFlagForCompanyByNSId() in CompanyController----
2024-08-30 05:24:18,059 [31] DEBUG LTCPro.ServiceLayer.Log4net - ---Executing GetUserToken() in UserService----
2024-08-30 05:24:18,206 [28] DEBUG LTCPro.ServiceLayer.Log4net - ---Executed Successfully GetOrderRoutes() in OrdersController----
2024-08-30 05:24:18,276 [31] DEBUG LTCPro.ServiceLayer.Log4net - ---Executing GetTimeZoneDate() in CommonController----
2024-08-30 05:24:18,277 [31] DEBUG LTCPro.ServiceLayer.Log4net - ---Executing GetTimeZoneDate() in CommonService----
2024-08-30 05:24:18,487 [32] DEBUG LTCPro.ServiceLayer.Log4net - ---Executed Successfully GetPhysicianDropData() in OrdersController----
2024-08-30 05:24:18,511 [31] DEBUG LTCPro.ServiceLayer.Log4net - ---Executed Successfully GetTimeZoneDate() in CommonController----
2024-08-30 05:24:18,588 [26] DEBUG LTCPro.ServiceLayer.Log4net - ---Executed Successfully GetAllBarcodes() in StockEkitController----
2024-08-30 05:24:21,449 [19] DEBUG LTCPro.ServiceLayer.Log4net - ---Executed Successfully GetResidentInformation() in ResidentDemographicController----
2024-08-30 05:24:21,590 [19] DEBUG LTCPro.ServiceLayer.Log4net - ---Executing GetUserToken() in UserService----
2024-08-30 05:24:21,598 [28] DEBUG LTCPro.ServiceLayer.Log4net - ---Executing GetUserToken() in UserService----
2024-08-30 05:24:21,812 [26] DEBUG LTCPro.ServiceLayer.Log4net - ---Executing GetUserToken() in UserService----
2024-08-30 05:24:21,816 [28] DEBUG LTCPro.ServiceLayer.Log4net - ---Executing GetDrFirstOrderCheck() in DrFirstIntegrationController----
2024-08-30 05:24:21,825 [19] DEBUG LTCPro.ServiceLayer.Log4net - ---Executing GetWeightList(Patient_Id) in AssessmentController----
2024-08-30 05:24:21,847 [19] DEBUG LTCPro.ServiceLayer.Log4net - ---Executing GetWeightList() in AssessmentService----
2024-08-30 05:24:21,857 [28] DEBUG LTCPro.ServiceLayer.Log4net - ---Executing GetDrFirstOrderCheck() in DrFirstIntegrationService----
2024-08-30 05:24:21,990 [31] DEBUG LTCPro.ServiceLayer.Log4net - ---Executing GetUserToken() in UserService----
2024-08-30 05:24:22,023 [26] DEBUG LTCPro.ServiceLayer.Log4net - ---Executing GetPatientType() in ResidentDemographicController----
2024-08-30 05:24:22,024 [26] DEBUG LTCPro.ServiceLayer.Log4net - ---Executing GetPatientType() in EmarService----
2024-08-30 05:24:22,102 [28] DEBUG LTCPro.ServiceLayer.Log4net - ---Executed Successfully GetDrFirstOrderCheck() in DrFirstIntegrationController----
2024-08-30 05:24:22,248 [26] DEBUG LTCPro.ServiceLayer.Log4net - ---Executed Successfully GetPatientType() in ResidentDemographicController----
2024-08-30 05:24:22,276 [31] DEBUG LTCPro.ServiceLayer.Log4net - ---Executing GetDiagnosisDetails() in OrdersController----
2024-08-30 05:24:22,277 [31] DEBUG LTCPro.ServiceLayer.Log4net - ---Executing GetDiagnosisDetails() in OrdersService----
2024-08-30 05:24:22,406 [28] DEBUG LTCPro.ServiceLayer.Log4net - ---Executing GetUserToken() in UserService----
2024-08-30 05:24:22,616 [28] DEBUG LTCPro.ServiceLayer.Log4net - ---Executing GetOrderGridData() in OrdersController----
2024-08-30 05:24:22,618 [28] DEBUG LTCPro.ServiceLayer.Log4net - ---Executing GetOrderGridData() in OrdersService----
2024-08-30 05:24:22,868 [19] DEBUG LTCPro.ServiceLayer.Log4net - ---Executed Successfully GetWeightList(Patient_Id) in AssessmentController----
2024-08-30 05:24:22,965 [31] DEBUG LTCPro.ServiceLayer.Log4net - ---Executed Successfully GetDiagnosisDetails() in OrdersController----
2024-08-30 05:24:23,083 [28] DEBUG LTCPro.ServiceLayer.Log4net - ---Executed Successfully GetOrderGridData() in OrdersController----
2024-08-30 05:24:23,199 [26] DEBUG LTCPro.ServiceLayer.Log4net - ---Executing GetUserToken() in UserService----
2024-08-30 05:24:23,404 [19] DEBUG LTCPro.ServiceLayer.Log4net - ---Executing GetUserToken() in UserService----
2024-08-30 05:24:23,405 [28] DEBUG LTCPro.ServiceLayer.Log4net - ---Executing GetUserToken() in UserService----
2024-08-30 05:24:23,415 [26] DEBUG LTCPro.ServiceLayer.Log4net - ---Executing GetAllBarcodes() in StockEkitController----
2024-08-30 05:24:23,416 [26] DEBUG LTCPro.ServiceLayer.Log4net - ---Executing GetAllBarcodes() in StockEkitService----
2024-08-30 05:24:23,612 [19] DEBUG LTCPro.ServiceLayer.Log4net - ---Executing GetOrderGridData() in OrdersController----
2024-08-30 05:24:23,612 [19] DEBUG LTCPro.ServiceLayer.Log4net - ---Executing GetOrderGridData() in OrdersService----
2024-08-30 05:24:23,617 [28] DEBUG LTCPro.ServiceLayer.Log4net - ---Executing GetOrdersData() in OrdersController----
2024-08-30 05:24:23,618 [28] DEBUG LTCPro.ServiceLayer.Log4net - ---Executing GetOrdersData() in OrdersService----
2024-08-30 05:24:23,933 [19] DEBUG LTCPro.ServiceLayer.Log4net - ---Executed Successfully GetOrderGridData() in OrdersController----
2024-08-30 05:24:24,084 [26] DEBUG LTCPro.ServiceLayer.Log4net - ---Executed Successfully GetAllBarcodes() in StockEkitController----
2024-08-30 05:24:25,510 [28] DEBUG LTCPro.ServiceLayer.Log4net - ---Executed Successfully GetOrdersData() in OrdersController----
2024-08-30 05:24:37,185 [27] DEBUG LTCPro.ServiceLayer.Log4net - ---Executing GetUserToken() in UserService----
2024-08-30 05:24:37,188 [26] DEBUG LTCPro.ServiceLayer.Log4net - ---Executing GetUserToken() in UserService----
2024-08-30 05:24:37,206 [19] DEBUG LTCPro.ServiceLayer.Log4net - ---Executing GetUserToken() in UserService----
2024-08-30 05:24:37,226 [28] DEBUG LTCPro.ServiceLayer.Log4net - ---Executing GetUserToken() in UserService----
2024-08-30 05:24:37,414 [27] DEBUG LTCPro.ServiceLayer.Log4net - ---Executing GetPhysicianDropData() in OrdersController----
2024-08-30 05:24:37,414 [27] DEBUG LTCPro.ServiceLayer.Log4net - ---Executing GetPhysicianDropData() in OrdersService----
2024-08-30 05:24:37,414 [26] DEBUG LTCPro.ServiceLayer.Log4net - ---Executing GetFavouritesMasterData() in OrdersController----
2024-08-30 05:24:37,415 [26] DEBUG LTCPro.ServiceLayer.Log4net - ---Executing GetFavouritesMasterData() in OrdersService----
2024-08-30 05:24:37,419 [19] DEBUG LTCPro.ServiceLayer.Log4net - ---Executing GetOrderStockDetails() in OrdersController----
2024-08-30 05:24:37,420 [19] DEBUG LTCPro.ServiceLayer.Log4net - ---Executing GetOrderStockDetails() in OrdersService----
2024-08-30 05:24:37,436 [28] DEBUG LTCPro.ServiceLayer.Log4net - ---Executing GetNurseNotes() in OrdersController----
2024-08-30 05:24:37,436 [28] DEBUG LTCPro.ServiceLayer.Log4net - ---Executing GetNurseNotes() in OrdersService----
2024-08-30 05:24:37,640 [26] DEBUG LTCPro.ServiceLayer.Log4net - ---Executed Successfully GetFavouritesMasterData() in OrdersController----
2024-08-30 05:24:37,702 [19] DEBUG LTCPro.ServiceLayer.Log4net - ---Executed Successfully GetOrderStockDetails() in OrdersController----
2024-08-30 05:24:38,067 [27] DEBUG LTCPro.ServiceLayer.Log4net - ---Executed Successfully GetPhysicianDropData() in OrdersController----
2024-08-30 05:24:38,566 [28] DEBUG LTCPro.ServiceLayer.Log4net - ---Executed Successfully GetNurseNotes() in OrdersController----
2024-08-30 05:25:14,283 [28] DEBUG LTCPro.ServiceLayer.Log4net - ---Executing GetUserToken() in UserService----
2024-08-30 05:25:14,493 [28] DEBUG LTCPro.ServiceLayer.Log4net - ---Executing CheckBarcodeAlert() in OrdersController----
2024-08-30 05:25:14,494 [28] DEBUG LTCPro.ServiceLayer.Log4net - ---Executing CheckBarcodeAlert() in OrdersService----
2024-08-30 05:25:14,948 [28] DEBUG LTCPro.ServiceLayer.Log4net - ---Executed Successfully CheckBarcodeAlert() in OrdersController----
2024-08-30 05:32:27,340 [87] DEBUG LTCPro.ServiceLayer.Log4net - ---Executing GetUserToken() in UserService----
2024-08-30 05:32:27,354 [30] DEBUG LTCPro.ServiceLayer.Log4net - ---Executing GetUserToken() in UserService----
2024-08-30 05:32:27,395 [28] DEBUG LTCPro.ServiceLayer.Log4net - ---Executing GetUserToken() in UserService----
2024-08-30 05:32:27,428 [25] DEBUG LTCPro.ServiceLayer.Log4net - ---Executing GetUserToken() in UserService----
2024-08-30 05:32:27,440 [34] DEBUG LTCPro.ServiceLayer.Log4net - ---Executing GetUserToken() in UserService----
2024-08-30 05:32:27,717 [33] DEBUG LTCPro.ServiceLayer.Log4net - ---Executing GetUserToken() in UserService----
2024-08-30 05:32:47,034 [25] DEBUG LTCPro.ServiceLayer.Log4net - ---Executing AutoLogoutUser() in UserService----
2024-08-30 05:32:47,035 [87] DEBUG LTCPro.ServiceLayer.Log4net - ---Executing AutoLogoutUser() in UserService----
2024-08-30 05:32:47,141 [28] DEBUG LTCPro.ServiceLayer.Log4net - ---Executing AutoLogoutUser() in UserService----
2024-08-30 05:32:47,184 [30] DEBUG LTCPro.ServiceLayer.Log4net - ---Executing AutoLogoutUser() in UserService----
2024-08-30 05:32:59,407 [30] DEBUG LTCPro.ServiceLayer.Log4net - ---Executing GetUserToken() in UserService----
2024-08-30 05:32:59,410 [35] DEBUG LTCPro.ServiceLayer.Log4net - ---Executing GetUserToken() in UserService----
2024-08-30 05:32:59,420 [33] DEBUG LTCPro.ServiceLayer.Log4net - ---Executing GetUserToken() in UserService----
2024-08-30 05:32:59,434 [28] DEBUG LTCPro.ServiceLayer.Log4net - ---Executing GetUserToken() in UserService----
2024-08-30 05:32:59,461 [34] DEBUG LTCPro.ServiceLayer.Log4net - ---Executing GetUserToken() in UserService----
2024-08-30 05:32:59,643 [35] DEBUG LTCPro.ServiceLayer.Log4net - ---Executing AutoLogoutUser() in UserService----
2024-08-30 05:32:59,643 [33] DEBUG LTCPro.ServiceLayer.Log4net - ---Executing AutoLogoutUser() in UserService----
2024-08-30 05:32:59,643 [30] DEBUG LTCPro.ServiceLayer.Log4net - ---Executing AutoLogoutUser() in UserService----
2024-08-30 05:32:59,651 [28] DEBUG LTCPro.ServiceLayer.Log4net - ---Executing AutoLogoutUser() in UserService----
2024-08-30 05:33:00,149 [25] DEBUG LTCPro.ServiceLayer.Log4net - ---Executing GetUserToken() in UserService----
2024-08-30 05:33:00,855 [34] DEBUG LTCPro.ServiceLayer.Log4net - ---Executing AutoLogoutUser() in UserService----
2024-08-30 05:33:01,282 [33] DEBUG LTCPro.ServiceLayer.Log4net - ---Executing GetUserToken() in UserService----
2024-08-30 05:33:01,626 [33] DEBUG LTCPro.ServiceLayer.Log4net - ---Executing AutoLogoutUser() in UserService----
2024-08-30 05:33:01,635 [28] DEBUG LTCPro.ServiceLayer.Log4net - ---Executing GetUserToken() in UserService----
2024-08-30 05:33:01,835 [25] DEBUG LTCPro.ServiceLayer.Log4net - ---Executing AutoLogoutUser() in UserService----
2024-08-30 05:33:01,936 [28] DEBUG LTCPro.ServiceLayer.Log4net - ---Executing AutoLogoutUser() in UserService----
2024-08-30 05:33:02,141 [30] DEBUG LTCPro.ServiceLayer.Log4net - ---Executing GetUserToken() in UserService----
2024-08-30 05:33:02,365 [30] DEBUG LTCPro.ServiceLayer.Log4net - ---Executing AutoLogoutUser() in UserService----
2024-08-30 05:33:03,057 [35] DEBUG LTCPro.ServiceLayer.Log4net - ---Executing GetUserToken() in UserService----
2024-08-30 05:33:03,277 [35] DEBUG LTCPro.ServiceLayer.Log4net - ---Executing AutoLogoutUser() in UserService----
2024-08-30 05:33:03,958 [25] DEBUG LTCPro.ServiceLayer.Log4net - ---Executing UsersConfigNurseStationDrop() in FacilityController----
2024-08-30 05:33:03,992 [25] DEBUG LTCPro.ServiceLayer.Log4net - ---Executing UsersConfigNurseStationDrop() in FacilityService----
2024-08-30 05:33:04,811 [25] DEBUG LTCPro.ServiceLayer.Log4net - ---Executed Successfully UsersConfigNurseStationDrop() in FacilityController----
2024-08-30 05:33:04,967 [30] DEBUG LTCPro.ServiceLayer.Log4net - ---Executing GetProcessKeyMasterList() in FacilityController----
2024-08-30 05:33:04,967 [30] DEBUG LTCPro.ServiceLayer.Log4net - ---Executing GetProcessKeyMasterList() in FacilityService----
2024-08-30 05:33:05,178 [30] DEBUG LTCPro.ServiceLayer.Log4net - ---Executed Successfully GetProcessKeyMasterList() in FacilityController----
2024-08-30 05:33:07,017 [30] DEBUG LTCPro.ServiceLayer.Log4net - ---Executing GetProcessKeyMasterList() in FacilityController----
2024-08-30 05:33:07,018 [30] DEBUG LTCPro.ServiceLayer.Log4net - ---Executing GetProcessKeyMasterList() in FacilityService----
2024-08-30 05:33:07,226 [30] DEBUG LTCPro.ServiceLayer.Log4net - ---Executed Successfully GetProcessKeyMasterList() in FacilityController----
2024-08-30 05:33:08,828 [28] DEBUG LTCPro.ServiceLayer.Log4net - ---Executing CheckUser() in UserService----
2024-08-30 05:33:10,837 [28] DEBUG LTCPro.ServiceLayer.Log4net - ---Executing FindUser() in UserService----
2024-08-30 05:33:11,107 [28] DEBUG LTCPro.ServiceLayer.Log4net - ---Executing InsertUserSession() in UserService----
2024-08-30 05:33:11,767 [28] DEBUG LTCPro.ServiceLayer.Log4net - ---Executing InsertUserToken() in UserService----
2024-08-30 05:33:12,727 [33] DEBUG LTCPro.ServiceLayer.Log4net - ---Executing InsertUpdateUserRecentFacNs() in UserController----
2024-08-30 05:33:12,727 [33] DEBUG LTCPro.ServiceLayer.Log4net - ---Executing GetUserRecentFacNs() in UserService----
2024-08-30 05:33:12,878 [25] DEBUG LTCPro.ServiceLayer.Log4net - ---Executing GetScreenPermissionsForLoggedInUser() in RoleController----
2024-08-30 05:33:12,878 [25] DEBUG LTCPro.ServiceLayer.Log4net - ---Executing GetScreenPermissionsForLoggedInUser() in RoleService----
2024-08-30 05:33:13,112 [25] DEBUG LTCPro.ServiceLayer.Log4net - ---Executed Successfully GetScreenPermissionsForLoggedInUser() in RoleController----
2024-08-30 05:33:13,152 [33] DEBUG LTCPro.ServiceLayer.Log4net - ---Executing InsertUpdateUserRecentFacNs() in CommonService----
2024-08-30 05:33:13,249 [34] DEBUG LTCPro.ServiceLayer.Log4net - ---Executing GetUserToken() in UserService----
2024-08-30 05:33:13,277 [35] DEBUG LTCPro.ServiceLayer.Log4net - ---Executing GetUserToken() in UserService----
2024-08-30 05:33:13,281 [87] DEBUG LTCPro.ServiceLayer.Log4net - ---Executing GetUserToken() in UserService----
2024-08-30 05:33:13,331 [30] DEBUG LTCPro.ServiceLayer.Log4net - ---Executing GetUserToken() in UserService----
2024-08-30 05:33:13,335 [25] DEBUG LTCPro.ServiceLayer.Log4net - ---Executing GetUserToken() in UserService----
2024-08-30 05:33:13,459 [34] DEBUG LTCPro.ServiceLayer.Log4net - ---Executing GetOutboundErrorDetails() in CommonController----
2024-08-30 05:33:13,459 [34] DEBUG LTCPro.ServiceLayer.Log4net - ---Executing GetOutboundErrorDetails() in CommonService----
2024-08-30 05:33:13,490 [35] DEBUG LTCPro.ServiceLayer.Log4net - ---Executing GetUserPassedDueFlag() in UserController----
2024-08-30 05:33:13,490 [35] DEBUG LTCPro.ServiceLayer.Log4net - ---Executing GetUserPassedDueFlag() in UserService----
2024-08-30 05:33:13,519 [87] DEBUG LTCPro.ServiceLayer.Log4net - ---Executing GetReadMailsCount() in MailboxController----
2024-08-30 05:33:13,519 [87] DEBUG LTCPro.ServiceLayer.Log4net - ---Executing GetReadMailsCount() in MailboxService----
2024-08-30 05:33:13,541 [30] DEBUG LTCPro.ServiceLayer.Log4net - ---Executing GetDueMARAlertData() in EmarController----
2024-08-30 05:33:13,542 [30] DEBUG LTCPro.ServiceLayer.Log4net - ---Executing GetDueMARAlertData() in EmarService----
2024-08-30 05:33:13,542 [25] DEBUG LTCPro.ServiceLayer.Log4net - ---Executing GetAlertsDetails() in MailboxController----
2024-08-30 05:33:13,542 [25] DEBUG LTCPro.ServiceLayer.Log4net - ---Executing GetAlertsDetails() in MailboxService----
2024-08-30 05:33:13,651 [33] DEBUG LTCPro.ServiceLayer.Log4net - ---Executed Successfully InsertUpdateUserRecentFacNs() in UserController----
2024-08-30 05:33:13,698 [33] DEBUG LTCPro.ServiceLayer.Log4net - ---Executing GetUserToken() in UserService----
2024-08-30 05:33:13,744 [35] DEBUG LTCPro.ServiceLayer.Log4net - ---Executed Successfully GetUserPassedDueFlag() in UserController----
2024-08-30 05:33:13,746 [87] DEBUG LTCPro.ServiceLayer.Log4net - ---Executed successfully GetReadMailsCount() in MailboxController----
2024-08-30 05:33:13,765 [87] DEBUG LTCPro.ServiceLayer.Log4net - ---Executing GetUserToken() in UserService----
2024-08-30 05:33:13,770 [35] DEBUG LTCPro.ServiceLayer.Log4net - ---Executing GetUserToken() in UserService----
2024-08-30 05:33:13,936 [33] DEBUG LTCPro.ServiceLayer.Log4net - ---Executing GetPendingDosesList() in CommonController----
2024-08-30 05:33:13,936 [33] DEBUG LTCPro.ServiceLayer.Log4net - ---Executing GetPendingDosesList() in CommonService----
2024-08-30 05:33:13,986 [87] DEBUG LTCPro.ServiceLayer.Log4net - ---Executing InsertUserActivityDetails() in CompanyController----
2024-08-30 05:33:13,986 [87] DEBUG LTCPro.ServiceLayer.Log4net - ---Executing InsertUserActivityDetails() in UserActivityService----
2024-08-30 05:33:13,992 [35] DEBUG LTCPro.ServiceLayer.Log4net - ---Executing GetUserRecentFacNs() in UserController----
2024-08-30 05:33:13,992 [35] DEBUG LTCPro.ServiceLayer.Log4net - ---Executing GetUserRecentFacNs() in UserService----
2024-08-30 05:33:14,044 [25] DEBUG LTCPro.ServiceLayer.Log4net - ---Executed successfully GetAlertsDetails() in MailboxController----
2024-08-30 05:33:14,164 [28] DEBUG LTCPro.ServiceLayer.Log4net - ---Executing GetUserToken() in UserService----
2024-08-30 05:33:14,386 [28] DEBUG LTCPro.ServiceLayer.Log4net - ---Executing GetUserActiveCompanyMasterList() in CompanyController----
2024-08-30 05:33:14,386 [28] DEBUG LTCPro.ServiceLayer.Log4net - ---Executing GetActiveCompanyMasterList() in CompanyService----
2024-08-30 05:33:14,528 [35] DEBUG LTCPro.ServiceLayer.Log4net - ---Executed Successfully GetUserRecentFacNs() in UserController----
2024-08-30 05:33:14,575 [54] DEBUG LTCPro.ServiceLayer.Log4net - ---Executing GetUserToken() in UserService----
2024-08-30 05:33:14,633 [87] DEBUG LTCPro.ServiceLayer.Log4net - ---Executed Successfully InsertUserActivityDetails() in CompanyController----
2024-08-30 05:33:14,803 [54] DEBUG LTCPro.ServiceLayer.Log4net - ---Executing GetUserAccessFacilityNurseStaions() in FacilityController----
2024-08-30 05:33:14,803 [54] DEBUG LTCPro.ServiceLayer.Log4net - ---Executing GetUserAccessFacilityNurseStaions() in FacilityService----
2024-08-30 05:33:15,115 [30] DEBUG LTCPro.ServiceLayer.Log4net - ---Executed Successfully GetDueMARAlertData() in EmarController----
2024-08-30 05:33:15,242 [54] DEBUG LTCPro.ServiceLayer.Log4net - ---Executed Successfully GetUserAccessFacilityNurseStaions() in FacilityController----
2024-08-30 05:33:16,139 [28] DEBUG LTCPro.ServiceLayer.Log4net - ---Executed Successfully GetUserActiveCompanyMasterList() in CompanyController----
2024-08-30 05:33:16,764 [33] DEBUG LTCPro.ServiceLayer.Log4net - ---Executed Successfully GetPendingDosesList() in CommonController----
2024-08-30 05:33:19,417 [35] DEBUG LTCPro.ServiceLayer.Log4net - ---Executing GetUserToken() in UserService----
2024-08-30 05:33:19,438 [30] DEBUG LTCPro.ServiceLayer.Log4net - ---Executing GetUserToken() in UserService----
2024-08-30 05:33:19,627 [35] DEBUG LTCPro.ServiceLayer.Log4net - ---Executing GetUserRecentFacNs() in UserController----
2024-08-30 05:33:19,627 [35] DEBUG LTCPro.ServiceLayer.Log4net - ---Executing GetUserRecentFacNs() in UserService----
2024-08-30 05:33:19,647 [30] DEBUG LTCPro.ServiceLayer.Log4net - ---Executing InsertUserActivityDetails() in CompanyController----
2024-08-30 05:33:19,647 [30] DEBUG LTCPro.ServiceLayer.Log4net - ---Executing InsertUserActivityDetails() in UserActivityService----
2024-08-30 05:33:19,751 [28] DEBUG LTCPro.ServiceLayer.Log4net - ---Executing GetUserToken() in UserService----
2024-08-30 05:33:19,961 [28] DEBUG LTCPro.ServiceLayer.Log4net - ---Executing OrderEndingSoonStatus() in OrdersController----
2024-08-30 05:33:19,961 [28] DEBUG LTCPro.ServiceLayer.Log4net - ---Executing OrderEndingSoonStatus() in OrdersService----
2024-08-30 05:33:20,053 [35] DEBUG LTCPro.ServiceLayer.Log4net - ---Executed Successfully GetUserRecentFacNs() in UserController----
2024-08-30 05:33:20,100 [54] DEBUG LTCPro.ServiceLayer.Log4net - ---Executing GetUserToken() in UserService----
2024-08-30 05:33:20,311 [30] DEBUG LTCPro.ServiceLayer.Log4net - ---Executed Successfully InsertUserActivityDetails() in CompanyController----
2024-08-30 05:33:20,322 [54] DEBUG LTCPro.ServiceLayer.Log4net - ---Executing GetUserAccessFacilityNurseStaions() in FacilityController----
2024-08-30 05:33:20,322 [54] DEBUG LTCPro.ServiceLayer.Log4net - ---Executing GetUserAccessFacilityNurseStaions() in FacilityService----
2024-08-30 05:33:20,372 [28] DEBUG LTCPro.ServiceLayer.Log4net - ---Executed Successfully OrderEndingSoonStatus() in OrdersController----
2024-08-30 05:33:20,766 [54] DEBUG LTCPro.ServiceLayer.Log4net - ---Executed Successfully GetUserAccessFacilityNurseStaions() in FacilityController----
2024-08-30 05:33:20,823 [28] DEBUG LTCPro.ServiceLayer.Log4net - ---Executing GetUserToken() in UserService----
2024-08-30 05:33:21,033 [28] DEBUG LTCPro.ServiceLayer.Log4net - ---Executing UserNurseStationDrop() in FacilityController----
2024-08-30 05:33:21,033 [28] DEBUG LTCPro.ServiceLayer.Log4net - ---Executing UserNurseStationDrop() in FacilityService----
2024-08-30 05:33:21,246 [28] DEBUG LTCPro.ServiceLayer.Log4net - ---Executed Successfully UserNurseStationDrop() in FacilityController----
2024-08-30 05:33:21,309 [28] DEBUG LTCPro.ServiceLayer.Log4net - ---Executing GetUserToken() in UserService----
2024-08-30 05:33:21,359 [25] DEBUG LTCPro.ServiceLayer.Log4net - ---Executing GetUserToken() in UserService----
2024-08-30 05:33:21,543 [28] DEBUG LTCPro.ServiceLayer.Log4net - ---Executing GetCompanyToBedFlagByFacId() in FacilityController----
2024-08-30 05:33:21,543 [28] DEBUG LTCPro.ServiceLayer.Log4net - ---Executing GetCompanyToBedFlagByFacId() in FacilityService----
2024-08-30 05:33:21,583 [25] DEBUG LTCPro.ServiceLayer.Log4net - ---Executing GetSeventyTwoHourDetailsByfilter() in EMARController----
2024-08-30 05:33:21,583 [25] DEBUG LTCPro.ServiceLayer.Log4net - ---Executing GetSeventyTwoHourDetailsByfilter() in EmarService----
2024-08-30 05:33:21,792 [30] DEBUG LTCPro.ServiceLayer.Log4net - ---Executing GetUserToken() in UserService----
2024-08-30 05:33:21,820 [35] DEBUG LTCPro.ServiceLayer.Log4net - ---Executing GetUserToken() in UserService----
2024-08-30 05:33:21,860 [33] DEBUG LTCPro.ServiceLayer.Log4net - ---Executing GetUserToken() in UserService----
2024-08-30 05:33:22,005 [30] DEBUG LTCPro.ServiceLayer.Log4net - ---Executing OrderEndingSoonStatus() in OrdersController----
2024-08-30 05:33:22,005 [30] DEBUG LTCPro.ServiceLayer.Log4net - ---Executing OrderEndingSoonStatus() in OrdersService----
2024-08-30 05:33:22,059 [35] DEBUG LTCPro.ServiceLayer.Log4net - ---Executing GetOrdersEndingSoon() in OrdersController----
2024-08-30 05:33:22,059 [35] DEBUG LTCPro.ServiceLayer.Log4net - ---Executing GetOrdersEndingSoon() in OrdersService----
2024-08-30 05:33:22,071 [33] DEBUG LTCPro.ServiceLayer.Log4net - ---Executing GetOrdersGridData() in OrdersController----
2024-08-30 05:33:22,071 [33] DEBUG LTCPro.ServiceLayer.Log4net - ---Executing GetOrdersGridData() in OrdersService----
2024-08-30 05:33:22,417 [30] DEBUG LTCPro.ServiceLayer.Log4net - ---Executed Successfully OrderEndingSoonStatus() in OrdersController----
2024-08-30 05:33:22,463 [30] DEBUG LTCPro.ServiceLayer.Log4net - ---Executing GetUserToken() in UserService----
2024-08-30 05:33:22,636 [35] DEBUG LTCPro.ServiceLayer.Log4net - ---Executed Successfully GetOrdersEndingSoon() in OrdersController----
2024-08-30 05:33:22,672 [30] DEBUG LTCPro.ServiceLayer.Log4net - ---Executing GetPRNDetailsByfilter() in EMARController----
2024-08-30 05:33:22,672 [30] DEBUG LTCPro.ServiceLayer.Log4net - ---Executing GetPRNDetailsByfilter() in EmarService----
2024-08-30 05:33:22,687 [34] DEBUG LTCPro.ServiceLayer.Log4net - ---Executed Successfully GetOutboundErrorDetails() in CommonController----
2024-08-30 05:33:22,897 [28] DEBUG LTCPro.ServiceLayer.Log4net - ---Executed Successfully GetCompanyToBedFlagByFacId() in FacilityController----
2024-08-30 05:33:24,238 [33] DEBUG LTCPro.ServiceLayer.Log4net - ---Executed Successfully GetOrdersGridData() in OrdersController----
2024-08-30 05:33:24,539 [33] DEBUG LTCPro.ServiceLayer.Log4net - ---Executing GetUserToken() in UserService----
2024-08-30 05:33:24,756 [33] DEBUG LTCPro.ServiceLayer.Log4net - ---Executing GetNurseStationHierarchyDetailsbyNsId() in CompanyController----
2024-08-30 05:33:24,756 [33] DEBUG LTCPro.ServiceLayer.Log4net - ---Executing GetNurseStationHierarchyDetailsbyNsId() in CompanyService----
2024-08-30 05:33:24,968 [33] DEBUG LTCPro.ServiceLayer.Log4net - ---Executed Successfully GetNurseStationHierarchyDetailsbyNsId() in CompanyController----
2024-08-30 05:33:25,175 [34] DEBUG LTCPro.ServiceLayer.Log4net - ---Executing GetUserToken() in UserService----
2024-08-30 05:33:25,385 [34] DEBUG LTCPro.ServiceLayer.Log4net - ---Executing GetPendingOrdersGridData() in OrdersController----
2024-08-30 05:33:25,385 [34] DEBUG LTCPro.ServiceLayer.Log4net - ---Executing GetPendingOrdersGridData() in OrdersService----
2024-08-30 05:33:27,127 [28] DEBUG LTCPro.ServiceLayer.Log4net - ---Executing GetUserToken() in UserService----
2024-08-30 05:33:27,206 [34] DEBUG LTCPro.ServiceLayer.Log4net - ---Executed Successfully GetPendingOrdersGridData() in OrdersController----
2024-08-30 05:33:27,340 [28] DEBUG LTCPro.ServiceLayer.Log4net - ---Executing GetOrdersGridDataByPatientId() in OrdersController----
2024-08-30 05:33:27,340 [28] DEBUG LTCPro.ServiceLayer.Log4net - ---Executing GetOrdersGridDataByPatientId() in OrdersService----
2024-08-30 05:33:29,532 [28] DEBUG LTCPro.ServiceLayer.Log4net - ---Executed Successfully GetOrdersGridDataByPatientId() in OrdersController----
2024-08-30 05:33:32,644 [33] DEBUG LTCPro.ServiceLayer.Log4net - ---Executing GetUserToken() in UserService----
2024-08-30 05:33:32,854 [33] DEBUG LTCPro.ServiceLayer.Log4net - ---Executing GetFacilityNSResidentsDataByPId() in ResidentDemographicController----
2024-08-30 05:33:32,854 [33] DEBUG LTCPro.ServiceLayer.Log4net - ---Executing GetFacilityNSResidentsDataByPId() in ResidentDemographicService----
2024-08-30 05:33:32,889 [55] DEBUG LTCPro.ServiceLayer.Log4net - ---Executing GetUserToken() in UserService----
2024-08-30 05:33:33,098 [55] DEBUG LTCPro.ServiceLayer.Log4net - ---Executing GetNurseNotes() in OrdersController----
2024-08-30 05:33:33,099 [55] DEBUG LTCPro.ServiceLayer.Log4net - ---Executing GetNurseNotes() in OrdersService----
2024-08-30 05:33:33,945 [25] DEBUG LTCPro.ServiceLayer.Log4net - ---Executed Successfully GetSeventyTwoHourDetailsByfilter() in EMARController----
2024-08-30 05:33:34,247 [55] DEBUG LTCPro.ServiceLayer.Log4net - ---Executed Successfully GetNurseNotes() in OrdersController----
2024-08-30 05:33:34,398 [33] DEBUG LTCPro.ServiceLayer.Log4net - ---Executed Successfully GetFacilityNSResidentsDataByPId() in ResidentDemographicController----
2024-08-30 05:33:34,559 [34] DEBUG LTCPro.ServiceLayer.Log4net - ---Executing GetUserToken() in UserService----
2024-08-30 05:33:34,671 [55] DEBUG LTCPro.ServiceLayer.Log4net - ---Executing GetUserToken() in UserService----
2024-08-30 05:33:34,724 [33] DEBUG LTCPro.ServiceLayer.Log4net - ---Executing GetUserToken() in UserService----
2024-08-30 05:33:34,795 [34] DEBUG LTCPro.ServiceLayer.Log4net - ---Executing GetDrFirstFlagForCompanyByNSId() in CompanyController----
2024-08-30 05:33:34,795 [34] DEBUG LTCPro.ServiceLayer.Log4net - ---Executing GetDrFirstFlagForCompanyByNSId() in CompanyService----
2024-08-30 05:33:34,887 [55] DEBUG LTCPro.ServiceLayer.Log4net - ---Executing GetResidentInformation() in ResidentDemographicController----
2024-08-30 05:33:34,887 [55] DEBUG LTCPro.ServiceLayer.Log4net - ---Executing GetResidentInformation() in ResidentDemographicService----
2024-08-30 05:33:34,940 [33] DEBUG LTCPro.ServiceLayer.Log4net - ---Executing GetAllBarcodes() in StockEkitController----
2024-08-30 05:33:34,940 [33] DEBUG LTCPro.ServiceLayer.Log4net - ---Executing GetAllBarcodes() in StockEkitService----
2024-08-30 05:33:34,951 [28] DEBUG LTCPro.ServiceLayer.Log4net - ---Executing GetUserToken() in UserService----
2024-08-30 05:33:34,974 [54] DEBUG LTCPro.ServiceLayer.Log4net - ---Executing GetUserToken() in UserService----
2024-08-30 05:33:35,020 [34] DEBUG LTCPro.ServiceLayer.Log4net - ---Executed Successfully GetDrFirstFlagForCompanyByNSId() in CompanyController----
2024-08-30 05:33:35,057 [25] DEBUG LTCPro.ServiceLayer.Log4net - ---Executing GetUserToken() in UserService----
2024-08-30 05:33:35,180 [28] DEBUG LTCPro.ServiceLayer.Log4net - ---Executing GetOrderRoutes() in OrdersController----
2024-08-30 05:33:35,180 [28] DEBUG LTCPro.ServiceLayer.Log4net - ---Executing GetOrderRoutes() in OrdersService----
2024-08-30 05:33:35,183 [54] DEBUG LTCPro.ServiceLayer.Log4net - ---Executing GetPhysicianDropData() in OrdersController----
2024-08-30 05:33:35,183 [54] DEBUG LTCPro.ServiceLayer.Log4net - ---Executing GetPhysicianDropData() in OrdersService----
2024-08-30 05:33:35,261 [30] DEBUG LTCPro.ServiceLayer.Log4net - ---Executed Successfully GetPRNDetailsByfilter() in EMARController----
2024-08-30 05:33:35,277 [25] DEBUG LTCPro.ServiceLayer.Log4net - ---Executing GetTimeZoneDate() in CommonController----
2024-08-30 05:33:35,278 [25] DEBUG LTCPro.ServiceLayer.Log4net - ---Executing GetTimeZoneDate() in CommonService----
2024-08-30 05:33:35,408 [28] DEBUG LTCPro.ServiceLayer.Log4net - ---Executed Successfully GetOrderRoutes() in OrdersController----
2024-08-30 05:33:35,486 [25] DEBUG LTCPro.ServiceLayer.Log4net - ---Executed Successfully GetTimeZoneDate() in CommonController----
2024-08-30 05:33:35,645 [54] DEBUG LTCPro.ServiceLayer.Log4net - ---Executed Successfully GetPhysicianDropData() in OrdersController----
2024-08-30 05:33:35,726 [33] DEBUG LTCPro.ServiceLayer.Log4net - ---Executed Successfully GetAllBarcodes() in StockEkitController----
2024-08-30 05:33:38,357 [55] DEBUG LTCPro.ServiceLayer.Log4net - ---Executed Successfully GetResidentInformation() in ResidentDemographicController----
2024-08-30 05:33:38,501 [33] DEBUG LTCPro.ServiceLayer.Log4net - ---Executing GetUserToken() in UserService----
2024-08-30 05:33:38,547 [30] DEBUG LTCPro.ServiceLayer.Log4net - ---Executing GetUserToken() in UserService----
2024-08-30 05:33:38,561 [28] DEBUG LTCPro.ServiceLayer.Log4net - ---Executing GetUserToken() in UserService----
2024-08-30 05:33:40,403 [33] DEBUG LTCPro.ServiceLayer.Log4net - ---Executing GetDrFirstOrderCheck() in DrFirstIntegrationController----
2024-08-30 05:33:40,404 [33] DEBUG LTCPro.ServiceLayer.Log4net - ---Executing GetDrFirstOrderCheck() in DrFirstIntegrationService----
2024-08-30 05:33:40,433 [28] DEBUG LTCPro.ServiceLayer.Log4net - ---Executing GetWeightList(Patient_Id) in AssessmentController----
2024-08-30 05:33:40,433 [28] DEBUG LTCPro.ServiceLayer.Log4net - ---Executing GetWeightList() in AssessmentService----
2024-08-30 05:33:40,433 [30] DEBUG LTCPro.ServiceLayer.Log4net - ---Executing GetPatientType() in ResidentDemographicController----
2024-08-30 05:33:40,433 [30] DEBUG LTCPro.ServiceLayer.Log4net - ---Executing GetPatientType() in EmarService----
2024-08-30 05:33:40,519 [34] DEBUG LTCPro.ServiceLayer.Log4net - ---Executing GetUserToken() in UserService----
2024-08-30 05:33:40,524 [25] DEBUG LTCPro.ServiceLayer.Log4net - ---Executing GetUserToken() in UserService----
2024-08-30 05:33:40,644 [33] DEBUG LTCPro.ServiceLayer.Log4net - ---Executed Successfully GetDrFirstOrderCheck() in DrFirstIntegrationController----
2024-08-30 05:33:40,658 [30] DEBUG LTCPro.ServiceLayer.Log4net - ---Executed Successfully GetPatientType() in ResidentDemographicController----
2024-08-30 05:33:40,745 [34] DEBUG LTCPro.ServiceLayer.Log4net - ---Executing GetDiagnosisDetails() in OrdersController----
2024-08-30 05:33:40,746 [34] DEBUG LTCPro.ServiceLayer.Log4net - ---Executing GetDiagnosisDetails() in OrdersService----
2024-08-30 05:33:40,747 [25] DEBUG LTCPro.ServiceLayer.Log4net - ---Executing GetOrderGridData() in OrdersController----
2024-08-30 05:33:40,747 [25] DEBUG LTCPro.ServiceLayer.Log4net - ---Executing GetOrderGridData() in OrdersService----
2024-08-30 05:33:41,032 [25] DEBUG LTCPro.ServiceLayer.Log4net - ---Executed Successfully GetOrderGridData() in OrdersController----
2024-08-30 05:33:41,246 [25] DEBUG LTCPro.ServiceLayer.Log4net - ---Executing GetUserToken() in UserService----
2024-08-30 05:33:41,299 [28] DEBUG LTCPro.ServiceLayer.Log4net - ---Executed Successfully GetWeightList(Patient_Id) in AssessmentController----
2024-08-30 05:33:41,379 [34] DEBUG LTCPro.ServiceLayer.Log4net - ---Executed Successfully GetDiagnosisDetails() in OrdersController----
2024-08-30 05:33:41,455 [25] DEBUG LTCPro.ServiceLayer.Log4net - ---Executing GetAllBarcodes() in StockEkitController----
2024-08-30 05:33:41,455 [25] DEBUG LTCPro.ServiceLayer.Log4net - ---Executing GetAllBarcodes() in StockEkitService----
2024-08-30 05:33:41,474 [30] DEBUG LTCPro.ServiceLayer.Log4net - ---Executing GetUserToken() in UserService----
2024-08-30 05:33:41,476 [87] DEBUG LTCPro.ServiceLayer.Log4net - ---Executing GetUserToken() in UserService----
2024-08-30 05:33:41,688 [30] DEBUG LTCPro.ServiceLayer.Log4net - ---Executing GetOrderGridData() in OrdersController----
2024-08-30 05:33:41,688 [30] DEBUG LTCPro.ServiceLayer.Log4net - ---Executing GetOrderGridData() in OrdersService----
2024-08-30 05:33:41,689 [87] DEBUG LTCPro.ServiceLayer.Log4net - ---Executing GetOrdersData() in OrdersController----
2024-08-30 05:33:41,689 [87] DEBUG LTCPro.ServiceLayer.Log4net - ---Executing GetOrdersData() in OrdersService----
2024-08-30 05:33:41,988 [30] DEBUG LTCPro.ServiceLayer.Log4net - ---Executed Successfully GetOrderGridData() in OrdersController----
2024-08-30 05:33:42,194 [25] DEBUG LTCPro.ServiceLayer.Log4net - ---Executed Successfully GetAllBarcodes() in StockEkitController----
2024-08-30 05:33:43,011 [87] DEBUG LTCPro.ServiceLayer.Log4net - ---Executed Successfully GetOrdersData() in OrdersController----
2024-08-30 05:33:47,628 [34] DEBUG LTCPro.ServiceLayer.Log4net - ---Executing GetUserToken() in UserService----
2024-08-30 05:33:47,628 [28] DEBUG LTCPro.ServiceLayer.Log4net - ---Executing GetUserToken() in UserService----
2024-08-30 05:33:47,629 [25] DEBUG LTCPro.ServiceLayer.Log4net - ---Executing GetUserToken() in UserService----
2024-08-30 05:33:47,633 [87] DEBUG LTCPro.ServiceLayer.Log4net - ---Executing GetUserToken() in UserService----
2024-08-30 05:33:47,838 [34] DEBUG LTCPro.ServiceLayer.Log4net - ---Executing GetNurseNotes() in OrdersController----
2024-08-30 05:33:47,838 [34] DEBUG LTCPro.ServiceLayer.Log4net - ---Executing GetNurseNotes() in OrdersService----
2024-08-30 05:33:47,839 [25] DEBUG LTCPro.ServiceLayer.Log4net - ---Executing GetFavouritesMasterData() in OrdersController----
2024-08-30 05:33:47,839 [25] DEBUG LTCPro.ServiceLayer.Log4net - ---Executing GetFavouritesMasterData() in OrdersService----
2024-08-30 05:33:47,839 [28] DEBUG LTCPro.ServiceLayer.Log4net - ---Executing GetPhysicianDropData() in OrdersController----
2024-08-30 05:33:47,839 [28] DEBUG LTCPro.ServiceLayer.Log4net - ---Executing GetPhysicianDropData() in OrdersService----
2024-08-30 05:33:47,842 [87] DEBUG LTCPro.ServiceLayer.Log4net - ---Executing GetOrderStockDetails() in OrdersController----
2024-08-30 05:33:47,843 [87] DEBUG LTCPro.ServiceLayer.Log4net - ---Executing GetOrderStockDetails() in OrdersService----
2024-08-30 05:33:48,082 [25] DEBUG LTCPro.ServiceLayer.Log4net - ---Executed Successfully GetFavouritesMasterData() in OrdersController----
2024-08-30 05:33:48,096 [87] DEBUG LTCPro.ServiceLayer.Log4net - ---Executed Successfully GetOrderStockDetails() in OrdersController----
2024-08-30 05:33:48,520 [28] DEBUG LTCPro.ServiceLayer.Log4net - ---Executed Successfully GetPhysicianDropData() in OrdersController----
2024-08-30 05:33:49,001 [34] DEBUG LTCPro.ServiceLayer.Log4net - ---Executed Successfully GetNurseNotes() in OrdersController----
2024-08-30 05:35:30,963 [34] DEBUG LTCPro.ServiceLayer.Log4net - ---Executing GetUserToken() in UserService----
2024-08-30 05:35:30,974 [12] DEBUG LTCPro.ServiceLayer.Log4net - ---Executing GetUserToken() in UserService----
2024-08-30 05:35:30,979 [33] DEBUG LTCPro.ServiceLayer.Log4net - ---Executing GetUserToken() in UserService----
2024-08-30 05:35:30,990 [87] DEBUG LTCPro.ServiceLayer.Log4net - ---Executing GetUserToken() in UserService----
2024-08-30 05:35:30,998 [56] DEBUG LTCPro.ServiceLayer.Log4net - ---Executing GetUserToken() in UserService----
2024-08-30 05:35:31,008 [6] DEBUG LTCPro.ServiceLayer.Log4net - ---Executing GetUserToken() in UserService----
2024-08-30 05:35:31,174 [34] DEBUG LTCPro.ServiceLayer.Log4net - ---Executing GetReadMailsCount() in MailboxController----
2024-08-30 05:35:31,174 [34] DEBUG LTCPro.ServiceLayer.Log4net - ---Executing GetReadMailsCount() in MailboxService----
2024-08-30 05:35:31,184 [12] DEBUG LTCPro.ServiceLayer.Log4net - ---Executing GetAlertsDetails() in MailboxController----
2024-08-30 05:35:31,184 [12] DEBUG LTCPro.ServiceLayer.Log4net - ---Executing GetAlertsDetails() in MailboxService----
2024-08-30 05:35:31,192 [33] DEBUG LTCPro.ServiceLayer.Log4net - ---Executing GetUserPassedDueFlag() in UserController----
2024-08-30 05:35:31,193 [33] DEBUG LTCPro.ServiceLayer.Log4net - ---Executing GetUserPassedDueFlag() in UserService----
2024-08-30 05:35:31,200 [87] DEBUG LTCPro.ServiceLayer.Log4net - ---Executing GetDueMARAlertData() in EmarController----
2024-08-30 05:35:31,200 [87] DEBUG LTCPro.ServiceLayer.Log4net - ---Executing GetDueMARAlertData() in EmarService----
2024-08-30 05:35:31,209 [56] DEBUG LTCPro.ServiceLayer.Log4net - ---Executing GetOutboundErrorDetails() in CommonController----
2024-08-30 05:35:31,209 [56] DEBUG LTCPro.ServiceLayer.Log4net - ---Executing GetOutboundErrorDetails() in CommonService----
2024-08-30 05:35:31,217 [6] DEBUG LTCPro.ServiceLayer.Log4net - ---Executing GetPendingDosesList() in CommonController----
2024-08-30 05:35:31,217 [6] DEBUG LTCPro.ServiceLayer.Log4net - ---Executing GetPendingDosesList() in CommonService----
2024-08-30 05:35:31,384 [34] DEBUG LTCPro.ServiceLayer.Log4net - ---Executed successfully GetReadMailsCount() in MailboxController----
2024-08-30 05:35:31,405 [85] DEBUG LTCPro.ServiceLayer.Log4net - ---Executing GetUserToken() in UserService----
2024-08-30 05:35:31,445 [33] DEBUG LTCPro.ServiceLayer.Log4net - ---Executed Successfully GetUserPassedDueFlag() in UserController----
2024-08-30 05:35:31,492 [33] DEBUG LTCPro.ServiceLayer.Log4net - ---Executing GetUserToken() in UserService----
2024-08-30 05:35:31,661 [85] DEBUG LTCPro.ServiceLayer.Log4net - ---Executing GetUserRecentFacNs() in UserController----
2024-08-30 05:35:31,662 [85] DEBUG LTCPro.ServiceLayer.Log4net - ---Executing GetUserRecentFacNs() in UserService----
2024-08-30 05:35:31,712 [33] DEBUG LTCPro.ServiceLayer.Log4net - ---Executing GetUserRecentFacNs() in UserController----
2024-08-30 05:35:31,712 [33] DEBUG LTCPro.ServiceLayer.Log4net - ---Executing GetUserRecentFacNs() in UserService----
2024-08-30 05:35:31,745 [12] DEBUG LTCPro.ServiceLayer.Log4net - ---Executed successfully GetAlertsDetails() in MailboxController----
2024-08-30 05:35:32,002 [88] DEBUG LTCPro.ServiceLayer.Log4net - ---Executing GetUserToken() in UserService----
2024-08-30 05:35:32,085 [85] DEBUG LTCPro.ServiceLayer.Log4net - ---Executed Successfully GetUserRecentFacNs() in UserController----
2024-08-30 05:35:32,096 [34] DEBUG LTCPro.ServiceLayer.Log4net - ---Executing GetUserToken() in UserService----
2024-08-30 05:35:32,172 [33] DEBUG LTCPro.ServiceLayer.Log4net - ---Executed Successfully GetUserRecentFacNs() in UserController----
2024-08-30 05:35:32,197 [12] DEBUG LTCPro.ServiceLayer.Log4net - ---Executing GetUserToken() in UserService----
2024-08-30 05:35:32,216 [88] DEBUG LTCPro.ServiceLayer.Log4net - ---Executing OrderEndingSoonStatus() in OrdersController----
2024-08-30 05:35:32,216 [88] DEBUG LTCPro.ServiceLayer.Log4net - ---Executing OrderEndingSoonStatus() in OrdersService----
2024-08-30 05:35:32,308 [34] DEBUG LTCPro.ServiceLayer.Log4net - ---Executing InsertUserActivityDetails() in CompanyController----
2024-08-30 05:35:32,308 [34] DEBUG LTCPro.ServiceLayer.Log4net - ---Executing InsertUserActivityDetails() in UserActivityService----
2024-08-30 05:35:32,412 [12] DEBUG LTCPro.ServiceLayer.Log4net - ---Executing GetUserAccessFacilityNurseStaions() in FacilityController----
2024-08-30 05:35:32,412 [12] DEBUG LTCPro.ServiceLayer.Log4net - ---Executing GetUserAccessFacilityNurseStaions() in FacilityService----
2024-08-30 05:35:32,680 [88] DEBUG LTCPro.ServiceLayer.Log4net - ---Executed Successfully OrderEndingSoonStatus() in OrdersController----
2024-08-30 05:35:32,692 [33] DEBUG LTCPro.ServiceLayer.Log4net - ---Executing GetUserToken() in UserService----
2024-08-30 05:35:32,853 [12] DEBUG LTCPro.ServiceLayer.Log4net - ---Executed Successfully GetUserAccessFacilityNurseStaions() in FacilityController----
2024-08-30 05:35:32,904 [33] DEBUG LTCPro.ServiceLayer.Log4net - ---Executing GetUserAccessFacilityNurseStaions() in FacilityController----
2024-08-30 05:35:32,905 [33] DEBUG LTCPro.ServiceLayer.Log4net - ---Executing GetUserAccessFacilityNurseStaions() in FacilityService----
2024-08-30 05:35:32,940 [34] DEBUG LTCPro.ServiceLayer.Log4net - ---Executed Successfully InsertUserActivityDetails() in CompanyController----
2024-08-30 05:35:33,332 [33] DEBUG LTCPro.ServiceLayer.Log4net - ---Executed Successfully GetUserAccessFacilityNurseStaions() in FacilityController----
2024-08-30 05:35:33,355 [86] DEBUG LTCPro.ServiceLayer.Log4net - ---Executing GetUserToken() in UserService----
2024-08-30 05:35:33,567 [86] DEBUG LTCPro.ServiceLayer.Log4net - ---Executing UserNurseStationDrop() in FacilityController----
2024-08-30 05:35:33,567 [86] DEBUG LTCPro.ServiceLayer.Log4net - ---Executing UserNurseStationDrop() in FacilityService----
2024-08-30 05:35:33,785 [86] DEBUG LTCPro.ServiceLayer.Log4net - ---Executed Successfully UserNurseStationDrop() in FacilityController----
2024-08-30 05:35:33,826 [86] DEBUG LTCPro.ServiceLayer.Log4net - ---Executing GetUserToken() in UserService----
2024-08-30 05:35:33,827 [34] DEBUG LTCPro.ServiceLayer.Log4net - ---Executing GetUserToken() in UserService----
2024-08-30 05:35:34,008 [33] DEBUG LTCPro.ServiceLayer.Log4net - ---Executing GetUserToken() in UserService----
2024-08-30 05:35:34,036 [86] DEBUG LTCPro.ServiceLayer.Log4net - ---Executing GetSeventyTwoHourDetailsByfilter() in EMARController----
2024-08-30 05:35:34,036 [86] DEBUG LTCPro.ServiceLayer.Log4net - ---Executing GetSeventyTwoHourDetailsByfilter() in EmarService----
2024-08-30 05:35:34,041 [34] DEBUG LTCPro.ServiceLayer.Log4net - ---Executing GetPRNDetailsByfilter() in EMARController----
2024-08-30 05:35:34,041 [34] DEBUG LTCPro.ServiceLayer.Log4net - ---Executing GetPRNDetailsByfilter() in EmarService----
2024-08-30 05:35:34,225 [33] DEBUG LTCPro.ServiceLayer.Log4net - ---Executing OrderEndingSoonStatus() in OrdersController----
2024-08-30 05:35:34,225 [33] DEBUG LTCPro.ServiceLayer.Log4net - ---Executing OrderEndingSoonStatus() in OrdersService----
2024-08-30 05:35:34,383 [87] DEBUG LTCPro.ServiceLayer.Log4net - ---Executed Successfully GetDueMARAlertData() in EmarController----
2024-08-30 05:35:34,649 [33] DEBUG LTCPro.ServiceLayer.Log4net - ---Executed Successfully OrderEndingSoonStatus() in OrdersController----
2024-08-30 05:35:34,668 [85] DEBUG LTCPro.ServiceLayer.Log4net - ---Executing GetUserToken() in UserService----
2024-08-30 05:35:34,674 [88] DEBUG LTCPro.ServiceLayer.Log4net - ---Executing GetUserToken() in UserService----
2024-08-30 05:35:34,880 [85] DEBUG LTCPro.ServiceLayer.Log4net - ---Executing GetCompanyToBedFlagByFacId() in FacilityController----
2024-08-30 05:35:34,880 [85] DEBUG LTCPro.ServiceLayer.Log4net - ---Executing GetCompanyToBedFlagByFacId() in FacilityService----
2024-08-30 05:35:34,883 [88] DEBUG LTCPro.ServiceLayer.Log4net - ---Executing GetOrdersGridData() in OrdersController----
2024-08-30 05:35:34,883 [88] DEBUG LTCPro.ServiceLayer.Log4net - ---Executing GetOrdersGridData() in OrdersService----
2024-08-30 05:35:36,173 [85] DEBUG LTCPro.ServiceLayer.Log4net - ---Executed Successfully GetCompanyToBedFlagByFacId() in FacilityController----
2024-08-30 05:35:36,382 [87] DEBUG LTCPro.ServiceLayer.Log4net - ---Executing GetUserToken() in UserService----
2024-08-30 05:35:36,591 [87] DEBUG LTCPro.ServiceLayer.Log4net - ---Executing GetOrdersEndingSoon() in OrdersController----
2024-08-30 05:35:36,591 [87] DEBUG LTCPro.ServiceLayer.Log4net - ---Executing GetOrdersEndingSoon() in OrdersService----
2024-08-30 05:35:36,839 [88] DEBUG LTCPro.ServiceLayer.Log4net - ---Executed Successfully GetOrdersGridData() in OrdersController----
2024-08-30 05:35:36,882 [12] DEBUG LTCPro.ServiceLayer.Log4net - ---Executing GetUserToken() in UserService----
2024-08-30 05:35:37,061 [87] DEBUG LTCPro.ServiceLayer.Log4net - ---Executed Successfully GetOrdersEndingSoon() in OrdersController----
2024-08-30 05:35:37,121 [12] DEBUG LTCPro.ServiceLayer.Log4net - ---Executing GetNurseStationHierarchyDetailsbyNsId() in CompanyController----
2024-08-30 05:35:37,121 [12] DEBUG LTCPro.ServiceLayer.Log4net - ---Executing GetNurseStationHierarchyDetailsbyNsId() in CompanyService----
2024-08-30 05:35:37,307 [85] DEBUG LTCPro.ServiceLayer.Log4net - ---Executing GetUserToken() in UserService----
2024-08-30 05:35:37,334 [12] DEBUG LTCPro.ServiceLayer.Log4net - ---Executed Successfully GetNurseStationHierarchyDetailsbyNsId() in CompanyController----
2024-08-30 05:35:37,517 [85] DEBUG LTCPro.ServiceLayer.Log4net - ---Executing GetPendingOrdersGridData() in OrdersController----
2024-08-30 05:35:37,517 [85] DEBUG LTCPro.ServiceLayer.Log4net - ---Executing GetPendingOrdersGridData() in OrdersService----
2024-08-30 05:35:39,403 [85] DEBUG LTCPro.ServiceLayer.Log4net - ---Executed Successfully GetPendingOrdersGridData() in OrdersController----
2024-08-30 05:35:40,101 [56] DEBUG LTCPro.ServiceLayer.Log4net - ---Executed Successfully GetOutboundErrorDetails() in CommonController----
2024-08-30 05:35:44,048 [6] DEBUG LTCPro.ServiceLayer.Log4net - ---Executed Successfully GetPendingDosesList() in CommonController----
2024-08-30 05:35:47,191 [86] DEBUG LTCPro.ServiceLayer.Log4net - ---Executed Successfully GetSeventyTwoHourDetailsByfilter() in EMARController----
2024-08-30 05:35:47,644 [34] DEBUG LTCPro.ServiceLayer.Log4net - ---Executed Successfully GetPRNDetailsByfilter() in EMARController----
2024-08-30 05:39:09,272 [4] DEBUG LTCPro.ServiceLayer.Log4net - ---Executing GetUserToken() in UserService----
2024-08-30 05:39:09,314 [52] DEBUG LTCPro.ServiceLayer.Log4net - ---Executing GetUserToken() in UserService----
2024-08-30 05:39:09,318 [6] DEBUG LTCPro.ServiceLayer.Log4net - ---Executing GetUserToken() in UserService----
2024-08-30 05:39:09,322 [87] DEBUG LTCPro.ServiceLayer.Log4net - ---Executing GetUserToken() in UserService----
2024-08-30 05:39:09,322 [12] DEBUG LTCPro.ServiceLayer.Log4net - ---Executing GetUserToken() in UserService----
2024-08-30 05:39:09,329 [34] DEBUG LTCPro.ServiceLayer.Log4net - ---Executing GetUserToken() in UserService----
2024-08-30 05:39:21,438 [4] DEBUG LTCPro.ServiceLayer.Log4net - ---Executing GetUserPassedDueFlag() in UserController----
2024-08-30 05:39:21,438 [4] DEBUG LTCPro.ServiceLayer.Log4net - ---Executing GetUserPassedDueFlag() in UserService----
2024-08-30 05:39:22,525 [87] DEBUG LTCPro.ServiceLayer.Log4net - ---Executing GetUserRecentFacNs() in UserController----
2024-08-30 05:39:22,525 [87] DEBUG LTCPro.ServiceLayer.Log4net - ---Executing GetUserRecentFacNs() in UserService----
2024-08-30 05:39:22,725 [4] DEBUG LTCPro.ServiceLayer.Log4net - ---Executed Successfully GetUserPassedDueFlag() in UserController----
2024-08-30 05:39:22,742 [84] DEBUG LTCPro.ServiceLayer.Log4net - ---Executing GetUserToken() in UserService----
2024-08-30 05:39:22,954 [84] DEBUG LTCPro.ServiceLayer.Log4net - ---Executing GetOutboundErrorDetails() in CommonController----
2024-08-30 05:39:22,954 [84] DEBUG LTCPro.ServiceLayer.Log4net - ---Executing GetOutboundErrorDetails() in CommonService----
2024-08-30 05:39:23,377 [34] DEBUG LTCPro.ServiceLayer.Log4net - ---Executing GetUserRecentFacNs() in UserController----
2024-08-30 05:39:23,378 [34] DEBUG LTCPro.ServiceLayer.Log4net - ---Executing GetUserRecentFacNs() in UserService----
2024-08-30 05:39:24,018 [87] DEBUG LTCPro.ServiceLayer.Log4net - ---Executed Successfully GetUserRecentFacNs() in UserController----
2024-08-30 05:39:24,232 [33] DEBUG LTCPro.ServiceLayer.Log4net - ---Executing GetUserToken() in UserService----
2024-08-30 05:39:24,444 [33] DEBUG LTCPro.ServiceLayer.Log4net - ---Executing OrderEndingSoonStatus() in OrdersController----
2024-08-30 05:39:24,444 [33] DEBUG LTCPro.ServiceLayer.Log4net - ---Executing OrderEndingSoonStatus() in OrdersService----
2024-08-30 05:39:24,449 [12] DEBUG LTCPro.ServiceLayer.Log4net - ---Executing GetPendingDosesList() in CommonController----
2024-08-30 05:39:24,449 [12] DEBUG LTCPro.ServiceLayer.Log4net - ---Executing GetPendingDosesList() in CommonService----
2024-08-30 05:39:24,653 [52] DEBUG LTCPro.ServiceLayer.Log4net - ---Executing GetDueMARAlertData() in EmarController----
2024-08-30 05:39:24,654 [52] DEBUG LTCPro.ServiceLayer.Log4net - ---Executing GetDueMARAlertData() in EmarService----
2024-08-30 05:39:25,030 [33] DEBUG LTCPro.ServiceLayer.Log4net - ---Executed Successfully OrderEndingSoonStatus() in OrdersController----
2024-08-30 05:39:25,054 [87] DEBUG LTCPro.ServiceLayer.Log4net - ---Executing GetUserToken() in UserService----
2024-08-30 05:39:25,244 [34] DEBUG LTCPro.ServiceLayer.Log4net - ---Executed Successfully GetUserRecentFacNs() in UserController----
2024-08-30 05:39:25,274 [34] DEBUG LTCPro.ServiceLayer.Log4net - ---Executing GetUserToken() in UserService----
2024-08-30 05:39:25,456 [87] DEBUG LTCPro.ServiceLayer.Log4net - ---Executing GetReadMailsCount() in MailboxController----
2024-08-30 05:39:25,456 [87] DEBUG LTCPro.ServiceLayer.Log4net - ---Executing GetReadMailsCount() in MailboxService----
2024-08-30 05:39:25,545 [6] DEBUG LTCPro.ServiceLayer.Log4net - ---Executing GetAlertsDetails() in MailboxController----
2024-08-30 05:39:25,545 [6] DEBUG LTCPro.ServiceLayer.Log4net - ---Executing GetAlertsDetails() in MailboxService----
2024-08-30 05:39:25,672 [34] DEBUG LTCPro.ServiceLayer.Log4net - ---Executing InsertUserActivityDetails() in CompanyController----
2024-08-30 05:39:25,672 [34] DEBUG LTCPro.ServiceLayer.Log4net - ---Executing InsertUserActivityDetails() in UserActivityService----
2024-08-30 05:39:25,885 [87] DEBUG LTCPro.ServiceLayer.Log4net - ---Executed successfully GetReadMailsCount() in MailboxController----
2024-08-30 05:39:25,911 [87] DEBUG LTCPro.ServiceLayer.Log4net - ---Executing GetUserToken() in UserService----
2024-08-30 05:39:26,088 [52] DEBUG LTCPro.ServiceLayer.Log4net - ---Executed Successfully GetDueMARAlertData() in EmarController----
2024-08-30 05:39:26,103 [52] DEBUG LTCPro.ServiceLayer.Log4net - ---Executing GetUserToken() in UserService----
2024-08-30 05:39:26,302 [87] DEBUG LTCPro.ServiceLayer.Log4net - ---Executing GetUserAccessFacilityNurseStaions() in FacilityController----
2024-08-30 05:39:26,302 [87] DEBUG LTCPro.ServiceLayer.Log4net - ---Executing GetUserAccessFacilityNurseStaions() in FacilityService----
2024-08-30 05:39:26,511 [52] DEBUG LTCPro.ServiceLayer.Log4net - ---Executing GetUserAccessFacilityNurseStaions() in FacilityController----
2024-08-30 05:39:26,511 [52] DEBUG LTCPro.ServiceLayer.Log4net - ---Executing GetUserAccessFacilityNurseStaions() in FacilityService----
2024-08-30 05:39:26,519 [34] DEBUG LTCPro.ServiceLayer.Log4net - ---Executed Successfully InsertUserActivityDetails() in CompanyController----
2024-08-30 05:39:26,932 [87] DEBUG LTCPro.ServiceLayer.Log4net - ---Executed Successfully GetUserAccessFacilityNurseStaions() in FacilityController----
2024-08-30 05:39:26,940 [52] DEBUG LTCPro.ServiceLayer.Log4net - ---Executed Successfully GetUserAccessFacilityNurseStaions() in FacilityController----
2024-08-30 05:39:26,967 [87] DEBUG LTCPro.ServiceLayer.Log4net - ---Executing GetUserToken() in UserService----
2024-08-30 05:39:27,179 [87] DEBUG LTCPro.ServiceLayer.Log4net - ---Executing UserNurseStationDrop() in FacilityController----
2024-08-30 05:39:27,179 [87] DEBUG LTCPro.ServiceLayer.Log4net - ---Executing UserNurseStationDrop() in FacilityService----
2024-08-30 05:39:27,341 [6] DEBUG LTCPro.ServiceLayer.Log4net - ---Executed successfully GetAlertsDetails() in MailboxController----
2024-08-30 05:39:27,391 [87] DEBUG LTCPro.ServiceLayer.Log4net - ---Executed Successfully UserNurseStationDrop() in FacilityController----
2024-08-30 05:39:27,437 [55] DEBUG LTCPro.ServiceLayer.Log4net - ---Executing GetUserToken() in UserService----
2024-08-30 05:39:27,450 [87] DEBUG LTCPro.ServiceLayer.Log4net - ---Executing GetUserToken() in UserService----
2024-08-30 05:39:27,649 [33] DEBUG LTCPro.ServiceLayer.Log4net - ---Executing GetUserToken() in UserService----
2024-08-30 05:39:27,651 [55] DEBUG LTCPro.ServiceLayer.Log4net - ---Executing GetCompanyToBedFlagByFacId() in FacilityController----
2024-08-30 05:39:27,651 [55] DEBUG LTCPro.ServiceLayer.Log4net - ---Executing GetCompanyToBedFlagByFacId() in FacilityService----
2024-08-30 05:39:27,660 [87] DEBUG LTCPro.ServiceLayer.Log4net - ---Executing GetPRNDetailsByfilter() in EMARController----
2024-08-30 05:39:27,660 [87] DEBUG LTCPro.ServiceLayer.Log4net - ---Executing GetPRNDetailsByfilter() in EmarService----
2024-08-30 05:39:27,667 [6] DEBUG LTCPro.ServiceLayer.Log4net - ---Executing GetUserToken() in UserService----
2024-08-30 05:39:27,859 [33] DEBUG LTCPro.ServiceLayer.Log4net - ---Executing GetOrdersEndingSoon() in OrdersController----
2024-08-30 05:39:27,859 [33] DEBUG LTCPro.ServiceLayer.Log4net - ---Executing GetOrdersEndingSoon() in OrdersService----
2024-08-30 05:39:28,332 [33] DEBUG LTCPro.ServiceLayer.Log4net - ---Executed Successfully GetOrdersEndingSoon() in OrdersController----
2024-08-30 05:39:28,364 [81] DEBUG LTCPro.ServiceLayer.Log4net - ---Executing GetUserToken() in UserService----
2024-08-30 05:39:28,574 [81] DEBUG LTCPro.ServiceLayer.Log4net - ---Executing GetSeventyTwoHourDetailsByfilter() in EMARController----
2024-08-30 05:39:28,574 [81] DEBUG LTCPro.ServiceLayer.Log4net - ---Executing GetSeventyTwoHourDetailsByfilter() in EmarService----
2024-08-30 05:39:28,643 [12] DEBUG LTCPro.ServiceLayer.Log4net - ---Executed Successfully GetPendingDosesList() in CommonController----
2024-08-30 05:39:28,977 [55] DEBUG LTCPro.ServiceLayer.Log4net - ---Executed Successfully GetCompanyToBedFlagByFacId() in FacilityController----
2024-08-30 05:39:29,024 [34] DEBUG LTCPro.ServiceLayer.Log4net - ---Executing GetUserToken() in UserService----
2024-08-30 05:39:29,027 [6] DEBUG LTCPro.ServiceLayer.Log4net - ---Executing OrderEndingSoonStatus() in OrdersController----
2024-08-30 05:39:29,027 [6] DEBUG LTCPro.ServiceLayer.Log4net - ---Executing OrderEndingSoonStatus() in OrdersService----
2024-08-30 05:39:29,032 [33] DEBUG LTCPro.ServiceLayer.Log4net - ---Executing GetUserToken() in UserService----
2024-08-30 05:39:29,235 [34] DEBUG LTCPro.ServiceLayer.Log4net - ---Executing GetNurseStationHierarchyDetailsbyNsId() in CompanyController----
2024-08-30 05:39:29,235 [34] DEBUG LTCPro.ServiceLayer.Log4net - ---Executing GetNurseStationHierarchyDetailsbyNsId() in CompanyService----
2024-08-30 05:39:29,242 [33] DEBUG LTCPro.ServiceLayer.Log4net - ---Executing GetOrdersGridData() in OrdersController----
2024-08-30 05:39:29,242 [33] DEBUG LTCPro.ServiceLayer.Log4net - ---Executing GetOrdersGridData() in OrdersService----
2024-08-30 05:39:29,426 [6] DEBUG LTCPro.ServiceLayer.Log4net - ---Executed Successfully OrderEndingSoonStatus() in OrdersController----
2024-08-30 05:39:29,444 [34] DEBUG LTCPro.ServiceLayer.Log4net - ---Executed Successfully GetNurseStationHierarchyDetailsbyNsId() in CompanyController----
2024-08-30 05:39:31,132 [33] DEBUG LTCPro.ServiceLayer.Log4net - ---Executed Successfully GetOrdersGridData() in OrdersController----
2024-08-30 05:39:31,441 [4] DEBUG LTCPro.ServiceLayer.Log4net - ---Executing GetUserToken() in UserService----
2024-08-30 05:39:31,653 [4] DEBUG LTCPro.ServiceLayer.Log4net - ---Executing GetPendingOrdersGridData() in OrdersController----
2024-08-30 05:39:31,653 [4] DEBUG LTCPro.ServiceLayer.Log4net - ---Executing GetPendingOrdersGridData() in OrdersService----
2024-08-30 05:39:32,045 [84] DEBUG LTCPro.ServiceLayer.Log4net - ---Executed Successfully GetOutboundErrorDetails() in CommonController----
2024-08-30 05:39:33,538 [4] DEBUG LTCPro.ServiceLayer.Log4net - ---Executed Successfully GetPendingOrdersGridData() in OrdersController----
2024-08-30 05:39:33,584 [33] DEBUG LTCPro.ServiceLayer.Log4net - ---Executing GetUserToken() in UserService----
2024-08-30 05:39:33,926 [33] DEBUG LTCPro.ServiceLayer.Log4net - ---Executing GetOrdersGridDataByPatientId() in OrdersController----
2024-08-30 05:39:33,926 [33] DEBUG LTCPro.ServiceLayer.Log4net - ---Executing GetOrdersGridDataByPatientId() in OrdersService----
2024-08-30 05:39:35,976 [33] DEBUG LTCPro.ServiceLayer.Log4net - ---Executed Successfully GetOrdersGridDataByPatientId() in OrdersController----
2024-08-30 05:39:38,542 [33] DEBUG LTCPro.ServiceLayer.Log4net - ---Executing GetUserToken() in UserService----
2024-08-30 05:39:38,747 [12] DEBUG LTCPro.ServiceLayer.Log4net - ---Executing GetUserToken() in UserService----
2024-08-30 05:39:38,761 [33] DEBUG LTCPro.ServiceLayer.Log4net - ---Executing GetFacilityNSResidentsDataByPId() in ResidentDemographicController----
2024-08-30 05:39:38,762 [33] DEBUG LTCPro.ServiceLayer.Log4net - ---Executing GetFacilityNSResidentsDataByPId() in ResidentDemographicService----
2024-08-30 05:39:38,957 [12] DEBUG LTCPro.ServiceLayer.Log4net - ---Executing GetNurseNotes() in OrdersController----
2024-08-30 05:39:38,957 [12] DEBUG LTCPro.ServiceLayer.Log4net - ---Executing GetNurseNotes() in OrdersService----
2024-08-30 05:39:39,981 [87] DEBUG LTCPro.ServiceLayer.Log4net - ---Executed Successfully GetPRNDetailsByfilter() in EMARController----
2024-08-30 05:39:40,077 [12] DEBUG LTCPro.ServiceLayer.Log4net - ---Executed Successfully GetNurseNotes() in OrdersController----
2024-08-30 05:39:40,228 [33] DEBUG LTCPro.ServiceLayer.Log4net - ---Executed Successfully GetFacilityNSResidentsDataByPId() in ResidentDemographicController----
2024-08-30 05:39:40,523 [12] DEBUG LTCPro.ServiceLayer.Log4net - ---Executing GetUserToken() in UserService----
2024-08-30 05:39:40,538 [6] DEBUG LTCPro.ServiceLayer.Log4net - ---Executing GetUserToken() in UserService----
2024-08-30 05:39:40,557 [33] DEBUG LTCPro.ServiceLayer.Log4net - ---Executing GetUserToken() in UserService----
2024-08-30 05:39:40,762 [6] DEBUG LTCPro.ServiceLayer.Log4net - ---Executing GetAllBarcodes() in StockEkitController----
2024-08-30 05:39:40,762 [6] DEBUG LTCPro.ServiceLayer.Log4net - ---Executing GetAllBarcodes() in StockEkitService----
2024-08-30 05:39:40,768 [12] DEBUG LTCPro.ServiceLayer.Log4net - ---Executing GetDrFirstFlagForCompanyByNSId() in CompanyController----
2024-08-30 05:39:40,768 [12] DEBUG LTCPro.ServiceLayer.Log4net - ---Executing GetDrFirstFlagForCompanyByNSId() in CompanyService----
2024-08-30 05:39:40,772 [33] DEBUG LTCPro.ServiceLayer.Log4net - ---Executing GetResidentInformation() in ResidentDemographicController----
2024-08-30 05:39:40,772 [33] DEBUG LTCPro.ServiceLayer.Log4net - ---Executing GetResidentInformation() in ResidentDemographicService----
2024-08-30 05:39:40,784 [4] DEBUG LTCPro.ServiceLayer.Log4net - ---Executing GetUserToken() in UserService----
2024-08-30 05:39:40,832 [52] DEBUG LTCPro.ServiceLayer.Log4net - ---Executing GetUserToken() in UserService----
2024-08-30 05:39:40,981 [12] DEBUG LTCPro.ServiceLayer.Log4net - ---Executed Successfully GetDrFirstFlagForCompanyByNSId() in CompanyController----
2024-08-30 05:39:40,995 [4] DEBUG LTCPro.ServiceLayer.Log4net - ---Executing GetPhysicianDropData() in OrdersController----
2024-08-30 05:39:40,995 [4] DEBUG LTCPro.ServiceLayer.Log4net - ---Executing GetPhysicianDropData() in OrdersService----
2024-08-30 05:39:41,019 [84] DEBUG LTCPro.ServiceLayer.Log4net - ---Executing GetUserToken() in UserService----
2024-08-30 05:39:41,048 [52] DEBUG LTCPro.ServiceLayer.Log4net - ---Executing GetOrderRoutes() in OrdersController----
2024-08-30 05:39:41,048 [52] DEBUG LTCPro.ServiceLayer.Log4net - ---Executing GetOrderRoutes() in OrdersService----
2024-08-30 05:39:41,230 [84] DEBUG LTCPro.ServiceLayer.Log4net - ---Executing GetTimeZoneDate() in CommonController----
2024-08-30 05:39:41,230 [84] DEBUG LTCPro.ServiceLayer.Log4net - ---Executing GetTimeZoneDate() in CommonService----
2024-08-30 05:39:41,261 [52] DEBUG LTCPro.ServiceLayer.Log4net - ---Executed Successfully GetOrderRoutes() in OrdersController----
2024-08-30 05:39:41,435 [4] DEBUG LTCPro.ServiceLayer.Log4net - ---Executed Successfully GetPhysicianDropData() in OrdersController----
2024-08-30 05:39:41,439 [84] DEBUG LTCPro.ServiceLayer.Log4net - ---Executed Successfully GetTimeZoneDate() in CommonController----
2024-08-30 05:39:41,462 [6] DEBUG LTCPro.ServiceLayer.Log4net - ---Executed Successfully GetAllBarcodes() in StockEkitController----
2024-08-30 05:39:42,439 [81] DEBUG LTCPro.ServiceLayer.Log4net - ---Executed Successfully GetSeventyTwoHourDetailsByfilter() in EMARController----
2024-08-30 05:39:44,139 [33] DEBUG LTCPro.ServiceLayer.Log4net - ---Executed Successfully GetResidentInformation() in ResidentDemographicController----
2024-08-30 05:39:44,239 [6] DEBUG LTCPro.ServiceLayer.Log4net - ---Executing GetUserToken() in UserService----
2024-08-30 05:39:44,249 [34] DEBUG LTCPro.ServiceLayer.Log4net - ---Executing GetUserToken() in UserService----
2024-08-30 05:39:44,262 [4] DEBUG LTCPro.ServiceLayer.Log4net - ---Executing GetUserToken() in UserService----
2024-08-30 05:39:44,452 [87] DEBUG LTCPro.ServiceLayer.Log4net - ---Executing GetUserToken() in UserService----
2024-08-30 05:39:44,453 [12] DEBUG LTCPro.ServiceLayer.Log4net - ---Executing GetUserToken() in UserService----
2024-08-30 05:39:44,458 [6] DEBUG LTCPro.ServiceLayer.Log4net - ---Executing GetWeightList(Patient_Id) in AssessmentController----
2024-08-30 05:39:44,458 [6] DEBUG LTCPro.ServiceLayer.Log4net - ---Executing GetWeightList() in AssessmentService----
2024-08-30 05:39:44,459 [34] DEBUG LTCPro.ServiceLayer.Log4net - ---Executing GetPatientType() in ResidentDemographicController----
2024-08-30 05:39:44,459 [34] DEBUG LTCPro.ServiceLayer.Log4net - ---Executing GetPatientType() in EmarService----
2024-08-30 05:39:44,475 [4] DEBUG LTCPro.ServiceLayer.Log4net - ---Executing GetDrFirstOrderCheck() in DrFirstIntegrationController----
2024-08-30 05:39:44,475 [4] DEBUG LTCPro.ServiceLayer.Log4net - ---Executing GetDrFirstOrderCheck() in DrFirstIntegrationService----
2024-08-30 05:39:44,663 [87] DEBUG LTCPro.ServiceLayer.Log4net - ---Executing GetDiagnosisDetails() in OrdersController----
2024-08-30 05:39:44,664 [87] DEBUG LTCPro.ServiceLayer.Log4net - ---Executing GetDiagnosisDetails() in OrdersService----
2024-08-30 05:39:44,663 [12] DEBUG LTCPro.ServiceLayer.Log4net - ---Executing GetOrderGridData() in OrdersController----
2024-08-30 05:39:44,664 [12] DEBUG LTCPro.ServiceLayer.Log4net - ---Executing GetOrderGridData() in OrdersService----
2024-08-30 05:39:44,671 [34] DEBUG LTCPro.ServiceLayer.Log4net - ---Executed Successfully GetPatientType() in ResidentDemographicController----
2024-08-30 05:39:44,683 [4] DEBUG LTCPro.ServiceLayer.Log4net - ---Executed Successfully GetDrFirstOrderCheck() in DrFirstIntegrationController----
2024-08-30 05:39:44,920 [12] DEBUG LTCPro.ServiceLayer.Log4net - ---Executed Successfully GetOrderGridData() in OrdersController----
2024-08-30 05:39:45,049 [84] DEBUG LTCPro.ServiceLayer.Log4net - ---Executing GetUserToken() in UserService----
2024-08-30 05:39:45,533 [84] DEBUG LTCPro.ServiceLayer.Log4net - ---Executing GetAllBarcodes() in StockEkitController----
2024-08-30 05:39:45,533 [84] DEBUG LTCPro.ServiceLayer.Log4net - ---Executing GetAllBarcodes() in StockEkitService----
2024-08-30 05:39:45,693 [12] DEBUG LTCPro.ServiceLayer.Log4net - ---Executing GetUserToken() in UserService----
2024-08-30 05:39:45,701 [33] DEBUG LTCPro.ServiceLayer.Log4net - ---Executing GetUserToken() in UserService----
2024-08-30 05:39:45,737 [6] DEBUG LTCPro.ServiceLayer.Log4net - ---Executed Successfully GetWeightList(Patient_Id) in AssessmentController----
2024-08-30 05:39:45,754 [87] DEBUG LTCPro.ServiceLayer.Log4net - ---Executed Successfully GetDiagnosisDetails() in OrdersController----
2024-08-30 05:39:45,902 [12] DEBUG LTCPro.ServiceLayer.Log4net - ---Executing GetOrdersData() in OrdersController----
2024-08-30 05:39:45,902 [12] DEBUG LTCPro.ServiceLayer.Log4net - ---Executing GetOrdersData() in OrdersService----
2024-08-30 05:39:45,914 [33] DEBUG LTCPro.ServiceLayer.Log4net - ---Executing GetOrderGridData() in OrdersController----
2024-08-30 05:39:45,914 [33] DEBUG LTCPro.ServiceLayer.Log4net - ---Executing GetOrderGridData() in OrdersService----
2024-08-30 05:39:46,118 [12] DEBUG LTCPro.ServiceLayer.Log4net - ---Executed Successfully GetOrdersData() in OrdersController----
2024-08-30 05:39:48,742 [84] DEBUG LTCPro.ServiceLayer.Log4net - ---Executed Successfully GetAllBarcodes() in StockEkitController----
2024-08-30 05:39:48,790 [52] DEBUG LTCPro.ServiceLayer.Log4net - ---Executing GetUserToken() in UserService----
2024-08-30 05:39:48,791 [87] DEBUG LTCPro.ServiceLayer.Log4net - ---Executing GetUserToken() in UserService----
2024-08-30 05:39:48,826 [12] DEBUG LTCPro.ServiceLayer.Log4net - ---Executing GetUserToken() in UserService----
2024-08-30 05:39:48,865 [34] DEBUG LTCPro.ServiceLayer.Log4net - ---Executing GetUserToken() in UserService----
2024-08-30 05:39:49,001 [87] DEBUG LTCPro.ServiceLayer.Log4net - ---Executing GetOrderStockDetails() in OrdersController----
2024-08-30 05:39:49,001 [87] DEBUG LTCPro.ServiceLayer.Log4net - ---Executing GetOrderStockDetails() in OrdersService----
2024-08-30 05:39:49,001 [52] DEBUG LTCPro.ServiceLayer.Log4net - ---Executing GetFavouritesMasterData() in OrdersController----
2024-08-30 05:39:49,001 [52] DEBUG LTCPro.ServiceLayer.Log4net - ---Executing GetFavouritesMasterData() in OrdersService----
2024-08-30 05:39:49,037 [12] DEBUG LTCPro.ServiceLayer.Log4net - ---Executing GetPhysicianDropData() in OrdersController----
2024-08-30 05:39:49,037 [12] DEBUG LTCPro.ServiceLayer.Log4net - ---Executing GetPhysicianDropData() in OrdersService----
2024-08-30 05:39:49,076 [34] DEBUG LTCPro.ServiceLayer.Log4net - ---Executing GetNurseNotes() in OrdersController----
2024-08-30 05:39:49,076 [34] DEBUG LTCPro.ServiceLayer.Log4net - ---Executing GetNurseNotes() in OrdersService----
2024-08-30 05:39:49,211 [87] DEBUG LTCPro.ServiceLayer.Log4net - ---Executed Successfully GetOrderStockDetails() in OrdersController----
2024-08-30 05:39:49,211 [52] DEBUG LTCPro.ServiceLayer.Log4net - ---Executed Successfully GetFavouritesMasterData() in OrdersController----
2024-08-30 05:39:49,434 [33] DEBUG LTCPro.ServiceLayer.Log4net - ---Executed Successfully GetOrderGridData() in OrdersController----
2024-08-30 05:39:49,473 [12] DEBUG LTCPro.ServiceLayer.Log4net - ---Executed Successfully GetPhysicianDropData() in OrdersController----
2024-08-30 05:39:50,247 [34] DEBUG LTCPro.ServiceLayer.Log4net - ---Executed Successfully GetNurseNotes() in OrdersController----
2024-08-30 05:39:59,735 [34] DEBUG LTCPro.ServiceLayer.Log4net - ---Executing GetUserToken() in UserService----
2024-08-30 05:39:59,945 [34] DEBUG LTCPro.ServiceLayer.Log4net - ---Executing GetFacilityNSResidentsDataByPId() in ResidentDemographicController----
2024-08-30 05:39:59,946 [34] DEBUG LTCPro.ServiceLayer.Log4net - ---Executing GetFacilityNSResidentsDataByPId() in ResidentDemographicService----
2024-08-30 05:40:01,454 [34] DEBUG LTCPro.ServiceLayer.Log4net - ---Executed Successfully GetFacilityNSResidentsDataByPId() in ResidentDemographicController----
2024-08-30 05:40:03,049 [87] DEBUG LTCPro.ServiceLayer.Log4net - ---Executing GetUserToken() in UserService----
2024-08-30 05:40:03,475 [87] DEBUG LTCPro.ServiceLayer.Log4net - ---Executing GetTimeZoneDate() in CommonController----
2024-08-30 05:40:03,476 [87] DEBUG LTCPro.ServiceLayer.Log4net - ---Executing GetTimeZoneDate() in CommonService----
2024-08-30 05:40:03,535 [12] DEBUG LTCPro.ServiceLayer.Log4net - ---Executing GetUserToken() in UserService----
2024-08-30 05:40:03,546 [6] DEBUG LTCPro.ServiceLayer.Log4net - ---Executing GetUserToken() in UserService----
2024-08-30 05:40:03,562 [81] DEBUG LTCPro.ServiceLayer.Log4net - ---Executing GetUserToken() in UserService----
2024-08-30 05:40:03,586 [34] DEBUG LTCPro.ServiceLayer.Log4net - ---Executing GetUserToken() in UserService----
2024-08-30 05:40:03,618 [33] DEBUG LTCPro.ServiceLayer.Log4net - ---Executing GetUserToken() in UserService----
2024-08-30 05:40:03,695 [87] DEBUG LTCPro.ServiceLayer.Log4net - ---Executed Successfully GetTimeZoneDate() in CommonController----
2024-08-30 05:40:03,767 [6] DEBUG LTCPro.ServiceLayer.Log4net - ---Executing GetPhysicianDropData() in OrdersController----
2024-08-30 05:40:03,767 [6] DEBUG LTCPro.ServiceLayer.Log4net - ---Executing GetPhysicianDropData() in OrdersService----
2024-08-30 05:40:03,780 [81] DEBUG LTCPro.ServiceLayer.Log4net - ---Executing GetQuantityDoseDrop() in OrdersController----
2024-08-30 05:40:03,781 [12] DEBUG LTCPro.ServiceLayer.Log4net - ---Executing GetCpoeSourceDrop() in OrdersController----
2024-08-30 05:40:03,798 [34] DEBUG LTCPro.ServiceLayer.Log4net - ---Executing GetOrderRoutes() in OrdersController----
2024-08-30 05:40:03,798 [34] DEBUG LTCPro.ServiceLayer.Log4net - ---Executing GetOrderRoutes() in OrdersService----
2024-08-30 05:40:03,828 [33] DEBUG LTCPro.ServiceLayer.Log4net - ---Executing GetPhysicianNPIByRoleRes() in OrdersController----
2024-08-30 05:40:03,829 [33] DEBUG LTCPro.ServiceLayer.Log4net - ---Executing GetPhysicianNPIByRoleRes() in OrdersService----
2024-08-30 05:40:03,850 [81] DEBUG LTCPro.ServiceLayer.Log4net - ---Executing GetQuantityDoseDrop() in OrdersService----
2024-08-30 05:40:03,850 [12] DEBUG LTCPro.ServiceLayer.Log4net - ---Executing GetCpoeSourceDrop() in OrdersService----
2024-08-30 05:40:04,016 [34] DEBUG LTCPro.ServiceLayer.Log4net - ---Executed Successfully GetOrderRoutes() in OrdersController----
2024-08-30 05:40:04,064 [87] DEBUG LTCPro.ServiceLayer.Log4net - ---Executing GetUserToken() in UserService----
2024-08-30 05:40:04,068 [4] DEBUG LTCPro.ServiceLayer.Log4net - ---Executing GetUserToken() in UserService----
2024-08-30 05:40:04,088 [81] DEBUG LTCPro.ServiceLayer.Log4net - ---Executed Successfully GetQuantityDoseDrop() in OrdersController----
2024-08-30 05:40:04,126 [52] DEBUG LTCPro.ServiceLayer.Log4net - ---Executing GetUserToken() in UserService----
2024-08-30 05:40:04,220 [6] DEBUG LTCPro.ServiceLayer.Log4net - ---Executed Successfully GetPhysicianDropData() in OrdersController----
2024-08-30 05:40:04,274 [87] DEBUG LTCPro.ServiceLayer.Log4net - ---Executing GetUnitMeasurementsDrop() in OrdersController----
2024-08-30 05:40:04,275 [87] DEBUG LTCPro.ServiceLayer.Log4net - ---Executing GetUnitMeasurementsDrop() in OrdersService----
2024-08-30 05:40:04,277 [4] DEBUG LTCPro.ServiceLayer.Log4net - ---Executing GetResidentInformation() in ResidentDemographicController----
2024-08-30 05:40:04,283 [4] DEBUG LTCPro.ServiceLayer.Log4net - ---Executing GetResidentInformation() in ResidentDemographicService----
2024-08-30 05:40:04,360 [52] DEBUG LTCPro.ServiceLayer.Log4net - ---Executing GetAllBarcodes() in StockEkitController----
2024-08-30 05:40:04,360 [52] DEBUG LTCPro.ServiceLayer.Log4net - ---Executing GetAllBarcodes() in StockEkitService----
2024-08-30 05:40:04,505 [87] DEBUG LTCPro.ServiceLayer.Log4net - ---Executed Successfully GetUnitMeasurementsDrop() in OrdersController----
2024-08-30 05:40:04,512 [84] DEBUG LTCPro.ServiceLayer.Log4net - ---Executing GetUserToken() in UserService----
2024-08-30 05:40:04,571 [12] DEBUG LTCPro.ServiceLayer.Log4net - ---Executed Successfully GetCpoeSourceDrop() in OrdersController----
2024-08-30 05:40:04,725 [84] DEBUG LTCPro.ServiceLayer.Log4net - ---Executing GetDoseUomDrop() in OrdersController----
2024-08-30 05:40:04,726 [84] DEBUG LTCPro.ServiceLayer.Log4net - ---Executing GetDoseUom() in OrdersService----
2024-08-30 05:40:04,805 [87] DEBUG LTCPro.ServiceLayer.Log4net - ---Executing GetUserToken() in UserService----
2024-08-30 05:40:04,944 [84] DEBUG LTCPro.ServiceLayer.Log4net - ---Executed Successfully GetDoseUomDrop() in OrdersController----
2024-08-30 05:40:04,958 [33] DEBUG LTCPro.ServiceLayer.Log4net - ---Executed Successfully GetPhysicianNPIByRoleRes() in OrdersController----
2024-08-30 05:40:05,018 [87] DEBUG LTCPro.ServiceLayer.Log4net - ---Executing GetFrequencyMasterDataWithShifts() in OrdersController----
2024-08-30 05:40:05,019 [87] DEBUG LTCPro.ServiceLayer.Log4net - ---Executing GetFrequencyMasterDataWithShifts() in OrdersService----
2024-08-30 05:40:05,036 [52] DEBUG LTCPro.ServiceLayer.Log4net - ---Executed Successfully GetAllBarcodes() in StockEkitController----
2024-08-30 05:40:07,214 [87] DEBUG LTCPro.ServiceLayer.Log4net - ---Executed Successfully GetFrequencyMasterDataWithShifts() in OrdersController----
2024-08-30 05:40:07,670 [4] DEBUG LTCPro.ServiceLayer.Log4net - ---Executed Successfully GetResidentInformation() in ResidentDemographicController----
2024-08-30 05:40:07,759 [84] DEBUG LTCPro.ServiceLayer.Log4net - ---Executing GetUserToken() in UserService----
2024-08-30 05:40:07,792 [6] DEBUG LTCPro.ServiceLayer.Log4net - ---Executing GetUserToken() in UserService----
2024-08-30 05:40:07,828 [34] DEBUG LTCPro.ServiceLayer.Log4net - ---Executing GetUserToken() in UserService----
2024-08-30 05:40:07,970 [33] DEBUG LTCPro.ServiceLayer.Log4net - ---Executing GetUserToken() in UserService----
2024-08-30 05:40:07,997 [84] DEBUG LTCPro.ServiceLayer.Log4net - ---Executing GetPatientType() in ResidentDemographicController----
2024-08-30 05:40:07,997 [84] DEBUG LTCPro.ServiceLayer.Log4net - ---Executing GetPatientType() in EmarService----
2024-08-30 05:40:08,056 [6] DEBUG LTCPro.ServiceLayer.Log4net - ---Executing GetWeightList(Patient_Id) in AssessmentController----
2024-08-30 05:40:08,056 [6] DEBUG LTCPro.ServiceLayer.Log4net - ---Executing GetWeightList() in AssessmentService----
2024-08-30 05:40:08,084 [34] DEBUG LTCPro.ServiceLayer.Log4net - ---Executing GetResidentDiagnosisInfo() in ResidentDemographicController----
2024-08-30 05:40:08,181 [4] DEBUG LTCPro.ServiceLayer.Log4net - ---Executing GetUserToken() in UserService----
2024-08-30 05:40:08,185 [34] DEBUG LTCPro.ServiceLayer.Log4net - ---Executing GetResidentDiagnosisInfo() in DiagnosisInfoService----
2024-08-30 05:40:08,204 [33] DEBUG LTCPro.ServiceLayer.Log4net - ---Executing GetDiagnosisDetails() in OrdersController----
2024-08-30 05:40:08,204 [33] DEBUG LTCPro.ServiceLayer.Log4net - ---Executing GetDiagnosisDetails() in OrdersService----
2024-08-30 05:40:08,208 [84] DEBUG LTCPro.ServiceLayer.Log4net - ---Executed Successfully GetPatientType() in ResidentDemographicController----
2024-08-30 05:40:08,223 [55] DEBUG LTCPro.ServiceLayer.Log4net - ---Executing GetUserToken() in UserService----
2024-08-30 05:40:08,404 [4] DEBUG LTCPro.ServiceLayer.Log4net - ---Executing GetFavouritesMasterData() in OrdersController----
2024-08-30 05:40:08,404 [4] DEBUG LTCPro.ServiceLayer.Log4net - ---Executing GetFavouritesMasterData() in OrdersService----
2024-08-30 05:40:08,425 [34] DEBUG LTCPro.ServiceLayer.Log4net - ---Executed Successfully GetResidentDiagnosisInfo() in ResidentDemographicController----
2024-08-30 05:40:08,436 [55] DEBUG LTCPro.ServiceLayer.Log4net - ---Executing GetMonthMasterData() in OrdersController----
2024-08-30 05:40:08,437 [55] DEBUG LTCPro.ServiceLayer.Log4net - ---Executing GetMonthMasterData() in OrdersService----
2024-08-30 05:40:08,488 [81] DEBUG LTCPro.ServiceLayer.Log4net - ---Executing GetUserToken() in UserService----
2024-08-30 05:40:08,618 [4] DEBUG LTCPro.ServiceLayer.Log4net - ---Executed Successfully GetFavouritesMasterData() in OrdersController----
2024-08-30 05:40:08,688 [55] DEBUG LTCPro.ServiceLayer.Log4net - ---Executed Successfully GetMonthMasterData() in OrdersController----
2024-08-30 05:40:08,694 [34] DEBUG LTCPro.ServiceLayer.Log4net - ---Executing GetUserToken() in UserService----
2024-08-30 05:40:08,708 [81] DEBUG LTCPro.ServiceLayer.Log4net - ---Executing GetCpoeSourceDrop() in OrdersController----
2024-08-30 05:40:08,708 [81] DEBUG LTCPro.ServiceLayer.Log4net - ---Executing GetCpoeSourceDrop() in OrdersService----
2024-08-30 05:40:08,835 [33] DEBUG LTCPro.ServiceLayer.Log4net - ---Executed Successfully GetDiagnosisDetails() in OrdersController----
2024-08-30 05:40:08,862 [12] DEBUG LTCPro.ServiceLayer.Log4net - ---Executing GetUserToken() in UserService----
2024-08-30 05:40:08,911 [34] DEBUG LTCPro.ServiceLayer.Log4net - ---Executing GetWeekMasterData() in OrdersController----
2024-08-30 05:40:08,912 [34] DEBUG LTCPro.ServiceLayer.Log4net - ---Executing GetWeekMasterData() in OrdersService----
2024-08-30 05:40:08,932 [6] DEBUG LTCPro.ServiceLayer.Log4net - ---Executed Successfully GetWeightList(Patient_Id) in AssessmentController----
2024-08-30 05:40:09,074 [12] DEBUG LTCPro.ServiceLayer.Log4net - ---Executing GetOrderGridData() in OrdersController----
2024-08-30 05:40:09,074 [12] DEBUG LTCPro.ServiceLayer.Log4net - ---Executing GetOrderGridData() in OrdersService----
2024-08-30 05:40:09,185 [34] DEBUG LTCPro.ServiceLayer.Log4net - ---Executed Successfully GetWeekMasterData() in OrdersController----
2024-08-30 05:40:09,330 [12] DEBUG LTCPro.ServiceLayer.Log4net - ---Executed Successfully GetOrderGridData() in OrdersController----
2024-08-30 05:40:09,361 [81] DEBUG LTCPro.ServiceLayer.Log4net - ---Executed Successfully GetCpoeSourceDrop() in OrdersController----
2024-08-30 05:40:11,069 [87] DEBUG LTCPro.ServiceLayer.Log4net - ---Executing GetUserToken() in UserService----
2024-08-30 05:40:11,279 [87] DEBUG LTCPro.ServiceLayer.Log4net - ---Executing GetAllBarcodes() in StockEkitController----
2024-08-30 05:40:11,279 [87] DEBUG LTCPro.ServiceLayer.Log4net - ---Executing GetAllBarcodes() in StockEkitService----
2024-08-30 05:40:11,289 [34] DEBUG LTCPro.ServiceLayer.Log4net - ---Executing GetUserToken() in UserService----
2024-08-30 05:40:11,498 [34] DEBUG LTCPro.ServiceLayer.Log4net - ---Executing GetOrderGridData() in OrdersController----
2024-08-30 05:40:11,499 [34] DEBUG LTCPro.ServiceLayer.Log4net - ---Executing GetOrderGridData() in OrdersService----
2024-08-30 05:40:11,750 [34] DEBUG LTCPro.ServiceLayer.Log4net - ---Executed Successfully GetOrderGridData() in OrdersController----
2024-08-30 05:40:12,077 [87] DEBUG LTCPro.ServiceLayer.Log4net - ---Executed Successfully GetAllBarcodes() in StockEkitController----
2024-08-30 05:40:21,561 [87] DEBUG LTCPro.ServiceLayer.Log4net - ---Executing GetUserToken() in UserService----
2024-08-30 05:40:21,829 [87] DEBUG LTCPro.ServiceLayer.Log4net - ---Executing SearchDrugName() in OrdersController----
2024-08-30 05:40:21,946 [87] DEBUG LTCPro.ServiceLayer.Log4net - ---Executing SearchDrugName() in OrdersController Data----"dologe"
2024-08-30 05:40:21,947 [87] DEBUG LTCPro.ServiceLayer.Log4net - ---Executing SearchDrugName() in OrdersService----
2024-08-30 05:40:22,228 [87] DEBUG LTCPro.ServiceLayer.Log4net - ---Executed Successfully SearchDrugName() in OrdersController----
2024-08-30 05:41:21,301 [87] DEBUG LTCPro.ServiceLayer.Log4net - ---Executing GetUserToken() in UserService----
2024-08-30 05:41:24,435 [87] DEBUG LTCPro.ServiceLayer.Log4net - ---Executing InsertApprovalCPOEOrderData() in AdminApprovalController----
2024-08-30 05:41:24,435 [87] DEBUG LTCPro.ServiceLayer.Log4net - ---Executing InsertApprovalCPOEOrderData() in AdminApprovalController---- 3690
2024-08-30 05:41:24,435 [87] DEBUG LTCPro.ServiceLayer.Log4net - ---Executing InsertApprovalCPOEOrderData() in AdminApprovalController OrderingPhysicianID---- 2596
2024-08-30 05:41:24,435 [87] DEBUG LTCPro.ServiceLayer.Log4net - ---Executing InsertApprovalCPOEOrderData() in AdminApprovalController POrder_CreatedBy---- 304
2024-08-30 05:41:24,489 [87] DEBUG LTCPro.ServiceLayer.Log4net - ---Executing Check User Credentials in OrdersService----
2024-08-30 05:41:24,704 [87] DEBUG LTCPro.ServiceLayer.Log4net - ---Executing  InsertApprovalOrderData()  in AdminApprovalService----
2024-08-30 05:41:31,020 [87] DEBUG LTCPro.ServiceLayer.Log4net - ---Executing InsertApprovalCPOEOrderData in OrdersService + result----40582
2024-08-30 05:41:31,977 [87] DEBUG LTCPro.ServiceLayer.Log4net - ---Executing ApproveCPOENewOrder in OrdersService + orderId----100580
2024-08-30 05:41:31,977 [87] DEBUG LTCPro.ServiceLayer.Log4net - ---Executing GenerateOutboundFile in OrdersService , entity.Patient_Id , CPOENewOrder , item.Record_Id , context ,transaction----3690,100580,LTCPro.DAL.EMAREntities,System.Data.Entity.DbContextTransaction
2024-08-30 05:41:31,997 [87] DEBUG LTCPro.ServiceLayer.Log4net - ---Executing GenerateOutboundFile() CPOENewOrder in AdminApprovalService----
2024-08-30 05:41:32,585 [87] DEBUG LTCPro.ServiceLayer.Log4net - ---Generating OutboundFile CPOENewOrder in AdminApprovalService----
2024-08-30 05:41:34,101 [87] DEBUG LTCPro.ServiceLayer.Log4net - ---Generated OutboundFile Download Start D:/Promantra/OutboundLive/Pending//CPOENewOrder_08302024104119_100580.hl7 in AdminApprovalService----
2024-08-30 05:41:34,207 [87] DEBUG LTCPro.ServiceLayer.Log4net - ---Generated OutboundFile Download Completed D:/Promantra/OutboundLive/Pending//CPOENewOrder_08302024104119_100580.hl7 in AdminApprovalService----
2024-08-30 05:41:34,207 [87] DEBUG LTCPro.ServiceLayer.Log4net - ---Executed GenerateOutboundFile() CPOENewOrder in AdminApprovalService----
2024-08-30 05:41:35,498 [87] DEBUG LTCPro.ServiceLayer.Log4net - ---Executed Successfully InsertApprovalCPOEOrderData() in AdminApprovalController----
2024-08-30 05:41:35,582 [87] DEBUG LTCPro.ServiceLayer.Log4net - ---Executing GetUserToken() in UserService----
2024-08-30 05:41:35,766 [34] DEBUG LTCPro.ServiceLayer.Log4net - ---Executing GetUserToken() in UserService----
2024-08-30 05:41:35,802 [87] DEBUG LTCPro.ServiceLayer.Log4net - ---Executing GetApprovalFlag() in CompanyController----
2024-08-30 05:41:35,802 [87] DEBUG LTCPro.ServiceLayer.Log4net - ---Executing GetApprovalFlag() in CompanyService----
2024-08-30 05:41:35,981 [34] DEBUG LTCPro.ServiceLayer.Log4net - ---Executing GetOrderGridData() in OrdersController----
2024-08-30 05:41:35,981 [34] DEBUG LTCPro.ServiceLayer.Log4net - ---Executing GetOrderGridData() in OrdersService----
2024-08-30 05:41:36,234 [34] DEBUG LTCPro.ServiceLayer.Log4net - ---Executed Successfully GetOrderGridData() in OrdersController----
2024-08-30 05:41:36,914 [34] DEBUG LTCPro.ServiceLayer.Log4net - ---Executing GetUserToken() in UserService----
2024-08-30 05:41:37,118 [87] DEBUG LTCPro.ServiceLayer.Log4net - ---Executing GetUserToken() in UserService----
2024-08-30 05:41:37,125 [34] DEBUG LTCPro.ServiceLayer.Log4net - ---Executing GetAllBarcodes() in StockEkitController----
2024-08-30 05:41:37,125 [34] DEBUG LTCPro.ServiceLayer.Log4net - ---Executing GetAllBarcodes() in StockEkitService----
2024-08-30 05:41:37,327 [87] DEBUG LTCPro.ServiceLayer.Log4net - ---Executing GetOrderGridData() in OrdersController----
2024-08-30 05:41:37,327 [87] DEBUG LTCPro.ServiceLayer.Log4net - ---Executing GetOrderGridData() in OrdersService----
2024-08-30 05:41:37,579 [87] DEBUG LTCPro.ServiceLayer.Log4net - ---Executed Successfully GetOrderGridData() in OrdersController----
2024-08-30 05:41:37,916 [34] DEBUG LTCPro.ServiceLayer.Log4net - ---Executed Successfully GetAllBarcodes() in StockEkitController----
2024-08-30 05:41:39,620 [81] DEBUG LTCPro.ServiceLayer.Log4net - ---Executing GetUserToken() in UserService----
2024-08-30 05:41:39,625 [4] DEBUG LTCPro.ServiceLayer.Log4net - ---Executing GetUserToken() in UserService----
2024-08-30 05:41:39,829 [81] DEBUG LTCPro.ServiceLayer.Log4net - ---Executing InsertUserActivityDetails() in CompanyController----
2024-08-30 05:41:39,829 [81] DEBUG LTCPro.ServiceLayer.Log4net - ---Executing InsertUserActivityDetails() in UserActivityService----
2024-08-30 05:41:39,834 [4] DEBUG LTCPro.ServiceLayer.Log4net - ---Executing GetUserRecentFacNs() in UserController----
2024-08-30 05:41:39,834 [4] DEBUG LTCPro.ServiceLayer.Log4net - ---Executing GetUserRecentFacNs() in UserService----
2024-08-30 05:41:39,849 [87] DEBUG LTCPro.ServiceLayer.Log4net - ---Executing GetUserToken() in UserService----
2024-08-30 05:41:40,059 [87] DEBUG LTCPro.ServiceLayer.Log4net - ---Executing OrderEndingSoonStatus() in OrdersController----
2024-08-30 05:41:40,059 [87] DEBUG LTCPro.ServiceLayer.Log4net - ---Executing OrderEndingSoonStatus() in OrdersService----
2024-08-30 05:41:40,268 [4] DEBUG LTCPro.ServiceLayer.Log4net - ---Executed Successfully GetUserRecentFacNs() in UserController----
2024-08-30 05:41:40,295 [34] DEBUG LTCPro.ServiceLayer.Log4net - ---Executing GetUserToken() in UserService----
2024-08-30 05:41:40,461 [81] DEBUG LTCPro.ServiceLayer.Log4net - ---Executed Successfully InsertUserActivityDetails() in CompanyController----
2024-08-30 05:41:40,470 [87] DEBUG LTCPro.ServiceLayer.Log4net - ---Executed Successfully OrderEndingSoonStatus() in OrdersController----
2024-08-30 05:41:40,514 [34] DEBUG LTCPro.ServiceLayer.Log4net - ---Executing GetUserAccessFacilityNurseStaions() in FacilityController----
2024-08-30 05:41:40,514 [34] DEBUG LTCPro.ServiceLayer.Log4net - ---Executing GetUserAccessFacilityNurseStaions() in FacilityService----
2024-08-30 05:41:40,935 [34] DEBUG LTCPro.ServiceLayer.Log4net - ---Executed Successfully GetUserAccessFacilityNurseStaions() in FacilityController----
2024-08-30 05:41:40,960 [34] DEBUG LTCPro.ServiceLayer.Log4net - ---Executing GetUserToken() in UserService----
2024-08-30 05:41:41,172 [34] DEBUG LTCPro.ServiceLayer.Log4net - ---Executing UserNurseStationDrop() in FacilityController----
2024-08-30 05:41:41,172 [34] DEBUG LTCPro.ServiceLayer.Log4net - ---Executing UserNurseStationDrop() in FacilityService----
2024-08-30 05:41:41,384 [34] DEBUG LTCPro.ServiceLayer.Log4net - ---Executed Successfully UserNurseStationDrop() in FacilityController----
2024-08-30 05:41:41,425 [87] DEBUG LTCPro.ServiceLayer.Log4net - ---Executing GetUserToken() in UserService----
2024-08-30 05:41:41,447 [85] DEBUG LTCPro.ServiceLayer.Log4net - ---Executing GetUserToken() in UserService----
2024-08-30 05:41:41,453 [84] DEBUG LTCPro.ServiceLayer.Log4net - ---Executing GetUserToken() in UserService----
2024-08-30 05:41:41,774 [87] DEBUG LTCPro.ServiceLayer.Log4net - ---Executing GetCompanyToBedFlagByFacId() in FacilityController----
2024-08-30 05:41:41,774 [87] DEBUG LTCPro.ServiceLayer.Log4net - ---Executing GetCompanyToBedFlagByFacId() in FacilityService----
2024-08-30 05:41:41,800 [85] DEBUG LTCPro.ServiceLayer.Log4net - ---Executing GetSeventyTwoHourDetailsByfilter() in EMARController----
2024-08-30 05:41:41,800 [85] DEBUG LTCPro.ServiceLayer.Log4net - ---Executing GetSeventyTwoHourDetailsByfilter() in EmarService----
2024-08-30 05:41:41,834 [84] DEBUG LTCPro.ServiceLayer.Log4net - ---Executing GetPRNDetailsByfilter() in EMARController----
2024-08-30 05:41:41,834 [84] DEBUG LTCPro.ServiceLayer.Log4net - ---Executing GetPRNDetailsByfilter() in EmarService----
2024-08-30 05:41:41,876 [34] DEBUG LTCPro.ServiceLayer.Log4net - ---Executing GetUserToken() in UserService----
2024-08-30 05:41:41,880 [81] DEBUG LTCPro.ServiceLayer.Log4net - ---Executing GetUserToken() in UserService----
2024-08-30 05:41:41,885 [12] DEBUG LTCPro.ServiceLayer.Log4net - ---Executing GetUserToken() in UserService----
2024-08-30 05:41:42,086 [34] DEBUG LTCPro.ServiceLayer.Log4net - ---Executing OrderEndingSoonStatus() in OrdersController----
2024-08-30 05:41:42,086 [34] DEBUG LTCPro.ServiceLayer.Log4net - ---Executing OrderEndingSoonStatus() in OrdersService----
2024-08-30 05:41:42,089 [81] DEBUG LTCPro.ServiceLayer.Log4net - ---Executing GetOrdersEndingSoon() in OrdersController----
2024-08-30 05:41:42,089 [81] DEBUG LTCPro.ServiceLayer.Log4net - ---Executing GetOrdersEndingSoon() in OrdersService----
2024-08-30 05:41:42,097 [12] DEBUG LTCPro.ServiceLayer.Log4net - ---Executing GetOrdersGridData() in OrdersController----
2024-08-30 05:41:42,097 [12] DEBUG LTCPro.ServiceLayer.Log4net - ---Executing GetOrdersGridData() in OrdersService----
2024-08-30 05:41:42,504 [34] DEBUG LTCPro.ServiceLayer.Log4net - ---Executed Successfully OrderEndingSoonStatus() in OrdersController----
2024-08-30 05:41:42,622 [81] DEBUG LTCPro.ServiceLayer.Log4net - ---Executed Successfully GetOrdersEndingSoon() in OrdersController----
2024-08-30 05:41:43,050 [87] DEBUG LTCPro.ServiceLayer.Log4net - ---Executed Successfully GetCompanyToBedFlagByFacId() in FacilityController----
2024-08-30 05:41:43,097 [87] DEBUG LTCPro.ServiceLayer.Log4net - ---Executing GetUserToken() in UserService----
2024-08-30 05:41:43,313 [87] DEBUG LTCPro.ServiceLayer.Log4net - ---Executing GetNurseStationHierarchyDetailsbyNsId() in CompanyController----
2024-08-30 05:41:43,313 [87] DEBUG LTCPro.ServiceLayer.Log4net - ---Executing GetNurseStationHierarchyDetailsbyNsId() in CompanyService----
2024-08-30 05:41:43,523 [87] DEBUG LTCPro.ServiceLayer.Log4net - ---Executed Successfully GetNurseStationHierarchyDetailsbyNsId() in CompanyController----
2024-08-30 05:41:44,593 [12] DEBUG LTCPro.ServiceLayer.Log4net - ---Executed Successfully GetOrdersGridData() in OrdersController----
2024-08-30 05:41:44,846 [87] DEBUG LTCPro.ServiceLayer.Log4net - ---Executing GetUserToken() in UserService----
2024-08-30 05:41:45,059 [87] DEBUG LTCPro.ServiceLayer.Log4net - ---Executing GetPendingOrdersGridData() in OrdersController----
2024-08-30 05:41:45,059 [87] DEBUG LTCPro.ServiceLayer.Log4net - ---Executing GetPendingOrdersGridData() in OrdersService----
2024-08-30 05:41:46,851 [33] DEBUG LTCPro.ServiceLayer.Log4net - ---Executing GetUserToken() in UserService----
2024-08-30 05:41:46,990 [87] DEBUG LTCPro.ServiceLayer.Log4net - ---Executed Successfully GetPendingOrdersGridData() in OrdersController----
2024-08-30 05:41:47,062 [33] DEBUG LTCPro.ServiceLayer.Log4net - ---Executing GetOrdersGridDataByPatientId() in OrdersController----
2024-08-30 05:41:47,062 [33] DEBUG LTCPro.ServiceLayer.Log4net - ---Executing GetOrdersGridDataByPatientId() in OrdersService----
2024-08-30 05:41:47,458 [33] DEBUG LTCPro.ServiceLayer.Log4net - ---Executed Successfully GetOrdersGridDataByPatientId() in OrdersController----
2024-08-30 05:41:52,720 [33] DEBUG LTCPro.ServiceLayer.Log4net - ---Executing GetUserToken() in UserService----
2024-08-30 05:41:52,908 [12] DEBUG LTCPro.ServiceLayer.Log4net - ---Executing GetUserToken() in UserService----
2024-08-30 05:41:52,931 [33] DEBUG LTCPro.ServiceLayer.Log4net - ---Executing GetFacilityNSResidentsDataByPId() in ResidentDemographicController----
2024-08-30 05:41:52,931 [33] DEBUG LTCPro.ServiceLayer.Log4net - ---Executing GetFacilityNSResidentsDataByPId() in ResidentDemographicService----
2024-08-30 05:41:53,118 [12] DEBUG LTCPro.ServiceLayer.Log4net - ---Executing GetNurseNotes() in OrdersController----
2024-08-30 05:41:53,118 [12] DEBUG LTCPro.ServiceLayer.Log4net - ---Executing GetNurseNotes() in OrdersService----
2024-08-30 05:41:53,757 [85] DEBUG LTCPro.ServiceLayer.Log4net - ---Executed Successfully GetSeventyTwoHourDetailsByfilter() in EMARController----
2024-08-30 05:41:54,107 [84] DEBUG LTCPro.ServiceLayer.Log4net - ---Executed Successfully GetPRNDetailsByfilter() in EMARController----
2024-08-30 05:41:54,357 [12] DEBUG LTCPro.ServiceLayer.Log4net - ---Executed Successfully GetNurseNotes() in OrdersController----
2024-08-30 05:41:54,448 [33] DEBUG LTCPro.ServiceLayer.Log4net - ---Executed Successfully GetFacilityNSResidentsDataByPId() in ResidentDemographicController----
2024-08-30 05:41:54,595 [84] DEBUG LTCPro.ServiceLayer.Log4net - ---Executing GetUserToken() in UserService----
2024-08-30 05:41:54,772 [4] DEBUG LTCPro.ServiceLayer.Log4net - ---Executing GetUserToken() in UserService----
2024-08-30 05:41:54,774 [85] DEBUG LTCPro.ServiceLayer.Log4net - ---Executing GetUserToken() in UserService----
2024-08-30 05:41:54,831 [84] DEBUG LTCPro.ServiceLayer.Log4net - ---Executing GetDrFirstFlagForCompanyByNSId() in CompanyController----
2024-08-30 05:41:54,831 [84] DEBUG LTCPro.ServiceLayer.Log4net - ---Executing GetDrFirstFlagForCompanyByNSId() in CompanyService----
2024-08-30 05:41:54,986 [4] DEBUG LTCPro.ServiceLayer.Log4net - ---Executing GetResidentInformation() in ResidentDemographicController----
2024-08-30 05:41:54,986 [4] DEBUG LTCPro.ServiceLayer.Log4net - ---Executing GetResidentInformation() in ResidentDemographicService----
2024-08-30 05:41:54,987 [85] DEBUG LTCPro.ServiceLayer.Log4net - ---Executing GetAllBarcodes() in StockEkitController----
2024-08-30 05:41:54,988 [85] DEBUG LTCPro.ServiceLayer.Log4net - ---Executing GetAllBarcodes() in StockEkitService----
2024-08-30 05:41:54,989 [12] DEBUG LTCPro.ServiceLayer.Log4net - ---Executing GetUserToken() in UserService----
2024-08-30 05:41:55,002 [33] DEBUG LTCPro.ServiceLayer.Log4net - ---Executing GetUserToken() in UserService----
2024-08-30 05:41:55,052 [84] DEBUG LTCPro.ServiceLayer.Log4net - ---Executed Successfully GetDrFirstFlagForCompanyByNSId() in CompanyController----
2024-08-30 05:41:55,082 [87] DEBUG LTCPro.ServiceLayer.Log4net - ---Executing GetUserToken() in UserService----
2024-08-30 05:41:55,198 [12] DEBUG LTCPro.ServiceLayer.Log4net - ---Executing GetOrderRoutes() in OrdersController----
2024-08-30 05:41:55,199 [12] DEBUG LTCPro.ServiceLayer.Log4net - ---Executing GetOrderRoutes() in OrdersService----
2024-08-30 05:41:55,211 [33] DEBUG LTCPro.ServiceLayer.Log4net - ---Executing GetPhysicianDropData() in OrdersController----
2024-08-30 05:41:55,211 [33] DEBUG LTCPro.ServiceLayer.Log4net - ---Executing GetPhysicianDropData() in OrdersService----
2024-08-30 05:41:55,292 [87] DEBUG LTCPro.ServiceLayer.Log4net - ---Executing GetTimeZoneDate() in CommonController----
2024-08-30 05:41:55,292 [87] DEBUG LTCPro.ServiceLayer.Log4net - ---Executing GetTimeZoneDate() in CommonService----
2024-08-30 05:41:55,410 [12] DEBUG LTCPro.ServiceLayer.Log4net - ---Executed Successfully GetOrderRoutes() in OrdersController----
2024-08-30 05:41:55,504 [87] DEBUG LTCPro.ServiceLayer.Log4net - ---Executed Successfully GetTimeZoneDate() in CommonController----
2024-08-30 05:41:55,683 [85] DEBUG LTCPro.ServiceLayer.Log4net - ---Executed Successfully GetAllBarcodes() in StockEkitController----
2024-08-30 05:41:55,685 [33] DEBUG LTCPro.ServiceLayer.Log4net - ---Executed Successfully GetPhysicianDropData() in OrdersController----
2024-08-30 05:41:58,387 [4] DEBUG LTCPro.ServiceLayer.Log4net - ---Executed Successfully GetResidentInformation() in ResidentDemographicController----
2024-08-30 05:41:58,461 [81] DEBUG LTCPro.ServiceLayer.Log4net - ---Executing GetUserToken() in UserService----
2024-08-30 05:41:58,467 [84] DEBUG LTCPro.ServiceLayer.Log4net - ---Executing GetUserToken() in UserService----
2024-08-30 05:41:58,484 [85] DEBUG LTCPro.ServiceLayer.Log4net - ---Executing GetUserToken() in UserService----
2024-08-30 05:41:58,694 [81] DEBUG LTCPro.ServiceLayer.Log4net - ---Executing GetDrFirstOrderCheck() in DrFirstIntegrationController----
2024-08-30 05:41:58,694 [81] DEBUG LTCPro.ServiceLayer.Log4net - ---Executing GetDrFirstOrderCheck() in DrFirstIntegrationService----
2024-08-30 05:41:58,706 [85] DEBUG LTCPro.ServiceLayer.Log4net - ---Executing GetPatientType() in ResidentDemographicController----
2024-08-30 05:41:58,706 [85] DEBUG LTCPro.ServiceLayer.Log4net - ---Executing GetPatientType() in EmarService----
2024-08-30 05:41:58,708 [84] DEBUG LTCPro.ServiceLayer.Log4net - ---Executing GetWeightList(Patient_Id) in AssessmentController----
2024-08-30 05:41:58,708 [84] DEBUG LTCPro.ServiceLayer.Log4net - ---Executing GetWeightList() in AssessmentService----
2024-08-30 05:41:58,755 [33] DEBUG LTCPro.ServiceLayer.Log4net - ---Executing GetUserToken() in UserService----
2024-08-30 05:41:58,755 [34] DEBUG LTCPro.ServiceLayer.Log4net - ---Executing GetUserToken() in UserService----
2024-08-30 05:41:58,904 [81] DEBUG LTCPro.ServiceLayer.Log4net - ---Executed Successfully GetDrFirstOrderCheck() in DrFirstIntegrationController----
2024-08-30 05:41:58,918 [85] DEBUG LTCPro.ServiceLayer.Log4net - ---Executed Successfully GetPatientType() in ResidentDemographicController----
2024-08-30 05:41:58,964 [34] DEBUG LTCPro.ServiceLayer.Log4net - ---Executing GetDiagnosisDetails() in OrdersController----
2024-08-30 05:41:58,965 [34] DEBUG LTCPro.ServiceLayer.Log4net - ---Executing GetDiagnosisDetails() in OrdersService----
2024-08-30 05:41:58,968 [33] DEBUG LTCPro.ServiceLayer.Log4net - ---Executing GetOrderGridData() in OrdersController----
2024-08-30 05:41:58,968 [33] DEBUG LTCPro.ServiceLayer.Log4net - ---Executing GetOrderGridData() in OrdersService----
2024-08-30 05:41:59,224 [33] DEBUG LTCPro.ServiceLayer.Log4net - ---Executed Successfully GetOrderGridData() in OrdersController----
2024-08-30 05:41:59,252 [85] DEBUG LTCPro.ServiceLayer.Log4net - ---Executing GetUserToken() in UserService----
2024-08-30 05:41:59,463 [85] DEBUG LTCPro.ServiceLayer.Log4net - ---Executing GetAllBarcodes() in StockEkitController----
2024-08-30 05:41:59,463 [85] DEBUG LTCPro.ServiceLayer.Log4net - ---Executing GetAllBarcodes() in StockEkitService----
2024-08-30 05:41:59,475 [87] DEBUG LTCPro.ServiceLayer.Log4net - ---Executing GetUserToken() in UserService----
2024-08-30 05:41:59,479 [33] DEBUG LTCPro.ServiceLayer.Log4net - ---Executing GetUserToken() in UserService----
2024-08-30 05:41:59,548 [84] DEBUG LTCPro.ServiceLayer.Log4net - ---Executed Successfully GetWeightList(Patient_Id) in AssessmentController----
2024-08-30 05:41:59,594 [34] DEBUG LTCPro.ServiceLayer.Log4net - ---Executed Successfully GetDiagnosisDetails() in OrdersController----
2024-08-30 05:41:59,684 [87] DEBUG LTCPro.ServiceLayer.Log4net - ---Executing GetOrderGridData() in OrdersController----
2024-08-30 05:41:59,684 [87] DEBUG LTCPro.ServiceLayer.Log4net - ---Executing GetOrderGridData() in OrdersService----
2024-08-30 05:41:59,689 [33] DEBUG LTCPro.ServiceLayer.Log4net - ---Executing GetOrdersData() in OrdersController----
2024-08-30 05:41:59,689 [33] DEBUG LTCPro.ServiceLayer.Log4net - ---Executing GetOrdersData() in OrdersService----
2024-08-30 05:41:59,904 [33] DEBUG LTCPro.ServiceLayer.Log4net - ---Executed Successfully GetOrdersData() in OrdersController----
2024-08-30 05:42:01,924 [87] DEBUG LTCPro.ServiceLayer.Log4net - ---Executed Successfully GetOrderGridData() in OrdersController----
2024-08-30 05:42:02,151 [85] DEBUG LTCPro.ServiceLayer.Log4net - ---Executed Successfully GetAllBarcodes() in StockEkitController----
2024-08-30 05:42:02,161 [87] DEBUG LTCPro.ServiceLayer.Log4net - ---Executing GetUserToken() in UserService----
2024-08-30 05:42:02,448 [12] DEBUG LTCPro.ServiceLayer.Log4net - ---Executing GetUserToken() in UserService----
2024-08-30 05:42:02,460 [87] DEBUG LTCPro.ServiceLayer.Log4net - ---Executing GetOrderStockDetails() in OrdersController----
2024-08-30 05:42:02,460 [87] DEBUG LTCPro.ServiceLayer.Log4net - ---Executing GetOrderStockDetails() in OrdersService----
2024-08-30 05:42:02,482 [34] DEBUG LTCPro.ServiceLayer.Log4net - ---Executing GetUserToken() in UserService----
2024-08-30 05:42:02,490 [33] DEBUG LTCPro.ServiceLayer.Log4net - ---Executing GetUserToken() in UserService----
2024-08-30 05:42:02,662 [12] DEBUG LTCPro.ServiceLayer.Log4net - ---Executing GetFavouritesMasterData() in OrdersController----
2024-08-30 05:42:02,662 [12] DEBUG LTCPro.ServiceLayer.Log4net - ---Executing GetFavouritesMasterData() in OrdersService----
2024-08-30 05:42:02,673 [87] DEBUG LTCPro.ServiceLayer.Log4net - ---Executed Successfully GetOrderStockDetails() in OrdersController----
2024-08-30 05:42:02,691 [34] DEBUG LTCPro.ServiceLayer.Log4net - ---Executing GetNurseNotes() in OrdersController----
2024-08-30 05:42:02,691 [34] DEBUG LTCPro.ServiceLayer.Log4net - ---Executing GetNurseNotes() in OrdersService----
2024-08-30 05:42:02,708 [33] DEBUG LTCPro.ServiceLayer.Log4net - ---Executing GetPhysicianDropData() in OrdersController----
2024-08-30 05:42:02,708 [33] DEBUG LTCPro.ServiceLayer.Log4net - ---Executing GetPhysicianDropData() in OrdersService----
2024-08-30 05:42:02,877 [12] DEBUG LTCPro.ServiceLayer.Log4net - ---Executed Successfully GetFavouritesMasterData() in OrdersController----
2024-08-30 05:42:03,169 [33] DEBUG LTCPro.ServiceLayer.Log4net - ---Executed Successfully GetPhysicianDropData() in OrdersController----
2024-08-30 05:42:03,839 [34] DEBUG LTCPro.ServiceLayer.Log4net - ---Executed Successfully GetNurseNotes() in OrdersController----
2024-08-30 05:43:42,958 [85] DEBUG LTCPro.ServiceLayer.Log4net - ---Executing GetUserToken() in UserService----
2024-08-30 05:43:42,970 [4] DEBUG LTCPro.ServiceLayer.Log4net - ---Executing GetUserToken() in UserService----
2024-08-30 05:43:42,972 [81] DEBUG LTCPro.ServiceLayer.Log4net - ---Executing GetUserToken() in UserService----
2024-08-30 05:43:42,975 [12] DEBUG LTCPro.ServiceLayer.Log4net - ---Executing GetUserToken() in UserService----
2024-08-30 05:43:43,018 [33] DEBUG LTCPro.ServiceLayer.Log4net - ---Executing GetUserToken() in UserService----
2024-08-30 05:43:43,021 [34] DEBUG LTCPro.ServiceLayer.Log4net - ---Executing GetUserToken() in UserService----
2024-08-30 05:43:43,088 [6] DEBUG LTCPro.ServiceLayer.Log4net - ---Executing GetUserToken() in UserService----
2024-08-30 05:43:43,846 [33] ERROR LTCPro.ServiceLayer.Log4net - ===================================
2024-08-30 05:43:43,850 [85] ERROR LTCPro.ServiceLayer.Log4net - ===================================
2024-08-30 05:43:43,850 [4] ERROR LTCPro.ServiceLayer.Log4net - ===================================
2024-08-30 05:43:43,868 [81] ERROR LTCPro.ServiceLayer.Log4net - ===================================
2024-08-30 05:43:43,897 [34] ERROR LTCPro.ServiceLayer.Log4net - ===================================
2024-08-30 05:43:43,897 [12] ERROR LTCPro.ServiceLayer.Log4net - ===================================
2024-08-30 05:43:44,325 [85] ERROR LTCPro.ServiceLayer.Log4net -  Source : = mscorlib
2024-08-30 05:43:44,325 [34] ERROR LTCPro.ServiceLayer.Log4net -  Source : = mscorlib
2024-08-30 05:43:44,325 [12] ERROR LTCPro.ServiceLayer.Log4net -  Source : = mscorlib
2024-08-30 05:43:44,325 [85] ERROR LTCPro.ServiceLayer.Log4net -  Stack Trace : =    at System.Runtime.CompilerServices.TaskAwaiter.ThrowForNonSuccess(Task task)
   at System.Runtime.CompilerServices.TaskAwaiter.HandleNonSuccessAndDebuggerNotification(Task task)
   at System.Web.Http.Controllers.ApiControllerActionInvoker.<InvokeActionAsyncCore>d__1.MoveNext()
--- End of stack trace from previous location where exception was thrown ---
   at System.Runtime.CompilerServices.TaskAwaiter.ThrowForNonSuccess(Task task)
   at System.Runtime.CompilerServices.TaskAwaiter.HandleNonSuccessAndDebuggerNotification(Task task)
   at System.Web.Http.Controllers.ActionFilterResult.<ExecuteAsync>d__5.MoveNext()
--- End of stack trace from previous location where exception was thrown ---
   at System.Runtime.CompilerServices.TaskAwaiter.ThrowForNonSuccess(Task task)
   at System.Runtime.CompilerServices.TaskAwaiter.HandleNonSuccessAndDebuggerNotification(Task task)
   at System.Web.Http.Filters.AuthorizationFilterAttribute.<ExecuteAuthorizationFilterAsyncCore>d__3.MoveNext()
--- End of stack trace from previous location where exception was thrown ---
   at System.Runtime.CompilerServices.TaskAwaiter.ThrowForNonSuccess(Task task)
   at System.Runtime.CompilerServices.TaskAwaiter.HandleNonSuccessAndDebuggerNotification(Task task)
   at System.Web.Http.Controllers.ExceptionFilterResult.<ExecuteAsync>d__6.MoveNext()
2024-08-30 05:43:44,325 [85] ERROR LTCPro.ServiceLayer.Log4net -  Exception Message : = A task was canceled.
2024-08-30 05:43:44,325 [85] ERROR LTCPro.ServiceLayer.Log4net - ============= Inner Exception  Stack Trace  ===========
2024-08-30 05:43:44,325 [85] ERROR LTCPro.ServiceLayer.Log4net -  Inner Exception  Stack Trace : =    at System.Runtime.CompilerServices.TaskAwaiter.ThrowForNonSuccess(Task task)
   at System.Runtime.CompilerServices.TaskAwaiter.HandleNonSuccessAndDebuggerNotification(Task task)
   at System.Web.Http.Controllers.ApiControllerActionInvoker.<InvokeActionAsyncCore>d__1.MoveNext()
--- End of stack trace from previous location where exception was thrown ---
   at System.Runtime.CompilerServices.TaskAwaiter.ThrowForNonSuccess(Task task)
   at System.Runtime.CompilerServices.TaskAwaiter.HandleNonSuccessAndDebuggerNotification(Task task)
   at System.Web.Http.Controllers.ActionFilterResult.<ExecuteAsync>d__5.MoveNext()
--- End of stack trace from previous location where exception was thrown ---
   at System.Runtime.CompilerServices.TaskAwaiter.ThrowForNonSuccess(Task task)
   at System.Runtime.CompilerServices.TaskAwaiter.HandleNonSuccessAndDebuggerNotification(Task task)
   at System.Web.Http.Filters.AuthorizationFilterAttribute.<ExecuteAuthorizationFilterAsyncCore>d__3.MoveNext()
--- End of stack trace from previous location where exception was thrown ---
   at System.Runtime.CompilerServices.TaskAwaiter.ThrowForNonSuccess(Task task)
   at System.Runtime.CompilerServices.TaskAwaiter.HandleNonSuccessAndDebuggerNotification(Task task)
   at System.Web.Http.Controllers.ExceptionFilterResult.<ExecuteAsync>d__6.MoveNext()
2024-08-30 05:43:44,325 [85] ERROR LTCPro.ServiceLayer.Log4net - =============  Exception  Stack Trace End  ===========
2024-08-30 05:43:44,325 [12] ERROR LTCPro.ServiceLayer.Log4net -  Stack Trace : =    at System.Runtime.CompilerServices.TaskAwaiter.ThrowForNonSuccess(Task task)
   at System.Runtime.CompilerServices.TaskAwaiter.HandleNonSuccessAndDebuggerNotification(Task task)
   at System.Web.Http.Controllers.ApiControllerActionInvoker.<InvokeActionAsyncCore>d__1.MoveNext()
--- End of stack trace from previous location where exception was thrown ---
   at System.Runtime.CompilerServices.TaskAwaiter.ThrowForNonSuccess(Task task)
   at System.Runtime.CompilerServices.TaskAwaiter.HandleNonSuccessAndDebuggerNotification(Task task)
   at System.Web.Http.Controllers.ActionFilterResult.<ExecuteAsync>d__5.MoveNext()
--- End of stack trace from previous location where exception was thrown ---
   at System.Runtime.CompilerServices.TaskAwaiter.ThrowForNonSuccess(Task task)
   at System.Runtime.CompilerServices.TaskAwaiter.HandleNonSuccessAndDebuggerNotification(Task task)
   at System.Web.Http.Filters.AuthorizationFilterAttribute.<ExecuteAuthorizationFilterAsyncCore>d__3.MoveNext()
--- End of stack trace from previous location where exception was thrown ---
   at System.Runtime.CompilerServices.TaskAwaiter.ThrowForNonSuccess(Task task)
   at System.Runtime.CompilerServices.TaskAwaiter.HandleNonSuccessAndDebuggerNotification(Task task)
   at System.Web.Http.Controllers.ExceptionFilterResult.<ExecuteAsync>d__6.MoveNext()
2024-08-30 05:43:44,325 [34] ERROR LTCPro.ServiceLayer.Log4net -  Stack Trace : =    at System.Runtime.CompilerServices.TaskAwaiter.ThrowForNonSuccess(Task task)
   at System.Runtime.CompilerServices.TaskAwaiter.HandleNonSuccessAndDebuggerNotification(Task task)
   at System.Web.Http.Controllers.ApiControllerActionInvoker.<InvokeActionAsyncCore>d__1.MoveNext()
--- End of stack trace from previous location where exception was thrown ---
   at System.Runtime.CompilerServices.TaskAwaiter.ThrowForNonSuccess(Task task)
   at System.Runtime.CompilerServices.TaskAwaiter.HandleNonSuccessAndDebuggerNotification(Task task)
   at System.Web.Http.Controllers.ActionFilterResult.<ExecuteAsync>d__5.MoveNext()
--- End of stack trace from previous location where exception was thrown ---
   at System.Runtime.CompilerServices.TaskAwaiter.ThrowForNonSuccess(Task task)
   at System.Runtime.CompilerServices.TaskAwaiter.HandleNonSuccessAndDebuggerNotification(Task task)
   at System.Web.Http.Filters.AuthorizationFilterAttribute.<ExecuteAuthorizationFilterAsyncCore>d__3.MoveNext()
--- End of stack trace from previous location where exception was thrown ---
   at System.Runtime.CompilerServices.TaskAwaiter.ThrowForNonSuccess(Task task)
   at System.Runtime.CompilerServices.TaskAwaiter.HandleNonSuccessAndDebuggerNotification(Task task)
   at System.Web.Http.Controllers.ExceptionFilterResult.<ExecuteAsync>d__6.MoveNext()
2024-08-30 05:43:44,325 [34] ERROR LTCPro.ServiceLayer.Log4net -  Exception Message : = A task was canceled.
2024-08-30 05:43:44,326 [34] ERROR LTCPro.ServiceLayer.Log4net - ============= Inner Exception  Stack Trace  ===========
2024-08-30 05:43:44,325 [33] ERROR LTCPro.ServiceLayer.Log4net -  Source : = mscorlib
2024-08-30 05:43:44,326 [34] ERROR LTCPro.ServiceLayer.Log4net -  Inner Exception  Stack Trace : =    at System.Runtime.CompilerServices.TaskAwaiter.ThrowForNonSuccess(Task task)
   at System.Runtime.CompilerServices.TaskAwaiter.HandleNonSuccessAndDebuggerNotification(Task task)
   at System.Web.Http.Controllers.ApiControllerActionInvoker.<InvokeActionAsyncCore>d__1.MoveNext()
--- End of stack trace from previous location where exception was thrown ---
   at System.Runtime.CompilerServices.TaskAwaiter.ThrowForNonSuccess(Task task)
   at System.Runtime.CompilerServices.TaskAwaiter.HandleNonSuccessAndDebuggerNotification(Task task)
   at System.Web.Http.Controllers.ActionFilterResult.<ExecuteAsync>d__5.MoveNext()
--- End of stack trace from previous location where exception was thrown ---
   at System.Runtime.CompilerServices.TaskAwaiter.ThrowForNonSuccess(Task task)
   at System.Runtime.CompilerServices.TaskAwaiter.HandleNonSuccessAndDebuggerNotification(Task task)
   at System.Web.Http.Filters.AuthorizationFilterAttribute.<ExecuteAuthorizationFilterAsyncCore>d__3.MoveNext()
--- End of stack trace from previous location where exception was thrown ---
   at System.Runtime.CompilerServices.TaskAwaiter.ThrowForNonSuccess(Task task)
   at System.Runtime.CompilerServices.TaskAwaiter.HandleNonSuccessAndDebuggerNotification(Task task)
   at System.Web.Http.Controllers.ExceptionFilterResult.<ExecuteAsync>d__6.MoveNext()
2024-08-30 05:43:44,326 [34] ERROR LTCPro.ServiceLayer.Log4net - =============  Exception  Stack Trace End  ===========
2024-08-30 05:43:44,326 [33] ERROR LTCPro.ServiceLayer.Log4net -  Stack Trace : =    at System.Runtime.CompilerServices.TaskAwaiter.ThrowForNonSuccess(Task task)
   at System.Runtime.CompilerServices.TaskAwaiter.HandleNonSuccessAndDebuggerNotification(Task task)
   at System.Web.Http.Controllers.ApiControllerActionInvoker.<InvokeActionAsyncCore>d__1.MoveNext()
--- End of stack trace from previous location where exception was thrown ---
   at System.Runtime.CompilerServices.TaskAwaiter.ThrowForNonSuccess(Task task)
   at System.Runtime.CompilerServices.TaskAwaiter.HandleNonSuccessAndDebuggerNotification(Task task)
   at System.Web.Http.Controllers.ActionFilterResult.<ExecuteAsync>d__5.MoveNext()
--- End of stack trace from previous location where exception was thrown ---
   at System.Runtime.CompilerServices.TaskAwaiter.ThrowForNonSuccess(Task task)
   at System.Runtime.CompilerServices.TaskAwaiter.HandleNonSuccessAndDebuggerNotification(Task task)
   at System.Web.Http.Filters.AuthorizationFilterAttribute.<ExecuteAuthorizationFilterAsyncCore>d__3.MoveNext()
--- End of stack trace from previous location where exception was thrown ---
   at System.Runtime.CompilerServices.TaskAwaiter.ThrowForNonSuccess(Task task)
   at System.Runtime.CompilerServices.TaskAwaiter.HandleNonSuccessAndDebuggerNotification(Task task)
   at System.Web.Http.Controllers.ExceptionFilterResult.<ExecuteAsync>d__6.MoveNext()
2024-08-30 05:43:44,326 [33] ERROR LTCPro.ServiceLayer.Log4net -  Exception Message : = A task was canceled.
2024-08-30 05:43:44,326 [33] ERROR LTCPro.ServiceLayer.Log4net - ============= Inner Exception  Stack Trace  ===========
2024-08-30 05:43:44,326 [4] ERROR LTCPro.ServiceLayer.Log4net -  Source : = mscorlib
2024-08-30 05:43:44,326 [33] ERROR LTCPro.ServiceLayer.Log4net -  Inner Exception  Stack Trace : =    at System.Runtime.CompilerServices.TaskAwaiter.ThrowForNonSuccess(Task task)
   at System.Runtime.CompilerServices.TaskAwaiter.HandleNonSuccessAndDebuggerNotification(Task task)
   at System.Web.Http.Controllers.ApiControllerActionInvoker.<InvokeActionAsyncCore>d__1.MoveNext()
--- End of stack trace from previous location where exception was thrown ---
   at System.Runtime.CompilerServices.TaskAwaiter.ThrowForNonSuccess(Task task)
   at System.Runtime.CompilerServices.TaskAwaiter.HandleNonSuccessAndDebuggerNotification(Task task)
   at System.Web.Http.Controllers.ActionFilterResult.<ExecuteAsync>d__5.MoveNext()
--- End of stack trace from previous location where exception was thrown ---
   at System.Runtime.CompilerServices.TaskAwaiter.ThrowForNonSuccess(Task task)
   at System.Runtime.CompilerServices.TaskAwaiter.HandleNonSuccessAndDebuggerNotification(Task task)
   at System.Web.Http.Filters.AuthorizationFilterAttribute.<ExecuteAuthorizationFilterAsyncCore>d__3.MoveNext()
--- End of stack trace from previous location where exception was thrown ---
   at System.Runtime.CompilerServices.TaskAwaiter.ThrowForNonSuccess(Task task)
   at System.Runtime.CompilerServices.TaskAwaiter.HandleNonSuccessAndDebuggerNotification(Task task)
   at System.Web.Http.Controllers.ExceptionFilterResult.<ExecuteAsync>d__6.MoveNext()
2024-08-30 05:43:44,326 [33] ERROR LTCPro.ServiceLayer.Log4net - =============  Exception  Stack Trace End  ===========
2024-08-30 05:43:44,325 [81] ERROR LTCPro.ServiceLayer.Log4net -  Source : = mscorlib
2024-08-30 05:43:44,326 [81] ERROR LTCPro.ServiceLayer.Log4net -  Stack Trace : =    at System.Runtime.CompilerServices.TaskAwaiter.ThrowForNonSuccess(Task task)
   at System.Runtime.CompilerServices.TaskAwaiter.HandleNonSuccessAndDebuggerNotification(Task task)
   at System.Web.Http.Controllers.ApiControllerActionInvoker.<InvokeActionAsyncCore>d__1.MoveNext()
--- End of stack trace from previous location where exception was thrown ---
   at System.Runtime.CompilerServices.TaskAwaiter.ThrowForNonSuccess(Task task)
   at System.Runtime.CompilerServices.TaskAwaiter.HandleNonSuccessAndDebuggerNotification(Task task)
   at System.Web.Http.Controllers.ActionFilterResult.<ExecuteAsync>d__5.MoveNext()
--- End of stack trace from previous location where exception was thrown ---
   at System.Runtime.CompilerServices.TaskAwaiter.ThrowForNonSuccess(Task task)
   at System.Runtime.CompilerServices.TaskAwaiter.HandleNonSuccessAndDebuggerNotification(Task task)
   at System.Web.Http.Filters.AuthorizationFilterAttribute.<ExecuteAuthorizationFilterAsyncCore>d__3.MoveNext()
--- End of stack trace from previous location where exception was thrown ---
   at System.Runtime.CompilerServices.TaskAwaiter.ThrowForNonSuccess(Task task)
   at System.Runtime.CompilerServices.TaskAwaiter.HandleNonSuccessAndDebuggerNotification(Task task)
   at System.Web.Http.Controllers.ExceptionFilterResult.<ExecuteAsync>d__6.MoveNext()
2024-08-30 05:43:44,326 [81] ERROR LTCPro.ServiceLayer.Log4net -  Exception Message : = A task was canceled.
2024-08-30 05:43:44,326 [81] ERROR LTCPro.ServiceLayer.Log4net - ============= Inner Exception  Stack Trace  ===========
2024-08-30 05:43:44,326 [4] ERROR LTCPro.ServiceLayer.Log4net -  Stack Trace : =    at System.Runtime.CompilerServices.TaskAwaiter.ThrowForNonSuccess(Task task)
   at System.Runtime.CompilerServices.TaskAwaiter.HandleNonSuccessAndDebuggerNotification(Task task)
   at System.Web.Http.Controllers.ApiControllerActionInvoker.<InvokeActionAsyncCore>d__1.MoveNext()
--- End of stack trace from previous location where exception was thrown ---
   at System.Runtime.CompilerServices.TaskAwaiter.ThrowForNonSuccess(Task task)
   at System.Runtime.CompilerServices.TaskAwaiter.HandleNonSuccessAndDebuggerNotification(Task task)
   at System.Web.Http.Controllers.ActionFilterResult.<ExecuteAsync>d__5.MoveNext()
--- End of stack trace from previous location where exception was thrown ---
   at System.Runtime.CompilerServices.TaskAwaiter.ThrowForNonSuccess(Task task)
   at System.Runtime.CompilerServices.TaskAwaiter.HandleNonSuccessAndDebuggerNotification(Task task)
   at System.Web.Http.Filters.AuthorizationFilterAttribute.<ExecuteAuthorizationFilterAsyncCore>d__3.MoveNext()
--- End of stack trace from previous location where exception was thrown ---
   at System.Runtime.CompilerServices.TaskAwaiter.ThrowForNonSuccess(Task task)
   at System.Runtime.CompilerServices.TaskAwaiter.HandleNonSuccessAndDebuggerNotification(Task task)
   at System.Web.Http.Controllers.ExceptionFilterResult.<ExecuteAsync>d__6.MoveNext()
2024-08-30 05:43:44,326 [4] ERROR LTCPro.ServiceLayer.Log4net -  Exception Message : = A task was canceled.
2024-08-30 05:43:44,326 [4] ERROR LTCPro.ServiceLayer.Log4net - ============= Inner Exception  Stack Trace  ===========
2024-08-30 05:43:44,326 [81] ERROR LTCPro.ServiceLayer.Log4net -  Inner Exception  Stack Trace : =    at System.Runtime.CompilerServices.TaskAwaiter.ThrowForNonSuccess(Task task)
   at System.Runtime.CompilerServices.TaskAwaiter.HandleNonSuccessAndDebuggerNotification(Task task)
   at System.Web.Http.Controllers.ApiControllerActionInvoker.<InvokeActionAsyncCore>d__1.MoveNext()
--- End of stack trace from previous location where exception was thrown ---
   at System.Runtime.CompilerServices.TaskAwaiter.ThrowForNonSuccess(Task task)
   at System.Runtime.CompilerServices.TaskAwaiter.HandleNonSuccessAndDebuggerNotification(Task task)
   at System.Web.Http.Controllers.ActionFilterResult.<ExecuteAsync>d__5.MoveNext()
--- End of stack trace from previous location where exception was thrown ---
   at System.Runtime.CompilerServices.TaskAwaiter.ThrowForNonSuccess(Task task)
   at System.Runtime.CompilerServices.TaskAwaiter.HandleNonSuccessAndDebuggerNotification(Task task)
   at System.Web.Http.Filters.AuthorizationFilterAttribute.<ExecuteAuthorizationFilterAsyncCore>d__3.MoveNext()
--- End of stack trace from previous location where exception was thrown ---
   at System.Runtime.CompilerServices.TaskAwaiter.ThrowForNonSuccess(Task task)
   at System.Runtime.CompilerServices.TaskAwaiter.HandleNonSuccessAndDebuggerNotification(Task task)
   at System.Web.Http.Controllers.ExceptionFilterResult.<ExecuteAsync>d__6.MoveNext()
2024-08-30 05:43:44,326 [81] ERROR LTCPro.ServiceLayer.Log4net - =============  Exception  Stack Trace End  ===========
2024-08-30 05:43:44,326 [4] ERROR LTCPro.ServiceLayer.Log4net -  Inner Exception  Stack Trace : =    at System.Runtime.CompilerServices.TaskAwaiter.ThrowForNonSuccess(Task task)
   at System.Runtime.CompilerServices.TaskAwaiter.HandleNonSuccessAndDebuggerNotification(Task task)
   at System.Web.Http.Controllers.ApiControllerActionInvoker.<InvokeActionAsyncCore>d__1.MoveNext()
--- End of stack trace from previous location where exception was thrown ---
   at System.Runtime.CompilerServices.TaskAwaiter.ThrowForNonSuccess(Task task)
   at System.Runtime.CompilerServices.TaskAwaiter.HandleNonSuccessAndDebuggerNotification(Task task)
   at System.Web.Http.Controllers.ActionFilterResult.<ExecuteAsync>d__5.MoveNext()
--- End of stack trace from previous location where exception was thrown ---
   at System.Runtime.CompilerServices.TaskAwaiter.ThrowForNonSuccess(Task task)
   at System.Runtime.CompilerServices.TaskAwaiter.HandleNonSuccessAndDebuggerNotification(Task task)
   at System.Web.Http.Filters.AuthorizationFilterAttribute.<ExecuteAuthorizationFilterAsyncCore>d__3.MoveNext()
--- End of stack trace from previous location where exception was thrown ---
   at System.Runtime.CompilerServices.TaskAwaiter.ThrowForNonSuccess(Task task)
   at System.Runtime.CompilerServices.TaskAwaiter.HandleNonSuccessAndDebuggerNotification(Task task)
   at System.Web.Http.Controllers.ExceptionFilterResult.<ExecuteAsync>d__6.MoveNext()
2024-08-30 05:43:44,326 [12] ERROR LTCPro.ServiceLayer.Log4net -  Exception Message : = A task was canceled.
2024-08-30 05:43:44,326 [12] ERROR LTCPro.ServiceLayer.Log4net - ============= Inner Exception  Stack Trace  ===========
2024-08-30 05:43:44,326 [4] ERROR LTCPro.ServiceLayer.Log4net - =============  Exception  Stack Trace End  ===========
2024-08-30 05:43:44,326 [12] ERROR LTCPro.ServiceLayer.Log4net -  Inner Exception  Stack Trace : =    at System.Runtime.CompilerServices.TaskAwaiter.ThrowForNonSuccess(Task task)
   at System.Runtime.CompilerServices.TaskAwaiter.HandleNonSuccessAndDebuggerNotification(Task task)
   at System.Web.Http.Controllers.ApiControllerActionInvoker.<InvokeActionAsyncCore>d__1.MoveNext()
--- End of stack trace from previous location where exception was thrown ---
   at System.Runtime.CompilerServices.TaskAwaiter.ThrowForNonSuccess(Task task)
   at System.Runtime.CompilerServices.TaskAwaiter.HandleNonSuccessAndDebuggerNotification(Task task)
   at System.Web.Http.Controllers.ActionFilterResult.<ExecuteAsync>d__5.MoveNext()
--- End of stack trace from previous location where exception was thrown ---
   at System.Runtime.CompilerServices.TaskAwaiter.ThrowForNonSuccess(Task task)
   at System.Runtime.CompilerServices.TaskAwaiter.HandleNonSuccessAndDebuggerNotification(Task task)
   at System.Web.Http.Filters.AuthorizationFilterAttribute.<ExecuteAuthorizationFilterAsyncCore>d__3.MoveNext()
--- End of stack trace from previous location where exception was thrown ---
   at System.Runtime.CompilerServices.TaskAwaiter.ThrowForNonSuccess(Task task)
   at System.Runtime.CompilerServices.TaskAwaiter.HandleNonSuccessAndDebuggerNotification(Task task)
   at System.Web.Http.Controllers.ExceptionFilterResult.<ExecuteAsync>d__6.MoveNext()
2024-08-30 05:43:44,326 [12] ERROR LTCPro.ServiceLayer.Log4net - =============  Exception  Stack Trace End  ===========
2024-08-30 05:43:44,606 [6] ERROR LTCPro.ServiceLayer.Log4net - ===================================
2024-08-30 05:43:44,606 [6] ERROR LTCPro.ServiceLayer.Log4net -  Source : = mscorlib
2024-08-30 05:43:44,606 [6] ERROR LTCPro.ServiceLayer.Log4net -  Stack Trace : =    at System.Runtime.CompilerServices.TaskAwaiter.ThrowForNonSuccess(Task task)
   at System.Runtime.CompilerServices.TaskAwaiter.HandleNonSuccessAndDebuggerNotification(Task task)
   at System.Web.Http.Controllers.ApiControllerActionInvoker.<InvokeActionAsyncCore>d__1.MoveNext()
--- End of stack trace from previous location where exception was thrown ---
   at System.Runtime.CompilerServices.TaskAwaiter.ThrowForNonSuccess(Task task)
   at System.Runtime.CompilerServices.TaskAwaiter.HandleNonSuccessAndDebuggerNotification(Task task)
   at System.Web.Http.Controllers.ActionFilterResult.<ExecuteAsync>d__5.MoveNext()
--- End of stack trace from previous location where exception was thrown ---
   at System.Runtime.CompilerServices.TaskAwaiter.ThrowForNonSuccess(Task task)
   at System.Runtime.CompilerServices.TaskAwaiter.HandleNonSuccessAndDebuggerNotification(Task task)
   at System.Web.Http.Filters.AuthorizationFilterAttribute.<ExecuteAuthorizationFilterAsyncCore>d__3.MoveNext()
--- End of stack trace from previous location where exception was thrown ---
   at System.Runtime.CompilerServices.TaskAwaiter.ThrowForNonSuccess(Task task)
   at System.Runtime.CompilerServices.TaskAwaiter.HandleNonSuccessAndDebuggerNotification(Task task)
   at System.Web.Http.Controllers.ExceptionFilterResult.<ExecuteAsync>d__6.MoveNext()
2024-08-30 05:43:44,606 [6] ERROR LTCPro.ServiceLayer.Log4net -  Exception Message : = A task was canceled.
2024-08-30 05:43:44,606 [6] ERROR LTCPro.ServiceLayer.Log4net - ============= Inner Exception  Stack Trace  ===========
2024-08-30 05:43:44,606 [6] ERROR LTCPro.ServiceLayer.Log4net -  Inner Exception  Stack Trace : =    at System.Runtime.CompilerServices.TaskAwaiter.ThrowForNonSuccess(Task task)
   at System.Runtime.CompilerServices.TaskAwaiter.HandleNonSuccessAndDebuggerNotification(Task task)
   at System.Web.Http.Controllers.ApiControllerActionInvoker.<InvokeActionAsyncCore>d__1.MoveNext()
--- End of stack trace from previous location where exception was thrown ---
   at System.Runtime.CompilerServices.TaskAwaiter.ThrowForNonSuccess(Task task)
   at System.Runtime.CompilerServices.TaskAwaiter.HandleNonSuccessAndDebuggerNotification(Task task)
   at System.Web.Http.Controllers.ActionFilterResult.<ExecuteAsync>d__5.MoveNext()
--- End of stack trace from previous location where exception was thrown ---
   at System.Runtime.CompilerServices.TaskAwaiter.ThrowForNonSuccess(Task task)
   at System.Runtime.CompilerServices.TaskAwaiter.HandleNonSuccessAndDebuggerNotification(Task task)
   at System.Web.Http.Filters.AuthorizationFilterAttribute.<ExecuteAuthorizationFilterAsyncCore>d__3.MoveNext()
--- End of stack trace from previous location where exception was thrown ---
   at System.Runtime.CompilerServices.TaskAwaiter.ThrowForNonSuccess(Task task)
   at System.Runtime.CompilerServices.TaskAwaiter.HandleNonSuccessAndDebuggerNotification(Task task)
   at System.Web.Http.Controllers.ExceptionFilterResult.<ExecuteAsync>d__6.MoveNext()
2024-08-30 05:43:44,606 [6] ERROR LTCPro.ServiceLayer.Log4net - =============  Exception  Stack Trace End  ===========
2024-08-30 05:43:55,080 [54] DEBUG LTCPro.ServiceLayer.Log4net - ---Executing GetUserToken() in UserService----
2024-08-30 05:43:55,098 [35] DEBUG LTCPro.ServiceLayer.Log4net - ---Executing GetUserToken() in UserService----
2024-08-30 05:43:55,122 [56] DEBUG LTCPro.ServiceLayer.Log4net - ---Executing GetUserToken() in UserService----
2024-08-30 05:43:55,131 [29] DEBUG LTCPro.ServiceLayer.Log4net - ---Executing GetUserToken() in UserService----
2024-08-30 05:43:55,205 [87] DEBUG LTCPro.ServiceLayer.Log4net - ---Executing GetUserToken() in UserService----
2024-08-30 05:43:55,205 [5] DEBUG LTCPro.ServiceLayer.Log4net - ---Executing GetUserToken() in UserService----
2024-08-30 05:43:55,295 [54] DEBUG LTCPro.ServiceLayer.Log4net - ---Executing GetAlertsDetails() in MailboxController----
2024-08-30 05:43:55,295 [54] DEBUG LTCPro.ServiceLayer.Log4net - ---Executing GetAlertsDetails() in MailboxService----
2024-08-30 05:43:55,310 [35] DEBUG LTCPro.ServiceLayer.Log4net - ---Executing GetReadMailsCount() in MailboxController----
2024-08-30 05:43:55,310 [35] DEBUG LTCPro.ServiceLayer.Log4net - ---Executing GetReadMailsCount() in MailboxService----
2024-08-30 05:43:55,356 [56] DEBUG LTCPro.ServiceLayer.Log4net - ---Executing GetUserRecentFacNs() in UserController----
2024-08-30 05:43:55,356 [56] DEBUG LTCPro.ServiceLayer.Log4net - ---Executing GetUserRecentFacNs() in UserService----
2024-08-30 05:43:55,357 [29] DEBUG LTCPro.ServiceLayer.Log4net - ---Executing GetDueMARAlertData() in EmarController----
2024-08-30 05:43:55,357 [29] DEBUG LTCPro.ServiceLayer.Log4net - ---Executing GetDueMARAlertData() in EmarService----
2024-08-30 05:43:55,419 [5] DEBUG LTCPro.ServiceLayer.Log4net - ---Executing GetOutboundErrorDetails() in CommonController----
2024-08-30 05:43:55,419 [5] DEBUG LTCPro.ServiceLayer.Log4net - ---Executing GetOutboundErrorDetails() in CommonService----
2024-08-30 05:43:55,420 [87] DEBUG LTCPro.ServiceLayer.Log4net - ---Executing GetPendingDosesList() in CommonController----
2024-08-30 05:43:55,420 [87] DEBUG LTCPro.ServiceLayer.Log4net - ---Executing GetPendingDosesList() in CommonService----
2024-08-30 05:43:55,519 [35] DEBUG LTCPro.ServiceLayer.Log4net - ---Executed successfully GetReadMailsCount() in MailboxController----
2024-08-30 05:43:55,538 [88] DEBUG LTCPro.ServiceLayer.Log4net - ---Executing GetUserToken() in UserService----
2024-08-30 05:43:55,900 [56] DEBUG LTCPro.ServiceLayer.Log4net - ---Executed Successfully GetUserRecentFacNs() in UserController----
2024-08-30 05:43:55,904 [54] DEBUG LTCPro.ServiceLayer.Log4net - ---Executed successfully GetAlertsDetails() in MailboxController----
2024-08-30 05:43:55,905 [88] DEBUG LTCPro.ServiceLayer.Log4net - ---Executing GetUserRecentFacNs() in UserController----
2024-08-30 05:43:55,905 [88] DEBUG LTCPro.ServiceLayer.Log4net - ---Executing GetUserRecentFacNs() in UserService----
2024-08-30 05:43:55,947 [25] DEBUG LTCPro.ServiceLayer.Log4net - ---Executing GetUserToken() in UserService----
2024-08-30 05:43:56,154 [54] DEBUG LTCPro.ServiceLayer.Log4net - ---Executing GetUserToken() in UserService----
2024-08-30 05:43:56,350 [88] DEBUG LTCPro.ServiceLayer.Log4net - ---Executed Successfully GetUserRecentFacNs() in UserController----
2024-08-30 05:43:56,367 [54] DEBUG LTCPro.ServiceLayer.Log4net - ---Executing OrderEndingSoonStatus() in OrdersController----
2024-08-30 05:43:56,367 [54] DEBUG LTCPro.ServiceLayer.Log4net - ---Executing OrderEndingSoonStatus() in OrdersService----
2024-08-30 05:43:56,377 [86] DEBUG LTCPro.ServiceLayer.Log4net - ---Executing GetUserToken() in UserService----
2024-08-30 05:43:56,404 [25] DEBUG LTCPro.ServiceLayer.Log4net - ---Executing InsertUserActivityDetails() in CompanyController----
2024-08-30 05:43:56,404 [25] DEBUG LTCPro.ServiceLayer.Log4net - ---Executing InsertUserActivityDetails() in UserActivityService----
2024-08-30 05:43:56,587 [86] DEBUG LTCPro.ServiceLayer.Log4net - ---Executing GetUserPassedDueFlag() in UserController----
2024-08-30 05:43:56,587 [86] DEBUG LTCPro.ServiceLayer.Log4net - ---Executing GetUserPassedDueFlag() in UserService----
2024-08-30 05:43:56,800 [86] DEBUG LTCPro.ServiceLayer.Log4net - ---Executed Successfully GetUserPassedDueFlag() in UserController----
2024-08-30 05:43:56,801 [54] DEBUG LTCPro.ServiceLayer.Log4net - ---Executed Successfully OrderEndingSoonStatus() in OrdersController----
2024-08-30 05:43:56,831 [32] DEBUG LTCPro.ServiceLayer.Log4net - ---Executing GetUserToken() in UserService----
2024-08-30 05:43:56,831 [31] DEBUG LTCPro.ServiceLayer.Log4net - ---Executing GetUserToken() in UserService----
2024-08-30 05:43:57,046 [31] DEBUG LTCPro.ServiceLayer.Log4net - ---Executing GetUserAccessFacilityNurseStaions() in FacilityController----
2024-08-30 05:43:57,046 [31] DEBUG LTCPro.ServiceLayer.Log4net - ---Executing GetUserAccessFacilityNurseStaions() in FacilityService----
2024-08-30 05:43:57,048 [32] DEBUG LTCPro.ServiceLayer.Log4net - ---Executing GetUserAccessFacilityNurseStaions() in FacilityController----
2024-08-30 05:43:57,048 [32] DEBUG LTCPro.ServiceLayer.Log4net - ---Executing GetUserAccessFacilityNurseStaions() in FacilityService----
2024-08-30 05:43:57,057 [25] DEBUG LTCPro.ServiceLayer.Log4net - ---Executed Successfully InsertUserActivityDetails() in CompanyController----
2024-08-30 05:43:57,468 [32] DEBUG LTCPro.ServiceLayer.Log4net - ---Executed Successfully GetUserAccessFacilityNurseStaions() in FacilityController----
2024-08-30 05:43:57,469 [31] DEBUG LTCPro.ServiceLayer.Log4net - ---Executed Successfully GetUserAccessFacilityNurseStaions() in FacilityController----
2024-08-30 05:43:57,495 [86] DEBUG LTCPro.ServiceLayer.Log4net - ---Executing GetUserToken() in UserService----
2024-08-30 05:43:57,707 [86] DEBUG LTCPro.ServiceLayer.Log4net - ---Executing UserNurseStationDrop() in FacilityController----
2024-08-30 05:43:57,707 [86] DEBUG LTCPro.ServiceLayer.Log4net - ---Executing UserNurseStationDrop() in FacilityService----
2024-08-30 05:43:57,763 [29] DEBUG LTCPro.ServiceLayer.Log4net - ---Executed Successfully GetDueMARAlertData() in EmarController----
2024-08-30 05:43:57,919 [86] DEBUG LTCPro.ServiceLayer.Log4net - ---Executed Successfully UserNurseStationDrop() in FacilityController----
2024-08-30 05:43:58,236 [87] DEBUG LTCPro.ServiceLayer.Log4net - ---Executed Successfully GetPendingDosesList() in CommonController----
2024-08-30 05:43:58,254 [56] DEBUG LTCPro.ServiceLayer.Log4net - ---Executing GetUserToken() in UserService----
2024-08-30 05:43:58,268 [88] DEBUG LTCPro.ServiceLayer.Log4net - ---Executing GetUserToken() in UserService----
2024-08-30 05:43:58,307 [26] DEBUG LTCPro.ServiceLayer.Log4net - ---Executing GetUserToken() in UserService----
2024-08-30 05:43:58,466 [56] DEBUG LTCPro.ServiceLayer.Log4net - ---Executing GetPRNDetailsByfilter() in EMARController----
2024-08-30 05:43:58,466 [56] DEBUG LTCPro.ServiceLayer.Log4net - ---Executing GetPRNDetailsByfilter() in EmarService----
2024-08-30 05:43:58,483 [88] DEBUG LTCPro.ServiceLayer.Log4net - ---Executing GetSeventyTwoHourDetailsByfilter() in EMARController----
2024-08-30 05:43:58,483 [88] DEBUG LTCPro.ServiceLayer.Log4net - ---Executing GetSeventyTwoHourDetailsByfilter() in EmarService----
2024-08-30 05:43:58,520 [26] DEBUG LTCPro.ServiceLayer.Log4net - ---Executing GetCompanyToBedFlagByFacId() in FacilityController----
2024-08-30 05:43:58,520 [26] DEBUG LTCPro.ServiceLayer.Log4net - ---Executing GetCompanyToBedFlagByFacId() in FacilityService----
2024-08-30 05:43:58,538 [86] DEBUG LTCPro.ServiceLayer.Log4net - ---Executing GetUserToken() in UserService----
2024-08-30 05:43:58,541 [35] DEBUG LTCPro.ServiceLayer.Log4net - ---Executing GetUserToken() in UserService----
2024-08-30 05:43:58,750 [86] DEBUG LTCPro.ServiceLayer.Log4net - ---Executing GetOrdersEndingSoon() in OrdersController----
2024-08-30 05:43:58,750 [86] DEBUG LTCPro.ServiceLayer.Log4net - ---Executing GetOrdersEndingSoon() in OrdersService----
2024-08-30 05:43:58,751 [35] DEBUG LTCPro.ServiceLayer.Log4net - ---Executing OrderEndingSoonStatus() in OrdersController----
2024-08-30 05:43:58,751 [35] DEBUG LTCPro.ServiceLayer.Log4net - ---Executing OrderEndingSoonStatus() in OrdersService----
2024-08-30 05:43:59,164 [35] DEBUG LTCPro.ServiceLayer.Log4net - ---Executed Successfully OrderEndingSoonStatus() in OrdersController----
2024-08-30 05:43:59,271 [86] DEBUG LTCPro.ServiceLayer.Log4net - ---Executed Successfully GetOrdersEndingSoon() in OrdersController----
2024-08-30 05:43:59,441 [29] DEBUG LTCPro.ServiceLayer.Log4net - ---Executing GetUserToken() in UserService----
2024-08-30 05:43:59,653 [29] DEBUG LTCPro.ServiceLayer.Log4net - ---Executing GetOrdersGridData() in OrdersController----
2024-08-30 05:43:59,653 [29] DEBUG LTCPro.ServiceLayer.Log4net - ---Executing GetOrdersGridData() in OrdersService----
2024-08-30 05:43:59,901 [26] DEBUG LTCPro.ServiceLayer.Log4net - ---Executed Successfully GetCompanyToBedFlagByFacId() in FacilityController----
2024-08-30 05:43:59,964 [54] DEBUG LTCPro.ServiceLayer.Log4net - ---Executing GetUserToken() in UserService----
2024-08-30 05:44:00,176 [54] DEBUG LTCPro.ServiceLayer.Log4net - ---Executing GetNurseStationHierarchyDetailsbyNsId() in CompanyController----
2024-08-30 05:44:00,176 [54] DEBUG LTCPro.ServiceLayer.Log4net - ---Executing GetNurseStationHierarchyDetailsbyNsId() in CompanyService----
2024-08-30 05:44:00,389 [54] DEBUG LTCPro.ServiceLayer.Log4net - ---Executed Successfully GetNurseStationHierarchyDetailsbyNsId() in CompanyController----
2024-08-30 05:44:01,515 [29] DEBUG LTCPro.ServiceLayer.Log4net - ---Executed Successfully GetOrdersGridData() in OrdersController----
2024-08-30 05:44:01,935 [29] DEBUG LTCPro.ServiceLayer.Log4net - ---Executing GetUserToken() in UserService----
2024-08-30 05:44:02,162 [29] DEBUG LTCPro.ServiceLayer.Log4net - ---Executing GetPendingOrdersGridData() in OrdersController----
2024-08-30 05:44:02,162 [29] DEBUG LTCPro.ServiceLayer.Log4net - ---Executing GetPendingOrdersGridData() in OrdersService----
2024-08-30 05:44:04,009 [29] DEBUG LTCPro.ServiceLayer.Log4net - ---Executed Successfully GetPendingOrdersGridData() in OrdersController----
2024-08-30 05:44:04,461 [86] DEBUG LTCPro.ServiceLayer.Log4net - ---Executing GetUserToken() in UserService----
2024-08-30 05:44:04,582 [5] DEBUG LTCPro.ServiceLayer.Log4net - ---Executed Successfully GetOutboundErrorDetails() in CommonController----
2024-08-30 05:44:04,672 [86] DEBUG LTCPro.ServiceLayer.Log4net - ---Executing GetOrdersGridDataByPatientId() in OrdersController----
2024-08-30 05:44:04,672 [86] DEBUG LTCPro.ServiceLayer.Log4net - ---Executing GetOrdersGridDataByPatientId() in OrdersService----
2024-08-30 05:44:05,635 [86] DEBUG LTCPro.ServiceLayer.Log4net - ---Executed Successfully GetOrdersGridDataByPatientId() in OrdersController----
2024-08-30 05:44:10,418 [54] DEBUG LTCPro.ServiceLayer.Log4net - ---Executing GetUserToken() in UserService----
2024-08-30 05:44:10,648 [54] DEBUG LTCPro.ServiceLayer.Log4net - ---Executing GetFacilityNSResidentsDataByPId() in ResidentDemographicController----
2024-08-30 05:44:10,648 [54] DEBUG LTCPro.ServiceLayer.Log4net - ---Executing GetFacilityNSResidentsDataByPId() in ResidentDemographicService----
2024-08-30 05:44:10,890 [35] DEBUG LTCPro.ServiceLayer.Log4net - ---Executing GetUserToken() in UserService----
2024-08-30 05:44:11,106 [35] DEBUG LTCPro.ServiceLayer.Log4net - ---Executing GetNurseNotes() in OrdersController----
2024-08-30 05:44:11,106 [35] DEBUG LTCPro.ServiceLayer.Log4net - ---Executing GetNurseNotes() in OrdersService----
2024-08-30 05:44:11,708 [88] DEBUG LTCPro.ServiceLayer.Log4net - ---Executed Successfully GetSeventyTwoHourDetailsByfilter() in EMARController----
2024-08-30 05:44:11,959 [56] DEBUG LTCPro.ServiceLayer.Log4net - ---Executed Successfully GetPRNDetailsByfilter() in EMARController----
2024-08-30 05:44:12,253 [35] DEBUG LTCPro.ServiceLayer.Log4net - ---Executed Successfully GetNurseNotes() in OrdersController----
2024-08-30 05:44:12,273 [54] DEBUG LTCPro.ServiceLayer.Log4net - ---Executed Successfully GetFacilityNSResidentsDataByPId() in ResidentDemographicController----
2024-08-30 05:44:12,390 [56] DEBUG LTCPro.ServiceLayer.Log4net - ---Executing GetUserToken() in UserService----
2024-08-30 05:44:12,430 [32] DEBUG LTCPro.ServiceLayer.Log4net - ---Executing GetUserToken() in UserService----
2024-08-30 05:44:12,467 [86] DEBUG LTCPro.ServiceLayer.Log4net - ---Executing GetUserToken() in UserService----
2024-08-30 05:44:12,713 [56] DEBUG LTCPro.ServiceLayer.Log4net - ---Executing GetAllBarcodes() in StockEkitController----
2024-08-30 05:44:12,713 [56] DEBUG LTCPro.ServiceLayer.Log4net - ---Executing GetAllBarcodes() in StockEkitService----
2024-08-30 05:44:12,715 [32] DEBUG LTCPro.ServiceLayer.Log4net - ---Executing GetResidentInformation() in ResidentDemographicController----
2024-08-30 05:44:12,715 [32] DEBUG LTCPro.ServiceLayer.Log4net - ---Executing GetResidentInformation() in ResidentDemographicService----
2024-08-30 05:44:12,734 [86] DEBUG LTCPro.ServiceLayer.Log4net - ---Executing GetDrFirstFlagForCompanyByNSId() in CompanyController----
2024-08-30 05:44:12,735 [86] DEBUG LTCPro.ServiceLayer.Log4net - ---Executing GetDrFirstFlagForCompanyByNSId() in CompanyService----
2024-08-30 05:44:12,755 [5] DEBUG LTCPro.ServiceLayer.Log4net - ---Executing GetUserToken() in UserService----
2024-08-30 05:44:12,785 [81] DEBUG LTCPro.ServiceLayer.Log4net - ---Executing GetUserToken() in UserService----
2024-08-30 05:44:12,949 [86] DEBUG LTCPro.ServiceLayer.Log4net - ---Executed Successfully GetDrFirstFlagForCompanyByNSId() in CompanyController----
2024-08-30 05:44:12,975 [5] DEBUG LTCPro.ServiceLayer.Log4net - ---Executing GetOrderRoutes() in OrdersController----
2024-08-30 05:44:12,975 [5] DEBUG LTCPro.ServiceLayer.Log4net - ---Executing GetOrderRoutes() in OrdersService----
2024-08-30 05:44:12,996 [81] DEBUG LTCPro.ServiceLayer.Log4net - ---Executing GetPhysicianDropData() in OrdersController----
2024-08-30 05:44:12,996 [81] DEBUG LTCPro.ServiceLayer.Log4net - ---Executing GetPhysicianDropData() in OrdersService----
2024-08-30 05:44:13,007 [86] DEBUG LTCPro.ServiceLayer.Log4net - ---Executing GetUserToken() in UserService----
2024-08-30 05:44:13,190 [5] DEBUG LTCPro.ServiceLayer.Log4net - ---Executed Successfully GetOrderRoutes() in OrdersController----
2024-08-30 05:44:13,219 [86] DEBUG LTCPro.ServiceLayer.Log4net - ---Executing GetTimeZoneDate() in CommonController----
2024-08-30 05:44:13,219 [86] DEBUG LTCPro.ServiceLayer.Log4net - ---Executing GetTimeZoneDate() in CommonService----
2024-08-30 05:44:13,428 [86] DEBUG LTCPro.ServiceLayer.Log4net - ---Executed Successfully GetTimeZoneDate() in CommonController----
2024-08-30 05:44:13,436 [81] DEBUG LTCPro.ServiceLayer.Log4net - ---Executed Successfully GetPhysicianDropData() in OrdersController----
2024-08-30 05:44:13,492 [56] DEBUG LTCPro.ServiceLayer.Log4net - ---Executed Successfully GetAllBarcodes() in StockEkitController----
2024-08-30 05:44:16,129 [32] DEBUG LTCPro.ServiceLayer.Log4net - ---Executed Successfully GetResidentInformation() in ResidentDemographicController----
2024-08-30 05:44:16,249 [88] DEBUG LTCPro.ServiceLayer.Log4net - ---Executing GetUserToken() in UserService----
2024-08-30 05:44:16,254 [56] DEBUG LTCPro.ServiceLayer.Log4net - ---Executing GetUserToken() in UserService----
2024-08-30 05:44:16,310 [86] DEBUG LTCPro.ServiceLayer.Log4net - ---Executing GetUserToken() in UserService----
2024-08-30 05:44:16,467 [88] DEBUG LTCPro.ServiceLayer.Log4net - ---Executing GetWeightList(Patient_Id) in AssessmentController----
2024-08-30 05:44:16,467 [88] DEBUG LTCPro.ServiceLayer.Log4net - ---Executing GetWeightList() in AssessmentService----
2024-08-30 05:44:16,469 [56] DEBUG LTCPro.ServiceLayer.Log4net - ---Executing GetPatientType() in ResidentDemographicController----
2024-08-30 05:44:16,469 [56] DEBUG LTCPro.ServiceLayer.Log4net - ---Executing GetPatientType() in EmarService----
2024-08-30 05:44:16,483 [5] DEBUG LTCPro.ServiceLayer.Log4net - ---Executing GetUserToken() in UserService----
2024-08-30 05:44:16,534 [54] DEBUG LTCPro.ServiceLayer.Log4net - ---Executing GetUserToken() in UserService----
2024-08-30 05:44:16,541 [86] DEBUG LTCPro.ServiceLayer.Log4net - ---Executing GetDrFirstOrderCheck() in DrFirstIntegrationController----
2024-08-30 05:44:16,541 [86] DEBUG LTCPro.ServiceLayer.Log4net - ---Executing GetDrFirstOrderCheck() in DrFirstIntegrationService----
2024-08-30 05:44:16,681 [56] DEBUG LTCPro.ServiceLayer.Log4net - ---Executed Successfully GetPatientType() in ResidentDemographicController----
2024-08-30 05:44:16,697 [5] DEBUG LTCPro.ServiceLayer.Log4net - ---Executing GetDiagnosisDetails() in OrdersController----
2024-08-30 05:44:16,697 [5] DEBUG LTCPro.ServiceLayer.Log4net - ---Executing GetDiagnosisDetails() in OrdersService----
2024-08-30 05:44:16,745 [54] DEBUG LTCPro.ServiceLayer.Log4net - ---Executing GetOrderGridData() in OrdersController----
2024-08-30 05:44:16,745 [54] DEBUG LTCPro.ServiceLayer.Log4net - ---Executing GetOrderGridData() in OrdersService----
2024-08-30 05:44:16,751 [86] DEBUG LTCPro.ServiceLayer.Log4net - ---Executed Successfully GetDrFirstOrderCheck() in DrFirstIntegrationController----
2024-08-30 05:44:17,006 [54] DEBUG LTCPro.ServiceLayer.Log4net - ---Executed Successfully GetOrderGridData() in OrdersController----
2024-08-30 05:44:17,073 [87] DEBUG LTCPro.ServiceLayer.Log4net - ---Executing GetUserToken() in UserService----
2024-08-30 05:44:17,450 [88] DEBUG LTCPro.ServiceLayer.Log4net - ---Executed Successfully GetWeightList(Patient_Id) in AssessmentController----
2024-08-30 05:44:17,457 [87] DEBUG LTCPro.ServiceLayer.Log4net - ---Executing GetAllBarcodes() in StockEkitController----
2024-08-30 05:44:17,457 [87] DEBUG LTCPro.ServiceLayer.Log4net - ---Executing GetAllBarcodes() in StockEkitService----
2024-08-30 05:44:17,543 [81] DEBUG LTCPro.ServiceLayer.Log4net - ---Executing GetUserToken() in UserService----
2024-08-30 05:44:17,570 [86] DEBUG LTCPro.ServiceLayer.Log4net - ---Executing GetUserToken() in UserService----
2024-08-30 05:44:17,651 [5] DEBUG LTCPro.ServiceLayer.Log4net - ---Executed Successfully GetDiagnosisDetails() in OrdersController----
2024-08-30 05:44:17,780 [86] DEBUG LTCPro.ServiceLayer.Log4net - ---Executing GetOrdersData() in OrdersController----
2024-08-30 05:44:17,780 [86] DEBUG LTCPro.ServiceLayer.Log4net - ---Executing GetOrdersData() in OrdersService----
2024-08-30 05:44:17,994 [86] DEBUG LTCPro.ServiceLayer.Log4net - ---Executed Successfully GetOrdersData() in OrdersController----
2024-08-30 05:44:20,979 [81] DEBUG LTCPro.ServiceLayer.Log4net - ---Executing GetOrderGridData() in OrdersController----
2024-08-30 05:44:20,979 [81] DEBUG LTCPro.ServiceLayer.Log4net - ---Executing GetOrderGridData() in OrdersService----
2024-08-30 05:44:21,195 [87] DEBUG LTCPro.ServiceLayer.Log4net - ---Executed Successfully GetAllBarcodes() in StockEkitController----
2024-08-30 05:44:21,340 [81] DEBUG LTCPro.ServiceLayer.Log4net - ---Executed Successfully GetOrderGridData() in OrdersController----
2024-08-30 05:44:21,350 [88] DEBUG LTCPro.ServiceLayer.Log4net - ---Executing GetUserToken() in UserService----
2024-08-30 05:44:21,361 [86] DEBUG LTCPro.ServiceLayer.Log4net - ---Executing GetUserToken() in UserService----
2024-08-30 05:44:21,398 [56] DEBUG LTCPro.ServiceLayer.Log4net - ---Executing GetUserToken() in UserService----
2024-08-30 05:44:21,424 [5] DEBUG LTCPro.ServiceLayer.Log4net - ---Executing GetUserToken() in UserService----
2024-08-30 05:44:21,565 [88] DEBUG LTCPro.ServiceLayer.Log4net - ---Executing GetFavouritesMasterData() in OrdersController----
2024-08-30 05:44:21,565 [88] DEBUG LTCPro.ServiceLayer.Log4net - ---Executing GetFavouritesMasterData() in OrdersService----
2024-08-30 05:44:21,571 [86] DEBUG LTCPro.ServiceLayer.Log4net - ---Executing GetOrderStockDetails() in OrdersController----
2024-08-30 05:44:21,571 [86] DEBUG LTCPro.ServiceLayer.Log4net - ---Executing GetOrderStockDetails() in OrdersService----
2024-08-30 05:44:21,608 [56] DEBUG LTCPro.ServiceLayer.Log4net - ---Executing GetPhysicianDropData() in OrdersController----
2024-08-30 05:44:21,608 [56] DEBUG LTCPro.ServiceLayer.Log4net - ---Executing GetPhysicianDropData() in OrdersService----
2024-08-30 05:44:21,634 [5] DEBUG LTCPro.ServiceLayer.Log4net - ---Executing GetNurseNotes() in OrdersController----
2024-08-30 05:44:21,634 [5] DEBUG LTCPro.ServiceLayer.Log4net - ---Executing GetNurseNotes() in OrdersService----
2024-08-30 05:44:21,776 [88] DEBUG LTCPro.ServiceLayer.Log4net - ---Executed Successfully GetFavouritesMasterData() in OrdersController----
2024-08-30 05:44:21,780 [86] DEBUG LTCPro.ServiceLayer.Log4net - ---Executed Successfully GetOrderStockDetails() in OrdersController----
2024-08-30 05:44:22,044 [56] DEBUG LTCPro.ServiceLayer.Log4net - ---Executed Successfully GetPhysicianDropData() in OrdersController----
2024-08-30 05:44:22,803 [5] DEBUG LTCPro.ServiceLayer.Log4net - ---Executed Successfully GetNurseNotes() in OrdersController----
2024-08-30 05:45:50,857 [12] DEBUG LTCPro.ServiceLayer.Log4net - ---Executing GetUserToken() in UserService----
2024-08-30 05:45:50,861 [81] DEBUG LTCPro.ServiceLayer.Log4net - ---Executing GetUserToken() in UserService----
2024-08-30 05:45:50,865 [85] DEBUG LTCPro.ServiceLayer.Log4net - ---Executing GetUserToken() in UserService----
2024-08-30 05:45:50,971 [34] DEBUG LTCPro.ServiceLayer.Log4net - ---Executing GetUserToken() in UserService----
2024-08-30 05:45:50,979 [87] DEBUG LTCPro.ServiceLayer.Log4net - ---Executing GetUserToken() in UserService----
2024-08-30 05:45:50,979 [86] DEBUG LTCPro.ServiceLayer.Log4net - ---Executing GetUserToken() in UserService----
2024-08-30 05:45:51,071 [81] DEBUG LTCPro.ServiceLayer.Log4net - ---Executing GetPendingDosesList() in CommonController----
2024-08-30 05:45:51,071 [81] DEBUG LTCPro.ServiceLayer.Log4net - ---Executing GetPendingDosesList() in CommonService----
2024-08-30 05:45:51,071 [12] DEBUG LTCPro.ServiceLayer.Log4net - ---Executing GetUserPassedDueFlag() in UserController----
2024-08-30 05:45:51,071 [12] DEBUG LTCPro.ServiceLayer.Log4net - ---Executing GetUserPassedDueFlag() in UserService----
2024-08-30 05:45:51,074 [85] DEBUG LTCPro.ServiceLayer.Log4net - ---Executing GetDueMARAlertData() in EmarController----
2024-08-30 05:45:51,074 [85] DEBUG LTCPro.ServiceLayer.Log4net - ---Executing GetDueMARAlertData() in EmarService----
2024-08-30 05:45:51,180 [34] DEBUG LTCPro.ServiceLayer.Log4net - ---Executing GetOutboundErrorDetails() in CommonController----
2024-08-30 05:45:51,180 [34] DEBUG LTCPro.ServiceLayer.Log4net - ---Executing GetOutboundErrorDetails() in CommonService----
2024-08-30 05:45:51,189 [86] DEBUG LTCPro.ServiceLayer.Log4net - ---Executing GetAlertsDetails() in MailboxController----
2024-08-30 05:45:51,189 [86] DEBUG LTCPro.ServiceLayer.Log4net - ---Executing GetAlertsDetails() in MailboxService----
2024-08-30 05:45:51,189 [87] DEBUG LTCPro.ServiceLayer.Log4net - ---Executing GetUserRecentFacNs() in UserController----
2024-08-30 05:45:51,189 [87] DEBUG LTCPro.ServiceLayer.Log4net - ---Executing GetUserRecentFacNs() in UserService----
2024-08-30 05:45:51,280 [12] DEBUG LTCPro.ServiceLayer.Log4net - ---Executed Successfully GetUserPassedDueFlag() in UserController----
2024-08-30 05:45:51,301 [12] DEBUG LTCPro.ServiceLayer.Log4net - ---Executing GetUserToken() in UserService----
2024-08-30 05:45:51,516 [12] DEBUG LTCPro.ServiceLayer.Log4net - ---Executing GetReadMailsCount() in MailboxController----
2024-08-30 05:45:51,516 [12] DEBUG LTCPro.ServiceLayer.Log4net - ---Executing GetReadMailsCount() in MailboxService----
2024-08-30 05:45:51,615 [87] DEBUG LTCPro.ServiceLayer.Log4net - ---Executed Successfully GetUserRecentFacNs() in UserController----
2024-08-30 05:45:51,647 [55] DEBUG LTCPro.ServiceLayer.Log4net - ---Executing GetUserToken() in UserService----
2024-08-30 05:45:51,731 [12] DEBUG LTCPro.ServiceLayer.Log4net - ---Executed successfully GetReadMailsCount() in MailboxController----
2024-08-30 05:45:51,743 [86] DEBUG LTCPro.ServiceLayer.Log4net - ---Executed successfully GetAlertsDetails() in MailboxController----
2024-08-30 05:45:51,759 [87] DEBUG LTCPro.ServiceLayer.Log4net - ---Executing GetUserToken() in UserService----
2024-08-30 05:45:51,856 [55] DEBUG LTCPro.ServiceLayer.Log4net - ---Executing GetUserRecentFacNs() in UserController----
2024-08-30 05:45:51,856 [55] DEBUG LTCPro.ServiceLayer.Log4net - ---Executing GetUserRecentFacNs() in UserService----
2024-08-30 05:45:51,968 [87] DEBUG LTCPro.ServiceLayer.Log4net - ---Executing InsertUserActivityDetails() in CompanyController----
2024-08-30 05:45:51,968 [87] DEBUG LTCPro.ServiceLayer.Log4net - ---Executing InsertUserActivityDetails() in UserActivityService----
2024-08-30 05:45:51,988 [12] DEBUG LTCPro.ServiceLayer.Log4net - ---Executing GetUserToken() in UserService----
2024-08-30 05:45:52,197 [12] DEBUG LTCPro.ServiceLayer.Log4net - ---Executing OrderEndingSoonStatus() in OrdersController----
2024-08-30 05:45:52,197 [12] DEBUG LTCPro.ServiceLayer.Log4net - ---Executing OrderEndingSoonStatus() in OrdersService----
2024-08-30 05:45:52,275 [55] DEBUG LTCPro.ServiceLayer.Log4net - ---Executed Successfully GetUserRecentFacNs() in UserController----
2024-08-30 05:45:52,304 [33] DEBUG LTCPro.ServiceLayer.Log4net - ---Executing GetUserToken() in UserService----
2024-08-30 05:45:52,516 [33] DEBUG LTCPro.ServiceLayer.Log4net - ---Executing GetUserAccessFacilityNurseStaions() in FacilityController----
2024-08-30 05:45:52,516 [33] DEBUG LTCPro.ServiceLayer.Log4net - ---Executing GetUserAccessFacilityNurseStaions() in FacilityService----
2024-08-30 05:45:52,607 [87] DEBUG LTCPro.ServiceLayer.Log4net - ---Executed Successfully InsertUserActivityDetails() in CompanyController----
2024-08-30 05:45:52,616 [12] DEBUG LTCPro.ServiceLayer.Log4net - ---Executed Successfully OrderEndingSoonStatus() in OrdersController----
2024-08-30 05:45:52,625 [86] DEBUG LTCPro.ServiceLayer.Log4net - ---Executing GetUserToken() in UserService----
2024-08-30 05:45:52,791 [85] DEBUG LTCPro.ServiceLayer.Log4net - ---Executed Successfully GetDueMARAlertData() in EmarController----
2024-08-30 05:45:52,835 [86] DEBUG LTCPro.ServiceLayer.Log4net - ---Executing GetUserAccessFacilityNurseStaions() in FacilityController----
2024-08-30 05:45:52,835 [86] DEBUG LTCPro.ServiceLayer.Log4net - ---Executing GetUserAccessFacilityNurseStaions() in FacilityService----
2024-08-30 05:45:52,935 [33] DEBUG LTCPro.ServiceLayer.Log4net - ---Executed Successfully GetUserAccessFacilityNurseStaions() in FacilityController----
2024-08-30 05:45:53,255 [86] DEBUG LTCPro.ServiceLayer.Log4net - ---Executed Successfully GetUserAccessFacilityNurseStaions() in FacilityController----
2024-08-30 05:45:53,281 [87] DEBUG LTCPro.ServiceLayer.Log4net - ---Executing GetUserToken() in UserService----
2024-08-30 05:45:53,493 [87] DEBUG LTCPro.ServiceLayer.Log4net - ---Executing UserNurseStationDrop() in FacilityController----
2024-08-30 05:45:53,493 [87] DEBUG LTCPro.ServiceLayer.Log4net - ---Executing UserNurseStationDrop() in FacilityService----
2024-08-30 05:45:53,704 [87] DEBUG LTCPro.ServiceLayer.Log4net - ---Executed Successfully UserNurseStationDrop() in FacilityController----
2024-08-30 05:45:53,751 [87] DEBUG LTCPro.ServiceLayer.Log4net - ---Executing GetUserToken() in UserService----
2024-08-30 05:45:53,759 [33] DEBUG LTCPro.ServiceLayer.Log4net - ---Executing GetUserToken() in UserService----
2024-08-30 05:45:53,759 [12] DEBUG LTCPro.ServiceLayer.Log4net - ---Executing GetUserToken() in UserService----
2024-08-30 05:45:53,961 [55] DEBUG LTCPro.ServiceLayer.Log4net - ---Executing GetUserToken() in UserService----
2024-08-30 05:45:53,961 [87] DEBUG LTCPro.ServiceLayer.Log4net - ---Executing GetCompanyToBedFlagByFacId() in FacilityController----
2024-08-30 05:45:53,961 [87] DEBUG LTCPro.ServiceLayer.Log4net - ---Executing GetCompanyToBedFlagByFacId() in FacilityService----
2024-08-30 05:45:53,969 [12] DEBUG LTCPro.ServiceLayer.Log4net - ---Executing GetSeventyTwoHourDetailsByfilter() in EMARController----
2024-08-30 05:45:53,969 [12] DEBUG LTCPro.ServiceLayer.Log4net - ---Executing GetSeventyTwoHourDetailsByfilter() in EmarService----
2024-08-30 05:45:53,970 [33] DEBUG LTCPro.ServiceLayer.Log4net - ---Executing GetPRNDetailsByfilter() in EMARController----
2024-08-30 05:45:53,970 [33] DEBUG LTCPro.ServiceLayer.Log4net - ---Executing GetPRNDetailsByfilter() in EmarService----
2024-08-30 05:45:54,171 [55] DEBUG LTCPro.ServiceLayer.Log4net - ---Executing OrderEndingSoonStatus() in OrdersController----
2024-08-30 05:45:54,171 [55] DEBUG LTCPro.ServiceLayer.Log4net - ---Executing OrderEndingSoonStatus() in OrdersService----
2024-08-30 05:45:54,574 [55] DEBUG LTCPro.ServiceLayer.Log4net - ---Executed Successfully OrderEndingSoonStatus() in OrdersController----
2024-08-30 05:45:54,827 [86] DEBUG LTCPro.ServiceLayer.Log4net - ---Executing GetUserToken() in UserService----
2024-08-30 05:45:54,951 [81] DEBUG LTCPro.ServiceLayer.Log4net - ---Executed Successfully GetPendingDosesList() in CommonController----
2024-08-30 05:45:55,049 [86] DEBUG LTCPro.ServiceLayer.Log4net - ---Executing GetOrdersGridData() in OrdersController----
2024-08-30 05:45:55,049 [86] DEBUG LTCPro.ServiceLayer.Log4net - ---Executing GetOrdersGridData() in OrdersService----
2024-08-30 05:45:55,213 [77] DEBUG LTCPro.ServiceLayer.Log4net - ---Executing GetUserToken() in UserService----
2024-08-30 05:45:55,230 [87] DEBUG LTCPro.ServiceLayer.Log4net - ---Executed Successfully GetCompanyToBedFlagByFacId() in FacilityController----
2024-08-30 05:45:55,287 [85] DEBUG LTCPro.ServiceLayer.Log4net - ---Executing GetUserToken() in UserService----
2024-08-30 05:45:55,425 [77] DEBUG LTCPro.ServiceLayer.Log4net - ---Executing GetOrdersEndingSoon() in OrdersController----
2024-08-30 05:45:55,425 [77] DEBUG LTCPro.ServiceLayer.Log4net - ---Executing GetOrdersEndingSoon() in OrdersService----
2024-08-30 05:45:55,496 [85] DEBUG LTCPro.ServiceLayer.Log4net - ---Executing GetNurseStationHierarchyDetailsbyNsId() in CompanyController----
2024-08-30 05:45:55,496 [85] DEBUG LTCPro.ServiceLayer.Log4net - ---Executing GetNurseStationHierarchyDetailsbyNsId() in CompanyService----
2024-08-30 05:45:55,707 [85] DEBUG LTCPro.ServiceLayer.Log4net - ---Executed Successfully GetNurseStationHierarchyDetailsbyNsId() in CompanyController----
2024-08-30 05:45:55,948 [77] DEBUG LTCPro.ServiceLayer.Log4net - ---Executed Successfully GetOrdersEndingSoon() in OrdersController----
2024-08-30 05:45:56,886 [86] DEBUG LTCPro.ServiceLayer.Log4net - ---Executed Successfully GetOrdersGridData() in OrdersController----
2024-08-30 05:45:57,486 [85] DEBUG LTCPro.ServiceLayer.Log4net - ---Executing GetUserToken() in UserService----
2024-08-30 05:45:57,696 [85] DEBUG LTCPro.ServiceLayer.Log4net - ---Executing GetPendingOrdersGridData() in OrdersController----
2024-08-30 05:45:57,696 [85] DEBUG LTCPro.ServiceLayer.Log4net - ---Executing GetPendingOrdersGridData() in OrdersService----
2024-08-30 05:45:59,495 [85] DEBUG LTCPro.ServiceLayer.Log4net - ---Executed Successfully GetPendingOrdersGridData() in OrdersController----
2024-08-30 05:45:59,672 [81] DEBUG LTCPro.ServiceLayer.Log4net - ---Executing GetUserToken() in UserService----
2024-08-30 05:45:59,931 [81] DEBUG LTCPro.ServiceLayer.Log4net - ---Executing GetOrdersGridDataByPatientId() in OrdersController----
2024-08-30 05:45:59,931 [81] DEBUG LTCPro.ServiceLayer.Log4net - ---Executing GetOrdersGridDataByPatientId() in OrdersService----
2024-08-30 05:46:00,302 [81] DEBUG LTCPro.ServiceLayer.Log4net - ---Executed Successfully GetOrdersGridDataByPatientId() in OrdersController----
2024-08-30 05:46:00,959 [34] DEBUG LTCPro.ServiceLayer.Log4net - ---Executed Successfully GetOutboundErrorDetails() in CommonController----
2024-08-30 05:46:07,572 [33] DEBUG LTCPro.ServiceLayer.Log4net - ---Executed Successfully GetPRNDetailsByfilter() in EMARController----
2024-08-30 05:46:07,605 [12] DEBUG LTCPro.ServiceLayer.Log4net - ---Executed Successfully GetSeventyTwoHourDetailsByfilter() in EMARController----
2024-08-30 05:46:08,789 [87] DEBUG LTCPro.ServiceLayer.Log4net - ---Executing GetUserToken() in UserService----
2024-08-30 05:46:08,981 [33] DEBUG LTCPro.ServiceLayer.Log4net - ---Executing GetUserToken() in UserService----
2024-08-30 05:46:08,998 [87] DEBUG LTCPro.ServiceLayer.Log4net - ---Executing GetFacilityNSResidentsDataByPId() in ResidentDemographicController----
2024-08-30 05:46:08,998 [87] DEBUG LTCPro.ServiceLayer.Log4net - ---Executing GetFacilityNSResidentsDataByPId() in ResidentDemographicService----
2024-08-30 05:46:09,190 [33] DEBUG LTCPro.ServiceLayer.Log4net - ---Executing GetNurseNotes() in OrdersController----
2024-08-30 05:46:09,190 [33] DEBUG LTCPro.ServiceLayer.Log4net - ---Executing GetNurseNotes() in OrdersService----
2024-08-30 05:46:10,301 [33] DEBUG LTCPro.ServiceLayer.Log4net - ---Executed Successfully GetNurseNotes() in OrdersController----
2024-08-30 05:46:10,479 [87] DEBUG LTCPro.ServiceLayer.Log4net - ---Executed Successfully GetFacilityNSResidentsDataByPId() in ResidentDemographicController----
2024-08-30 05:46:10,598 [12] DEBUG LTCPro.ServiceLayer.Log4net - ---Executing GetUserToken() in UserService----
2024-08-30 05:46:10,605 [55] DEBUG LTCPro.ServiceLayer.Log4net - ---Executing GetUserToken() in UserService----
2024-08-30 05:46:10,642 [85] DEBUG LTCPro.ServiceLayer.Log4net - ---Executing GetUserToken() in UserService----
2024-08-30 05:46:10,814 [12] DEBUG LTCPro.ServiceLayer.Log4net - ---Executing GetResidentInformation() in ResidentDemographicController----
2024-08-30 05:46:10,814 [12] DEBUG LTCPro.ServiceLayer.Log4net - ---Executing GetResidentInformation() in ResidentDemographicService----
2024-08-30 05:46:10,822 [55] DEBUG LTCPro.ServiceLayer.Log4net - ---Executing GetDrFirstFlagForCompanyByNSId() in CompanyController----
2024-08-30 05:46:10,822 [55] DEBUG LTCPro.ServiceLayer.Log4net - ---Executing GetDrFirstFlagForCompanyByNSId() in CompanyService----
2024-08-30 05:46:10,851 [86] DEBUG LTCPro.ServiceLayer.Log4net - ---Executing GetUserToken() in UserService----
2024-08-30 05:46:10,858 [85] DEBUG LTCPro.ServiceLayer.Log4net - ---Executing GetAllBarcodes() in StockEkitController----
2024-08-30 05:46:10,858 [85] DEBUG LTCPro.ServiceLayer.Log4net - ---Executing GetAllBarcodes() in StockEkitService----
2024-08-30 05:46:10,934 [81] DEBUG LTCPro.ServiceLayer.Log4net - ---Executing GetUserToken() in UserService----
2024-08-30 05:46:11,038 [55] DEBUG LTCPro.ServiceLayer.Log4net - ---Executed Successfully GetDrFirstFlagForCompanyByNSId() in CompanyController----
2024-08-30 05:46:11,062 [86] DEBUG LTCPro.ServiceLayer.Log4net - ---Executing GetOrderRoutes() in OrdersController----
2024-08-30 05:46:11,062 [86] DEBUG LTCPro.ServiceLayer.Log4net - ---Executing GetOrderRoutes() in OrdersService----
2024-08-30 05:46:11,079 [87] DEBUG LTCPro.ServiceLayer.Log4net - ---Executing GetUserToken() in UserService----
2024-08-30 05:46:11,147 [81] DEBUG LTCPro.ServiceLayer.Log4net - ---Executing GetPhysicianDropData() in OrdersController----
2024-08-30 05:46:11,147 [81] DEBUG LTCPro.ServiceLayer.Log4net - ---Executing GetPhysicianDropData() in OrdersService----
2024-08-30 05:46:11,272 [86] DEBUG LTCPro.ServiceLayer.Log4net - ---Executed Successfully GetOrderRoutes() in OrdersController----
2024-08-30 05:46:11,289 [87] DEBUG LTCPro.ServiceLayer.Log4net - ---Executing GetTimeZoneDate() in CommonController----
2024-08-30 05:46:11,289 [87] DEBUG LTCPro.ServiceLayer.Log4net - ---Executing GetTimeZoneDate() in CommonService----
2024-08-30 05:46:11,497 [87] DEBUG LTCPro.ServiceLayer.Log4net - ---Executed Successfully GetTimeZoneDate() in CommonController----
2024-08-30 05:46:11,594 [81] DEBUG LTCPro.ServiceLayer.Log4net - ---Executed Successfully GetPhysicianDropData() in OrdersController----
2024-08-30 05:46:11,656 [85] DEBUG LTCPro.ServiceLayer.Log4net - ---Executed Successfully GetAllBarcodes() in StockEkitController----
2024-08-30 05:46:14,186 [12] DEBUG LTCPro.ServiceLayer.Log4net - ---Executed Successfully GetResidentInformation() in ResidentDemographicController----
2024-08-30 05:46:14,469 [85] DEBUG LTCPro.ServiceLayer.Log4net - ---Executing GetUserToken() in UserService----
2024-08-30 05:46:14,482 [33] DEBUG LTCPro.ServiceLayer.Log4net - ---Executing GetUserToken() in UserService----
2024-08-30 05:46:14,502 [86] DEBUG LTCPro.ServiceLayer.Log4net - ---Executing GetUserToken() in UserService----
2024-08-30 05:46:14,679 [87] DEBUG LTCPro.ServiceLayer.Log4net - ---Executing GetUserToken() in UserService----
2024-08-30 05:46:14,684 [34] DEBUG LTCPro.ServiceLayer.Log4net - ---Executing GetUserToken() in UserService----
2024-08-30 05:46:14,688 [85] DEBUG LTCPro.ServiceLayer.Log4net - ---Executing GetPatientType() in ResidentDemographicController----
2024-08-30 05:46:14,688 [85] DEBUG LTCPro.ServiceLayer.Log4net - ---Executing GetPatientType() in EmarService----
2024-08-30 05:46:14,696 [33] DEBUG LTCPro.ServiceLayer.Log4net - ---Executing GetDrFirstOrderCheck() in DrFirstIntegrationController----
2024-08-30 05:46:14,696 [33] DEBUG LTCPro.ServiceLayer.Log4net - ---Executing GetDrFirstOrderCheck() in DrFirstIntegrationService----
2024-08-30 05:46:14,711 [86] DEBUG LTCPro.ServiceLayer.Log4net - ---Executing GetWeightList(Patient_Id) in AssessmentController----
2024-08-30 05:46:14,711 [86] DEBUG LTCPro.ServiceLayer.Log4net - ---Executing GetWeightList() in AssessmentService----
2024-08-30 05:46:14,891 [87] DEBUG LTCPro.ServiceLayer.Log4net - ---Executing GetOrderGridData() in OrdersController----
2024-08-30 05:46:14,891 [87] DEBUG LTCPro.ServiceLayer.Log4net - ---Executing GetOrderGridData() in OrdersService----
2024-08-30 05:46:14,896 [34] DEBUG LTCPro.ServiceLayer.Log4net - ---Executing GetDiagnosisDetails() in OrdersController----
2024-08-30 05:46:14,897 [34] DEBUG LTCPro.ServiceLayer.Log4net - ---Executing GetDiagnosisDetails() in OrdersService----
2024-08-30 05:46:14,898 [85] DEBUG LTCPro.ServiceLayer.Log4net - ---Executed Successfully GetPatientType() in ResidentDemographicController----
2024-08-30 05:46:14,907 [33] DEBUG LTCPro.ServiceLayer.Log4net - ---Executed Successfully GetDrFirstOrderCheck() in DrFirstIntegrationController----
2024-08-30 05:46:15,152 [87] DEBUG LTCPro.ServiceLayer.Log4net - ---Executed Successfully GetOrderGridData() in OrdersController----
2024-08-30 05:46:15,218 [87] DEBUG LTCPro.ServiceLayer.Log4net - ---Executing GetUserToken() in UserService----
2024-08-30 05:46:15,487 [87] DEBUG LTCPro.ServiceLayer.Log4net - ---Executing GetAllBarcodes() in StockEkitController----
2024-08-30 05:46:15,487 [87] DEBUG LTCPro.ServiceLayer.Log4net - ---Executing GetAllBarcodes() in StockEkitService----
2024-08-30 05:46:15,490 [84] DEBUG LTCPro.ServiceLayer.Log4net - ---Executing GetUserToken() in UserService----
2024-08-30 05:46:15,498 [55] DEBUG LTCPro.ServiceLayer.Log4net - ---Executing GetUserToken() in UserService----
2024-08-30 05:46:15,616 [34] DEBUG LTCPro.ServiceLayer.Log4net - ---Executed Successfully GetDiagnosisDetails() in OrdersController----
2024-08-30 05:46:15,667 [86] DEBUG LTCPro.ServiceLayer.Log4net - ---Executed Successfully GetWeightList(Patient_Id) in AssessmentController----
2024-08-30 05:46:15,713 [84] DEBUG LTCPro.ServiceLayer.Log4net - ---Executing GetOrdersData() in OrdersController----
2024-08-30 05:46:15,713 [55] DEBUG LTCPro.ServiceLayer.Log4net - ---Executing GetOrderGridData() in OrdersController----
2024-08-30 05:46:15,714 [55] DEBUG LTCPro.ServiceLayer.Log4net - ---Executing GetOrderGridData() in OrdersService----
2024-08-30 05:46:15,713 [84] DEBUG LTCPro.ServiceLayer.Log4net - ---Executing GetOrdersData() in OrdersService----
2024-08-30 05:46:15,973 [55] DEBUG LTCPro.ServiceLayer.Log4net - ---Executed Successfully GetOrderGridData() in OrdersController----
2024-08-30 05:46:16,210 [87] DEBUG LTCPro.ServiceLayer.Log4net - ---Executed Successfully GetAllBarcodes() in StockEkitController----
2024-08-30 05:46:27,852 [84] DEBUG LTCPro.ServiceLayer.Log4net - ---Executed Successfully GetOrdersData() in OrdersController----
2024-08-30 05:46:46,327 [34] DEBUG LTCPro.ServiceLayer.Log4net - ---Executing GetUserToken() in UserService----
2024-08-30 05:46:46,345 [87] DEBUG LTCPro.ServiceLayer.Log4net - ---Executing GetUserToken() in UserService----
2024-08-30 05:46:46,429 [84] DEBUG LTCPro.ServiceLayer.Log4net - ---Executing GetUserToken() in UserService----
2024-08-30 05:46:46,436 [58] DEBUG LTCPro.ServiceLayer.Log4net - ---Executing GetUserToken() in UserService----
2024-08-30 05:46:46,539 [34] DEBUG LTCPro.ServiceLayer.Log4net - ---Executing GetFavouritesMasterData() in OrdersController----
2024-08-30 05:46:46,539 [34] DEBUG LTCPro.ServiceLayer.Log4net - ---Executing GetFavouritesMasterData() in OrdersService----
2024-08-30 05:46:46,557 [87] DEBUG LTCPro.ServiceLayer.Log4net - ---Executing GetOrderStockDetails() in OrdersController----
2024-08-30 05:46:46,557 [87] DEBUG LTCPro.ServiceLayer.Log4net - ---Executing GetOrderStockDetails() in OrdersService----
2024-08-30 05:46:46,637 [84] DEBUG LTCPro.ServiceLayer.Log4net - ---Executing GetPhysicianDropData() in OrdersController----
2024-08-30 05:46:46,637 [84] DEBUG LTCPro.ServiceLayer.Log4net - ---Executing GetPhysicianDropData() in OrdersService----
2024-08-30 05:46:46,645 [58] DEBUG LTCPro.ServiceLayer.Log4net - ---Executing GetNurseNotes() in OrdersController----
2024-08-30 05:46:46,645 [58] DEBUG LTCPro.ServiceLayer.Log4net - ---Executing GetNurseNotes() in OrdersService----
2024-08-30 05:46:46,750 [34] DEBUG LTCPro.ServiceLayer.Log4net - ---Executed Successfully GetFavouritesMasterData() in OrdersController----
2024-08-30 05:46:46,766 [87] DEBUG LTCPro.ServiceLayer.Log4net - ---Executed Successfully GetOrderStockDetails() in OrdersController----
2024-08-30 05:46:47,280 [84] DEBUG LTCPro.ServiceLayer.Log4net - ---Executed Successfully GetPhysicianDropData() in OrdersController----
2024-08-30 05:46:47,763 [58] DEBUG LTCPro.ServiceLayer.Log4net - ---Executed Successfully GetNurseNotes() in OrdersController----
2024-08-30 05:48:05,523 [34] DEBUG LTCPro.ServiceLayer.Log4net - ---Executing GetUserToken() in UserService----
2024-08-30 05:48:05,524 [84] DEBUG LTCPro.ServiceLayer.Log4net - ---Executing GetUserToken() in UserService----
2024-08-30 05:48:05,533 [87] DEBUG LTCPro.ServiceLayer.Log4net - ---Executing GetUserToken() in UserService----
2024-08-30 05:48:05,561 [58] DEBUG LTCPro.ServiceLayer.Log4net - ---Executing GetUserToken() in UserService----
2024-08-30 05:48:05,651 [62] DEBUG LTCPro.ServiceLayer.Log4net - ---Executing GetUserToken() in UserService----
2024-08-30 05:48:05,701 [61] DEBUG LTCPro.ServiceLayer.Log4net - ---Executing GetUserToken() in UserService----
2024-08-30 05:48:05,736 [84] DEBUG LTCPro.ServiceLayer.Log4net - ---Executing GetUserPassedDueFlag() in UserController----
2024-08-30 05:48:05,736 [84] DEBUG LTCPro.ServiceLayer.Log4net - ---Executing GetUserPassedDueFlag() in UserService----
2024-08-30 05:48:05,737 [34] DEBUG LTCPro.ServiceLayer.Log4net - ---Executing GetReadMailsCount() in MailboxController----
2024-08-30 05:48:05,737 [34] DEBUG LTCPro.ServiceLayer.Log4net - ---Executing GetReadMailsCount() in MailboxService----
2024-08-30 05:48:05,748 [87] DEBUG LTCPro.ServiceLayer.Log4net - ---Executing GetAlertsDetails() in MailboxController----
2024-08-30 05:48:05,748 [87] DEBUG LTCPro.ServiceLayer.Log4net - ---Executing GetAlertsDetails() in MailboxService----
2024-08-30 05:48:05,770 [58] DEBUG LTCPro.ServiceLayer.Log4net - ---Executing GetDueMARAlertData() in EmarController----
2024-08-30 05:48:05,770 [58] DEBUG LTCPro.ServiceLayer.Log4net - ---Executing GetDueMARAlertData() in EmarService----
2024-08-30 05:48:05,865 [62] DEBUG LTCPro.ServiceLayer.Log4net - ---Executing GetOutboundErrorDetails() in CommonController----
2024-08-30 05:48:05,865 [62] DEBUG LTCPro.ServiceLayer.Log4net - ---Executing GetOutboundErrorDetails() in CommonService----
2024-08-30 05:48:05,911 [61] DEBUG LTCPro.ServiceLayer.Log4net - ---Executing GetPendingDosesList() in CommonController----
2024-08-30 05:48:05,911 [61] DEBUG LTCPro.ServiceLayer.Log4net - ---Executing GetPendingDosesList() in CommonService----
2024-08-30 05:48:05,947 [84] DEBUG LTCPro.ServiceLayer.Log4net - ---Executed Successfully GetUserPassedDueFlag() in UserController----
2024-08-30 05:48:05,948 [34] DEBUG LTCPro.ServiceLayer.Log4net - ---Executed successfully GetReadMailsCount() in MailboxController----
2024-08-30 05:48:05,969 [34] DEBUG LTCPro.ServiceLayer.Log4net - ---Executing GetUserToken() in UserService----
2024-08-30 05:48:05,969 [65] DEBUG LTCPro.ServiceLayer.Log4net - ---Executing GetUserToken() in UserService----
2024-08-30 05:48:06,185 [34] DEBUG LTCPro.ServiceLayer.Log4net - ---Executing GetUserRecentFacNs() in UserController----
2024-08-30 05:48:06,185 [34] DEBUG LTCPro.ServiceLayer.Log4net - ---Executing GetUserRecentFacNs() in UserService----
2024-08-30 05:48:06,190 [65] DEBUG LTCPro.ServiceLayer.Log4net - ---Executing GetUserRecentFacNs() in UserController----
2024-08-30 05:48:06,190 [65] DEBUG LTCPro.ServiceLayer.Log4net - ---Executing GetUserRecentFacNs() in UserService----
2024-08-30 05:48:06,243 [87] DEBUG LTCPro.ServiceLayer.Log4net - ---Executed successfully GetAlertsDetails() in MailboxController----
2024-08-30 05:48:06,469 [84] DEBUG LTCPro.ServiceLayer.Log4net - ---Executing GetUserToken() in UserService----
2024-08-30 05:48:06,606 [34] DEBUG LTCPro.ServiceLayer.Log4net - ---Executed Successfully GetUserRecentFacNs() in UserController----
2024-08-30 05:48:06,608 [65] DEBUG LTCPro.ServiceLayer.Log4net - ---Executed Successfully GetUserRecentFacNs() in UserController----
2024-08-30 05:48:06,622 [65] DEBUG LTCPro.ServiceLayer.Log4net - ---Executing GetUserToken() in UserService----
2024-08-30 05:48:06,651 [34] DEBUG LTCPro.ServiceLayer.Log4net - ---Executing GetUserToken() in UserService----
2024-08-30 05:48:06,689 [84] DEBUG LTCPro.ServiceLayer.Log4net - ---Executing OrderEndingSoonStatus() in OrdersController----
2024-08-30 05:48:06,689 [84] DEBUG LTCPro.ServiceLayer.Log4net - ---Executing OrderEndingSoonStatus() in OrdersService----
2024-08-30 05:48:06,832 [65] DEBUG LTCPro.ServiceLayer.Log4net - ---Executing InsertUserActivityDetails() in CompanyController----
2024-08-30 05:48:06,832 [65] DEBUG LTCPro.ServiceLayer.Log4net - ---Executing InsertUserActivityDetails() in UserActivityService----
2024-08-30 05:48:06,865 [34] DEBUG LTCPro.ServiceLayer.Log4net - ---Executing GetUserAccessFacilityNurseStaions() in FacilityController----
2024-08-30 05:48:06,865 [34] DEBUG LTCPro.ServiceLayer.Log4net - ---Executing GetUserAccessFacilityNurseStaions() in FacilityService----
2024-08-30 05:48:07,205 [84] DEBUG LTCPro.ServiceLayer.Log4net - ---Executed Successfully OrderEndingSoonStatus() in OrdersController----
2024-08-30 05:48:07,217 [84] DEBUG LTCPro.ServiceLayer.Log4net - ---Executing GetUserToken() in UserService----
2024-08-30 05:48:07,384 [58] DEBUG LTCPro.ServiceLayer.Log4net - ---Executed Successfully GetDueMARAlertData() in EmarController----
2024-08-30 05:48:07,417 [34] DEBUG LTCPro.ServiceLayer.Log4net - ---Executed Successfully GetUserAccessFacilityNurseStaions() in FacilityController----
2024-08-30 05:48:07,432 [84] DEBUG LTCPro.ServiceLayer.Log4net - ---Executing GetUserAccessFacilityNurseStaions() in FacilityController----
2024-08-30 05:48:07,432 [84] DEBUG LTCPro.ServiceLayer.Log4net - ---Executing GetUserAccessFacilityNurseStaions() in FacilityService----
2024-08-30 05:48:07,449 [59] DEBUG LTCPro.ServiceLayer.Log4net - ---Executing GetUserToken() in UserService----
2024-08-30 05:48:07,627 [65] DEBUG LTCPro.ServiceLayer.Log4net - ---Executed Successfully InsertUserActivityDetails() in CompanyController----
2024-08-30 05:48:07,659 [59] DEBUG LTCPro.ServiceLayer.Log4net - ---Executing UserNurseStationDrop() in FacilityController----
2024-08-30 05:48:07,659 [59] DEBUG LTCPro.ServiceLayer.Log4net - ---Executing UserNurseStationDrop() in FacilityService----
2024-08-30 05:48:07,852 [84] DEBUG LTCPro.ServiceLayer.Log4net - ---Executed Successfully GetUserAccessFacilityNurseStaions() in FacilityController----
2024-08-30 05:48:07,873 [59] DEBUG LTCPro.ServiceLayer.Log4net - ---Executed Successfully UserNurseStationDrop() in FacilityController----
2024-08-30 05:48:07,905 [60] DEBUG LTCPro.ServiceLayer.Log4net - ---Executing GetUserToken() in UserService----
2024-08-30 05:48:07,960 [87] DEBUG LTCPro.ServiceLayer.Log4net - ---Executing GetUserToken() in UserService----
2024-08-30 05:48:08,106 [66] DEBUG LTCPro.ServiceLayer.Log4net - ---Executing GetUserToken() in UserService----
2024-08-30 05:48:08,117 [60] DEBUG LTCPro.ServiceLayer.Log4net - ---Executing GetCompanyToBedFlagByFacId() in FacilityController----
2024-08-30 05:48:08,117 [60] DEBUG LTCPro.ServiceLayer.Log4net - ---Executing GetCompanyToBedFlagByFacId() in FacilityService----
2024-08-30 05:48:08,134 [34] DEBUG LTCPro.ServiceLayer.Log4net - ---Executing GetUserToken() in UserService----
2024-08-30 05:48:08,169 [87] DEBUG LTCPro.ServiceLayer.Log4net - ---Executing GetPRNDetailsByfilter() in EMARController----
2024-08-30 05:48:08,169 [87] DEBUG LTCPro.ServiceLayer.Log4net - ---Executing GetPRNDetailsByfilter() in EmarService----
2024-08-30 05:48:08,320 [66] DEBUG LTCPro.ServiceLayer.Log4net - ---Executing OrderEndingSoonStatus() in OrdersController----
2024-08-30 05:48:08,320 [66] DEBUG LTCPro.ServiceLayer.Log4net - ---Executing OrderEndingSoonStatus() in OrdersService----
2024-08-30 05:48:08,344 [34] DEBUG LTCPro.ServiceLayer.Log4net - ---Executing GetOrdersEndingSoon() in OrdersController----
2024-08-30 05:48:08,344 [34] DEBUG LTCPro.ServiceLayer.Log4net - ---Executing GetOrdersEndingSoon() in OrdersService----
2024-08-30 05:48:08,654 [61] DEBUG LTCPro.ServiceLayer.Log4net - ---Executed Successfully GetPendingDosesList() in CommonController----
2024-08-30 05:48:08,699 [84] DEBUG LTCPro.ServiceLayer.Log4net - ---Executing GetUserToken() in UserService----
2024-08-30 05:48:08,710 [66] DEBUG LTCPro.ServiceLayer.Log4net - ---Executed Successfully OrderEndingSoonStatus() in OrdersController----
2024-08-30 05:48:08,908 [84] DEBUG LTCPro.ServiceLayer.Log4net - ---Executing GetSeventyTwoHourDetailsByfilter() in EMARController----
2024-08-30 05:48:08,908 [84] DEBUG LTCPro.ServiceLayer.Log4net - ---Executing GetSeventyTwoHourDetailsByfilter() in EmarService----
2024-08-30 05:48:08,932 [34] DEBUG LTCPro.ServiceLayer.Log4net - ---Executed Successfully GetOrdersEndingSoon() in OrdersController----
2024-08-30 05:48:08,948 [63] DEBUG LTCPro.ServiceLayer.Log4net - ---Executing GetUserToken() in UserService----
2024-08-30 05:48:09,162 [63] DEBUG LTCPro.ServiceLayer.Log4net - ---Executing GetOrdersGridData() in OrdersController----
2024-08-30 05:48:09,162 [63] DEBUG LTCPro.ServiceLayer.Log4net - ---Executing GetOrdersGridData() in OrdersService----
2024-08-30 05:48:09,407 [60] DEBUG LTCPro.ServiceLayer.Log4net - ---Executed Successfully GetCompanyToBedFlagByFacId() in FacilityController----
2024-08-30 05:48:09,459 [61] DEBUG LTCPro.ServiceLayer.Log4net - ---Executing GetUserToken() in UserService----
2024-08-30 05:48:09,673 [61] DEBUG LTCPro.ServiceLayer.Log4net - ---Executing GetNurseStationHierarchyDetailsbyNsId() in CompanyController----
2024-08-30 05:48:09,673 [61] DEBUG LTCPro.ServiceLayer.Log4net - ---Executing GetNurseStationHierarchyDetailsbyNsId() in CompanyService----
2024-08-30 05:48:09,948 [61] DEBUG LTCPro.ServiceLayer.Log4net - ---Executed Successfully GetNurseStationHierarchyDetailsbyNsId() in CompanyController----
2024-08-30 05:48:11,018 [63] DEBUG LTCPro.ServiceLayer.Log4net - ---Executed Successfully GetOrdersGridData() in OrdersController----
2024-08-30 05:48:11,272 [34] DEBUG LTCPro.ServiceLayer.Log4net - ---Executing GetUserToken() in UserService----
2024-08-30 05:48:11,485 [34] DEBUG LTCPro.ServiceLayer.Log4net - ---Executing GetPendingOrdersGridData() in OrdersController----
2024-08-30 05:48:11,485 [34] DEBUG LTCPro.ServiceLayer.Log4net - ---Executing GetPendingOrdersGridData() in OrdersService----
2024-08-30 05:48:13,317 [34] DEBUG LTCPro.ServiceLayer.Log4net - ---Executed Successfully GetPendingOrdersGridData() in OrdersController----
2024-08-30 05:48:14,901 [62] DEBUG LTCPro.ServiceLayer.Log4net - ---Executed Successfully GetOutboundErrorDetails() in CommonController----
2024-08-30 05:48:15,269 [34] DEBUG LTCPro.ServiceLayer.Log4net - ---Executing GetUserToken() in UserService----
2024-08-30 05:48:15,478 [34] DEBUG LTCPro.ServiceLayer.Log4net - ---Executing GetOrdersGridDataByPatientId() in OrdersController----
2024-08-30 05:48:15,478 [34] DEBUG LTCPro.ServiceLayer.Log4net - ---Executing GetOrdersGridDataByPatientId() in OrdersService----
2024-08-30 05:48:16,235 [34] DEBUG LTCPro.ServiceLayer.Log4net - ---Executed Successfully GetOrdersGridDataByPatientId() in OrdersController----
2024-08-30 05:48:20,135 [59] DEBUG LTCPro.ServiceLayer.Log4net - ---Executing GetUserToken() in UserService----
2024-08-30 05:48:20,336 [87] DEBUG LTCPro.ServiceLayer.Log4net - ---Executed Successfully GetPRNDetailsByfilter() in EMARController----
2024-08-30 05:48:20,347 [59] DEBUG LTCPro.ServiceLayer.Log4net - ---Executing GetFacilityNSResidentsDataByPId() in ResidentDemographicController----
2024-08-30 05:48:20,347 [59] DEBUG LTCPro.ServiceLayer.Log4net - ---Executing GetFacilityNSResidentsDataByPId() in ResidentDemographicService----
2024-08-30 05:48:20,371 [58] DEBUG LTCPro.ServiceLayer.Log4net - ---Executing GetUserToken() in UserService----
2024-08-30 05:48:20,583 [58] DEBUG LTCPro.ServiceLayer.Log4net - ---Executing GetNurseNotes() in OrdersController----
2024-08-30 05:48:20,583 [58] DEBUG LTCPro.ServiceLayer.Log4net - ---Executing GetNurseNotes() in OrdersService----
2024-08-30 05:48:20,958 [84] DEBUG LTCPro.ServiceLayer.Log4net - ---Executed Successfully GetSeventyTwoHourDetailsByfilter() in EMARController----
2024-08-30 05:48:21,720 [58] DEBUG LTCPro.ServiceLayer.Log4net - ---Executed Successfully GetNurseNotes() in OrdersController----
2024-08-30 05:48:21,826 [59] DEBUG LTCPro.ServiceLayer.Log4net - ---Executed Successfully GetFacilityNSResidentsDataByPId() in ResidentDemographicController----
2024-08-30 05:48:22,293 [60] DEBUG LTCPro.ServiceLayer.Log4net - ---Executing GetUserToken() in UserService----
2024-08-30 05:48:22,326 [58] DEBUG LTCPro.ServiceLayer.Log4net - ---Executing GetUserToken() in UserService----
2024-08-30 05:48:22,381 [61] DEBUG LTCPro.ServiceLayer.Log4net - ---Executing GetUserToken() in UserService----
2024-08-30 05:48:22,530 [60] DEBUG LTCPro.ServiceLayer.Log4net - ---Executing GetDrFirstFlagForCompanyByNSId() in CompanyController----
2024-08-30 05:48:22,530 [60] DEBUG LTCPro.ServiceLayer.Log4net - ---Executing GetDrFirstFlagForCompanyByNSId() in CompanyService----
2024-08-30 05:48:22,537 [62] DEBUG LTCPro.ServiceLayer.Log4net - ---Executing GetUserToken() in UserService----
2024-08-30 05:48:22,541 [58] DEBUG LTCPro.ServiceLayer.Log4net - ---Executing GetResidentInformation() in ResidentDemographicController----
2024-08-30 05:48:22,541 [58] DEBUG LTCPro.ServiceLayer.Log4net - ---Executing GetResidentInformation() in ResidentDemographicService----
2024-08-30 05:48:22,543 [59] DEBUG LTCPro.ServiceLayer.Log4net - ---Executing GetUserToken() in UserService----
2024-08-30 05:48:22,595 [61] DEBUG LTCPro.ServiceLayer.Log4net - ---Executing GetAllBarcodes() in StockEkitController----
2024-08-30 05:48:22,595 [61] DEBUG LTCPro.ServiceLayer.Log4net - ---Executing GetAllBarcodes() in StockEkitService----
2024-08-30 05:48:22,742 [60] DEBUG LTCPro.ServiceLayer.Log4net - ---Executed Successfully GetDrFirstFlagForCompanyByNSId() in CompanyController----
2024-08-30 05:48:22,747 [62] DEBUG LTCPro.ServiceLayer.Log4net - ---Executing GetPhysicianDropData() in OrdersController----
2024-08-30 05:48:22,747 [62] DEBUG LTCPro.ServiceLayer.Log4net - ---Executing GetPhysicianDropData() in OrdersService----
2024-08-30 05:48:22,762 [59] DEBUG LTCPro.ServiceLayer.Log4net - ---Executing GetOrderRoutes() in OrdersController----
2024-08-30 05:48:22,762 [59] DEBUG LTCPro.ServiceLayer.Log4net - ---Executing GetOrderRoutes() in OrdersService----
2024-08-30 05:48:22,781 [87] DEBUG LTCPro.ServiceLayer.Log4net - ---Executing GetUserToken() in UserService----
2024-08-30 05:48:22,973 [59] DEBUG LTCPro.ServiceLayer.Log4net - ---Executed Successfully GetOrderRoutes() in OrdersController----
2024-08-30 05:48:22,991 [87] DEBUG LTCPro.ServiceLayer.Log4net - ---Executing GetTimeZoneDate() in CommonController----
2024-08-30 05:48:22,991 [87] DEBUG LTCPro.ServiceLayer.Log4net - ---Executing GetTimeZoneDate() in CommonService----
2024-08-30 05:48:23,183 [62] DEBUG LTCPro.ServiceLayer.Log4net - ---Executed Successfully GetPhysicianDropData() in OrdersController----
2024-08-30 05:48:23,200 [87] DEBUG LTCPro.ServiceLayer.Log4net - ---Executed Successfully GetTimeZoneDate() in CommonController----
2024-08-30 05:48:23,310 [61] DEBUG LTCPro.ServiceLayer.Log4net - ---Executed Successfully GetAllBarcodes() in StockEkitController----
2024-08-30 05:48:25,908 [58] DEBUG LTCPro.ServiceLayer.Log4net - ---Executed Successfully GetResidentInformation() in ResidentDemographicController----
2024-08-30 05:48:25,977 [84] DEBUG LTCPro.ServiceLayer.Log4net - ---Executing GetUserToken() in UserService----
2024-08-30 05:48:26,000 [34] DEBUG LTCPro.ServiceLayer.Log4net - ---Executing GetUserToken() in UserService----
2024-08-30 05:48:26,011 [65] DEBUG LTCPro.ServiceLayer.Log4net - ---Executing GetUserToken() in UserService----
2024-08-30 05:48:26,186 [84] DEBUG LTCPro.ServiceLayer.Log4net - ---Executing GetWeightList(Patient_Id) in AssessmentController----
2024-08-30 05:48:26,186 [84] DEBUG LTCPro.ServiceLayer.Log4net - ---Executing GetWeightList() in AssessmentService----
2024-08-30 05:48:26,212 [87] DEBUG LTCPro.ServiceLayer.Log4net - ---Executing GetUserToken() in UserService----
2024-08-30 05:48:26,219 [34] DEBUG LTCPro.ServiceLayer.Log4net - ---Executing GetPatientType() in ResidentDemographicController----
2024-08-30 05:48:26,219 [34] DEBUG LTCPro.ServiceLayer.Log4net - ---Executing GetPatientType() in EmarService----
2024-08-30 05:48:26,220 [65] DEBUG LTCPro.ServiceLayer.Log4net - ---Executing GetDrFirstOrderCheck() in DrFirstIntegrationController----
2024-08-30 05:48:26,220 [65] DEBUG LTCPro.ServiceLayer.Log4net - ---Executing GetDrFirstOrderCheck() in DrFirstIntegrationService----
2024-08-30 05:48:26,225 [58] DEBUG LTCPro.ServiceLayer.Log4net - ---Executing GetUserToken() in UserService----
2024-08-30 05:48:26,422 [87] DEBUG LTCPro.ServiceLayer.Log4net - ---Executing GetOrderGridData() in OrdersController----
2024-08-30 05:48:26,422 [87] DEBUG LTCPro.ServiceLayer.Log4net - ---Executing GetOrderGridData() in OrdersService----
2024-08-30 05:48:26,434 [34] DEBUG LTCPro.ServiceLayer.Log4net - ---Executed Successfully GetPatientType() in ResidentDemographicController----
2024-08-30 05:48:26,436 [65] DEBUG LTCPro.ServiceLayer.Log4net - ---Executed Successfully GetDrFirstOrderCheck() in DrFirstIntegrationController----
2024-08-30 05:48:26,437 [58] DEBUG LTCPro.ServiceLayer.Log4net - ---Executing GetDiagnosisDetails() in OrdersController----
2024-08-30 05:48:26,437 [58] DEBUG LTCPro.ServiceLayer.Log4net - ---Executing GetDiagnosisDetails() in OrdersService----
2024-08-30 05:48:26,679 [87] DEBUG LTCPro.ServiceLayer.Log4net - ---Executed Successfully GetOrderGridData() in OrdersController----
2024-08-30 05:48:26,713 [62] DEBUG LTCPro.ServiceLayer.Log4net - ---Executing GetUserToken() in UserService----
2024-08-30 05:48:27,011 [62] DEBUG LTCPro.ServiceLayer.Log4net - ---Executing GetAllBarcodes() in StockEkitController----
2024-08-30 05:48:27,011 [62] DEBUG LTCPro.ServiceLayer.Log4net - ---Executing GetAllBarcodes() in StockEkitService----
2024-08-30 05:48:27,015 [66] DEBUG LTCPro.ServiceLayer.Log4net - ---Executing GetUserToken() in UserService----
2024-08-30 05:48:27,027 [34] DEBUG LTCPro.ServiceLayer.Log4net - ---Executing GetUserToken() in UserService----
2024-08-30 05:48:27,150 [84] DEBUG LTCPro.ServiceLayer.Log4net - ---Executed Successfully GetWeightList(Patient_Id) in AssessmentController----
2024-08-30 05:48:27,215 [58] DEBUG LTCPro.ServiceLayer.Log4net - ---Executed Successfully GetDiagnosisDetails() in OrdersController----
2024-08-30 05:48:27,225 [66] DEBUG LTCPro.ServiceLayer.Log4net - ---Executing GetOrderGridData() in OrdersController----
2024-08-30 05:48:27,225 [66] DEBUG LTCPro.ServiceLayer.Log4net - ---Executing GetOrderGridData() in OrdersService----
2024-08-30 05:48:27,236 [34] DEBUG LTCPro.ServiceLayer.Log4net - ---Executing GetOrdersData() in OrdersController----
2024-08-30 05:48:27,236 [34] DEBUG LTCPro.ServiceLayer.Log4net - ---Executing GetOrdersData() in OrdersService----
2024-08-30 05:48:27,453 [34] DEBUG LTCPro.ServiceLayer.Log4net - ---Executed Successfully GetOrdersData() in OrdersController----
2024-08-30 05:48:29,712 [62] DEBUG LTCPro.ServiceLayer.Log4net - ---Executed Successfully GetAllBarcodes() in StockEkitController----
2024-08-30 05:48:29,715 [66] DEBUG LTCPro.ServiceLayer.Log4net - ---Executed Successfully GetOrderGridData() in OrdersController----
2024-08-30 05:48:29,977 [66] DEBUG LTCPro.ServiceLayer.Log4net - ---Executing GetUserToken() in UserService----
2024-08-30 05:48:29,984 [34] DEBUG LTCPro.ServiceLayer.Log4net - ---Executing GetUserToken() in UserService----
2024-08-30 05:48:30,029 [87] DEBUG LTCPro.ServiceLayer.Log4net - ---Executing GetUserToken() in UserService----
2024-08-30 05:48:30,041 [58] DEBUG LTCPro.ServiceLayer.Log4net - ---Executing GetUserToken() in UserService----
2024-08-30 05:48:30,190 [66] DEBUG LTCPro.ServiceLayer.Log4net - ---Executing GetOrderStockDetails() in OrdersController----
2024-08-30 05:48:30,190 [66] DEBUG LTCPro.ServiceLayer.Log4net - ---Executing GetOrderStockDetails() in OrdersService----
2024-08-30 05:48:30,194 [34] DEBUG LTCPro.ServiceLayer.Log4net - ---Executing GetFavouritesMasterData() in OrdersController----
2024-08-30 05:48:30,194 [34] DEBUG LTCPro.ServiceLayer.Log4net - ---Executing GetFavouritesMasterData() in OrdersService----
2024-08-30 05:48:30,241 [87] DEBUG LTCPro.ServiceLayer.Log4net - ---Executing GetPhysicianDropData() in OrdersController----
2024-08-30 05:48:30,241 [87] DEBUG LTCPro.ServiceLayer.Log4net - ---Executing GetPhysicianDropData() in OrdersService----
2024-08-30 05:48:30,250 [58] DEBUG LTCPro.ServiceLayer.Log4net - ---Executing GetNurseNotes() in OrdersController----
2024-08-30 05:48:30,250 [58] DEBUG LTCPro.ServiceLayer.Log4net - ---Executing GetNurseNotes() in OrdersService----
2024-08-30 05:48:30,400 [66] DEBUG LTCPro.ServiceLayer.Log4net - ---Executed Successfully GetOrderStockDetails() in OrdersController----
2024-08-30 05:48:30,406 [34] DEBUG LTCPro.ServiceLayer.Log4net - ---Executed Successfully GetFavouritesMasterData() in OrdersController----
2024-08-30 05:48:30,678 [87] DEBUG LTCPro.ServiceLayer.Log4net - ---Executed Successfully GetPhysicianDropData() in OrdersController----
2024-08-30 05:48:31,369 [58] DEBUG LTCPro.ServiceLayer.Log4net - ---Executed Successfully GetNurseNotes() in OrdersController----
2024-08-30 05:53:42,514 [59] DEBUG LTCPro.ServiceLayer.Log4net - ---Executing GetUserToken() in UserService----
2024-08-30 05:53:42,569 [58] DEBUG LTCPro.ServiceLayer.Log4net - ---Executing GetUserToken() in UserService----
2024-08-30 05:53:42,572 [5] DEBUG LTCPro.ServiceLayer.Log4net - ---Executing GetUserToken() in UserService----
2024-08-30 05:53:42,578 [62] DEBUG LTCPro.ServiceLayer.Log4net - ---Executing GetUserToken() in UserService----
2024-08-30 05:53:42,584 [25] DEBUG LTCPro.ServiceLayer.Log4net - ---Executing GetUserToken() in UserService----
2024-08-30 05:53:42,596 [35] DEBUG LTCPro.ServiceLayer.Log4net - ---Executing GetUserToken() in UserService----
2024-08-30 05:53:43,604 [59] DEBUG LTCPro.ServiceLayer.Log4net - ---Executing GetAlertsDetails() in MailboxController----
2024-08-30 05:53:43,604 [59] DEBUG LTCPro.ServiceLayer.Log4net - ---Executing GetAlertsDetails() in MailboxService----
2024-08-30 05:53:43,813 [62] DEBUG LTCPro.ServiceLayer.Log4net - ---Executing GetOutboundErrorDetails() in CommonController----
2024-08-30 05:53:43,813 [62] DEBUG LTCPro.ServiceLayer.Log4net - ---Executing GetOutboundErrorDetails() in CommonService----
2024-08-30 05:53:44,283 [59] DEBUG LTCPro.ServiceLayer.Log4net - ---Executed successfully GetAlertsDetails() in MailboxController----
2024-08-30 05:53:44,310 [59] DEBUG LTCPro.ServiceLayer.Log4net - ---Executing GetUserToken() in UserService----
2024-08-30 05:53:44,471 [58] DEBUG LTCPro.ServiceLayer.Log4net - ---Executing GetReadMailsCount() in MailboxController----
2024-08-30 05:53:44,471 [58] DEBUG LTCPro.ServiceLayer.Log4net - ---Executing GetReadMailsCount() in MailboxService----
2024-08-30 05:53:44,495 [25] DEBUG LTCPro.ServiceLayer.Log4net - ---Executing GetUserRecentFacNs() in UserController----
2024-08-30 05:53:44,495 [25] DEBUG LTCPro.ServiceLayer.Log4net - ---Executing GetUserRecentFacNs() in UserService----
2024-08-30 05:53:44,681 [59] DEBUG LTCPro.ServiceLayer.Log4net - ---Executing GetUserRecentFacNs() in UserController----
2024-08-30 05:53:44,681 [59] DEBUG LTCPro.ServiceLayer.Log4net - ---Executing GetUserRecentFacNs() in UserService----
2024-08-30 05:53:44,705 [58] DEBUG LTCPro.ServiceLayer.Log4net - ---Executed successfully GetReadMailsCount() in MailboxController----
2024-08-30 05:53:44,732 [56] DEBUG LTCPro.ServiceLayer.Log4net - ---Executing GetUserToken() in UserService----
2024-08-30 05:53:45,102 [5] DEBUG LTCPro.ServiceLayer.Log4net - ---Executing GetUserPassedDueFlag() in UserController----
2024-08-30 05:53:45,102 [5] DEBUG LTCPro.ServiceLayer.Log4net - ---Executing GetUserPassedDueFlag() in UserService----
2024-08-30 05:53:45,124 [25] DEBUG LTCPro.ServiceLayer.Log4net - ---Executed Successfully GetUserRecentFacNs() in UserController----
2024-08-30 05:53:45,310 [59] DEBUG LTCPro.ServiceLayer.Log4net - ---Executed Successfully GetUserRecentFacNs() in UserController----
2024-08-30 05:53:45,339 [59] DEBUG LTCPro.ServiceLayer.Log4net - ---Executing GetUserToken() in UserService----
2024-08-30 05:53:45,339 [5] DEBUG LTCPro.ServiceLayer.Log4net - ---Executed Successfully GetUserPassedDueFlag() in UserController----
2024-08-30 05:53:45,366 [77] DEBUG LTCPro.ServiceLayer.Log4net - ---Executing GetUserToken() in UserService----
2024-08-30 05:53:45,499 [58] DEBUG LTCPro.ServiceLayer.Log4net - ---Executing GetUserToken() in UserService----
2024-08-30 05:53:45,519 [35] DEBUG LTCPro.ServiceLayer.Log4net - ---Executing GetPendingDosesList() in CommonController----
2024-08-30 05:53:45,519 [35] DEBUG LTCPro.ServiceLayer.Log4net - ---Executing GetPendingDosesList() in CommonService----
2024-08-30 05:53:45,551 [56] DEBUG LTCPro.ServiceLayer.Log4net - ---Executing GetDueMARAlertData() in EmarController----
2024-08-30 05:53:45,551 [56] DEBUG LTCPro.ServiceLayer.Log4net - ---Executing GetDueMARAlertData() in EmarService----
2024-08-30 05:53:45,728 [58] DEBUG LTCPro.ServiceLayer.Log4net - ---Executing OrderEndingSoonStatus() in OrdersController----
2024-08-30 05:53:45,728 [58] DEBUG LTCPro.ServiceLayer.Log4net - ---Executing OrderEndingSoonStatus() in OrdersService----
2024-08-30 05:53:45,760 [77] DEBUG LTCPro.ServiceLayer.Log4net - ---Executing GetUserAccessFacilityNurseStaions() in FacilityController----
2024-08-30 05:53:45,760 [77] DEBUG LTCPro.ServiceLayer.Log4net - ---Executing GetUserAccessFacilityNurseStaions() in FacilityService----
2024-08-30 05:53:46,170 [58] DEBUG LTCPro.ServiceLayer.Log4net - ---Executed Successfully OrderEndingSoonStatus() in OrdersController----
2024-08-30 05:53:46,182 [58] DEBUG LTCPro.ServiceLayer.Log4net - ---Executing GetUserToken() in UserService----
2024-08-30 05:53:46,593 [58] DEBUG LTCPro.ServiceLayer.Log4net - ---Executing GetUserAccessFacilityNurseStaions() in FacilityController----
2024-08-30 05:53:46,593 [58] DEBUG LTCPro.ServiceLayer.Log4net - ---Executing GetUserAccessFacilityNurseStaions() in FacilityService----
2024-08-30 05:53:46,627 [59] DEBUG LTCPro.ServiceLayer.Log4net - ---Executing InsertUserActivityDetails() in CompanyController----
2024-08-30 05:53:46,627 [59] DEBUG LTCPro.ServiceLayer.Log4net - ---Executing InsertUserActivityDetails() in UserActivityService----
2024-08-30 05:53:46,801 [77] DEBUG LTCPro.ServiceLayer.Log4net - ---Executed Successfully GetUserAccessFacilityNurseStaions() in FacilityController----
2024-08-30 05:53:47,046 [58] DEBUG LTCPro.ServiceLayer.Log4net - ---Executed Successfully GetUserAccessFacilityNurseStaions() in FacilityController----
2024-08-30 05:53:47,071 [58] DEBUG LTCPro.ServiceLayer.Log4net - ---Executing GetUserToken() in UserService----
2024-08-30 05:53:47,281 [58] DEBUG LTCPro.ServiceLayer.Log4net - ---Executing UserNurseStationDrop() in FacilityController----
2024-08-30 05:53:47,281 [58] DEBUG LTCPro.ServiceLayer.Log4net - ---Executing UserNurseStationDrop() in FacilityService----
2024-08-30 05:53:47,426 [59] DEBUG LTCPro.ServiceLayer.Log4net - ---Executed Successfully InsertUserActivityDetails() in CompanyController----
2024-08-30 05:53:47,490 [58] DEBUG LTCPro.ServiceLayer.Log4net - ---Executed Successfully UserNurseStationDrop() in FacilityController----
2024-08-30 05:53:47,531 [59] DEBUG LTCPro.ServiceLayer.Log4net - ---Executing GetUserToken() in UserService----
2024-08-30 05:53:47,729 [5] DEBUG LTCPro.ServiceLayer.Log4net - ---Executing GetUserToken() in UserService----
2024-08-30 05:53:47,745 [59] DEBUG LTCPro.ServiceLayer.Log4net - ---Executing GetCompanyToBedFlagByFacId() in FacilityController----
2024-08-30 05:53:47,745 [59] DEBUG LTCPro.ServiceLayer.Log4net - ---Executing GetCompanyToBedFlagByFacId() in FacilityService----
2024-08-30 05:53:47,940 [5] DEBUG LTCPro.ServiceLayer.Log4net - ---Executing OrderEndingSoonStatus() in OrdersController----
2024-08-30 05:53:47,940 [5] DEBUG LTCPro.ServiceLayer.Log4net - ---Executing OrderEndingSoonStatus() in OrdersService----
2024-08-30 05:53:48,366 [5] DEBUG LTCPro.ServiceLayer.Log4net - ---Executed Successfully OrderEndingSoonStatus() in OrdersController----
2024-08-30 05:53:48,392 [5] DEBUG LTCPro.ServiceLayer.Log4net - ---Executing GetUserToken() in UserService----
2024-08-30 05:53:48,513 [58] DEBUG LTCPro.ServiceLayer.Log4net - ---Executing GetUserToken() in UserService----
2024-08-30 05:53:48,601 [5] DEBUG LTCPro.ServiceLayer.Log4net - ---Executing GetPRNDetailsByfilter() in EMARController----
2024-08-30 05:53:48,601 [5] DEBUG LTCPro.ServiceLayer.Log4net - ---Executing GetPRNDetailsByfilter() in EmarService----
2024-08-30 05:53:48,662 [35] DEBUG LTCPro.ServiceLayer.Log4net - ---Executed Successfully GetPendingDosesList() in CommonController----
2024-08-30 05:53:48,692 [35] DEBUG LTCPro.ServiceLayer.Log4net - ---Executing GetUserToken() in UserService----
2024-08-30 05:53:48,856 [56] DEBUG LTCPro.ServiceLayer.Log4net - ---Executed Successfully GetDueMARAlertData() in EmarController----
2024-08-30 05:53:48,923 [35] DEBUG LTCPro.ServiceLayer.Log4net - ---Executing GetSeventyTwoHourDetailsByfilter() in EMARController----
2024-08-30 05:53:48,923 [35] DEBUG LTCPro.ServiceLayer.Log4net - ---Executing GetSeventyTwoHourDetailsByfilter() in EmarService----
2024-08-30 05:53:49,025 [59] DEBUG LTCPro.ServiceLayer.Log4net - ---Executed Successfully GetCompanyToBedFlagByFacId() in FacilityController----
2024-08-30 05:53:49,074 [59] DEBUG LTCPro.ServiceLayer.Log4net - ---Executing GetUserToken() in UserService----
2024-08-30 05:53:49,114 [56] DEBUG LTCPro.ServiceLayer.Log4net - ---Executing GetUserToken() in UserService----
2024-08-30 05:53:49,285 [59] DEBUG LTCPro.ServiceLayer.Log4net - ---Executing GetNurseStationHierarchyDetailsbyNsId() in CompanyController----
2024-08-30 05:53:49,285 [59] DEBUG LTCPro.ServiceLayer.Log4net - ---Executing GetNurseStationHierarchyDetailsbyNsId() in CompanyService----
2024-08-30 05:53:49,323 [56] DEBUG LTCPro.ServiceLayer.Log4net - ---Executing GetOrdersGridData() in OrdersController----
2024-08-30 05:53:49,323 [56] DEBUG LTCPro.ServiceLayer.Log4net - ---Executing GetOrdersGridData() in OrdersService----
2024-08-30 05:53:49,505 [59] DEBUG LTCPro.ServiceLayer.Log4net - ---Executed Successfully GetNurseStationHierarchyDetailsbyNsId() in CompanyController----
2024-08-30 05:53:49,607 [58] DEBUG LTCPro.ServiceLayer.Log4net - ---Executing GetOrdersEndingSoon() in OrdersController----
2024-08-30 05:53:49,607 [58] DEBUG LTCPro.ServiceLayer.Log4net - ---Executing GetOrdersEndingSoon() in OrdersService----
2024-08-30 05:53:50,074 [58] DEBUG LTCPro.ServiceLayer.Log4net - ---Executed Successfully GetOrdersEndingSoon() in OrdersController----
2024-08-30 05:53:51,252 [56] DEBUG LTCPro.ServiceLayer.Log4net - ---Executed Successfully GetOrdersGridData() in OrdersController----
2024-08-30 05:53:51,543 [56] DEBUG LTCPro.ServiceLayer.Log4net - ---Executing GetUserToken() in UserService----
2024-08-30 05:53:51,752 [56] DEBUG LTCPro.ServiceLayer.Log4net - ---Executing GetPendingOrdersGridData() in OrdersController----
2024-08-30 05:53:51,752 [56] DEBUG LTCPro.ServiceLayer.Log4net - ---Executing GetPendingOrdersGridData() in OrdersService----
2024-08-30 05:53:53,555 [56] DEBUG LTCPro.ServiceLayer.Log4net - ---Executed Successfully GetPendingOrdersGridData() in OrdersController----
2024-08-30 05:53:54,274 [59] DEBUG LTCPro.ServiceLayer.Log4net - ---Executing GetUserToken() in UserService----
2024-08-30 05:53:54,333 [62] DEBUG LTCPro.ServiceLayer.Log4net - ---Executed Successfully GetOutboundErrorDetails() in CommonController----
2024-08-30 05:53:54,484 [59] DEBUG LTCPro.ServiceLayer.Log4net - ---Executing GetOrdersGridDataByPatientId() in OrdersController----
2024-08-30 05:53:54,484 [59] DEBUG LTCPro.ServiceLayer.Log4net - ---Executing GetOrdersGridDataByPatientId() in OrdersService----
2024-08-30 05:53:56,636 [59] DEBUG LTCPro.ServiceLayer.Log4net - ---Executed Successfully GetOrdersGridDataByPatientId() in OrdersController----
2024-08-30 05:54:01,121 [35] DEBUG LTCPro.ServiceLayer.Log4net - ---Executed Successfully GetSeventyTwoHourDetailsByfilter() in EMARController----
2024-08-30 05:54:01,151 [5] DEBUG LTCPro.ServiceLayer.Log4net - ---Executed Successfully GetPRNDetailsByfilter() in EMARController----
2024-08-30 05:54:01,473 [59] DEBUG LTCPro.ServiceLayer.Log4net - ---Executing GetUserToken() in UserService----
2024-08-30 05:54:01,677 [58] DEBUG LTCPro.ServiceLayer.Log4net - ---Executing GetUserToken() in UserService----
2024-08-30 05:54:01,683 [59] DEBUG LTCPro.ServiceLayer.Log4net - ---Executing GetFacilityNSResidentsDataByPId() in ResidentDemographicController----
2024-08-30 05:54:01,683 [59] DEBUG LTCPro.ServiceLayer.Log4net - ---Executing GetFacilityNSResidentsDataByPId() in ResidentDemographicService----
2024-08-30 05:54:01,887 [58] DEBUG LTCPro.ServiceLayer.Log4net - ---Executing GetNurseNotes() in OrdersController----
2024-08-30 05:54:01,887 [58] DEBUG LTCPro.ServiceLayer.Log4net - ---Executing GetNurseNotes() in OrdersService----
2024-08-30 05:54:03,018 [58] DEBUG LTCPro.ServiceLayer.Log4net - ---Executed Successfully GetNurseNotes() in OrdersController----
2024-08-30 05:54:03,162 [59] DEBUG LTCPro.ServiceLayer.Log4net - ---Executed Successfully GetFacilityNSResidentsDataByPId() in ResidentDemographicController----
2024-08-30 05:54:03,295 [35] DEBUG LTCPro.ServiceLayer.Log4net - ---Executing GetUserToken() in UserService----
2024-08-30 05:54:03,359 [59] DEBUG LTCPro.ServiceLayer.Log4net - ---Executing GetUserToken() in UserService----
2024-08-30 05:54:03,420 [5] DEBUG LTCPro.ServiceLayer.Log4net - ---Executing GetUserToken() in UserService----
2024-08-30 05:54:03,565 [35] DEBUG LTCPro.ServiceLayer.Log4net - ---Executing GetDrFirstFlagForCompanyByNSId() in CompanyController----
2024-08-30 05:54:03,565 [35] DEBUG LTCPro.ServiceLayer.Log4net - ---Executing GetDrFirstFlagForCompanyByNSId() in CompanyService----
2024-08-30 05:54:03,609 [59] DEBUG LTCPro.ServiceLayer.Log4net - ---Executing GetResidentInformation() in ResidentDemographicController----
2024-08-30 05:54:03,609 [59] DEBUG LTCPro.ServiceLayer.Log4net - ---Executing GetResidentInformation() in ResidentDemographicService----
2024-08-30 05:54:03,643 [5] DEBUG LTCPro.ServiceLayer.Log4net - ---Executing GetAllBarcodes() in StockEkitController----
2024-08-30 05:54:03,643 [5] DEBUG LTCPro.ServiceLayer.Log4net - ---Executing GetAllBarcodes() in StockEkitService----
2024-08-30 05:54:03,682 [56] DEBUG LTCPro.ServiceLayer.Log4net - ---Executing GetUserToken() in UserService----
2024-08-30 05:54:03,725 [62] DEBUG LTCPro.ServiceLayer.Log4net - ---Executing GetUserToken() in UserService----
2024-08-30 05:54:03,815 [35] DEBUG LTCPro.ServiceLayer.Log4net - ---Executed Successfully GetDrFirstFlagForCompanyByNSId() in CompanyController----
2024-08-30 05:54:03,843 [58] DEBUG LTCPro.ServiceLayer.Log4net - ---Executing GetUserToken() in UserService----
2024-08-30 05:54:03,892 [56] DEBUG LTCPro.ServiceLayer.Log4net - ---Executing GetOrderRoutes() in OrdersController----
2024-08-30 05:54:03,892 [56] DEBUG LTCPro.ServiceLayer.Log4net - ---Executing GetOrderRoutes() in OrdersService----
2024-08-30 05:54:03,935 [62] DEBUG LTCPro.ServiceLayer.Log4net - ---Executing GetPhysicianDropData() in OrdersController----
2024-08-30 05:54:03,935 [62] DEBUG LTCPro.ServiceLayer.Log4net - ---Executing GetPhysicianDropData() in OrdersService----
2024-08-30 05:54:04,053 [58] DEBUG LTCPro.ServiceLayer.Log4net - ---Executing GetTimeZoneDate() in CommonController----
2024-08-30 05:54:04,053 [58] DEBUG LTCPro.ServiceLayer.Log4net - ---Executing GetTimeZoneDate() in CommonService----
2024-08-30 05:54:04,102 [56] DEBUG LTCPro.ServiceLayer.Log4net - ---Executed Successfully GetOrderRoutes() in OrdersController----
2024-08-30 05:54:04,261 [58] DEBUG LTCPro.ServiceLayer.Log4net - ---Executed Successfully GetTimeZoneDate() in CommonController----
2024-08-30 05:54:04,345 [5] DEBUG LTCPro.ServiceLayer.Log4net - ---Executed Successfully GetAllBarcodes() in StockEkitController----
2024-08-30 05:54:04,377 [62] DEBUG LTCPro.ServiceLayer.Log4net - ---Executed Successfully GetPhysicianDropData() in OrdersController----
2024-08-30 05:54:06,991 [59] DEBUG LTCPro.ServiceLayer.Log4net - ---Executed Successfully GetResidentInformation() in ResidentDemographicController----
2024-08-30 05:54:07,063 [5] DEBUG LTCPro.ServiceLayer.Log4net - ---Executing GetUserToken() in UserService----
2024-08-30 05:54:07,079 [59] DEBUG LTCPro.ServiceLayer.Log4net - ---Executing GetUserToken() in UserService----
2024-08-30 05:54:07,095 [35] DEBUG LTCPro.ServiceLayer.Log4net - ---Executing GetUserToken() in UserService----
2024-08-30 05:54:07,272 [5] DEBUG LTCPro.ServiceLayer.Log4net - ---Executing GetDrFirstOrderCheck() in DrFirstIntegrationController----
2024-08-30 05:54:07,272 [5] DEBUG LTCPro.ServiceLayer.Log4net - ---Executing GetDrFirstOrderCheck() in DrFirstIntegrationService----
2024-08-30 05:54:07,289 [59] DEBUG LTCPro.ServiceLayer.Log4net - ---Executing GetWeightList(Patient_Id) in AssessmentController----
2024-08-30 05:54:07,289 [59] DEBUG LTCPro.ServiceLayer.Log4net - ---Executing GetWeightList() in AssessmentService----
2024-08-30 05:54:07,305 [35] DEBUG LTCPro.ServiceLayer.Log4net - ---Executing GetPatientType() in ResidentDemographicController----
2024-08-30 05:54:07,305 [35] DEBUG LTCPro.ServiceLayer.Log4net - ---Executing GetPatientType() in EmarService----
2024-08-30 05:54:07,308 [77] DEBUG LTCPro.ServiceLayer.Log4net - ---Executing GetUserToken() in UserService----
2024-08-30 05:54:07,327 [58] DEBUG LTCPro.ServiceLayer.Log4net - ---Executing GetUserToken() in UserService----
2024-08-30 05:54:07,481 [5] DEBUG LTCPro.ServiceLayer.Log4net - ---Executed Successfully GetDrFirstOrderCheck() in DrFirstIntegrationController----
2024-08-30 05:54:07,517 [77] DEBUG LTCPro.ServiceLayer.Log4net - ---Executing GetDiagnosisDetails() in OrdersController----
2024-08-30 05:54:07,518 [77] DEBUG LTCPro.ServiceLayer.Log4net - ---Executing GetDiagnosisDetails() in OrdersService----
2024-08-30 05:54:07,519 [35] DEBUG LTCPro.ServiceLayer.Log4net - ---Executed Successfully GetPatientType() in ResidentDemographicController----
2024-08-30 05:54:07,537 [58] DEBUG LTCPro.ServiceLayer.Log4net - ---Executing GetOrderGridData() in OrdersController----
2024-08-30 05:54:07,537 [58] DEBUG LTCPro.ServiceLayer.Log4net - ---Executing GetOrderGridData() in OrdersService----
2024-08-30 05:54:07,790 [58] DEBUG LTCPro.ServiceLayer.Log4net - ---Executed Successfully GetOrderGridData() in OrdersController----
2024-08-30 05:54:07,823 [25] DEBUG LTCPro.ServiceLayer.Log4net - ---Executing GetUserToken() in UserService----
2024-08-30 05:54:08,033 [25] DEBUG LTCPro.ServiceLayer.Log4net - ---Executing GetAllBarcodes() in StockEkitController----
2024-08-30 05:54:08,033 [25] DEBUG LTCPro.ServiceLayer.Log4net - ---Executing GetAllBarcodes() in StockEkitService----
2024-08-30 05:54:08,075 [5] DEBUG LTCPro.ServiceLayer.Log4net - ---Executing GetUserToken() in UserService----
2024-08-30 05:54:08,082 [62] DEBUG LTCPro.ServiceLayer.Log4net - ---Executing GetUserToken() in UserService----
2024-08-30 05:54:08,146 [59] DEBUG LTCPro.ServiceLayer.Log4net - ---Executed Successfully GetWeightList(Patient_Id) in AssessmentController----
2024-08-30 05:54:08,149 [77] DEBUG LTCPro.ServiceLayer.Log4net - ---Executed Successfully GetDiagnosisDetails() in OrdersController----
2024-08-30 05:54:08,285 [5] DEBUG LTCPro.ServiceLayer.Log4net - ---Executing GetOrdersData() in OrdersController----
2024-08-30 05:54:08,286 [5] DEBUG LTCPro.ServiceLayer.Log4net - ---Executing GetOrdersData() in OrdersService----
2024-08-30 05:54:08,291 [62] DEBUG LTCPro.ServiceLayer.Log4net - ---Executing GetOrderGridData() in OrdersController----
2024-08-30 05:54:08,291 [62] DEBUG LTCPro.ServiceLayer.Log4net - ---Executing GetOrderGridData() in OrdersService----
2024-08-30 05:54:08,500 [5] DEBUG LTCPro.ServiceLayer.Log4net - ---Executed Successfully GetOrdersData() in OrdersController----
2024-08-30 05:54:10,195 [25] DEBUG LTCPro.ServiceLayer.Log4net - ---Executed Successfully GetAllBarcodes() in StockEkitController----
2024-08-30 05:54:10,662 [59] DEBUG LTCPro.ServiceLayer.Log4net - ---Executing GetUserToken() in UserService----
2024-08-30 05:54:10,670 [58] DEBUG LTCPro.ServiceLayer.Log4net - ---Executing GetUserToken() in UserService----
2024-08-30 05:54:10,680 [77] DEBUG LTCPro.ServiceLayer.Log4net - ---Executing GetUserToken() in UserService----
2024-08-30 05:54:10,686 [56] DEBUG LTCPro.ServiceLayer.Log4net - ---Executing GetUserToken() in UserService----
2024-08-30 05:54:10,873 [59] DEBUG LTCPro.ServiceLayer.Log4net - ---Executing GetFavouritesMasterData() in OrdersController----
2024-08-30 05:54:10,874 [59] DEBUG LTCPro.ServiceLayer.Log4net - ---Executing GetFavouritesMasterData() in OrdersService----
2024-08-30 05:54:10,883 [58] DEBUG LTCPro.ServiceLayer.Log4net - ---Executing GetOrderStockDetails() in OrdersController----
2024-08-30 05:54:10,883 [58] DEBUG LTCPro.ServiceLayer.Log4net - ---Executing GetOrderStockDetails() in OrdersService----
2024-08-30 05:54:10,889 [77] DEBUG LTCPro.ServiceLayer.Log4net - ---Executing GetNurseNotes() in OrdersController----
2024-08-30 05:54:10,889 [77] DEBUG LTCPro.ServiceLayer.Log4net - ---Executing GetNurseNotes() in OrdersService----
2024-08-30 05:54:10,898 [56] DEBUG LTCPro.ServiceLayer.Log4net - ---Executing GetPhysicianDropData() in OrdersController----
2024-08-30 05:54:10,898 [56] DEBUG LTCPro.ServiceLayer.Log4net - ---Executing GetPhysicianDropData() in OrdersService----
2024-08-30 05:54:10,961 [62] DEBUG LTCPro.ServiceLayer.Log4net - ---Executed Successfully GetOrderGridData() in OrdersController----
2024-08-30 05:54:11,085 [59] DEBUG LTCPro.ServiceLayer.Log4net - ---Executed Successfully GetFavouritesMasterData() in OrdersController----
2024-08-30 05:54:11,093 [58] DEBUG LTCPro.ServiceLayer.Log4net - ---Executed Successfully GetOrderStockDetails() in OrdersController----
2024-08-30 05:54:11,540 [56] DEBUG LTCPro.ServiceLayer.Log4net - ---Executed Successfully GetPhysicianDropData() in OrdersController----
2024-08-30 05:54:12,005 [77] DEBUG LTCPro.ServiceLayer.Log4net - ---Executed Successfully GetNurseNotes() in OrdersController----
2024-08-30 05:54:22,484 [25] DEBUG LTCPro.ServiceLayer.Log4net - ---Executing GetUserToken() in UserService----
2024-08-30 05:54:22,490 [58] DEBUG LTCPro.ServiceLayer.Log4net - ---Executing GetUserToken() in UserService----
2024-08-30 05:54:22,699 [25] DEBUG LTCPro.ServiceLayer.Log4net - ---Executing GetUserRecentFacNs() in UserController----
2024-08-30 05:54:22,700 [25] DEBUG LTCPro.ServiceLayer.Log4net - ---Executing GetUserRecentFacNs() in UserService----
2024-08-30 05:54:22,700 [58] DEBUG LTCPro.ServiceLayer.Log4net - ---Executing InsertUserActivityDetails() in CompanyController----
2024-08-30 05:54:22,700 [58] DEBUG LTCPro.ServiceLayer.Log4net - ---Executing InsertUserActivityDetails() in UserActivityService----
2024-08-30 05:54:22,724 [77] DEBUG LTCPro.ServiceLayer.Log4net - ---Executing GetUserToken() in UserService----
2024-08-30 05:54:22,932 [77] DEBUG LTCPro.ServiceLayer.Log4net - ---Executing OrderEndingSoonStatus() in OrdersController----
2024-08-30 05:54:22,932 [77] DEBUG LTCPro.ServiceLayer.Log4net - ---Executing OrderEndingSoonStatus() in OrdersService----
2024-08-30 05:54:23,125 [25] DEBUG LTCPro.ServiceLayer.Log4net - ---Executed Successfully GetUserRecentFacNs() in UserController----
2024-08-30 05:54:23,155 [25] DEBUG LTCPro.ServiceLayer.Log4net - ---Executing GetUserToken() in UserService----
2024-08-30 05:54:23,336 [58] DEBUG LTCPro.ServiceLayer.Log4net - ---Executed Successfully InsertUserActivityDetails() in CompanyController----
2024-08-30 05:54:23,339 [77] DEBUG LTCPro.ServiceLayer.Log4net - ---Executed Successfully OrderEndingSoonStatus() in OrdersController----
2024-08-30 05:54:23,367 [25] DEBUG LTCPro.ServiceLayer.Log4net - ---Executing GetUserAccessFacilityNurseStaions() in FacilityController----
2024-08-30 05:54:23,367 [25] DEBUG LTCPro.ServiceLayer.Log4net - ---Executing GetUserAccessFacilityNurseStaions() in FacilityService----
2024-08-30 05:54:23,788 [25] DEBUG LTCPro.ServiceLayer.Log4net - ---Executed Successfully GetUserAccessFacilityNurseStaions() in FacilityController----
2024-08-30 05:54:23,814 [59] DEBUG LTCPro.ServiceLayer.Log4net - ---Executing GetUserToken() in UserService----
2024-08-30 05:54:24,028 [59] DEBUG LTCPro.ServiceLayer.Log4net - ---Executing UserNurseStationDrop() in FacilityController----
2024-08-30 05:54:24,028 [59] DEBUG LTCPro.ServiceLayer.Log4net - ---Executing UserNurseStationDrop() in FacilityService----
2024-08-30 05:54:24,238 [59] DEBUG LTCPro.ServiceLayer.Log4net - ---Executed Successfully UserNurseStationDrop() in FacilityController----
2024-08-30 05:54:24,304 [35] DEBUG LTCPro.ServiceLayer.Log4net - ---Executing GetUserToken() in UserService----
2024-08-30 05:54:24,349 [59] DEBUG LTCPro.ServiceLayer.Log4net - ---Executing GetUserToken() in UserService----
2024-08-30 05:54:24,360 [62] DEBUG LTCPro.ServiceLayer.Log4net - ---Executing GetUserToken() in UserService----
2024-08-30 05:54:24,606 [35] DEBUG LTCPro.ServiceLayer.Log4net - ---Executing GetCompanyToBedFlagByFacId() in FacilityController----
2024-08-30 05:54:24,606 [35] DEBUG LTCPro.ServiceLayer.Log4net - ---Executing GetCompanyToBedFlagByFacId() in FacilityService----
2024-08-30 05:54:24,632 [25] DEBUG LTCPro.ServiceLayer.Log4net - ---Executing GetUserToken() in UserService----
2024-08-30 05:54:24,645 [62] DEBUG LTCPro.ServiceLayer.Log4net - ---Executing GetSeventyTwoHourDetailsByfilter() in EMARController----
2024-08-30 05:54:24,645 [62] DEBUG LTCPro.ServiceLayer.Log4net - ---Executing GetSeventyTwoHourDetailsByfilter() in EmarService----
2024-08-30 05:54:24,654 [59] DEBUG LTCPro.ServiceLayer.Log4net - ---Executing GetPRNDetailsByfilter() in EMARController----
2024-08-30 05:54:24,654 [59] DEBUG LTCPro.ServiceLayer.Log4net - ---Executing GetPRNDetailsByfilter() in EmarService----
2024-08-30 05:54:24,680 [5] DEBUG LTCPro.ServiceLayer.Log4net - ---Executing GetUserToken() in UserService----
2024-08-30 05:54:24,693 [77] DEBUG LTCPro.ServiceLayer.Log4net - ---Executing GetUserToken() in UserService----
2024-08-30 05:54:24,849 [25] DEBUG LTCPro.ServiceLayer.Log4net - ---Executing GetOrdersEndingSoon() in OrdersController----
2024-08-30 05:54:24,849 [25] DEBUG LTCPro.ServiceLayer.Log4net - ---Executing GetOrdersEndingSoon() in OrdersService----
2024-08-30 05:54:24,898 [5] DEBUG LTCPro.ServiceLayer.Log4net - ---Executing OrderEndingSoonStatus() in OrdersController----
2024-08-30 05:54:24,898 [5] DEBUG LTCPro.ServiceLayer.Log4net - ---Executing OrderEndingSoonStatus() in OrdersService----
2024-08-30 05:54:24,905 [77] DEBUG LTCPro.ServiceLayer.Log4net - ---Executing GetOrdersGridData() in OrdersController----
2024-08-30 05:54:24,905 [77] DEBUG LTCPro.ServiceLayer.Log4net - ---Executing GetOrdersGridData() in OrdersService----
2024-08-30 05:54:25,311 [5] DEBUG LTCPro.ServiceLayer.Log4net - ---Executed Successfully OrderEndingSoonStatus() in OrdersController----
2024-08-30 05:54:25,321 [25] DEBUG LTCPro.ServiceLayer.Log4net - ---Executed Successfully GetOrdersEndingSoon() in OrdersController----
2024-08-30 05:54:25,892 [35] DEBUG LTCPro.ServiceLayer.Log4net - ---Executed Successfully GetCompanyToBedFlagByFacId() in FacilityController----
2024-08-30 05:54:25,934 [58] DEBUG LTCPro.ServiceLayer.Log4net - ---Executing GetUserToken() in UserService----
2024-08-30 05:54:26,145 [58] DEBUG LTCPro.ServiceLayer.Log4net - ---Executing GetNurseStationHierarchyDetailsbyNsId() in CompanyController----
2024-08-30 05:54:26,145 [58] DEBUG LTCPro.ServiceLayer.Log4net - ---Executing GetNurseStationHierarchyDetailsbyNsId() in CompanyService----
2024-08-30 05:54:26,358 [58] DEBUG LTCPro.ServiceLayer.Log4net - ---Executed Successfully GetNurseStationHierarchyDetailsbyNsId() in CompanyController----
2024-08-30 05:54:26,865 [77] DEBUG LTCPro.ServiceLayer.Log4net - ---Executed Successfully GetOrdersGridData() in OrdersController----
2024-08-30 05:54:27,144 [58] DEBUG LTCPro.ServiceLayer.Log4net - ---Executing GetUserToken() in UserService----
2024-08-30 05:54:27,355 [58] DEBUG LTCPro.ServiceLayer.Log4net - ---Executing GetPendingOrdersGridData() in OrdersController----
2024-08-30 05:54:27,355 [58] DEBUG LTCPro.ServiceLayer.Log4net - ---Executing GetPendingOrdersGridData() in OrdersService----
2024-08-30 05:54:29,325 [58] DEBUG LTCPro.ServiceLayer.Log4net - ---Executed Successfully GetPendingOrdersGridData() in OrdersController----
2024-08-30 05:54:29,502 [25] DEBUG LTCPro.ServiceLayer.Log4net - ---Executing GetUserToken() in UserService----
2024-08-30 05:54:29,987 [25] DEBUG LTCPro.ServiceLayer.Log4net - ---Executing GetOrdersGridDataByPatientId() in OrdersController----
2024-08-30 05:54:29,987 [25] DEBUG LTCPro.ServiceLayer.Log4net - ---Executing GetOrdersGridDataByPatientId() in OrdersService----
2024-08-30 05:54:30,809 [25] DEBUG LTCPro.ServiceLayer.Log4net - ---Executed Successfully GetOrdersGridDataByPatientId() in OrdersController----
2024-08-30 05:54:35,430 [58] DEBUG LTCPro.ServiceLayer.Log4net - ---Executing GetUserToken() in UserService----
2024-08-30 05:54:35,641 [58] DEBUG LTCPro.ServiceLayer.Log4net - ---Executing GetFacilityNSResidentsDataByPId() in ResidentDemographicController----
2024-08-30 05:54:35,641 [58] DEBUG LTCPro.ServiceLayer.Log4net - ---Executing GetFacilityNSResidentsDataByPId() in ResidentDemographicService----
2024-08-30 05:54:35,734 [5] DEBUG LTCPro.ServiceLayer.Log4net - ---Executing GetUserToken() in UserService----
2024-08-30 05:54:35,944 [5] DEBUG LTCPro.ServiceLayer.Log4net - ---Executing GetNurseNotes() in OrdersController----
2024-08-30 05:54:35,944 [5] DEBUG LTCPro.ServiceLayer.Log4net - ---Executing GetNurseNotes() in OrdersService----
2024-08-30 05:54:36,923 [62] DEBUG LTCPro.ServiceLayer.Log4net - ---Executed Successfully GetSeventyTwoHourDetailsByfilter() in EMARController----
2024-08-30 05:54:37,150 [5] DEBUG LTCPro.ServiceLayer.Log4net - ---Executed Successfully GetNurseNotes() in OrdersController----
2024-08-30 05:54:37,159 [59] DEBUG LTCPro.ServiceLayer.Log4net - ---Executed Successfully GetPRNDetailsByfilter() in EMARController----
2024-08-30 05:54:37,340 [58] DEBUG LTCPro.ServiceLayer.Log4net - ---Executed Successfully GetFacilityNSResidentsDataByPId() in ResidentDemographicController----
2024-08-30 05:54:37,427 [25] DEBUG LTCPro.ServiceLayer.Log4net - ---Executing GetUserToken() in UserService----
2024-08-30 05:54:37,445 [5] DEBUG LTCPro.ServiceLayer.Log4net - ---Executing GetUserToken() in UserService----
2024-08-30 05:54:37,446 [77] DEBUG LTCPro.ServiceLayer.Log4net - ---Executing GetUserToken() in UserService----
2024-08-30 05:54:37,684 [25] DEBUG LTCPro.ServiceLayer.Log4net - ---Executing GetResidentInformation() in ResidentDemographicController----
2024-08-30 05:54:37,684 [25] DEBUG LTCPro.ServiceLayer.Log4net - ---Executing GetResidentInformation() in ResidentDemographicService----
2024-08-30 05:54:37,687 [5] DEBUG LTCPro.ServiceLayer.Log4net - ---Executing GetDrFirstFlagForCompanyByNSId() in CompanyController----
2024-08-30 05:54:37,687 [5] DEBUG LTCPro.ServiceLayer.Log4net - ---Executing GetDrFirstFlagForCompanyByNSId() in CompanyService----
2024-08-30 05:54:37,689 [77] DEBUG LTCPro.ServiceLayer.Log4net - ---Executing GetAllBarcodes() in StockEkitController----
2024-08-30 05:54:37,689 [77] DEBUG LTCPro.ServiceLayer.Log4net - ---Executing GetAllBarcodes() in StockEkitService----
2024-08-30 05:54:37,774 [59] DEBUG LTCPro.ServiceLayer.Log4net - ---Executing GetUserToken() in UserService----
2024-08-30 05:54:37,797 [62] DEBUG LTCPro.ServiceLayer.Log4net - ---Executing GetUserToken() in UserService----
2024-08-30 05:54:37,907 [5] DEBUG LTCPro.ServiceLayer.Log4net - ---Executed Successfully GetDrFirstFlagForCompanyByNSId() in CompanyController----
2024-08-30 05:54:37,943 [58] DEBUG LTCPro.ServiceLayer.Log4net - ---Executing GetUserToken() in UserService----
2024-08-30 05:54:37,984 [59] DEBUG LTCPro.ServiceLayer.Log4net - ---Executing GetPhysicianDropData() in OrdersController----
2024-08-30 05:54:37,984 [59] DEBUG LTCPro.ServiceLayer.Log4net - ---Executing GetPhysicianDropData() in OrdersService----
2024-08-30 05:54:38,007 [62] DEBUG LTCPro.ServiceLayer.Log4net - ---Executing GetOrderRoutes() in OrdersController----
2024-08-30 05:54:38,007 [62] DEBUG LTCPro.ServiceLayer.Log4net - ---Executing GetOrderRoutes() in OrdersService----
2024-08-30 05:54:38,153 [58] DEBUG LTCPro.ServiceLayer.Log4net - ---Executing GetTimeZoneDate() in CommonController----
2024-08-30 05:54:38,153 [58] DEBUG LTCPro.ServiceLayer.Log4net - ---Executing GetTimeZoneDate() in CommonService----
2024-08-30 05:54:38,218 [62] DEBUG LTCPro.ServiceLayer.Log4net - ---Executed Successfully GetOrderRoutes() in OrdersController----
2024-08-30 05:54:38,368 [58] DEBUG LTCPro.ServiceLayer.Log4net - ---Executed Successfully GetTimeZoneDate() in CommonController----
2024-08-30 05:54:38,391 [77] DEBUG LTCPro.ServiceLayer.Log4net - ---Executed Successfully GetAllBarcodes() in StockEkitController----
2024-08-30 05:54:38,420 [59] DEBUG LTCPro.ServiceLayer.Log4net - ---Executed Successfully GetPhysicianDropData() in OrdersController----
2024-08-30 05:54:41,053 [25] DEBUG LTCPro.ServiceLayer.Log4net - ---Executed Successfully GetResidentInformation() in ResidentDemographicController----
2024-08-30 05:54:41,153 [5] DEBUG LTCPro.ServiceLayer.Log4net - ---Executing GetUserToken() in UserService----
2024-08-30 05:54:41,187 [65] DEBUG LTCPro.ServiceLayer.Log4net - ---Executing GetUserToken() in UserService----
2024-08-30 05:54:41,188 [77] DEBUG LTCPro.ServiceLayer.Log4net - ---Executing GetUserToken() in UserService----
2024-08-30 05:54:41,362 [5] DEBUG LTCPro.ServiceLayer.Log4net - ---Executing GetDrFirstOrderCheck() in DrFirstIntegrationController----
2024-08-30 05:54:41,363 [5] DEBUG LTCPro.ServiceLayer.Log4net - ---Executing GetDrFirstOrderCheck() in DrFirstIntegrationService----
2024-08-30 05:54:41,606 [65] DEBUG LTCPro.ServiceLayer.Log4net - ---Executing GetPatientType() in ResidentDemographicController----
2024-08-30 05:54:41,606 [65] DEBUG LTCPro.ServiceLayer.Log4net - ---Executing GetPatientType() in EmarService----
2024-08-30 05:54:41,609 [77] DEBUG LTCPro.ServiceLayer.Log4net - ---Executing GetWeightList(Patient_Id) in AssessmentController----
2024-08-30 05:54:41,609 [77] DEBUG LTCPro.ServiceLayer.Log4net - ---Executing GetWeightList() in AssessmentService----
2024-08-30 05:54:41,610 [5] DEBUG LTCPro.ServiceLayer.Log4net - ---Executed Successfully GetDrFirstOrderCheck() in DrFirstIntegrationController----
2024-08-30 05:54:41,621 [62] DEBUG LTCPro.ServiceLayer.Log4net - ---Executing GetUserToken() in UserService----
2024-08-30 05:54:41,623 [58] DEBUG LTCPro.ServiceLayer.Log4net - ---Executing GetUserToken() in UserService----
2024-08-30 05:54:41,821 [65] DEBUG LTCPro.ServiceLayer.Log4net - ---Executed Successfully GetPatientType() in ResidentDemographicController----
2024-08-30 05:54:41,836 [58] DEBUG LTCPro.ServiceLayer.Log4net - ---Executing GetDiagnosisDetails() in OrdersController----
2024-08-30 05:54:41,836 [58] DEBUG LTCPro.ServiceLayer.Log4net - ---Executing GetDiagnosisDetails() in OrdersService----
2024-08-30 05:54:41,838 [62] DEBUG LTCPro.ServiceLayer.Log4net - ---Executing GetOrderGridData() in OrdersController----
2024-08-30 05:54:41,838 [62] DEBUG LTCPro.ServiceLayer.Log4net - ---Executing GetOrderGridData() in OrdersService----
2024-08-30 05:54:42,094 [62] DEBUG LTCPro.ServiceLayer.Log4net - ---Executed Successfully GetOrderGridData() in OrdersController----
2024-08-30 05:54:42,539 [65] DEBUG LTCPro.ServiceLayer.Log4net - ---Executing GetUserToken() in UserService----
2024-08-30 05:54:42,619 [58] DEBUG LTCPro.ServiceLayer.Log4net - ---Executed Successfully GetDiagnosisDetails() in OrdersController----
2024-08-30 05:54:42,621 [77] DEBUG LTCPro.ServiceLayer.Log4net - ---Executed Successfully GetWeightList(Patient_Id) in AssessmentController----
2024-08-30 05:54:42,750 [65] DEBUG LTCPro.ServiceLayer.Log4net - ---Executing GetOrderGridData() in OrdersController----
2024-08-30 05:54:42,750 [65] DEBUG LTCPro.ServiceLayer.Log4net - ---Executing GetOrderGridData() in OrdersService----
2024-08-30 05:54:43,008 [65] DEBUG LTCPro.ServiceLayer.Log4net - ---Executed Successfully GetOrderGridData() in OrdersController----
2024-08-30 05:54:44,636 [62] DEBUG LTCPro.ServiceLayer.Log4net - ---Executing GetUserToken() in UserService----
2024-08-30 05:54:44,846 [62] DEBUG LTCPro.ServiceLayer.Log4net - ---Executing GetAllBarcodes() in StockEkitController----
2024-08-30 05:54:44,846 [62] DEBUG LTCPro.ServiceLayer.Log4net - ---Executing GetAllBarcodes() in StockEkitService----
2024-08-30 05:54:44,865 [59] DEBUG LTCPro.ServiceLayer.Log4net - ---Executing GetUserToken() in UserService----
2024-08-30 05:54:45,074 [59] DEBUG LTCPro.ServiceLayer.Log4net - ---Executing GetOrdersData() in OrdersController----
2024-08-30 05:54:45,074 [59] DEBUG LTCPro.ServiceLayer.Log4net - ---Executing GetOrdersData() in OrdersService----
2024-08-30 05:54:45,288 [59] DEBUG LTCPro.ServiceLayer.Log4net - ---Executed Successfully GetOrdersData() in OrdersController----
2024-08-30 05:54:47,625 [62] DEBUG LTCPro.ServiceLayer.Log4net - ---Executed Successfully GetAllBarcodes() in StockEkitController----
2024-08-30 05:54:47,658 [58] DEBUG LTCPro.ServiceLayer.Log4net - ---Executing GetUserToken() in UserService----
2024-08-30 05:54:47,659 [27] DEBUG LTCPro.ServiceLayer.Log4net - ---Executing GetUserToken() in UserService----
2024-08-30 05:54:47,870 [27] DEBUG LTCPro.ServiceLayer.Log4net - ---Executing GetOrderStockDetails() in OrdersController----
2024-08-30 05:54:47,870 [27] DEBUG LTCPro.ServiceLayer.Log4net - ---Executing GetOrderStockDetails() in OrdersService----
2024-08-30 05:54:47,870 [58] DEBUG LTCPro.ServiceLayer.Log4net - ---Executing GetFavouritesMasterData() in OrdersController----
2024-08-30 05:54:47,870 [58] DEBUG LTCPro.ServiceLayer.Log4net - ---Executing GetFavouritesMasterData() in OrdersService----
2024-08-30 05:54:48,080 [27] DEBUG LTCPro.ServiceLayer.Log4net - ---Executed Successfully GetOrderStockDetails() in OrdersController----
2024-08-30 05:54:48,081 [58] DEBUG LTCPro.ServiceLayer.Log4net - ---Executed Successfully GetFavouritesMasterData() in OrdersController----
2024-08-30 05:56:00,410 [5] DEBUG LTCPro.ServiceLayer.Log4net - ---Executing GetUserToken() in UserService----
2024-08-30 05:56:00,620 [5] DEBUG LTCPro.ServiceLayer.Log4net - ---Executing GetPhysicianDropData() in OrdersController----
2024-08-30 05:56:00,620 [5] DEBUG LTCPro.ServiceLayer.Log4net - ---Executing GetPhysicianDropData() in OrdersService----
2024-08-30 05:56:01,072 [5] DEBUG LTCPro.ServiceLayer.Log4net - ---Executed Successfully GetPhysicianDropData() in OrdersController----
2024-08-30 05:57:46,406 [35] DEBUG LTCPro.ServiceLayer.Log4net - ---Executing GetUserToken() in UserService----
2024-08-30 05:57:46,617 [35] DEBUG LTCPro.ServiceLayer.Log4net - ---Executing GetNurseNotes() in OrdersController----
2024-08-30 05:57:46,617 [35] DEBUG LTCPro.ServiceLayer.Log4net - ---Executing GetNurseNotes() in OrdersService----
2024-08-30 05:57:47,737 [35] DEBUG LTCPro.ServiceLayer.Log4net - ---Executed Successfully GetNurseNotes() in OrdersController----
2024-08-30 05:58:04,797 [60] DEBUG LTCPro.ServiceLayer.Log4net - ---Executing GetUserToken() in UserService----
2024-08-30 05:58:04,826 [34] DEBUG LTCPro.ServiceLayer.Log4net - ---Executing GetUserToken() in UserService----
2024-08-30 05:58:04,835 [87] DEBUG LTCPro.ServiceLayer.Log4net - ---Executing GetUserToken() in UserService----
2024-08-30 05:58:04,841 [61] DEBUG LTCPro.ServiceLayer.Log4net - ---Executing GetUserToken() in UserService----
2024-08-30 05:58:04,843 [55] DEBUG LTCPro.ServiceLayer.Log4net - ---Executing GetUserToken() in UserService----
2024-08-30 05:58:04,947 [65] DEBUG LTCPro.ServiceLayer.Log4net - ---Executing GetUserToken() in UserService----
2024-08-30 05:58:05,027 [60] DEBUG LTCPro.ServiceLayer.Log4net - ---Executing GetDueMARAlertData() in EmarController----
2024-08-30 05:58:05,028 [60] DEBUG LTCPro.ServiceLayer.Log4net - ---Executing GetDueMARAlertData() in EmarService----
2024-08-30 05:58:05,042 [34] DEBUG LTCPro.ServiceLayer.Log4net - ---Executing GetUserPassedDueFlag() in UserController----
2024-08-30 05:58:05,042 [34] DEBUG LTCPro.ServiceLayer.Log4net - ---Executing GetUserPassedDueFlag() in UserService----
2024-08-30 05:58:05,046 [87] DEBUG LTCPro.ServiceLayer.Log4net - ---Executing GetPendingDosesList() in CommonController----
2024-08-30 05:58:05,046 [87] DEBUG LTCPro.ServiceLayer.Log4net - ---Executing GetPendingDosesList() in CommonService----
2024-08-30 05:58:05,053 [55] DEBUG LTCPro.ServiceLayer.Log4net - ---Executing GetOutboundErrorDetails() in CommonController----
2024-08-30 05:58:05,053 [55] DEBUG LTCPro.ServiceLayer.Log4net - ---Executing GetOutboundErrorDetails() in CommonService----
2024-08-30 05:58:05,057 [61] DEBUG LTCPro.ServiceLayer.Log4net - ---Executing GetReadMailsCount() in MailboxController----
2024-08-30 05:58:05,057 [61] DEBUG LTCPro.ServiceLayer.Log4net - ---Executing GetReadMailsCount() in MailboxService----
2024-08-30 05:58:05,198 [65] DEBUG LTCPro.ServiceLayer.Log4net - ---Executing GetAlertsDetails() in MailboxController----
2024-08-30 05:58:05,198 [65] DEBUG LTCPro.ServiceLayer.Log4net - ---Executing GetAlertsDetails() in MailboxService----
2024-08-30 05:58:05,250 [34] DEBUG LTCPro.ServiceLayer.Log4net - ---Executed Successfully GetUserPassedDueFlag() in UserController----
2024-08-30 05:58:05,267 [34] DEBUG LTCPro.ServiceLayer.Log4net - ---Executing GetUserToken() in UserService----
2024-08-30 05:58:05,272 [61] DEBUG LTCPro.ServiceLayer.Log4net - ---Executed successfully GetReadMailsCount() in MailboxController----
2024-08-30 05:58:05,284 [61] DEBUG LTCPro.ServiceLayer.Log4net - ---Executing GetUserToken() in UserService----
2024-08-30 05:58:05,486 [34] DEBUG LTCPro.ServiceLayer.Log4net - ---Executing GetUserRecentFacNs() in UserController----
2024-08-30 05:58:05,487 [34] DEBUG LTCPro.ServiceLayer.Log4net - ---Executing GetUserRecentFacNs() in UserService----
2024-08-30 05:58:05,530 [61] DEBUG LTCPro.ServiceLayer.Log4net - ---Executing InsertUserActivityDetails() in CompanyController----
2024-08-30 05:58:05,530 [61] DEBUG LTCPro.ServiceLayer.Log4net - ---Executing InsertUserActivityDetails() in UserActivityService----
2024-08-30 05:58:05,712 [65] DEBUG LTCPro.ServiceLayer.Log4net - ---Executed successfully GetAlertsDetails() in MailboxController----
2024-08-30 05:58:05,734 [65] DEBUG LTCPro.ServiceLayer.Log4net - ---Executing GetUserToken() in UserService----
2024-08-30 05:58:05,904 [34] DEBUG LTCPro.ServiceLayer.Log4net - ---Executed Successfully GetUserRecentFacNs() in UserController----
2024-08-30 05:58:05,945 [65] DEBUG LTCPro.ServiceLayer.Log4net - ---Executing GetUserRecentFacNs() in UserController----
2024-08-30 05:58:05,945 [65] DEBUG LTCPro.ServiceLayer.Log4net - ---Executing GetUserRecentFacNs() in UserService----
2024-08-30 05:58:06,125 [5] DEBUG LTCPro.ServiceLayer.Log4net - ---Executing GetUserToken() in UserService----
2024-08-30 05:58:06,175 [61] DEBUG LTCPro.ServiceLayer.Log4net - ---Executed Successfully InsertUserActivityDetails() in CompanyController----
2024-08-30 05:58:06,199 [35] DEBUG LTCPro.ServiceLayer.Log4net - ---Executing GetUserToken() in UserService----
2024-08-30 05:58:06,341 [5] DEBUG LTCPro.ServiceLayer.Log4net - ---Executing OrderEndingSoonStatus() in OrdersController----
2024-08-30 05:58:06,341 [5] DEBUG LTCPro.ServiceLayer.Log4net - ---Executing OrderEndingSoonStatus() in OrdersService----
2024-08-30 05:58:06,363 [65] DEBUG LTCPro.ServiceLayer.Log4net - ---Executed Successfully GetUserRecentFacNs() in UserController----
2024-08-30 05:58:06,392 [60] DEBUG LTCPro.ServiceLayer.Log4net - ---Executed Successfully GetDueMARAlertData() in EmarController----
2024-08-30 05:58:06,417 [81] DEBUG LTCPro.ServiceLayer.Log4net - ---Executing GetUserToken() in UserService----
2024-08-30 05:58:06,486 [35] DEBUG LTCPro.ServiceLayer.Log4net - ---Executing GetUserAccessFacilityNurseStaions() in FacilityController----
2024-08-30 05:58:06,487 [35] DEBUG LTCPro.ServiceLayer.Log4net - ---Executing GetUserAccessFacilityNurseStaions() in FacilityService----
2024-08-30 05:58:06,701 [81] DEBUG LTCPro.ServiceLayer.Log4net - ---Executing GetUserAccessFacilityNurseStaions() in FacilityController----
2024-08-30 05:58:06,701 [81] DEBUG LTCPro.ServiceLayer.Log4net - ---Executing GetUserAccessFacilityNurseStaions() in FacilityService----
2024-08-30 05:58:06,779 [5] DEBUG LTCPro.ServiceLayer.Log4net - ---Executed Successfully OrderEndingSoonStatus() in OrdersController----
2024-08-30 05:58:06,928 [35] DEBUG LTCPro.ServiceLayer.Log4net - ---Executed Successfully GetUserAccessFacilityNurseStaions() in FacilityController----
2024-08-30 05:58:07,121 [81] DEBUG LTCPro.ServiceLayer.Log4net - ---Executed Successfully GetUserAccessFacilityNurseStaions() in FacilityController----
2024-08-30 05:58:07,149 [5] DEBUG LTCPro.ServiceLayer.Log4net - ---Executing GetUserToken() in UserService----
2024-08-30 05:58:07,359 [5] DEBUG LTCPro.ServiceLayer.Log4net - ---Executing UserNurseStationDrop() in FacilityController----
2024-08-30 05:58:07,359 [5] DEBUG LTCPro.ServiceLayer.Log4net - ---Executing UserNurseStationDrop() in FacilityService----
2024-08-30 05:58:07,571 [5] DEBUG LTCPro.ServiceLayer.Log4net - ---Executed Successfully UserNurseStationDrop() in FacilityController----
2024-08-30 05:58:07,638 [81] DEBUG LTCPro.ServiceLayer.Log4net - ---Executing GetUserToken() in UserService----
2024-08-30 05:58:07,654 [61] DEBUG LTCPro.ServiceLayer.Log4net - ---Executing GetUserToken() in UserService----
2024-08-30 05:58:07,902 [81] DEBUG LTCPro.ServiceLayer.Log4net - ---Executing GetCompanyToBedFlagByFacId() in FacilityController----
2024-08-30 05:58:07,902 [81] DEBUG LTCPro.ServiceLayer.Log4net - ---Executing GetCompanyToBedFlagByFacId() in FacilityService----
2024-08-30 05:58:07,905 [61] DEBUG LTCPro.ServiceLayer.Log4net - ---Executing GetPRNDetailsByfilter() in EMARController----
2024-08-30 05:58:07,905 [61] DEBUG LTCPro.ServiceLayer.Log4net - ---Executing GetPRNDetailsByfilter() in EmarService----
2024-08-30 05:58:07,906 [35] DEBUG LTCPro.ServiceLayer.Log4net - ---Executing GetUserToken() in UserService----
2024-08-30 05:58:07,930 [5] DEBUG LTCPro.ServiceLayer.Log4net - ---Executing GetUserToken() in UserService----
2024-08-30 05:58:08,118 [35] DEBUG LTCPro.ServiceLayer.Log4net - ---Executing OrderEndingSoonStatus() in OrdersController----
2024-08-30 05:58:08,118 [35] DEBUG LTCPro.ServiceLayer.Log4net - ---Executing OrderEndingSoonStatus() in OrdersService----
2024-08-30 05:58:08,138 [5] DEBUG LTCPro.ServiceLayer.Log4net - ---Executing GetOrdersEndingSoon() in OrdersController----
2024-08-30 05:58:08,138 [5] DEBUG LTCPro.ServiceLayer.Log4net - ---Executing GetOrdersEndingSoon() in OrdersService----
2024-08-30 05:58:08,529 [35] DEBUG LTCPro.ServiceLayer.Log4net - ---Executed Successfully OrderEndingSoonStatus() in OrdersController----
2024-08-30 05:58:08,552 [87] DEBUG LTCPro.ServiceLayer.Log4net - ---Executed Successfully GetPendingDosesList() in CommonController----
2024-08-30 05:58:08,562 [35] DEBUG LTCPro.ServiceLayer.Log4net - ---Executing GetUserToken() in UserService----
2024-08-30 05:58:08,707 [5] DEBUG LTCPro.ServiceLayer.Log4net - ---Executed Successfully GetOrdersEndingSoon() in OrdersController----
2024-08-30 05:58:08,778 [35] DEBUG LTCPro.ServiceLayer.Log4net - ---Executing GetSeventyTwoHourDetailsByfilter() in EMARController----
2024-08-30 05:58:08,778 [35] DEBUG LTCPro.ServiceLayer.Log4net - ---Executing GetSeventyTwoHourDetailsByfilter() in EmarService----
2024-08-30 05:58:08,840 [56] DEBUG LTCPro.ServiceLayer.Log4net - ---Executing GetUserToken() in UserService----
2024-08-30 05:58:09,052 [56] DEBUG LTCPro.ServiceLayer.Log4net - ---Executing GetOrdersGridData() in OrdersController----
2024-08-30 05:58:09,052 [56] DEBUG LTCPro.ServiceLayer.Log4net - ---Executing GetOrdersGridData() in OrdersService----
2024-08-30 05:58:09,233 [81] DEBUG LTCPro.ServiceLayer.Log4net - ---Executed Successfully GetCompanyToBedFlagByFacId() in FacilityController----
2024-08-30 05:58:09,278 [5] DEBUG LTCPro.ServiceLayer.Log4net - ---Executing GetUserToken() in UserService----
2024-08-30 05:58:09,487 [5] DEBUG LTCPro.ServiceLayer.Log4net - ---Executing GetNurseStationHierarchyDetailsbyNsId() in CompanyController----
2024-08-30 05:58:09,487 [5] DEBUG LTCPro.ServiceLayer.Log4net - ---Executing GetNurseStationHierarchyDetailsbyNsId() in CompanyService----
2024-08-30 05:58:09,698 [5] DEBUG LTCPro.ServiceLayer.Log4net - ---Executed Successfully GetNurseStationHierarchyDetailsbyNsId() in CompanyController----
2024-08-30 05:58:11,034 [56] DEBUG LTCPro.ServiceLayer.Log4net - ---Executed Successfully GetOrdersGridData() in OrdersController----
2024-08-30 05:58:14,094 [87] DEBUG LTCPro.ServiceLayer.Log4net - ---Executing GetUserToken() in UserService----
2024-08-30 05:58:14,113 [55] DEBUG LTCPro.ServiceLayer.Log4net - ---Executed Successfully GetOutboundErrorDetails() in CommonController----
2024-08-30 05:58:14,305 [87] DEBUG LTCPro.ServiceLayer.Log4net - ---Executing GetPendingOrdersGridData() in OrdersController----
2024-08-30 05:58:14,305 [87] DEBUG LTCPro.ServiceLayer.Log4net - ---Executing GetPendingOrdersGridData() in OrdersService----
2024-08-30 05:58:15,668 [34] DEBUG LTCPro.ServiceLayer.Log4net - ---Executing GetUserToken() in UserService----
2024-08-30 05:58:15,879 [34] DEBUG LTCPro.ServiceLayer.Log4net - ---Executing GetOrdersGridDataByPatientId() in OrdersController----
2024-08-30 05:58:15,879 [34] DEBUG LTCPro.ServiceLayer.Log4net - ---Executing GetOrdersGridDataByPatientId() in OrdersService----
2024-08-30 05:58:16,122 [87] DEBUG LTCPro.ServiceLayer.Log4net - ---Executed Successfully GetPendingOrdersGridData() in OrdersController----
2024-08-30 05:58:16,238 [34] DEBUG LTCPro.ServiceLayer.Log4net - ---Executed Successfully GetOrdersGridDataByPatientId() in OrdersController----
2024-08-30 05:58:20,055 [55] DEBUG LTCPro.ServiceLayer.Log4net - ---Executing GetUserToken() in UserService----
2024-08-30 05:58:20,348 [55] DEBUG LTCPro.ServiceLayer.Log4net - ---Executing GetFacilityNSResidentsDataByPId() in ResidentDemographicController----
2024-08-30 05:58:20,348 [55] DEBUG LTCPro.ServiceLayer.Log4net - ---Executing GetFacilityNSResidentsDataByPId() in ResidentDemographicService----
2024-08-30 05:58:20,411 [56] DEBUG LTCPro.ServiceLayer.Log4net - ---Executing GetUserToken() in UserService----
2024-08-30 05:58:20,500 [61] DEBUG LTCPro.ServiceLayer.Log4net - ---Executed Successfully GetPRNDetailsByfilter() in EMARController----
2024-08-30 05:58:20,622 [56] DEBUG LTCPro.ServiceLayer.Log4net - ---Executing GetNurseNotes() in OrdersController----
2024-08-30 05:58:20,622 [56] DEBUG LTCPro.ServiceLayer.Log4net - ---Executing GetNurseNotes() in OrdersService----
2024-08-30 05:58:21,055 [35] DEBUG LTCPro.ServiceLayer.Log4net - ---Executed Successfully GetSeventyTwoHourDetailsByfilter() in EMARController----
2024-08-30 05:58:21,810 [56] DEBUG LTCPro.ServiceLayer.Log4net - ---Executed Successfully GetNurseNotes() in OrdersController----
2024-08-30 05:58:21,871 [55] DEBUG LTCPro.ServiceLayer.Log4net - ---Executed Successfully GetFacilityNSResidentsDataByPId() in ResidentDemographicController----
2024-08-30 05:58:21,965 [84] DEBUG LTCPro.ServiceLayer.Log4net - ---Executing GetUserToken() in UserService----
2024-08-30 05:58:21,980 [56] DEBUG LTCPro.ServiceLayer.Log4net - ---Executing GetUserToken() in UserService----
2024-08-30 05:58:22,026 [64] DEBUG LTCPro.ServiceLayer.Log4net - ---Executing GetUserToken() in UserService----
2024-08-30 05:58:22,338 [84] DEBUG LTCPro.ServiceLayer.Log4net - ---Executing GetDrFirstFlagForCompanyByNSId() in CompanyController----
2024-08-30 05:58:22,338 [84] DEBUG LTCPro.ServiceLayer.Log4net - ---Executing GetDrFirstFlagForCompanyByNSId() in CompanyService----
2024-08-30 05:58:22,379 [55] DEBUG LTCPro.ServiceLayer.Log4net - ---Executing GetUserToken() in UserService----
2024-08-30 05:58:22,386 [56] DEBUG LTCPro.ServiceLayer.Log4net - ---Executing GetResidentInformation() in ResidentDemographicController----
2024-08-30 05:58:22,386 [56] DEBUG LTCPro.ServiceLayer.Log4net - ---Executing GetResidentInformation() in ResidentDemographicService----
2024-08-30 05:58:22,387 [64] DEBUG LTCPro.ServiceLayer.Log4net - ---Executing GetAllBarcodes() in StockEkitController----
2024-08-30 05:58:22,387 [64] DEBUG LTCPro.ServiceLayer.Log4net - ---Executing GetAllBarcodes() in StockEkitService----
2024-08-30 05:58:22,439 [61] DEBUG LTCPro.ServiceLayer.Log4net - ---Executing GetUserToken() in UserService----
2024-08-30 05:58:22,563 [84] DEBUG LTCPro.ServiceLayer.Log4net - ---Executed Successfully GetDrFirstFlagForCompanyByNSId() in CompanyController----
2024-08-30 05:58:22,592 [68] DEBUG LTCPro.ServiceLayer.Log4net - ---Executing GetUserToken() in UserService----
2024-08-30 05:58:22,596 [55] DEBUG LTCPro.ServiceLayer.Log4net - ---Executing GetPhysicianDropData() in OrdersController----
2024-08-30 05:58:22,596 [55] DEBUG LTCPro.ServiceLayer.Log4net - ---Executing GetPhysicianDropData() in OrdersService----
2024-08-30 05:58:22,649 [61] DEBUG LTCPro.ServiceLayer.Log4net - ---Executing GetOrderRoutes() in OrdersController----
2024-08-30 05:58:22,649 [61] DEBUG LTCPro.ServiceLayer.Log4net - ---Executing GetOrderRoutes() in OrdersService----
2024-08-30 05:58:22,807 [68] DEBUG LTCPro.ServiceLayer.Log4net - ---Executing GetTimeZoneDate() in CommonController----
2024-08-30 05:58:22,807 [68] DEBUG LTCPro.ServiceLayer.Log4net - ---Executing GetTimeZoneDate() in CommonService----
2024-08-30 05:58:22,860 [61] DEBUG LTCPro.ServiceLayer.Log4net - ---Executed Successfully GetOrderRoutes() in OrdersController----
2024-08-30 05:58:23,054 [68] DEBUG LTCPro.ServiceLayer.Log4net - ---Executed Successfully GetTimeZoneDate() in CommonController----
2024-08-30 05:58:23,109 [64] DEBUG LTCPro.ServiceLayer.Log4net - ---Executed Successfully GetAllBarcodes() in StockEkitController----
2024-08-30 05:58:23,127 [55] DEBUG LTCPro.ServiceLayer.Log4net - ---Executed Successfully GetPhysicianDropData() in OrdersController----
2024-08-30 05:58:25,883 [56] DEBUG LTCPro.ServiceLayer.Log4net - ---Executed Successfully GetResidentInformation() in ResidentDemographicController----
2024-08-30 05:58:25,990 [56] DEBUG LTCPro.ServiceLayer.Log4net - ---Executing GetUserToken() in UserService----
2024-08-30 05:58:25,997 [61] DEBUG LTCPro.ServiceLayer.Log4net - ---Executing GetUserToken() in UserService----
2024-08-30 05:58:26,006 [55] DEBUG LTCPro.ServiceLayer.Log4net - ---Executing GetUserToken() in UserService----
2024-08-30 05:58:26,206 [56] DEBUG LTCPro.ServiceLayer.Log4net - ---Executing GetPatientType() in ResidentDemographicController----
2024-08-30 05:58:26,206 [56] DEBUG LTCPro.ServiceLayer.Log4net - ---Executing GetPatientType() in EmarService----
2024-08-30 05:58:26,221 [61] DEBUG LTCPro.ServiceLayer.Log4net - ---Executing GetDrFirstOrderCheck() in DrFirstIntegrationController----
2024-08-30 05:58:26,221 [61] DEBUG LTCPro.ServiceLayer.Log4net - ---Executing GetDrFirstOrderCheck() in DrFirstIntegrationService----
2024-08-30 05:58:26,223 [55] DEBUG LTCPro.ServiceLayer.Log4net - ---Executing GetWeightList(Patient_Id) in AssessmentController----
2024-08-30 05:58:26,223 [55] DEBUG LTCPro.ServiceLayer.Log4net - ---Executing GetWeightList() in AssessmentService----
2024-08-30 05:58:26,241 [87] DEBUG LTCPro.ServiceLayer.Log4net - ---Executing GetUserToken() in UserService----
2024-08-30 05:58:26,254 [34] DEBUG LTCPro.ServiceLayer.Log4net - ---Executing GetUserToken() in UserService----
2024-08-30 05:58:26,417 [56] DEBUG LTCPro.ServiceLayer.Log4net - ---Executed Successfully GetPatientType() in ResidentDemographicController----
2024-08-30 05:58:26,435 [61] DEBUG LTCPro.ServiceLayer.Log4net - ---Executed Successfully GetDrFirstOrderCheck() in DrFirstIntegrationController----
2024-08-30 05:58:26,450 [87] DEBUG LTCPro.ServiceLayer.Log4net - ---Executing GetOrderGridData() in OrdersController----
2024-08-30 05:58:26,450 [87] DEBUG LTCPro.ServiceLayer.Log4net - ---Executing GetOrderGridData() in OrdersService----
2024-08-30 05:58:26,465 [34] DEBUG LTCPro.ServiceLayer.Log4net - ---Executing GetDiagnosisDetails() in OrdersController----
2024-08-30 05:58:26,465 [34] DEBUG LTCPro.ServiceLayer.Log4net - ---Executing GetDiagnosisDetails() in OrdersService----
2024-08-30 05:58:26,710 [87] DEBUG LTCPro.ServiceLayer.Log4net - ---Executed Successfully GetOrderGridData() in OrdersController----
2024-08-30 05:58:26,777 [35] DEBUG LTCPro.ServiceLayer.Log4net - ---Executing GetUserToken() in UserService----
2024-08-30 05:58:27,023 [35] DEBUG LTCPro.ServiceLayer.Log4net - ---Executing GetAllBarcodes() in StockEkitController----
2024-08-30 05:58:27,023 [35] DEBUG LTCPro.ServiceLayer.Log4net - ---Executing GetAllBarcodes() in StockEkitService----
2024-08-30 05:58:27,087 [64] DEBUG LTCPro.ServiceLayer.Log4net - ---Executing GetUserToken() in UserService----
2024-08-30 05:58:27,090 [55] DEBUG LTCPro.ServiceLayer.Log4net - ---Executed Successfully GetWeightList(Patient_Id) in AssessmentController----
2024-08-30 05:58:27,112 [61] DEBUG LTCPro.ServiceLayer.Log4net - ---Executing GetUserToken() in UserService----
2024-08-30 05:58:27,120 [34] DEBUG LTCPro.ServiceLayer.Log4net - ---Executed Successfully GetDiagnosisDetails() in OrdersController----
2024-08-30 05:58:27,301 [64] DEBUG LTCPro.ServiceLayer.Log4net - ---Executing GetOrderGridData() in OrdersController----
2024-08-30 05:58:27,301 [64] DEBUG LTCPro.ServiceLayer.Log4net - ---Executing GetOrderGridData() in OrdersService----
2024-08-30 05:58:27,324 [61] DEBUG LTCPro.ServiceLayer.Log4net - ---Executing GetOrdersData() in OrdersController----
2024-08-30 05:58:27,324 [61] DEBUG LTCPro.ServiceLayer.Log4net - ---Executing GetOrdersData() in OrdersService----
2024-08-30 05:58:27,540 [61] DEBUG LTCPro.ServiceLayer.Log4net - ---Executed Successfully GetOrdersData() in OrdersController----
2024-08-30 06:00:21,369 [64] DEBUG LTCPro.ServiceLayer.Log4net - ---Executed Successfully GetOrderGridData() in OrdersController----
2024-08-30 06:00:21,607 [35] DEBUG LTCPro.ServiceLayer.Log4net - ---Executed Successfully GetAllBarcodes() in StockEkitController----
2024-08-30 06:00:21,904 [87] DEBUG LTCPro.ServiceLayer.Log4net - ---Executing GetUserToken() in UserService----
2024-08-30 06:00:21,917 [61] DEBUG LTCPro.ServiceLayer.Log4net - ---Executing GetUserToken() in UserService----
2024-08-30 06:00:21,965 [34] DEBUG LTCPro.ServiceLayer.Log4net - ---Executing GetUserToken() in UserService----
2024-08-30 06:00:21,967 [64] DEBUG LTCPro.ServiceLayer.Log4net - ---Executing GetUserToken() in UserService----
2024-08-30 06:00:22,114 [87] DEBUG LTCPro.ServiceLayer.Log4net - ---Executing GetOrderStockDetails() in OrdersController----
2024-08-30 06:00:22,114 [87] DEBUG LTCPro.ServiceLayer.Log4net - ---Executing GetOrderStockDetails() in OrdersService----
2024-08-30 06:00:22,127 [61] DEBUG LTCPro.ServiceLayer.Log4net - ---Executing GetFavouritesMasterData() in OrdersController----
2024-08-30 06:00:22,127 [61] DEBUG LTCPro.ServiceLayer.Log4net - ---Executing GetFavouritesMasterData() in OrdersService----
2024-08-30 06:00:22,174 [34] DEBUG LTCPro.ServiceLayer.Log4net - ---Executing GetPhysicianDropData() in OrdersController----
2024-08-30 06:00:22,174 [34] DEBUG LTCPro.ServiceLayer.Log4net - ---Executing GetPhysicianDropData() in OrdersService----
2024-08-30 06:00:22,177 [64] DEBUG LTCPro.ServiceLayer.Log4net - ---Executing GetNurseNotes() in OrdersController----
2024-08-30 06:00:22,177 [64] DEBUG LTCPro.ServiceLayer.Log4net - ---Executing GetNurseNotes() in OrdersService----
2024-08-30 06:00:22,324 [87] DEBUG LTCPro.ServiceLayer.Log4net - ---Executed Successfully GetOrderStockDetails() in OrdersController----
2024-08-30 06:00:22,339 [61] DEBUG LTCPro.ServiceLayer.Log4net - ---Executed Successfully GetFavouritesMasterData() in OrdersController----
2024-08-30 06:00:22,637 [34] DEBUG LTCPro.ServiceLayer.Log4net - ---Executed Successfully GetPhysicianDropData() in OrdersController----
2024-08-30 06:00:23,374 [64] DEBUG LTCPro.ServiceLayer.Log4net - ---Executed Successfully GetNurseNotes() in OrdersController----
2024-08-30 06:00:29,162 [34] DEBUG LTCPro.ServiceLayer.Log4net - ---Executing GetUserToken() in UserService----
2024-08-30 06:00:29,373 [34] DEBUG LTCPro.ServiceLayer.Log4net - ---Executing GetOrdersData() in OrdersController----
2024-08-30 06:00:29,373 [34] DEBUG LTCPro.ServiceLayer.Log4net - ---Executing GetOrdersData() in OrdersService----
2024-08-30 06:00:29,585 [34] DEBUG LTCPro.ServiceLayer.Log4net - ---Executed Successfully GetOrdersData() in OrdersController----
2024-08-30 06:00:32,078 [61] DEBUG LTCPro.ServiceLayer.Log4net - ---Executing GetUserToken() in UserService----
2024-08-30 06:00:32,082 [34] DEBUG LTCPro.ServiceLayer.Log4net - ---Executing GetUserToken() in UserService----
2024-08-30 06:00:32,085 [87] DEBUG LTCPro.ServiceLayer.Log4net - ---Executing GetUserToken() in UserService----
2024-08-30 06:00:32,091 [35] DEBUG LTCPro.ServiceLayer.Log4net - ---Executing GetUserToken() in UserService----
2024-08-30 06:00:32,293 [61] DEBUG LTCPro.ServiceLayer.Log4net - ---Executing GetFavouritesMasterData() in OrdersController----
2024-08-30 06:00:32,293 [61] DEBUG LTCPro.ServiceLayer.Log4net - ---Executing GetFavouritesMasterData() in OrdersService----
2024-08-30 06:00:32,293 [34] DEBUG LTCPro.ServiceLayer.Log4net - ---Executing GetOrderStockDetails() in OrdersController----
2024-08-30 06:00:32,293 [34] DEBUG LTCPro.ServiceLayer.Log4net - ---Executing GetOrderStockDetails() in OrdersService----
2024-08-30 06:00:32,297 [87] DEBUG LTCPro.ServiceLayer.Log4net - ---Executing GetPhysicianDropData() in OrdersController----
2024-08-30 06:00:32,297 [87] DEBUG LTCPro.ServiceLayer.Log4net - ---Executing GetPhysicianDropData() in OrdersService----
2024-08-30 06:00:32,300 [35] DEBUG LTCPro.ServiceLayer.Log4net - ---Executing GetNurseNotes() in OrdersController----
2024-08-30 06:00:32,300 [35] DEBUG LTCPro.ServiceLayer.Log4net - ---Executing GetNurseNotes() in OrdersService----
2024-08-30 06:00:32,506 [61] DEBUG LTCPro.ServiceLayer.Log4net - ---Executed Successfully GetFavouritesMasterData() in OrdersController----
2024-08-30 06:00:32,508 [34] DEBUG LTCPro.ServiceLayer.Log4net - ---Executed Successfully GetOrderStockDetails() in OrdersController----
2024-08-30 06:00:32,740 [87] DEBUG LTCPro.ServiceLayer.Log4net - ---Executed Successfully GetPhysicianDropData() in OrdersController----
2024-08-30 06:00:33,424 [35] DEBUG LTCPro.ServiceLayer.Log4net - ---Executed Successfully GetNurseNotes() in OrdersController----
2024-08-30 06:00:36,101 [35] DEBUG LTCPro.ServiceLayer.Log4net - ---Executing GetUserToken() in UserService----
2024-08-30 06:00:36,110 [34] DEBUG LTCPro.ServiceLayer.Log4net - ---Executing GetUserToken() in UserService----
2024-08-30 06:00:36,313 [35] DEBUG LTCPro.ServiceLayer.Log4net - ---Executing InsertUserActivityDetails() in CompanyController----
2024-08-30 06:00:36,313 [35] DEBUG LTCPro.ServiceLayer.Log4net - ---Executing InsertUserActivityDetails() in UserActivityService----
2024-08-30 06:00:36,313 [64] DEBUG LTCPro.ServiceLayer.Log4net - ---Executing GetUserToken() in UserService----
2024-08-30 06:00:36,320 [34] DEBUG LTCPro.ServiceLayer.Log4net - ---Executing GetUserRecentFacNs() in UserController----
2024-08-30 06:00:36,320 [34] DEBUG LTCPro.ServiceLayer.Log4net - ---Executing GetUserRecentFacNs() in UserService----
2024-08-30 06:00:36,522 [64] DEBUG LTCPro.ServiceLayer.Log4net - ---Executing OrderEndingSoonStatus() in OrdersController----
2024-08-30 06:00:36,522 [64] DEBUG LTCPro.ServiceLayer.Log4net - ---Executing OrderEndingSoonStatus() in OrdersService----
2024-08-30 06:00:36,768 [34] DEBUG LTCPro.ServiceLayer.Log4net - ---Executed Successfully GetUserRecentFacNs() in UserController----
2024-08-30 06:00:36,940 [64] DEBUG LTCPro.ServiceLayer.Log4net - ---Executed Successfully OrderEndingSoonStatus() in OrdersController----
2024-08-30 06:00:36,944 [27] DEBUG LTCPro.ServiceLayer.Log4net - ---Executing GetUserToken() in UserService----
2024-08-30 06:00:36,978 [35] DEBUG LTCPro.ServiceLayer.Log4net - ---Executed Successfully InsertUserActivityDetails() in CompanyController----
2024-08-30 06:00:37,156 [27] DEBUG LTCPro.ServiceLayer.Log4net - ---Executing GetUserAccessFacilityNurseStaions() in FacilityController----
2024-08-30 06:00:37,156 [27] DEBUG LTCPro.ServiceLayer.Log4net - ---Executing GetUserAccessFacilityNurseStaions() in FacilityService----
2024-08-30 06:00:37,577 [27] DEBUG LTCPro.ServiceLayer.Log4net - ---Executed Successfully GetUserAccessFacilityNurseStaions() in FacilityController----
2024-08-30 06:00:37,600 [35] DEBUG LTCPro.ServiceLayer.Log4net - ---Executing GetUserToken() in UserService----
2024-08-30 06:00:37,813 [35] DEBUG LTCPro.ServiceLayer.Log4net - ---Executing UserNurseStationDrop() in FacilityController----
2024-08-30 06:00:37,813 [35] DEBUG LTCPro.ServiceLayer.Log4net - ---Executing UserNurseStationDrop() in FacilityService----
2024-08-30 06:00:38,026 [35] DEBUG LTCPro.ServiceLayer.Log4net - ---Executed Successfully UserNurseStationDrop() in FacilityController----
2024-08-30 06:00:38,077 [66] DEBUG LTCPro.ServiceLayer.Log4net - ---Executing GetUserToken() in UserService----
2024-08-30 06:00:38,082 [34] DEBUG LTCPro.ServiceLayer.Log4net - ---Executing GetUserToken() in UserService----
2024-08-30 06:00:38,251 [62] DEBUG LTCPro.ServiceLayer.Log4net - ---Executing GetUserToken() in UserService----
2024-08-30 06:00:38,420 [66] DEBUG LTCPro.ServiceLayer.Log4net - ---Executing GetCompanyToBedFlagByFacId() in FacilityController----
2024-08-30 06:00:38,420 [66] DEBUG LTCPro.ServiceLayer.Log4net - ---Executing GetCompanyToBedFlagByFacId() in FacilityService----
2024-08-30 06:00:38,461 [27] DEBUG LTCPro.ServiceLayer.Log4net - ---Executing GetUserToken() in UserService----
2024-08-30 06:00:38,462 [34] DEBUG LTCPro.ServiceLayer.Log4net - ---Executing GetSeventyTwoHourDetailsByfilter() in EMARController----
2024-08-30 06:00:38,462 [34] DEBUG LTCPro.ServiceLayer.Log4net - ---Executing GetSeventyTwoHourDetailsByfilter() in EmarService----
2024-08-30 06:00:38,529 [62] DEBUG LTCPro.ServiceLayer.Log4net - ---Executing GetPRNDetailsByfilter() in EMARController----
2024-08-30 06:00:38,529 [62] DEBUG LTCPro.ServiceLayer.Log4net - ---Executing GetPRNDetailsByfilter() in EmarService----
2024-08-30 06:00:38,542 [64] DEBUG LTCPro.ServiceLayer.Log4net - ---Executing GetUserToken() in UserService----
2024-08-30 06:00:38,643 [87] DEBUG LTCPro.ServiceLayer.Log4net - ---Executing GetUserToken() in UserService----
2024-08-30 06:00:38,677 [27] DEBUG LTCPro.ServiceLayer.Log4net - ---Executing GetOrdersGridData() in OrdersController----
2024-08-30 06:00:38,677 [27] DEBUG LTCPro.ServiceLayer.Log4net - ---Executing GetOrdersGridData() in OrdersService----
2024-08-30 06:00:38,753 [64] DEBUG LTCPro.ServiceLayer.Log4net - ---Executing OrderEndingSoonStatus() in OrdersController----
2024-08-30 06:00:38,753 [64] DEBUG LTCPro.ServiceLayer.Log4net - ---Executing OrderEndingSoonStatus() in OrdersService----
2024-08-30 06:00:38,852 [87] DEBUG LTCPro.ServiceLayer.Log4net - ---Executing GetOrdersEndingSoon() in OrdersController----
2024-08-30 06:00:38,852 [87] DEBUG LTCPro.ServiceLayer.Log4net - ---Executing GetOrdersEndingSoon() in OrdersService----
2024-08-30 06:00:39,175 [64] DEBUG LTCPro.ServiceLayer.Log4net - ---Executed Successfully OrderEndingSoonStatus() in OrdersController----
2024-08-30 06:00:39,388 [87] DEBUG LTCPro.ServiceLayer.Log4net - ---Executed Successfully GetOrdersEndingSoon() in OrdersController----
2024-08-30 06:00:39,698 [66] DEBUG LTCPro.ServiceLayer.Log4net - ---Executed Successfully GetCompanyToBedFlagByFacId() in FacilityController----
2024-08-30 06:00:39,735 [35] DEBUG LTCPro.ServiceLayer.Log4net - ---Executing GetUserToken() in UserService----
2024-08-30 06:00:39,947 [35] DEBUG LTCPro.ServiceLayer.Log4net - ---Executing GetNurseStationHierarchyDetailsbyNsId() in CompanyController----
2024-08-30 06:00:39,947 [35] DEBUG LTCPro.ServiceLayer.Log4net - ---Executing GetNurseStationHierarchyDetailsbyNsId() in CompanyService----
2024-08-30 06:00:40,156 [35] DEBUG LTCPro.ServiceLayer.Log4net - ---Executed Successfully GetNurseStationHierarchyDetailsbyNsId() in CompanyController----
2024-08-30 06:00:40,759 [27] DEBUG LTCPro.ServiceLayer.Log4net - ---Executed Successfully GetOrdersGridData() in OrdersController----
2024-08-30 06:00:41,041 [27] DEBUG LTCPro.ServiceLayer.Log4net - ---Executing GetUserToken() in UserService----
2024-08-30 06:00:41,253 [27] DEBUG LTCPro.ServiceLayer.Log4net - ---Executing GetPendingOrdersGridData() in OrdersController----
2024-08-30 06:00:41,254 [27] DEBUG LTCPro.ServiceLayer.Log4net - ---Executing GetPendingOrdersGridData() in OrdersService----
2024-08-30 06:00:43,196 [27] DEBUG LTCPro.ServiceLayer.Log4net - ---Executed Successfully GetPendingOrdersGridData() in OrdersController----
2024-08-30 06:00:43,288 [61] DEBUG LTCPro.ServiceLayer.Log4net - ---Executing GetUserToken() in UserService----
2024-08-30 06:00:43,503 [61] DEBUG LTCPro.ServiceLayer.Log4net - ---Executing GetOrdersGridDataByPatientId() in OrdersController----
2024-08-30 06:00:43,503 [61] DEBUG LTCPro.ServiceLayer.Log4net - ---Executing GetOrdersGridDataByPatientId() in OrdersService----
2024-08-30 06:00:44,359 [61] DEBUG LTCPro.ServiceLayer.Log4net - ---Executed Successfully GetOrdersGridDataByPatientId() in OrdersController----
2024-08-30 06:00:46,678 [35] DEBUG LTCPro.ServiceLayer.Log4net - ---Executing GetUserToken() in UserService----
2024-08-30 06:00:46,879 [61] DEBUG LTCPro.ServiceLayer.Log4net - ---Executing GetUserToken() in UserService----
2024-08-30 06:00:46,890 [35] DEBUG LTCPro.ServiceLayer.Log4net - ---Executing GetFacilityNSResidentsDataByPId() in ResidentDemographicController----
2024-08-30 06:00:46,890 [35] DEBUG LTCPro.ServiceLayer.Log4net - ---Executing GetFacilityNSResidentsDataByPId() in ResidentDemographicService----
2024-08-30 06:00:47,202 [61] DEBUG LTCPro.ServiceLayer.Log4net - ---Executing GetNurseNotes() in OrdersController----
2024-08-30 06:00:47,202 [61] DEBUG LTCPro.ServiceLayer.Log4net - ---Executing GetNurseNotes() in OrdersService----
2024-08-30 06:00:48,390 [61] DEBUG LTCPro.ServiceLayer.Log4net - ---Executed Successfully GetNurseNotes() in OrdersController----
2024-08-30 06:00:48,974 [35] DEBUG LTCPro.ServiceLayer.Log4net - ---Executed Successfully GetFacilityNSResidentsDataByPId() in ResidentDemographicController----
2024-08-30 06:00:49,036 [87] DEBUG LTCPro.ServiceLayer.Log4net - ---Executing GetUserToken() in UserService----
2024-08-30 06:00:49,058 [57] DEBUG LTCPro.ServiceLayer.Log4net - ---Executing GetUserToken() in UserService----
2024-08-30 06:00:49,258 [64] DEBUG LTCPro.ServiceLayer.Log4net - ---Executing GetUserToken() in UserService----
2024-08-30 06:00:49,259 [63] DEBUG LTCPro.ServiceLayer.Log4net - ---Executing GetUserToken() in UserService----
2024-08-30 06:00:49,259 [87] DEBUG LTCPro.ServiceLayer.Log4net - ---Executing GetDrFirstFlagForCompanyByNSId() in CompanyController----
2024-08-30 06:00:49,259 [87] DEBUG LTCPro.ServiceLayer.Log4net - ---Executing GetDrFirstFlagForCompanyByNSId() in CompanyService----
2024-08-30 06:00:49,268 [57] DEBUG LTCPro.ServiceLayer.Log4net - ---Executing GetAllBarcodes() in StockEkitController----
2024-08-30 06:00:49,269 [57] DEBUG LTCPro.ServiceLayer.Log4net - ---Executing GetAllBarcodes() in StockEkitService----
2024-08-30 06:00:49,469 [64] DEBUG LTCPro.ServiceLayer.Log4net - ---Executing GetPhysicianDropData() in OrdersController----
2024-08-30 06:00:49,469 [64] DEBUG LTCPro.ServiceLayer.Log4net - ---Executing GetPhysicianDropData() in OrdersService----
2024-08-30 06:00:49,473 [63] DEBUG LTCPro.ServiceLayer.Log4net - ---Executing GetOrderRoutes() in OrdersController----
2024-08-30 06:00:49,473 [63] DEBUG LTCPro.ServiceLayer.Log4net - ---Executing GetOrderRoutes() in OrdersService----
2024-08-30 06:00:49,529 [87] DEBUG LTCPro.ServiceLayer.Log4net - ---Executed Successfully GetDrFirstFlagForCompanyByNSId() in CompanyController----
2024-08-30 06:00:49,572 [76] DEBUG LTCPro.ServiceLayer.Log4net - ---Executing GetUserToken() in UserService----
2024-08-30 06:00:49,764 [63] DEBUG LTCPro.ServiceLayer.Log4net - ---Executed Successfully GetOrderRoutes() in OrdersController----
2024-08-30 06:00:49,788 [61] DEBUG LTCPro.ServiceLayer.Log4net - ---Executing GetUserToken() in UserService----
2024-08-30 06:00:49,793 [76] DEBUG LTCPro.ServiceLayer.Log4net - ---Executing GetResidentInformation() in ResidentDemographicController----
2024-08-30 06:00:49,794 [76] DEBUG LTCPro.ServiceLayer.Log4net - ---Executing GetResidentInformation() in ResidentDemographicService----
2024-08-30 06:00:49,904 [64] DEBUG LTCPro.ServiceLayer.Log4net - ---Executed Successfully GetPhysicianDropData() in OrdersController----
2024-08-30 06:00:49,963 [57] DEBUG LTCPro.ServiceLayer.Log4net - ---Executed Successfully GetAllBarcodes() in StockEkitController----
2024-08-30 06:00:50,001 [61] DEBUG LTCPro.ServiceLayer.Log4net - ---Executing GetTimeZoneDate() in CommonController----
2024-08-30 06:00:50,002 [61] DEBUG LTCPro.ServiceLayer.Log4net - ---Executing GetTimeZoneDate() in CommonService----
2024-08-30 06:00:50,215 [61] DEBUG LTCPro.ServiceLayer.Log4net - ---Executed Successfully GetTimeZoneDate() in CommonController----
2024-08-30 06:00:50,806 [62] DEBUG LTCPro.ServiceLayer.Log4net - ---Executed Successfully GetPRNDetailsByfilter() in EMARController----
2024-08-30 06:00:50,827 [34] DEBUG LTCPro.ServiceLayer.Log4net - ---Executed Successfully GetSeventyTwoHourDetailsByfilter() in EMARController----
2024-08-30 06:00:53,224 [76] DEBUG LTCPro.ServiceLayer.Log4net - ---Executed Successfully GetResidentInformation() in ResidentDemographicController----
2024-08-30 06:00:53,322 [57] DEBUG LTCPro.ServiceLayer.Log4net - ---Executing GetUserToken() in UserService----
2024-08-30 06:00:53,341 [64] DEBUG LTCPro.ServiceLayer.Log4net - ---Executing GetUserToken() in UserService----
2024-08-30 06:00:53,360 [34] DEBUG LTCPro.ServiceLayer.Log4net - ---Executing GetUserToken() in UserService----
2024-08-30 06:00:53,538 [57] DEBUG LTCPro.ServiceLayer.Log4net - ---Executing GetPatientType() in ResidentDemographicController----
2024-08-30 06:00:53,538 [57] DEBUG LTCPro.ServiceLayer.Log4net - ---Executing GetPatientType() in EmarService----
2024-08-30 06:00:53,584 [64] DEBUG LTCPro.ServiceLayer.Log4net - ---Executing GetDrFirstOrderCheck() in DrFirstIntegrationController----
2024-08-30 06:00:53,584 [64] DEBUG LTCPro.ServiceLayer.Log4net - ---Executing GetDrFirstOrderCheck() in DrFirstIntegrationService----
2024-08-30 06:00:53,584 [34] DEBUG LTCPro.ServiceLayer.Log4net - ---Executing GetWeightList(Patient_Id) in AssessmentController----
2024-08-30 06:00:53,584 [34] DEBUG LTCPro.ServiceLayer.Log4net - ---Executing GetWeightList() in AssessmentService----
2024-08-30 06:00:53,591 [67] DEBUG LTCPro.ServiceLayer.Log4net - ---Executing GetUserToken() in UserService----
2024-08-30 06:00:53,595 [87] DEBUG LTCPro.ServiceLayer.Log4net - ---Executing GetUserToken() in UserService----
2024-08-30 06:00:53,750 [57] DEBUG LTCPro.ServiceLayer.Log4net - ---Executed Successfully GetPatientType() in ResidentDemographicController----
2024-08-30 06:00:53,794 [64] DEBUG LTCPro.ServiceLayer.Log4net - ---Executed Successfully GetDrFirstOrderCheck() in DrFirstIntegrationController----
2024-08-30 06:00:53,809 [67] DEBUG LTCPro.ServiceLayer.Log4net - ---Executing GetDiagnosisDetails() in OrdersController----
2024-08-30 06:00:53,809 [67] DEBUG LTCPro.ServiceLayer.Log4net - ---Executing GetDiagnosisDetails() in OrdersService----
2024-08-30 06:00:53,813 [87] DEBUG LTCPro.ServiceLayer.Log4net - ---Executing GetOrderGridData() in OrdersController----
2024-08-30 06:00:53,813 [87] DEBUG LTCPro.ServiceLayer.Log4net - ---Executing GetOrderGridData() in OrdersService----
2024-08-30 06:00:54,066 [87] DEBUG LTCPro.ServiceLayer.Log4net - ---Executed Successfully GetOrderGridData() in OrdersController----
2024-08-30 06:00:54,115 [35] DEBUG LTCPro.ServiceLayer.Log4net - ---Executing GetUserToken() in UserService----
2024-08-30 06:00:54,333 [35] DEBUG LTCPro.ServiceLayer.Log4net - ---Executing GetAllBarcodes() in StockEkitController----
2024-08-30 06:00:54,333 [35] DEBUG LTCPro.ServiceLayer.Log4net - ---Executing GetAllBarcodes() in StockEkitService----
2024-08-30 06:00:54,348 [61] DEBUG LTCPro.ServiceLayer.Log4net - ---Executing GetUserToken() in UserService----
2024-08-30 06:00:54,368 [57] DEBUG LTCPro.ServiceLayer.Log4net - ---Executing GetUserToken() in UserService----
2024-08-30 06:00:54,445 [34] DEBUG LTCPro.ServiceLayer.Log4net - ---Executed Successfully GetWeightList(Patient_Id) in AssessmentController----
2024-08-30 06:00:54,456 [67] DEBUG LTCPro.ServiceLayer.Log4net - ---Executed Successfully GetDiagnosisDetails() in OrdersController----
2024-08-30 06:00:54,561 [61] DEBUG LTCPro.ServiceLayer.Log4net - ---Executing GetOrderGridData() in OrdersController----
2024-08-30 06:00:54,561 [61] DEBUG LTCPro.ServiceLayer.Log4net - ---Executing GetOrderGridData() in OrdersService----
2024-08-30 06:00:54,578 [57] DEBUG LTCPro.ServiceLayer.Log4net - ---Executing GetOrdersData() in OrdersController----
2024-08-30 06:00:54,578 [57] DEBUG LTCPro.ServiceLayer.Log4net - ---Executing GetOrdersData() in OrdersService----
2024-08-30 06:00:54,795 [57] DEBUG LTCPro.ServiceLayer.Log4net - ---Executed Successfully GetOrdersData() in OrdersController----
2024-08-30 06:00:57,276 [61] DEBUG LTCPro.ServiceLayer.Log4net - ---Executed Successfully GetOrderGridData() in OrdersController----
2024-08-30 06:00:57,646 [35] DEBUG LTCPro.ServiceLayer.Log4net - ---Executed Successfully GetAllBarcodes() in StockEkitController----
2024-08-30 06:00:57,701 [63] DEBUG LTCPro.ServiceLayer.Log4net - ---Executing GetUserToken() in UserService----
2024-08-30 06:00:57,707 [87] DEBUG LTCPro.ServiceLayer.Log4net - ---Executing GetUserToken() in UserService----
2024-08-30 06:00:57,708 [61] DEBUG LTCPro.ServiceLayer.Log4net - ---Executing GetUserToken() in UserService----
2024-08-30 06:00:57,722 [34] DEBUG LTCPro.ServiceLayer.Log4net - ---Executing GetUserToken() in UserService----
2024-08-30 06:00:57,914 [63] DEBUG LTCPro.ServiceLayer.Log4net - ---Executing GetOrderStockDetails() in OrdersController----
2024-08-30 06:00:57,914 [63] DEBUG LTCPro.ServiceLayer.Log4net - ---Executing GetOrderStockDetails() in OrdersService----
2024-08-30 06:00:57,932 [34] DEBUG LTCPro.ServiceLayer.Log4net - ---Executing GetNurseNotes() in OrdersController----
2024-08-30 06:00:57,932 [34] DEBUG LTCPro.ServiceLayer.Log4net - ---Executing GetNurseNotes() in OrdersService----
2024-08-30 06:00:57,988 [87] DEBUG LTCPro.ServiceLayer.Log4net - ---Executing GetFavouritesMasterData() in OrdersController----
2024-08-30 06:00:57,988 [87] DEBUG LTCPro.ServiceLayer.Log4net - ---Executing GetFavouritesMasterData() in OrdersService----
2024-08-30 06:00:58,125 [63] DEBUG LTCPro.ServiceLayer.Log4net - ---Executed Successfully GetOrderStockDetails() in OrdersController----
2024-08-30 06:00:58,429 [87] DEBUG LTCPro.ServiceLayer.Log4net - ---Executed Successfully GetFavouritesMasterData() in OrdersController----
2024-08-30 06:00:58,430 [61] DEBUG LTCPro.ServiceLayer.Log4net - ---Executing GetPhysicianDropData() in OrdersController----
2024-08-30 06:00:58,430 [61] DEBUG LTCPro.ServiceLayer.Log4net - ---Executing GetPhysicianDropData() in OrdersService----
2024-08-30 06:00:58,868 [61] DEBUG LTCPro.ServiceLayer.Log4net - ---Executed Successfully GetPhysicianDropData() in OrdersController----
2024-08-30 06:00:59,104 [34] DEBUG LTCPro.ServiceLayer.Log4net - ---Executed Successfully GetNurseNotes() in OrdersController----
2024-08-30 06:01:13,374 [87] DEBUG LTCPro.ServiceLayer.Log4net - ---Executing GetUserToken() in UserService----
2024-08-30 06:01:13,381 [34] DEBUG LTCPro.ServiceLayer.Log4net - ---Executing GetUserToken() in UserService----
2024-08-30 06:01:13,584 [87] DEBUG LTCPro.ServiceLayer.Log4net - ---Executing GetUserRecentFacNs() in UserController----
2024-08-30 06:01:13,584 [87] DEBUG LTCPro.ServiceLayer.Log4net - ---Executing GetUserRecentFacNs() in UserService----
2024-08-30 06:01:13,593 [34] DEBUG LTCPro.ServiceLayer.Log4net - ---Executing InsertUserActivityDetails() in CompanyController----
2024-08-30 06:01:13,593 [34] DEBUG LTCPro.ServiceLayer.Log4net - ---Executing InsertUserActivityDetails() in UserActivityService----
2024-08-30 06:01:13,596 [61] DEBUG LTCPro.ServiceLayer.Log4net - ---Executing GetUserToken() in UserService----
2024-08-30 06:01:13,805 [61] DEBUG LTCPro.ServiceLayer.Log4net - ---Executing OrderEndingSoonStatus() in OrdersController----
2024-08-30 06:01:13,805 [61] DEBUG LTCPro.ServiceLayer.Log4net - ---Executing OrderEndingSoonStatus() in OrdersService----
2024-08-30 06:01:14,009 [87] DEBUG LTCPro.ServiceLayer.Log4net - ---Executed Successfully GetUserRecentFacNs() in UserController----
2024-08-30 06:01:14,034 [35] DEBUG LTCPro.ServiceLayer.Log4net - ---Executing GetUserToken() in UserService----
2024-08-30 06:01:14,185 [61] DEBUG LTCPro.ServiceLayer.Log4net - ---Executed Successfully OrderEndingSoonStatus() in OrdersController----
2024-08-30 06:01:14,223 [34] DEBUG LTCPro.ServiceLayer.Log4net - ---Executed Successfully InsertUserActivityDetails() in CompanyController----
2024-08-30 06:01:14,246 [35] DEBUG LTCPro.ServiceLayer.Log4net - ---Executing GetUserAccessFacilityNurseStaions() in FacilityController----
2024-08-30 06:01:14,246 [35] DEBUG LTCPro.ServiceLayer.Log4net - ---Executing GetUserAccessFacilityNurseStaions() in FacilityService----
2024-08-30 06:01:14,666 [35] DEBUG LTCPro.ServiceLayer.Log4net - ---Executed Successfully GetUserAccessFacilityNurseStaions() in FacilityController----
2024-08-30 06:01:14,702 [27] DEBUG LTCPro.ServiceLayer.Log4net - ---Executing GetUserToken() in UserService----
2024-08-30 06:01:14,913 [27] DEBUG LTCPro.ServiceLayer.Log4net - ---Executing UserNurseStationDrop() in FacilityController----
2024-08-30 06:01:14,913 [27] DEBUG LTCPro.ServiceLayer.Log4net - ---Executing UserNurseStationDrop() in FacilityService----
2024-08-30 06:01:15,124 [27] DEBUG LTCPro.ServiceLayer.Log4net - ---Executed Successfully UserNurseStationDrop() in FacilityController----
2024-08-30 06:01:15,271 [27] DEBUG LTCPro.ServiceLayer.Log4net - ---Executing GetUserToken() in UserService----
2024-08-30 06:01:15,278 [34] DEBUG LTCPro.ServiceLayer.Log4net - ---Executing GetUserToken() in UserService----
2024-08-30 06:01:15,291 [87] DEBUG LTCPro.ServiceLayer.Log4net - ---Executing GetUserToken() in UserService----
2024-08-30 06:01:15,662 [87] DEBUG LTCPro.ServiceLayer.Log4net - ---Executing GetSeventyTwoHourDetailsByfilter() in EMARController----
2024-08-30 06:01:15,662 [87] DEBUG LTCPro.ServiceLayer.Log4net - ---Executing GetSeventyTwoHourDetailsByfilter() in EmarService----
2024-08-30 06:01:15,671 [57] DEBUG LTCPro.ServiceLayer.Log4net - ---Executing GetUserToken() in UserService----
2024-08-30 06:01:15,678 [27] DEBUG LTCPro.ServiceLayer.Log4net - ---Executing GetPRNDetailsByfilter() in EMARController----
2024-08-30 06:01:15,678 [27] DEBUG LTCPro.ServiceLayer.Log4net - ---Executing GetPRNDetailsByfilter() in EmarService----
2024-08-30 06:01:15,692 [34] DEBUG LTCPro.ServiceLayer.Log4net - ---Executing GetCompanyToBedFlagByFacId() in FacilityController----
2024-08-30 06:01:15,692 [34] DEBUG LTCPro.ServiceLayer.Log4net - ---Executing GetCompanyToBedFlagByFacId() in FacilityService----
2024-08-30 06:01:15,697 [35] DEBUG LTCPro.ServiceLayer.Log4net - ---Executing GetUserToken() in UserService----
2024-08-30 06:01:15,728 [64] DEBUG LTCPro.ServiceLayer.Log4net - ---Executing GetUserToken() in UserService----
2024-08-30 06:01:15,887 [57] DEBUG LTCPro.ServiceLayer.Log4net - ---Executing GetOrdersGridData() in OrdersController----
2024-08-30 06:01:15,888 [57] DEBUG LTCPro.ServiceLayer.Log4net - ---Executing GetOrdersGridData() in OrdersService----
2024-08-30 06:01:15,906 [35] DEBUG LTCPro.ServiceLayer.Log4net - ---Executing OrderEndingSoonStatus() in OrdersController----
2024-08-30 06:01:15,907 [35] DEBUG LTCPro.ServiceLayer.Log4net - ---Executing OrderEndingSoonStatus() in OrdersService----
2024-08-30 06:01:15,951 [64] DEBUG LTCPro.ServiceLayer.Log4net - ---Executing GetOrdersEndingSoon() in OrdersController----
2024-08-30 06:01:15,951 [64] DEBUG LTCPro.ServiceLayer.Log4net - ---Executing GetOrdersEndingSoon() in OrdersService----
2024-08-30 06:01:16,308 [35] DEBUG LTCPro.ServiceLayer.Log4net - ---Executed Successfully OrderEndingSoonStatus() in OrdersController----
2024-08-30 06:01:16,498 [64] DEBUG LTCPro.ServiceLayer.Log4net - ---Executed Successfully GetOrdersEndingSoon() in OrdersController----
2024-08-30 06:01:16,966 [34] DEBUG LTCPro.ServiceLayer.Log4net - ---Executed Successfully GetCompanyToBedFlagByFacId() in FacilityController----
2024-08-30 06:01:17,009 [61] DEBUG LTCPro.ServiceLayer.Log4net - ---Executing GetUserToken() in UserService----
2024-08-30 06:01:17,219 [61] DEBUG LTCPro.ServiceLayer.Log4net - ---Executing GetNurseStationHierarchyDetailsbyNsId() in CompanyController----
2024-08-30 06:01:17,219 [61] DEBUG LTCPro.ServiceLayer.Log4net - ---Executing GetNurseStationHierarchyDetailsbyNsId() in CompanyService----
2024-08-30 06:01:17,430 [61] DEBUG LTCPro.ServiceLayer.Log4net - ---Executed Successfully GetNurseStationHierarchyDetailsbyNsId() in CompanyController----
2024-08-30 06:01:18,064 [57] DEBUG LTCPro.ServiceLayer.Log4net - ---Executed Successfully GetOrdersGridData() in OrdersController----
2024-08-30 06:01:21,429 [61] DEBUG LTCPro.ServiceLayer.Log4net - ---Executing GetUserToken() in UserService----
2024-08-30 06:01:21,646 [61] DEBUG LTCPro.ServiceLayer.Log4net - ---Executing GetPendingOrdersGridData() in OrdersController----
2024-08-30 06:01:21,646 [61] DEBUG LTCPro.ServiceLayer.Log4net - ---Executing GetPendingOrdersGridData() in OrdersService----
2024-08-30 06:01:23,688 [61] DEBUG LTCPro.ServiceLayer.Log4net - ---Executed Successfully GetPendingOrdersGridData() in OrdersController----
2024-08-30 06:01:27,137 [61] DEBUG LTCPro.ServiceLayer.Log4net - ---Executing GetUserToken() in UserService----
2024-08-30 06:01:27,348 [61] DEBUG LTCPro.ServiceLayer.Log4net - ---Executing GetOrdersGridDataByPatientId() in OrdersController----
2024-08-30 06:01:27,348 [61] DEBUG LTCPro.ServiceLayer.Log4net - ---Executing GetOrdersGridDataByPatientId() in OrdersService----
2024-08-30 06:01:27,811 [61] DEBUG LTCPro.ServiceLayer.Log4net - ---Executed Successfully GetOrdersGridDataByPatientId() in OrdersController----
2024-08-30 06:01:27,837 [27] DEBUG LTCPro.ServiceLayer.Log4net - ---Executed Successfully GetPRNDetailsByfilter() in EMARController----
2024-08-30 06:01:28,206 [87] DEBUG LTCPro.ServiceLayer.Log4net - ---Executed Successfully GetSeventyTwoHourDetailsByfilter() in EMARController----
2024-08-30 06:01:30,799 [87] DEBUG LTCPro.ServiceLayer.Log4net - ---Executing GetUserToken() in UserService----
2024-08-30 06:01:31,025 [87] DEBUG LTCPro.ServiceLayer.Log4net - ---Executing GetFacilityNSResidentsDataByPId() in ResidentDemographicController----
2024-08-30 06:01:31,025 [87] DEBUG LTCPro.ServiceLayer.Log4net - ---Executing GetFacilityNSResidentsDataByPId() in ResidentDemographicService----
2024-08-30 06:01:31,075 [35] DEBUG LTCPro.ServiceLayer.Log4net - ---Executing GetUserToken() in UserService----
2024-08-30 06:01:31,293 [35] DEBUG LTCPro.ServiceLayer.Log4net - ---Executing GetNurseNotes() in OrdersController----
2024-08-30 06:01:31,293 [35] DEBUG LTCPro.ServiceLayer.Log4net - ---Executing GetNurseNotes() in OrdersService----
2024-08-30 06:01:32,421 [35] DEBUG LTCPro.ServiceLayer.Log4net - ---Executed Successfully GetNurseNotes() in OrdersController----
2024-08-30 06:01:32,499 [87] DEBUG LTCPro.ServiceLayer.Log4net - ---Executed Successfully GetFacilityNSResidentsDataByPId() in ResidentDemographicController----
2024-08-30 06:01:32,587 [27] DEBUG LTCPro.ServiceLayer.Log4net - ---Executing GetUserToken() in UserService----
2024-08-30 06:01:32,621 [64] DEBUG LTCPro.ServiceLayer.Log4net - ---Executing GetUserToken() in UserService----
2024-08-30 06:01:32,731 [34] DEBUG LTCPro.ServiceLayer.Log4net - ---Executing GetUserToken() in UserService----
2024-08-30 06:01:32,802 [27] DEBUG LTCPro.ServiceLayer.Log4net - ---Executing GetDrFirstFlagForCompanyByNSId() in CompanyController----
2024-08-30 06:01:32,802 [27] DEBUG LTCPro.ServiceLayer.Log4net - ---Executing GetDrFirstFlagForCompanyByNSId() in CompanyService----
2024-08-30 06:01:32,849 [64] DEBUG LTCPro.ServiceLayer.Log4net - ---Executing GetResidentInformation() in ResidentDemographicController----
2024-08-30 06:01:32,849 [64] DEBUG LTCPro.ServiceLayer.Log4net - ---Executing GetResidentInformation() in ResidentDemographicService----
2024-08-30 06:01:32,942 [61] DEBUG LTCPro.ServiceLayer.Log4net - ---Executing GetUserToken() in UserService----
2024-08-30 06:01:32,946 [34] DEBUG LTCPro.ServiceLayer.Log4net - ---Executing GetAllBarcodes() in StockEkitController----
2024-08-30 06:01:32,946 [34] DEBUG LTCPro.ServiceLayer.Log4net - ---Executing GetAllBarcodes() in StockEkitService----
2024-08-30 06:01:32,959 [87] DEBUG LTCPro.ServiceLayer.Log4net - ---Executing GetUserToken() in UserService----
2024-08-30 06:01:33,015 [27] DEBUG LTCPro.ServiceLayer.Log4net - ---Executed Successfully GetDrFirstFlagForCompanyByNSId() in CompanyController----
2024-08-30 06:01:33,041 [35] DEBUG LTCPro.ServiceLayer.Log4net - ---Executing GetUserToken() in UserService----
2024-08-30 06:01:33,160 [61] DEBUG LTCPro.ServiceLayer.Log4net - ---Executing GetOrderRoutes() in OrdersController----
2024-08-30 06:01:33,160 [61] DEBUG LTCPro.ServiceLayer.Log4net - ---Executing GetOrderRoutes() in OrdersService----
2024-08-30 06:01:33,170 [87] DEBUG LTCPro.ServiceLayer.Log4net - ---Executing GetPhysicianDropData() in OrdersController----
2024-08-30 06:01:33,170 [87] DEBUG LTCPro.ServiceLayer.Log4net - ---Executing GetPhysicianDropData() in OrdersService----
2024-08-30 06:01:33,250 [35] DEBUG LTCPro.ServiceLayer.Log4net - ---Executing GetTimeZoneDate() in CommonController----
2024-08-30 06:01:33,251 [35] DEBUG LTCPro.ServiceLayer.Log4net - ---Executing GetTimeZoneDate() in CommonService----
2024-08-30 06:01:33,370 [61] DEBUG LTCPro.ServiceLayer.Log4net - ---Executed Successfully GetOrderRoutes() in OrdersController----
2024-08-30 06:01:33,461 [35] DEBUG LTCPro.ServiceLayer.Log4net - ---Executed Successfully GetTimeZoneDate() in CommonController----
2024-08-30 06:01:33,617 [87] DEBUG LTCPro.ServiceLayer.Log4net - ---Executed Successfully GetPhysicianDropData() in OrdersController----
2024-08-30 06:01:33,680 [34] DEBUG LTCPro.ServiceLayer.Log4net - ---Executed Successfully GetAllBarcodes() in StockEkitController----
2024-08-30 06:01:36,215 [64] DEBUG LTCPro.ServiceLayer.Log4net - ---Executed Successfully GetResidentInformation() in ResidentDemographicController----
2024-08-30 06:01:36,257 [63] DEBUG LTCPro.ServiceLayer.Log4net - ---Executing GetUserToken() in UserService----
2024-08-30 06:01:36,287 [34] DEBUG LTCPro.ServiceLayer.Log4net - ---Executing GetUserToken() in UserService----
2024-08-30 06:01:36,290 [27] DEBUG LTCPro.ServiceLayer.Log4net - ---Executing GetUserToken() in UserService----
2024-08-30 06:01:36,661 [63] DEBUG LTCPro.ServiceLayer.Log4net - ---Executing GetDrFirstOrderCheck() in DrFirstIntegrationController----
2024-08-30 06:01:36,661 [63] DEBUG LTCPro.ServiceLayer.Log4net - ---Executing GetDrFirstOrderCheck() in DrFirstIntegrationService----
2024-08-30 06:01:36,662 [34] DEBUG LTCPro.ServiceLayer.Log4net - ---Executing GetWeightList(Patient_Id) in AssessmentController----
2024-08-30 06:01:36,662 [34] DEBUG LTCPro.ServiceLayer.Log4net - ---Executing GetWeightList() in AssessmentService----
2024-08-30 06:01:36,672 [27] DEBUG LTCPro.ServiceLayer.Log4net - ---Executing GetPatientType() in ResidentDemographicController----
2024-08-30 06:01:36,672 [27] DEBUG LTCPro.ServiceLayer.Log4net - ---Executing GetPatientType() in EmarService----
2024-08-30 06:01:36,697 [57] DEBUG LTCPro.ServiceLayer.Log4net - ---Executing GetUserToken() in UserService----
2024-08-30 06:01:36,729 [35] DEBUG LTCPro.ServiceLayer.Log4net - ---Executing GetUserToken() in UserService----
2024-08-30 06:01:36,885 [63] DEBUG LTCPro.ServiceLayer.Log4net - ---Executed Successfully GetDrFirstOrderCheck() in DrFirstIntegrationController----
2024-08-30 06:01:36,893 [27] DEBUG LTCPro.ServiceLayer.Log4net - ---Executed Successfully GetPatientType() in ResidentDemographicController----
2024-08-30 06:01:36,907 [57] DEBUG LTCPro.ServiceLayer.Log4net - ---Executing GetDiagnosisDetails() in OrdersController----
2024-08-30 06:01:36,907 [57] DEBUG LTCPro.ServiceLayer.Log4net - ---Executing GetDiagnosisDetails() in OrdersService----
2024-08-30 06:01:36,938 [35] DEBUG LTCPro.ServiceLayer.Log4net - ---Executing GetOrderGridData() in OrdersController----
2024-08-30 06:01:36,938 [35] DEBUG LTCPro.ServiceLayer.Log4net - ---Executing GetOrderGridData() in OrdersService----
2024-08-30 06:01:37,248 [35] DEBUG LTCPro.ServiceLayer.Log4net - ---Executed Successfully GetOrderGridData() in OrdersController----
2024-08-30 06:01:37,310 [35] DEBUG LTCPro.ServiceLayer.Log4net - ---Executing GetUserToken() in UserService----
2024-08-30 06:01:37,522 [35] DEBUG LTCPro.ServiceLayer.Log4net - ---Executing GetAllBarcodes() in StockEkitController----
2024-08-30 06:01:37,522 [35] DEBUG LTCPro.ServiceLayer.Log4net - ---Executing GetAllBarcodes() in StockEkitService----
2024-08-30 06:01:37,553 [63] DEBUG LTCPro.ServiceLayer.Log4net - ---Executing GetUserToken() in UserService----
2024-08-30 06:01:37,560 [34] DEBUG LTCPro.ServiceLayer.Log4net - ---Executed Successfully GetWeightList(Patient_Id) in AssessmentController----
2024-08-30 06:01:37,566 [87] DEBUG LTCPro.ServiceLayer.Log4net - ---Executing GetUserToken() in UserService----
2024-08-30 06:01:37,569 [57] DEBUG LTCPro.ServiceLayer.Log4net - ---Executed Successfully GetDiagnosisDetails() in OrdersController----
2024-08-30 06:01:37,763 [63] DEBUG LTCPro.ServiceLayer.Log4net - ---Executing GetOrderGridData() in OrdersController----
2024-08-30 06:01:37,763 [63] DEBUG LTCPro.ServiceLayer.Log4net - ---Executing GetOrderGridData() in OrdersService----
2024-08-30 06:01:37,780 [87] DEBUG LTCPro.ServiceLayer.Log4net - ---Executing GetOrdersData() in OrdersController----
2024-08-30 06:01:37,780 [87] DEBUG LTCPro.ServiceLayer.Log4net - ---Executing GetOrdersData() in OrdersService----
2024-08-30 06:01:38,051 [87] DEBUG LTCPro.ServiceLayer.Log4net - ---Executed Successfully GetOrdersData() in OrdersController----
2024-08-30 06:01:42,660 [63] DEBUG LTCPro.ServiceLayer.Log4net - ---Executed Successfully GetOrderGridData() in OrdersController----
2024-08-30 06:01:42,879 [35] DEBUG LTCPro.ServiceLayer.Log4net - ---Executed Successfully GetAllBarcodes() in StockEkitController----
2024-08-30 06:01:43,022 [34] DEBUG LTCPro.ServiceLayer.Log4net - ---Executing GetUserToken() in UserService----
2024-08-30 06:01:43,030 [61] DEBUG LTCPro.ServiceLayer.Log4net - ---Executing GetUserToken() in UserService----
2024-08-30 06:01:43,057 [87] DEBUG LTCPro.ServiceLayer.Log4net - ---Executing GetUserToken() in UserService----
2024-08-30 06:01:43,175 [27] DEBUG LTCPro.ServiceLayer.Log4net - ---Executing GetUserToken() in UserService----
2024-08-30 06:01:43,237 [34] DEBUG LTCPro.ServiceLayer.Log4net - ---Executing GetFavouritesMasterData() in OrdersController----
2024-08-30 06:01:43,237 [34] DEBUG LTCPro.ServiceLayer.Log4net - ---Executing GetFavouritesMasterData() in OrdersService----
2024-08-30 06:01:43,240 [61] DEBUG LTCPro.ServiceLayer.Log4net - ---Executing GetOrderStockDetails() in OrdersController----
2024-08-30 06:01:43,240 [61] DEBUG LTCPro.ServiceLayer.Log4net - ---Executing GetOrderStockDetails() in OrdersService----
2024-08-30 06:01:43,269 [87] DEBUG LTCPro.ServiceLayer.Log4net - ---Executing GetPhysicianDropData() in OrdersController----
2024-08-30 06:01:43,269 [87] DEBUG LTCPro.ServiceLayer.Log4net - ---Executing GetPhysicianDropData() in OrdersService----
2024-08-30 06:01:43,387 [27] DEBUG LTCPro.ServiceLayer.Log4net - ---Executing GetNurseNotes() in OrdersController----
2024-08-30 06:01:43,387 [27] DEBUG LTCPro.ServiceLayer.Log4net - ---Executing GetNurseNotes() in OrdersService----
2024-08-30 06:01:43,448 [34] DEBUG LTCPro.ServiceLayer.Log4net - ---Executed Successfully GetFavouritesMasterData() in OrdersController----
2024-08-30 06:01:43,450 [61] DEBUG LTCPro.ServiceLayer.Log4net - ---Executed Successfully GetOrderStockDetails() in OrdersController----
2024-08-30 06:01:43,723 [87] DEBUG LTCPro.ServiceLayer.Log4net - ---Executed Successfully GetPhysicianDropData() in OrdersController----
2024-08-30 06:01:44,579 [27] DEBUG LTCPro.ServiceLayer.Log4net - ---Executed Successfully GetNurseNotes() in OrdersController----
2024-08-30 06:01:51,486 [61] DEBUG LTCPro.ServiceLayer.Log4net - ---Executing GetUserToken() in UserService----
2024-08-30 06:01:51,489 [84] DEBUG LTCPro.ServiceLayer.Log4net - ---Executing GetUserToken() in UserService----
2024-08-30 06:01:51,695 [61] DEBUG LTCPro.ServiceLayer.Log4net - ---Executing GetUserRecentFacNs() in UserController----
2024-08-30 06:01:51,695 [61] DEBUG LTCPro.ServiceLayer.Log4net - ---Executing GetUserRecentFacNs() in UserService----
2024-08-30 06:01:51,697 [35] DEBUG LTCPro.ServiceLayer.Log4net - ---Executing GetUserToken() in UserService----
2024-08-30 06:01:51,698 [84] DEBUG LTCPro.ServiceLayer.Log4net - ---Executing InsertUserActivityDetails() in CompanyController----
2024-08-30 06:01:51,698 [84] DEBUG LTCPro.ServiceLayer.Log4net - ---Executing InsertUserActivityDetails() in UserActivityService----
2024-08-30 06:01:51,912 [35] DEBUG LTCPro.ServiceLayer.Log4net - ---Executing OrderEndingSoonStatus() in OrdersController----
2024-08-30 06:01:51,912 [35] DEBUG LTCPro.ServiceLayer.Log4net - ---Executing OrderEndingSoonStatus() in OrdersService----
2024-08-30 06:01:52,123 [61] DEBUG LTCPro.ServiceLayer.Log4net - ---Executed Successfully GetUserRecentFacNs() in UserController----
2024-08-30 06:01:52,145 [34] DEBUG LTCPro.ServiceLayer.Log4net - ---Executing GetUserToken() in UserService----
2024-08-30 06:01:52,316 [35] DEBUG LTCPro.ServiceLayer.Log4net - ---Executed Successfully OrderEndingSoonStatus() in OrdersController----
2024-08-30 06:01:52,343 [84] DEBUG LTCPro.ServiceLayer.Log4net - ---Executed Successfully InsertUserActivityDetails() in CompanyController----
2024-08-30 06:01:52,456 [34] DEBUG LTCPro.ServiceLayer.Log4net - ---Executing GetUserAccessFacilityNurseStaions() in FacilityController----
2024-08-30 06:01:52,456 [34] DEBUG LTCPro.ServiceLayer.Log4net - ---Executing GetUserAccessFacilityNurseStaions() in FacilityService----
2024-08-30 06:01:52,876 [34] DEBUG LTCPro.ServiceLayer.Log4net - ---Executed Successfully GetUserAccessFacilityNurseStaions() in FacilityController----
2024-08-30 06:01:52,898 [35] DEBUG LTCPro.ServiceLayer.Log4net - ---Executing GetUserToken() in UserService----
2024-08-30 06:01:53,110 [35] DEBUG LTCPro.ServiceLayer.Log4net - ---Executing UserNurseStationDrop() in FacilityController----
2024-08-30 06:01:53,110 [35] DEBUG LTCPro.ServiceLayer.Log4net - ---Executing UserNurseStationDrop() in FacilityService----
2024-08-30 06:01:53,326 [35] DEBUG LTCPro.ServiceLayer.Log4net - ---Executed Successfully UserNurseStationDrop() in FacilityController----
2024-08-30 06:01:53,368 [27] DEBUG LTCPro.ServiceLayer.Log4net - ---Executing GetUserToken() in UserService----
2024-08-30 06:01:53,395 [61] DEBUG LTCPro.ServiceLayer.Log4net - ---Executing GetUserToken() in UserService----
2024-08-30 06:01:53,449 [87] DEBUG LTCPro.ServiceLayer.Log4net - ---Executing GetUserToken() in UserService----
2024-08-30 06:01:53,663 [63] DEBUG LTCPro.ServiceLayer.Log4net - ---Executing GetUserToken() in UserService----
2024-08-30 06:01:53,672 [27] DEBUG LTCPro.ServiceLayer.Log4net - ---Executing GetCompanyToBedFlagByFacId() in FacilityController----
2024-08-30 06:01:53,673 [27] DEBUG LTCPro.ServiceLayer.Log4net - ---Executing GetCompanyToBedFlagByFacId() in FacilityService----
2024-08-30 06:01:53,676 [61] DEBUG LTCPro.ServiceLayer.Log4net - ---Executing GetPRNDetailsByfilter() in EMARController----
2024-08-30 06:01:53,676 [61] DEBUG LTCPro.ServiceLayer.Log4net - ---Executing GetPRNDetailsByfilter() in EmarService----
2024-08-30 06:01:53,677 [87] DEBUG LTCPro.ServiceLayer.Log4net - ---Executing GetSeventyTwoHourDetailsByfilter() in EMARController----
2024-08-30 06:01:53,677 [87] DEBUG LTCPro.ServiceLayer.Log4net - ---Executing GetSeventyTwoHourDetailsByfilter() in EmarService----
2024-08-30 06:01:53,694 [64] DEBUG LTCPro.ServiceLayer.Log4net - ---Executing GetUserToken() in UserService----
2024-08-30 06:01:53,707 [34] DEBUG LTCPro.ServiceLayer.Log4net - ---Executing GetUserToken() in UserService----
2024-08-30 06:01:53,875 [63] DEBUG LTCPro.ServiceLayer.Log4net - ---Executing GetOrdersEndingSoon() in OrdersController----
2024-08-30 06:01:53,875 [63] DEBUG LTCPro.ServiceLayer.Log4net - ---Executing GetOrdersEndingSoon() in OrdersService----
2024-08-30 06:01:53,903 [64] DEBUG LTCPro.ServiceLayer.Log4net - ---Executing GetOrdersGridData() in OrdersController----
2024-08-30 06:01:53,903 [64] DEBUG LTCPro.ServiceLayer.Log4net - ---Executing GetOrdersGridData() in OrdersService----
2024-08-30 06:01:53,916 [34] DEBUG LTCPro.ServiceLayer.Log4net - ---Executing OrderEndingSoonStatus() in OrdersController----
2024-08-30 06:01:53,916 [34] DEBUG LTCPro.ServiceLayer.Log4net - ---Executing OrderEndingSoonStatus() in OrdersService----
2024-08-30 06:01:54,324 [34] DEBUG LTCPro.ServiceLayer.Log4net - ---Executed Successfully OrderEndingSoonStatus() in OrdersController----
2024-08-30 06:01:54,618 [63] DEBUG LTCPro.ServiceLayer.Log4net - ---Executed Successfully GetOrdersEndingSoon() in OrdersController----
2024-08-30 06:01:55,068 [27] DEBUG LTCPro.ServiceLayer.Log4net - ---Executed Successfully GetCompanyToBedFlagByFacId() in FacilityController----
2024-08-30 06:01:55,108 [35] DEBUG LTCPro.ServiceLayer.Log4net - ---Executing GetUserToken() in UserService----
2024-08-30 06:01:55,320 [35] DEBUG LTCPro.ServiceLayer.Log4net - ---Executing GetNurseStationHierarchyDetailsbyNsId() in CompanyController----
2024-08-30 06:01:55,320 [35] DEBUG LTCPro.ServiceLayer.Log4net - ---Executing GetNurseStationHierarchyDetailsbyNsId() in CompanyService----
2024-08-30 06:01:55,534 [35] DEBUG LTCPro.ServiceLayer.Log4net - ---Executed Successfully GetNurseStationHierarchyDetailsbyNsId() in CompanyController----
2024-08-30 06:01:56,124 [64] DEBUG LTCPro.ServiceLayer.Log4net - ---Executed Successfully GetOrdersGridData() in OrdersController----
2024-08-30 06:02:02,297 [64] DEBUG LTCPro.ServiceLayer.Log4net - ---Executing GetUserToken() in UserService----
2024-08-30 06:02:02,508 [64] DEBUG LTCPro.ServiceLayer.Log4net - ---Executing GetPendingOrdersGridData() in OrdersController----
2024-08-30 06:02:02,508 [64] DEBUG LTCPro.ServiceLayer.Log4net - ---Executing GetPendingOrdersGridData() in OrdersService----
2024-08-30 06:02:04,374 [64] DEBUG LTCPro.ServiceLayer.Log4net - ---Executed Successfully GetPendingOrdersGridData() in OrdersController----
2024-08-30 06:02:06,037 [61] DEBUG LTCPro.ServiceLayer.Log4net - ---Executed Successfully GetPRNDetailsByfilter() in EMARController----
2024-08-30 06:02:06,213 [87] DEBUG LTCPro.ServiceLayer.Log4net - ---Executed Successfully GetSeventyTwoHourDetailsByfilter() in EMARController----
2024-08-30 06:02:07,372 [61] DEBUG LTCPro.ServiceLayer.Log4net - ---Executing GetUserToken() in UserService----
2024-08-30 06:02:07,583 [61] DEBUG LTCPro.ServiceLayer.Log4net - ---Executing GetOrdersGridDataByPatientId() in OrdersController----
2024-08-30 06:02:07,583 [61] DEBUG LTCPro.ServiceLayer.Log4net - ---Executing GetOrdersGridDataByPatientId() in OrdersService----
2024-08-30 06:02:08,068 [61] DEBUG LTCPro.ServiceLayer.Log4net - ---Executed Successfully GetOrdersGridDataByPatientId() in OrdersController----
2024-08-30 06:02:12,170 [76] DEBUG LTCPro.ServiceLayer.Log4net - ---Executing GetUserToken() in UserService----
2024-08-30 06:02:12,361 [61] DEBUG LTCPro.ServiceLayer.Log4net - ---Executing GetUserToken() in UserService----
2024-08-30 06:02:12,383 [76] DEBUG LTCPro.ServiceLayer.Log4net - ---Executing GetFacilityNSResidentsDataByPId() in ResidentDemographicController----
2024-08-30 06:02:12,383 [76] DEBUG LTCPro.ServiceLayer.Log4net - ---Executing GetFacilityNSResidentsDataByPId() in ResidentDemographicService----
2024-08-30 06:02:12,572 [61] DEBUG LTCPro.ServiceLayer.Log4net - ---Executing GetNurseNotes() in OrdersController----
2024-08-30 06:02:12,572 [61] DEBUG LTCPro.ServiceLayer.Log4net - ---Executing GetNurseNotes() in OrdersService----
2024-08-30 06:02:13,820 [61] DEBUG LTCPro.ServiceLayer.Log4net - ---Executed Successfully GetNurseNotes() in OrdersController----
2024-08-30 06:02:13,932 [76] DEBUG LTCPro.ServiceLayer.Log4net - ---Executed Successfully GetFacilityNSResidentsDataByPId() in ResidentDemographicController----
2024-08-30 06:02:14,043 [64] DEBUG LTCPro.ServiceLayer.Log4net - ---Executing GetUserToken() in UserService----
2024-08-30 06:02:14,081 [57] DEBUG LTCPro.ServiceLayer.Log4net - ---Executing GetUserToken() in UserService----
2024-08-30 06:02:14,110 [34] DEBUG LTCPro.ServiceLayer.Log4net - ---Executing GetUserToken() in UserService----
2024-08-30 06:02:14,269 [64] DEBUG LTCPro.ServiceLayer.Log4net - ---Executing GetAllBarcodes() in StockEkitController----
2024-08-30 06:02:14,269 [64] DEBUG LTCPro.ServiceLayer.Log4net - ---Executing GetAllBarcodes() in StockEkitService----
2024-08-30 06:02:14,425 [27] DEBUG LTCPro.ServiceLayer.Log4net - ---Executing GetUserToken() in UserService----
2024-08-30 06:02:14,425 [57] DEBUG LTCPro.ServiceLayer.Log4net - ---Executing GetResidentInformation() in ResidentDemographicController----
2024-08-30 06:02:14,425 [57] DEBUG LTCPro.ServiceLayer.Log4net - ---Executing GetResidentInformation() in ResidentDemographicService----
2024-08-30 06:02:14,427 [34] DEBUG LTCPro.ServiceLayer.Log4net - ---Executing GetDrFirstFlagForCompanyByNSId() in CompanyController----
2024-08-30 06:02:14,427 [34] DEBUG LTCPro.ServiceLayer.Log4net - ---Executing GetDrFirstFlagForCompanyByNSId() in CompanyService----
2024-08-30 06:02:14,453 [35] DEBUG LTCPro.ServiceLayer.Log4net - ---Executing GetUserToken() in UserService----
2024-08-30 06:02:14,636 [27] DEBUG LTCPro.ServiceLayer.Log4net - ---Executing GetPhysicianDropData() in OrdersController----
2024-08-30 06:02:14,637 [27] DEBUG LTCPro.ServiceLayer.Log4net - ---Executing GetPhysicianDropData() in OrdersService----
2024-08-30 06:02:14,639 [34] DEBUG LTCPro.ServiceLayer.Log4net - ---Executed Successfully GetDrFirstFlagForCompanyByNSId() in CompanyController----
2024-08-30 06:02:14,688 [35] DEBUG LTCPro.ServiceLayer.Log4net - ---Executing GetOrderRoutes() in OrdersController----
2024-08-30 06:02:14,688 [35] DEBUG LTCPro.ServiceLayer.Log4net - ---Executing GetOrderRoutes() in OrdersService----
2024-08-30 06:02:14,699 [66] DEBUG LTCPro.ServiceLayer.Log4net - ---Executing GetUserToken() in UserService----
2024-08-30 06:02:14,898 [35] DEBUG LTCPro.ServiceLayer.Log4net - ---Executed Successfully GetOrderRoutes() in OrdersController----
2024-08-30 06:02:14,909 [66] DEBUG LTCPro.ServiceLayer.Log4net - ---Executing GetTimeZoneDate() in CommonController----
2024-08-30 06:02:14,909 [66] DEBUG LTCPro.ServiceLayer.Log4net - ---Executing GetTimeZoneDate() in CommonService----
2024-08-30 06:02:15,021 [64] DEBUG LTCPro.ServiceLayer.Log4net - ---Executed Successfully GetAllBarcodes() in StockEkitController----
2024-08-30 06:02:15,090 [27] DEBUG LTCPro.ServiceLayer.Log4net - ---Executed Successfully GetPhysicianDropData() in OrdersController----
2024-08-30 06:02:15,119 [66] DEBUG LTCPro.ServiceLayer.Log4net - ---Executed Successfully GetTimeZoneDate() in CommonController----
2024-08-30 06:02:17,829 [57] DEBUG LTCPro.ServiceLayer.Log4net - ---Executed Successfully GetResidentInformation() in ResidentDemographicController----
2024-08-30 06:02:17,912 [27] DEBUG LTCPro.ServiceLayer.Log4net - ---Executing GetUserToken() in UserService----
2024-08-30 06:02:17,923 [64] DEBUG LTCPro.ServiceLayer.Log4net - ---Executing GetUserToken() in UserService----
2024-08-30 06:02:17,938 [61] DEBUG LTCPro.ServiceLayer.Log4net - ---Executing GetUserToken() in UserService----
2024-08-30 06:02:18,175 [87] DEBUG LTCPro.ServiceLayer.Log4net - ---Executing GetUserToken() in UserService----
2024-08-30 06:02:18,177 [64] DEBUG LTCPro.ServiceLayer.Log4net - ---Executing GetDrFirstOrderCheck() in DrFirstIntegrationController----
2024-08-30 06:02:18,177 [64] DEBUG LTCPro.ServiceLayer.Log4net - ---Executing GetDrFirstOrderCheck() in DrFirstIntegrationService----
2024-08-30 06:02:18,182 [27] DEBUG LTCPro.ServiceLayer.Log4net - ---Executing GetPatientType() in ResidentDemographicController----
2024-08-30 06:02:18,182 [27] DEBUG LTCPro.ServiceLayer.Log4net - ---Executing GetPatientType() in EmarService----
2024-08-30 06:02:18,182 [61] DEBUG LTCPro.ServiceLayer.Log4net - ---Executing GetWeightList(Patient_Id) in AssessmentController----
2024-08-30 06:02:18,182 [61] DEBUG LTCPro.ServiceLayer.Log4net - ---Executing GetWeightList() in AssessmentService----
2024-08-30 06:02:18,194 [34] DEBUG LTCPro.ServiceLayer.Log4net - ---Executing GetUserToken() in UserService----
2024-08-30 06:02:18,388 [87] DEBUG LTCPro.ServiceLayer.Log4net - ---Executing GetDiagnosisDetails() in OrdersController----
2024-08-30 06:02:18,388 [87] DEBUG LTCPro.ServiceLayer.Log4net - ---Executing GetDiagnosisDetails() in OrdersService----
2024-08-30 06:02:18,390 [64] DEBUG LTCPro.ServiceLayer.Log4net - ---Executed Successfully GetDrFirstOrderCheck() in DrFirstIntegrationController----
2024-08-30 06:02:18,395 [27] DEBUG LTCPro.ServiceLayer.Log4net - ---Executed Successfully GetPatientType() in ResidentDemographicController----
2024-08-30 06:02:18,404 [34] DEBUG LTCPro.ServiceLayer.Log4net - ---Executing GetOrderGridData() in OrdersController----
2024-08-30 06:02:18,404 [34] DEBUG LTCPro.ServiceLayer.Log4net - ---Executing GetOrderGridData() in OrdersService----
2024-08-30 06:02:18,690 [34] DEBUG LTCPro.ServiceLayer.Log4net - ---Executed Successfully GetOrderGridData() in OrdersController----
2024-08-30 06:02:19,045 [87] DEBUG LTCPro.ServiceLayer.Log4net - ---Executed Successfully GetDiagnosisDetails() in OrdersController----
2024-08-30 06:02:19,189 [61] DEBUG LTCPro.ServiceLayer.Log4net - ---Executed Successfully GetWeightList(Patient_Id) in AssessmentController----
2024-08-30 06:02:19,212 [35] DEBUG LTCPro.ServiceLayer.Log4net - ---Executing GetUserToken() in UserService----
2024-08-30 06:02:19,424 [35] DEBUG LTCPro.ServiceLayer.Log4net - ---Executing GetOrderGridData() in OrdersController----
2024-08-30 06:02:19,425 [35] DEBUG LTCPro.ServiceLayer.Log4net - ---Executing GetOrderGridData() in OrdersService----
2024-08-30 06:02:19,711 [35] DEBUG LTCPro.ServiceLayer.Log4net - ---Executed Successfully GetOrderGridData() in OrdersController----
2024-08-30 06:02:21,328 [61] DEBUG LTCPro.ServiceLayer.Log4net - ---Executing GetUserToken() in UserService----
2024-08-30 06:02:21,543 [61] DEBUG LTCPro.ServiceLayer.Log4net - ---Executing GetAllBarcodes() in StockEkitController----
2024-08-30 06:02:21,543 [61] DEBUG LTCPro.ServiceLayer.Log4net - ---Executing GetAllBarcodes() in StockEkitService----
2024-08-30 06:02:21,554 [35] DEBUG LTCPro.ServiceLayer.Log4net - ---Executing GetUserToken() in UserService----
2024-08-30 06:02:21,763 [35] DEBUG LTCPro.ServiceLayer.Log4net - ---Executing GetOrdersData() in OrdersController----
2024-08-30 06:02:21,763 [35] DEBUG LTCPro.ServiceLayer.Log4net - ---Executing GetOrdersData() in OrdersService----
2024-08-30 06:02:21,983 [35] DEBUG LTCPro.ServiceLayer.Log4net - ---Executed Successfully GetOrdersData() in OrdersController----
2024-08-30 06:02:24,082 [61] DEBUG LTCPro.ServiceLayer.Log4net - ---Executed Successfully GetAllBarcodes() in StockEkitController----
2024-08-30 06:02:24,121 [34] DEBUG LTCPro.ServiceLayer.Log4net - ---Executing GetUserToken() in UserService----
2024-08-30 06:02:24,125 [87] DEBUG LTCPro.ServiceLayer.Log4net - ---Executing GetUserToken() in UserService----
2024-08-30 06:02:24,335 [87] DEBUG LTCPro.ServiceLayer.Log4net - ---Executing GetFavouritesMasterData() in OrdersController----
2024-08-30 06:02:24,335 [34] DEBUG LTCPro.ServiceLayer.Log4net - ---Executing GetOrderStockDetails() in OrdersController----
2024-08-30 06:02:24,336 [34] DEBUG LTCPro.ServiceLayer.Log4net - ---Executing GetOrderStockDetails() in OrdersService----
2024-08-30 06:02:24,336 [87] DEBUG LTCPro.ServiceLayer.Log4net - ---Executing GetFavouritesMasterData() in OrdersService----
2024-08-30 06:02:24,546 [34] DEBUG LTCPro.ServiceLayer.Log4net - ---Executed Successfully GetOrderStockDetails() in OrdersController----
2024-08-30 06:02:24,549 [87] DEBUG LTCPro.ServiceLayer.Log4net - ---Executed Successfully GetFavouritesMasterData() in OrdersController----
2024-08-30 06:03:13,999 [27] DEBUG LTCPro.ServiceLayer.Log4net - ---Executing GetUserToken() in UserService----
2024-08-30 06:03:14,212 [27] DEBUG LTCPro.ServiceLayer.Log4net - ---Executing GetPhysicianDropData() in OrdersController----
2024-08-30 06:03:14,212 [27] DEBUG LTCPro.ServiceLayer.Log4net - ---Executing GetPhysicianDropData() in OrdersService----
2024-08-30 06:03:14,671 [27] DEBUG LTCPro.ServiceLayer.Log4net - ---Executed Successfully GetPhysicianDropData() in OrdersController----
2024-08-30 06:03:37,528 [87] DEBUG LTCPro.ServiceLayer.Log4net - ---Executing GetUserToken() in UserService----
2024-08-30 06:03:37,737 [87] DEBUG LTCPro.ServiceLayer.Log4net - ---Executing GetNurseNotes() in OrdersController----
2024-08-30 06:03:37,737 [87] DEBUG LTCPro.ServiceLayer.Log4net - ---Executing GetNurseNotes() in OrdersService----
2024-08-30 06:03:38,854 [87] DEBUG LTCPro.ServiceLayer.Log4net - ---Executed Successfully GetNurseNotes() in OrdersController----
2024-08-30 06:04:38,197 [64] DEBUG LTCPro.ServiceLayer.Log4net - ---Executing GetUserToken() in UserService----
2024-08-30 06:04:38,199 [27] DEBUG LTCPro.ServiceLayer.Log4net - ---Executing GetUserToken() in UserService----
2024-08-30 06:04:38,214 [66] DEBUG LTCPro.ServiceLayer.Log4net - ---Executing GetUserToken() in UserService----
2024-08-30 06:04:38,219 [57] DEBUG LTCPro.ServiceLayer.Log4net - ---Executing GetUserToken() in UserService----
2024-08-30 06:04:38,222 [87] DEBUG LTCPro.ServiceLayer.Log4net - ---Executing GetUserToken() in UserService----
2024-08-30 06:04:38,229 [62] DEBUG LTCPro.ServiceLayer.Log4net - ---Executing GetUserToken() in UserService----
2024-08-30 06:04:38,409 [64] DEBUG LTCPro.ServiceLayer.Log4net - ---Executing GetAlertsDetails() in MailboxController----
2024-08-30 06:04:38,409 [64] DEBUG LTCPro.ServiceLayer.Log4net - ---Executing GetAlertsDetails() in MailboxService----
2024-08-30 06:04:38,411 [27] DEBUG LTCPro.ServiceLayer.Log4net - ---Executing GetReadMailsCount() in MailboxController----
2024-08-30 06:04:38,412 [27] DEBUG LTCPro.ServiceLayer.Log4net - ---Executing GetReadMailsCount() in MailboxService----
2024-08-30 06:04:38,425 [66] DEBUG LTCPro.ServiceLayer.Log4net - ---Executing GetUserPassedDueFlag() in UserController----
2024-08-30 06:04:38,426 [66] DEBUG LTCPro.ServiceLayer.Log4net - ---Executing GetUserPassedDueFlag() in UserService----
2024-08-30 06:04:38,429 [57] DEBUG LTCPro.ServiceLayer.Log4net - ---Executing GetOutboundErrorDetails() in CommonController----
2024-08-30 06:04:38,429 [57] DEBUG LTCPro.ServiceLayer.Log4net - ---Executing GetOutboundErrorDetails() in CommonService----
2024-08-30 06:04:38,432 [87] DEBUG LTCPro.ServiceLayer.Log4net - ---Executing GetDueMARAlertData() in EmarController----
2024-08-30 06:04:38,432 [87] DEBUG LTCPro.ServiceLayer.Log4net - ---Executing GetDueMARAlertData() in EmarService----
2024-08-30 06:04:38,438 [62] DEBUG LTCPro.ServiceLayer.Log4net - ---Executing GetPendingDosesList() in CommonController----
2024-08-30 06:04:38,438 [62] DEBUG LTCPro.ServiceLayer.Log4net - ---Executing GetPendingDosesList() in CommonService----
2024-08-30 06:04:38,625 [27] DEBUG LTCPro.ServiceLayer.Log4net - ---Executed successfully GetReadMailsCount() in MailboxController----
2024-08-30 06:04:38,635 [66] DEBUG LTCPro.ServiceLayer.Log4net - ---Executed Successfully GetUserPassedDueFlag() in UserController----
2024-08-30 06:04:38,678 [68] DEBUG LTCPro.ServiceLayer.Log4net - ---Executing GetUserToken() in UserService----
2024-08-30 06:04:38,678 [27] DEBUG LTCPro.ServiceLayer.Log4net - ---Executing GetUserToken() in UserService----
2024-08-30 06:04:38,893 [68] DEBUG LTCPro.ServiceLayer.Log4net - ---Executing GetUserRecentFacNs() in UserController----
2024-08-30 06:04:38,894 [68] DEBUG LTCPro.ServiceLayer.Log4net - ---Executing GetUserRecentFacNs() in UserService----
2024-08-30 06:04:38,895 [27] DEBUG LTCPro.ServiceLayer.Log4net - ---Executing GetUserRecentFacNs() in UserController----
2024-08-30 06:04:38,895 [27] DEBUG LTCPro.ServiceLayer.Log4net - ---Executing GetUserRecentFacNs() in UserService----
2024-08-30 06:04:38,921 [64] DEBUG LTCPro.ServiceLayer.Log4net - ---Executed successfully GetAlertsDetails() in MailboxController----
2024-08-30 06:04:39,142 [64] DEBUG LTCPro.ServiceLayer.Log4net - ---Executing GetUserToken() in UserService----
2024-08-30 06:04:39,322 [68] DEBUG LTCPro.ServiceLayer.Log4net - ---Executed Successfully GetUserRecentFacNs() in UserController----
2024-08-30 06:04:39,324 [27] DEBUG LTCPro.ServiceLayer.Log4net - ---Executed Successfully GetUserRecentFacNs() in UserController----
2024-08-30 06:04:39,343 [68] DEBUG LTCPro.ServiceLayer.Log4net - ---Executing GetUserToken() in UserService----
2024-08-30 06:04:39,351 [27] DEBUG LTCPro.ServiceLayer.Log4net - ---Executing GetUserToken() in UserService----
2024-08-30 06:04:39,355 [64] DEBUG LTCPro.ServiceLayer.Log4net - ---Executing OrderEndingSoonStatus() in OrdersController----
2024-08-30 06:04:39,355 [64] DEBUG LTCPro.ServiceLayer.Log4net - ---Executing OrderEndingSoonStatus() in OrdersService----
2024-08-30 06:04:39,554 [68] DEBUG LTCPro.ServiceLayer.Log4net - ---Executing InsertUserActivityDetails() in CompanyController----
2024-08-30 06:04:39,554 [68] DEBUG LTCPro.ServiceLayer.Log4net - ---Executing InsertUserActivityDetails() in UserActivityService----
2024-08-30 06:04:39,560 [27] DEBUG LTCPro.ServiceLayer.Log4net - ---Executing GetUserAccessFacilityNurseStaions() in FacilityController----
2024-08-30 06:04:39,561 [27] DEBUG LTCPro.ServiceLayer.Log4net - ---Executing GetUserAccessFacilityNurseStaions() in FacilityService----
2024-08-30 06:04:39,798 [64] DEBUG LTCPro.ServiceLayer.Log4net - ---Executed Successfully OrderEndingSoonStatus() in OrdersController----
2024-08-30 06:04:39,809 [60] DEBUG LTCPro.ServiceLayer.Log4net - ---Executing GetUserToken() in UserService----
2024-08-30 06:04:39,991 [27] DEBUG LTCPro.ServiceLayer.Log4net - ---Executed Successfully GetUserAccessFacilityNurseStaions() in FacilityController----
2024-08-30 06:04:40,014 [27] DEBUG LTCPro.ServiceLayer.Log4net - ---Executing GetUserToken() in UserService----
2024-08-30 06:04:40,018 [60] DEBUG LTCPro.ServiceLayer.Log4net - ---Executing GetUserAccessFacilityNurseStaions() in FacilityController----
2024-08-30 06:04:40,018 [60] DEBUG LTCPro.ServiceLayer.Log4net - ---Executing GetUserAccessFacilityNurseStaions() in FacilityService----
2024-08-30 06:04:40,197 [68] DEBUG LTCPro.ServiceLayer.Log4net - ---Executed Successfully InsertUserActivityDetails() in CompanyController----
2024-08-30 06:04:40,210 [87] DEBUG LTCPro.ServiceLayer.Log4net - ---Executed Successfully GetDueMARAlertData() in EmarController----
2024-08-30 06:04:40,226 [27] DEBUG LTCPro.ServiceLayer.Log4net - ---Executing UserNurseStationDrop() in FacilityController----
2024-08-30 06:04:40,226 [27] DEBUG LTCPro.ServiceLayer.Log4net - ---Executing UserNurseStationDrop() in FacilityService----
2024-08-30 06:04:40,439 [27] DEBUG LTCPro.ServiceLayer.Log4net - ---Executed Successfully UserNurseStationDrop() in FacilityController----
2024-08-30 06:04:40,444 [60] DEBUG LTCPro.ServiceLayer.Log4net - ---Executed Successfully GetUserAccessFacilityNurseStaions() in FacilityController----
2024-08-30 06:04:40,475 [87] DEBUG LTCPro.ServiceLayer.Log4net - ---Executing GetUserToken() in UserService----
2024-08-30 06:04:40,493 [64] DEBUG LTCPro.ServiceLayer.Log4net - ---Executing GetUserToken() in UserService----
2024-08-30 06:04:40,668 [66] DEBUG LTCPro.ServiceLayer.Log4net - ---Executing GetUserToken() in UserService----
2024-08-30 06:04:40,678 [60] DEBUG LTCPro.ServiceLayer.Log4net - ---Executing GetUserToken() in UserService----
2024-08-30 06:04:40,686 [87] DEBUG LTCPro.ServiceLayer.Log4net - ---Executing GetCompanyToBedFlagByFacId() in FacilityController----
2024-08-30 06:04:40,686 [87] DEBUG LTCPro.ServiceLayer.Log4net - ---Executing GetCompanyToBedFlagByFacId() in FacilityService----
2024-08-30 06:04:40,702 [64] DEBUG LTCPro.ServiceLayer.Log4net - ---Executing GetPRNDetailsByfilter() in EMARController----
2024-08-30 06:04:40,702 [64] DEBUG LTCPro.ServiceLayer.Log4net - ---Executing GetPRNDetailsByfilter() in EmarService----
2024-08-30 06:04:40,885 [66] DEBUG LTCPro.ServiceLayer.Log4net - ---Executing OrderEndingSoonStatus() in OrdersController----
2024-08-30 06:04:40,885 [66] DEBUG LTCPro.ServiceLayer.Log4net - ---Executing OrderEndingSoonStatus() in OrdersService----
2024-08-30 06:04:40,890 [60] DEBUG LTCPro.ServiceLayer.Log4net - ---Executing GetOrdersEndingSoon() in OrdersController----
2024-08-30 06:04:40,890 [60] DEBUG LTCPro.ServiceLayer.Log4net - ---Executing GetOrdersEndingSoon() in OrdersService----
2024-08-30 06:04:41,289 [66] DEBUG LTCPro.ServiceLayer.Log4net - ---Executed Successfully OrderEndingSoonStatus() in OrdersController----
2024-08-30 06:04:41,311 [65] DEBUG LTCPro.ServiceLayer.Log4net - ---Executing GetUserToken() in UserService----
2024-08-30 06:04:41,415 [60] DEBUG LTCPro.ServiceLayer.Log4net - ---Executed Successfully GetOrdersEndingSoon() in OrdersController----
2024-08-30 06:04:41,544 [62] DEBUG LTCPro.ServiceLayer.Log4net - ---Executed Successfully GetPendingDosesList() in CommonController----
2024-08-30 06:04:41,558 [65] DEBUG LTCPro.ServiceLayer.Log4net - ---Executing GetSeventyTwoHourDetailsByfilter() in EMARController----
2024-08-30 06:04:41,558 [65] DEBUG LTCPro.ServiceLayer.Log4net - ---Executing GetSeventyTwoHourDetailsByfilter() in EmarService----
2024-08-30 06:04:41,686 [67] DEBUG LTCPro.ServiceLayer.Log4net - ---Executing GetUserToken() in UserService----
2024-08-30 06:04:41,898 [67] DEBUG LTCPro.ServiceLayer.Log4net - ---Executing GetOrdersGridData() in OrdersController----
2024-08-30 06:04:41,898 [67] DEBUG LTCPro.ServiceLayer.Log4net - ---Executing GetOrdersGridData() in OrdersService----
2024-08-30 06:04:41,995 [87] DEBUG LTCPro.ServiceLayer.Log4net - ---Executed Successfully GetCompanyToBedFlagByFacId() in FacilityController----
2024-08-30 06:04:42,059 [87] DEBUG LTCPro.ServiceLayer.Log4net - ---Executing GetUserToken() in UserService----
2024-08-30 06:04:42,274 [87] DEBUG LTCPro.ServiceLayer.Log4net - ---Executing GetNurseStationHierarchyDetailsbyNsId() in CompanyController----
2024-08-30 06:04:42,274 [87] DEBUG LTCPro.ServiceLayer.Log4net - ---Executing GetNurseStationHierarchyDetailsbyNsId() in CompanyService----
2024-08-30 06:04:42,485 [87] DEBUG LTCPro.ServiceLayer.Log4net - ---Executed Successfully GetNurseStationHierarchyDetailsbyNsId() in CompanyController----
2024-08-30 06:04:43,746 [67] DEBUG LTCPro.ServiceLayer.Log4net - ---Executed Successfully GetOrdersGridData() in OrdersController----
2024-08-30 06:04:43,956 [27] DEBUG LTCPro.ServiceLayer.Log4net - ---Executing GetUserToken() in UserService----
2024-08-30 06:04:44,169 [27] DEBUG LTCPro.ServiceLayer.Log4net - ---Executing GetPendingOrdersGridData() in OrdersController----
2024-08-30 06:04:44,169 [27] DEBUG LTCPro.ServiceLayer.Log4net - ---Executing GetPendingOrdersGridData() in OrdersService----
2024-08-30 06:04:45,960 [27] DEBUG LTCPro.ServiceLayer.Log4net - ---Executed Successfully GetPendingOrdersGridData() in OrdersController----
2024-08-30 06:04:47,816 [57] DEBUG LTCPro.ServiceLayer.Log4net - ---Executed Successfully GetOutboundErrorDetails() in CommonController----
2024-08-30 06:04:53,902 [64] DEBUG LTCPro.ServiceLayer.Log4net - ---Executed Successfully GetPRNDetailsByfilter() in EMARController----
2024-08-30 06:04:54,131 [65] DEBUG LTCPro.ServiceLayer.Log4net - ---Executed Successfully GetSeventyTwoHourDetailsByfilter() in EMARController----
2024-08-30 06:05:24,363 [60] DEBUG LTCPro.ServiceLayer.Log4net - ---Executing GetUserToken() in UserService----
2024-08-30 06:05:24,573 [60] DEBUG LTCPro.ServiceLayer.Log4net - ---Executing GetOrdersGridDataByPatientId() in OrdersController----
2024-08-30 06:05:24,573 [60] DEBUG LTCPro.ServiceLayer.Log4net - ---Executing GetOrdersGridDataByPatientId() in OrdersService----
2024-08-30 06:05:25,047 [60] DEBUG LTCPro.ServiceLayer.Log4net - ---Executed Successfully GetOrdersGridDataByPatientId() in OrdersController----
2024-08-30 06:05:28,521 [25] DEBUG LTCPro.ServiceLayer.Log4net - ---Executing GetUserToken() in UserService----
2024-08-30 06:05:28,720 [68] DEBUG LTCPro.ServiceLayer.Log4net - ---Executing GetUserToken() in UserService----
2024-08-30 06:05:28,731 [25] DEBUG LTCPro.ServiceLayer.Log4net - ---Executing GetFacilityNSResidentsDataByPId() in ResidentDemographicController----
2024-08-30 06:05:28,731 [25] DEBUG LTCPro.ServiceLayer.Log4net - ---Executing GetFacilityNSResidentsDataByPId() in ResidentDemographicService----
2024-08-30 06:05:28,936 [68] DEBUG LTCPro.ServiceLayer.Log4net - ---Executing GetNurseNotes() in OrdersController----
2024-08-30 06:05:28,936 [68] DEBUG LTCPro.ServiceLayer.Log4net - ---Executing GetNurseNotes() in OrdersService----
2024-08-30 06:05:30,057 [68] DEBUG LTCPro.ServiceLayer.Log4net - ---Executed Successfully GetNurseNotes() in OrdersController----
2024-08-30 06:05:30,197 [25] DEBUG LTCPro.ServiceLayer.Log4net - ---Executed Successfully GetFacilityNSResidentsDataByPId() in ResidentDemographicController----
2024-08-30 06:05:30,329 [77] DEBUG LTCPro.ServiceLayer.Log4net - ---Executing GetUserToken() in UserService----
2024-08-30 06:05:30,331 [86] DEBUG LTCPro.ServiceLayer.Log4net - ---Executing GetUserToken() in UserService----
2024-08-30 06:05:30,403 [25] DEBUG LTCPro.ServiceLayer.Log4net - ---Executing GetUserToken() in UserService----
2024-08-30 06:05:30,562 [86] DEBUG LTCPro.ServiceLayer.Log4net - ---Executing GetResidentInformation() in ResidentDemographicController----
2024-08-30 06:05:30,562 [86] DEBUG LTCPro.ServiceLayer.Log4net - ---Executing GetResidentInformation() in ResidentDemographicService----
2024-08-30 06:05:30,568 [77] DEBUG LTCPro.ServiceLayer.Log4net - ---Executing GetAllBarcodes() in StockEkitController----
2024-08-30 06:05:30,568 [77] DEBUG LTCPro.ServiceLayer.Log4net - ---Executing GetAllBarcodes() in StockEkitService----
2024-08-30 06:05:30,617 [25] DEBUG LTCPro.ServiceLayer.Log4net - ---Executing GetDrFirstFlagForCompanyByNSId() in CompanyController----
2024-08-30 06:05:30,617 [25] DEBUG LTCPro.ServiceLayer.Log4net - ---Executing GetDrFirstFlagForCompanyByNSId() in CompanyService----
2024-08-30 06:05:30,630 [65] DEBUG LTCPro.ServiceLayer.Log4net - ---Executing GetUserToken() in UserService----
2024-08-30 06:05:30,640 [68] DEBUG LTCPro.ServiceLayer.Log4net - ---Executing GetUserToken() in UserService----
2024-08-30 06:05:30,841 [25] DEBUG LTCPro.ServiceLayer.Log4net - ---Executed Successfully GetDrFirstFlagForCompanyByNSId() in CompanyController----
2024-08-30 06:05:30,841 [65] DEBUG LTCPro.ServiceLayer.Log4net - ---Executing GetPhysicianDropData() in OrdersController----
2024-08-30 06:05:30,841 [65] DEBUG LTCPro.ServiceLayer.Log4net - ---Executing GetPhysicianDropData() in OrdersService----
2024-08-30 06:05:30,850 [68] DEBUG LTCPro.ServiceLayer.Log4net - ---Executing GetOrderRoutes() in OrdersController----
2024-08-30 06:05:30,851 [68] DEBUG LTCPro.ServiceLayer.Log4net - ---Executing GetOrderRoutes() in OrdersService----
2024-08-30 06:05:30,867 [25] DEBUG LTCPro.ServiceLayer.Log4net - ---Executing GetUserToken() in UserService----
2024-08-30 06:05:31,061 [68] DEBUG LTCPro.ServiceLayer.Log4net - ---Executed Successfully GetOrderRoutes() in OrdersController----
2024-08-30 06:05:31,082 [25] DEBUG LTCPro.ServiceLayer.Log4net - ---Executing GetTimeZoneDate() in CommonController----
2024-08-30 06:05:31,082 [25] DEBUG LTCPro.ServiceLayer.Log4net - ---Executing GetTimeZoneDate() in CommonService----
2024-08-30 06:05:31,293 [77] DEBUG LTCPro.ServiceLayer.Log4net - ---Executed Successfully GetAllBarcodes() in StockEkitController----
2024-08-30 06:05:31,296 [65] DEBUG LTCPro.ServiceLayer.Log4net - ---Executed Successfully GetPhysicianDropData() in OrdersController----
2024-08-30 06:05:31,301 [25] DEBUG LTCPro.ServiceLayer.Log4net - ---Executed Successfully GetTimeZoneDate() in CommonController----
2024-08-30 06:05:33,927 [86] DEBUG LTCPro.ServiceLayer.Log4net - ---Executed Successfully GetResidentInformation() in ResidentDemographicController----
2024-08-30 06:05:34,030 [65] DEBUG LTCPro.ServiceLayer.Log4net - ---Executing GetUserToken() in UserService----
2024-08-30 06:05:34,088 [88] DEBUG LTCPro.ServiceLayer.Log4net - ---Executing GetUserToken() in UserService----
2024-08-30 06:05:34,096 [86] DEBUG LTCPro.ServiceLayer.Log4net - ---Executing GetUserToken() in UserService----
2024-08-30 06:05:34,240 [65] DEBUG LTCPro.ServiceLayer.Log4net - ---Executing GetPatientType() in ResidentDemographicController----
2024-08-30 06:05:34,240 [65] DEBUG LTCPro.ServiceLayer.Log4net - ---Executing GetPatientType() in EmarService----
2024-08-30 06:05:34,296 [60] DEBUG LTCPro.ServiceLayer.Log4net - ---Executing GetUserToken() in UserService----
2024-08-30 06:05:34,307 [88] DEBUG LTCPro.ServiceLayer.Log4net - ---Executing GetWeightList(Patient_Id) in AssessmentController----
2024-08-30 06:05:34,307 [88] DEBUG LTCPro.ServiceLayer.Log4net - ---Executing GetWeightList() in AssessmentService----
2024-08-30 06:05:34,307 [86] DEBUG LTCPro.ServiceLayer.Log4net - ---Executing GetDrFirstOrderCheck() in DrFirstIntegrationController----
2024-08-30 06:05:34,307 [86] DEBUG LTCPro.ServiceLayer.Log4net - ---Executing GetDrFirstOrderCheck() in DrFirstIntegrationService----
2024-08-30 06:05:34,352 [68] DEBUG LTCPro.ServiceLayer.Log4net - ---Executing GetUserToken() in UserService----
2024-08-30 06:05:34,451 [65] DEBUG LTCPro.ServiceLayer.Log4net - ---Executed Successfully GetPatientType() in ResidentDemographicController----
2024-08-30 06:05:34,505 [60] DEBUG LTCPro.ServiceLayer.Log4net - ---Executing GetDiagnosisDetails() in OrdersController----
2024-08-30 06:05:34,506 [60] DEBUG LTCPro.ServiceLayer.Log4net - ---Executing GetDiagnosisDetails() in OrdersService----
2024-08-30 06:05:34,517 [86] DEBUG LTCPro.ServiceLayer.Log4net - ---Executed Successfully GetDrFirstOrderCheck() in DrFirstIntegrationController----
2024-08-30 06:05:34,563 [68] DEBUG LTCPro.ServiceLayer.Log4net - ---Executing GetOrderGridData() in OrdersController----
2024-08-30 06:05:34,563 [68] DEBUG LTCPro.ServiceLayer.Log4net - ---Executing GetOrderGridData() in OrdersService----
2024-08-30 06:05:34,857 [68] DEBUG LTCPro.ServiceLayer.Log4net - ---Executed Successfully GetOrderGridData() in OrdersController----
2024-08-30 06:05:34,893 [65] DEBUG LTCPro.ServiceLayer.Log4net - ---Executing GetUserToken() in UserService----
2024-08-30 06:05:35,111 [65] DEBUG LTCPro.ServiceLayer.Log4net - ---Executing GetAllBarcodes() in StockEkitController----
2024-08-30 06:05:35,111 [65] DEBUG LTCPro.ServiceLayer.Log4net - ---Executing GetAllBarcodes() in StockEkitService----
2024-08-30 06:05:35,155 [68] DEBUG LTCPro.ServiceLayer.Log4net - ---Executing GetUserToken() in UserService----
2024-08-30 06:05:35,172 [25] DEBUG LTCPro.ServiceLayer.Log4net - ---Executing GetUserToken() in UserService----
2024-08-30 06:05:35,187 [60] DEBUG LTCPro.ServiceLayer.Log4net - ---Executed Successfully GetDiagnosisDetails() in OrdersController----
2024-08-30 06:05:35,208 [88] DEBUG LTCPro.ServiceLayer.Log4net - ---Executed Successfully GetWeightList(Patient_Id) in AssessmentController----
2024-08-30 06:05:35,364 [68] DEBUG LTCPro.ServiceLayer.Log4net - ---Executing GetOrderGridData() in OrdersController----
2024-08-30 06:05:35,364 [68] DEBUG LTCPro.ServiceLayer.Log4net - ---Executing GetOrderGridData() in OrdersService----
2024-08-30 06:05:35,382 [25] DEBUG LTCPro.ServiceLayer.Log4net - ---Executing GetOrdersData() in OrdersController----
2024-08-30 06:05:35,382 [25] DEBUG LTCPro.ServiceLayer.Log4net - ---Executing GetOrdersData() in OrdersService----
2024-08-30 06:05:35,605 [25] DEBUG LTCPro.ServiceLayer.Log4net - ---Executed Successfully GetOrdersData() in OrdersController----
2024-08-30 06:05:38,404 [68] DEBUG LTCPro.ServiceLayer.Log4net - ---Executed Successfully GetOrderGridData() in OrdersController----
2024-08-30 06:05:38,624 [65] DEBUG LTCPro.ServiceLayer.Log4net - ---Executed Successfully GetAllBarcodes() in StockEkitController----
2024-08-30 06:05:38,955 [77] DEBUG LTCPro.ServiceLayer.Log4net - ---Executing GetUserToken() in UserService----
2024-08-30 06:05:38,958 [88] DEBUG LTCPro.ServiceLayer.Log4net - ---Executing GetUserToken() in UserService----
2024-08-30 06:05:38,993 [25] DEBUG LTCPro.ServiceLayer.Log4net - ---Executing GetUserToken() in UserService----
2024-08-30 06:05:39,019 [68] DEBUG LTCPro.ServiceLayer.Log4net - ---Executing GetUserToken() in UserService----
2024-08-30 06:05:39,163 [77] DEBUG LTCPro.ServiceLayer.Log4net - ---Executing GetFavouritesMasterData() in OrdersController----
2024-08-30 06:05:39,163 [77] DEBUG LTCPro.ServiceLayer.Log4net - ---Executing GetFavouritesMasterData() in OrdersService----
2024-08-30 06:05:39,166 [88] DEBUG LTCPro.ServiceLayer.Log4net - ---Executing GetOrderStockDetails() in OrdersController----
2024-08-30 06:05:39,166 [88] DEBUG LTCPro.ServiceLayer.Log4net - ---Executing GetOrderStockDetails() in OrdersService----
2024-08-30 06:05:39,201 [25] DEBUG LTCPro.ServiceLayer.Log4net - ---Executing GetPhysicianDropData() in OrdersController----
2024-08-30 06:05:39,201 [25] DEBUG LTCPro.ServiceLayer.Log4net - ---Executing GetPhysicianDropData() in OrdersService----
2024-08-30 06:05:39,228 [68] DEBUG LTCPro.ServiceLayer.Log4net - ---Executing GetNurseNotes() in OrdersController----
2024-08-30 06:05:39,228 [68] DEBUG LTCPro.ServiceLayer.Log4net - ---Executing GetNurseNotes() in OrdersService----
2024-08-30 06:05:39,376 [88] DEBUG LTCPro.ServiceLayer.Log4net - ---Executed Successfully GetOrderStockDetails() in OrdersController----
2024-08-30 06:05:39,377 [77] DEBUG LTCPro.ServiceLayer.Log4net - ---Executed Successfully GetFavouritesMasterData() in OrdersController----
2024-08-30 06:05:39,655 [25] DEBUG LTCPro.ServiceLayer.Log4net - ---Executed Successfully GetPhysicianDropData() in OrdersController----
2024-08-30 06:05:40,352 [68] DEBUG LTCPro.ServiceLayer.Log4net - ---Executed Successfully GetNurseNotes() in OrdersController----
2024-08-30 06:06:05,742 [59] DEBUG LTCPro.ServiceLayer.Log4net - ---Executing GetUserToken() in UserService----
2024-08-30 06:06:05,951 [59] DEBUG LTCPro.ServiceLayer.Log4net - ---Executing GetOrdersData() in OrdersController----
2024-08-30 06:06:05,951 [59] DEBUG LTCPro.ServiceLayer.Log4net - ---Executing GetOrdersData() in OrdersService----
2024-08-30 06:06:06,176 [59] DEBUG LTCPro.ServiceLayer.Log4net - ---Executed Successfully GetOrdersData() in OrdersController----
2024-08-30 06:06:09,010 [86] DEBUG LTCPro.ServiceLayer.Log4net - ---Executing GetUserToken() in UserService----
2024-08-30 06:06:09,088 [25] DEBUG LTCPro.ServiceLayer.Log4net - ---Executing GetUserToken() in UserService----
2024-08-30 06:06:09,104 [68] DEBUG LTCPro.ServiceLayer.Log4net - ---Executing GetUserToken() in UserService----
2024-08-30 06:06:09,122 [77] DEBUG LTCPro.ServiceLayer.Log4net - ---Executing GetUserToken() in UserService----
2024-08-30 06:06:09,225 [86] DEBUG LTCPro.ServiceLayer.Log4net - ---Executing GetFavouritesMasterData() in OrdersController----
2024-08-30 06:06:09,225 [86] DEBUG LTCPro.ServiceLayer.Log4net - ---Executing GetFavouritesMasterData() in OrdersService----
2024-08-30 06:06:09,298 [25] DEBUG LTCPro.ServiceLayer.Log4net - ---Executing GetOrderStockDetails() in OrdersController----
2024-08-30 06:06:09,299 [25] DEBUG LTCPro.ServiceLayer.Log4net - ---Executing GetOrderStockDetails() in OrdersService----
2024-08-30 06:06:09,314 [68] DEBUG LTCPro.ServiceLayer.Log4net - ---Executing GetPhysicianDropData() in OrdersController----
2024-08-30 06:06:09,314 [68] DEBUG LTCPro.ServiceLayer.Log4net - ---Executing GetPhysicianDropData() in OrdersService----
2024-08-30 06:06:09,331 [77] DEBUG LTCPro.ServiceLayer.Log4net - ---Executing GetNurseNotes() in OrdersController----
2024-08-30 06:06:09,331 [77] DEBUG LTCPro.ServiceLayer.Log4net - ---Executing GetNurseNotes() in OrdersService----
2024-08-30 06:06:09,445 [86] DEBUG LTCPro.ServiceLayer.Log4net - ---Executed Successfully GetFavouritesMasterData() in OrdersController----
2024-08-30 06:06:09,525 [25] DEBUG LTCPro.ServiceLayer.Log4net - ---Executed Successfully GetOrderStockDetails() in OrdersController----
2024-08-30 06:06:09,751 [68] DEBUG LTCPro.ServiceLayer.Log4net - ---Executed Successfully GetPhysicianDropData() in OrdersController----
2024-08-30 06:06:10,440 [77] DEBUG LTCPro.ServiceLayer.Log4net - ---Executed Successfully GetNurseNotes() in OrdersController----
2024-08-30 06:08:16,183 [25] DEBUG LTCPro.ServiceLayer.Log4net - ---Executing GetUserToken() in UserService----
2024-08-30 06:08:16,190 [86] DEBUG LTCPro.ServiceLayer.Log4net - ---Executing GetUserToken() in UserService----
2024-08-30 06:08:16,200 [58] DEBUG LTCPro.ServiceLayer.Log4net - ---Executing GetUserToken() in UserService----
2024-08-30 06:08:16,204 [85] DEBUG LTCPro.ServiceLayer.Log4net - ---Executing GetUserToken() in UserService----
2024-08-30 06:08:16,414 [86] DEBUG LTCPro.ServiceLayer.Log4net - ---Executing GetOutboundErrorDetails() in CommonController----
2024-08-30 06:08:16,414 [86] DEBUG LTCPro.ServiceLayer.Log4net - ---Executing GetOutboundErrorDetails() in CommonService----
2024-08-30 06:08:16,415 [25] DEBUG LTCPro.ServiceLayer.Log4net - ---Executing GetAlertsDetails() in MailboxController----
2024-08-30 06:08:16,415 [25] DEBUG LTCPro.ServiceLayer.Log4net - ---Executing GetAlertsDetails() in MailboxService----
2024-08-30 06:08:16,415 [85] DEBUG LTCPro.ServiceLayer.Log4net - ---Executing GetDueMARAlertData() in EmarController----
2024-08-30 06:08:16,415 [85] DEBUG LTCPro.ServiceLayer.Log4net - ---Executing GetDueMARAlertData() in EmarService----
2024-08-30 06:08:16,417 [58] DEBUG LTCPro.ServiceLayer.Log4net - ---Executing GetReadMailsCount() in MailboxController----
2024-08-30 06:08:16,417 [58] DEBUG LTCPro.ServiceLayer.Log4net - ---Executing GetReadMailsCount() in MailboxService----
2024-08-30 06:08:16,630 [58] DEBUG LTCPro.ServiceLayer.Log4net - ---Executed successfully GetReadMailsCount() in MailboxController----
2024-08-30 06:08:16,647 [58] DEBUG LTCPro.ServiceLayer.Log4net - ---Executing GetUserToken() in UserService----
2024-08-30 06:08:16,870 [58] DEBUG LTCPro.ServiceLayer.Log4net - ---Executing GetPendingDosesList() in CommonController----
2024-08-30 06:08:16,870 [58] DEBUG LTCPro.ServiceLayer.Log4net - ---Executing GetPendingDosesList() in CommonService----
2024-08-30 06:08:16,925 [25] DEBUG LTCPro.ServiceLayer.Log4net - ---Executed successfully GetAlertsDetails() in MailboxController----
2024-08-30 06:08:16,986 [25] DEBUG LTCPro.ServiceLayer.Log4net - ---Executing GetUserToken() in UserService----
2024-08-30 06:08:17,199 [25] DEBUG LTCPro.ServiceLayer.Log4net - ---Executing GetUserPassedDueFlag() in UserController----
2024-08-30 06:08:17,199 [25] DEBUG LTCPro.ServiceLayer.Log4net - ---Executing GetUserPassedDueFlag() in UserService----
2024-08-30 06:08:17,408 [25] DEBUG LTCPro.ServiceLayer.Log4net - ---Executed Successfully GetUserPassedDueFlag() in UserController----
2024-08-30 06:08:17,431 [25] DEBUG LTCPro.ServiceLayer.Log4net - ---Executing GetUserToken() in UserService----
2024-08-30 06:08:17,640 [25] DEBUG LTCPro.ServiceLayer.Log4net - ---Executing GetUserRecentFacNs() in UserController----
2024-08-30 06:08:17,640 [25] DEBUG LTCPro.ServiceLayer.Log4net - ---Executing GetUserRecentFacNs() in UserService----
2024-08-30 06:08:17,718 [85] DEBUG LTCPro.ServiceLayer.Log4net - ---Executed Successfully GetDueMARAlertData() in EmarController----
2024-08-30 06:08:17,773 [5] DEBUG LTCPro.ServiceLayer.Log4net - ---Executing GetUserToken() in UserService----
2024-08-30 06:08:17,777 [85] DEBUG LTCPro.ServiceLayer.Log4net - ---Executing GetUserToken() in UserService----
2024-08-30 06:08:17,977 [4] DEBUG LTCPro.ServiceLayer.Log4net - ---Executing GetUserToken() in UserService----
2024-08-30 06:08:17,986 [85] DEBUG LTCPro.ServiceLayer.Log4net - ---Executing GetUserRecentFacNs() in UserController----
2024-08-30 06:08:17,986 [85] DEBUG LTCPro.ServiceLayer.Log4net - ---Executing GetUserRecentFacNs() in UserService----
2024-08-30 06:08:17,988 [5] DEBUG LTCPro.ServiceLayer.Log4net - ---Executing InsertUserActivityDetails() in CompanyController----
2024-08-30 06:08:17,988 [5] DEBUG LTCPro.ServiceLayer.Log4net - ---Executing InsertUserActivityDetails() in UserActivityService----
2024-08-30 06:08:18,062 [25] DEBUG LTCPro.ServiceLayer.Log4net - ---Executed Successfully GetUserRecentFacNs() in UserController----
2024-08-30 06:08:18,087 [25] DEBUG LTCPro.ServiceLayer.Log4net - ---Executing GetUserToken() in UserService----
2024-08-30 06:08:18,189 [4] DEBUG LTCPro.ServiceLayer.Log4net - ---Executing OrderEndingSoonStatus() in OrdersController----
2024-08-30 06:08:18,189 [4] DEBUG LTCPro.ServiceLayer.Log4net - ---Executing OrderEndingSoonStatus() in OrdersService----
2024-08-30 06:08:18,315 [25] DEBUG LTCPro.ServiceLayer.Log4net - ---Executing GetUserAccessFacilityNurseStaions() in FacilityController----
2024-08-30 06:08:18,315 [25] DEBUG LTCPro.ServiceLayer.Log4net - ---Executing GetUserAccessFacilityNurseStaions() in FacilityService----
2024-08-30 06:08:18,423 [85] DEBUG LTCPro.ServiceLayer.Log4net - ---Executed Successfully GetUserRecentFacNs() in UserController----
2024-08-30 06:08:18,625 [4] DEBUG LTCPro.ServiceLayer.Log4net - ---Executed Successfully OrderEndingSoonStatus() in OrdersController----
2024-08-30 06:08:18,731 [5] DEBUG LTCPro.ServiceLayer.Log4net - ---Executed Successfully InsertUserActivityDetails() in CompanyController----
2024-08-30 06:08:18,872 [25] DEBUG LTCPro.ServiceLayer.Log4net - ---Executed Successfully GetUserAccessFacilityNurseStaions() in FacilityController----
2024-08-30 06:08:19,865 [58] DEBUG LTCPro.ServiceLayer.Log4net - ---Executed Successfully GetPendingDosesList() in CommonController----
2024-08-30 06:08:25,536 [86] DEBUG LTCPro.ServiceLayer.Log4net - ---Executed Successfully GetOutboundErrorDetails() in CommonController----
2024-08-30 06:08:30,418 [85] DEBUG LTCPro.ServiceLayer.Log4net - ---Executing GetUserToken() in UserService----
2024-08-30 06:08:30,418 [58] DEBUG LTCPro.ServiceLayer.Log4net - ---Executing GetUserToken() in UserService----
2024-08-30 06:08:30,424 [4] DEBUG LTCPro.ServiceLayer.Log4net - ---Executing GetUserToken() in UserService----
2024-08-30 06:08:30,433 [67] DEBUG LTCPro.ServiceLayer.Log4net - ---Executing GetUserToken() in UserService----
2024-08-30 06:08:30,555 [25] DEBUG LTCPro.ServiceLayer.Log4net - ---Executing GetUserToken() in UserService----
2024-08-30 06:08:30,555 [5] DEBUG LTCPro.ServiceLayer.Log4net - ---Executing GetUserToken() in UserService----
2024-08-30 06:08:30,631 [58] DEBUG LTCPro.ServiceLayer.Log4net - ---Executing GetOutboundErrorDetails() in CommonController----
2024-08-30 06:08:30,631 [58] DEBUG LTCPro.ServiceLayer.Log4net - ---Executing GetOutboundErrorDetails() in CommonService----
2024-08-30 06:08:30,634 [85] DEBUG LTCPro.ServiceLayer.Log4net - ---Executing GetAlertsDetails() in MailboxController----
2024-08-30 06:08:30,634 [85] DEBUG LTCPro.ServiceLayer.Log4net - ---Executing GetAlertsDetails() in MailboxService----
2024-08-30 06:08:30,643 [67] DEBUG LTCPro.ServiceLayer.Log4net - ---Executing GetDueMARAlertData() in EmarController----
2024-08-30 06:08:30,643 [67] DEBUG LTCPro.ServiceLayer.Log4net - ---Executing GetDueMARAlertData() in EmarService----
2024-08-30 06:08:30,740 [4] DEBUG LTCPro.ServiceLayer.Log4net - ---Executing GetUserPassedDueFlag() in UserController----
2024-08-30 06:08:30,740 [4] DEBUG LTCPro.ServiceLayer.Log4net - ---Executing GetUserPassedDueFlag() in UserService----
2024-08-30 06:08:30,765 [5] DEBUG LTCPro.ServiceLayer.Log4net - ---Executing GetReadMailsCount() in MailboxController----
2024-08-30 06:08:30,765 [5] DEBUG LTCPro.ServiceLayer.Log4net - ---Executing GetReadMailsCount() in MailboxService----
2024-08-30 06:08:30,766 [25] DEBUG LTCPro.ServiceLayer.Log4net - ---Executing GetPendingDosesList() in CommonController----
2024-08-30 06:08:30,766 [25] DEBUG LTCPro.ServiceLayer.Log4net - ---Executing GetPendingDosesList() in CommonService----
2024-08-30 06:08:30,954 [4] DEBUG LTCPro.ServiceLayer.Log4net - ---Executed Successfully GetUserPassedDueFlag() in UserController----
2024-08-30 06:08:30,971 [86] DEBUG LTCPro.ServiceLayer.Log4net - ---Executing GetUserToken() in UserService----
2024-08-30 06:08:30,982 [5] DEBUG LTCPro.ServiceLayer.Log4net - ---Executed successfully GetReadMailsCount() in MailboxController----
2024-08-30 06:08:31,000 [4] DEBUG LTCPro.ServiceLayer.Log4net - ---Executing GetUserToken() in UserService----
2024-08-30 06:08:31,143 [85] DEBUG LTCPro.ServiceLayer.Log4net - ---Executed successfully GetAlertsDetails() in MailboxController----
2024-08-30 06:08:31,180 [86] DEBUG LTCPro.ServiceLayer.Log4net - ---Executing GetUserRecentFacNs() in UserController----
2024-08-30 06:08:31,180 [86] DEBUG LTCPro.ServiceLayer.Log4net - ---Executing GetUserRecentFacNs() in UserService----
2024-08-30 06:08:31,210 [4] DEBUG LTCPro.ServiceLayer.Log4net - ---Executing GetUserRecentFacNs() in UserController----
2024-08-30 06:08:31,210 [4] DEBUG LTCPro.ServiceLayer.Log4net - ---Executing GetUserRecentFacNs() in UserService----
2024-08-30 06:08:31,413 [85] DEBUG LTCPro.ServiceLayer.Log4net - ---Executing GetUserToken() in UserService----
2024-08-30 06:08:31,604 [86] DEBUG LTCPro.ServiceLayer.Log4net - ---Executed Successfully GetUserRecentFacNs() in UserController----
2024-08-30 06:08:31,616 [5] DEBUG LTCPro.ServiceLayer.Log4net - ---Executing GetUserToken() in UserService----
2024-08-30 06:08:31,623 [85] DEBUG LTCPro.ServiceLayer.Log4net - ---Executing OrderEndingSoonStatus() in OrdersController----
2024-08-30 06:08:31,623 [85] DEBUG LTCPro.ServiceLayer.Log4net - ---Executing OrderEndingSoonStatus() in OrdersService----
2024-08-30 06:08:31,638 [4] DEBUG LTCPro.ServiceLayer.Log4net - ---Executed Successfully GetUserRecentFacNs() in UserController----
2024-08-30 06:08:31,658 [86] DEBUG LTCPro.ServiceLayer.Log4net - ---Executing GetUserToken() in UserService----
2024-08-30 06:08:31,829 [5] DEBUG LTCPro.ServiceLayer.Log4net - ---Executing InsertUserActivityDetails() in CompanyController----
2024-08-30 06:08:31,829 [5] DEBUG LTCPro.ServiceLayer.Log4net - ---Executing InsertUserActivityDetails() in UserActivityService----
2024-08-30 06:08:31,871 [86] DEBUG LTCPro.ServiceLayer.Log4net - ---Executing GetUserAccessFacilityNurseStaions() in FacilityController----
2024-08-30 06:08:31,872 [86] DEBUG LTCPro.ServiceLayer.Log4net - ---Executing GetUserAccessFacilityNurseStaions() in FacilityService----
2024-08-30 06:08:32,047 [85] DEBUG LTCPro.ServiceLayer.Log4net - ---Executed Successfully OrderEndingSoonStatus() in OrdersController----
2024-08-30 06:08:32,062 [85] DEBUG LTCPro.ServiceLayer.Log4net - ---Executing GetUserToken() in UserService----
2024-08-30 06:08:32,227 [67] DEBUG LTCPro.ServiceLayer.Log4net - ---Executed Successfully GetDueMARAlertData() in EmarController----
2024-08-30 06:08:32,272 [85] DEBUG LTCPro.ServiceLayer.Log4net - ---Executing GetUserAccessFacilityNurseStaions() in FacilityController----
2024-08-30 06:08:32,272 [85] DEBUG LTCPro.ServiceLayer.Log4net - ---Executing GetUserAccessFacilityNurseStaions() in FacilityService----
2024-08-30 06:08:32,290 [86] DEBUG LTCPro.ServiceLayer.Log4net - ---Executed Successfully GetUserAccessFacilityNurseStaions() in FacilityController----
2024-08-30 06:08:32,456 [5] DEBUG LTCPro.ServiceLayer.Log4net - ---Executed Successfully InsertUserActivityDetails() in CompanyController----
2024-08-30 06:08:32,697 [85] DEBUG LTCPro.ServiceLayer.Log4net - ---Executed Successfully GetUserAccessFacilityNurseStaions() in FacilityController----
2024-08-30 06:08:32,723 [85] DEBUG LTCPro.ServiceLayer.Log4net - ---Executing GetUserToken() in UserService----
2024-08-30 06:08:32,936 [85] DEBUG LTCPro.ServiceLayer.Log4net - ---Executing UserNurseStationDrop() in FacilityController----
2024-08-30 06:08:32,936 [85] DEBUG LTCPro.ServiceLayer.Log4net - ---Executing UserNurseStationDrop() in FacilityService----
2024-08-30 06:08:33,146 [85] DEBUG LTCPro.ServiceLayer.Log4net - ---Executed Successfully UserNurseStationDrop() in FacilityController----
2024-08-30 06:08:33,187 [67] DEBUG LTCPro.ServiceLayer.Log4net - ---Executing GetUserToken() in UserService----
2024-08-30 06:08:33,396 [67] DEBUG LTCPro.ServiceLayer.Log4net - ---Executing GetCompanyToBedFlagByFacId() in FacilityController----
2024-08-30 06:08:33,397 [67] DEBUG LTCPro.ServiceLayer.Log4net - ---Executing GetCompanyToBedFlagByFacId() in FacilityService----
2024-08-30 06:08:33,397 [85] DEBUG LTCPro.ServiceLayer.Log4net - ---Executing GetUserToken() in UserService----
2024-08-30 06:08:33,606 [85] DEBUG LTCPro.ServiceLayer.Log4net - ---Executing OrderEndingSoonStatus() in OrdersController----
2024-08-30 06:08:33,606 [85] DEBUG LTCPro.ServiceLayer.Log4net - ---Executing OrderEndingSoonStatus() in OrdersService----
2024-08-30 06:08:33,891 [25] DEBUG LTCPro.ServiceLayer.Log4net - ---Executed Successfully GetPendingDosesList() in CommonController----
2024-08-30 06:08:33,919 [25] DEBUG LTCPro.ServiceLayer.Log4net - ---Executing GetUserToken() in UserService----
2024-08-30 06:08:33,924 [86] DEBUG LTCPro.ServiceLayer.Log4net - ---Executing GetUserToken() in UserService----
2024-08-30 06:08:34,015 [85] DEBUG LTCPro.ServiceLayer.Log4net - ---Executed Successfully OrderEndingSoonStatus() in OrdersController----
2024-08-30 06:08:34,131 [25] DEBUG LTCPro.ServiceLayer.Log4net - ---Executing GetSeventyTwoHourDetailsByfilter() in EMARController----
2024-08-30 06:08:34,131 [25] DEBUG LTCPro.ServiceLayer.Log4net - ---Executing GetSeventyTwoHourDetailsByfilter() in EmarService----
2024-08-30 06:08:34,134 [86] DEBUG LTCPro.ServiceLayer.Log4net - ---Executing GetPRNDetailsByfilter() in EMARController----
2024-08-30 06:08:34,134 [86] DEBUG LTCPro.ServiceLayer.Log4net - ---Executing GetPRNDetailsByfilter() in EmarService----
2024-08-30 06:08:34,311 [85] DEBUG LTCPro.ServiceLayer.Log4net - ---Executing GetUserToken() in UserService----
2024-08-30 06:08:34,522 [85] DEBUG LTCPro.ServiceLayer.Log4net - ---Executing GetOrdersEndingSoon() in OrdersController----
2024-08-30 06:08:34,522 [85] DEBUG LTCPro.ServiceLayer.Log4net - ---Executing GetOrdersEndingSoon() in OrdersService----
2024-08-30 06:08:34,669 [67] DEBUG LTCPro.ServiceLayer.Log4net - ---Executed Successfully GetCompanyToBedFlagByFacId() in FacilityController----
2024-08-30 06:08:34,883 [67] DEBUG LTCPro.ServiceLayer.Log4net - ---Executing GetUserToken() in UserService----
2024-08-30 06:08:35,003 [85] DEBUG LTCPro.ServiceLayer.Log4net - ---Executed Successfully GetOrdersEndingSoon() in OrdersController----
2024-08-30 06:08:35,049 [85] DEBUG LTCPro.ServiceLayer.Log4net - ---Executing GetUserToken() in UserService----
2024-08-30 06:08:35,095 [67] DEBUG LTCPro.ServiceLayer.Log4net - ---Executing GetOrdersGridData() in OrdersController----
2024-08-30 06:08:35,095 [67] DEBUG LTCPro.ServiceLayer.Log4net - ---Executing GetOrdersGridData() in OrdersService----
2024-08-30 06:08:35,258 [85] DEBUG LTCPro.ServiceLayer.Log4net - ---Executing GetNurseStationHierarchyDetailsbyNsId() in CompanyController----
2024-08-30 06:08:35,258 [85] DEBUG LTCPro.ServiceLayer.Log4net - ---Executing GetNurseStationHierarchyDetailsbyNsId() in CompanyService----
2024-08-30 06:08:35,475 [85] DEBUG LTCPro.ServiceLayer.Log4net - ---Executed Successfully GetNurseStationHierarchyDetailsbyNsId() in CompanyController----
2024-08-30 06:08:36,936 [67] DEBUG LTCPro.ServiceLayer.Log4net - ---Executed Successfully GetOrdersGridData() in OrdersController----
2024-08-30 06:08:37,215 [5] DEBUG LTCPro.ServiceLayer.Log4net - ---Executing GetUserToken() in UserService----
2024-08-30 06:08:37,425 [5] DEBUG LTCPro.ServiceLayer.Log4net - ---Executing GetPendingOrdersGridData() in OrdersController----
2024-08-30 06:08:37,426 [5] DEBUG LTCPro.ServiceLayer.Log4net - ---Executing GetPendingOrdersGridData() in OrdersService----
2024-08-30 06:08:39,350 [5] DEBUG LTCPro.ServiceLayer.Log4net - ---Executed Successfully GetPendingOrdersGridData() in OrdersController----
2024-08-30 06:08:39,370 [4] DEBUG LTCPro.ServiceLayer.Log4net - ---Executing GetUserToken() in UserService----
2024-08-30 06:08:39,579 [4] DEBUG LTCPro.ServiceLayer.Log4net - ---Executing GetOrdersGridDataByPatientId() in OrdersController----
2024-08-30 06:08:39,579 [4] DEBUG LTCPro.ServiceLayer.Log4net - ---Executing GetOrdersGridDataByPatientId() in OrdersService----
2024-08-30 06:08:39,827 [58] DEBUG LTCPro.ServiceLayer.Log4net - ---Executed Successfully GetOutboundErrorDetails() in CommonController----
2024-08-30 06:08:40,063 [4] DEBUG LTCPro.ServiceLayer.Log4net - ---Executed Successfully GetOrdersGridDataByPatientId() in OrdersController----
2024-08-30 06:08:45,806 [58] DEBUG LTCPro.ServiceLayer.Log4net - ---Executing GetUserToken() in UserService----
2024-08-30 06:08:46,016 [58] DEBUG LTCPro.ServiceLayer.Log4net - ---Executing GetFacilityNSResidentsDataByPId() in ResidentDemographicController----
2024-08-30 06:08:46,018 [58] DEBUG LTCPro.ServiceLayer.Log4net - ---Executing GetFacilityNSResidentsDataByPId() in ResidentDemographicService----
2024-08-30 06:08:46,026 [5] DEBUG LTCPro.ServiceLayer.Log4net - ---Executing GetUserToken() in UserService----
2024-08-30 06:08:46,235 [5] DEBUG LTCPro.ServiceLayer.Log4net - ---Executing GetNurseNotes() in OrdersController----
2024-08-30 06:08:46,236 [5] DEBUG LTCPro.ServiceLayer.Log4net - ---Executing GetNurseNotes() in OrdersService----
2024-08-30 06:08:46,689 [25] DEBUG LTCPro.ServiceLayer.Log4net - ---Executed Successfully GetSeventyTwoHourDetailsByfilter() in EMARController----
2024-08-30 06:08:47,115 [86] DEBUG LTCPro.ServiceLayer.Log4net - ---Executed Successfully GetPRNDetailsByfilter() in EMARController----
2024-08-30 06:08:47,402 [5] DEBUG LTCPro.ServiceLayer.Log4net - ---Executed Successfully GetNurseNotes() in OrdersController----
2024-08-30 06:08:47,545 [58] DEBUG LTCPro.ServiceLayer.Log4net - ---Executed Successfully GetFacilityNSResidentsDataByPId() in ResidentDemographicController----
2024-08-30 06:08:47,755 [5] DEBUG LTCPro.ServiceLayer.Log4net - ---Executing GetUserToken() in UserService----
2024-08-30 06:08:47,775 [4] DEBUG LTCPro.ServiceLayer.Log4net - ---Executing GetUserToken() in UserService----
2024-08-30 06:08:47,789 [58] DEBUG LTCPro.ServiceLayer.Log4net - ---Executing GetUserToken() in UserService----
2024-08-30 06:08:48,001 [4] DEBUG LTCPro.ServiceLayer.Log4net - ---Executing GetDrFirstFlagForCompanyByNSId() in CompanyController----
2024-08-30 06:08:48,002 [4] DEBUG LTCPro.ServiceLayer.Log4net - ---Executing GetDrFirstFlagForCompanyByNSId() in CompanyService----
2024-08-30 06:08:48,011 [5] DEBUG LTCPro.ServiceLayer.Log4net - ---Executing GetAllBarcodes() in StockEkitController----
2024-08-30 06:08:48,011 [5] DEBUG LTCPro.ServiceLayer.Log4net - ---Executing GetAllBarcodes() in StockEkitService----
2024-08-30 06:08:48,026 [58] DEBUG LTCPro.ServiceLayer.Log4net - ---Executing GetResidentInformation() in ResidentDemographicController----
2024-08-30 06:08:48,026 [58] DEBUG LTCPro.ServiceLayer.Log4net - ---Executing GetResidentInformation() in ResidentDemographicService----
2024-08-30 06:08:48,050 [67] DEBUG LTCPro.ServiceLayer.Log4net - ---Executing GetUserToken() in UserService----
2024-08-30 06:08:48,113 [86] DEBUG LTCPro.ServiceLayer.Log4net - ---Executing GetUserToken() in UserService----
2024-08-30 06:08:48,216 [4] DEBUG LTCPro.ServiceLayer.Log4net - ---Executed Successfully GetDrFirstFlagForCompanyByNSId() in CompanyController----
2024-08-30 06:08:48,248 [4] DEBUG LTCPro.ServiceLayer.Log4net - ---Executing GetUserToken() in UserService----
2024-08-30 06:08:48,260 [67] DEBUG LTCPro.ServiceLayer.Log4net - ---Executing GetPhysicianDropData() in OrdersController----
2024-08-30 06:08:48,260 [67] DEBUG LTCPro.ServiceLayer.Log4net - ---Executing GetPhysicianDropData() in OrdersService----
2024-08-30 06:08:48,326 [86] DEBUG LTCPro.ServiceLayer.Log4net - ---Executing GetOrderRoutes() in OrdersController----
2024-08-30 06:08:48,326 [86] DEBUG LTCPro.ServiceLayer.Log4net - ---Executing GetOrderRoutes() in OrdersService----
2024-08-30 06:08:48,456 [4] DEBUG LTCPro.ServiceLayer.Log4net - ---Executing GetTimeZoneDate() in CommonController----
2024-08-30 06:08:48,456 [4] DEBUG LTCPro.ServiceLayer.Log4net - ---Executing GetTimeZoneDate() in CommonService----
2024-08-30 06:08:48,538 [86] DEBUG LTCPro.ServiceLayer.Log4net - ---Executed Successfully GetOrderRoutes() in OrdersController----
2024-08-30 06:08:48,667 [4] DEBUG LTCPro.ServiceLayer.Log4net - ---Executed Successfully GetTimeZoneDate() in CommonController----
2024-08-30 06:08:48,706 [67] DEBUG LTCPro.ServiceLayer.Log4net - ---Executed Successfully GetPhysicianDropData() in OrdersController----
2024-08-30 06:08:48,765 [5] DEBUG LTCPro.ServiceLayer.Log4net - ---Executed Successfully GetAllBarcodes() in StockEkitController----
2024-08-30 06:08:51,395 [58] DEBUG LTCPro.ServiceLayer.Log4net - ---Executed Successfully GetResidentInformation() in ResidentDemographicController----
2024-08-30 06:08:51,524 [58] DEBUG LTCPro.ServiceLayer.Log4net - ---Executing GetUserToken() in UserService----
2024-08-30 06:08:51,552 [4] DEBUG LTCPro.ServiceLayer.Log4net - ---Executing GetUserToken() in UserService----
2024-08-30 06:08:51,981 [58] DEBUG LTCPro.ServiceLayer.Log4net - ---Executing GetDrFirstOrderCheck() in DrFirstIntegrationController----
2024-08-30 06:08:51,981 [58] DEBUG LTCPro.ServiceLayer.Log4net - ---Executing GetDrFirstOrderCheck() in DrFirstIntegrationService----
2024-08-30 06:08:51,984 [4] DEBUG LTCPro.ServiceLayer.Log4net - ---Executing GetPatientType() in ResidentDemographicController----
2024-08-30 06:08:51,984 [4] DEBUG LTCPro.ServiceLayer.Log4net - ---Executing GetPatientType() in EmarService----
2024-08-30 06:08:52,012 [67] DEBUG LTCPro.ServiceLayer.Log4net - ---Executing GetUserToken() in UserService----
2024-08-30 06:08:52,027 [5] DEBUG LTCPro.ServiceLayer.Log4net - ---Executing GetUserToken() in UserService----
2024-08-30 06:08:52,197 [58] DEBUG LTCPro.ServiceLayer.Log4net - ---Executed Successfully GetDrFirstOrderCheck() in DrFirstIntegrationController----
2024-08-30 06:08:52,199 [4] DEBUG LTCPro.ServiceLayer.Log4net - ---Executed Successfully GetPatientType() in ResidentDemographicController----
2024-08-30 06:08:52,229 [4] DEBUG LTCPro.ServiceLayer.Log4net - ---Executing GetUserToken() in UserService----
2024-08-30 06:08:52,231 [67] DEBUG LTCPro.ServiceLayer.Log4net - ---Executing GetDiagnosisDetails() in OrdersController----
2024-08-30 06:08:52,231 [67] DEBUG LTCPro.ServiceLayer.Log4net - ---Executing GetDiagnosisDetails() in OrdersService----
2024-08-30 06:08:52,266 [5] DEBUG LTCPro.ServiceLayer.Log4net - ---Executing GetOrderGridData() in OrdersController----
2024-08-30 06:08:52,266 [5] DEBUG LTCPro.ServiceLayer.Log4net - ---Executing GetOrderGridData() in OrdersService----
2024-08-30 06:08:52,450 [4] DEBUG LTCPro.ServiceLayer.Log4net - ---Executing GetWeightList(Patient_Id) in AssessmentController----
2024-08-30 06:08:52,450 [4] DEBUG LTCPro.ServiceLayer.Log4net - ---Executing GetWeightList() in AssessmentService----
2024-08-30 06:08:52,584 [5] DEBUG LTCPro.ServiceLayer.Log4net - ---Executed Successfully GetOrderGridData() in OrdersController----
2024-08-30 06:08:52,627 [5] DEBUG LTCPro.ServiceLayer.Log4net - ---Executing GetUserToken() in UserService----
2024-08-30 06:08:52,879 [5] DEBUG LTCPro.ServiceLayer.Log4net - ---Executing GetAllBarcodes() in StockEkitController----
2024-08-30 06:08:52,880 [5] DEBUG LTCPro.ServiceLayer.Log4net - ---Executing GetAllBarcodes() in StockEkitService----
2024-08-30 06:08:52,927 [25] DEBUG LTCPro.ServiceLayer.Log4net - ---Executing GetUserToken() in UserService----
2024-08-30 06:08:52,958 [67] DEBUG LTCPro.ServiceLayer.Log4net - ---Executed Successfully GetDiagnosisDetails() in OrdersController----
2024-08-30 06:08:52,977 [58] DEBUG LTCPro.ServiceLayer.Log4net - ---Executing GetUserToken() in UserService----
2024-08-30 06:08:53,147 [25] DEBUG LTCPro.ServiceLayer.Log4net - ---Executing GetOrderGridData() in OrdersController----
2024-08-30 06:08:53,147 [25] DEBUG LTCPro.ServiceLayer.Log4net - ---Executing GetOrderGridData() in OrdersService----
2024-08-30 06:08:53,186 [58] DEBUG LTCPro.ServiceLayer.Log4net - ---Executing GetOrdersData() in OrdersController----
2024-08-30 06:08:53,186 [58] DEBUG LTCPro.ServiceLayer.Log4net - ---Executing GetOrdersData() in OrdersService----
2024-08-30 06:08:53,398 [4] DEBUG LTCPro.ServiceLayer.Log4net - ---Executed Successfully GetWeightList(Patient_Id) in AssessmentController----
2024-08-30 06:08:53,402 [58] DEBUG LTCPro.ServiceLayer.Log4net - ---Executed Successfully GetOrdersData() in OrdersController----
2024-08-30 06:08:55,477 [5] DEBUG LTCPro.ServiceLayer.Log4net - ---Executed Successfully GetAllBarcodes() in StockEkitController----
2024-08-30 06:08:55,486 [25] DEBUG LTCPro.ServiceLayer.Log4net - ---Executed Successfully GetOrderGridData() in OrdersController----
2024-08-30 06:08:55,984 [85] DEBUG LTCPro.ServiceLayer.Log4net - ---Executing GetUserToken() in UserService----
2024-08-30 06:08:56,010 [25] DEBUG LTCPro.ServiceLayer.Log4net - ---Executing GetUserToken() in UserService----
2024-08-30 06:08:56,018 [86] DEBUG LTCPro.ServiceLayer.Log4net - ---Executing GetUserToken() in UserService----
2024-08-30 06:08:56,088 [5] DEBUG LTCPro.ServiceLayer.Log4net - ---Executing GetUserToken() in UserService----
2024-08-30 06:08:56,194 [85] DEBUG LTCPro.ServiceLayer.Log4net - ---Executing GetFavouritesMasterData() in OrdersController----
2024-08-30 06:08:56,194 [85] DEBUG LTCPro.ServiceLayer.Log4net - ---Executing GetFavouritesMasterData() in OrdersService----
2024-08-30 06:08:56,219 [25] DEBUG LTCPro.ServiceLayer.Log4net - ---Executing GetOrderStockDetails() in OrdersController----
2024-08-30 06:08:56,219 [25] DEBUG LTCPro.ServiceLayer.Log4net - ---Executing GetOrderStockDetails() in OrdersService----
2024-08-30 06:08:56,228 [86] DEBUG LTCPro.ServiceLayer.Log4net - ---Executing GetPhysicianDropData() in OrdersController----
2024-08-30 06:08:56,228 [86] DEBUG LTCPro.ServiceLayer.Log4net - ---Executing GetPhysicianDropData() in OrdersService----
2024-08-30 06:08:56,297 [5] DEBUG LTCPro.ServiceLayer.Log4net - ---Executing GetNurseNotes() in OrdersController----
2024-08-30 06:08:56,298 [5] DEBUG LTCPro.ServiceLayer.Log4net - ---Executing GetNurseNotes() in OrdersService----
2024-08-30 06:08:56,405 [85] DEBUG LTCPro.ServiceLayer.Log4net - ---Executed Successfully GetFavouritesMasterData() in OrdersController----
2024-08-30 06:08:56,429 [25] DEBUG LTCPro.ServiceLayer.Log4net - ---Executed Successfully GetOrderStockDetails() in OrdersController----
2024-08-30 06:08:56,690 [86] DEBUG LTCPro.ServiceLayer.Log4net - ---Executed Successfully GetPhysicianDropData() in OrdersController----
2024-08-30 06:08:57,482 [5] DEBUG LTCPro.ServiceLayer.Log4net - ---Executed Successfully GetNurseNotes() in OrdersController----
2024-08-30 06:10:12,396 [58] DEBUG LTCPro.ServiceLayer.Log4net - ---Executing GetUserToken() in UserService----
2024-08-30 06:10:12,405 [86] DEBUG LTCPro.ServiceLayer.Log4net - ---Executing GetUserToken() in UserService----
2024-08-30 06:10:12,467 [85] DEBUG LTCPro.ServiceLayer.Log4net - ---Executing GetUserToken() in UserService----
2024-08-30 06:10:12,486 [88] DEBUG LTCPro.ServiceLayer.Log4net - ---Executing GetUserToken() in UserService----
2024-08-30 06:10:12,504 [77] DEBUG LTCPro.ServiceLayer.Log4net - ---Executing GetUserToken() in UserService----
2024-08-30 06:10:12,508 [68] DEBUG LTCPro.ServiceLayer.Log4net - ---Executing GetUserToken() in UserService----
2024-08-30 06:10:13,252 [86] ERROR LTCPro.ServiceLayer.Log4net - ===================================
2024-08-30 06:10:13,254 [86] ERROR LTCPro.ServiceLayer.Log4net -  Source : = mscorlib
2024-08-30 06:10:13,254 [86] ERROR LTCPro.ServiceLayer.Log4net -  Stack Trace : =    at System.Runtime.CompilerServices.TaskAwaiter.ThrowForNonSuccess(Task task)
   at System.Runtime.CompilerServices.TaskAwaiter.HandleNonSuccessAndDebuggerNotification(Task task)
   at System.Web.Http.Controllers.ApiControllerActionInvoker.<InvokeActionAsyncCore>d__1.MoveNext()
--- End of stack trace from previous location where exception was thrown ---
   at System.Runtime.CompilerServices.TaskAwaiter.ThrowForNonSuccess(Task task)
   at System.Runtime.CompilerServices.TaskAwaiter.HandleNonSuccessAndDebuggerNotification(Task task)
   at System.Web.Http.Controllers.ActionFilterResult.<ExecuteAsync>d__5.MoveNext()
--- End of stack trace from previous location where exception was thrown ---
   at System.Runtime.CompilerServices.TaskAwaiter.ThrowForNonSuccess(Task task)
   at System.Runtime.CompilerServices.TaskAwaiter.HandleNonSuccessAndDebuggerNotification(Task task)
   at System.Web.Http.Filters.AuthorizationFilterAttribute.<ExecuteAuthorizationFilterAsyncCore>d__3.MoveNext()
--- End of stack trace from previous location where exception was thrown ---
   at System.Runtime.CompilerServices.TaskAwaiter.ThrowForNonSuccess(Task task)
   at System.Runtime.CompilerServices.TaskAwaiter.HandleNonSuccessAndDebuggerNotification(Task task)
   at System.Web.Http.Controllers.ExceptionFilterResult.<ExecuteAsync>d__6.MoveNext()
2024-08-30 06:10:13,254 [86] ERROR LTCPro.ServiceLayer.Log4net -  Exception Message : = A task was canceled.
2024-08-30 06:10:13,254 [86] ERROR LTCPro.ServiceLayer.Log4net - ============= Inner Exception  Stack Trace  ===========
2024-08-30 06:10:13,254 [86] ERROR LTCPro.ServiceLayer.Log4net -  Inner Exception  Stack Trace : =    at System.Runtime.CompilerServices.TaskAwaiter.ThrowForNonSuccess(Task task)
   at System.Runtime.CompilerServices.TaskAwaiter.HandleNonSuccessAndDebuggerNotification(Task task)
   at System.Web.Http.Controllers.ApiControllerActionInvoker.<InvokeActionAsyncCore>d__1.MoveNext()
--- End of stack trace from previous location where exception was thrown ---
   at System.Runtime.CompilerServices.TaskAwaiter.ThrowForNonSuccess(Task task)
   at System.Runtime.CompilerServices.TaskAwaiter.HandleNonSuccessAndDebuggerNotification(Task task)
   at System.Web.Http.Controllers.ActionFilterResult.<ExecuteAsync>d__5.MoveNext()
--- End of stack trace from previous location where exception was thrown ---
   at System.Runtime.CompilerServices.TaskAwaiter.ThrowForNonSuccess(Task task)
   at System.Runtime.CompilerServices.TaskAwaiter.HandleNonSuccessAndDebuggerNotification(Task task)
   at System.Web.Http.Filters.AuthorizationFilterAttribute.<ExecuteAuthorizationFilterAsyncCore>d__3.MoveNext()
--- End of stack trace from previous location where exception was thrown ---
   at System.Runtime.CompilerServices.TaskAwaiter.ThrowForNonSuccess(Task task)
   at System.Runtime.CompilerServices.TaskAwaiter.HandleNonSuccessAndDebuggerNotification(Task task)
   at System.Web.Http.Controllers.ExceptionFilterResult.<ExecuteAsync>d__6.MoveNext()
2024-08-30 06:10:13,254 [86] ERROR LTCPro.ServiceLayer.Log4net - =============  Exception  Stack Trace End  ===========
2024-08-30 06:10:13,407 [58] ERROR LTCPro.ServiceLayer.Log4net - ===================================
2024-08-30 06:10:13,407 [58] ERROR LTCPro.ServiceLayer.Log4net -  Source : = mscorlib
2024-08-30 06:10:13,407 [58] ERROR LTCPro.ServiceLayer.Log4net -  Stack Trace : =    at System.Runtime.CompilerServices.TaskAwaiter.ThrowForNonSuccess(Task task)
   at System.Runtime.CompilerServices.TaskAwaiter.HandleNonSuccessAndDebuggerNotification(Task task)
   at System.Web.Http.Controllers.ApiControllerActionInvoker.<InvokeActionAsyncCore>d__1.MoveNext()
--- End of stack trace from previous location where exception was thrown ---
   at System.Runtime.CompilerServices.TaskAwaiter.ThrowForNonSuccess(Task task)
   at System.Runtime.CompilerServices.TaskAwaiter.HandleNonSuccessAndDebuggerNotification(Task task)
   at System.Web.Http.Controllers.ActionFilterResult.<ExecuteAsync>d__5.MoveNext()
--- End of stack trace from previous location where exception was thrown ---
   at System.Runtime.CompilerServices.TaskAwaiter.ThrowForNonSuccess(Task task)
   at System.Runtime.CompilerServices.TaskAwaiter.HandleNonSuccessAndDebuggerNotification(Task task)
   at System.Web.Http.Filters.AuthorizationFilterAttribute.<ExecuteAuthorizationFilterAsyncCore>d__3.MoveNext()
--- End of stack trace from previous location where exception was thrown ---
   at System.Runtime.CompilerServices.TaskAwaiter.ThrowForNonSuccess(Task task)
   at System.Runtime.CompilerServices.TaskAwaiter.HandleNonSuccessAndDebuggerNotification(Task task)
   at System.Web.Http.Controllers.ExceptionFilterResult.<ExecuteAsync>d__6.MoveNext()
2024-08-30 06:10:13,407 [58] ERROR LTCPro.ServiceLayer.Log4net -  Exception Message : = A task was canceled.
2024-08-30 06:10:13,407 [58] ERROR LTCPro.ServiceLayer.Log4net - ============= Inner Exception  Stack Trace  ===========
2024-08-30 06:10:13,407 [58] ERROR LTCPro.ServiceLayer.Log4net -  Inner Exception  Stack Trace : =    at System.Runtime.CompilerServices.TaskAwaiter.ThrowForNonSuccess(Task task)
   at System.Runtime.CompilerServices.TaskAwaiter.HandleNonSuccessAndDebuggerNotification(Task task)
   at System.Web.Http.Controllers.ApiControllerActionInvoker.<InvokeActionAsyncCore>d__1.MoveNext()
--- End of stack trace from previous location where exception was thrown ---
   at System.Runtime.CompilerServices.TaskAwaiter.ThrowForNonSuccess(Task task)
   at System.Runtime.CompilerServices.TaskAwaiter.HandleNonSuccessAndDebuggerNotification(Task task)
   at System.Web.Http.Controllers.ActionFilterResult.<ExecuteAsync>d__5.MoveNext()
--- End of stack trace from previous location where exception was thrown ---
   at System.Runtime.CompilerServices.TaskAwaiter.ThrowForNonSuccess(Task task)
   at System.Runtime.CompilerServices.TaskAwaiter.HandleNonSuccessAndDebuggerNotification(Task task)
   at System.Web.Http.Filters.AuthorizationFilterAttribute.<ExecuteAuthorizationFilterAsyncCore>d__3.MoveNext()
--- End of stack trace from previous location where exception was thrown ---
   at System.Runtime.CompilerServices.TaskAwaiter.ThrowForNonSuccess(Task task)
   at System.Runtime.CompilerServices.TaskAwaiter.HandleNonSuccessAndDebuggerNotification(Task task)
   at System.Web.Http.Controllers.ExceptionFilterResult.<ExecuteAsync>d__6.MoveNext()
2024-08-30 06:10:13,407 [58] ERROR LTCPro.ServiceLayer.Log4net - =============  Exception  Stack Trace End  ===========
2024-08-30 06:10:13,454 [85] ERROR LTCPro.ServiceLayer.Log4net - ===================================
2024-08-30 06:10:13,454 [85] ERROR LTCPro.ServiceLayer.Log4net -  Source : = mscorlib
2024-08-30 06:10:13,455 [85] ERROR LTCPro.ServiceLayer.Log4net -  Stack Trace : =    at System.Runtime.CompilerServices.TaskAwaiter.ThrowForNonSuccess(Task task)
   at System.Runtime.CompilerServices.TaskAwaiter.HandleNonSuccessAndDebuggerNotification(Task task)
   at System.Web.Http.Controllers.ApiControllerActionInvoker.<InvokeActionAsyncCore>d__1.MoveNext()
--- End of stack trace from previous location where exception was thrown ---
   at System.Runtime.CompilerServices.TaskAwaiter.ThrowForNonSuccess(Task task)
   at System.Runtime.CompilerServices.TaskAwaiter.HandleNonSuccessAndDebuggerNotification(Task task)
   at System.Web.Http.Controllers.ActionFilterResult.<ExecuteAsync>d__5.MoveNext()
--- End of stack trace from previous location where exception was thrown ---
   at System.Runtime.CompilerServices.TaskAwaiter.ThrowForNonSuccess(Task task)
   at System.Runtime.CompilerServices.TaskAwaiter.HandleNonSuccessAndDebuggerNotification(Task task)
   at System.Web.Http.Filters.AuthorizationFilterAttribute.<ExecuteAuthorizationFilterAsyncCore>d__3.MoveNext()
--- End of stack trace from previous location where exception was thrown ---
   at System.Runtime.CompilerServices.TaskAwaiter.ThrowForNonSuccess(Task task)
   at System.Runtime.CompilerServices.TaskAwaiter.HandleNonSuccessAndDebuggerNotification(Task task)
   at System.Web.Http.Controllers.ExceptionFilterResult.<ExecuteAsync>d__6.MoveNext()
2024-08-30 06:10:13,455 [85] ERROR LTCPro.ServiceLayer.Log4net -  Exception Message : = A task was canceled.
2024-08-30 06:10:13,455 [85] ERROR LTCPro.ServiceLayer.Log4net - ============= Inner Exception  Stack Trace  ===========
2024-08-30 06:10:13,455 [85] ERROR LTCPro.ServiceLayer.Log4net -  Inner Exception  Stack Trace : =    at System.Runtime.CompilerServices.TaskAwaiter.ThrowForNonSuccess(Task task)
   at System.Runtime.CompilerServices.TaskAwaiter.HandleNonSuccessAndDebuggerNotification(Task task)
   at System.Web.Http.Controllers.ApiControllerActionInvoker.<InvokeActionAsyncCore>d__1.MoveNext()
--- End of stack trace from previous location where exception was thrown ---
   at System.Runtime.CompilerServices.TaskAwaiter.ThrowForNonSuccess(Task task)
   at System.Runtime.CompilerServices.TaskAwaiter.HandleNonSuccessAndDebuggerNotification(Task task)
   at System.Web.Http.Controllers.ActionFilterResult.<ExecuteAsync>d__5.MoveNext()
--- End of stack trace from previous location where exception was thrown ---
   at System.Runtime.CompilerServices.TaskAwaiter.ThrowForNonSuccess(Task task)
   at System.Runtime.CompilerServices.TaskAwaiter.HandleNonSuccessAndDebuggerNotification(Task task)
   at System.Web.Http.Filters.AuthorizationFilterAttribute.<ExecuteAuthorizationFilterAsyncCore>d__3.MoveNext()
--- End of stack trace from previous location where exception was thrown ---
   at System.Runtime.CompilerServices.TaskAwaiter.ThrowForNonSuccess(Task task)
   at System.Runtime.CompilerServices.TaskAwaiter.HandleNonSuccessAndDebuggerNotification(Task task)
   at System.Web.Http.Controllers.ExceptionFilterResult.<ExecuteAsync>d__6.MoveNext()
2024-08-30 06:10:13,455 [85] ERROR LTCPro.ServiceLayer.Log4net - =============  Exception  Stack Trace End  ===========
2024-08-30 06:10:13,455 [77] ERROR LTCPro.ServiceLayer.Log4net - ===================================
2024-08-30 06:10:13,455 [77] ERROR LTCPro.ServiceLayer.Log4net -  Source : = mscorlib
2024-08-30 06:10:13,455 [77] ERROR LTCPro.ServiceLayer.Log4net -  Stack Trace : =    at System.Runtime.CompilerServices.TaskAwaiter.ThrowForNonSuccess(Task task)
   at System.Runtime.CompilerServices.TaskAwaiter.HandleNonSuccessAndDebuggerNotification(Task task)
   at System.Web.Http.Controllers.ApiControllerActionInvoker.<InvokeActionAsyncCore>d__1.MoveNext()
--- End of stack trace from previous location where exception was thrown ---
   at System.Runtime.CompilerServices.TaskAwaiter.ThrowForNonSuccess(Task task)
   at System.Runtime.CompilerServices.TaskAwaiter.HandleNonSuccessAndDebuggerNotification(Task task)
   at System.Web.Http.Controllers.ActionFilterResult.<ExecuteAsync>d__5.MoveNext()
--- End of stack trace from previous location where exception was thrown ---
   at System.Runtime.CompilerServices.TaskAwaiter.ThrowForNonSuccess(Task task)
   at System.Runtime.CompilerServices.TaskAwaiter.HandleNonSuccessAndDebuggerNotification(Task task)
   at System.Web.Http.Filters.AuthorizationFilterAttribute.<ExecuteAuthorizationFilterAsyncCore>d__3.MoveNext()
--- End of stack trace from previous location where exception was thrown ---
   at System.Runtime.CompilerServices.TaskAwaiter.ThrowForNonSuccess(Task task)
   at System.Runtime.CompilerServices.TaskAwaiter.HandleNonSuccessAndDebuggerNotification(Task task)
   at System.Web.Http.Controllers.ExceptionFilterResult.<ExecuteAsync>d__6.MoveNext()
2024-08-30 06:10:13,456 [77] ERROR LTCPro.ServiceLayer.Log4net -  Exception Message : = A task was canceled.
2024-08-30 06:10:13,456 [77] ERROR LTCPro.ServiceLayer.Log4net - ============= Inner Exception  Stack Trace  ===========
2024-08-30 06:10:13,456 [77] ERROR LTCPro.ServiceLayer.Log4net -  Inner Exception  Stack Trace : =    at System.Runtime.CompilerServices.TaskAwaiter.ThrowForNonSuccess(Task task)
   at System.Runtime.CompilerServices.TaskAwaiter.HandleNonSuccessAndDebuggerNotification(Task task)
   at System.Web.Http.Controllers.ApiControllerActionInvoker.<InvokeActionAsyncCore>d__1.MoveNext()
--- End of stack trace from previous location where exception was thrown ---
   at System.Runtime.CompilerServices.TaskAwaiter.ThrowForNonSuccess(Task task)
   at System.Runtime.CompilerServices.TaskAwaiter.HandleNonSuccessAndDebuggerNotification(Task task)
   at System.Web.Http.Controllers.ActionFilterResult.<ExecuteAsync>d__5.MoveNext()
--- End of stack trace from previous location where exception was thrown ---
   at System.Runtime.CompilerServices.TaskAwaiter.ThrowForNonSuccess(Task task)
   at System.Runtime.CompilerServices.TaskAwaiter.HandleNonSuccessAndDebuggerNotification(Task task)
   at System.Web.Http.Filters.AuthorizationFilterAttribute.<ExecuteAuthorizationFilterAsyncCore>d__3.MoveNext()
--- End of stack trace from previous location where exception was thrown ---
   at System.Runtime.CompilerServices.TaskAwaiter.ThrowForNonSuccess(Task task)
   at System.Runtime.CompilerServices.TaskAwaiter.HandleNonSuccessAndDebuggerNotification(Task task)
   at System.Web.Http.Controllers.ExceptionFilterResult.<ExecuteAsync>d__6.MoveNext()
2024-08-30 06:10:13,456 [77] ERROR LTCPro.ServiceLayer.Log4net - =============  Exception  Stack Trace End  ===========
2024-08-30 06:10:13,480 [68] ERROR LTCPro.ServiceLayer.Log4net - ===================================
2024-08-30 06:10:13,480 [88] ERROR LTCPro.ServiceLayer.Log4net - ===================================
2024-08-30 06:10:13,481 [68] ERROR LTCPro.ServiceLayer.Log4net -  Source : = mscorlib
2024-08-30 06:10:13,481 [88] ERROR LTCPro.ServiceLayer.Log4net -  Source : = mscorlib
2024-08-30 06:10:13,481 [68] ERROR LTCPro.ServiceLayer.Log4net -  Stack Trace : =    at System.Runtime.CompilerServices.TaskAwaiter.ThrowForNonSuccess(Task task)
   at System.Runtime.CompilerServices.TaskAwaiter.HandleNonSuccessAndDebuggerNotification(Task task)
   at System.Web.Http.Controllers.ApiControllerActionInvoker.<InvokeActionAsyncCore>d__1.MoveNext()
--- End of stack trace from previous location where exception was thrown ---
   at System.Runtime.CompilerServices.TaskAwaiter.ThrowForNonSuccess(Task task)
   at System.Runtime.CompilerServices.TaskAwaiter.HandleNonSuccessAndDebuggerNotification(Task task)
   at System.Web.Http.Controllers.ActionFilterResult.<ExecuteAsync>d__5.MoveNext()
--- End of stack trace from previous location where exception was thrown ---
   at System.Runtime.CompilerServices.TaskAwaiter.ThrowForNonSuccess(Task task)
   at System.Runtime.CompilerServices.TaskAwaiter.HandleNonSuccessAndDebuggerNotification(Task task)
   at System.Web.Http.Filters.AuthorizationFilterAttribute.<ExecuteAuthorizationFilterAsyncCore>d__3.MoveNext()
--- End of stack trace from previous location where exception was thrown ---
   at System.Runtime.CompilerServices.TaskAwaiter.ThrowForNonSuccess(Task task)
   at System.Runtime.CompilerServices.TaskAwaiter.HandleNonSuccessAndDebuggerNotification(Task task)
   at System.Web.Http.Controllers.ExceptionFilterResult.<ExecuteAsync>d__6.MoveNext()
2024-08-30 06:10:13,481 [68] ERROR LTCPro.ServiceLayer.Log4net -  Exception Message : = A task was canceled.
2024-08-30 06:10:13,481 [68] ERROR LTCPro.ServiceLayer.Log4net - ============= Inner Exception  Stack Trace  ===========
2024-08-30 06:10:13,481 [88] ERROR LTCPro.ServiceLayer.Log4net -  Stack Trace : =    at System.Runtime.CompilerServices.TaskAwaiter.ThrowForNonSuccess(Task task)
   at System.Runtime.CompilerServices.TaskAwaiter.HandleNonSuccessAndDebuggerNotification(Task task)
   at System.Web.Http.Controllers.ApiControllerActionInvoker.<InvokeActionAsyncCore>d__1.MoveNext()
--- End of stack trace from previous location where exception was thrown ---
   at System.Runtime.CompilerServices.TaskAwaiter.ThrowForNonSuccess(Task task)
   at System.Runtime.CompilerServices.TaskAwaiter.HandleNonSuccessAndDebuggerNotification(Task task)
   at System.Web.Http.Controllers.ActionFilterResult.<ExecuteAsync>d__5.MoveNext()
--- End of stack trace from previous location where exception was thrown ---
   at System.Runtime.CompilerServices.TaskAwaiter.ThrowForNonSuccess(Task task)
   at System.Runtime.CompilerServices.TaskAwaiter.HandleNonSuccessAndDebuggerNotification(Task task)
   at System.Web.Http.Filters.AuthorizationFilterAttribute.<ExecuteAuthorizationFilterAsyncCore>d__3.MoveNext()
--- End of stack trace from previous location where exception was thrown ---
   at System.Runtime.CompilerServices.TaskAwaiter.ThrowForNonSuccess(Task task)
   at System.Runtime.CompilerServices.TaskAwaiter.HandleNonSuccessAndDebuggerNotification(Task task)
   at System.Web.Http.Controllers.ExceptionFilterResult.<ExecuteAsync>d__6.MoveNext()
2024-08-30 06:10:13,481 [68] ERROR LTCPro.ServiceLayer.Log4net -  Inner Exception  Stack Trace : =    at System.Runtime.CompilerServices.TaskAwaiter.ThrowForNonSuccess(Task task)
   at System.Runtime.CompilerServices.TaskAwaiter.HandleNonSuccessAndDebuggerNotification(Task task)
   at System.Web.Http.Controllers.ApiControllerActionInvoker.<InvokeActionAsyncCore>d__1.MoveNext()
--- End of stack trace from previous location where exception was thrown ---
   at System.Runtime.CompilerServices.TaskAwaiter.ThrowForNonSuccess(Task task)
   at System.Runtime.CompilerServices.TaskAwaiter.HandleNonSuccessAndDebuggerNotification(Task task)
   at System.Web.Http.Controllers.ActionFilterResult.<ExecuteAsync>d__5.MoveNext()
--- End of stack trace from previous location where exception was thrown ---
   at System.Runtime.CompilerServices.TaskAwaiter.ThrowForNonSuccess(Task task)
   at System.Runtime.CompilerServices.TaskAwaiter.HandleNonSuccessAndDebuggerNotification(Task task)
   at System.Web.Http.Filters.AuthorizationFilterAttribute.<ExecuteAuthorizationFilterAsyncCore>d__3.MoveNext()
--- End of stack trace from previous location where exception was thrown ---
   at System.Runtime.CompilerServices.TaskAwaiter.ThrowForNonSuccess(Task task)
   at System.Runtime.CompilerServices.TaskAwaiter.HandleNonSuccessAndDebuggerNotification(Task task)
   at System.Web.Http.Controllers.ExceptionFilterResult.<ExecuteAsync>d__6.MoveNext()
2024-08-30 06:10:13,481 [68] ERROR LTCPro.ServiceLayer.Log4net - =============  Exception  Stack Trace End  ===========
2024-08-30 06:10:13,481 [88] ERROR LTCPro.ServiceLayer.Log4net -  Exception Message : = A task was canceled.
2024-08-30 06:10:13,481 [88] ERROR LTCPro.ServiceLayer.Log4net - ============= Inner Exception  Stack Trace  ===========
2024-08-30 06:10:13,481 [88] ERROR LTCPro.ServiceLayer.Log4net -  Inner Exception  Stack Trace : =    at System.Runtime.CompilerServices.TaskAwaiter.ThrowForNonSuccess(Task task)
   at System.Runtime.CompilerServices.TaskAwaiter.HandleNonSuccessAndDebuggerNotification(Task task)
   at System.Web.Http.Controllers.ApiControllerActionInvoker.<InvokeActionAsyncCore>d__1.MoveNext()
--- End of stack trace from previous location where exception was thrown ---
   at System.Runtime.CompilerServices.TaskAwaiter.ThrowForNonSuccess(Task task)
   at System.Runtime.CompilerServices.TaskAwaiter.HandleNonSuccessAndDebuggerNotification(Task task)
   at System.Web.Http.Controllers.ActionFilterResult.<ExecuteAsync>d__5.MoveNext()
--- End of stack trace from previous location where exception was thrown ---
   at System.Runtime.CompilerServices.TaskAwaiter.ThrowForNonSuccess(Task task)
   at System.Runtime.CompilerServices.TaskAwaiter.HandleNonSuccessAndDebuggerNotification(Task task)
   at System.Web.Http.Filters.AuthorizationFilterAttribute.<ExecuteAuthorizationFilterAsyncCore>d__3.MoveNext()
--- End of stack trace from previous location where exception was thrown ---
   at System.Runtime.CompilerServices.TaskAwaiter.ThrowForNonSuccess(Task task)
   at System.Runtime.CompilerServices.TaskAwaiter.HandleNonSuccessAndDebuggerNotification(Task task)
   at System.Web.Http.Controllers.ExceptionFilterResult.<ExecuteAsync>d__6.MoveNext()
2024-08-30 06:10:13,481 [88] ERROR LTCPro.ServiceLayer.Log4net - =============  Exception  Stack Trace End  ===========
2024-08-30 06:10:23,565 [67] DEBUG LTCPro.ServiceLayer.Log4net - ---Executing GetUserToken() in UserService----
2024-08-30 06:10:23,775 [67] DEBUG LTCPro.ServiceLayer.Log4net - ---Executing GetAlertsDetails() in MailboxController----
2024-08-30 06:10:23,775 [67] DEBUG LTCPro.ServiceLayer.Log4net - ---Executing GetAlertsDetails() in MailboxService----
2024-08-30 06:10:24,220 [67] DEBUG LTCPro.ServiceLayer.Log4net - ---Executed successfully GetAlertsDetails() in MailboxController----
2024-08-30 06:10:24,248 [67] DEBUG LTCPro.ServiceLayer.Log4net - ---Executing GetUserToken() in UserService----
2024-08-30 06:10:24,457 [67] DEBUG LTCPro.ServiceLayer.Log4net - ---Executing GetReadMailsCount() in MailboxController----
2024-08-30 06:10:24,457 [67] DEBUG LTCPro.ServiceLayer.Log4net - ---Executing GetReadMailsCount() in MailboxService----
2024-08-30 06:10:24,669 [67] DEBUG LTCPro.ServiceLayer.Log4net - ---Executed successfully GetReadMailsCount() in MailboxController----
2024-08-30 06:10:24,683 [67] DEBUG LTCPro.ServiceLayer.Log4net - ---Executing GetUserToken() in UserService----
2024-08-30 06:10:24,892 [67] DEBUG LTCPro.ServiceLayer.Log4net - ---Executing GetUserPassedDueFlag() in UserController----
2024-08-30 06:10:24,892 [67] DEBUG LTCPro.ServiceLayer.Log4net - ---Executing GetUserPassedDueFlag() in UserService----
2024-08-30 06:10:25,100 [67] DEBUG LTCPro.ServiceLayer.Log4net - ---Executed Successfully GetUserPassedDueFlag() in UserController----
2024-08-30 06:10:25,121 [67] DEBUG LTCPro.ServiceLayer.Log4net - ---Executing GetUserToken() in UserService----
2024-08-30 06:10:25,330 [67] DEBUG LTCPro.ServiceLayer.Log4net - ---Executing GetDueMARAlertData() in EmarController----
2024-08-30 06:10:25,330 [67] DEBUG LTCPro.ServiceLayer.Log4net - ---Executing GetDueMARAlertData() in EmarService----
2024-08-30 06:10:26,008 [60] DEBUG LTCPro.ServiceLayer.Log4net - ---Executing GetUserToken() in UserService----
2024-08-30 06:10:26,218 [60] DEBUG LTCPro.ServiceLayer.Log4net - ---Executing GetOutboundErrorDetails() in CommonController----
2024-08-30 06:10:26,218 [60] DEBUG LTCPro.ServiceLayer.Log4net - ---Executing GetOutboundErrorDetails() in CommonService----
2024-08-30 06:10:26,742 [67] DEBUG LTCPro.ServiceLayer.Log4net - ---Executed Successfully GetDueMARAlertData() in EmarController----
2024-08-30 06:10:26,758 [67] DEBUG LTCPro.ServiceLayer.Log4net - ---Executing GetUserToken() in UserService----
2024-08-30 06:10:26,971 [67] DEBUG LTCPro.ServiceLayer.Log4net - ---Executing GetPendingDosesList() in CommonController----
2024-08-30 06:10:26,971 [67] DEBUG LTCPro.ServiceLayer.Log4net - ---Executing GetPendingDosesList() in CommonService----
2024-08-30 06:10:28,515 [87] DEBUG LTCPro.ServiceLayer.Log4net - ---Executing GetUserToken() in UserService----
2024-08-30 06:10:28,724 [87] DEBUG LTCPro.ServiceLayer.Log4net - ---Executing GetUserRecentFacNs() in UserController----
2024-08-30 06:10:28,724 [87] DEBUG LTCPro.ServiceLayer.Log4net - ---Executing GetUserRecentFacNs() in UserService----
2024-08-30 06:10:29,144 [87] DEBUG LTCPro.ServiceLayer.Log4net - ---Executed Successfully GetUserRecentFacNs() in UserController----
2024-08-30 06:10:29,164 [87] DEBUG LTCPro.ServiceLayer.Log4net - ---Executing GetUserToken() in UserService----
2024-08-30 06:10:29,373 [87] DEBUG LTCPro.ServiceLayer.Log4net - ---Executing GetUserRecentFacNs() in UserController----
2024-08-30 06:10:29,373 [87] DEBUG LTCPro.ServiceLayer.Log4net - ---Executing GetUserRecentFacNs() in UserService----
2024-08-30 06:10:29,409 [67] DEBUG LTCPro.ServiceLayer.Log4net - ---Executed Successfully GetPendingDosesList() in CommonController----
2024-08-30 06:10:29,660 [67] DEBUG LTCPro.ServiceLayer.Log4net - ---Executing GetUserToken() in UserService----
2024-08-30 06:10:29,791 [87] DEBUG LTCPro.ServiceLayer.Log4net - ---Executed Successfully GetUserRecentFacNs() in UserController----
2024-08-30 06:10:29,802 [87] DEBUG LTCPro.ServiceLayer.Log4net - ---Executing GetUserToken() in UserService----
2024-08-30 06:10:29,871 [67] DEBUG LTCPro.ServiceLayer.Log4net - ---Executing OrderEndingSoonStatus() in OrdersController----
2024-08-30 06:10:29,871 [67] DEBUG LTCPro.ServiceLayer.Log4net - ---Executing OrderEndingSoonStatus() in OrdersService----
2024-08-30 06:10:30,013 [87] DEBUG LTCPro.ServiceLayer.Log4net - ---Executing InsertUserActivityDetails() in CompanyController----
2024-08-30 06:10:30,013 [87] DEBUG LTCPro.ServiceLayer.Log4net - ---Executing InsertUserActivityDetails() in UserActivityService----
2024-08-30 06:10:30,283 [67] DEBUG LTCPro.ServiceLayer.Log4net - ---Executed Successfully OrderEndingSoonStatus() in OrdersController----
2024-08-30 06:10:30,323 [67] DEBUG LTCPro.ServiceLayer.Log4net - ---Executing GetUserToken() in UserService----
2024-08-30 06:10:30,532 [67] DEBUG LTCPro.ServiceLayer.Log4net - ---Executing GetUserAccessFacilityNurseStaions() in FacilityController----
2024-08-30 06:10:30,533 [67] DEBUG LTCPro.ServiceLayer.Log4net - ---Executing GetUserAccessFacilityNurseStaions() in FacilityService----
2024-08-30 06:10:30,687 [87] DEBUG LTCPro.ServiceLayer.Log4net - ---Executed Successfully InsertUserActivityDetails() in CompanyController----
2024-08-30 06:10:30,700 [87] DEBUG LTCPro.ServiceLayer.Log4net - ---Executing GetUserToken() in UserService----
2024-08-30 06:10:30,913 [87] DEBUG LTCPro.ServiceLayer.Log4net - ---Executing GetUserAccessFacilityNurseStaions() in FacilityController----
2024-08-30 06:10:30,913 [87] DEBUG LTCPro.ServiceLayer.Log4net - ---Executing GetUserAccessFacilityNurseStaions() in FacilityService----
2024-08-30 06:10:30,953 [67] DEBUG LTCPro.ServiceLayer.Log4net - ---Executed Successfully GetUserAccessFacilityNurseStaions() in FacilityController----
2024-08-30 06:10:31,333 [87] DEBUG LTCPro.ServiceLayer.Log4net - ---Executed Successfully GetUserAccessFacilityNurseStaions() in FacilityController----
2024-08-30 06:10:31,358 [87] DEBUG LTCPro.ServiceLayer.Log4net - ---Executing GetUserToken() in UserService----
2024-08-30 06:10:31,589 [87] DEBUG LTCPro.ServiceLayer.Log4net - ---Executing UserNurseStationDrop() in FacilityController----
2024-08-30 06:10:31,589 [87] DEBUG LTCPro.ServiceLayer.Log4net - ---Executing UserNurseStationDrop() in FacilityService----
2024-08-30 06:10:31,800 [87] DEBUG LTCPro.ServiceLayer.Log4net - ---Executed Successfully UserNurseStationDrop() in FacilityController----
2024-08-30 06:10:32,093 [67] DEBUG LTCPro.ServiceLayer.Log4net - ---Executing GetUserToken() in UserService----
2024-08-30 06:10:32,112 [87] DEBUG LTCPro.ServiceLayer.Log4net - ---Executing GetUserToken() in UserService----
2024-08-30 06:10:32,304 [67] DEBUG LTCPro.ServiceLayer.Log4net - ---Executing GetOrdersEndingSoon() in OrdersController----
2024-08-30 06:10:32,304 [67] DEBUG LTCPro.ServiceLayer.Log4net - ---Executing GetOrdersEndingSoon() in OrdersService----
2024-08-30 06:10:32,322 [87] DEBUG LTCPro.ServiceLayer.Log4net - ---Executing OrderEndingSoonStatus() in OrdersController----
2024-08-30 06:10:32,322 [87] DEBUG LTCPro.ServiceLayer.Log4net - ---Executing OrderEndingSoonStatus() in OrdersService----
2024-08-30 06:10:32,511 [56] DEBUG LTCPro.ServiceLayer.Log4net - ---Executing GetUserToken() in UserService----
2024-08-30 06:10:32,728 [56] DEBUG LTCPro.ServiceLayer.Log4net - ---Executing GetCompanyToBedFlagByFacId() in FacilityController----
2024-08-30 06:10:32,728 [56] DEBUG LTCPro.ServiceLayer.Log4net - ---Executing GetCompanyToBedFlagByFacId() in FacilityService----
2024-08-30 06:10:32,736 [87] DEBUG LTCPro.ServiceLayer.Log4net - ---Executed Successfully OrderEndingSoonStatus() in OrdersController----
2024-08-30 06:10:32,760 [87] DEBUG LTCPro.ServiceLayer.Log4net - ---Executing GetUserToken() in UserService----
2024-08-30 06:10:32,777 [67] DEBUG LTCPro.ServiceLayer.Log4net - ---Executed Successfully GetOrdersEndingSoon() in OrdersController----
2024-08-30 06:10:32,800 [67] DEBUG LTCPro.ServiceLayer.Log4net - ---Executing GetUserToken() in UserService----
2024-08-30 06:10:32,980 [87] DEBUG LTCPro.ServiceLayer.Log4net - ---Executing GetPRNDetailsByfilter() in EMARController----
2024-08-30 06:10:32,980 [87] DEBUG LTCPro.ServiceLayer.Log4net - ---Executing GetPRNDetailsByfilter() in EmarService----
2024-08-30 06:10:33,011 [67] DEBUG LTCPro.ServiceLayer.Log4net - ---Executing GetSeventyTwoHourDetailsByfilter() in EMARController----
2024-08-30 06:10:33,012 [67] DEBUG LTCPro.ServiceLayer.Log4net - ---Executing GetSeventyTwoHourDetailsByfilter() in EmarService----
2024-08-30 06:10:33,912 [84] DEBUG LTCPro.ServiceLayer.Log4net - ---Executing GetUserToken() in UserService----
2024-08-30 06:10:34,057 [56] DEBUG LTCPro.ServiceLayer.Log4net - ---Executed Successfully GetCompanyToBedFlagByFacId() in FacilityController----
2024-08-30 06:10:34,102 [56] DEBUG LTCPro.ServiceLayer.Log4net - ---Executing GetUserToken() in UserService----
2024-08-30 06:10:34,124 [84] DEBUG LTCPro.ServiceLayer.Log4net - ---Executing GetOrdersGridData() in OrdersController----
2024-08-30 06:10:34,124 [84] DEBUG LTCPro.ServiceLayer.Log4net - ---Executing GetOrdersGridData() in OrdersService----
2024-08-30 06:10:34,312 [56] DEBUG LTCPro.ServiceLayer.Log4net - ---Executing GetNurseStationHierarchyDetailsbyNsId() in CompanyController----
2024-08-30 06:10:34,312 [56] DEBUG LTCPro.ServiceLayer.Log4net - ---Executing GetNurseStationHierarchyDetailsbyNsId() in CompanyService----
2024-08-30 06:10:34,578 [56] DEBUG LTCPro.ServiceLayer.Log4net - ---Executed Successfully GetNurseStationHierarchyDetailsbyNsId() in CompanyController----
2024-08-30 06:10:35,120 [60] DEBUG LTCPro.ServiceLayer.Log4net - ---Executed Successfully GetOutboundErrorDetails() in CommonController----
2024-08-30 06:10:36,147 [84] DEBUG LTCPro.ServiceLayer.Log4net - ---Executed Successfully GetOrdersGridData() in OrdersController----
2024-08-30 06:10:37,503 [84] DEBUG LTCPro.ServiceLayer.Log4net - ---Executing GetUserToken() in UserService----
2024-08-30 06:10:37,794 [84] DEBUG LTCPro.ServiceLayer.Log4net - ---Executing GetPendingOrdersGridData() in OrdersController----
2024-08-30 06:10:37,794 [84] DEBUG LTCPro.ServiceLayer.Log4net - ---Executing GetPendingOrdersGridData() in OrdersService----
2024-08-30 06:10:39,725 [84] DEBUG LTCPro.ServiceLayer.Log4net - ---Executed Successfully GetPendingOrdersGridData() in OrdersController----
2024-08-30 06:10:41,784 [84] DEBUG LTCPro.ServiceLayer.Log4net - ---Executing GetUserToken() in UserService----
2024-08-30 06:10:41,996 [84] DEBUG LTCPro.ServiceLayer.Log4net - ---Executing GetOrdersGridDataByPatientId() in OrdersController----
2024-08-30 06:10:41,996 [84] DEBUG LTCPro.ServiceLayer.Log4net - ---Executing GetOrdersGridDataByPatientId() in OrdersService----
2024-08-30 06:10:42,734 [84] DEBUG LTCPro.ServiceLayer.Log4net - ---Executed Successfully GetOrdersGridDataByPatientId() in OrdersController----
2024-08-30 06:10:45,595 [87] DEBUG LTCPro.ServiceLayer.Log4net - ---Executed Successfully GetPRNDetailsByfilter() in EMARController----
2024-08-30 06:10:45,638 [67] DEBUG LTCPro.ServiceLayer.Log4net - ---Executed Successfully GetSeventyTwoHourDetailsByfilter() in EMARController----
2024-08-30 06:10:47,678 [87] DEBUG LTCPro.ServiceLayer.Log4net - ---Executing GetUserToken() in UserService----
2024-08-30 06:10:47,883 [67] DEBUG LTCPro.ServiceLayer.Log4net - ---Executing GetUserToken() in UserService----
2024-08-30 06:10:47,888 [87] DEBUG LTCPro.ServiceLayer.Log4net - ---Executing GetFacilityNSResidentsDataByPId() in ResidentDemographicController----
2024-08-30 06:10:47,888 [87] DEBUG LTCPro.ServiceLayer.Log4net - ---Executing GetFacilityNSResidentsDataByPId() in ResidentDemographicService----
2024-08-30 06:10:48,095 [67] DEBUG LTCPro.ServiceLayer.Log4net - ---Executing GetNurseNotes() in OrdersController----
2024-08-30 06:10:48,096 [67] DEBUG LTCPro.ServiceLayer.Log4net - ---Executing GetNurseNotes() in OrdersService----
2024-08-30 06:10:49,243 [67] DEBUG LTCPro.ServiceLayer.Log4net - ---Executed Successfully GetNurseNotes() in OrdersController----
2024-08-30 06:10:49,405 [87] DEBUG LTCPro.ServiceLayer.Log4net - ---Executed Successfully GetFacilityNSResidentsDataByPId() in ResidentDemographicController----
2024-08-30 06:10:49,548 [84] DEBUG LTCPro.ServiceLayer.Log4net - ---Executing GetUserToken() in UserService----
2024-08-30 06:10:49,562 [60] DEBUG LTCPro.ServiceLayer.Log4net - ---Executing GetUserToken() in UserService----
2024-08-30 06:10:49,766 [84] DEBUG LTCPro.ServiceLayer.Log4net - ---Executing GetDrFirstFlagForCompanyByNSId() in CompanyController----
2024-08-30 06:10:49,766 [84] DEBUG LTCPro.ServiceLayer.Log4net - ---Executing GetDrFirstFlagForCompanyByNSId() in CompanyService----
2024-08-30 06:10:49,771 [60] DEBUG LTCPro.ServiceLayer.Log4net - ---Executing GetResidentInformation() in ResidentDemographicController----
2024-08-30 06:10:49,771 [60] DEBUG LTCPro.ServiceLayer.Log4net - ---Executing GetResidentInformation() in ResidentDemographicService----
2024-08-30 06:10:49,821 [87] DEBUG LTCPro.ServiceLayer.Log4net - ---Executing GetUserToken() in UserService----
2024-08-30 06:10:50,141 [87] DEBUG LTCPro.ServiceLayer.Log4net - ---Executing GetPhysicianDropData() in OrdersController----
2024-08-30 06:10:50,141 [87] DEBUG LTCPro.ServiceLayer.Log4net - ---Executing GetPhysicianDropData() in OrdersService----
2024-08-30 06:10:50,153 [84] DEBUG LTCPro.ServiceLayer.Log4net - ---Executed Successfully GetDrFirstFlagForCompanyByNSId() in CompanyController----
2024-08-30 06:10:50,370 [84] DEBUG LTCPro.ServiceLayer.Log4net - ---Executing GetUserToken() in UserService----
2024-08-30 06:10:50,578 [84] DEBUG LTCPro.ServiceLayer.Log4net - ---Executing GetOrderRoutes() in OrdersController----
2024-08-30 06:10:50,578 [84] DEBUG LTCPro.ServiceLayer.Log4net - ---Executing GetOrderRoutes() in OrdersService----
2024-08-30 06:10:50,586 [87] DEBUG LTCPro.ServiceLayer.Log4net - ---Executed Successfully GetPhysicianDropData() in OrdersController----
2024-08-30 06:10:50,716 [87] DEBUG LTCPro.ServiceLayer.Log4net - ---Executing GetUserToken() in UserService----
2024-08-30 06:10:50,790 [84] DEBUG LTCPro.ServiceLayer.Log4net - ---Executed Successfully GetOrderRoutes() in OrdersController----
2024-08-30 06:10:50,926 [87] DEBUG LTCPro.ServiceLayer.Log4net - ---Executing GetAllBarcodes() in StockEkitController----
2024-08-30 06:10:50,926 [87] DEBUG LTCPro.ServiceLayer.Log4net - ---Executing GetAllBarcodes() in StockEkitService----
2024-08-30 06:10:51,138 [84] DEBUG LTCPro.ServiceLayer.Log4net - ---Executing GetUserToken() in UserService----
2024-08-30 06:10:51,348 [84] DEBUG LTCPro.ServiceLayer.Log4net - ---Executing GetTimeZoneDate() in CommonController----
2024-08-30 06:10:51,349 [84] DEBUG LTCPro.ServiceLayer.Log4net - ---Executing GetTimeZoneDate() in CommonService----
2024-08-30 06:10:51,559 [84] DEBUG LTCPro.ServiceLayer.Log4net - ---Executed Successfully GetTimeZoneDate() in CommonController----
2024-08-30 06:10:52,212 [87] DEBUG LTCPro.ServiceLayer.Log4net - ---Executed Successfully GetAllBarcodes() in StockEkitController----
2024-08-30 06:10:53,311 [60] DEBUG LTCPro.ServiceLayer.Log4net - ---Executed Successfully GetResidentInformation() in ResidentDemographicController----
2024-08-30 06:10:53,356 [87] DEBUG LTCPro.ServiceLayer.Log4net - ---Executing GetUserToken() in UserService----
2024-08-30 06:10:53,357 [67] DEBUG LTCPro.ServiceLayer.Log4net - ---Executing GetUserToken() in UserService----
2024-08-30 06:10:53,375 [84] DEBUG LTCPro.ServiceLayer.Log4net - ---Executing GetUserToken() in UserService----
2024-08-30 06:10:53,595 [86] DEBUG LTCPro.ServiceLayer.Log4net - ---Executing GetUserToken() in UserService----
2024-08-30 06:10:53,596 [67] DEBUG LTCPro.ServiceLayer.Log4net - ---Executing GetDrFirstOrderCheck() in DrFirstIntegrationController----
2024-08-30 06:10:53,596 [67] DEBUG LTCPro.ServiceLayer.Log4net - ---Executing GetDrFirstOrderCheck() in DrFirstIntegrationService----
2024-08-30 06:10:53,602 [87] DEBUG LTCPro.ServiceLayer.Log4net - ---Executing GetWeightList(Patient_Id) in AssessmentController----
2024-08-30 06:10:53,602 [87] DEBUG LTCPro.ServiceLayer.Log4net - ---Executing GetWeightList() in AssessmentService----
2024-08-30 06:10:53,603 [84] DEBUG LTCPro.ServiceLayer.Log4net - ---Executing GetPatientType() in ResidentDemographicController----
2024-08-30 06:10:53,603 [84] DEBUG LTCPro.ServiceLayer.Log4net - ---Executing GetPatientType() in EmarService----
2024-08-30 06:10:53,629 [56] DEBUG LTCPro.ServiceLayer.Log4net - ---Executing GetUserToken() in UserService----
2024-08-30 06:10:53,809 [67] DEBUG LTCPro.ServiceLayer.Log4net - ---Executed Successfully GetDrFirstOrderCheck() in DrFirstIntegrationController----
2024-08-30 06:10:53,811 [86] DEBUG LTCPro.ServiceLayer.Log4net - ---Executing GetDiagnosisDetails() in OrdersController----
2024-08-30 06:10:53,811 [86] DEBUG LTCPro.ServiceLayer.Log4net - ---Executing GetDiagnosisDetails() in OrdersService----
2024-08-30 06:10:53,817 [84] DEBUG LTCPro.ServiceLayer.Log4net - ---Executed Successfully GetPatientType() in ResidentDemographicController----
2024-08-30 06:10:53,840 [56] DEBUG LTCPro.ServiceLayer.Log4net - ---Executing GetOrderGridData() in OrdersController----
2024-08-30 06:10:53,840 [56] DEBUG LTCPro.ServiceLayer.Log4net - ---Executing GetOrderGridData() in OrdersService----
2024-08-30 06:10:54,131 [56] DEBUG LTCPro.ServiceLayer.Log4net - ---Executed Successfully GetOrderGridData() in OrdersController----
2024-08-30 06:10:54,162 [56] DEBUG LTCPro.ServiceLayer.Log4net - ---Executing GetUserToken() in UserService----
2024-08-30 06:10:54,375 [56] DEBUG LTCPro.ServiceLayer.Log4net - ---Executing GetAllBarcodes() in StockEkitController----
2024-08-30 06:10:54,375 [56] DEBUG LTCPro.ServiceLayer.Log4net - ---Executing GetAllBarcodes() in StockEkitService----
2024-08-30 06:10:54,402 [67] DEBUG LTCPro.ServiceLayer.Log4net - ---Executing GetUserToken() in UserService----
2024-08-30 06:10:54,405 [60] DEBUG LTCPro.ServiceLayer.Log4net - ---Executing GetUserToken() in UserService----
2024-08-30 06:10:54,445 [87] DEBUG LTCPro.ServiceLayer.Log4net - ---Executed Successfully GetWeightList(Patient_Id) in AssessmentController----
2024-08-30 06:10:54,451 [86] DEBUG LTCPro.ServiceLayer.Log4net - ---Executed Successfully GetDiagnosisDetails() in OrdersController----
2024-08-30 06:10:54,621 [67] DEBUG LTCPro.ServiceLayer.Log4net - ---Executing GetOrdersData() in OrdersController----
2024-08-30 06:10:54,621 [67] DEBUG LTCPro.ServiceLayer.Log4net - ---Executing GetOrdersData() in OrdersService----
2024-08-30 06:10:54,622 [60] DEBUG LTCPro.ServiceLayer.Log4net - ---Executing GetOrderGridData() in OrdersController----
2024-08-30 06:10:54,622 [60] DEBUG LTCPro.ServiceLayer.Log4net - ---Executing GetOrderGridData() in OrdersService----
2024-08-30 06:10:54,841 [67] DEBUG LTCPro.ServiceLayer.Log4net - ---Executed Successfully GetOrdersData() in OrdersController----
2024-08-30 06:10:57,416 [56] DEBUG LTCPro.ServiceLayer.Log4net - ---Executed Successfully GetAllBarcodes() in StockEkitController----
2024-08-30 06:10:57,475 [60] DEBUG LTCPro.ServiceLayer.Log4net - ---Executed Successfully GetOrderGridData() in OrdersController----
2024-08-30 06:10:58,346 [87] DEBUG LTCPro.ServiceLayer.Log4net - ---Executing GetUserToken() in UserService----
2024-08-30 06:10:58,415 [84] DEBUG LTCPro.ServiceLayer.Log4net - ---Executing GetUserToken() in UserService----
2024-08-30 06:10:58,532 [86] DEBUG LTCPro.ServiceLayer.Log4net - ---Executing GetUserToken() in UserService----
2024-08-30 06:10:58,602 [87] DEBUG LTCPro.ServiceLayer.Log4net - ---Executing GetPhysicianDropData() in OrdersController----
2024-08-30 06:10:58,602 [87] DEBUG LTCPro.ServiceLayer.Log4net - ---Executing GetPhysicianDropData() in OrdersService----
2024-08-30 06:10:58,603 [67] DEBUG LTCPro.ServiceLayer.Log4net - ---Executing GetUserToken() in UserService----
2024-08-30 06:10:58,704 [84] DEBUG LTCPro.ServiceLayer.Log4net - ---Executing GetNurseNotes() in OrdersController----
2024-08-30 06:10:58,704 [84] DEBUG LTCPro.ServiceLayer.Log4net - ---Executing GetNurseNotes() in OrdersService----
2024-08-30 06:10:58,792 [86] DEBUG LTCPro.ServiceLayer.Log4net - ---Executing GetFavouritesMasterData() in OrdersController----
2024-08-30 06:10:58,792 [86] DEBUG LTCPro.ServiceLayer.Log4net - ---Executing GetFavouritesMasterData() in OrdersService----
2024-08-30 06:10:58,839 [67] DEBUG LTCPro.ServiceLayer.Log4net - ---Executing GetOrderStockDetails() in OrdersController----
2024-08-30 06:10:58,839 [67] DEBUG LTCPro.ServiceLayer.Log4net - ---Executing GetOrderStockDetails() in OrdersService----
2024-08-30 06:10:59,043 [86] DEBUG LTCPro.ServiceLayer.Log4net - ---Executed Successfully GetFavouritesMasterData() in OrdersController----
2024-08-30 06:10:59,091 [67] DEBUG LTCPro.ServiceLayer.Log4net - ---Executed Successfully GetOrderStockDetails() in OrdersController----
2024-08-30 06:10:59,151 [87] DEBUG LTCPro.ServiceLayer.Log4net - ---Executed Successfully GetPhysicianDropData() in OrdersController----
2024-08-30 06:11:00,074 [84] DEBUG LTCPro.ServiceLayer.Log4net - ---Executed Successfully GetNurseNotes() in OrdersController----
2024-08-30 06:13:36,085 [68] DEBUG LTCPro.ServiceLayer.Log4net - ---Executing GetUserToken() in UserService----
2024-08-30 06:13:36,085 [84] DEBUG LTCPro.ServiceLayer.Log4net - ---Executing GetUserToken() in UserService----
2024-08-30 06:13:36,295 [68] DEBUG LTCPro.ServiceLayer.Log4net - ---Executing InsertUserActivityDetails() in CompanyController----
2024-08-30 06:13:36,295 [68] DEBUG LTCPro.ServiceLayer.Log4net - ---Executing InsertUserActivityDetails() in UserActivityService----
2024-08-30 06:13:36,305 [84] DEBUG LTCPro.ServiceLayer.Log4net - ---Executing GetUserRecentFacNs() in UserController----
2024-08-30 06:13:36,305 [84] DEBUG LTCPro.ServiceLayer.Log4net - ---Executing GetUserRecentFacNs() in UserService----
2024-08-30 06:13:36,318 [25] DEBUG LTCPro.ServiceLayer.Log4net - ---Executing GetUserToken() in UserService----
2024-08-30 06:13:36,529 [25] DEBUG LTCPro.ServiceLayer.Log4net - ---Executing OrderEndingSoonStatus() in OrdersController----
2024-08-30 06:13:36,529 [25] DEBUG LTCPro.ServiceLayer.Log4net - ---Executing OrderEndingSoonStatus() in OrdersService----
2024-08-30 06:13:36,733 [84] DEBUG LTCPro.ServiceLayer.Log4net - ---Executed Successfully GetUserRecentFacNs() in UserController----
2024-08-30 06:13:36,760 [84] DEBUG LTCPro.ServiceLayer.Log4net - ---Executing GetUserToken() in UserService----
2024-08-30 06:13:36,914 [25] DEBUG LTCPro.ServiceLayer.Log4net - ---Executed Successfully OrderEndingSoonStatus() in OrdersController----
2024-08-30 06:13:36,922 [68] DEBUG LTCPro.ServiceLayer.Log4net - ---Executed Successfully InsertUserActivityDetails() in CompanyController----
2024-08-30 06:13:36,980 [84] DEBUG LTCPro.ServiceLayer.Log4net - ---Executing GetUserAccessFacilityNurseStaions() in FacilityController----
2024-08-30 06:13:36,980 [84] DEBUG LTCPro.ServiceLayer.Log4net - ---Executing GetUserAccessFacilityNurseStaions() in FacilityService----
2024-08-30 06:13:37,401 [84] DEBUG LTCPro.ServiceLayer.Log4net - ---Executed Successfully GetUserAccessFacilityNurseStaions() in FacilityController----
2024-08-30 06:13:37,429 [88] DEBUG LTCPro.ServiceLayer.Log4net - ---Executing GetUserToken() in UserService----
2024-08-30 06:13:37,639 [88] DEBUG LTCPro.ServiceLayer.Log4net - ---Executing UserNurseStationDrop() in FacilityController----
2024-08-30 06:13:37,639 [88] DEBUG LTCPro.ServiceLayer.Log4net - ---Executing UserNurseStationDrop() in FacilityService----
2024-08-30 06:13:37,853 [88] DEBUG LTCPro.ServiceLayer.Log4net - ---Executed Successfully UserNurseStationDrop() in FacilityController----
2024-08-30 06:13:38,000 [88] DEBUG LTCPro.ServiceLayer.Log4net - ---Executing GetUserToken() in UserService----
2024-08-30 06:13:38,012 [68] DEBUG LTCPro.ServiceLayer.Log4net - ---Executing GetUserToken() in UserService----
2024-08-30 06:13:38,213 [84] DEBUG LTCPro.ServiceLayer.Log4net - ---Executing GetUserToken() in UserService----
2024-08-30 06:13:38,215 [88] DEBUG LTCPro.ServiceLayer.Log4net - ---Executing GetCompanyToBedFlagByFacId() in FacilityController----
2024-08-30 06:13:38,215 [88] DEBUG LTCPro.ServiceLayer.Log4net - ---Executing GetCompanyToBedFlagByFacId() in FacilityService----
2024-08-30 06:13:38,227 [25] DEBUG LTCPro.ServiceLayer.Log4net - ---Executing GetUserToken() in UserService----
2024-08-30 06:13:38,230 [68] DEBUG LTCPro.ServiceLayer.Log4net - ---Executing GetPRNDetailsByfilter() in EMARController----
2024-08-30 06:13:38,230 [68] DEBUG LTCPro.ServiceLayer.Log4net - ---Executing GetPRNDetailsByfilter() in EmarService----
2024-08-30 06:13:38,425 [84] DEBUG LTCPro.ServiceLayer.Log4net - ---Executing OrderEndingSoonStatus() in OrdersController----
2024-08-30 06:13:38,425 [84] DEBUG LTCPro.ServiceLayer.Log4net - ---Executing OrderEndingSoonStatus() in OrdersService----
2024-08-30 06:13:38,437 [25] DEBUG LTCPro.ServiceLayer.Log4net - ---Executing GetOrdersEndingSoon() in OrdersController----
2024-08-30 06:13:38,437 [25] DEBUG LTCPro.ServiceLayer.Log4net - ---Executing GetOrdersEndingSoon() in OrdersService----
2024-08-30 06:13:38,766 [67] DEBUG LTCPro.ServiceLayer.Log4net - ---Executing GetUserToken() in UserService----
2024-08-30 06:13:38,832 [84] DEBUG LTCPro.ServiceLayer.Log4net - ---Executed Successfully OrderEndingSoonStatus() in OrdersController----
2024-08-30 06:13:38,857 [84] DEBUG LTCPro.ServiceLayer.Log4net - ---Executing GetUserToken() in UserService----
2024-08-30 06:13:38,981 [67] DEBUG LTCPro.ServiceLayer.Log4net - ---Executing GetOrdersGridData() in OrdersController----
2024-08-30 06:13:38,981 [67] DEBUG LTCPro.ServiceLayer.Log4net - ---Executing GetOrdersGridData() in OrdersService----
2024-08-30 06:13:38,982 [25] DEBUG LTCPro.ServiceLayer.Log4net - ---Executed Successfully GetOrdersEndingSoon() in OrdersController----
2024-08-30 06:13:39,070 [84] DEBUG LTCPro.ServiceLayer.Log4net - ---Executing GetSeventyTwoHourDetailsByfilter() in EMARController----
2024-08-30 06:13:39,070 [84] DEBUG LTCPro.ServiceLayer.Log4net - ---Executing GetSeventyTwoHourDetailsByfilter() in EmarService----
2024-08-30 06:13:39,494 [88] DEBUG LTCPro.ServiceLayer.Log4net - ---Executed Successfully GetCompanyToBedFlagByFacId() in FacilityController----
2024-08-30 06:13:39,540 [88] DEBUG LTCPro.ServiceLayer.Log4net - ---Executing GetUserToken() in UserService----
2024-08-30 06:13:39,753 [88] DEBUG LTCPro.ServiceLayer.Log4net - ---Executing GetNurseStationHierarchyDetailsbyNsId() in CompanyController----
2024-08-30 06:13:39,753 [88] DEBUG LTCPro.ServiceLayer.Log4net - ---Executing GetNurseStationHierarchyDetailsbyNsId() in CompanyService----
2024-08-30 06:13:39,963 [88] DEBUG LTCPro.ServiceLayer.Log4net - ---Executed Successfully GetNurseStationHierarchyDetailsbyNsId() in CompanyController----
2024-08-30 06:13:40,947 [67] DEBUG LTCPro.ServiceLayer.Log4net - ---Executed Successfully GetOrdersGridData() in OrdersController----
2024-08-30 06:13:41,278 [88] DEBUG LTCPro.ServiceLayer.Log4net - ---Executing GetUserToken() in UserService----
2024-08-30 06:13:41,487 [88] DEBUG LTCPro.ServiceLayer.Log4net - ---Executing GetPendingOrdersGridData() in OrdersController----
2024-08-30 06:13:41,487 [88] DEBUG LTCPro.ServiceLayer.Log4net - ---Executing GetPendingOrdersGridData() in OrdersService----
2024-08-30 06:13:43,454 [88] DEBUG LTCPro.ServiceLayer.Log4net - ---Executed Successfully GetPendingOrdersGridData() in OrdersController----
2024-08-30 06:13:48,999 [67] DEBUG LTCPro.ServiceLayer.Log4net - ---Executing GetUserToken() in UserService----
2024-08-30 06:13:49,215 [67] DEBUG LTCPro.ServiceLayer.Log4net - ---Executing GetOrdersGridDataByPatientId() in OrdersController----
2024-08-30 06:13:49,215 [67] DEBUG LTCPro.ServiceLayer.Log4net - ---Executing GetOrdersGridDataByPatientId() in OrdersService----
2024-08-30 06:13:49,686 [67] DEBUG LTCPro.ServiceLayer.Log4net - ---Executed Successfully GetOrdersGridDataByPatientId() in OrdersController----
2024-08-30 06:13:50,396 [68] DEBUG LTCPro.ServiceLayer.Log4net - ---Executed Successfully GetPRNDetailsByfilter() in EMARController----
2024-08-30 06:13:51,284 [84] DEBUG LTCPro.ServiceLayer.Log4net - ---Executed Successfully GetSeventyTwoHourDetailsByfilter() in EMARController----
2024-08-30 06:13:54,329 [25] DEBUG LTCPro.ServiceLayer.Log4net - ---Executing GetUserToken() in UserService----
2024-08-30 06:13:54,818 [25] DEBUG LTCPro.ServiceLayer.Log4net - ---Executing GetFacilityNSResidentsDataByPId() in ResidentDemographicController----
2024-08-30 06:13:54,818 [25] DEBUG LTCPro.ServiceLayer.Log4net - ---Executing GetFacilityNSResidentsDataByPId() in ResidentDemographicService----
2024-08-30 06:13:54,876 [67] DEBUG LTCPro.ServiceLayer.Log4net - ---Executing GetUserToken() in UserService----
2024-08-30 06:13:55,086 [67] DEBUG LTCPro.ServiceLayer.Log4net - ---Executing GetNurseNotes() in OrdersController----
2024-08-30 06:13:55,086 [67] DEBUG LTCPro.ServiceLayer.Log4net - ---Executing GetNurseNotes() in OrdersService----
2024-08-30 06:13:56,221 [67] DEBUG LTCPro.ServiceLayer.Log4net - ---Executed Successfully GetNurseNotes() in OrdersController----
2024-08-30 06:13:56,322 [25] DEBUG LTCPro.ServiceLayer.Log4net - ---Executed Successfully GetFacilityNSResidentsDataByPId() in ResidentDemographicController----
2024-08-30 06:13:56,391 [65] DEBUG LTCPro.ServiceLayer.Log4net - ---Executing GetUserToken() in UserService----
2024-08-30 06:13:56,512 [25] DEBUG LTCPro.ServiceLayer.Log4net - ---Executing GetUserToken() in UserService----
2024-08-30 06:13:56,676 [65] DEBUG LTCPro.ServiceLayer.Log4net - ---Executing GetAllBarcodes() in StockEkitController----
2024-08-30 06:13:56,676 [65] DEBUG LTCPro.ServiceLayer.Log4net - ---Executing GetAllBarcodes() in StockEkitService----
2024-08-30 06:13:56,742 [25] DEBUG LTCPro.ServiceLayer.Log4net - ---Executing GetDrFirstFlagForCompanyByNSId() in CompanyController----
2024-08-30 06:13:56,742 [25] DEBUG LTCPro.ServiceLayer.Log4net - ---Executing GetDrFirstFlagForCompanyByNSId() in CompanyService----
2024-08-30 06:13:56,775 [66] DEBUG LTCPro.ServiceLayer.Log4net - ---Executing GetUserToken() in UserService----
2024-08-30 06:13:56,810 [84] DEBUG LTCPro.ServiceLayer.Log4net - ---Executing GetUserToken() in UserService----
2024-08-30 06:13:56,953 [25] DEBUG LTCPro.ServiceLayer.Log4net - ---Executed Successfully GetDrFirstFlagForCompanyByNSId() in CompanyController----
2024-08-30 06:13:56,984 [66] DEBUG LTCPro.ServiceLayer.Log4net - ---Executing GetOrderRoutes() in OrdersController----
2024-08-30 06:13:56,984 [66] DEBUG LTCPro.ServiceLayer.Log4net - ---Executing GetOrderRoutes() in OrdersService----
2024-08-30 06:13:56,991 [25] DEBUG LTCPro.ServiceLayer.Log4net - ---Executing GetUserToken() in UserService----
2024-08-30 06:13:57,022 [84] DEBUG LTCPro.ServiceLayer.Log4net - ---Executing GetPhysicianDropData() in OrdersController----
2024-08-30 06:13:57,022 [84] DEBUG LTCPro.ServiceLayer.Log4net - ---Executing GetPhysicianDropData() in OrdersService----
2024-08-30 06:13:57,194 [66] DEBUG LTCPro.ServiceLayer.Log4net - ---Executed Successfully GetOrderRoutes() in OrdersController----
2024-08-30 06:13:57,202 [25] DEBUG LTCPro.ServiceLayer.Log4net - ---Executing GetResidentInformation() in ResidentDemographicController----
2024-08-30 06:13:57,202 [25] DEBUG LTCPro.ServiceLayer.Log4net - ---Executing GetResidentInformation() in ResidentDemographicService----
2024-08-30 06:13:57,342 [65] DEBUG LTCPro.ServiceLayer.Log4net - ---Executed Successfully GetAllBarcodes() in StockEkitController----
2024-08-30 06:13:57,436 [66] DEBUG LTCPro.ServiceLayer.Log4net - ---Executing GetUserToken() in UserService----
2024-08-30 06:13:57,475 [84] DEBUG LTCPro.ServiceLayer.Log4net - ---Executed Successfully GetPhysicianDropData() in OrdersController----
2024-08-30 06:13:57,650 [66] DEBUG LTCPro.ServiceLayer.Log4net - ---Executing GetTimeZoneDate() in CommonController----
2024-08-30 06:13:57,650 [66] DEBUG LTCPro.ServiceLayer.Log4net - ---Executing GetTimeZoneDate() in CommonService----
2024-08-30 06:13:57,859 [66] DEBUG LTCPro.ServiceLayer.Log4net - ---Executed Successfully GetTimeZoneDate() in CommonController----
2024-08-30 06:14:00,576 [25] DEBUG LTCPro.ServiceLayer.Log4net - ---Executed Successfully GetResidentInformation() in ResidentDemographicController----
2024-08-30 06:14:00,703 [66] DEBUG LTCPro.ServiceLayer.Log4net - ---Executing GetUserToken() in UserService----
2024-08-30 06:14:00,726 [84] DEBUG LTCPro.ServiceLayer.Log4net - ---Executing GetUserToken() in UserService----
2024-08-30 06:14:00,903 [25] DEBUG LTCPro.ServiceLayer.Log4net - ---Executing GetUserToken() in UserService----
2024-08-30 06:14:00,909 [65] DEBUG LTCPro.ServiceLayer.Log4net - ---Executing GetUserToken() in UserService----
2024-08-30 06:14:00,913 [66] DEBUG LTCPro.ServiceLayer.Log4net - ---Executing GetPatientType() in ResidentDemographicController----
2024-08-30 06:14:00,913 [66] DEBUG LTCPro.ServiceLayer.Log4net - ---Executing GetPatientType() in EmarService----
2024-08-30 06:14:00,946 [84] DEBUG LTCPro.ServiceLayer.Log4net - ---Executing GetWeightList(Patient_Id) in AssessmentController----
2024-08-30 06:14:00,946 [84] DEBUG LTCPro.ServiceLayer.Log4net - ---Executing GetWeightList() in AssessmentService----
2024-08-30 06:14:01,114 [25] DEBUG LTCPro.ServiceLayer.Log4net - ---Executing GetOrderGridData() in OrdersController----
2024-08-30 06:14:01,114 [25] DEBUG LTCPro.ServiceLayer.Log4net - ---Executing GetOrderGridData() in OrdersService----
2024-08-30 06:14:01,124 [65] DEBUG LTCPro.ServiceLayer.Log4net - ---Executing GetDiagnosisDetails() in OrdersController----
2024-08-30 06:14:01,124 [65] DEBUG LTCPro.ServiceLayer.Log4net - ---Executing GetDiagnosisDetails() in OrdersService----
2024-08-30 06:14:01,161 [66] DEBUG LTCPro.ServiceLayer.Log4net - ---Executed Successfully GetPatientType() in ResidentDemographicController----
2024-08-30 06:14:01,204 [66] DEBUG LTCPro.ServiceLayer.Log4net - ---Executing GetUserToken() in UserService----
2024-08-30 06:14:01,412 [25] DEBUG LTCPro.ServiceLayer.Log4net - ---Executed Successfully GetOrderGridData() in OrdersController----
2024-08-30 06:14:01,417 [66] DEBUG LTCPro.ServiceLayer.Log4net - ---Executing GetDrFirstOrderCheck() in DrFirstIntegrationController----
2024-08-30 06:14:01,417 [66] DEBUG LTCPro.ServiceLayer.Log4net - ---Executing GetDrFirstOrderCheck() in DrFirstIntegrationService----
2024-08-30 06:14:01,548 [25] DEBUG LTCPro.ServiceLayer.Log4net - ---Executing GetUserToken() in UserService----
2024-08-30 06:14:01,645 [66] DEBUG LTCPro.ServiceLayer.Log4net - ---Executed Successfully GetDrFirstOrderCheck() in DrFirstIntegrationController----
2024-08-30 06:14:01,933 [88] DEBUG LTCPro.ServiceLayer.Log4net - ---Executing GetUserToken() in UserService----
2024-08-30 06:14:01,940 [25] DEBUG LTCPro.ServiceLayer.Log4net - ---Executing GetAllBarcodes() in StockEkitController----
2024-08-30 06:14:01,940 [25] DEBUG LTCPro.ServiceLayer.Log4net - ---Executing GetAllBarcodes() in StockEkitService----
2024-08-30 06:14:01,945 [84] DEBUG LTCPro.ServiceLayer.Log4net - ---Executed Successfully GetWeightList(Patient_Id) in AssessmentController----
2024-08-30 06:14:01,947 [65] DEBUG LTCPro.ServiceLayer.Log4net - ---Executed Successfully GetDiagnosisDetails() in OrdersController----
2024-08-30 06:14:01,957 [67] DEBUG LTCPro.ServiceLayer.Log4net - ---Executing GetUserToken() in UserService----
2024-08-30 06:14:02,151 [88] DEBUG LTCPro.ServiceLayer.Log4net - ---Executing GetOrdersData() in OrdersController----
2024-08-30 06:14:02,151 [88] DEBUG LTCPro.ServiceLayer.Log4net - ---Executing GetOrdersData() in OrdersService----
2024-08-30 06:14:02,169 [67] DEBUG LTCPro.ServiceLayer.Log4net - ---Executing GetOrderGridData() in OrdersController----
2024-08-30 06:14:02,169 [67] DEBUG LTCPro.ServiceLayer.Log4net - ---Executing GetOrderGridData() in OrdersService----
2024-08-30 06:14:02,367 [88] DEBUG LTCPro.ServiceLayer.Log4net - ---Executed Successfully GetOrdersData() in OrdersController----
2024-08-30 06:14:04,039 [67] DEBUG LTCPro.ServiceLayer.Log4net - ---Executed Successfully GetOrderGridData() in OrdersController----
2024-08-30 06:14:04,251 [25] DEBUG LTCPro.ServiceLayer.Log4net - ---Executed Successfully GetAllBarcodes() in StockEkitController----
2024-08-30 06:14:04,284 [84] DEBUG LTCPro.ServiceLayer.Log4net - ---Executing GetUserToken() in UserService----
2024-08-30 06:14:04,293 [65] DEBUG LTCPro.ServiceLayer.Log4net - ---Executing GetUserToken() in UserService----
2024-08-30 06:14:04,296 [88] DEBUG LTCPro.ServiceLayer.Log4net - ---Executing GetUserToken() in UserService----
2024-08-30 06:14:04,302 [67] DEBUG LTCPro.ServiceLayer.Log4net - ---Executing GetUserToken() in UserService----
2024-08-30 06:14:04,499 [84] DEBUG LTCPro.ServiceLayer.Log4net - ---Executing GetOrderStockDetails() in OrdersController----
2024-08-30 06:14:04,499 [84] DEBUG LTCPro.ServiceLayer.Log4net - ---Executing GetOrderStockDetails() in OrdersService----
2024-08-30 06:14:04,501 [65] DEBUG LTCPro.ServiceLayer.Log4net - ---Executing GetPhysicianDropData() in OrdersController----
2024-08-30 06:14:04,502 [65] DEBUG LTCPro.ServiceLayer.Log4net - ---Executing GetPhysicianDropData() in OrdersService----
2024-08-30 06:14:04,505 [88] DEBUG LTCPro.ServiceLayer.Log4net - ---Executing GetNurseNotes() in OrdersController----
2024-08-30 06:14:04,505 [88] DEBUG LTCPro.ServiceLayer.Log4net - ---Executing GetNurseNotes() in OrdersService----
2024-08-30 06:14:04,511 [67] DEBUG LTCPro.ServiceLayer.Log4net - ---Executing GetFavouritesMasterData() in OrdersController----
2024-08-30 06:14:04,511 [67] DEBUG LTCPro.ServiceLayer.Log4net - ---Executing GetFavouritesMasterData() in OrdersService----
2024-08-30 06:14:04,719 [84] DEBUG LTCPro.ServiceLayer.Log4net - ---Executed Successfully GetOrderStockDetails() in OrdersController----
2024-08-30 06:14:04,735 [67] DEBUG LTCPro.ServiceLayer.Log4net - ---Executed Successfully GetFavouritesMasterData() in OrdersController----
2024-08-30 06:14:04,945 [65] DEBUG LTCPro.ServiceLayer.Log4net - ---Executed Successfully GetPhysicianDropData() in OrdersController----
2024-08-30 06:14:05,624 [88] DEBUG LTCPro.ServiceLayer.Log4net - ---Executed Successfully GetNurseNotes() in OrdersController----
2024-08-30 06:16:03,806 [84] DEBUG LTCPro.ServiceLayer.Log4net - ---Executing GetUserToken() in UserService----
2024-08-30 06:16:03,809 [58] DEBUG LTCPro.ServiceLayer.Log4net - ---Executing GetUserToken() in UserService----
2024-08-30 06:16:04,017 [84] DEBUG LTCPro.ServiceLayer.Log4net - ---Executing InsertUserActivityDetails() in CompanyController----
2024-08-30 06:16:04,017 [84] DEBUG LTCPro.ServiceLayer.Log4net - ---Executing InsertUserActivityDetails() in UserActivityService----
2024-08-30 06:16:04,023 [58] DEBUG LTCPro.ServiceLayer.Log4net - ---Executing GetUserRecentFacNs() in UserController----
2024-08-30 06:16:04,024 [58] DEBUG LTCPro.ServiceLayer.Log4net - ---Executing GetUserRecentFacNs() in UserService----
2024-08-30 06:16:04,146 [66] DEBUG LTCPro.ServiceLayer.Log4net - ---Executing GetUserToken() in UserService----
2024-08-30 06:16:04,357 [66] DEBUG LTCPro.ServiceLayer.Log4net - ---Executing OrderEndingSoonStatus() in OrdersController----
2024-08-30 06:16:04,357 [66] DEBUG LTCPro.ServiceLayer.Log4net - ---Executing OrderEndingSoonStatus() in OrdersService----
2024-08-30 06:16:04,440 [58] DEBUG LTCPro.ServiceLayer.Log4net - ---Executed Successfully GetUserRecentFacNs() in UserController----
2024-08-30 06:16:04,563 [58] DEBUG LTCPro.ServiceLayer.Log4net - ---Executing GetUserToken() in UserService----
2024-08-30 06:16:04,666 [84] DEBUG LTCPro.ServiceLayer.Log4net - ---Executed Successfully InsertUserActivityDetails() in CompanyController----
2024-08-30 06:16:04,750 [66] DEBUG LTCPro.ServiceLayer.Log4net - ---Executed Successfully OrderEndingSoonStatus() in OrdersController----
2024-08-30 06:16:04,774 [58] DEBUG LTCPro.ServiceLayer.Log4net - ---Executing GetUserAccessFacilityNurseStaions() in FacilityController----
2024-08-30 06:16:04,774 [58] DEBUG LTCPro.ServiceLayer.Log4net - ---Executing GetUserAccessFacilityNurseStaions() in FacilityService----
2024-08-30 06:16:05,192 [58] DEBUG LTCPro.ServiceLayer.Log4net - ---Executed Successfully GetUserAccessFacilityNurseStaions() in FacilityController----
2024-08-30 06:16:05,215 [84] DEBUG LTCPro.ServiceLayer.Log4net - ---Executing GetUserToken() in UserService----
2024-08-30 06:16:05,425 [84] DEBUG LTCPro.ServiceLayer.Log4net - ---Executing UserNurseStationDrop() in FacilityController----
2024-08-30 06:16:05,425 [84] DEBUG LTCPro.ServiceLayer.Log4net - ---Executing UserNurseStationDrop() in FacilityService----
2024-08-30 06:16:05,634 [84] DEBUG LTCPro.ServiceLayer.Log4net - ---Executed Successfully UserNurseStationDrop() in FacilityController----
2024-08-30 06:16:05,708 [66] DEBUG LTCPro.ServiceLayer.Log4net - ---Executing GetUserToken() in UserService----
2024-08-30 06:16:05,747 [67] DEBUG LTCPro.ServiceLayer.Log4net - ---Executing GetUserToken() in UserService----
2024-08-30 06:16:05,762 [58] DEBUG LTCPro.ServiceLayer.Log4net - ---Executing GetUserToken() in UserService----
2024-08-30 06:16:05,917 [66] DEBUG LTCPro.ServiceLayer.Log4net - ---Executing GetSeventyTwoHourDetailsByfilter() in EMARController----
2024-08-30 06:16:05,918 [66] DEBUG LTCPro.ServiceLayer.Log4net - ---Executing GetSeventyTwoHourDetailsByfilter() in EmarService----
2024-08-30 06:16:05,930 [84] DEBUG LTCPro.ServiceLayer.Log4net - ---Executing GetUserToken() in UserService----
2024-08-30 06:16:05,961 [67] DEBUG LTCPro.ServiceLayer.Log4net - ---Executing GetCompanyToBedFlagByFacId() in FacilityController----
2024-08-30 06:16:05,961 [67] DEBUG LTCPro.ServiceLayer.Log4net - ---Executing GetCompanyToBedFlagByFacId() in FacilityService----
2024-08-30 06:16:05,971 [58] DEBUG LTCPro.ServiceLayer.Log4net - ---Executing GetPRNDetailsByfilter() in EMARController----
2024-08-30 06:16:05,971 [58] DEBUG LTCPro.ServiceLayer.Log4net - ---Executing GetPRNDetailsByfilter() in EmarService----
2024-08-30 06:16:06,139 [84] DEBUG LTCPro.ServiceLayer.Log4net - ---Executing OrderEndingSoonStatus() in OrdersController----
2024-08-30 06:16:06,139 [84] DEBUG LTCPro.ServiceLayer.Log4net - ---Executing OrderEndingSoonStatus() in OrdersService----
2024-08-30 06:16:06,510 [88] DEBUG LTCPro.ServiceLayer.Log4net - ---Executing GetUserToken() in UserService----
2024-08-30 06:16:06,531 [84] DEBUG LTCPro.ServiceLayer.Log4net - ---Executed Successfully OrderEndingSoonStatus() in OrdersController----
2024-08-30 06:16:06,720 [88] DEBUG LTCPro.ServiceLayer.Log4net - ---Executing GetOrdersGridData() in OrdersController----
2024-08-30 06:16:06,720 [88] DEBUG LTCPro.ServiceLayer.Log4net - ---Executing GetOrdersGridData() in OrdersService----
2024-08-30 06:16:06,744 [84] DEBUG LTCPro.ServiceLayer.Log4net - ---Executing GetUserToken() in UserService----
2024-08-30 06:16:06,953 [84] DEBUG LTCPro.ServiceLayer.Log4net - ---Executing GetOrdersEndingSoon() in OrdersController----
2024-08-30 06:16:06,953 [84] DEBUG LTCPro.ServiceLayer.Log4net - ---Executing GetOrdersEndingSoon() in OrdersService----
2024-08-30 06:16:07,246 [67] DEBUG LTCPro.ServiceLayer.Log4net - ---Executed Successfully GetCompanyToBedFlagByFacId() in FacilityController----
2024-08-30 06:16:07,326 [67] DEBUG LTCPro.ServiceLayer.Log4net - ---Executing GetUserToken() in UserService----
2024-08-30 06:16:07,425 [84] DEBUG LTCPro.ServiceLayer.Log4net - ---Executed Successfully GetOrdersEndingSoon() in OrdersController----
2024-08-30 06:16:07,544 [67] DEBUG LTCPro.ServiceLayer.Log4net - ---Executing GetNurseStationHierarchyDetailsbyNsId() in CompanyController----
2024-08-30 06:16:07,544 [67] DEBUG LTCPro.ServiceLayer.Log4net - ---Executing GetNurseStationHierarchyDetailsbyNsId() in CompanyService----
2024-08-30 06:16:07,757 [67] DEBUG LTCPro.ServiceLayer.Log4net - ---Executed Successfully GetNurseStationHierarchyDetailsbyNsId() in CompanyController----
2024-08-30 06:16:08,766 [88] DEBUG LTCPro.ServiceLayer.Log4net - ---Executed Successfully GetOrdersGridData() in OrdersController----
2024-08-30 06:16:09,018 [67] DEBUG LTCPro.ServiceLayer.Log4net - ---Executing GetUserToken() in UserService----
2024-08-30 06:16:09,227 [67] DEBUG LTCPro.ServiceLayer.Log4net - ---Executing GetPendingOrdersGridData() in OrdersController----
2024-08-30 06:16:09,228 [67] DEBUG LTCPro.ServiceLayer.Log4net - ---Executing GetPendingOrdersGridData() in OrdersService----
2024-08-30 06:16:10,577 [85] DEBUG LTCPro.ServiceLayer.Log4net - ---Executing GetUserToken() in UserService----
2024-08-30 06:16:10,791 [85] DEBUG LTCPro.ServiceLayer.Log4net - ---Executing GetOrdersGridDataByPatientId() in OrdersController----
2024-08-30 06:16:10,791 [85] DEBUG LTCPro.ServiceLayer.Log4net - ---Executing GetOrdersGridDataByPatientId() in OrdersService----
2024-08-30 06:16:11,076 [67] DEBUG LTCPro.ServiceLayer.Log4net - ---Executed Successfully GetPendingOrdersGridData() in OrdersController----
2024-08-30 06:16:12,414 [85] DEBUG LTCPro.ServiceLayer.Log4net - ---Executed Successfully GetOrdersGridDataByPatientId() in OrdersController----
2024-08-30 06:16:15,362 [88] DEBUG LTCPro.ServiceLayer.Log4net - ---Executing GetUserToken() in UserService----
2024-08-30 06:16:15,543 [59] DEBUG LTCPro.ServiceLayer.Log4net - ---Executing GetUserToken() in UserService----
2024-08-30 06:16:15,572 [88] DEBUG LTCPro.ServiceLayer.Log4net - ---Executing GetFacilityNSResidentsDataByPId() in ResidentDemographicController----
2024-08-30 06:16:15,572 [88] DEBUG LTCPro.ServiceLayer.Log4net - ---Executing GetFacilityNSResidentsDataByPId() in ResidentDemographicService----
2024-08-30 06:16:15,756 [59] DEBUG LTCPro.ServiceLayer.Log4net - ---Executing GetNurseNotes() in OrdersController----
2024-08-30 06:16:15,756 [59] DEBUG LTCPro.ServiceLayer.Log4net - ---Executing GetNurseNotes() in OrdersService----
2024-08-30 06:16:17,013 [59] DEBUG LTCPro.ServiceLayer.Log4net - ---Executed Successfully GetNurseNotes() in OrdersController----
2024-08-30 06:16:17,090 [88] DEBUG LTCPro.ServiceLayer.Log4net - ---Executed Successfully GetFacilityNSResidentsDataByPId() in ResidentDemographicController----
2024-08-30 06:16:17,214 [85] DEBUG LTCPro.ServiceLayer.Log4net - ---Executing GetUserToken() in UserService----
2024-08-30 06:16:17,282 [59] DEBUG LTCPro.ServiceLayer.Log4net - ---Executing GetUserToken() in UserService----
2024-08-30 06:16:17,479 [85] DEBUG LTCPro.ServiceLayer.Log4net - ---Executing GetAllBarcodes() in StockEkitController----
2024-08-30 06:16:17,479 [85] DEBUG LTCPro.ServiceLayer.Log4net - ---Executing GetAllBarcodes() in StockEkitService----
2024-08-30 06:16:17,539 [59] DEBUG LTCPro.ServiceLayer.Log4net - ---Executing GetDrFirstFlagForCompanyByNSId() in CompanyController----
2024-08-30 06:16:17,539 [59] DEBUG LTCPro.ServiceLayer.Log4net - ---Executing GetDrFirstFlagForCompanyByNSId() in CompanyService----
2024-08-30 06:16:17,555 [84] DEBUG LTCPro.ServiceLayer.Log4net - ---Executing GetUserToken() in UserService----
2024-08-30 06:16:17,568 [88] DEBUG LTCPro.ServiceLayer.Log4net - ---Executing GetUserToken() in UserService----
2024-08-30 06:16:17,757 [59] DEBUG LTCPro.ServiceLayer.Log4net - ---Executed Successfully GetDrFirstFlagForCompanyByNSId() in CompanyController----
2024-08-30 06:16:17,764 [84] DEBUG LTCPro.ServiceLayer.Log4net - ---Executing GetPhysicianDropData() in OrdersController----
2024-08-30 06:16:17,765 [84] DEBUG LTCPro.ServiceLayer.Log4net - ---Executing GetPhysicianDropData() in OrdersService----
2024-08-30 06:16:17,949 [59] DEBUG LTCPro.ServiceLayer.Log4net - ---Executing GetUserToken() in UserService----
2024-08-30 06:16:18,161 [59] DEBUG LTCPro.ServiceLayer.Log4net - ---Executing GetResidentInformation() in ResidentDemographicController----
2024-08-30 06:16:18,161 [59] DEBUG LTCPro.ServiceLayer.Log4net - ---Executing GetResidentInformation() in ResidentDemographicService----
2024-08-30 06:16:18,214 [85] DEBUG LTCPro.ServiceLayer.Log4net - ---Executed Successfully GetAllBarcodes() in StockEkitController----
2024-08-30 06:16:18,215 [84] DEBUG LTCPro.ServiceLayer.Log4net - ---Executed Successfully GetPhysicianDropData() in OrdersController----
2024-08-30 06:16:19,034 [84] DEBUG LTCPro.ServiceLayer.Log4net - ---Executing GetUserToken() in UserService----
2024-08-30 06:16:19,159 [88] DEBUG LTCPro.ServiceLayer.Log4net - ---Executing GetOrderRoutes() in OrdersController----
2024-08-30 06:16:19,159 [88] DEBUG LTCPro.ServiceLayer.Log4net - ---Executing GetOrderRoutes() in OrdersService----
2024-08-30 06:16:19,244 [84] DEBUG LTCPro.ServiceLayer.Log4net - ---Executing GetTimeZoneDate() in CommonController----
2024-08-30 06:16:19,244 [84] DEBUG LTCPro.ServiceLayer.Log4net - ---Executing GetTimeZoneDate() in CommonService----
2024-08-30 06:16:19,342 [66] DEBUG LTCPro.ServiceLayer.Log4net - ---Executed Successfully GetSeventyTwoHourDetailsByfilter() in EMARController----
2024-08-30 06:16:19,377 [88] DEBUG LTCPro.ServiceLayer.Log4net - ---Executed Successfully GetOrderRoutes() in OrdersController----
2024-08-30 06:16:19,452 [84] DEBUG LTCPro.ServiceLayer.Log4net - ---Executed Successfully GetTimeZoneDate() in CommonController----
2024-08-30 06:16:19,558 [58] DEBUG LTCPro.ServiceLayer.Log4net - ---Executed Successfully GetPRNDetailsByfilter() in EMARController----
2024-08-30 06:16:21,567 [59] DEBUG LTCPro.ServiceLayer.Log4net - ---Executed Successfully GetResidentInformation() in ResidentDemographicController----
2024-08-30 06:16:21,629 [66] DEBUG LTCPro.ServiceLayer.Log4net - ---Executing GetUserToken() in UserService----
2024-08-30 06:16:21,634 [88] DEBUG LTCPro.ServiceLayer.Log4net - ---Executing GetUserToken() in UserService----
2024-08-30 06:16:21,647 [84] DEBUG LTCPro.ServiceLayer.Log4net - ---Executing GetUserToken() in UserService----
2024-08-30 06:16:21,840 [59] DEBUG LTCPro.ServiceLayer.Log4net - ---Executing GetUserToken() in UserService----
2024-08-30 06:16:21,841 [58] DEBUG LTCPro.ServiceLayer.Log4net - ---Executing GetUserToken() in UserService----
2024-08-30 06:16:21,844 [88] DEBUG LTCPro.ServiceLayer.Log4net - ---Executing GetWeightList(Patient_Id) in AssessmentController----
2024-08-30 06:16:21,844 [88] DEBUG LTCPro.ServiceLayer.Log4net - ---Executing GetWeightList() in AssessmentService----
2024-08-30 06:16:21,845 [66] DEBUG LTCPro.ServiceLayer.Log4net - ---Executing GetDrFirstOrderCheck() in DrFirstIntegrationController----
2024-08-30 06:16:21,845 [66] DEBUG LTCPro.ServiceLayer.Log4net - ---Executing GetDrFirstOrderCheck() in DrFirstIntegrationService----
2024-08-30 06:16:21,859 [84] DEBUG LTCPro.ServiceLayer.Log4net - ---Executing GetPatientType() in ResidentDemographicController----
2024-08-30 06:16:21,859 [84] DEBUG LTCPro.ServiceLayer.Log4net - ---Executing GetPatientType() in EmarService----
2024-08-30 06:16:22,049 [59] DEBUG LTCPro.ServiceLayer.Log4net - ---Executing GetOrderGridData() in OrdersController----
2024-08-30 06:16:22,049 [59] DEBUG LTCPro.ServiceLayer.Log4net - ---Executing GetOrderGridData() in OrdersService----
2024-08-30 06:16:22,050 [58] DEBUG LTCPro.ServiceLayer.Log4net - ---Executing GetDiagnosisDetails() in OrdersController----
2024-08-30 06:16:22,050 [58] DEBUG LTCPro.ServiceLayer.Log4net - ---Executing GetDiagnosisDetails() in OrdersService----
2024-08-30 06:16:22,054 [66] DEBUG LTCPro.ServiceLayer.Log4net - ---Executed Successfully GetDrFirstOrderCheck() in DrFirstIntegrationController----
2024-08-30 06:16:22,068 [84] DEBUG LTCPro.ServiceLayer.Log4net - ---Executed Successfully GetPatientType() in ResidentDemographicController----
2024-08-30 06:16:22,345 [59] DEBUG LTCPro.ServiceLayer.Log4net - ---Executed Successfully GetOrderGridData() in OrdersController----
2024-08-30 06:16:22,385 [84] DEBUG LTCPro.ServiceLayer.Log4net - ---Executing GetUserToken() in UserService----
2024-08-30 06:16:22,582 [59] DEBUG LTCPro.ServiceLayer.Log4net - ---Executing GetUserToken() in UserService----
2024-08-30 06:16:22,594 [84] DEBUG LTCPro.ServiceLayer.Log4net - ---Executing GetAllBarcodes() in StockEkitController----
2024-08-30 06:16:22,594 [84] DEBUG LTCPro.ServiceLayer.Log4net - ---Executing GetAllBarcodes() in StockEkitService----
2024-08-30 06:16:22,680 [88] DEBUG LTCPro.ServiceLayer.Log4net - ---Executed Successfully GetWeightList(Patient_Id) in AssessmentController----
2024-08-30 06:16:22,684 [58] DEBUG LTCPro.ServiceLayer.Log4net - ---Executed Successfully GetDiagnosisDetails() in OrdersController----
2024-08-30 06:16:22,874 [59] DEBUG LTCPro.ServiceLayer.Log4net - ---Executing GetOrderGridData() in OrdersController----
2024-08-30 06:16:22,874 [59] DEBUG LTCPro.ServiceLayer.Log4net - ---Executing GetOrderGridData() in OrdersService----
2024-08-30 06:16:23,030 [58] DEBUG LTCPro.ServiceLayer.Log4net - ---Executing GetUserToken() in UserService----
2024-08-30 06:16:23,172 [59] DEBUG LTCPro.ServiceLayer.Log4net - ---Executed Successfully GetOrderGridData() in OrdersController----
2024-08-30 06:16:23,239 [84] DEBUG LTCPro.ServiceLayer.Log4net - ---Executed Successfully GetAllBarcodes() in StockEkitController----
2024-08-30 06:16:23,247 [58] DEBUG LTCPro.ServiceLayer.Log4net - ---Executing GetOrdersData() in OrdersController----
2024-08-30 06:16:23,248 [58] DEBUG LTCPro.ServiceLayer.Log4net - ---Executing GetOrdersData() in OrdersService----
2024-08-30 06:16:23,470 [58] DEBUG LTCPro.ServiceLayer.Log4net - ---Executed Successfully GetOrdersData() in OrdersController----
2024-08-30 06:16:26,194 [67] DEBUG LTCPro.ServiceLayer.Log4net - ---Executing GetUserToken() in UserService----
2024-08-30 06:16:26,209 [59] DEBUG LTCPro.ServiceLayer.Log4net - ---Executing GetUserToken() in UserService----
2024-08-30 06:16:26,221 [88] DEBUG LTCPro.ServiceLayer.Log4net - ---Executing GetUserToken() in UserService----
2024-08-30 06:16:26,224 [66] DEBUG LTCPro.ServiceLayer.Log4net - ---Executing GetUserToken() in UserService----
2024-08-30 06:16:26,405 [67] DEBUG LTCPro.ServiceLayer.Log4net - ---Executing GetFavouritesMasterData() in OrdersController----
2024-08-30 06:16:26,405 [67] DEBUG LTCPro.ServiceLayer.Log4net - ---Executing GetFavouritesMasterData() in OrdersService----
2024-08-30 06:16:26,419 [59] DEBUG LTCPro.ServiceLayer.Log4net - ---Executing GetOrderStockDetails() in OrdersController----
2024-08-30 06:16:26,419 [59] DEBUG LTCPro.ServiceLayer.Log4net - ---Executing GetOrderStockDetails() in OrdersService----
2024-08-30 06:16:26,431 [88] DEBUG LTCPro.ServiceLayer.Log4net - ---Executing GetPhysicianDropData() in OrdersController----
2024-08-30 06:16:26,431 [88] DEBUG LTCPro.ServiceLayer.Log4net - ---Executing GetPhysicianDropData() in OrdersService----
2024-08-30 06:16:26,433 [66] DEBUG LTCPro.ServiceLayer.Log4net - ---Executing GetNurseNotes() in OrdersController----
2024-08-30 06:16:26,433 [66] DEBUG LTCPro.ServiceLayer.Log4net - ---Executing GetNurseNotes() in OrdersService----
2024-08-30 06:16:26,619 [67] DEBUG LTCPro.ServiceLayer.Log4net - ---Executed Successfully GetFavouritesMasterData() in OrdersController----
2024-08-30 06:16:26,628 [59] DEBUG LTCPro.ServiceLayer.Log4net - ---Executed Successfully GetOrderStockDetails() in OrdersController----
2024-08-30 06:16:26,895 [88] DEBUG LTCPro.ServiceLayer.Log4net - ---Executed Successfully GetPhysicianDropData() in OrdersController----
2024-08-30 06:16:27,540 [66] DEBUG LTCPro.ServiceLayer.Log4net - ---Executed Successfully GetNurseNotes() in OrdersController----
2024-08-30 06:17:07,369 [84] DEBUG LTCPro.ServiceLayer.Log4net - ---Executing GetUserToken() in UserService----
2024-08-30 06:17:07,376 [66] DEBUG LTCPro.ServiceLayer.Log4net - ---Executing GetUserToken() in UserService----
2024-08-30 06:17:07,582 [84] DEBUG LTCPro.ServiceLayer.Log4net - ---Executing InsertUserActivityDetails() in CompanyController----
2024-08-30 06:17:07,582 [84] DEBUG LTCPro.ServiceLayer.Log4net - ---Executing InsertUserActivityDetails() in UserActivityService----
2024-08-30 06:17:07,585 [66] DEBUG LTCPro.ServiceLayer.Log4net - ---Executing GetUserRecentFacNs() in UserController----
2024-08-30 06:17:07,585 [66] DEBUG LTCPro.ServiceLayer.Log4net - ---Executing GetUserRecentFacNs() in UserService----
2024-08-30 06:17:07,607 [88] DEBUG LTCPro.ServiceLayer.Log4net - ---Executing GetUserToken() in UserService----
2024-08-30 06:17:07,817 [88] DEBUG LTCPro.ServiceLayer.Log4net - ---Executing OrderEndingSoonStatus() in OrdersController----
2024-08-30 06:17:07,817 [88] DEBUG LTCPro.ServiceLayer.Log4net - ---Executing OrderEndingSoonStatus() in OrdersService----
2024-08-30 06:17:08,006 [66] DEBUG LTCPro.ServiceLayer.Log4net - ---Executed Successfully GetUserRecentFacNs() in UserController----
2024-08-30 06:17:08,061 [85] DEBUG LTCPro.ServiceLayer.Log4net - ---Executing GetUserToken() in UserService----
2024-08-30 06:17:08,207 [84] DEBUG LTCPro.ServiceLayer.Log4net - ---Executed Successfully InsertUserActivityDetails() in CompanyController----
2024-08-30 06:17:08,225 [88] DEBUG LTCPro.ServiceLayer.Log4net - ---Executed Successfully OrderEndingSoonStatus() in OrdersController----
2024-08-30 06:17:08,276 [85] DEBUG LTCPro.ServiceLayer.Log4net - ---Executing GetUserAccessFacilityNurseStaions() in FacilityController----
2024-08-30 06:17:08,277 [85] DEBUG LTCPro.ServiceLayer.Log4net - ---Executing GetUserAccessFacilityNurseStaions() in FacilityService----
2024-08-30 06:17:08,696 [85] DEBUG LTCPro.ServiceLayer.Log4net - ---Executed Successfully GetUserAccessFacilityNurseStaions() in FacilityController----
2024-08-30 06:17:08,717 [88] DEBUG LTCPro.ServiceLayer.Log4net - ---Executing GetUserToken() in UserService----
2024-08-30 06:17:08,926 [88] DEBUG LTCPro.ServiceLayer.Log4net - ---Executing UserNurseStationDrop() in FacilityController----
2024-08-30 06:17:08,927 [88] DEBUG LTCPro.ServiceLayer.Log4net - ---Executing UserNurseStationDrop() in FacilityService----
2024-08-30 06:17:09,139 [88] DEBUG LTCPro.ServiceLayer.Log4net - ---Executed Successfully UserNurseStationDrop() in FacilityController----
2024-08-30 06:17:09,211 [85] DEBUG LTCPro.ServiceLayer.Log4net - ---Executing GetUserToken() in UserService----
2024-08-30 06:17:09,220 [84] DEBUG LTCPro.ServiceLayer.Log4net - ---Executing GetUserToken() in UserService----
2024-08-30 06:17:09,467 [85] DEBUG LTCPro.ServiceLayer.Log4net - ---Executing GetPRNDetailsByfilter() in EMARController----
2024-08-30 06:17:09,467 [85] DEBUG LTCPro.ServiceLayer.Log4net - ---Executing GetPRNDetailsByfilter() in EmarService----
2024-08-30 06:17:09,469 [84] DEBUG LTCPro.ServiceLayer.Log4net - ---Executing GetSeventyTwoHourDetailsByfilter() in EMARController----
2024-08-30 06:17:09,469 [84] DEBUG LTCPro.ServiceLayer.Log4net - ---Executing GetSeventyTwoHourDetailsByfilter() in EmarService----
2024-08-30 06:17:09,705 [66] DEBUG LTCPro.ServiceLayer.Log4net - ---Executing GetUserToken() in UserService----
2024-08-30 06:17:09,717 [88] DEBUG LTCPro.ServiceLayer.Log4net - ---Executing GetUserToken() in UserService----
2024-08-30 06:17:09,924 [66] DEBUG LTCPro.ServiceLayer.Log4net - ---Executing OrderEndingSoonStatus() in OrdersController----
2024-08-30 06:17:09,924 [66] DEBUG LTCPro.ServiceLayer.Log4net - ---Executing OrderEndingSoonStatus() in OrdersService----
2024-08-30 06:17:09,929 [88] DEBUG LTCPro.ServiceLayer.Log4net - ---Executing GetOrdersEndingSoon() in OrdersController----
2024-08-30 06:17:09,929 [88] DEBUG LTCPro.ServiceLayer.Log4net - ---Executing GetOrdersEndingSoon() in OrdersService----
2024-08-30 06:17:10,063 [67] DEBUG LTCPro.ServiceLayer.Log4net - ---Executing GetUserToken() in UserService----
2024-08-30 06:17:10,282 [67] DEBUG LTCPro.ServiceLayer.Log4net - ---Executing GetOrdersGridData() in OrdersController----
2024-08-30 06:17:10,282 [67] DEBUG LTCPro.ServiceLayer.Log4net - ---Executing GetOrdersGridData() in OrdersService----
2024-08-30 06:17:10,331 [66] DEBUG LTCPro.ServiceLayer.Log4net - ---Executed Successfully OrderEndingSoonStatus() in OrdersController----
2024-08-30 06:17:10,347 [66] DEBUG LTCPro.ServiceLayer.Log4net - ---Executing GetUserToken() in UserService----
2024-08-30 06:17:10,509 [88] DEBUG LTCPro.ServiceLayer.Log4net - ---Executed Successfully GetOrdersEndingSoon() in OrdersController----
2024-08-30 06:17:10,559 [66] DEBUG LTCPro.ServiceLayer.Log4net - ---Executing GetCompanyToBedFlagByFacId() in FacilityController----
2024-08-30 06:17:10,559 [66] DEBUG LTCPro.ServiceLayer.Log4net - ---Executing GetCompanyToBedFlagByFacId() in FacilityService----
2024-08-30 06:17:11,837 [66] DEBUG LTCPro.ServiceLayer.Log4net - ---Executed Successfully GetCompanyToBedFlagByFacId() in FacilityController----
2024-08-30 06:17:11,875 [88] DEBUG LTCPro.ServiceLayer.Log4net - ---Executing GetUserToken() in UserService----
2024-08-30 06:17:12,084 [88] DEBUG LTCPro.ServiceLayer.Log4net - ---Executing GetNurseStationHierarchyDetailsbyNsId() in CompanyController----
2024-08-30 06:17:12,084 [88] DEBUG LTCPro.ServiceLayer.Log4net - ---Executing GetNurseStationHierarchyDetailsbyNsId() in CompanyService----
2024-08-30 06:17:12,155 [67] DEBUG LTCPro.ServiceLayer.Log4net - ---Executed Successfully GetOrdersGridData() in OrdersController----
2024-08-30 06:17:12,292 [88] DEBUG LTCPro.ServiceLayer.Log4net - ---Executed Successfully GetNurseStationHierarchyDetailsbyNsId() in CompanyController----
2024-08-30 06:17:12,422 [66] DEBUG LTCPro.ServiceLayer.Log4net - ---Executing GetUserToken() in UserService----
2024-08-30 06:17:12,633 [66] DEBUG LTCPro.ServiceLayer.Log4net - ---Executing GetPendingOrdersGridData() in OrdersController----
2024-08-30 06:17:12,633 [66] DEBUG LTCPro.ServiceLayer.Log4net - ---Executing GetPendingOrdersGridData() in OrdersService----
2024-08-30 06:17:14,481 [66] DEBUG LTCPro.ServiceLayer.Log4net - ---Executed Successfully GetPendingOrdersGridData() in OrdersController----
2024-08-30 06:17:14,613 [88] DEBUG LTCPro.ServiceLayer.Log4net - ---Executing GetUserToken() in UserService----
2024-08-30 06:17:14,823 [88] DEBUG LTCPro.ServiceLayer.Log4net - ---Executing GetOrdersGridDataByPatientId() in OrdersController----
2024-08-30 06:17:14,823 [88] DEBUG LTCPro.ServiceLayer.Log4net - ---Executing GetOrdersGridDataByPatientId() in OrdersService----
2024-08-30 06:17:15,772 [88] DEBUG LTCPro.ServiceLayer.Log4net - ---Executed Successfully GetOrdersGridDataByPatientId() in OrdersController----
2024-08-30 06:17:21,509 [84] DEBUG LTCPro.ServiceLayer.Log4net - ---Executed Successfully GetSeventyTwoHourDetailsByfilter() in EMARController----
2024-08-30 06:17:21,810 [85] DEBUG LTCPro.ServiceLayer.Log4net - ---Executed Successfully GetPRNDetailsByfilter() in EMARController----
2024-08-30 06:17:24,633 [67] DEBUG LTCPro.ServiceLayer.Log4net - ---Executing GetUserToken() in UserService----
2024-08-30 06:17:24,910 [67] DEBUG LTCPro.ServiceLayer.Log4net - ---Executing GetFacilityNSResidentsDataByPId() in ResidentDemographicController----
2024-08-30 06:17:24,910 [67] DEBUG LTCPro.ServiceLayer.Log4net - ---Executing GetFacilityNSResidentsDataByPId() in ResidentDemographicService----
2024-08-30 06:17:24,918 [88] DEBUG LTCPro.ServiceLayer.Log4net - ---Executing GetUserToken() in UserService----
2024-08-30 06:17:25,129 [88] DEBUG LTCPro.ServiceLayer.Log4net - ---Executing GetNurseNotes() in OrdersController----
2024-08-30 06:17:25,129 [88] DEBUG LTCPro.ServiceLayer.Log4net - ---Executing GetNurseNotes() in OrdersService----
2024-08-30 06:17:26,240 [88] DEBUG LTCPro.ServiceLayer.Log4net - ---Executed Successfully GetNurseNotes() in OrdersController----
2024-08-30 06:17:26,388 [67] DEBUG LTCPro.ServiceLayer.Log4net - ---Executed Successfully GetFacilityNSResidentsDataByPId() in ResidentDemographicController----
2024-08-30 06:17:26,467 [66] DEBUG LTCPro.ServiceLayer.Log4net - ---Executing GetUserToken() in UserService----
2024-08-30 06:17:26,524 [67] DEBUG LTCPro.ServiceLayer.Log4net - ---Executing GetUserToken() in UserService----
2024-08-30 06:17:26,740 [66] DEBUG LTCPro.ServiceLayer.Log4net - ---Executing GetDrFirstFlagForCompanyByNSId() in CompanyController----
2024-08-30 06:17:26,740 [66] DEBUG LTCPro.ServiceLayer.Log4net - ---Executing GetDrFirstFlagForCompanyByNSId() in CompanyService----
2024-08-30 06:17:26,763 [84] DEBUG LTCPro.ServiceLayer.Log4net - ---Executing GetUserToken() in UserService----
2024-08-30 06:17:26,800 [67] DEBUG LTCPro.ServiceLayer.Log4net - ---Executing GetAllBarcodes() in StockEkitController----
2024-08-30 06:17:26,800 [67] DEBUG LTCPro.ServiceLayer.Log4net - ---Executing GetAllBarcodes() in StockEkitService----
2024-08-30 06:17:26,829 [58] DEBUG LTCPro.ServiceLayer.Log4net - ---Executing GetUserToken() in UserService----
2024-08-30 06:17:26,844 [25] DEBUG LTCPro.ServiceLayer.Log4net - ---Executing GetUserToken() in UserService----
2024-08-30 06:17:26,963 [66] DEBUG LTCPro.ServiceLayer.Log4net - ---Executed Successfully GetDrFirstFlagForCompanyByNSId() in CompanyController----
2024-08-30 06:17:26,971 [84] DEBUG LTCPro.ServiceLayer.Log4net - ---Executing GetResidentInformation() in ResidentDemographicController----
2024-08-30 06:17:26,971 [84] DEBUG LTCPro.ServiceLayer.Log4net - ---Executing GetResidentInformation() in ResidentDemographicService----
2024-08-30 06:17:26,993 [66] DEBUG LTCPro.ServiceLayer.Log4net - ---Executing GetUserToken() in UserService----
2024-08-30 06:17:27,038 [58] DEBUG LTCPro.ServiceLayer.Log4net - ---Executing GetPhysicianDropData() in OrdersController----
2024-08-30 06:17:27,038 [58] DEBUG LTCPro.ServiceLayer.Log4net - ---Executing GetPhysicianDropData() in OrdersService----
2024-08-30 06:17:27,058 [25] DEBUG LTCPro.ServiceLayer.Log4net - ---Executing GetOrderRoutes() in OrdersController----
2024-08-30 06:17:27,058 [25] DEBUG LTCPro.ServiceLayer.Log4net - ---Executing GetOrderRoutes() in OrdersService----
2024-08-30 06:17:27,205 [66] DEBUG LTCPro.ServiceLayer.Log4net - ---Executing GetTimeZoneDate() in CommonController----
2024-08-30 06:17:27,205 [66] DEBUG LTCPro.ServiceLayer.Log4net - ---Executing GetTimeZoneDate() in CommonService----
2024-08-30 06:17:27,271 [25] DEBUG LTCPro.ServiceLayer.Log4net - ---Executed Successfully GetOrderRoutes() in OrdersController----
2024-08-30 06:17:27,415 [66] DEBUG LTCPro.ServiceLayer.Log4net - ---Executed Successfully GetTimeZoneDate() in CommonController----
2024-08-30 06:17:27,440 [67] DEBUG LTCPro.ServiceLayer.Log4net - ---Executed Successfully GetAllBarcodes() in StockEkitController----
2024-08-30 06:17:27,494 [58] DEBUG LTCPro.ServiceLayer.Log4net - ---Executed Successfully GetPhysicianDropData() in OrdersController----
2024-08-30 06:17:30,330 [84] DEBUG LTCPro.ServiceLayer.Log4net - ---Executed Successfully GetResidentInformation() in ResidentDemographicController----
2024-08-30 06:17:30,407 [25] DEBUG LTCPro.ServiceLayer.Log4net - ---Executing GetUserToken() in UserService----
2024-08-30 06:17:30,421 [58] DEBUG LTCPro.ServiceLayer.Log4net - ---Executing GetUserToken() in UserService----
2024-08-30 06:17:30,428 [66] DEBUG LTCPro.ServiceLayer.Log4net - ---Executing GetUserToken() in UserService----
2024-08-30 06:17:30,619 [25] DEBUG LTCPro.ServiceLayer.Log4net - ---Executing GetWeightList(Patient_Id) in AssessmentController----
2024-08-30 06:17:30,619 [25] DEBUG LTCPro.ServiceLayer.Log4net - ---Executing GetWeightList() in AssessmentService----
2024-08-30 06:17:30,638 [66] DEBUG LTCPro.ServiceLayer.Log4net - ---Executing GetPatientType() in ResidentDemographicController----
2024-08-30 06:17:30,638 [66] DEBUG LTCPro.ServiceLayer.Log4net - ---Executing GetPatientType() in EmarService----
2024-08-30 06:17:30,639 [58] DEBUG LTCPro.ServiceLayer.Log4net - ---Executing GetDrFirstOrderCheck() in DrFirstIntegrationController----
2024-08-30 06:17:30,639 [58] DEBUG LTCPro.ServiceLayer.Log4net - ---Executing GetDrFirstOrderCheck() in DrFirstIntegrationService----
2024-08-30 06:17:30,640 [84] DEBUG LTCPro.ServiceLayer.Log4net - ---Executing GetUserToken() in UserService----
2024-08-30 06:17:30,850 [58] DEBUG LTCPro.ServiceLayer.Log4net - ---Executed Successfully GetDrFirstOrderCheck() in DrFirstIntegrationController----
2024-08-30 06:17:30,852 [66] DEBUG LTCPro.ServiceLayer.Log4net - ---Executed Successfully GetPatientType() in ResidentDemographicController----
2024-08-30 06:17:30,854 [84] DEBUG LTCPro.ServiceLayer.Log4net - ---Executing GetDiagnosisDetails() in OrdersController----
2024-08-30 06:17:30,854 [84] DEBUG LTCPro.ServiceLayer.Log4net - ---Executing GetDiagnosisDetails() in OrdersService----
2024-08-30 06:17:31,179 [66] DEBUG LTCPro.ServiceLayer.Log4net - ---Executing GetUserToken() in UserService----
2024-08-30 06:17:31,390 [66] DEBUG LTCPro.ServiceLayer.Log4net - ---Executing GetOrderGridData() in OrdersController----
2024-08-30 06:17:31,390 [66] DEBUG LTCPro.ServiceLayer.Log4net - ---Executing GetOrderGridData() in OrdersService----
2024-08-30 06:17:31,473 [25] DEBUG LTCPro.ServiceLayer.Log4net - ---Executed Successfully GetWeightList(Patient_Id) in AssessmentController----
2024-08-30 06:17:31,519 [84] DEBUG LTCPro.ServiceLayer.Log4net - ---Executed Successfully GetDiagnosisDetails() in OrdersController----
2024-08-30 06:17:31,682 [66] DEBUG LTCPro.ServiceLayer.Log4net - ---Executed Successfully GetOrderGridData() in OrdersController----
2024-08-30 06:17:31,846 [58] DEBUG LTCPro.ServiceLayer.Log4net - ---Executing GetUserToken() in UserService----
2024-08-30 06:17:32,055 [25] DEBUG LTCPro.ServiceLayer.Log4net - ---Executing GetUserToken() in UserService----
2024-08-30 06:17:32,059 [58] DEBUG LTCPro.ServiceLayer.Log4net - ---Executing GetAllBarcodes() in StockEkitController----
2024-08-30 06:17:32,059 [58] DEBUG LTCPro.ServiceLayer.Log4net - ---Executing GetAllBarcodes() in StockEkitService----
2024-08-30 06:17:32,060 [67] DEBUG LTCPro.ServiceLayer.Log4net - ---Executing GetUserToken() in UserService----
2024-08-30 06:17:32,264 [25] DEBUG LTCPro.ServiceLayer.Log4net - ---Executing GetOrdersData() in OrdersController----
2024-08-30 06:17:32,264 [25] DEBUG LTCPro.ServiceLayer.Log4net - ---Executing GetOrdersData() in OrdersService----
2024-08-30 06:17:32,269 [67] DEBUG LTCPro.ServiceLayer.Log4net - ---Executing GetOrderGridData() in OrdersController----
2024-08-30 06:17:32,269 [67] DEBUG LTCPro.ServiceLayer.Log4net - ---Executing GetOrderGridData() in OrdersService----
2024-08-30 06:17:32,486 [25] DEBUG LTCPro.ServiceLayer.Log4net - ---Executed Successfully GetOrdersData() in OrdersController----
2024-08-30 06:17:35,472 [67] DEBUG LTCPro.ServiceLayer.Log4net - ---Executed Successfully GetOrderGridData() in OrdersController----
2024-08-30 06:17:35,837 [58] DEBUG LTCPro.ServiceLayer.Log4net - ---Executed Successfully GetAllBarcodes() in StockEkitController----
2024-08-30 06:17:35,887 [67] DEBUG LTCPro.ServiceLayer.Log4net - ---Executing GetUserToken() in UserService----
2024-08-30 06:17:35,889 [84] DEBUG LTCPro.ServiceLayer.Log4net - ---Executing GetUserToken() in UserService----
2024-08-30 06:17:35,901 [88] DEBUG LTCPro.ServiceLayer.Log4net - ---Executing GetUserToken() in UserService----
2024-08-30 06:17:35,907 [25] DEBUG LTCPro.ServiceLayer.Log4net - ---Executing GetUserToken() in UserService----
2024-08-30 06:17:36,099 [67] DEBUG LTCPro.ServiceLayer.Log4net - ---Executing GetPhysicianDropData() in OrdersController----
2024-08-30 06:17:36,099 [67] DEBUG LTCPro.ServiceLayer.Log4net - ---Executing GetPhysicianDropData() in OrdersService----
2024-08-30 06:17:36,099 [84] DEBUG LTCPro.ServiceLayer.Log4net - ---Executing GetOrderStockDetails() in OrdersController----
2024-08-30 06:17:36,099 [84] DEBUG LTCPro.ServiceLayer.Log4net - ---Executing GetOrderStockDetails() in OrdersService----
2024-08-30 06:17:36,111 [88] DEBUG LTCPro.ServiceLayer.Log4net - ---Executing GetFavouritesMasterData() in OrdersController----
2024-08-30 06:17:36,111 [88] DEBUG LTCPro.ServiceLayer.Log4net - ---Executing GetFavouritesMasterData() in OrdersService----
2024-08-30 06:17:36,115 [25] DEBUG LTCPro.ServiceLayer.Log4net - ---Executing GetNurseNotes() in OrdersController----
2024-08-30 06:17:36,115 [25] DEBUG LTCPro.ServiceLayer.Log4net - ---Executing GetNurseNotes() in OrdersService----
2024-08-30 06:17:36,310 [84] DEBUG LTCPro.ServiceLayer.Log4net - ---Executed Successfully GetOrderStockDetails() in OrdersController----
2024-08-30 06:17:36,322 [88] DEBUG LTCPro.ServiceLayer.Log4net - ---Executed Successfully GetFavouritesMasterData() in OrdersController----
2024-08-30 06:17:36,535 [67] DEBUG LTCPro.ServiceLayer.Log4net - ---Executed Successfully GetPhysicianDropData() in OrdersController----
2024-08-30 06:17:37,245 [25] DEBUG LTCPro.ServiceLayer.Log4net - ---Executed Successfully GetNurseNotes() in OrdersController----
2024-08-30 06:19:22,127 [88] DEBUG LTCPro.ServiceLayer.Log4net - ---Executing GetUserToken() in UserService----
2024-08-30 06:19:22,138 [84] DEBUG LTCPro.ServiceLayer.Log4net - ---Executing GetUserToken() in UserService----
2024-08-30 06:19:22,138 [87] DEBUG LTCPro.ServiceLayer.Log4net - ---Executing GetUserToken() in UserService----
2024-08-30 06:19:22,142 [58] DEBUG LTCPro.ServiceLayer.Log4net - ---Executing GetUserToken() in UserService----
2024-08-30 06:19:22,143 [66] DEBUG LTCPro.ServiceLayer.Log4net - ---Executing GetUserToken() in UserService----
2024-08-30 06:19:22,347 [84] DEBUG LTCPro.ServiceLayer.Log4net - ---Executing GetAlertsDetails() in MailboxController----
2024-08-30 06:19:22,347 [84] DEBUG LTCPro.ServiceLayer.Log4net - ---Executing GetAlertsDetails() in MailboxService----
2024-08-30 06:19:22,347 [88] DEBUG LTCPro.ServiceLayer.Log4net - ---Executing GetReadMailsCount() in MailboxController----
2024-08-30 06:19:22,348 [88] DEBUG LTCPro.ServiceLayer.Log4net - ---Executing GetReadMailsCount() in MailboxService----
2024-08-30 06:19:22,352 [66] DEBUG LTCPro.ServiceLayer.Log4net - ---Executing GetUserPassedDueFlag() in UserController----
2024-08-30 06:19:22,352 [66] DEBUG LTCPro.ServiceLayer.Log4net - ---Executing GetUserPassedDueFlag() in UserService----
2024-08-30 06:19:22,353 [87] DEBUG LTCPro.ServiceLayer.Log4net - ---Executing GetDueMARAlertData() in EmarController----
2024-08-30 06:19:22,353 [87] DEBUG LTCPro.ServiceLayer.Log4net - ---Executing GetDueMARAlertData() in EmarService----
2024-08-30 06:19:22,354 [58] DEBUG LTCPro.ServiceLayer.Log4net - ---Executing GetOutboundErrorDetails() in CommonController----
2024-08-30 06:19:22,354 [58] DEBUG LTCPro.ServiceLayer.Log4net - ---Executing GetOutboundErrorDetails() in CommonService----
2024-08-30 06:19:22,564 [88] DEBUG LTCPro.ServiceLayer.Log4net - ---Executed successfully GetReadMailsCount() in MailboxController----
2024-08-30 06:19:22,564 [66] DEBUG LTCPro.ServiceLayer.Log4net - ---Executed Successfully GetUserPassedDueFlag() in UserController----
2024-08-30 06:19:22,587 [66] DEBUG LTCPro.ServiceLayer.Log4net - ---Executing GetUserToken() in UserService----
2024-08-30 06:19:22,592 [88] DEBUG LTCPro.ServiceLayer.Log4net - ---Executing GetUserToken() in UserService----
2024-08-30 06:19:22,804 [88] DEBUG LTCPro.ServiceLayer.Log4net - ---Executing GetUserRecentFacNs() in UserController----
2024-08-30 06:19:22,804 [88] DEBUG LTCPro.ServiceLayer.Log4net - ---Executing GetUserRecentFacNs() in UserService----
2024-08-30 06:19:22,804 [66] DEBUG LTCPro.ServiceLayer.Log4net - ---Executing GetPendingDosesList() in CommonController----
2024-08-30 06:19:22,804 [66] DEBUG LTCPro.ServiceLayer.Log4net - ---Executing GetPendingDosesList() in CommonService----
2024-08-30 06:19:22,844 [84] DEBUG LTCPro.ServiceLayer.Log4net - ---Executed successfully GetAlertsDetails() in MailboxController----
2024-08-30 06:19:22,871 [84] DEBUG LTCPro.ServiceLayer.Log4net - ---Executing GetUserToken() in UserService----
2024-08-30 06:19:23,083 [84] DEBUG LTCPro.ServiceLayer.Log4net - ---Executing GetUserRecentFacNs() in UserController----
2024-08-30 06:19:23,083 [84] DEBUG LTCPro.ServiceLayer.Log4net - ---Executing GetUserRecentFacNs() in UserService----
2024-08-30 06:19:23,228 [88] DEBUG LTCPro.ServiceLayer.Log4net - ---Executed Successfully GetUserRecentFacNs() in UserController----
2024-08-30 06:19:23,446 [88] DEBUG LTCPro.ServiceLayer.Log4net - ---Executing GetUserToken() in UserService----
2024-08-30 06:19:23,507 [84] DEBUG LTCPro.ServiceLayer.Log4net - ---Executed Successfully GetUserRecentFacNs() in UserController----
2024-08-30 06:19:23,658 [88] DEBUG LTCPro.ServiceLayer.Log4net - ---Executing OrderEndingSoonStatus() in OrdersController----
2024-08-30 06:19:23,658 [88] DEBUG LTCPro.ServiceLayer.Log4net - ---Executing OrderEndingSoonStatus() in OrdersService----
2024-08-30 06:19:24,039 [84] DEBUG LTCPro.ServiceLayer.Log4net - ---Executing GetUserToken() in UserService----
2024-08-30 06:19:24,045 [87] DEBUG LTCPro.ServiceLayer.Log4net - ---Executed Successfully GetDueMARAlertData() in EmarController----
2024-08-30 06:19:24,064 [87] DEBUG LTCPro.ServiceLayer.Log4net - ---Executing GetUserToken() in UserService----
2024-08-30 06:19:24,099 [88] DEBUG LTCPro.ServiceLayer.Log4net - ---Executed Successfully OrderEndingSoonStatus() in OrdersController----
2024-08-30 06:19:24,114 [88] DEBUG LTCPro.ServiceLayer.Log4net - ---Executing GetUserToken() in UserService----
2024-08-30 06:19:24,250 [84] DEBUG LTCPro.ServiceLayer.Log4net - ---Executing InsertUserActivityDetails() in CompanyController----
2024-08-30 06:19:24,250 [84] DEBUG LTCPro.ServiceLayer.Log4net - ---Executing InsertUserActivityDetails() in UserActivityService----
2024-08-30 06:19:24,275 [87] DEBUG LTCPro.ServiceLayer.Log4net - ---Executing GetUserAccessFacilityNurseStaions() in FacilityController----
2024-08-30 06:19:24,275 [87] DEBUG LTCPro.ServiceLayer.Log4net - ---Executing GetUserAccessFacilityNurseStaions() in FacilityService----
2024-08-30 06:19:24,331 [88] DEBUG LTCPro.ServiceLayer.Log4net - ---Executing GetUserAccessFacilityNurseStaions() in FacilityController----
2024-08-30 06:19:24,331 [88] DEBUG LTCPro.ServiceLayer.Log4net - ---Executing GetUserAccessFacilityNurseStaions() in FacilityService----
2024-08-30 06:19:24,696 [87] DEBUG LTCPro.ServiceLayer.Log4net - ---Executed Successfully GetUserAccessFacilityNurseStaions() in FacilityController----
2024-08-30 06:19:24,758 [88] DEBUG LTCPro.ServiceLayer.Log4net - ---Executed Successfully GetUserAccessFacilityNurseStaions() in FacilityController----
2024-08-30 06:19:24,782 [88] DEBUG LTCPro.ServiceLayer.Log4net - ---Executing GetUserToken() in UserService----
2024-08-30 06:19:24,882 [84] DEBUG LTCPro.ServiceLayer.Log4net - ---Executed Successfully InsertUserActivityDetails() in CompanyController----
2024-08-30 06:19:24,991 [88] DEBUG LTCPro.ServiceLayer.Log4net - ---Executing UserNurseStationDrop() in FacilityController----
2024-08-30 06:19:24,991 [88] DEBUG LTCPro.ServiceLayer.Log4net - ---Executing UserNurseStationDrop() in FacilityService----
2024-08-30 06:19:25,201 [88] DEBUG LTCPro.ServiceLayer.Log4net - ---Executed Successfully UserNurseStationDrop() in FacilityController----
2024-08-30 06:19:25,239 [84] DEBUG LTCPro.ServiceLayer.Log4net - ---Executing GetUserToken() in UserService----
2024-08-30 06:19:25,438 [87] DEBUG LTCPro.ServiceLayer.Log4net - ---Executing GetUserToken() in UserService----
2024-08-30 06:19:25,449 [84] DEBUG LTCPro.ServiceLayer.Log4net - ---Executing GetCompanyToBedFlagByFacId() in FacilityController----
2024-08-30 06:19:25,449 [84] DEBUG LTCPro.ServiceLayer.Log4net - ---Executing GetCompanyToBedFlagByFacId() in FacilityService----
2024-08-30 06:19:25,647 [87] DEBUG LTCPro.ServiceLayer.Log4net - ---Executing OrderEndingSoonStatus() in OrdersController----
2024-08-30 06:19:25,648 [87] DEBUG LTCPro.ServiceLayer.Log4net - ---Executing OrderEndingSoonStatus() in OrdersService----
2024-08-30 06:19:25,679 [66] DEBUG LTCPro.ServiceLayer.Log4net - ---Executed Successfully GetPendingDosesList() in CommonController----
2024-08-30 06:19:25,927 [66] DEBUG LTCPro.ServiceLayer.Log4net - ---Executing GetUserToken() in UserService----
2024-08-30 06:19:26,025 [87] DEBUG LTCPro.ServiceLayer.Log4net - ---Executed Successfully OrderEndingSoonStatus() in OrdersController----
2024-08-30 06:19:26,053 [87] DEBUG LTCPro.ServiceLayer.Log4net - ---Executing GetUserToken() in UserService----
2024-08-30 06:19:26,135 [66] DEBUG LTCPro.ServiceLayer.Log4net - ---Executing GetOrdersEndingSoon() in OrdersController----
2024-08-30 06:19:26,136 [66] DEBUG LTCPro.ServiceLayer.Log4net - ---Executing GetOrdersEndingSoon() in OrdersService----
2024-08-30 06:19:26,265 [87] DEBUG LTCPro.ServiceLayer.Log4net - ---Executing GetPRNDetailsByfilter() in EMARController----
2024-08-30 06:19:26,265 [87] DEBUG LTCPro.ServiceLayer.Log4net - ---Executing GetPRNDetailsByfilter() in EmarService----
2024-08-30 06:19:26,621 [66] DEBUG LTCPro.ServiceLayer.Log4net - ---Executed Successfully GetOrdersEndingSoon() in OrdersController----
2024-08-30 06:19:26,649 [66] DEBUG LTCPro.ServiceLayer.Log4net - ---Executing GetUserToken() in UserService----
2024-08-30 06:19:26,713 [84] DEBUG LTCPro.ServiceLayer.Log4net - ---Executed Successfully GetCompanyToBedFlagByFacId() in FacilityController----
2024-08-30 06:19:26,771 [88] DEBUG LTCPro.ServiceLayer.Log4net - ---Executing GetUserToken() in UserService----
2024-08-30 06:19:26,859 [66] DEBUG LTCPro.ServiceLayer.Log4net - ---Executing GetSeventyTwoHourDetailsByfilter() in EMARController----
2024-08-30 06:19:26,859 [66] DEBUG LTCPro.ServiceLayer.Log4net - ---Executing GetSeventyTwoHourDetailsByfilter() in EmarService----
2024-08-30 06:19:26,980 [88] DEBUG LTCPro.ServiceLayer.Log4net - ---Executing GetNurseStationHierarchyDetailsbyNsId() in CompanyController----
2024-08-30 06:19:26,981 [88] DEBUG LTCPro.ServiceLayer.Log4net - ---Executing GetNurseStationHierarchyDetailsbyNsId() in CompanyService----
2024-08-30 06:19:27,010 [84] DEBUG LTCPro.ServiceLayer.Log4net - ---Executing GetUserToken() in UserService----
2024-08-30 06:19:27,191 [88] DEBUG LTCPro.ServiceLayer.Log4net - ---Executed Successfully GetNurseStationHierarchyDetailsbyNsId() in CompanyController----
2024-08-30 06:19:27,219 [84] DEBUG LTCPro.ServiceLayer.Log4net - ---Executing GetOrdersGridData() in OrdersController----
2024-08-30 06:19:27,219 [84] DEBUG LTCPro.ServiceLayer.Log4net - ---Executing GetOrdersGridData() in OrdersService----
2024-08-30 06:19:29,075 [84] DEBUG LTCPro.ServiceLayer.Log4net - ---Executed Successfully GetOrdersGridData() in OrdersController----
2024-08-30 06:19:29,486 [88] DEBUG LTCPro.ServiceLayer.Log4net - ---Executing GetUserToken() in UserService----
2024-08-30 06:19:29,694 [88] DEBUG LTCPro.ServiceLayer.Log4net - ---Executing GetPendingOrdersGridData() in OrdersController----
2024-08-30 06:19:29,694 [88] DEBUG LTCPro.ServiceLayer.Log4net - ---Executing GetPendingOrdersGridData() in OrdersService----
2024-08-30 06:19:30,703 [84] DEBUG LTCPro.ServiceLayer.Log4net - ---Executing GetUserToken() in UserService----
2024-08-30 06:19:30,913 [84] DEBUG LTCPro.ServiceLayer.Log4net - ---Executing GetOrdersGridDataByPatientId() in OrdersController----
2024-08-30 06:19:30,913 [84] DEBUG LTCPro.ServiceLayer.Log4net - ---Executing GetOrdersGridDataByPatientId() in OrdersService----
2024-08-30 06:19:31,265 [58] DEBUG LTCPro.ServiceLayer.Log4net - ---Executed Successfully GetOutboundErrorDetails() in CommonController----
2024-08-30 06:19:31,496 [84] DEBUG LTCPro.ServiceLayer.Log4net - ---Executed Successfully GetOrdersGridDataByPatientId() in OrdersController----
2024-08-30 06:19:31,530 [88] DEBUG LTCPro.ServiceLayer.Log4net - ---Executed Successfully GetPendingOrdersGridData() in OrdersController----
2024-08-30 06:19:34,441 [86] DEBUG LTCPro.ServiceLayer.Log4net - ---Executing GetUserToken() in UserService----
2024-08-30 06:19:34,652 [86] DEBUG LTCPro.ServiceLayer.Log4net - ---Executing GetFacilityNSResidentsDataByPId() in ResidentDemographicController----
2024-08-30 06:19:34,652 [86] DEBUG LTCPro.ServiceLayer.Log4net - ---Executing GetFacilityNSResidentsDataByPId() in ResidentDemographicService----
2024-08-30 06:19:34,674 [84] DEBUG LTCPro.ServiceLayer.Log4net - ---Executing GetUserToken() in UserService----
2024-08-30 06:19:34,884 [84] DEBUG LTCPro.ServiceLayer.Log4net - ---Executing GetNurseNotes() in OrdersController----
2024-08-30 06:19:34,884 [84] DEBUG LTCPro.ServiceLayer.Log4net - ---Executing GetNurseNotes() in OrdersService----
2024-08-30 06:19:36,360 [86] DEBUG LTCPro.ServiceLayer.Log4net - ---Executed Successfully GetFacilityNSResidentsDataByPId() in ResidentDemographicController----
2024-08-30 06:19:36,423 [84] DEBUG LTCPro.ServiceLayer.Log4net - ---Executed Successfully GetNurseNotes() in OrdersController----
2024-08-30 06:19:36,436 [58] DEBUG LTCPro.ServiceLayer.Log4net - ---Executing GetUserToken() in UserService----
2024-08-30 06:19:36,672 [58] DEBUG LTCPro.ServiceLayer.Log4net - ---Executing GetDrFirstFlagForCompanyByNSId() in CompanyController----
2024-08-30 06:19:36,672 [58] DEBUG LTCPro.ServiceLayer.Log4net - ---Executing GetDrFirstFlagForCompanyByNSId() in CompanyService----
2024-08-30 06:19:36,693 [76] DEBUG LTCPro.ServiceLayer.Log4net - ---Executing GetUserToken() in UserService----
2024-08-30 06:19:36,713 [84] DEBUG LTCPro.ServiceLayer.Log4net - ---Executing GetUserToken() in UserService----
2024-08-30 06:19:36,888 [58] DEBUG LTCPro.ServiceLayer.Log4net - ---Executed Successfully GetDrFirstFlagForCompanyByNSId() in CompanyController----
2024-08-30 06:19:36,908 [76] DEBUG LTCPro.ServiceLayer.Log4net - ---Executing GetPhysicianDropData() in OrdersController----
2024-08-30 06:19:36,908 [76] DEBUG LTCPro.ServiceLayer.Log4net - ---Executing GetPhysicianDropData() in OrdersService----
2024-08-30 06:19:36,917 [58] DEBUG LTCPro.ServiceLayer.Log4net - ---Executing GetUserToken() in UserService----
2024-08-30 06:19:36,922 [84] DEBUG LTCPro.ServiceLayer.Log4net - ---Executing GetOrderRoutes() in OrdersController----
2024-08-30 06:19:36,922 [84] DEBUG LTCPro.ServiceLayer.Log4net - ---Executing GetOrderRoutes() in OrdersService----
2024-08-30 06:19:37,126 [58] DEBUG LTCPro.ServiceLayer.Log4net - ---Executing GetAllBarcodes() in StockEkitController----
2024-08-30 06:19:37,126 [58] DEBUG LTCPro.ServiceLayer.Log4net - ---Executing GetAllBarcodes() in StockEkitService----
2024-08-30 06:19:37,132 [84] DEBUG LTCPro.ServiceLayer.Log4net - ---Executed Successfully GetOrderRoutes() in OrdersController----
2024-08-30 06:19:37,173 [84] DEBUG LTCPro.ServiceLayer.Log4net - ---Executing GetUserToken() in UserService----
2024-08-30 06:19:37,360 [76] DEBUG LTCPro.ServiceLayer.Log4net - ---Executed Successfully GetPhysicianDropData() in OrdersController----
2024-08-30 06:19:37,387 [84] DEBUG LTCPro.ServiceLayer.Log4net - ---Executing GetResidentInformation() in ResidentDemographicController----
2024-08-30 06:19:37,387 [84] DEBUG LTCPro.ServiceLayer.Log4net - ---Executing GetResidentInformation() in ResidentDemographicService----
2024-08-30 06:19:38,236 [58] DEBUG LTCPro.ServiceLayer.Log4net - ---Executed Successfully GetAllBarcodes() in StockEkitController----
2024-08-30 06:19:38,255 [58] DEBUG LTCPro.ServiceLayer.Log4net - ---Executing GetUserToken() in UserService----
2024-08-30 06:19:38,466 [58] DEBUG LTCPro.ServiceLayer.Log4net - ---Executing GetTimeZoneDate() in CommonController----
2024-08-30 06:19:38,466 [58] DEBUG LTCPro.ServiceLayer.Log4net - ---Executing GetTimeZoneDate() in CommonService----
2024-08-30 06:19:38,678 [58] DEBUG LTCPro.ServiceLayer.Log4net - ---Executed Successfully GetTimeZoneDate() in CommonController----
2024-08-30 06:19:38,841 [87] DEBUG LTCPro.ServiceLayer.Log4net - ---Executed Successfully GetPRNDetailsByfilter() in EMARController----
2024-08-30 06:19:39,251 [66] DEBUG LTCPro.ServiceLayer.Log4net - ---Executed Successfully GetSeventyTwoHourDetailsByfilter() in EMARController----
2024-08-30 06:19:40,788 [84] DEBUG LTCPro.ServiceLayer.Log4net - ---Executed Successfully GetResidentInformation() in ResidentDemographicController----
2024-08-30 06:19:40,845 [87] DEBUG LTCPro.ServiceLayer.Log4net - ---Executing GetUserToken() in UserService----
2024-08-30 06:19:40,851 [84] DEBUG LTCPro.ServiceLayer.Log4net - ---Executing GetUserToken() in UserService----
2024-08-30 06:19:41,115 [84] DEBUG LTCPro.ServiceLayer.Log4net - ---Executing GetDrFirstOrderCheck() in DrFirstIntegrationController----
2024-08-30 06:19:41,115 [84] DEBUG LTCPro.ServiceLayer.Log4net - ---Executing GetDrFirstOrderCheck() in DrFirstIntegrationService----
2024-08-30 06:19:41,115 [87] DEBUG LTCPro.ServiceLayer.Log4net - ---Executing GetWeightList(Patient_Id) in AssessmentController----
2024-08-30 06:19:41,115 [87] DEBUG LTCPro.ServiceLayer.Log4net - ---Executing GetWeightList() in AssessmentService----
2024-08-30 06:19:41,153 [66] DEBUG LTCPro.ServiceLayer.Log4net - ---Executing GetUserToken() in UserService----
2024-08-30 06:19:41,173 [58] DEBUG LTCPro.ServiceLayer.Log4net - ---Executing GetUserToken() in UserService----
2024-08-30 06:19:41,326 [84] DEBUG LTCPro.ServiceLayer.Log4net - ---Executed Successfully GetDrFirstOrderCheck() in DrFirstIntegrationController----
2024-08-30 06:19:41,372 [66] DEBUG LTCPro.ServiceLayer.Log4net - ---Executing GetDiagnosisDetails() in OrdersController----
2024-08-30 06:19:41,372 [66] DEBUG LTCPro.ServiceLayer.Log4net - ---Executing GetDiagnosisDetails() in OrdersService----
2024-08-30 06:19:41,374 [84] DEBUG LTCPro.ServiceLayer.Log4net - ---Executing GetUserToken() in UserService----
2024-08-30 06:19:41,382 [58] DEBUG LTCPro.ServiceLayer.Log4net - ---Executing GetOrderGridData() in OrdersController----
2024-08-30 06:19:41,382 [58] DEBUG LTCPro.ServiceLayer.Log4net - ---Executing GetOrderGridData() in OrdersService----
2024-08-30 06:19:41,582 [84] DEBUG LTCPro.ServiceLayer.Log4net - ---Executing GetPatientType() in ResidentDemographicController----
2024-08-30 06:19:41,582 [84] DEBUG LTCPro.ServiceLayer.Log4net - ---Executing GetPatientType() in EmarService----
2024-08-30 06:19:41,684 [58] DEBUG LTCPro.ServiceLayer.Log4net - ---Executed Successfully GetOrderGridData() in OrdersController----
2024-08-30 06:19:41,793 [84] DEBUG LTCPro.ServiceLayer.Log4net - ---Executed Successfully GetPatientType() in ResidentDemographicController----
2024-08-30 06:19:41,825 [88] DEBUG LTCPro.ServiceLayer.Log4net - ---Executing GetUserToken() in UserService----
2024-08-30 06:19:41,974 [87] DEBUG LTCPro.ServiceLayer.Log4net - ---Executed Successfully GetWeightList(Patient_Id) in AssessmentController----
2024-08-30 06:19:41,974 [58] DEBUG LTCPro.ServiceLayer.Log4net - ---Executing GetUserToken() in UserService----
2024-08-30 06:19:42,002 [66] DEBUG LTCPro.ServiceLayer.Log4net - ---Executed Successfully GetDiagnosisDetails() in OrdersController----
2024-08-30 06:19:42,040 [62] DEBUG LTCPro.ServiceLayer.Log4net - ---Executing GetUserToken() in UserService----
2024-08-30 06:19:42,050 [88] DEBUG LTCPro.ServiceLayer.Log4net - ---Executing GetAllBarcodes() in StockEkitController----
2024-08-30 06:19:42,051 [88] DEBUG LTCPro.ServiceLayer.Log4net - ---Executing GetAllBarcodes() in StockEkitService----
2024-08-30 06:19:42,184 [58] DEBUG LTCPro.ServiceLayer.Log4net - ---Executing GetOrderGridData() in OrdersController----
2024-08-30 06:19:42,184 [58] DEBUG LTCPro.ServiceLayer.Log4net - ---Executing GetOrderGridData() in OrdersService----
2024-08-30 06:19:42,250 [62] DEBUG LTCPro.ServiceLayer.Log4net - ---Executing GetOrdersData() in OrdersController----
2024-08-30 06:19:42,250 [62] DEBUG LTCPro.ServiceLayer.Log4net - ---Executing GetOrdersData() in OrdersService----
2024-08-30 06:19:42,445 [58] DEBUG LTCPro.ServiceLayer.Log4net - ---Executed Successfully GetOrderGridData() in OrdersController----
2024-08-30 06:19:42,462 [62] DEBUG LTCPro.ServiceLayer.Log4net - ---Executed Successfully GetOrdersData() in OrdersController----
2024-08-30 06:19:44,593 [88] DEBUG LTCPro.ServiceLayer.Log4net - ---Executed Successfully GetAllBarcodes() in StockEkitController----
2024-08-30 06:19:44,788 [66] DEBUG LTCPro.ServiceLayer.Log4net - ---Executing GetUserToken() in UserService----
2024-08-30 06:19:44,797 [84] DEBUG LTCPro.ServiceLayer.Log4net - ---Executing GetUserToken() in UserService----
2024-08-30 06:19:44,804 [86] DEBUG LTCPro.ServiceLayer.Log4net - ---Executing GetUserToken() in UserService----
2024-08-30 06:19:44,826 [58] DEBUG LTCPro.ServiceLayer.Log4net - ---Executing GetUserToken() in UserService----
2024-08-30 06:19:44,998 [66] DEBUG LTCPro.ServiceLayer.Log4net - ---Executing GetPhysicianDropData() in OrdersController----
2024-08-30 06:19:44,998 [66] DEBUG LTCPro.ServiceLayer.Log4net - ---Executing GetPhysicianDropData() in OrdersService----
2024-08-30 06:19:45,006 [84] DEBUG LTCPro.ServiceLayer.Log4net - ---Executing GetFavouritesMasterData() in OrdersController----
2024-08-30 06:19:45,006 [84] DEBUG LTCPro.ServiceLayer.Log4net - ---Executing GetFavouritesMasterData() in OrdersService----
2024-08-30 06:19:45,013 [86] DEBUG LTCPro.ServiceLayer.Log4net - ---Executing GetNurseNotes() in OrdersController----
2024-08-30 06:19:45,013 [86] DEBUG LTCPro.ServiceLayer.Log4net - ---Executing GetNurseNotes() in OrdersService----
2024-08-30 06:19:45,036 [58] DEBUG LTCPro.ServiceLayer.Log4net - ---Executing GetOrderStockDetails() in OrdersController----
2024-08-30 06:19:45,036 [58] DEBUG LTCPro.ServiceLayer.Log4net - ---Executing GetOrderStockDetails() in OrdersService----
2024-08-30 06:19:45,218 [84] DEBUG LTCPro.ServiceLayer.Log4net - ---Executed Successfully GetFavouritesMasterData() in OrdersController----
2024-08-30 06:19:45,246 [58] DEBUG LTCPro.ServiceLayer.Log4net - ---Executed Successfully GetOrderStockDetails() in OrdersController----
2024-08-30 06:19:45,440 [66] DEBUG LTCPro.ServiceLayer.Log4net - ---Executed Successfully GetPhysicianDropData() in OrdersController----
2024-08-30 06:19:46,148 [86] DEBUG LTCPro.ServiceLayer.Log4net - ---Executed Successfully GetNurseNotes() in OrdersController----
2024-08-30 06:21:54,659 [25] DEBUG LTCPro.ServiceLayer.Log4net - ---Executing GetUserToken() in UserService----
2024-08-30 06:21:54,663 [58] DEBUG LTCPro.ServiceLayer.Log4net - ---Executing GetUserToken() in UserService----
2024-08-30 06:21:54,677 [84] DEBUG LTCPro.ServiceLayer.Log4net - ---Executing GetUserToken() in UserService----
2024-08-30 06:21:54,717 [88] DEBUG LTCPro.ServiceLayer.Log4net - ---Executing GetUserToken() in UserService----
2024-08-30 06:21:54,985 [25] DEBUG LTCPro.ServiceLayer.Log4net - ---Executing GetOutboundErrorDetails() in CommonController----
2024-08-30 06:21:54,985 [25] DEBUG LTCPro.ServiceLayer.Log4net - ---Executing GetOutboundErrorDetails() in CommonService----
2024-08-30 06:21:54,989 [88] DEBUG LTCPro.ServiceLayer.Log4net - ---Executing GetDueMARAlertData() in EmarController----
2024-08-30 06:21:54,989 [88] DEBUG LTCPro.ServiceLayer.Log4net - ---Executing GetDueMARAlertData() in EmarService----
2024-08-30 06:21:54,989 [84] DEBUG LTCPro.ServiceLayer.Log4net - ---Executing GetReadMailsCount() in MailboxController----
2024-08-30 06:21:54,989 [84] DEBUG LTCPro.ServiceLayer.Log4net - ---Executing GetReadMailsCount() in MailboxService----
2024-08-30 06:21:54,992 [58] DEBUG LTCPro.ServiceLayer.Log4net - ---Executing GetAlertsDetails() in MailboxController----
2024-08-30 06:21:54,992 [58] DEBUG LTCPro.ServiceLayer.Log4net - ---Executing GetAlertsDetails() in MailboxService----
2024-08-30 06:21:55,204 [84] DEBUG LTCPro.ServiceLayer.Log4net - ---Executed successfully GetReadMailsCount() in MailboxController----
2024-08-30 06:21:55,220 [84] DEBUG LTCPro.ServiceLayer.Log4net - ---Executing GetUserToken() in UserService----
2024-08-30 06:21:55,568 [84] ERROR LTCPro.ServiceLayer.Log4net - ===================================
2024-08-30 06:21:55,568 [84] ERROR LTCPro.ServiceLayer.Log4net -  Source : = mscorlib
2024-08-30 06:21:55,568 [58] DEBUG LTCPro.ServiceLayer.Log4net - ---Executed successfully GetAlertsDetails() in MailboxController----
2024-08-30 06:21:55,569 [84] ERROR LTCPro.ServiceLayer.Log4net -  Stack Trace : =    at System.Runtime.CompilerServices.TaskAwaiter.ThrowForNonSuccess(Task task)
   at System.Runtime.CompilerServices.TaskAwaiter.HandleNonSuccessAndDebuggerNotification(Task task)
   at System.Web.Http.Controllers.ApiControllerActionInvoker.<InvokeActionAsyncCore>d__1.MoveNext()
--- End of stack trace from previous location where exception was thrown ---
   at System.Runtime.CompilerServices.TaskAwaiter.ThrowForNonSuccess(Task task)
   at System.Runtime.CompilerServices.TaskAwaiter.HandleNonSuccessAndDebuggerNotification(Task task)
   at System.Web.Http.Controllers.ActionFilterResult.<ExecuteAsync>d__5.MoveNext()
--- End of stack trace from previous location where exception was thrown ---
   at System.Runtime.CompilerServices.TaskAwaiter.ThrowForNonSuccess(Task task)
   at System.Runtime.CompilerServices.TaskAwaiter.HandleNonSuccessAndDebuggerNotification(Task task)
   at System.Web.Http.Filters.AuthorizationFilterAttribute.<ExecuteAuthorizationFilterAsyncCore>d__3.MoveNext()
--- End of stack trace from previous location where exception was thrown ---
   at System.Runtime.CompilerServices.TaskAwaiter.ThrowForNonSuccess(Task task)
   at System.Runtime.CompilerServices.TaskAwaiter.HandleNonSuccessAndDebuggerNotification(Task task)
   at System.Web.Http.Controllers.ExceptionFilterResult.<ExecuteAsync>d__6.MoveNext()
2024-08-30 06:21:55,569 [84] ERROR LTCPro.ServiceLayer.Log4net -  Exception Message : = A task was canceled.
2024-08-30 06:21:55,569 [84] ERROR LTCPro.ServiceLayer.Log4net - ============= Inner Exception  Stack Trace  ===========
2024-08-30 06:21:55,569 [84] ERROR LTCPro.ServiceLayer.Log4net -  Inner Exception  Stack Trace : =    at System.Runtime.CompilerServices.TaskAwaiter.ThrowForNonSuccess(Task task)
   at System.Runtime.CompilerServices.TaskAwaiter.HandleNonSuccessAndDebuggerNotification(Task task)
   at System.Web.Http.Controllers.ApiControllerActionInvoker.<InvokeActionAsyncCore>d__1.MoveNext()
--- End of stack trace from previous location where exception was thrown ---
   at System.Runtime.CompilerServices.TaskAwaiter.ThrowForNonSuccess(Task task)
   at System.Runtime.CompilerServices.TaskAwaiter.HandleNonSuccessAndDebuggerNotification(Task task)
   at System.Web.Http.Controllers.ActionFilterResult.<ExecuteAsync>d__5.MoveNext()
--- End of stack trace from previous location where exception was thrown ---
   at System.Runtime.CompilerServices.TaskAwaiter.ThrowForNonSuccess(Task task)
   at System.Runtime.CompilerServices.TaskAwaiter.HandleNonSuccessAndDebuggerNotification(Task task)
   at System.Web.Http.Filters.AuthorizationFilterAttribute.<ExecuteAuthorizationFilterAsyncCore>d__3.MoveNext()
--- End of stack trace from previous location where exception was thrown ---
   at System.Runtime.CompilerServices.TaskAwaiter.ThrowForNonSuccess(Task task)
   at System.Runtime.CompilerServices.TaskAwaiter.HandleNonSuccessAndDebuggerNotification(Task task)
   at System.Web.Http.Controllers.ExceptionFilterResult.<ExecuteAsync>d__6.MoveNext()
2024-08-30 06:21:55,569 [84] ERROR LTCPro.ServiceLayer.Log4net - =============  Exception  Stack Trace End  ===========
2024-08-30 06:21:55,990 [58] DEBUG LTCPro.ServiceLayer.Log4net - ---Executing GetUserToken() in UserService----
2024-08-30 06:21:56,340 [58] ERROR LTCPro.ServiceLayer.Log4net - ===================================
2024-08-30 06:21:56,340 [58] ERROR LTCPro.ServiceLayer.Log4net -  Source : = mscorlib
2024-08-30 06:21:56,340 [58] ERROR LTCPro.ServiceLayer.Log4net -  Stack Trace : =    at System.Runtime.CompilerServices.TaskAwaiter.ThrowForNonSuccess(Task task)
   at System.Runtime.CompilerServices.TaskAwaiter.HandleNonSuccessAndDebuggerNotification(Task task)
   at System.Web.Http.Controllers.ApiControllerActionInvoker.<InvokeActionAsyncCore>d__1.MoveNext()
--- End of stack trace from previous location where exception was thrown ---
   at System.Runtime.CompilerServices.TaskAwaiter.ThrowForNonSuccess(Task task)
   at System.Runtime.CompilerServices.TaskAwaiter.HandleNonSuccessAndDebuggerNotification(Task task)
   at System.Web.Http.Controllers.ActionFilterResult.<ExecuteAsync>d__5.MoveNext()
--- End of stack trace from previous location where exception was thrown ---
   at System.Runtime.CompilerServices.TaskAwaiter.ThrowForNonSuccess(Task task)
   at System.Runtime.CompilerServices.TaskAwaiter.HandleNonSuccessAndDebuggerNotification(Task task)
   at System.Web.Http.Filters.AuthorizationFilterAttribute.<ExecuteAuthorizationFilterAsyncCore>d__3.MoveNext()
--- End of stack trace from previous location where exception was thrown ---
   at System.Runtime.CompilerServices.TaskAwaiter.ThrowForNonSuccess(Task task)
   at System.Runtime.CompilerServices.TaskAwaiter.HandleNonSuccessAndDebuggerNotification(Task task)
   at System.Web.Http.Controllers.ExceptionFilterResult.<ExecuteAsync>d__6.MoveNext()
2024-08-30 06:21:56,341 [58] ERROR LTCPro.ServiceLayer.Log4net -  Exception Message : = A task was canceled.
2024-08-30 06:21:56,341 [58] ERROR LTCPro.ServiceLayer.Log4net - ============= Inner Exception  Stack Trace  ===========
2024-08-30 06:21:56,341 [58] ERROR LTCPro.ServiceLayer.Log4net -  Inner Exception  Stack Trace : =    at System.Runtime.CompilerServices.TaskAwaiter.ThrowForNonSuccess(Task task)
   at System.Runtime.CompilerServices.TaskAwaiter.HandleNonSuccessAndDebuggerNotification(Task task)
   at System.Web.Http.Controllers.ApiControllerActionInvoker.<InvokeActionAsyncCore>d__1.MoveNext()
--- End of stack trace from previous location where exception was thrown ---
   at System.Runtime.CompilerServices.TaskAwaiter.ThrowForNonSuccess(Task task)
   at System.Runtime.CompilerServices.TaskAwaiter.HandleNonSuccessAndDebuggerNotification(Task task)
   at System.Web.Http.Controllers.ActionFilterResult.<ExecuteAsync>d__5.MoveNext()
--- End of stack trace from previous location where exception was thrown ---
   at System.Runtime.CompilerServices.TaskAwaiter.ThrowForNonSuccess(Task task)
   at System.Runtime.CompilerServices.TaskAwaiter.HandleNonSuccessAndDebuggerNotification(Task task)
   at System.Web.Http.Filters.AuthorizationFilterAttribute.<ExecuteAuthorizationFilterAsyncCore>d__3.MoveNext()
--- End of stack trace from previous location where exception was thrown ---
   at System.Runtime.CompilerServices.TaskAwaiter.ThrowForNonSuccess(Task task)
   at System.Runtime.CompilerServices.TaskAwaiter.HandleNonSuccessAndDebuggerNotification(Task task)
   at System.Web.Http.Controllers.ExceptionFilterResult.<ExecuteAsync>d__6.MoveNext()
2024-08-30 06:21:56,341 [58] ERROR LTCPro.ServiceLayer.Log4net - =============  Exception  Stack Trace End  ===========
2024-08-30 06:21:57,010 [88] DEBUG LTCPro.ServiceLayer.Log4net - ---Executed Successfully GetDueMARAlertData() in EmarController----
2024-08-30 06:22:03,855 [25] DEBUG LTCPro.ServiceLayer.Log4net - ---Executed Successfully GetOutboundErrorDetails() in CommonController----
2024-08-30 06:22:05,951 [87] DEBUG LTCPro.ServiceLayer.Log4net - ---Executing GetUserToken() in UserService----
2024-08-30 06:22:05,967 [25] DEBUG LTCPro.ServiceLayer.Log4net - ---Executing GetUserToken() in UserService----
2024-08-30 06:22:06,175 [87] DEBUG LTCPro.ServiceLayer.Log4net - ---Executing GetReadMailsCount() in MailboxController----
2024-08-30 06:22:06,175 [87] DEBUG LTCPro.ServiceLayer.Log4net - ---Executing GetReadMailsCount() in MailboxService----
2024-08-30 06:22:06,176 [25] DEBUG LTCPro.ServiceLayer.Log4net - ---Executing GetAlertsDetails() in MailboxController----
2024-08-30 06:22:06,176 [25] DEBUG LTCPro.ServiceLayer.Log4net - ---Executing GetAlertsDetails() in MailboxService----
2024-08-30 06:22:06,385 [87] DEBUG LTCPro.ServiceLayer.Log4net - ---Executed successfully GetReadMailsCount() in MailboxController----
2024-08-30 06:22:06,399 [87] DEBUG LTCPro.ServiceLayer.Log4net - ---Executing GetUserToken() in UserService----
2024-08-30 06:22:06,620 [87] DEBUG LTCPro.ServiceLayer.Log4net - ---Executing GetUserPassedDueFlag() in UserController----
2024-08-30 06:22:06,620 [87] DEBUG LTCPro.ServiceLayer.Log4net - ---Executing GetUserPassedDueFlag() in UserService----
2024-08-30 06:22:06,635 [25] DEBUG LTCPro.ServiceLayer.Log4net - ---Executed successfully GetAlertsDetails() in MailboxController----
2024-08-30 06:22:06,673 [25] DEBUG LTCPro.ServiceLayer.Log4net - ---Executing GetUserToken() in UserService----
2024-08-30 06:22:06,831 [87] DEBUG LTCPro.ServiceLayer.Log4net - ---Executed Successfully GetUserPassedDueFlag() in UserController----
2024-08-30 06:22:06,867 [87] DEBUG LTCPro.ServiceLayer.Log4net - ---Executing GetUserToken() in UserService----
2024-08-30 06:22:06,874 [88] DEBUG LTCPro.ServiceLayer.Log4net - ---Executing GetUserToken() in UserService----
2024-08-30 06:22:06,883 [25] DEBUG LTCPro.ServiceLayer.Log4net - ---Executing GetDueMARAlertData() in EmarController----
2024-08-30 06:22:06,883 [25] DEBUG LTCPro.ServiceLayer.Log4net - ---Executing GetDueMARAlertData() in EmarService----
2024-08-30 06:22:06,885 [59] DEBUG LTCPro.ServiceLayer.Log4net - ---Executing GetUserToken() in UserService----
2024-08-30 06:22:06,885 [65] DEBUG LTCPro.ServiceLayer.Log4net - ---Executing GetUserToken() in UserService----
2024-08-30 06:22:07,087 [87] DEBUG LTCPro.ServiceLayer.Log4net - ---Executing GetOutboundErrorDetails() in CommonController----
2024-08-30 06:22:07,087 [87] DEBUG LTCPro.ServiceLayer.Log4net - ---Executing GetOutboundErrorDetails() in CommonService----
2024-08-30 06:22:07,088 [88] DEBUG LTCPro.ServiceLayer.Log4net - ---Executing GetPendingDosesList() in CommonController----
2024-08-30 06:22:07,088 [88] DEBUG LTCPro.ServiceLayer.Log4net - ---Executing GetPendingDosesList() in CommonService----
2024-08-30 06:22:07,094 [65] DEBUG LTCPro.ServiceLayer.Log4net - ---Executing GetUserRecentFacNs() in UserController----
2024-08-30 06:22:07,094 [65] DEBUG LTCPro.ServiceLayer.Log4net - ---Executing GetUserRecentFacNs() in UserService----
2024-08-30 06:22:07,122 [59] DEBUG LTCPro.ServiceLayer.Log4net - ---Executing GetUserRecentFacNs() in UserController----
2024-08-30 06:22:07,122 [59] DEBUG LTCPro.ServiceLayer.Log4net - ---Executing GetUserRecentFacNs() in UserService----
2024-08-30 06:22:07,571 [65] DEBUG LTCPro.ServiceLayer.Log4net - ---Executed Successfully GetUserRecentFacNs() in UserController----
2024-08-30 06:22:07,571 [59] DEBUG LTCPro.ServiceLayer.Log4net - ---Executed Successfully GetUserRecentFacNs() in UserController----
2024-08-30 06:22:07,590 [59] DEBUG LTCPro.ServiceLayer.Log4net - ---Executing GetUserToken() in UserService----
2024-08-30 06:22:07,607 [65] DEBUG LTCPro.ServiceLayer.Log4net - ---Executing GetUserToken() in UserService----
2024-08-30 06:22:07,652 [85] DEBUG LTCPro.ServiceLayer.Log4net - ---Executing GetUserToken() in UserService----
2024-08-30 06:22:07,804 [59] DEBUG LTCPro.ServiceLayer.Log4net - ---Executing InsertUserActivityDetails() in CompanyController----
2024-08-30 06:22:07,804 [59] DEBUG LTCPro.ServiceLayer.Log4net - ---Executing InsertUserActivityDetails() in UserActivityService----
2024-08-30 06:22:07,818 [65] DEBUG LTCPro.ServiceLayer.Log4net - ---Executing GetUserAccessFacilityNurseStaions() in FacilityController----
2024-08-30 06:22:07,818 [65] DEBUG LTCPro.ServiceLayer.Log4net - ---Executing GetUserAccessFacilityNurseStaions() in FacilityService----
2024-08-30 06:22:07,863 [85] DEBUG LTCPro.ServiceLayer.Log4net - ---Executing OrderEndingSoonStatus() in OrdersController----
2024-08-30 06:22:07,863 [85] DEBUG LTCPro.ServiceLayer.Log4net - ---Executing OrderEndingSoonStatus() in OrdersService----
2024-08-30 06:22:08,249 [65] DEBUG LTCPro.ServiceLayer.Log4net - ---Executed Successfully GetUserAccessFacilityNurseStaions() in FacilityController----
2024-08-30 06:22:08,264 [65] DEBUG LTCPro.ServiceLayer.Log4net - ---Executing GetUserToken() in UserService----
2024-08-30 06:22:08,303 [85] DEBUG LTCPro.ServiceLayer.Log4net - ---Executed Successfully OrderEndingSoonStatus() in OrdersController----
2024-08-30 06:22:08,367 [25] DEBUG LTCPro.ServiceLayer.Log4net - ---Executed Successfully GetDueMARAlertData() in EmarController----
2024-08-30 06:22:08,444 [59] DEBUG LTCPro.ServiceLayer.Log4net - ---Executed Successfully InsertUserActivityDetails() in CompanyController----
2024-08-30 06:22:08,477 [65] DEBUG LTCPro.ServiceLayer.Log4net - ---Executing GetUserAccessFacilityNurseStaions() in FacilityController----
2024-08-30 06:22:08,477 [65] DEBUG LTCPro.ServiceLayer.Log4net - ---Executing GetUserAccessFacilityNurseStaions() in FacilityService----
2024-08-30 06:22:08,896 [65] DEBUG LTCPro.ServiceLayer.Log4net - ---Executed Successfully GetUserAccessFacilityNurseStaions() in FacilityController----
2024-08-30 06:22:08,921 [25] DEBUG LTCPro.ServiceLayer.Log4net - ---Executing GetUserToken() in UserService----
2024-08-30 06:22:09,132 [25] DEBUG LTCPro.ServiceLayer.Log4net - ---Executing UserNurseStationDrop() in FacilityController----
2024-08-30 06:22:09,132 [25] DEBUG LTCPro.ServiceLayer.Log4net - ---Executing UserNurseStationDrop() in FacilityService----
2024-08-30 06:22:09,361 [25] DEBUG LTCPro.ServiceLayer.Log4net - ---Executed Successfully UserNurseStationDrop() in FacilityController----
2024-08-30 06:22:09,418 [85] DEBUG LTCPro.ServiceLayer.Log4net - ---Executing GetUserToken() in UserService----
2024-08-30 06:22:09,437 [65] DEBUG LTCPro.ServiceLayer.Log4net - ---Executing GetUserToken() in UserService----
2024-08-30 06:22:09,639 [85] DEBUG LTCPro.ServiceLayer.Log4net - ---Executing GetCompanyToBedFlagByFacId() in FacilityController----
2024-08-30 06:22:09,639 [85] DEBUG LTCPro.ServiceLayer.Log4net - ---Executing GetCompanyToBedFlagByFacId() in FacilityService----
2024-08-30 06:22:09,647 [65] DEBUG LTCPro.ServiceLayer.Log4net - ---Executing GetPRNDetailsByfilter() in EMARController----
2024-08-30 06:22:09,647 [65] DEBUG LTCPro.ServiceLayer.Log4net - ---Executing GetPRNDetailsByfilter() in EmarService----
2024-08-30 06:22:09,665 [25] DEBUG LTCPro.ServiceLayer.Log4net - ---Executing GetUserToken() in UserService----
2024-08-30 06:22:09,668 [59] DEBUG LTCPro.ServiceLayer.Log4net - ---Executing GetUserToken() in UserService----
2024-08-30 06:22:09,832 [88] DEBUG LTCPro.ServiceLayer.Log4net - ---Executed Successfully GetPendingDosesList() in CommonController----
2024-08-30 06:22:09,868 [88] DEBUG LTCPro.ServiceLayer.Log4net - ---Executing GetUserToken() in UserService----
2024-08-30 06:22:09,904 [25] DEBUG LTCPro.ServiceLayer.Log4net - ---Executing GetOrdersEndingSoon() in OrdersController----
2024-08-30 06:22:09,904 [25] DEBUG LTCPro.ServiceLayer.Log4net - ---Executing GetOrdersEndingSoon() in OrdersService----
2024-08-30 06:22:09,907 [59] DEBUG LTCPro.ServiceLayer.Log4net - ---Executing OrderEndingSoonStatus() in OrdersController----
2024-08-30 06:22:09,907 [59] DEBUG LTCPro.ServiceLayer.Log4net - ---Executing OrderEndingSoonStatus() in OrdersService----
2024-08-30 06:22:10,077 [88] DEBUG LTCPro.ServiceLayer.Log4net - ---Executing GetSeventyTwoHourDetailsByfilter() in EMARController----
2024-08-30 06:22:10,077 [88] DEBUG LTCPro.ServiceLayer.Log4net - ---Executing GetSeventyTwoHourDetailsByfilter() in EmarService----
2024-08-30 06:22:10,325 [59] DEBUG LTCPro.ServiceLayer.Log4net - ---Executed Successfully OrderEndingSoonStatus() in OrdersController----
2024-08-30 06:22:10,454 [25] DEBUG LTCPro.ServiceLayer.Log4net - ---Executed Successfully GetOrdersEndingSoon() in OrdersController----
2024-08-30 06:22:10,605 [59] DEBUG LTCPro.ServiceLayer.Log4net - ---Executing GetUserToken() in UserService----
2024-08-30 06:22:10,837 [59] DEBUG LTCPro.ServiceLayer.Log4net - ---Executing GetOrdersGridData() in OrdersController----
2024-08-30 06:22:10,837 [59] DEBUG LTCPro.ServiceLayer.Log4net - ---Executing GetOrdersGridData() in OrdersService----
2024-08-30 06:22:10,946 [85] DEBUG LTCPro.ServiceLayer.Log4net - ---Executed Successfully GetCompanyToBedFlagByFacId() in FacilityController----
2024-08-30 06:22:10,990 [25] DEBUG LTCPro.ServiceLayer.Log4net - ---Executing GetUserToken() in UserService----
2024-08-30 06:22:11,199 [25] DEBUG LTCPro.ServiceLayer.Log4net - ---Executing GetNurseStationHierarchyDetailsbyNsId() in CompanyController----
2024-08-30 06:22:11,199 [25] DEBUG LTCPro.ServiceLayer.Log4net - ---Executing GetNurseStationHierarchyDetailsbyNsId() in CompanyService----
2024-08-30 06:22:11,409 [25] DEBUG LTCPro.ServiceLayer.Log4net - ---Executed Successfully GetNurseStationHierarchyDetailsbyNsId() in CompanyController----
2024-08-30 06:22:12,698 [59] DEBUG LTCPro.ServiceLayer.Log4net - ---Executed Successfully GetOrdersGridData() in OrdersController----
2024-08-30 06:22:13,944 [25] DEBUG LTCPro.ServiceLayer.Log4net - ---Executing GetUserToken() in UserService----
2024-08-30 06:22:14,154 [25] DEBUG LTCPro.ServiceLayer.Log4net - ---Executing GetPendingOrdersGridData() in OrdersController----
2024-08-30 06:22:14,154 [25] DEBUG LTCPro.ServiceLayer.Log4net - ---Executing GetPendingOrdersGridData() in OrdersService----
2024-08-30 06:22:14,884 [85] DEBUG LTCPro.ServiceLayer.Log4net - ---Executing GetUserToken() in UserService----
2024-08-30 06:22:15,111 [85] DEBUG LTCPro.ServiceLayer.Log4net - ---Executing GetOrdersGridDataByPatientId() in OrdersController----
2024-08-30 06:22:15,111 [85] DEBUG LTCPro.ServiceLayer.Log4net - ---Executing GetOrdersGridDataByPatientId() in OrdersService----
2024-08-30 06:22:15,510 [85] DEBUG LTCPro.ServiceLayer.Log4net - ---Executed Successfully GetOrdersGridDataByPatientId() in OrdersController----
2024-08-30 06:22:16,012 [87] DEBUG LTCPro.ServiceLayer.Log4net - ---Executed Successfully GetOutboundErrorDetails() in CommonController----
2024-08-30 06:22:16,146 [25] DEBUG LTCPro.ServiceLayer.Log4net - ---Executed Successfully GetPendingOrdersGridData() in OrdersController----
2024-08-30 06:22:18,231 [85] DEBUG LTCPro.ServiceLayer.Log4net - ---Executing GetUserToken() in UserService----
2024-08-30 06:22:18,446 [85] DEBUG LTCPro.ServiceLayer.Log4net - ---Executing GetFacilityNSResidentsDataByPId() in ResidentDemographicController----
2024-08-30 06:22:18,446 [85] DEBUG LTCPro.ServiceLayer.Log4net - ---Executing GetFacilityNSResidentsDataByPId() in ResidentDemographicService----
2024-08-30 06:22:18,454 [25] DEBUG LTCPro.ServiceLayer.Log4net - ---Executing GetUserToken() in UserService----
2024-08-30 06:22:18,663 [25] DEBUG LTCPro.ServiceLayer.Log4net - ---Executing GetNurseNotes() in OrdersController----
2024-08-30 06:22:18,663 [25] DEBUG LTCPro.ServiceLayer.Log4net - ---Executing GetNurseNotes() in OrdersService----
2024-08-30 06:22:19,779 [25] DEBUG LTCPro.ServiceLayer.Log4net - ---Executed Successfully GetNurseNotes() in OrdersController----
2024-08-30 06:22:19,944 [85] DEBUG LTCPro.ServiceLayer.Log4net - ---Executed Successfully GetFacilityNSResidentsDataByPId() in ResidentDemographicController----
2024-08-30 06:22:20,491 [25] DEBUG LTCPro.ServiceLayer.Log4net - ---Executing GetUserToken() in UserService----
2024-08-30 06:22:20,511 [87] DEBUG LTCPro.ServiceLayer.Log4net - ---Executing GetUserToken() in UserService----
2024-08-30 06:22:20,532 [85] DEBUG LTCPro.ServiceLayer.Log4net - ---Executing GetUserToken() in UserService----
2024-08-30 06:22:20,741 [59] DEBUG LTCPro.ServiceLayer.Log4net - ---Executing GetUserToken() in UserService----
2024-08-30 06:22:20,746 [25] DEBUG LTCPro.ServiceLayer.Log4net - ---Executing GetAllBarcodes() in StockEkitController----
2024-08-30 06:22:20,746 [25] DEBUG LTCPro.ServiceLayer.Log4net - ---Executing GetAllBarcodes() in StockEkitService----
2024-08-30 06:22:20,747 [87] DEBUG LTCPro.ServiceLayer.Log4net - ---Executing GetDrFirstFlagForCompanyByNSId() in CompanyController----
2024-08-30 06:22:20,749 [87] DEBUG LTCPro.ServiceLayer.Log4net - ---Executing GetDrFirstFlagForCompanyByNSId() in CompanyService----
2024-08-30 06:22:20,749 [85] DEBUG LTCPro.ServiceLayer.Log4net - ---Executing GetResidentInformation() in ResidentDemographicController----
2024-08-30 06:22:20,749 [85] DEBUG LTCPro.ServiceLayer.Log4net - ---Executing GetResidentInformation() in ResidentDemographicService----
2024-08-30 06:22:20,980 [59] DEBUG LTCPro.ServiceLayer.Log4net - ---Executing GetOrderRoutes() in OrdersController----
2024-08-30 06:22:20,980 [59] DEBUG LTCPro.ServiceLayer.Log4net - ---Executing GetOrderRoutes() in OrdersService----
2024-08-30 06:22:20,989 [87] DEBUG LTCPro.ServiceLayer.Log4net - ---Executed Successfully GetDrFirstFlagForCompanyByNSId() in CompanyController----
2024-08-30 06:22:21,194 [59] DEBUG LTCPro.ServiceLayer.Log4net - ---Executed Successfully GetOrderRoutes() in OrdersController----
2024-08-30 06:22:21,211 [87] DEBUG LTCPro.ServiceLayer.Log4net - ---Executing GetUserToken() in UserService----
2024-08-30 06:22:21,225 [59] DEBUG LTCPro.ServiceLayer.Log4net - ---Executing GetUserToken() in UserService----
2024-08-30 06:22:21,425 [87] DEBUG LTCPro.ServiceLayer.Log4net - ---Executing GetPhysicianDropData() in OrdersController----
2024-08-30 06:22:21,425 [87] DEBUG LTCPro.ServiceLayer.Log4net - ---Executing GetPhysicianDropData() in OrdersService----
2024-08-30 06:22:21,434 [59] DEBUG LTCPro.ServiceLayer.Log4net - ---Executing GetTimeZoneDate() in CommonController----
2024-08-30 06:22:21,434 [59] DEBUG LTCPro.ServiceLayer.Log4net - ---Executing GetTimeZoneDate() in CommonService----
2024-08-30 06:22:21,548 [25] DEBUG LTCPro.ServiceLayer.Log4net - ---Executed Successfully GetAllBarcodes() in StockEkitController----
2024-08-30 06:22:21,642 [59] DEBUG LTCPro.ServiceLayer.Log4net - ---Executed Successfully GetTimeZoneDate() in CommonController----
2024-08-30 06:22:21,867 [87] DEBUG LTCPro.ServiceLayer.Log4net - ---Executed Successfully GetPhysicianDropData() in OrdersController----
2024-08-30 06:22:22,888 [88] DEBUG LTCPro.ServiceLayer.Log4net - ---Executed Successfully GetSeventyTwoHourDetailsByfilter() in EMARController----
2024-08-30 06:22:22,891 [65] DEBUG LTCPro.ServiceLayer.Log4net - ---Executed Successfully GetPRNDetailsByfilter() in EMARController----
2024-08-30 06:22:24,152 [85] DEBUG LTCPro.ServiceLayer.Log4net - ---Executed Successfully GetResidentInformation() in ResidentDemographicController----
2024-08-30 06:22:24,226 [65] DEBUG LTCPro.ServiceLayer.Log4net - ---Executing GetUserToken() in UserService----
2024-08-30 06:22:24,238 [25] DEBUG LTCPro.ServiceLayer.Log4net - ---Executing GetUserToken() in UserService----
2024-08-30 06:22:24,258 [88] DEBUG LTCPro.ServiceLayer.Log4net - ---Executing GetUserToken() in UserService----
2024-08-30 06:22:24,444 [65] DEBUG LTCPro.ServiceLayer.Log4net - ---Executing GetDrFirstOrderCheck() in DrFirstIntegrationController----
2024-08-30 06:22:24,444 [65] DEBUG LTCPro.ServiceLayer.Log4net - ---Executing GetDrFirstOrderCheck() in DrFirstIntegrationService----
2024-08-30 06:22:24,560 [88] DEBUG LTCPro.ServiceLayer.Log4net - ---Executing GetPatientType() in ResidentDemographicController----
2024-08-30 06:22:24,560 [88] DEBUG LTCPro.ServiceLayer.Log4net - ---Executing GetPatientType() in EmarService----
2024-08-30 06:22:24,560 [25] DEBUG LTCPro.ServiceLayer.Log4net - ---Executing GetWeightList(Patient_Id) in AssessmentController----
2024-08-30 06:22:24,560 [25] DEBUG LTCPro.ServiceLayer.Log4net - ---Executing GetWeightList() in AssessmentService----
2024-08-30 06:22:24,576 [85] DEBUG LTCPro.ServiceLayer.Log4net - ---Executing GetUserToken() in UserService----
2024-08-30 06:22:24,584 [59] DEBUG LTCPro.ServiceLayer.Log4net - ---Executing GetUserToken() in UserService----
2024-08-30 06:22:24,690 [65] DEBUG LTCPro.ServiceLayer.Log4net - ---Executed Successfully GetDrFirstOrderCheck() in DrFirstIntegrationController----
2024-08-30 06:22:24,770 [88] DEBUG LTCPro.ServiceLayer.Log4net - ---Executed Successfully GetPatientType() in ResidentDemographicController----
2024-08-30 06:22:24,786 [85] DEBUG LTCPro.ServiceLayer.Log4net - ---Executing GetDiagnosisDetails() in OrdersController----
2024-08-30 06:22:24,786 [85] DEBUG LTCPro.ServiceLayer.Log4net - ---Executing GetDiagnosisDetails() in OrdersService----
2024-08-30 06:22:24,794 [59] DEBUG LTCPro.ServiceLayer.Log4net - ---Executing GetOrderGridData() in OrdersController----
2024-08-30 06:22:24,794 [59] DEBUG LTCPro.ServiceLayer.Log4net - ---Executing GetOrderGridData() in OrdersService----
2024-08-30 06:22:25,048 [59] DEBUG LTCPro.ServiceLayer.Log4net - ---Executed Successfully GetOrderGridData() in OrdersController----
2024-08-30 06:22:25,105 [59] DEBUG LTCPro.ServiceLayer.Log4net - ---Executing GetUserToken() in UserService----
2024-08-30 06:22:25,324 [88] DEBUG LTCPro.ServiceLayer.Log4net - ---Executing GetUserToken() in UserService----
2024-08-30 06:22:25,355 [59] DEBUG LTCPro.ServiceLayer.Log4net - ---Executing GetAllBarcodes() in StockEkitController----
2024-08-30 06:22:25,356 [59] DEBUG LTCPro.ServiceLayer.Log4net - ---Executing GetAllBarcodes() in StockEkitService----
2024-08-30 06:22:25,366 [65] DEBUG LTCPro.ServiceLayer.Log4net - ---Executing GetUserToken() in UserService----
2024-08-30 06:22:25,410 [25] DEBUG LTCPro.ServiceLayer.Log4net - ---Executed Successfully GetWeightList(Patient_Id) in AssessmentController----
2024-08-30 06:22:25,422 [85] DEBUG LTCPro.ServiceLayer.Log4net - ---Executed Successfully GetDiagnosisDetails() in OrdersController----
2024-08-30 06:22:25,533 [88] DEBUG LTCPro.ServiceLayer.Log4net - ---Executing GetOrdersData() in OrdersController----
2024-08-30 06:22:25,534 [88] DEBUG LTCPro.ServiceLayer.Log4net - ---Executing GetOrdersData() in OrdersService----
2024-08-30 06:22:25,578 [65] DEBUG LTCPro.ServiceLayer.Log4net - ---Executing GetOrderGridData() in OrdersController----
2024-08-30 06:22:25,578 [65] DEBUG LTCPro.ServiceLayer.Log4net - ---Executing GetOrderGridData() in OrdersService----
2024-08-30 06:22:25,749 [88] DEBUG LTCPro.ServiceLayer.Log4net - ---Executed Successfully GetOrdersData() in OrdersController----
2024-08-30 06:22:27,520 [65] DEBUG LTCPro.ServiceLayer.Log4net - ---Executed Successfully GetOrderGridData() in OrdersController----
2024-08-30 06:22:27,936 [59] DEBUG LTCPro.ServiceLayer.Log4net - ---Executed Successfully GetAllBarcodes() in StockEkitController----
2024-08-30 06:22:28,044 [25] DEBUG LTCPro.ServiceLayer.Log4net - ---Executing GetUserToken() in UserService----
2024-08-30 06:22:28,083 [88] DEBUG LTCPro.ServiceLayer.Log4net - ---Executing GetUserToken() in UserService----
2024-08-30 06:22:28,112 [65] DEBUG LTCPro.ServiceLayer.Log4net - ---Executing GetUserToken() in UserService----
2024-08-30 06:22:28,153 [87] DEBUG LTCPro.ServiceLayer.Log4net - ---Executing GetUserToken() in UserService----
2024-08-30 06:22:28,279 [25] DEBUG LTCPro.ServiceLayer.Log4net - ---Executing GetPhysicianDropData() in OrdersController----
2024-08-30 06:22:28,279 [25] DEBUG LTCPro.ServiceLayer.Log4net - ---Executing GetPhysicianDropData() in OrdersService----
2024-08-30 06:22:28,302 [88] DEBUG LTCPro.ServiceLayer.Log4net - ---Executing GetOrderStockDetails() in OrdersController----
2024-08-30 06:22:28,302 [88] DEBUG LTCPro.ServiceLayer.Log4net - ---Executing GetOrderStockDetails() in OrdersService----
2024-08-30 06:22:28,335 [65] DEBUG LTCPro.ServiceLayer.Log4net - ---Executing GetNurseNotes() in OrdersController----
2024-08-30 06:22:28,335 [65] DEBUG LTCPro.ServiceLayer.Log4net - ---Executing GetNurseNotes() in OrdersService----
2024-08-30 06:22:28,369 [87] DEBUG LTCPro.ServiceLayer.Log4net - ---Executing GetFavouritesMasterData() in OrdersController----
2024-08-30 06:22:28,369 [87] DEBUG LTCPro.ServiceLayer.Log4net - ---Executing GetFavouritesMasterData() in OrdersService----
2024-08-30 06:22:28,514 [88] DEBUG LTCPro.ServiceLayer.Log4net - ---Executed Successfully GetOrderStockDetails() in OrdersController----
2024-08-30 06:22:28,582 [87] DEBUG LTCPro.ServiceLayer.Log4net - ---Executed Successfully GetFavouritesMasterData() in OrdersController----
2024-08-30 06:22:28,719 [25] DEBUG LTCPro.ServiceLayer.Log4net - ---Executed Successfully GetPhysicianDropData() in OrdersController----
2024-08-30 06:22:29,456 [65] DEBUG LTCPro.ServiceLayer.Log4net - ---Executed Successfully GetNurseNotes() in OrdersController----
2024-08-30 06:24:45,630 [59] DEBUG LTCPro.ServiceLayer.Log4net - ---Executing GetUserToken() in UserService----
2024-08-30 06:24:45,639 [64] DEBUG LTCPro.ServiceLayer.Log4net - ---Executing GetUserToken() in UserService----
2024-08-30 06:24:45,639 [65] DEBUG LTCPro.ServiceLayer.Log4net - ---Executing GetUserToken() in UserService----
2024-08-30 06:24:45,645 [88] DEBUG LTCPro.ServiceLayer.Log4net - ---Executing GetUserToken() in UserService----
2024-08-30 06:24:45,648 [25] DEBUG LTCPro.ServiceLayer.Log4net - ---Executing GetUserToken() in UserService----
2024-08-30 06:24:45,662 [81] DEBUG LTCPro.ServiceLayer.Log4net - ---Executing GetUserToken() in UserService----
2024-08-30 06:24:45,842 [59] DEBUG LTCPro.ServiceLayer.Log4net - ---Executing GetReadMailsCount() in MailboxController----
2024-08-30 06:24:45,842 [59] DEBUG LTCPro.ServiceLayer.Log4net - ---Executing GetReadMailsCount() in MailboxService----
2024-08-30 06:24:45,858 [64] DEBUG LTCPro.ServiceLayer.Log4net - ---Executing GetUserPassedDueFlag() in UserController----
2024-08-30 06:24:45,858 [64] DEBUG LTCPro.ServiceLayer.Log4net - ---Executing GetUserPassedDueFlag() in UserService----
2024-08-30 06:24:45,860 [65] DEBUG LTCPro.ServiceLayer.Log4net - ---Executing GetAlertsDetails() in MailboxController----
2024-08-30 06:24:45,860 [65] DEBUG LTCPro.ServiceLayer.Log4net - ---Executing GetAlertsDetails() in MailboxService----
2024-08-30 06:24:45,861 [88] DEBUG LTCPro.ServiceLayer.Log4net - ---Executing GetPendingDosesList() in CommonController----
2024-08-30 06:24:45,861 [88] DEBUG LTCPro.ServiceLayer.Log4net - ---Executing GetPendingDosesList() in CommonService----
2024-08-30 06:24:45,862 [25] DEBUG LTCPro.ServiceLayer.Log4net - ---Executing GetOutboundErrorDetails() in CommonController----
2024-08-30 06:24:45,862 [25] DEBUG LTCPro.ServiceLayer.Log4net - ---Executing GetOutboundErrorDetails() in CommonService----
2024-08-30 06:24:45,872 [81] DEBUG LTCPro.ServiceLayer.Log4net - ---Executing GetDueMARAlertData() in EmarController----
2024-08-30 06:24:45,872 [81] DEBUG LTCPro.ServiceLayer.Log4net - ---Executing GetDueMARAlertData() in EmarService----
2024-08-30 06:24:46,052 [59] DEBUG LTCPro.ServiceLayer.Log4net - ---Executed successfully GetReadMailsCount() in MailboxController----
2024-08-30 06:24:46,068 [64] DEBUG LTCPro.ServiceLayer.Log4net - ---Executed Successfully GetUserPassedDueFlag() in UserController----
2024-08-30 06:24:46,077 [59] DEBUG LTCPro.ServiceLayer.Log4net - ---Executing GetUserToken() in UserService----
2024-08-30 06:24:46,087 [64] DEBUG LTCPro.ServiceLayer.Log4net - ---Executing GetUserToken() in UserService----
2024-08-30 06:24:46,299 [59] DEBUG LTCPro.ServiceLayer.Log4net - ---Executing GetUserRecentFacNs() in UserController----
2024-08-30 06:24:46,299 [59] DEBUG LTCPro.ServiceLayer.Log4net - ---Executing GetUserRecentFacNs() in UserService----
2024-08-30 06:24:46,303 [64] DEBUG LTCPro.ServiceLayer.Log4net - ---Executing GetUserRecentFacNs() in UserController----
2024-08-30 06:24:46,303 [64] DEBUG LTCPro.ServiceLayer.Log4net - ---Executing GetUserRecentFacNs() in UserService----
2024-08-30 06:24:46,362 [65] DEBUG LTCPro.ServiceLayer.Log4net - ---Executed successfully GetAlertsDetails() in MailboxController----
2024-08-30 06:24:46,664 [56] DEBUG LTCPro.ServiceLayer.Log4net - ---Executing GetUserToken() in UserService----
2024-08-30 06:24:46,738 [64] DEBUG LTCPro.ServiceLayer.Log4net - ---Executed Successfully GetUserRecentFacNs() in UserController----
2024-08-30 06:24:46,743 [59] DEBUG LTCPro.ServiceLayer.Log4net - ---Executed Successfully GetUserRecentFacNs() in UserController----
2024-08-30 06:24:46,756 [65] DEBUG LTCPro.ServiceLayer.Log4net - ---Executing GetUserToken() in UserService----
2024-08-30 06:24:46,874 [56] DEBUG LTCPro.ServiceLayer.Log4net - ---Executing OrderEndingSoonStatus() in OrdersController----
2024-08-30 06:24:46,874 [56] DEBUG LTCPro.ServiceLayer.Log4net - ---Executing OrderEndingSoonStatus() in OrdersService----
2024-08-30 06:24:46,966 [65] DEBUG LTCPro.ServiceLayer.Log4net - ---Executing InsertUserActivityDetails() in CompanyController----
2024-08-30 06:24:46,966 [65] DEBUG LTCPro.ServiceLayer.Log4net - ---Executing InsertUserActivityDetails() in UserActivityService----
2024-08-30 06:24:47,323 [56] DEBUG LTCPro.ServiceLayer.Log4net - ---Executed Successfully OrderEndingSoonStatus() in OrdersController----
2024-08-30 06:24:47,474 [81] DEBUG LTCPro.ServiceLayer.Log4net - ---Executed Successfully GetDueMARAlertData() in EmarController----
2024-08-30 06:24:47,502 [81] DEBUG LTCPro.ServiceLayer.Log4net - ---Executing GetUserToken() in UserService----
2024-08-30 06:24:47,609 [65] DEBUG LTCPro.ServiceLayer.Log4net - ---Executed Successfully InsertUserActivityDetails() in CompanyController----
2024-08-30 06:24:47,619 [65] DEBUG LTCPro.ServiceLayer.Log4net - ---Executing GetUserToken() in UserService----
2024-08-30 06:24:47,712 [81] DEBUG LTCPro.ServiceLayer.Log4net - ---Executing GetUserAccessFacilityNurseStaions() in FacilityController----
2024-08-30 06:24:47,712 [81] DEBUG LTCPro.ServiceLayer.Log4net - ---Executing GetUserAccessFacilityNurseStaions() in FacilityService----
2024-08-30 06:24:47,844 [65] DEBUG LTCPro.ServiceLayer.Log4net - ---Executing GetUserAccessFacilityNurseStaions() in FacilityController----
2024-08-30 06:24:47,844 [65] DEBUG LTCPro.ServiceLayer.Log4net - ---Executing GetUserAccessFacilityNurseStaions() in FacilityService----
2024-08-30 06:24:48,132 [81] DEBUG LTCPro.ServiceLayer.Log4net - ---Executed Successfully GetUserAccessFacilityNurseStaions() in FacilityController----
2024-08-30 06:24:48,264 [65] DEBUG LTCPro.ServiceLayer.Log4net - ---Executed Successfully GetUserAccessFacilityNurseStaions() in FacilityController----
2024-08-30 06:24:48,286 [65] DEBUG LTCPro.ServiceLayer.Log4net - ---Executing GetUserToken() in UserService----
2024-08-30 06:24:48,497 [65] DEBUG LTCPro.ServiceLayer.Log4net - ---Executing UserNurseStationDrop() in FacilityController----
2024-08-30 06:24:48,497 [65] DEBUG LTCPro.ServiceLayer.Log4net - ---Executing UserNurseStationDrop() in FacilityService----
2024-08-30 06:24:48,647 [88] DEBUG LTCPro.ServiceLayer.Log4net - ---Executed Successfully GetPendingDosesList() in CommonController----
2024-08-30 06:24:48,711 [65] DEBUG LTCPro.ServiceLayer.Log4net - ---Executed Successfully UserNurseStationDrop() in FacilityController----
2024-08-30 06:24:48,872 [59] DEBUG LTCPro.ServiceLayer.Log4net - ---Executing GetUserToken() in UserService----
2024-08-30 06:24:48,911 [86] DEBUG LTCPro.ServiceLayer.Log4net - ---Executing GetUserToken() in UserService----
2024-08-30 06:24:49,082 [59] DEBUG LTCPro.ServiceLayer.Log4net - ---Executing GetSeventyTwoHourDetailsByfilter() in EMARController----
2024-08-30 06:24:49,082 [59] DEBUG LTCPro.ServiceLayer.Log4net - ---Executing GetSeventyTwoHourDetailsByfilter() in EmarService----
2024-08-30 06:24:49,124 [86] DEBUG LTCPro.ServiceLayer.Log4net - ---Executing GetCompanyToBedFlagByFacId() in FacilityController----
2024-08-30 06:24:49,124 [86] DEBUG LTCPro.ServiceLayer.Log4net - ---Executing GetCompanyToBedFlagByFacId() in FacilityService----
2024-08-30 06:24:49,151 [81] DEBUG LTCPro.ServiceLayer.Log4net - ---Executing GetUserToken() in UserService----
2024-08-30 06:24:49,168 [56] DEBUG LTCPro.ServiceLayer.Log4net - ---Executing GetUserToken() in UserService----
2024-08-30 06:24:49,187 [64] DEBUG LTCPro.ServiceLayer.Log4net - ---Executing GetUserToken() in UserService----
2024-08-30 06:24:49,363 [81] DEBUG LTCPro.ServiceLayer.Log4net - ---Executing OrderEndingSoonStatus() in OrdersController----
2024-08-30 06:24:49,363 [81] DEBUG LTCPro.ServiceLayer.Log4net - ---Executing OrderEndingSoonStatus() in OrdersService----
2024-08-30 06:24:49,379 [56] DEBUG LTCPro.ServiceLayer.Log4net - ---Executing GetOrdersGridData() in OrdersController----
2024-08-30 06:24:49,379 [56] DEBUG LTCPro.ServiceLayer.Log4net - ---Executing GetOrdersGridData() in OrdersService----
2024-08-30 06:24:49,397 [64] DEBUG LTCPro.ServiceLayer.Log4net - ---Executing GetOrdersEndingSoon() in OrdersController----
2024-08-30 06:24:49,397 [64] DEBUG LTCPro.ServiceLayer.Log4net - ---Executing GetOrdersEndingSoon() in OrdersService----
2024-08-30 06:24:49,793 [81] DEBUG LTCPro.ServiceLayer.Log4net - ---Executed Successfully OrderEndingSoonStatus() in OrdersController----
2024-08-30 06:24:49,816 [65] DEBUG LTCPro.ServiceLayer.Log4net - ---Executing GetUserToken() in UserService----
2024-08-30 06:24:50,027 [64] DEBUG LTCPro.ServiceLayer.Log4net - ---Executed Successfully GetOrdersEndingSoon() in OrdersController----
2024-08-30 06:24:50,028 [65] DEBUG LTCPro.ServiceLayer.Log4net - ---Executing GetPRNDetailsByfilter() in EMARController----
2024-08-30 06:24:50,028 [65] DEBUG LTCPro.ServiceLayer.Log4net - ---Executing GetPRNDetailsByfilter() in EmarService----
2024-08-30 06:24:50,392 [86] DEBUG LTCPro.ServiceLayer.Log4net - ---Executed Successfully GetCompanyToBedFlagByFacId() in FacilityController----
2024-08-30 06:24:50,432 [88] DEBUG LTCPro.ServiceLayer.Log4net - ---Executing GetUserToken() in UserService----
2024-08-30 06:24:50,646 [88] DEBUG LTCPro.ServiceLayer.Log4net - ---Executing GetNurseStationHierarchyDetailsbyNsId() in CompanyController----
2024-08-30 06:24:50,646 [88] DEBUG LTCPro.ServiceLayer.Log4net - ---Executing GetNurseStationHierarchyDetailsbyNsId() in CompanyService----
2024-08-30 06:24:50,861 [88] DEBUG LTCPro.ServiceLayer.Log4net - ---Executed Successfully GetNurseStationHierarchyDetailsbyNsId() in CompanyController----
2024-08-30 06:24:51,456 [56] DEBUG LTCPro.ServiceLayer.Log4net - ---Executed Successfully GetOrdersGridData() in OrdersController----
2024-08-30 06:24:52,119 [88] DEBUG LTCPro.ServiceLayer.Log4net - ---Executing GetUserToken() in UserService----
2024-08-30 06:24:52,333 [88] DEBUG LTCPro.ServiceLayer.Log4net - ---Executing GetPendingOrdersGridData() in OrdersController----
2024-08-30 06:24:52,333 [88] DEBUG LTCPro.ServiceLayer.Log4net - ---Executing GetPendingOrdersGridData() in OrdersService----
2024-08-30 06:24:53,994 [64] DEBUG LTCPro.ServiceLayer.Log4net - ---Executing GetUserToken() in UserService----
2024-08-30 06:24:54,206 [64] DEBUG LTCPro.ServiceLayer.Log4net - ---Executing GetOrdersGridDataByPatientId() in OrdersController----
2024-08-30 06:24:54,206 [64] DEBUG LTCPro.ServiceLayer.Log4net - ---Executing GetOrdersGridDataByPatientId() in OrdersService----
2024-08-30 06:24:54,349 [88] DEBUG LTCPro.ServiceLayer.Log4net - ---Executed Successfully GetPendingOrdersGridData() in OrdersController----
2024-08-30 06:24:55,085 [25] DEBUG LTCPro.ServiceLayer.Log4net - ---Executed Successfully GetOutboundErrorDetails() in CommonController----
2024-08-30 06:24:55,476 [64] DEBUG LTCPro.ServiceLayer.Log4net - ---Executed Successfully GetOrdersGridDataByPatientId() in OrdersController----
2024-08-30 06:24:58,281 [81] DEBUG LTCPro.ServiceLayer.Log4net - ---Executing GetUserToken() in UserService----
2024-08-30 06:24:58,473 [88] DEBUG LTCPro.ServiceLayer.Log4net - ---Executing GetUserToken() in UserService----
2024-08-30 06:24:58,491 [81] DEBUG LTCPro.ServiceLayer.Log4net - ---Executing GetFacilityNSResidentsDataByPId() in ResidentDemographicController----
2024-08-30 06:24:58,492 [81] DEBUG LTCPro.ServiceLayer.Log4net - ---Executing GetFacilityNSResidentsDataByPId() in ResidentDemographicService----
2024-08-30 06:24:58,693 [88] DEBUG LTCPro.ServiceLayer.Log4net - ---Executing GetNurseNotes() in OrdersController----
2024-08-30 06:24:58,695 [88] DEBUG LTCPro.ServiceLayer.Log4net - ---Executing GetNurseNotes() in OrdersService----
2024-08-30 06:24:59,919 [88] DEBUG LTCPro.ServiceLayer.Log4net - ---Executed Successfully GetNurseNotes() in OrdersController----
2024-08-30 06:25:00,069 [81] DEBUG LTCPro.ServiceLayer.Log4net - ---Executed Successfully GetFacilityNSResidentsDataByPId() in ResidentDemographicController----
2024-08-30 06:25:00,249 [81] DEBUG LTCPro.ServiceLayer.Log4net - ---Executing GetUserToken() in UserService----
2024-08-30 06:25:00,309 [86] DEBUG LTCPro.ServiceLayer.Log4net - ---Executing GetUserToken() in UserService----
2024-08-30 06:25:00,533 [81] DEBUG LTCPro.ServiceLayer.Log4net - ---Executing GetAllBarcodes() in StockEkitController----
2024-08-30 06:25:00,533 [81] DEBUG LTCPro.ServiceLayer.Log4net - ---Executing GetAllBarcodes() in StockEkitService----
2024-08-30 06:25:00,601 [86] DEBUG LTCPro.ServiceLayer.Log4net - ---Executing GetDrFirstFlagForCompanyByNSId() in CompanyController----
2024-08-30 06:25:00,601 [86] DEBUG LTCPro.ServiceLayer.Log4net - ---Executing GetDrFirstFlagForCompanyByNSId() in CompanyService----
2024-08-30 06:25:00,658 [56] DEBUG LTCPro.ServiceLayer.Log4net - ---Executing GetUserToken() in UserService----
2024-08-30 06:25:00,707 [64] DEBUG LTCPro.ServiceLayer.Log4net - ---Executing GetUserToken() in UserService----
2024-08-30 06:25:00,818 [86] DEBUG LTCPro.ServiceLayer.Log4net - ---Executed Successfully GetDrFirstFlagForCompanyByNSId() in CompanyController----
2024-08-30 06:25:00,860 [88] DEBUG LTCPro.ServiceLayer.Log4net - ---Executing GetUserToken() in UserService----
2024-08-30 06:25:00,871 [56] DEBUG LTCPro.ServiceLayer.Log4net - ---Executing GetPhysicianDropData() in OrdersController----
2024-08-30 06:25:00,872 [56] DEBUG LTCPro.ServiceLayer.Log4net - ---Executing GetPhysicianDropData() in OrdersService----
2024-08-30 06:25:00,917 [64] DEBUG LTCPro.ServiceLayer.Log4net - ---Executing GetOrderRoutes() in OrdersController----
2024-08-30 06:25:00,917 [64] DEBUG LTCPro.ServiceLayer.Log4net - ---Executing GetOrderRoutes() in OrdersService----
2024-08-30 06:25:01,069 [88] DEBUG LTCPro.ServiceLayer.Log4net - ---Executing GetResidentInformation() in ResidentDemographicController----
2024-08-30 06:25:01,069 [88] DEBUG LTCPro.ServiceLayer.Log4net - ---Executing GetResidentInformation() in ResidentDemographicService----
2024-08-30 06:25:01,125 [64] DEBUG LTCPro.ServiceLayer.Log4net - ---Executed Successfully GetOrderRoutes() in OrdersController----
2024-08-30 06:25:01,259 [81] DEBUG LTCPro.ServiceLayer.Log4net - ---Executed Successfully GetAllBarcodes() in StockEkitController----
2024-08-30 06:25:01,318 [56] DEBUG LTCPro.ServiceLayer.Log4net - ---Executed Successfully GetPhysicianDropData() in OrdersController----
2024-08-30 06:25:01,338 [64] DEBUG LTCPro.ServiceLayer.Log4net - ---Executing GetUserToken() in UserService----
2024-08-30 06:25:01,558 [64] DEBUG LTCPro.ServiceLayer.Log4net - ---Executing GetTimeZoneDate() in CommonController----
2024-08-30 06:25:01,558 [64] DEBUG LTCPro.ServiceLayer.Log4net - ---Executing GetTimeZoneDate() in CommonService----
2024-08-30 06:25:01,599 [59] DEBUG LTCPro.ServiceLayer.Log4net - ---Executed Successfully GetSeventyTwoHourDetailsByfilter() in EMARController----
2024-08-30 06:25:01,776 [64] DEBUG LTCPro.ServiceLayer.Log4net - ---Executed Successfully GetTimeZoneDate() in CommonController----
2024-08-30 06:25:02,611 [65] DEBUG LTCPro.ServiceLayer.Log4net - ---Executed Successfully GetPRNDetailsByfilter() in EMARController----
2024-08-30 06:25:04,451 [88] DEBUG LTCPro.ServiceLayer.Log4net - ---Executed Successfully GetResidentInformation() in ResidentDemographicController----
2024-08-30 06:25:04,496 [59] DEBUG LTCPro.ServiceLayer.Log4net - ---Executing GetUserToken() in UserService----
2024-08-30 06:25:04,514 [64] DEBUG LTCPro.ServiceLayer.Log4net - ---Executing GetUserToken() in UserService----
2024-08-30 06:25:04,540 [65] DEBUG LTCPro.ServiceLayer.Log4net - ---Executing GetUserToken() in UserService----
2024-08-30 06:25:04,709 [59] DEBUG LTCPro.ServiceLayer.Log4net - ---Executing GetWeightList(Patient_Id) in AssessmentController----
2024-08-30 06:25:04,709 [59] DEBUG LTCPro.ServiceLayer.Log4net - ---Executing GetWeightList() in AssessmentService----
2024-08-30 06:25:04,712 [88] DEBUG LTCPro.ServiceLayer.Log4net - ---Executing GetUserToken() in UserService----
2024-08-30 06:25:04,739 [64] DEBUG LTCPro.ServiceLayer.Log4net - ---Executing GetPatientType() in ResidentDemographicController----
2024-08-30 06:25:04,739 [64] DEBUG LTCPro.ServiceLayer.Log4net - ---Executing GetPatientType() in EmarService----
2024-08-30 06:25:04,751 [65] DEBUG LTCPro.ServiceLayer.Log4net - ---Executing GetDrFirstOrderCheck() in DrFirstIntegrationController----
2024-08-30 06:25:04,751 [65] DEBUG LTCPro.ServiceLayer.Log4net - ---Executing GetDrFirstOrderCheck() in DrFirstIntegrationService----
2024-08-30 06:25:04,922 [88] DEBUG LTCPro.ServiceLayer.Log4net - ---Executing GetDiagnosisDetails() in OrdersController----
2024-08-30 06:25:04,922 [88] DEBUG LTCPro.ServiceLayer.Log4net - ---Executing GetDiagnosisDetails() in OrdersService----
2024-08-30 06:25:04,954 [64] DEBUG LTCPro.ServiceLayer.Log4net - ---Executed Successfully GetPatientType() in ResidentDemographicController----
2024-08-30 06:25:04,965 [65] DEBUG LTCPro.ServiceLayer.Log4net - ---Executed Successfully GetDrFirstOrderCheck() in DrFirstIntegrationController----
2024-08-30 06:25:05,216 [64] DEBUG LTCPro.ServiceLayer.Log4net - ---Executing GetUserToken() in UserService----
2024-08-30 06:25:05,429 [64] DEBUG LTCPro.ServiceLayer.Log4net - ---Executing GetOrderGridData() in OrdersController----
2024-08-30 06:25:05,430 [64] DEBUG LTCPro.ServiceLayer.Log4net - ---Executing GetOrderGridData() in OrdersService----
2024-08-30 06:25:05,559 [88] DEBUG LTCPro.ServiceLayer.Log4net - ---Executed Successfully GetDiagnosisDetails() in OrdersController----
2024-08-30 06:25:05,569 [59] DEBUG LTCPro.ServiceLayer.Log4net - ---Executed Successfully GetWeightList(Patient_Id) in AssessmentController----
2024-08-30 06:25:05,719 [64] DEBUG LTCPro.ServiceLayer.Log4net - ---Executed Successfully GetOrderGridData() in OrdersController----
2024-08-30 06:25:05,862 [81] DEBUG LTCPro.ServiceLayer.Log4net - ---Executing GetUserToken() in UserService----
2024-08-30 06:25:06,241 [81] DEBUG LTCPro.ServiceLayer.Log4net - ---Executing GetAllBarcodes() in StockEkitController----
2024-08-30 06:25:06,242 [81] DEBUG LTCPro.ServiceLayer.Log4net - ---Executing GetAllBarcodes() in StockEkitService----
2024-08-30 06:25:06,392 [59] DEBUG LTCPro.ServiceLayer.Log4net - ---Executing GetUserToken() in UserService----
2024-08-30 06:25:06,489 [88] DEBUG LTCPro.ServiceLayer.Log4net - ---Executing GetUserToken() in UserService----
2024-08-30 06:25:06,645 [59] DEBUG LTCPro.ServiceLayer.Log4net - ---Executing GetOrdersData() in OrdersController----
2024-08-30 06:25:06,645 [59] DEBUG LTCPro.ServiceLayer.Log4net - ---Executing GetOrdersData() in OrdersService----
2024-08-30 06:25:06,711 [88] DEBUG LTCPro.ServiceLayer.Log4net - ---Executing GetOrderGridData() in OrdersController----
2024-08-30 06:25:06,711 [88] DEBUG LTCPro.ServiceLayer.Log4net - ---Executing GetOrderGridData() in OrdersService----
2024-08-30 06:25:06,859 [59] DEBUG LTCPro.ServiceLayer.Log4net - ---Executed Successfully GetOrdersData() in OrdersController----
2024-08-30 06:25:08,895 [81] DEBUG LTCPro.ServiceLayer.Log4net - ---Executed Successfully GetAllBarcodes() in StockEkitController----
2024-08-30 06:25:08,950 [88] DEBUG LTCPro.ServiceLayer.Log4net - ---Executed Successfully GetOrderGridData() in OrdersController----
2024-08-30 06:25:09,208 [64] DEBUG LTCPro.ServiceLayer.Log4net - ---Executing GetUserToken() in UserService----
2024-08-30 06:25:09,219 [56] DEBUG LTCPro.ServiceLayer.Log4net - ---Executing GetUserToken() in UserService----
2024-08-30 06:25:09,240 [86] DEBUG LTCPro.ServiceLayer.Log4net - ---Executing GetUserToken() in UserService----
2024-08-30 06:25:09,262 [65] DEBUG LTCPro.ServiceLayer.Log4net - ---Executing GetUserToken() in UserService----
2024-08-30 06:25:09,422 [64] DEBUG LTCPro.ServiceLayer.Log4net - ---Executing GetOrderStockDetails() in OrdersController----
2024-08-30 06:25:09,422 [64] DEBUG LTCPro.ServiceLayer.Log4net - ---Executing GetOrderStockDetails() in OrdersService----
2024-08-30 06:25:09,432 [56] DEBUG LTCPro.ServiceLayer.Log4net - ---Executing GetFavouritesMasterData() in OrdersController----
2024-08-30 06:25:09,432 [56] DEBUG LTCPro.ServiceLayer.Log4net - ---Executing GetFavouritesMasterData() in OrdersService----
2024-08-30 06:25:09,449 [86] DEBUG LTCPro.ServiceLayer.Log4net - ---Executing GetNurseNotes() in OrdersController----
2024-08-30 06:25:09,449 [86] DEBUG LTCPro.ServiceLayer.Log4net - ---Executing GetNurseNotes() in OrdersService----
2024-08-30 06:25:09,472 [65] DEBUG LTCPro.ServiceLayer.Log4net - ---Executing GetPhysicianDropData() in OrdersController----
2024-08-30 06:25:09,472 [65] DEBUG LTCPro.ServiceLayer.Log4net - ---Executing GetPhysicianDropData() in OrdersService----
2024-08-30 06:25:09,631 [64] DEBUG LTCPro.ServiceLayer.Log4net - ---Executed Successfully GetOrderStockDetails() in OrdersController----
2024-08-30 06:25:09,644 [56] DEBUG LTCPro.ServiceLayer.Log4net - ---Executed Successfully GetFavouritesMasterData() in OrdersController----
2024-08-30 06:25:09,954 [65] DEBUG LTCPro.ServiceLayer.Log4net - ---Executed Successfully GetPhysicianDropData() in OrdersController----
2024-08-30 06:25:10,571 [86] DEBUG LTCPro.ServiceLayer.Log4net - ---Executed Successfully GetNurseNotes() in OrdersController----
2024-08-30 06:26:27,593 [81] DEBUG LTCPro.ServiceLayer.Log4net - ---Executing GetUserToken() in UserService----
2024-08-30 06:26:27,601 [85] DEBUG LTCPro.ServiceLayer.Log4net - ---Executing GetUserToken() in UserService----
2024-08-30 06:26:27,608 [88] DEBUG LTCPro.ServiceLayer.Log4net - ---Executing GetUserToken() in UserService----
2024-08-30 06:26:27,611 [86] DEBUG LTCPro.ServiceLayer.Log4net - ---Executing GetUserToken() in UserService----
2024-08-30 06:26:27,618 [87] DEBUG LTCPro.ServiceLayer.Log4net - ---Executing GetUserToken() in UserService----
2024-08-30 06:26:27,621 [58] DEBUG LTCPro.ServiceLayer.Log4net - ---Executing GetUserToken() in UserService----
2024-08-30 06:26:27,803 [81] DEBUG LTCPro.ServiceLayer.Log4net - ---Executing GetAlertsDetails() in MailboxController----
2024-08-30 06:26:27,803 [81] DEBUG LTCPro.ServiceLayer.Log4net - ---Executing GetAlertsDetails() in MailboxService----
2024-08-30 06:26:27,817 [85] DEBUG LTCPro.ServiceLayer.Log4net - ---Executing GetReadMailsCount() in MailboxController----
2024-08-30 06:26:27,817 [85] DEBUG LTCPro.ServiceLayer.Log4net - ---Executing GetReadMailsCount() in MailboxService----
2024-08-30 06:26:27,819 [88] DEBUG LTCPro.ServiceLayer.Log4net - ---Executing GetUserPassedDueFlag() in UserController----
2024-08-30 06:26:27,819 [88] DEBUG LTCPro.ServiceLayer.Log4net - ---Executing GetUserPassedDueFlag() in UserService----
2024-08-30 06:26:27,821 [86] DEBUG LTCPro.ServiceLayer.Log4net - ---Executing GetPendingDosesList() in CommonController----
2024-08-30 06:26:27,821 [86] DEBUG LTCPro.ServiceLayer.Log4net - ---Executing GetPendingDosesList() in CommonService----
2024-08-30 06:26:27,830 [87] DEBUG LTCPro.ServiceLayer.Log4net - ---Executing GetOutboundErrorDetails() in CommonController----
2024-08-30 06:26:27,830 [87] DEBUG LTCPro.ServiceLayer.Log4net - ---Executing GetOutboundErrorDetails() in CommonService----
2024-08-30 06:26:27,831 [58] DEBUG LTCPro.ServiceLayer.Log4net - ---Executing GetDueMARAlertData() in EmarController----
2024-08-30 06:26:27,831 [58] DEBUG LTCPro.ServiceLayer.Log4net - ---Executing GetDueMARAlertData() in EmarService----
2024-08-30 06:26:28,030 [88] DEBUG LTCPro.ServiceLayer.Log4net - ---Executed Successfully GetUserPassedDueFlag() in UserController----
2024-08-30 06:26:28,031 [85] DEBUG LTCPro.ServiceLayer.Log4net - ---Executed successfully GetReadMailsCount() in MailboxController----
2024-08-30 06:26:28,107 [88] DEBUG LTCPro.ServiceLayer.Log4net - ---Executing GetUserToken() in UserService----
2024-08-30 06:26:28,108 [56] DEBUG LTCPro.ServiceLayer.Log4net - ---Executing GetUserToken() in UserService----
2024-08-30 06:26:28,294 [81] DEBUG LTCPro.ServiceLayer.Log4net - ---Executed successfully GetAlertsDetails() in MailboxController----
2024-08-30 06:26:28,317 [88] DEBUG LTCPro.ServiceLayer.Log4net - ---Executing GetUserRecentFacNs() in UserController----
2024-08-30 06:26:28,317 [88] DEBUG LTCPro.ServiceLayer.Log4net - ---Executing GetUserRecentFacNs() in UserService----
2024-08-30 06:26:28,318 [56] DEBUG LTCPro.ServiceLayer.Log4net - ---Executing GetUserRecentFacNs() in UserController----
2024-08-30 06:26:28,318 [56] DEBUG LTCPro.ServiceLayer.Log4net - ---Executing GetUserRecentFacNs() in UserService----
2024-08-30 06:26:28,516 [81] DEBUG LTCPro.ServiceLayer.Log4net - ---Executing GetUserToken() in UserService----
2024-08-30 06:26:28,727 [81] DEBUG LTCPro.ServiceLayer.Log4net - ---Executing OrderEndingSoonStatus() in OrdersController----
2024-08-30 06:26:28,727 [81] DEBUG LTCPro.ServiceLayer.Log4net - ---Executing OrderEndingSoonStatus() in OrdersService----
2024-08-30 06:26:28,741 [56] DEBUG LTCPro.ServiceLayer.Log4net - ---Executed Successfully GetUserRecentFacNs() in UserController----
2024-08-30 06:26:28,749 [88] DEBUG LTCPro.ServiceLayer.Log4net - ---Executed Successfully GetUserRecentFacNs() in UserController----
2024-08-30 06:26:28,760 [56] DEBUG LTCPro.ServiceLayer.Log4net - ---Executing GetUserToken() in UserService----
2024-08-30 06:26:28,772 [85] DEBUG LTCPro.ServiceLayer.Log4net - ---Executing GetUserToken() in UserService----
2024-08-30 06:26:28,977 [56] DEBUG LTCPro.ServiceLayer.Log4net - ---Executing InsertUserActivityDetails() in CompanyController----
2024-08-30 06:26:28,977 [56] DEBUG LTCPro.ServiceLayer.Log4net - ---Executing InsertUserActivityDetails() in UserActivityService----
2024-08-30 06:26:28,997 [85] DEBUG LTCPro.ServiceLayer.Log4net - ---Executing GetUserAccessFacilityNurseStaions() in FacilityController----
2024-08-30 06:26:28,997 [85] DEBUG LTCPro.ServiceLayer.Log4net - ---Executing GetUserAccessFacilityNurseStaions() in FacilityService----
2024-08-30 06:26:29,166 [81] DEBUG LTCPro.ServiceLayer.Log4net - ---Executed Successfully OrderEndingSoonStatus() in OrdersController----
2024-08-30 06:26:29,178 [81] DEBUG LTCPro.ServiceLayer.Log4net - ---Executing GetUserToken() in UserService----
2024-08-30 06:26:29,388 [81] DEBUG LTCPro.ServiceLayer.Log4net - ---Executing GetUserAccessFacilityNurseStaions() in FacilityController----
2024-08-30 06:26:29,388 [81] DEBUG LTCPro.ServiceLayer.Log4net - ---Executing GetUserAccessFacilityNurseStaions() in FacilityService----
2024-08-30 06:26:29,433 [85] DEBUG LTCPro.ServiceLayer.Log4net - ---Executed Successfully GetUserAccessFacilityNurseStaions() in FacilityController----
2024-08-30 06:26:29,458 [88] DEBUG LTCPro.ServiceLayer.Log4net - ---Executing GetUserToken() in UserService----
2024-08-30 06:26:29,603 [56] DEBUG LTCPro.ServiceLayer.Log4net - ---Executed Successfully InsertUserActivityDetails() in CompanyController----
2024-08-30 06:26:29,668 [88] DEBUG LTCPro.ServiceLayer.Log4net - ---Executing UserNurseStationDrop() in FacilityController----
2024-08-30 06:26:29,668 [88] DEBUG LTCPro.ServiceLayer.Log4net - ---Executing UserNurseStationDrop() in FacilityService----
2024-08-30 06:26:29,808 [81] DEBUG LTCPro.ServiceLayer.Log4net - ---Executed Successfully GetUserAccessFacilityNurseStaions() in FacilityController----
2024-08-30 06:26:29,864 [58] DEBUG LTCPro.ServiceLayer.Log4net - ---Executed Successfully GetDueMARAlertData() in EmarController----
2024-08-30 06:26:29,931 [88] DEBUG LTCPro.ServiceLayer.Log4net - ---Executed Successfully UserNurseStationDrop() in FacilityController----
2024-08-30 06:26:29,964 [81] DEBUG LTCPro.ServiceLayer.Log4net - ---Executing GetUserToken() in UserService----
2024-08-30 06:26:29,991 [56] DEBUG LTCPro.ServiceLayer.Log4net - ---Executing GetUserToken() in UserService----
2024-08-30 06:26:30,159 [85] DEBUG LTCPro.ServiceLayer.Log4net - ---Executing GetUserToken() in UserService----
2024-08-30 06:26:30,177 [88] DEBUG LTCPro.ServiceLayer.Log4net - ---Executing GetUserToken() in UserService----
2024-08-30 06:26:30,181 [81] DEBUG LTCPro.ServiceLayer.Log4net - ---Executing GetCompanyToBedFlagByFacId() in FacilityController----
2024-08-30 06:26:30,182 [81] DEBUG LTCPro.ServiceLayer.Log4net - ---Executing GetCompanyToBedFlagByFacId() in FacilityService----
2024-08-30 06:26:30,237 [56] DEBUG LTCPro.ServiceLayer.Log4net - ---Executing GetPRNDetailsByfilter() in EMARController----
2024-08-30 06:26:30,237 [56] DEBUG LTCPro.ServiceLayer.Log4net - ---Executing GetPRNDetailsByfilter() in EmarService----
2024-08-30 06:26:30,368 [85] DEBUG LTCPro.ServiceLayer.Log4net - ---Executing OrderEndingSoonStatus() in OrdersController----
2024-08-30 06:26:30,368 [85] DEBUG LTCPro.ServiceLayer.Log4net - ---Executing OrderEndingSoonStatus() in OrdersService----
2024-08-30 06:26:30,386 [88] DEBUG LTCPro.ServiceLayer.Log4net - ---Executing GetOrdersEndingSoon() in OrdersController----
2024-08-30 06:26:30,386 [88] DEBUG LTCPro.ServiceLayer.Log4net - ---Executing GetOrdersEndingSoon() in OrdersService----
2024-08-30 06:26:30,818 [85] DEBUG LTCPro.ServiceLayer.Log4net - ---Executed Successfully OrderEndingSoonStatus() in OrdersController----
2024-08-30 06:26:30,851 [85] DEBUG LTCPro.ServiceLayer.Log4net - ---Executing GetUserToken() in UserService----
2024-08-30 06:26:30,917 [88] DEBUG LTCPro.ServiceLayer.Log4net - ---Executed Successfully GetOrdersEndingSoon() in OrdersController----
2024-08-30 06:26:31,060 [85] DEBUG LTCPro.ServiceLayer.Log4net - ---Executing GetSeventyTwoHourDetailsByfilter() in EMARController----
2024-08-30 06:26:31,060 [85] DEBUG LTCPro.ServiceLayer.Log4net - ---Executing GetSeventyTwoHourDetailsByfilter() in EmarService----
2024-08-30 06:26:31,476 [81] DEBUG LTCPro.ServiceLayer.Log4net - ---Executed Successfully GetCompanyToBedFlagByFacId() in FacilityController----
2024-08-30 06:26:32,118 [86] DEBUG LTCPro.ServiceLayer.Log4net - ---Executed Successfully GetPendingDosesList() in CommonController----
2024-08-30 06:26:32,560 [5] DEBUG LTCPro.ServiceLayer.Log4net - ---Executing GetUserToken() in UserService----
2024-08-30 06:26:32,771 [5] DEBUG LTCPro.ServiceLayer.Log4net - ---Executing GetOrdersGridData() in OrdersController----
2024-08-30 06:26:32,771 [5] DEBUG LTCPro.ServiceLayer.Log4net - ---Executing GetOrdersGridData() in OrdersService----
2024-08-30 06:26:33,362 [88] DEBUG LTCPro.ServiceLayer.Log4net - ---Executing GetUserToken() in UserService----
2024-08-30 06:26:33,573 [88] DEBUG LTCPro.ServiceLayer.Log4net - ---Executing GetNurseStationHierarchyDetailsbyNsId() in CompanyController----
2024-08-30 06:26:33,573 [88] DEBUG LTCPro.ServiceLayer.Log4net - ---Executing GetNurseStationHierarchyDetailsbyNsId() in CompanyService----
2024-08-30 06:26:33,791 [88] DEBUG LTCPro.ServiceLayer.Log4net - ---Executed Successfully GetNurseStationHierarchyDetailsbyNsId() in CompanyController----
2024-08-30 06:26:34,744 [5] DEBUG LTCPro.ServiceLayer.Log4net - ---Executed Successfully GetOrdersGridData() in OrdersController----
2024-08-30 06:26:34,949 [5] DEBUG LTCPro.ServiceLayer.Log4net - ---Executing GetUserToken() in UserService----
2024-08-30 06:26:35,165 [5] DEBUG LTCPro.ServiceLayer.Log4net - ---Executing GetPendingOrdersGridData() in OrdersController----
2024-08-30 06:26:35,165 [5] DEBUG LTCPro.ServiceLayer.Log4net - ---Executing GetPendingOrdersGridData() in OrdersService----
2024-08-30 06:26:37,011 [87] DEBUG LTCPro.ServiceLayer.Log4net - ---Executed Successfully GetOutboundErrorDetails() in CommonController----
2024-08-30 06:26:37,137 [5] DEBUG LTCPro.ServiceLayer.Log4net - ---Executed Successfully GetPendingOrdersGridData() in OrdersController----
2024-08-30 06:26:42,712 [56] DEBUG LTCPro.ServiceLayer.Log4net - ---Executed Successfully GetPRNDetailsByfilter() in EMARController----
2024-08-30 06:26:43,188 [85] DEBUG LTCPro.ServiceLayer.Log4net - ---Executed Successfully GetSeventyTwoHourDetailsByfilter() in EMARController----
2024-08-30 06:27:49,710 [88] DEBUG LTCPro.ServiceLayer.Log4net - ---Executing GetUserToken() in UserService----
2024-08-30 06:27:49,920 [88] DEBUG LTCPro.ServiceLayer.Log4net - ---Executing GetOrdersGridDataByPatientId() in OrdersController----
2024-08-30 06:27:49,920 [88] DEBUG LTCPro.ServiceLayer.Log4net - ---Executing GetOrdersGridDataByPatientId() in OrdersService----
2024-08-30 06:27:51,180 [88] DEBUG LTCPro.ServiceLayer.Log4net - ---Executed Successfully GetOrdersGridDataByPatientId() in OrdersController----
2024-08-30 06:27:53,375 [88] DEBUG LTCPro.ServiceLayer.Log4net - ---Executing GetUserToken() in UserService----
2024-08-30 06:27:53,585 [88] DEBUG LTCPro.ServiceLayer.Log4net - ---Executing GetFacilityNSResidentsDataByPId() in ResidentDemographicController----
2024-08-30 06:27:53,585 [88] DEBUG LTCPro.ServiceLayer.Log4net - ---Executing GetFacilityNSResidentsDataByPId() in ResidentDemographicService----
2024-08-30 06:27:53,661 [81] DEBUG LTCPro.ServiceLayer.Log4net - ---Executing GetUserToken() in UserService----
2024-08-30 06:27:53,870 [81] DEBUG LTCPro.ServiceLayer.Log4net - ---Executing GetNurseNotes() in OrdersController----
2024-08-30 06:27:53,870 [81] DEBUG LTCPro.ServiceLayer.Log4net - ---Executing GetNurseNotes() in OrdersService----
2024-08-30 06:27:54,998 [81] DEBUG LTCPro.ServiceLayer.Log4net - ---Executed Successfully GetNurseNotes() in OrdersController----
2024-08-30 06:27:55,068 [88] DEBUG LTCPro.ServiceLayer.Log4net - ---Executed Successfully GetFacilityNSResidentsDataByPId() in ResidentDemographicController----
2024-08-30 06:27:55,192 [88] DEBUG LTCPro.ServiceLayer.Log4net - ---Executing GetUserToken() in UserService----
2024-08-30 06:27:55,204 [87] DEBUG LTCPro.ServiceLayer.Log4net - ---Executing GetUserToken() in UserService----
2024-08-30 06:27:55,490 [88] DEBUG LTCPro.ServiceLayer.Log4net - ---Executing GetAllBarcodes() in StockEkitController----
2024-08-30 06:27:55,490 [88] DEBUG LTCPro.ServiceLayer.Log4net - ---Executing GetAllBarcodes() in StockEkitService----
2024-08-30 06:27:55,530 [87] DEBUG LTCPro.ServiceLayer.Log4net - ---Executing GetDrFirstFlagForCompanyByNSId() in CompanyController----
2024-08-30 06:27:55,530 [87] DEBUG LTCPro.ServiceLayer.Log4net - ---Executing GetDrFirstFlagForCompanyByNSId() in CompanyService----
2024-08-30 06:27:55,530 [86] DEBUG LTCPro.ServiceLayer.Log4net - ---Executing GetUserToken() in UserService----
2024-08-30 06:27:55,540 [81] DEBUG LTCPro.ServiceLayer.Log4net - ---Executing GetUserToken() in UserService----
2024-08-30 06:27:55,740 [86] DEBUG LTCPro.ServiceLayer.Log4net - ---Executing GetPhysicianDropData() in OrdersController----
2024-08-30 06:27:55,740 [86] DEBUG LTCPro.ServiceLayer.Log4net - ---Executing GetPhysicianDropData() in OrdersService----
2024-08-30 06:27:55,743 [87] DEBUG LTCPro.ServiceLayer.Log4net - ---Executed Successfully GetDrFirstFlagForCompanyByNSId() in CompanyController----
2024-08-30 06:27:55,753 [81] DEBUG LTCPro.ServiceLayer.Log4net - ---Executing GetOrderRoutes() in OrdersController----
2024-08-30 06:27:55,753 [81] DEBUG LTCPro.ServiceLayer.Log4net - ---Executing GetOrderRoutes() in OrdersService----
2024-08-30 06:27:55,781 [87] DEBUG LTCPro.ServiceLayer.Log4net - ---Executing GetUserToken() in UserService----
2024-08-30 06:27:55,966 [81] DEBUG LTCPro.ServiceLayer.Log4net - ---Executed Successfully GetOrderRoutes() in OrdersController----
2024-08-30 06:27:55,991 [87] DEBUG LTCPro.ServiceLayer.Log4net - ---Executing GetResidentInformation() in ResidentDemographicController----
2024-08-30 06:27:55,991 [87] DEBUG LTCPro.ServiceLayer.Log4net - ---Executing GetResidentInformation() in ResidentDemographicService----
2024-08-30 06:27:56,163 [81] DEBUG LTCPro.ServiceLayer.Log4net - ---Executing GetUserToken() in UserService----
2024-08-30 06:27:56,179 [86] DEBUG LTCPro.ServiceLayer.Log4net - ---Executed Successfully GetPhysicianDropData() in OrdersController----
2024-08-30 06:27:56,238 [88] DEBUG LTCPro.ServiceLayer.Log4net - ---Executed Successfully GetAllBarcodes() in StockEkitController----
2024-08-30 06:27:56,376 [81] DEBUG LTCPro.ServiceLayer.Log4net - ---Executing GetTimeZoneDate() in CommonController----
2024-08-30 06:27:56,376 [81] DEBUG LTCPro.ServiceLayer.Log4net - ---Executing GetTimeZoneDate() in CommonService----
2024-08-30 06:27:56,590 [81] DEBUG LTCPro.ServiceLayer.Log4net - ---Executed Successfully GetTimeZoneDate() in CommonController----
2024-08-30 06:27:59,353 [87] DEBUG LTCPro.ServiceLayer.Log4net - ---Executed Successfully GetResidentInformation() in ResidentDemographicController----
2024-08-30 06:27:59,403 [65] DEBUG LTCPro.ServiceLayer.Log4net - ---Executing GetUserToken() in UserService----
2024-08-30 06:27:59,440 [59] DEBUG LTCPro.ServiceLayer.Log4net - ---Executing GetUserToken() in UserService----
2024-08-30 06:27:59,450 [87] DEBUG LTCPro.ServiceLayer.Log4net - ---Executing GetUserToken() in UserService----
2024-08-30 06:27:59,746 [87] DEBUG LTCPro.ServiceLayer.Log4net - ---Executing GetPatientType() in ResidentDemographicController----
2024-08-30 06:27:59,746 [87] DEBUG LTCPro.ServiceLayer.Log4net - ---Executing GetPatientType() in EmarService----
2024-08-30 06:27:59,773 [59] DEBUG LTCPro.ServiceLayer.Log4net - ---Executing GetDrFirstOrderCheck() in DrFirstIntegrationController----
2024-08-30 06:27:59,773 [59] DEBUG LTCPro.ServiceLayer.Log4net - ---Executing GetDrFirstOrderCheck() in DrFirstIntegrationService----
2024-08-30 06:27:59,777 [65] DEBUG LTCPro.ServiceLayer.Log4net - ---Executing GetWeightList(Patient_Id) in AssessmentController----
2024-08-30 06:27:59,777 [65] DEBUG LTCPro.ServiceLayer.Log4net - ---Executing GetWeightList() in AssessmentService----
2024-08-30 06:27:59,792 [64] DEBUG LTCPro.ServiceLayer.Log4net - ---Executing GetUserToken() in UserService----
2024-08-30 06:27:59,829 [81] DEBUG LTCPro.ServiceLayer.Log4net - ---Executing GetUserToken() in UserService----
2024-08-30 06:27:59,958 [87] DEBUG LTCPro.ServiceLayer.Log4net - ---Executed Successfully GetPatientType() in ResidentDemographicController----
2024-08-30 06:28:00,019 [59] DEBUG LTCPro.ServiceLayer.Log4net - ---Executed Successfully GetDrFirstOrderCheck() in DrFirstIntegrationController----
2024-08-30 06:28:00,056 [64] DEBUG LTCPro.ServiceLayer.Log4net - ---Executing GetDiagnosisDetails() in OrdersController----
2024-08-30 06:28:00,056 [64] DEBUG LTCPro.ServiceLayer.Log4net - ---Executing GetDiagnosisDetails() in OrdersService----
2024-08-30 06:28:00,060 [81] DEBUG LTCPro.ServiceLayer.Log4net - ---Executing GetOrderGridData() in OrdersController----
2024-08-30 06:28:00,060 [81] DEBUG LTCPro.ServiceLayer.Log4net - ---Executing GetOrderGridData() in OrdersService----
2024-08-30 06:28:00,328 [81] DEBUG LTCPro.ServiceLayer.Log4net - ---Executed Successfully GetOrderGridData() in OrdersController----
2024-08-30 06:28:00,467 [59] DEBUG LTCPro.ServiceLayer.Log4net - ---Executing GetUserToken() in UserService----
2024-08-30 06:28:00,810 [65] DEBUG LTCPro.ServiceLayer.Log4net - ---Executed Successfully GetWeightList(Patient_Id) in AssessmentController----
2024-08-30 06:28:00,817 [59] DEBUG LTCPro.ServiceLayer.Log4net - ---Executing GetAllBarcodes() in StockEkitController----
2024-08-30 06:28:00,817 [59] DEBUG LTCPro.ServiceLayer.Log4net - ---Executing GetAllBarcodes() in StockEkitService----
2024-08-30 06:28:00,825 [64] DEBUG LTCPro.ServiceLayer.Log4net - ---Executed Successfully GetDiagnosisDetails() in OrdersController----
2024-08-30 06:28:00,854 [86] DEBUG LTCPro.ServiceLayer.Log4net - ---Executing GetUserToken() in UserService----
2024-08-30 06:28:00,865 [5] DEBUG LTCPro.ServiceLayer.Log4net - ---Executing GetUserToken() in UserService----
2024-08-30 06:28:01,063 [86] DEBUG LTCPro.ServiceLayer.Log4net - ---Executing GetOrderGridData() in OrdersController----
2024-08-30 06:28:01,063 [86] DEBUG LTCPro.ServiceLayer.Log4net - ---Executing GetOrderGridData() in OrdersService----
2024-08-30 06:28:01,076 [5] DEBUG LTCPro.ServiceLayer.Log4net - ---Executing GetOrdersData() in OrdersController----
2024-08-30 06:28:01,076 [5] DEBUG LTCPro.ServiceLayer.Log4net - ---Executing GetOrdersData() in OrdersService----
2024-08-30 06:28:01,296 [5] DEBUG LTCPro.ServiceLayer.Log4net - ---Executed Successfully GetOrdersData() in OrdersController----
2024-08-30 06:28:03,395 [86] DEBUG LTCPro.ServiceLayer.Log4net - ---Executed Successfully GetOrderGridData() in OrdersController----
2024-08-30 06:28:03,613 [59] DEBUG LTCPro.ServiceLayer.Log4net - ---Executed Successfully GetAllBarcodes() in StockEkitController----
2024-08-30 06:28:03,734 [65] DEBUG LTCPro.ServiceLayer.Log4net - ---Executing GetUserToken() in UserService----
2024-08-30 06:28:03,760 [88] DEBUG LTCPro.ServiceLayer.Log4net - ---Executing GetUserToken() in UserService----
2024-08-30 06:28:03,778 [81] DEBUG LTCPro.ServiceLayer.Log4net - ---Executing GetUserToken() in UserService----
2024-08-30 06:28:03,795 [87] DEBUG LTCPro.ServiceLayer.Log4net - ---Executing GetUserToken() in UserService----
2024-08-30 06:28:03,949 [65] DEBUG LTCPro.ServiceLayer.Log4net - ---Executing GetOrderStockDetails() in OrdersController----
2024-08-30 06:28:03,950 [65] DEBUG LTCPro.ServiceLayer.Log4net - ---Executing GetOrderStockDetails() in OrdersService----
2024-08-30 06:28:03,969 [88] DEBUG LTCPro.ServiceLayer.Log4net - ---Executing GetFavouritesMasterData() in OrdersController----
2024-08-30 06:28:03,969 [88] DEBUG LTCPro.ServiceLayer.Log4net - ---Executing GetFavouritesMasterData() in OrdersService----
2024-08-30 06:28:03,988 [81] DEBUG LTCPro.ServiceLayer.Log4net - ---Executing GetPhysicianDropData() in OrdersController----
2024-08-30 06:28:03,988 [81] DEBUG LTCPro.ServiceLayer.Log4net - ---Executing GetPhysicianDropData() in OrdersService----
2024-08-30 06:28:04,007 [87] DEBUG LTCPro.ServiceLayer.Log4net - ---Executing GetNurseNotes() in OrdersController----
2024-08-30 06:28:04,007 [87] DEBUG LTCPro.ServiceLayer.Log4net - ---Executing GetNurseNotes() in OrdersService----
2024-08-30 06:28:04,159 [65] DEBUG LTCPro.ServiceLayer.Log4net - ---Executed Successfully GetOrderStockDetails() in OrdersController----
2024-08-30 06:28:04,181 [88] DEBUG LTCPro.ServiceLayer.Log4net - ---Executed Successfully GetFavouritesMasterData() in OrdersController----
2024-08-30 06:28:04,432 [81] DEBUG LTCPro.ServiceLayer.Log4net - ---Executed Successfully GetPhysicianDropData() in OrdersController----
2024-08-30 06:28:05,129 [87] DEBUG LTCPro.ServiceLayer.Log4net - ---Executed Successfully GetNurseNotes() in OrdersController----
2024-08-30 06:28:40,775 [65] DEBUG LTCPro.ServiceLayer.Log4net - ---Executing GetUserToken() in UserService----
2024-08-30 06:28:40,780 [59] DEBUG LTCPro.ServiceLayer.Log4net - ---Executing GetUserToken() in UserService----
2024-08-30 06:28:40,990 [65] DEBUG LTCPro.ServiceLayer.Log4net - ---Executing InsertUserActivityDetails() in CompanyController----
2024-08-30 06:28:40,990 [65] DEBUG LTCPro.ServiceLayer.Log4net - ---Executing InsertUserActivityDetails() in UserActivityService----
2024-08-30 06:28:40,991 [59] DEBUG LTCPro.ServiceLayer.Log4net - ---Executing GetUserRecentFacNs() in UserController----
2024-08-30 06:28:40,991 [59] DEBUG LTCPro.ServiceLayer.Log4net - ---Executing GetUserRecentFacNs() in UserService----
2024-08-30 06:28:41,012 [81] DEBUG LTCPro.ServiceLayer.Log4net - ---Executing GetUserToken() in UserService----
2024-08-30 06:28:41,223 [81] DEBUG LTCPro.ServiceLayer.Log4net - ---Executing OrderEndingSoonStatus() in OrdersController----
2024-08-30 06:28:41,223 [81] DEBUG LTCPro.ServiceLayer.Log4net - ---Executing OrderEndingSoonStatus() in OrdersService----
2024-08-30 06:28:41,409 [59] DEBUG LTCPro.ServiceLayer.Log4net - ---Executed Successfully GetUserRecentFacNs() in UserController----
2024-08-30 06:28:41,439 [59] DEBUG LTCPro.ServiceLayer.Log4net - ---Executing GetUserToken() in UserService----
2024-08-30 06:28:41,620 [65] DEBUG LTCPro.ServiceLayer.Log4net - ---Executed Successfully InsertUserActivityDetails() in CompanyController----
2024-08-30 06:28:41,629 [81] DEBUG LTCPro.ServiceLayer.Log4net - ---Executed Successfully OrderEndingSoonStatus() in OrdersController----
2024-08-30 06:28:41,647 [59] DEBUG LTCPro.ServiceLayer.Log4net - ---Executing GetUserAccessFacilityNurseStaions() in FacilityController----
2024-08-30 06:28:41,648 [59] DEBUG LTCPro.ServiceLayer.Log4net - ---Executing GetUserAccessFacilityNurseStaions() in FacilityService----
2024-08-30 06:28:42,073 [59] DEBUG LTCPro.ServiceLayer.Log4net - ---Executed Successfully GetUserAccessFacilityNurseStaions() in FacilityController----
2024-08-30 06:28:42,098 [65] DEBUG LTCPro.ServiceLayer.Log4net - ---Executing GetUserToken() in UserService----
2024-08-30 06:28:42,307 [65] DEBUG LTCPro.ServiceLayer.Log4net - ---Executing UserNurseStationDrop() in FacilityController----
2024-08-30 06:28:42,307 [65] DEBUG LTCPro.ServiceLayer.Log4net - ---Executing UserNurseStationDrop() in FacilityService----
2024-08-30 06:28:42,517 [65] DEBUG LTCPro.ServiceLayer.Log4net - ---Executed Successfully UserNurseStationDrop() in FacilityController----
2024-08-30 06:28:42,574 [84] DEBUG LTCPro.ServiceLayer.Log4net - ---Executing GetUserToken() in UserService----
2024-08-30 06:28:42,636 [66] DEBUG LTCPro.ServiceLayer.Log4net - ---Executing GetUserToken() in UserService----
2024-08-30 06:28:42,667 [25] DEBUG LTCPro.ServiceLayer.Log4net - ---Executing GetUserToken() in UserService----
2024-08-30 06:28:42,787 [84] DEBUG LTCPro.ServiceLayer.Log4net - ---Executing GetCompanyToBedFlagByFacId() in FacilityController----
2024-08-30 06:28:42,787 [84] DEBUG LTCPro.ServiceLayer.Log4net - ---Executing GetCompanyToBedFlagByFacId() in FacilityService----
2024-08-30 06:28:42,833 [60] DEBUG LTCPro.ServiceLayer.Log4net - ---Executing GetUserToken() in UserService----
2024-08-30 06:28:42,857 [66] DEBUG LTCPro.ServiceLayer.Log4net - ---Executing GetSeventyTwoHourDetailsByfilter() in EMARController----
2024-08-30 06:28:42,857 [66] DEBUG LTCPro.ServiceLayer.Log4net - ---Executing GetSeventyTwoHourDetailsByfilter() in EmarService----
2024-08-30 06:28:42,898 [25] DEBUG LTCPro.ServiceLayer.Log4net - ---Executing GetPRNDetailsByfilter() in EMARController----
2024-08-30 06:28:42,898 [25] DEBUG LTCPro.ServiceLayer.Log4net - ---Executing GetPRNDetailsByfilter() in EmarService----
2024-08-30 06:28:42,905 [5] DEBUG LTCPro.ServiceLayer.Log4net - ---Executing GetUserToken() in UserService----
2024-08-30 06:28:42,915 [65] DEBUG LTCPro.ServiceLayer.Log4net - ---Executing GetUserToken() in UserService----
2024-08-30 06:28:43,041 [60] DEBUG LTCPro.ServiceLayer.Log4net - ---Executing OrderEndingSoonStatus() in OrdersController----
2024-08-30 06:28:43,041 [60] DEBUG LTCPro.ServiceLayer.Log4net - ---Executing OrderEndingSoonStatus() in OrdersService----
2024-08-30 06:28:43,114 [5] DEBUG LTCPro.ServiceLayer.Log4net - ---Executing GetOrdersEndingSoon() in OrdersController----
2024-08-30 06:28:43,114 [5] DEBUG LTCPro.ServiceLayer.Log4net - ---Executing GetOrdersEndingSoon() in OrdersService----
2024-08-30 06:28:43,124 [65] DEBUG LTCPro.ServiceLayer.Log4net - ---Executing GetOrdersGridData() in OrdersController----
2024-08-30 06:28:43,124 [65] DEBUG LTCPro.ServiceLayer.Log4net - ---Executing GetOrdersGridData() in OrdersService----
2024-08-30 06:28:43,466 [60] DEBUG LTCPro.ServiceLayer.Log4net - ---Executed Successfully OrderEndingSoonStatus() in OrdersController----
2024-08-30 06:28:43,808 [5] DEBUG LTCPro.ServiceLayer.Log4net - ---Executed Successfully GetOrdersEndingSoon() in OrdersController----
2024-08-30 06:28:44,237 [84] DEBUG LTCPro.ServiceLayer.Log4net - ---Executed Successfully GetCompanyToBedFlagByFacId() in FacilityController----
2024-08-30 06:28:44,304 [59] DEBUG LTCPro.ServiceLayer.Log4net - ---Executing GetUserToken() in UserService----
2024-08-30 06:28:44,516 [59] DEBUG LTCPro.ServiceLayer.Log4net - ---Executing GetNurseStationHierarchyDetailsbyNsId() in CompanyController----
2024-08-30 06:28:44,517 [59] DEBUG LTCPro.ServiceLayer.Log4net - ---Executing GetNurseStationHierarchyDetailsbyNsId() in CompanyService----
2024-08-30 06:28:44,726 [59] DEBUG LTCPro.ServiceLayer.Log4net - ---Executed Successfully GetNurseStationHierarchyDetailsbyNsId() in CompanyController----
2024-08-30 06:28:45,289 [65] DEBUG LTCPro.ServiceLayer.Log4net - ---Executed Successfully GetOrdersGridData() in OrdersController----
2024-08-30 06:28:45,585 [59] DEBUG LTCPro.ServiceLayer.Log4net - ---Executing GetUserToken() in UserService----
2024-08-30 06:28:45,794 [59] DEBUG LTCPro.ServiceLayer.Log4net - ---Executing GetPendingOrdersGridData() in OrdersController----
2024-08-30 06:28:45,794 [59] DEBUG LTCPro.ServiceLayer.Log4net - ---Executing GetPendingOrdersGridData() in OrdersService----
2024-08-30 06:28:47,604 [59] DEBUG LTCPro.ServiceLayer.Log4net - ---Executed Successfully GetPendingOrdersGridData() in OrdersController----
2024-08-30 06:28:47,763 [65] DEBUG LTCPro.ServiceLayer.Log4net - ---Executing GetUserToken() in UserService----
2024-08-30 06:28:47,973 [65] DEBUG LTCPro.ServiceLayer.Log4net - ---Executing GetOrdersGridDataByPatientId() in OrdersController----
2024-08-30 06:28:47,973 [65] DEBUG LTCPro.ServiceLayer.Log4net - ---Executing GetOrdersGridDataByPatientId() in OrdersService----
2024-08-30 06:28:49,255 [65] DEBUG LTCPro.ServiceLayer.Log4net - ---Executed Successfully GetOrdersGridDataByPatientId() in OrdersController----
2024-08-30 06:28:51,276 [81] DEBUG LTCPro.ServiceLayer.Log4net - ---Executing GetUserToken() in UserService----
2024-08-30 06:28:51,484 [65] DEBUG LTCPro.ServiceLayer.Log4net - ---Executing GetUserToken() in UserService----
2024-08-30 06:28:51,500 [81] DEBUG LTCPro.ServiceLayer.Log4net - ---Executing GetFacilityNSResidentsDataByPId() in ResidentDemographicController----
2024-08-30 06:28:51,500 [81] DEBUG LTCPro.ServiceLayer.Log4net - ---Executing GetFacilityNSResidentsDataByPId() in ResidentDemographicService----
2024-08-30 06:28:51,692 [65] DEBUG LTCPro.ServiceLayer.Log4net - ---Executing GetNurseNotes() in OrdersController----
2024-08-30 06:28:51,693 [65] DEBUG LTCPro.ServiceLayer.Log4net - ---Executing GetNurseNotes() in OrdersService----
2024-08-30 06:28:52,805 [65] DEBUG LTCPro.ServiceLayer.Log4net - ---Executed Successfully GetNurseNotes() in OrdersController----
2024-08-30 06:28:52,982 [81] DEBUG LTCPro.ServiceLayer.Log4net - ---Executed Successfully GetFacilityNSResidentsDataByPId() in ResidentDemographicController----
2024-08-30 06:28:53,062 [84] DEBUG LTCPro.ServiceLayer.Log4net - ---Executing GetUserToken() in UserService----
2024-08-30 06:28:53,083 [59] DEBUG LTCPro.ServiceLayer.Log4net - ---Executing GetUserToken() in UserService----
2024-08-30 06:28:53,174 [65] DEBUG LTCPro.ServiceLayer.Log4net - ---Executing GetUserToken() in UserService----
2024-08-30 06:28:53,426 [65] DEBUG LTCPro.ServiceLayer.Log4net - ---Executing GetResidentInformation() in ResidentDemographicController----
2024-08-30 06:28:53,426 [65] DEBUG LTCPro.ServiceLayer.Log4net - ---Executing GetResidentInformation() in ResidentDemographicService----
2024-08-30 06:28:53,429 [84] DEBUG LTCPro.ServiceLayer.Log4net - ---Executing GetDrFirstFlagForCompanyByNSId() in CompanyController----
2024-08-30 06:28:53,429 [84] DEBUG LTCPro.ServiceLayer.Log4net - ---Executing GetDrFirstFlagForCompanyByNSId() in CompanyService----
2024-08-30 06:28:53,437 [59] DEBUG LTCPro.ServiceLayer.Log4net - ---Executing GetAllBarcodes() in StockEkitController----
2024-08-30 06:28:53,437 [59] DEBUG LTCPro.ServiceLayer.Log4net - ---Executing GetAllBarcodes() in StockEkitService----
2024-08-30 06:28:53,513 [60] DEBUG LTCPro.ServiceLayer.Log4net - ---Executing GetUserToken() in UserService----
2024-08-30 06:28:53,648 [84] DEBUG LTCPro.ServiceLayer.Log4net - ---Executed Successfully GetDrFirstFlagForCompanyByNSId() in CompanyController----
2024-08-30 06:28:53,727 [60] DEBUG LTCPro.ServiceLayer.Log4net - ---Executing GetPhysicianDropData() in OrdersController----
2024-08-30 06:28:53,727 [60] DEBUG LTCPro.ServiceLayer.Log4net - ---Executing GetPhysicianDropData() in OrdersService----
2024-08-30 06:28:53,862 [81] DEBUG LTCPro.ServiceLayer.Log4net - ---Executing GetUserToken() in UserService----
2024-08-30 06:28:54,108 [81] DEBUG LTCPro.ServiceLayer.Log4net - ---Executing GetOrderRoutes() in OrdersController----
2024-08-30 06:28:54,108 [81] DEBUG LTCPro.ServiceLayer.Log4net - ---Executing GetOrderRoutes() in OrdersService----
2024-08-30 06:28:54,133 [59] DEBUG LTCPro.ServiceLayer.Log4net - ---Executed Successfully GetAllBarcodes() in StockEkitController----
2024-08-30 06:28:54,172 [60] DEBUG LTCPro.ServiceLayer.Log4net - ---Executed Successfully GetPhysicianDropData() in OrdersController----
2024-08-30 06:28:54,321 [81] DEBUG LTCPro.ServiceLayer.Log4net - ---Executed Successfully GetOrderRoutes() in OrdersController----
2024-08-30 06:28:54,353 [84] DEBUG LTCPro.ServiceLayer.Log4net - ---Executing GetUserToken() in UserService----
2024-08-30 06:28:54,562 [84] DEBUG LTCPro.ServiceLayer.Log4net - ---Executing GetTimeZoneDate() in CommonController----
2024-08-30 06:28:54,562 [84] DEBUG LTCPro.ServiceLayer.Log4net - ---Executing GetTimeZoneDate() in CommonService----
2024-08-30 06:28:54,771 [84] DEBUG LTCPro.ServiceLayer.Log4net - ---Executed Successfully GetTimeZoneDate() in CommonController----
2024-08-30 06:28:54,996 [66] DEBUG LTCPro.ServiceLayer.Log4net - ---Executed Successfully GetSeventyTwoHourDetailsByfilter() in EMARController----
2024-08-30 06:28:55,258 [25] DEBUG LTCPro.ServiceLayer.Log4net - ---Executed Successfully GetPRNDetailsByfilter() in EMARController----
2024-08-30 06:28:56,855 [65] DEBUG LTCPro.ServiceLayer.Log4net - ---Executed Successfully GetResidentInformation() in ResidentDemographicController----
2024-08-30 06:28:56,914 [65] DEBUG LTCPro.ServiceLayer.Log4net - ---Executing GetUserToken() in UserService----
2024-08-30 06:28:56,931 [66] DEBUG LTCPro.ServiceLayer.Log4net - ---Executing GetUserToken() in UserService----
2024-08-30 06:28:57,114 [25] DEBUG LTCPro.ServiceLayer.Log4net - ---Executing GetUserToken() in UserService----
2024-08-30 06:28:57,115 [84] DEBUG LTCPro.ServiceLayer.Log4net - ---Executing GetUserToken() in UserService----
2024-08-30 06:28:57,129 [65] DEBUG LTCPro.ServiceLayer.Log4net - ---Executing GetWeightList(Patient_Id) in AssessmentController----
2024-08-30 06:28:57,129 [65] DEBUG LTCPro.ServiceLayer.Log4net - ---Executing GetWeightList() in AssessmentService----
2024-08-30 06:28:57,145 [66] DEBUG LTCPro.ServiceLayer.Log4net - ---Executing GetPatientType() in ResidentDemographicController----
2024-08-30 06:28:57,145 [66] DEBUG LTCPro.ServiceLayer.Log4net - ---Executing GetPatientType() in EmarService----
2024-08-30 06:28:57,325 [25] DEBUG LTCPro.ServiceLayer.Log4net - ---Executing GetOrderGridData() in OrdersController----
2024-08-30 06:28:57,325 [25] DEBUG LTCPro.ServiceLayer.Log4net - ---Executing GetOrderGridData() in OrdersService----
2024-08-30 06:28:57,325 [84] DEBUG LTCPro.ServiceLayer.Log4net - ---Executing GetDiagnosisDetails() in OrdersController----
2024-08-30 06:28:57,325 [84] DEBUG LTCPro.ServiceLayer.Log4net - ---Executing GetDiagnosisDetails() in OrdersService----
2024-08-30 06:28:57,355 [66] DEBUG LTCPro.ServiceLayer.Log4net - ---Executed Successfully GetPatientType() in ResidentDemographicController----
2024-08-30 06:28:57,366 [66] DEBUG LTCPro.ServiceLayer.Log4net - ---Executing GetUserToken() in UserService----
2024-08-30 06:28:57,576 [66] DEBUG LTCPro.ServiceLayer.Log4net - ---Executing GetDrFirstOrderCheck() in DrFirstIntegrationController----
2024-08-30 06:28:57,576 [66] DEBUG LTCPro.ServiceLayer.Log4net - ---Executing GetDrFirstOrderCheck() in DrFirstIntegrationService----
2024-08-30 06:28:57,586 [25] DEBUG LTCPro.ServiceLayer.Log4net - ---Executed Successfully GetOrderGridData() in OrdersController----
2024-08-30 06:28:57,618 [5] DEBUG LTCPro.ServiceLayer.Log4net - ---Executing GetUserToken() in UserService----
2024-08-30 06:28:57,940 [5] DEBUG LTCPro.ServiceLayer.Log4net - ---Executing GetAllBarcodes() in StockEkitController----
2024-08-30 06:28:57,940 [5] DEBUG LTCPro.ServiceLayer.Log4net - ---Executing GetAllBarcodes() in StockEkitService----
2024-08-30 06:28:57,980 [66] DEBUG LTCPro.ServiceLayer.Log4net - ---Executed Successfully GetDrFirstOrderCheck() in DrFirstIntegrationController----
2024-08-30 06:28:58,066 [59] DEBUG LTCPro.ServiceLayer.Log4net - ---Executing GetUserToken() in UserService----
2024-08-30 06:28:58,086 [25] DEBUG LTCPro.ServiceLayer.Log4net - ---Executing GetUserToken() in UserService----
2024-08-30 06:28:58,134 [65] DEBUG LTCPro.ServiceLayer.Log4net - ---Executed Successfully GetWeightList(Patient_Id) in AssessmentController----
2024-08-30 06:28:58,143 [84] DEBUG LTCPro.ServiceLayer.Log4net - ---Executed Successfully GetDiagnosisDetails() in OrdersController----
2024-08-30 06:28:58,284 [59] DEBUG LTCPro.ServiceLayer.Log4net - ---Executing GetOrdersData() in OrdersController----
2024-08-30 06:28:58,284 [59] DEBUG LTCPro.ServiceLayer.Log4net - ---Executing GetOrdersData() in OrdersService----
2024-08-30 06:28:58,294 [25] DEBUG LTCPro.ServiceLayer.Log4net - ---Executing GetOrderGridData() in OrdersController----
2024-08-30 06:28:58,294 [25] DEBUG LTCPro.ServiceLayer.Log4net - ---Executing GetOrderGridData() in OrdersService----
2024-08-30 06:28:58,499 [59] DEBUG LTCPro.ServiceLayer.Log4net - ---Executed Successfully GetOrdersData() in OrdersController----
2024-08-30 06:29:00,927 [5] DEBUG LTCPro.ServiceLayer.Log4net - ---Executed Successfully GetAllBarcodes() in StockEkitController----
2024-08-30 06:29:00,933 [25] DEBUG LTCPro.ServiceLayer.Log4net - ---Executed Successfully GetOrderGridData() in OrdersController----
2024-08-30 06:29:01,164 [81] DEBUG LTCPro.ServiceLayer.Log4net - ---Executing GetUserToken() in UserService----
2024-08-30 06:29:01,170 [65] DEBUG LTCPro.ServiceLayer.Log4net - ---Executing GetUserToken() in UserService----
2024-08-30 06:29:01,175 [59] DEBUG LTCPro.ServiceLayer.Log4net - ---Executing GetUserToken() in UserService----
2024-08-30 06:29:01,197 [5] DEBUG LTCPro.ServiceLayer.Log4net - ---Executing GetUserToken() in UserService----
2024-08-30 06:29:01,379 [81] DEBUG LTCPro.ServiceLayer.Log4net - ---Executing GetOrderStockDetails() in OrdersController----
2024-08-30 06:29:01,379 [81] DEBUG LTCPro.ServiceLayer.Log4net - ---Executing GetOrderStockDetails() in OrdersService----
2024-08-30 06:29:01,379 [65] DEBUG LTCPro.ServiceLayer.Log4net - ---Executing GetPhysicianDropData() in OrdersController----
2024-08-30 06:29:01,379 [65] DEBUG LTCPro.ServiceLayer.Log4net - ---Executing GetPhysicianDropData() in OrdersService----
2024-08-30 06:29:01,389 [59] DEBUG LTCPro.ServiceLayer.Log4net - ---Executing GetFavouritesMasterData() in OrdersController----
2024-08-30 06:29:01,389 [59] DEBUG LTCPro.ServiceLayer.Log4net - ---Executing GetFavouritesMasterData() in OrdersService----
2024-08-30 06:29:01,406 [5] DEBUG LTCPro.ServiceLayer.Log4net - ---Executing GetNurseNotes() in OrdersController----
2024-08-30 06:29:01,406 [5] DEBUG LTCPro.ServiceLayer.Log4net - ---Executing GetNurseNotes() in OrdersService----
2024-08-30 06:29:01,589 [81] DEBUG LTCPro.ServiceLayer.Log4net - ---Executed Successfully GetOrderStockDetails() in OrdersController----
2024-08-30 06:29:01,599 [59] DEBUG LTCPro.ServiceLayer.Log4net - ---Executed Successfully GetFavouritesMasterData() in OrdersController----
2024-08-30 06:29:01,814 [65] DEBUG LTCPro.ServiceLayer.Log4net - ---Executed Successfully GetPhysicianDropData() in OrdersController----
2024-08-30 06:29:02,511 [5] DEBUG LTCPro.ServiceLayer.Log4net - ---Executed Successfully GetNurseNotes() in OrdersController----
2024-08-30 06:30:46,565 [5] DEBUG LTCPro.ServiceLayer.Log4net - ---Executing GetUserToken() in UserService----
2024-08-30 06:30:46,568 [65] DEBUG LTCPro.ServiceLayer.Log4net - ---Executing GetUserToken() in UserService----
2024-08-30 06:30:46,568 [56] DEBUG LTCPro.ServiceLayer.Log4net - ---Executing GetUserToken() in UserService----
2024-08-30 06:30:46,584 [25] DEBUG LTCPro.ServiceLayer.Log4net - ---Executing GetUserToken() in UserService----
2024-08-30 06:30:46,596 [58] DEBUG LTCPro.ServiceLayer.Log4net - ---Executing GetUserToken() in UserService----
2024-08-30 06:30:46,602 [87] DEBUG LTCPro.ServiceLayer.Log4net - ---Executing GetUserToken() in UserService----
2024-08-30 06:30:46,787 [5] DEBUG LTCPro.ServiceLayer.Log4net - ---Executing GetReadMailsCount() in MailboxController----
2024-08-30 06:30:46,787 [5] DEBUG LTCPro.ServiceLayer.Log4net - ---Executing GetReadMailsCount() in MailboxService----
2024-08-30 06:30:46,790 [56] DEBUG LTCPro.ServiceLayer.Log4net - ---Executing GetAlertsDetails() in MailboxController----
2024-08-30 06:30:46,790 [56] DEBUG LTCPro.ServiceLayer.Log4net - ---Executing GetAlertsDetails() in MailboxService----
2024-08-30 06:30:46,793 [65] DEBUG LTCPro.ServiceLayer.Log4net - ---Executing GetUserPassedDueFlag() in UserController----
2024-08-30 06:30:46,793 [65] DEBUG LTCPro.ServiceLayer.Log4net - ---Executing GetUserPassedDueFlag() in UserService----
2024-08-30 06:30:46,794 [25] DEBUG LTCPro.ServiceLayer.Log4net - ---Executing GetUserRecentFacNs() in UserController----
2024-08-30 06:30:46,794 [25] DEBUG LTCPro.ServiceLayer.Log4net - ---Executing GetUserRecentFacNs() in UserService----
2024-08-30 06:30:46,812 [58] DEBUG LTCPro.ServiceLayer.Log4net - ---Executing GetOutboundErrorDetails() in CommonController----
2024-08-30 06:30:46,812 [58] DEBUG LTCPro.ServiceLayer.Log4net - ---Executing GetOutboundErrorDetails() in CommonService----
2024-08-30 06:30:46,813 [87] DEBUG LTCPro.ServiceLayer.Log4net - ---Executing GetDueMARAlertData() in EmarController----
2024-08-30 06:30:46,813 [87] DEBUG LTCPro.ServiceLayer.Log4net - ---Executing GetDueMARAlertData() in EmarService----
2024-08-30 06:30:47,002 [5] DEBUG LTCPro.ServiceLayer.Log4net - ---Executed successfully GetReadMailsCount() in MailboxController----
2024-08-30 06:30:47,008 [65] DEBUG LTCPro.ServiceLayer.Log4net - ---Executed Successfully GetUserPassedDueFlag() in UserController----
2024-08-30 06:30:47,030 [65] DEBUG LTCPro.ServiceLayer.Log4net - ---Executing GetUserToken() in UserService----
2024-08-30 06:30:47,401 [56] DEBUG LTCPro.ServiceLayer.Log4net - ---Executed successfully GetAlertsDetails() in MailboxController----
2024-08-30 06:30:47,401 [25] DEBUG LTCPro.ServiceLayer.Log4net - ---Executed Successfully GetUserRecentFacNs() in UserController----
2024-08-30 06:30:47,407 [65] DEBUG LTCPro.ServiceLayer.Log4net - ---Executing GetPendingDosesList() in CommonController----
2024-08-30 06:30:47,407 [65] DEBUG LTCPro.ServiceLayer.Log4net - ---Executing GetPendingDosesList() in CommonService----
2024-08-30 06:30:47,424 [56] DEBUG LTCPro.ServiceLayer.Log4net - ---Executing GetUserToken() in UserService----
2024-08-30 06:30:47,427 [25] DEBUG LTCPro.ServiceLayer.Log4net - ---Executing GetUserToken() in UserService----
2024-08-30 06:30:47,489 [85] DEBUG LTCPro.ServiceLayer.Log4net - ---Executing GetUserToken() in UserService----
2024-08-30 06:30:47,698 [85] DEBUG LTCPro.ServiceLayer.Log4net - ---Executing OrderEndingSoonStatus() in OrdersController----
2024-08-30 06:30:47,698 [85] DEBUG LTCPro.ServiceLayer.Log4net - ---Executing OrderEndingSoonStatus() in OrdersService----
2024-08-30 06:30:47,893 [25] DEBUG LTCPro.ServiceLayer.Log4net - ---Executing GetUserRecentFacNs() in UserController----
2024-08-30 06:30:47,893 [25] DEBUG LTCPro.ServiceLayer.Log4net - ---Executing GetUserRecentFacNs() in UserService----
2024-08-30 06:30:48,061 [56] DEBUG LTCPro.ServiceLayer.Log4net - ---Executing InsertUserActivityDetails() in CompanyController----
2024-08-30 06:30:48,061 [56] DEBUG LTCPro.ServiceLayer.Log4net - ---Executing InsertUserActivityDetails() in UserActivityService----
2024-08-30 06:30:48,128 [85] DEBUG LTCPro.ServiceLayer.Log4net - ---Executed Successfully OrderEndingSoonStatus() in OrdersController----
2024-08-30 06:30:48,151 [59] DEBUG LTCPro.ServiceLayer.Log4net - ---Executing GetUserToken() in UserService----
2024-08-30 06:30:48,314 [25] DEBUG LTCPro.ServiceLayer.Log4net - ---Executed Successfully GetUserRecentFacNs() in UserController----
2024-08-30 06:30:48,328 [25] DEBUG LTCPro.ServiceLayer.Log4net - ---Executing GetUserToken() in UserService----
2024-08-30 06:30:48,361 [59] DEBUG LTCPro.ServiceLayer.Log4net - ---Executing GetUserAccessFacilityNurseStaions() in FacilityController----
2024-08-30 06:30:48,361 [59] DEBUG LTCPro.ServiceLayer.Log4net - ---Executing GetUserAccessFacilityNurseStaions() in FacilityService----
2024-08-30 06:30:48,428 [87] DEBUG LTCPro.ServiceLayer.Log4net - ---Executed Successfully GetDueMARAlertData() in EmarController----
2024-08-30 06:30:48,537 [25] DEBUG LTCPro.ServiceLayer.Log4net - ---Executing GetUserAccessFacilityNurseStaions() in FacilityController----
2024-08-30 06:30:48,537 [25] DEBUG LTCPro.ServiceLayer.Log4net - ---Executing GetUserAccessFacilityNurseStaions() in FacilityService----
2024-08-30 06:30:48,696 [56] DEBUG LTCPro.ServiceLayer.Log4net - ---Executed Successfully InsertUserActivityDetails() in CompanyController----
2024-08-30 06:30:48,784 [59] DEBUG LTCPro.ServiceLayer.Log4net - ---Executed Successfully GetUserAccessFacilityNurseStaions() in FacilityController----
2024-08-30 06:30:48,958 [25] DEBUG LTCPro.ServiceLayer.Log4net - ---Executed Successfully GetUserAccessFacilityNurseStaions() in FacilityController----
2024-08-30 06:30:48,988 [5] DEBUG LTCPro.ServiceLayer.Log4net - ---Executing GetUserToken() in UserService----
2024-08-30 06:30:49,200 [5] DEBUG LTCPro.ServiceLayer.Log4net - ---Executing UserNurseStationDrop() in FacilityController----
2024-08-30 06:30:49,200 [5] DEBUG LTCPro.ServiceLayer.Log4net - ---Executing UserNurseStationDrop() in FacilityService----
2024-08-30 06:30:49,413 [5] DEBUG LTCPro.ServiceLayer.Log4net - ---Executed Successfully UserNurseStationDrop() in FacilityController----
2024-08-30 06:30:49,453 [56] DEBUG LTCPro.ServiceLayer.Log4net - ---Executing GetUserToken() in UserService----
2024-08-30 06:30:49,641 [5] DEBUG LTCPro.ServiceLayer.Log4net - ---Executing GetUserToken() in UserService----
2024-08-30 06:30:49,663 [56] DEBUG LTCPro.ServiceLayer.Log4net - ---Executing GetCompanyToBedFlagByFacId() in FacilityController----
2024-08-30 06:30:49,663 [56] DEBUG LTCPro.ServiceLayer.Log4net - ---Executing GetCompanyToBedFlagByFacId() in FacilityService----
2024-08-30 06:30:49,850 [5] DEBUG LTCPro.ServiceLayer.Log4net - ---Executing OrderEndingSoonStatus() in OrdersController----
2024-08-30 06:30:49,850 [5] DEBUG LTCPro.ServiceLayer.Log4net - ---Executing OrderEndingSoonStatus() in OrdersService----
2024-08-30 06:30:50,163 [59] DEBUG LTCPro.ServiceLayer.Log4net - ---Executing GetUserToken() in UserService----
2024-08-30 06:30:50,274 [5] DEBUG LTCPro.ServiceLayer.Log4net - ---Executed Successfully OrderEndingSoonStatus() in OrdersController----
2024-08-30 06:30:50,372 [59] DEBUG LTCPro.ServiceLayer.Log4net - ---Executing GetSeventyTwoHourDetailsByfilter() in EMARController----
2024-08-30 06:30:50,372 [59] DEBUG LTCPro.ServiceLayer.Log4net - ---Executing GetSeventyTwoHourDetailsByfilter() in EmarService----
2024-08-30 06:30:50,482 [5] DEBUG LTCPro.ServiceLayer.Log4net - ---Executing GetUserToken() in UserService----
2024-08-30 06:30:50,692 [5] DEBUG LTCPro.ServiceLayer.Log4net - ---Executing GetOrdersEndingSoon() in OrdersController----
2024-08-30 06:30:50,692 [5] DEBUG LTCPro.ServiceLayer.Log4net - ---Executing GetOrdersEndingSoon() in OrdersService----
2024-08-30 06:30:50,931 [56] DEBUG LTCPro.ServiceLayer.Log4net - ---Executed Successfully GetCompanyToBedFlagByFacId() in FacilityController----
2024-08-30 06:30:50,956 [56] DEBUG LTCPro.ServiceLayer.Log4net - ---Executing GetUserToken() in UserService----
2024-08-30 06:30:51,168 [56] DEBUG LTCPro.ServiceLayer.Log4net - ---Executing GetPRNDetailsByfilter() in EMARController----
2024-08-30 06:30:51,168 [56] DEBUG LTCPro.ServiceLayer.Log4net - ---Executing GetPRNDetailsByfilter() in EmarService----
2024-08-30 06:30:51,173 [5] DEBUG LTCPro.ServiceLayer.Log4net - ---Executed Successfully GetOrdersEndingSoon() in OrdersController----
2024-08-30 06:30:51,389 [65] DEBUG LTCPro.ServiceLayer.Log4net - ---Executed Successfully GetPendingDosesList() in CommonController----
2024-08-30 06:30:51,628 [65] DEBUG LTCPro.ServiceLayer.Log4net - ---Executing GetUserToken() in UserService----
2024-08-30 06:30:51,841 [65] DEBUG LTCPro.ServiceLayer.Log4net - ---Executing GetOrdersGridData() in OrdersController----
2024-08-30 06:30:51,841 [65] DEBUG LTCPro.ServiceLayer.Log4net - ---Executing GetOrdersGridData() in OrdersService----
2024-08-30 06:30:52,171 [5] DEBUG LTCPro.ServiceLayer.Log4net - ---Executing GetUserToken() in UserService----
2024-08-30 06:30:52,397 [5] DEBUG LTCPro.ServiceLayer.Log4net - ---Executing GetNurseStationHierarchyDetailsbyNsId() in CompanyController----
2024-08-30 06:30:52,397 [5] DEBUG LTCPro.ServiceLayer.Log4net - ---Executing GetNurseStationHierarchyDetailsbyNsId() in CompanyService----
2024-08-30 06:30:52,608 [5] DEBUG LTCPro.ServiceLayer.Log4net - ---Executed Successfully GetNurseStationHierarchyDetailsbyNsId() in CompanyController----
2024-08-30 06:30:53,823 [65] DEBUG LTCPro.ServiceLayer.Log4net - ---Executed Successfully GetOrdersGridData() in OrdersController----
2024-08-30 06:30:54,159 [65] DEBUG LTCPro.ServiceLayer.Log4net - ---Executing GetUserToken() in UserService----
2024-08-30 06:30:54,375 [65] DEBUG LTCPro.ServiceLayer.Log4net - ---Executing GetPendingOrdersGridData() in OrdersController----
2024-08-30 06:30:54,375 [65] DEBUG LTCPro.ServiceLayer.Log4net - ---Executing GetPendingOrdersGridData() in OrdersService----
2024-08-30 06:30:56,088 [58] DEBUG LTCPro.ServiceLayer.Log4net - ---Executed Successfully GetOutboundErrorDetails() in CommonController----
2024-08-30 06:30:56,438 [65] DEBUG LTCPro.ServiceLayer.Log4net - ---Executed Successfully GetPendingOrdersGridData() in OrdersController----
2024-08-30 06:31:02,871 [59] DEBUG LTCPro.ServiceLayer.Log4net - ---Executed Successfully GetSeventyTwoHourDetailsByfilter() in EMARController----
2024-08-30 06:31:03,766 [56] DEBUG LTCPro.ServiceLayer.Log4net - ---Executed Successfully GetPRNDetailsByfilter() in EMARController----
2024-08-30 06:31:46,553 [58] DEBUG LTCPro.ServiceLayer.Log4net - ---Executing GetUserToken() in UserService----
2024-08-30 06:31:46,764 [58] DEBUG LTCPro.ServiceLayer.Log4net - ---Executing GetOrdersGridDataByPatientId() in OrdersController----
2024-08-30 06:31:46,764 [58] DEBUG LTCPro.ServiceLayer.Log4net - ---Executing GetOrdersGridDataByPatientId() in OrdersService----
2024-08-30 06:31:47,247 [58] DEBUG LTCPro.ServiceLayer.Log4net - ---Executed Successfully GetOrdersGridDataByPatientId() in OrdersController----
2024-08-30 06:31:49,336 [25] DEBUG LTCPro.ServiceLayer.Log4net - ---Executing GetUserToken() in UserService----
2024-08-30 06:31:49,533 [58] DEBUG LTCPro.ServiceLayer.Log4net - ---Executing GetUserToken() in UserService----
2024-08-30 06:31:49,546 [25] DEBUG LTCPro.ServiceLayer.Log4net - ---Executing GetFacilityNSResidentsDataByPId() in ResidentDemographicController----
2024-08-30 06:31:49,546 [25] DEBUG LTCPro.ServiceLayer.Log4net - ---Executing GetFacilityNSResidentsDataByPId() in ResidentDemographicService----
2024-08-30 06:31:49,742 [58] DEBUG LTCPro.ServiceLayer.Log4net - ---Executing GetNurseNotes() in OrdersController----
2024-08-30 06:31:49,742 [58] DEBUG LTCPro.ServiceLayer.Log4net - ---Executing GetNurseNotes() in OrdersService----
2024-08-30 06:31:50,857 [58] DEBUG LTCPro.ServiceLayer.Log4net - ---Executed Successfully GetNurseNotes() in OrdersController----
2024-08-30 06:31:51,018 [25] DEBUG LTCPro.ServiceLayer.Log4net - ---Executed Successfully GetFacilityNSResidentsDataByPId() in ResidentDemographicController----
2024-08-30 06:31:51,133 [58] DEBUG LTCPro.ServiceLayer.Log4net - ---Executing GetUserToken() in UserService----
2024-08-30 06:31:51,159 [5] DEBUG LTCPro.ServiceLayer.Log4net - ---Executing GetUserToken() in UserService----
2024-08-30 06:31:51,247 [56] DEBUG LTCPro.ServiceLayer.Log4net - ---Executing GetUserToken() in UserService----
2024-08-30 06:31:51,458 [5] DEBUG LTCPro.ServiceLayer.Log4net - ---Executing GetDrFirstFlagForCompanyByNSId() in CompanyController----
2024-08-30 06:31:51,458 [5] DEBUG LTCPro.ServiceLayer.Log4net - ---Executing GetDrFirstFlagForCompanyByNSId() in CompanyService----
2024-08-30 06:31:51,463 [58] DEBUG LTCPro.ServiceLayer.Log4net - ---Executing GetAllBarcodes() in StockEkitController----
2024-08-30 06:31:51,463 [58] DEBUG LTCPro.ServiceLayer.Log4net - ---Executing GetAllBarcodes() in StockEkitService----
2024-08-30 06:31:51,466 [56] DEBUG LTCPro.ServiceLayer.Log4net - ---Executing GetResidentInformation() in ResidentDemographicController----
2024-08-30 06:31:51,466 [56] DEBUG LTCPro.ServiceLayer.Log4net - ---Executing GetResidentInformation() in ResidentDemographicService----
2024-08-30 06:31:51,580 [65] DEBUG LTCPro.ServiceLayer.Log4net - ---Executing GetUserToken() in UserService----
2024-08-30 06:31:51,673 [5] DEBUG LTCPro.ServiceLayer.Log4net - ---Executed Successfully GetDrFirstFlagForCompanyByNSId() in CompanyController----
2024-08-30 06:31:51,789 [65] DEBUG LTCPro.ServiceLayer.Log4net - ---Executing GetOrderRoutes() in OrdersController----
2024-08-30 06:31:51,790 [65] DEBUG LTCPro.ServiceLayer.Log4net - ---Executing GetOrderRoutes() in OrdersService----
2024-08-30 06:31:51,885 [5] DEBUG LTCPro.ServiceLayer.Log4net - ---Executing GetUserToken() in UserService----
2024-08-30 06:31:51,999 [65] DEBUG LTCPro.ServiceLayer.Log4net - ---Executed Successfully GetOrderRoutes() in OrdersController----
2024-08-30 06:31:52,076 [58] DEBUG LTCPro.ServiceLayer.Log4net - ---Executed Successfully GetAllBarcodes() in StockEkitController----
2024-08-30 06:31:52,095 [5] DEBUG LTCPro.ServiceLayer.Log4net - ---Executing GetPhysicianDropData() in OrdersController----
2024-08-30 06:31:52,095 [5] DEBUG LTCPro.ServiceLayer.Log4net - ---Executing GetPhysicianDropData() in OrdersService----
2024-08-30 06:31:52,215 [58] DEBUG LTCPro.ServiceLayer.Log4net - ---Executing GetUserToken() in UserService----
2024-08-30 06:31:52,425 [58] DEBUG LTCPro.ServiceLayer.Log4net - ---Executing GetTimeZoneDate() in CommonController----
2024-08-30 06:31:52,426 [58] DEBUG LTCPro.ServiceLayer.Log4net - ---Executing GetTimeZoneDate() in CommonService----
2024-08-30 06:31:52,550 [5] DEBUG LTCPro.ServiceLayer.Log4net - ---Executed Successfully GetPhysicianDropData() in OrdersController----
2024-08-30 06:31:52,634 [58] DEBUG LTCPro.ServiceLayer.Log4net - ---Executed Successfully GetTimeZoneDate() in CommonController----
2024-08-30 06:31:54,867 [56] DEBUG LTCPro.ServiceLayer.Log4net - ---Executed Successfully GetResidentInformation() in ResidentDemographicController----
2024-08-30 06:31:54,926 [58] DEBUG LTCPro.ServiceLayer.Log4net - ---Executing GetUserToken() in UserService----
2024-08-30 06:31:54,935 [84] DEBUG LTCPro.ServiceLayer.Log4net - ---Executing GetUserToken() in UserService----
2024-08-30 06:31:54,950 [5] DEBUG LTCPro.ServiceLayer.Log4net - ---Executing GetUserToken() in UserService----
2024-08-30 06:31:55,139 [58] DEBUG LTCPro.ServiceLayer.Log4net - ---Executing GetPatientType() in ResidentDemographicController----
2024-08-30 06:31:55,139 [58] DEBUG LTCPro.ServiceLayer.Log4net - ---Executing GetPatientType() in EmarService----
2024-08-30 06:31:55,143 [56] DEBUG LTCPro.ServiceLayer.Log4net - ---Executing GetUserToken() in UserService----
2024-08-30 06:31:55,147 [84] DEBUG LTCPro.ServiceLayer.Log4net - ---Executing GetWeightList(Patient_Id) in AssessmentController----
2024-08-30 06:31:55,147 [84] DEBUG LTCPro.ServiceLayer.Log4net - ---Executing GetWeightList() in AssessmentService----
2024-08-30 06:31:55,161 [5] DEBUG LTCPro.ServiceLayer.Log4net - ---Executing GetDrFirstOrderCheck() in DrFirstIntegrationController----
2024-08-30 06:31:55,161 [5] DEBUG LTCPro.ServiceLayer.Log4net - ---Executing GetDrFirstOrderCheck() in DrFirstIntegrationService----
2024-08-30 06:31:55,170 [25] DEBUG LTCPro.ServiceLayer.Log4net - ---Executing GetUserToken() in UserService----
2024-08-30 06:31:55,352 [58] DEBUG LTCPro.ServiceLayer.Log4net - ---Executed Successfully GetPatientType() in ResidentDemographicController----
2024-08-30 06:31:55,353 [56] DEBUG LTCPro.ServiceLayer.Log4net - ---Executing GetDiagnosisDetails() in OrdersController----
2024-08-30 06:31:55,353 [56] DEBUG LTCPro.ServiceLayer.Log4net - ---Executing GetDiagnosisDetails() in OrdersService----
2024-08-30 06:31:55,370 [5] DEBUG LTCPro.ServiceLayer.Log4net - ---Executed Successfully GetDrFirstOrderCheck() in DrFirstIntegrationController----
2024-08-30 06:31:55,380 [25] DEBUG LTCPro.ServiceLayer.Log4net - ---Executing GetOrderGridData() in OrdersController----
2024-08-30 06:31:55,380 [25] DEBUG LTCPro.ServiceLayer.Log4net - ---Executing GetOrderGridData() in OrdersService----
2024-08-30 06:31:55,672 [25] DEBUG LTCPro.ServiceLayer.Log4net - ---Executed Successfully GetOrderGridData() in OrdersController----
2024-08-30 06:31:55,704 [5] DEBUG LTCPro.ServiceLayer.Log4net - ---Executing GetUserToken() in UserService----
2024-08-30 06:31:55,917 [5] DEBUG LTCPro.ServiceLayer.Log4net - ---Executing GetAllBarcodes() in StockEkitController----
2024-08-30 06:31:55,917 [5] DEBUG LTCPro.ServiceLayer.Log4net - ---Executing GetAllBarcodes() in StockEkitService----
2024-08-30 06:31:55,971 [65] DEBUG LTCPro.ServiceLayer.Log4net - ---Executing GetUserToken() in UserService----
2024-08-30 06:31:55,979 [58] DEBUG LTCPro.ServiceLayer.Log4net - ---Executing GetUserToken() in UserService----
2024-08-30 06:31:55,999 [56] DEBUG LTCPro.ServiceLayer.Log4net - ---Executed Successfully GetDiagnosisDetails() in OrdersController----
2024-08-30 06:31:56,002 [84] DEBUG LTCPro.ServiceLayer.Log4net - ---Executed Successfully GetWeightList(Patient_Id) in AssessmentController----
2024-08-30 06:31:56,188 [65] DEBUG LTCPro.ServiceLayer.Log4net - ---Executing GetOrderGridData() in OrdersController----
2024-08-30 06:31:56,188 [65] DEBUG LTCPro.ServiceLayer.Log4net - ---Executing GetOrderGridData() in OrdersService----
2024-08-30 06:31:56,191 [58] DEBUG LTCPro.ServiceLayer.Log4net - ---Executing GetOrdersData() in OrdersController----
2024-08-30 06:31:56,191 [58] DEBUG LTCPro.ServiceLayer.Log4net - ---Executing GetOrdersData() in OrdersService----
2024-08-30 06:31:56,405 [58] DEBUG LTCPro.ServiceLayer.Log4net - ---Executed Successfully GetOrdersData() in OrdersController----
2024-08-30 06:31:58,068 [65] DEBUG LTCPro.ServiceLayer.Log4net - ---Executed Successfully GetOrderGridData() in OrdersController----
2024-08-30 06:31:58,313 [5] DEBUG LTCPro.ServiceLayer.Log4net - ---Executed Successfully GetAllBarcodes() in StockEkitController----
2024-08-30 06:31:58,515 [25] DEBUG LTCPro.ServiceLayer.Log4net - ---Executing GetUserToken() in UserService----
2024-08-30 06:31:58,522 [60] DEBUG LTCPro.ServiceLayer.Log4net - ---Executing GetUserToken() in UserService----
2024-08-30 06:31:58,556 [56] DEBUG LTCPro.ServiceLayer.Log4net - ---Executing GetUserToken() in UserService----
2024-08-30 06:31:58,572 [64] DEBUG LTCPro.ServiceLayer.Log4net - ---Executing GetUserToken() in UserService----
2024-08-30 06:31:58,728 [25] DEBUG LTCPro.ServiceLayer.Log4net - ---Executing GetFavouritesMasterData() in OrdersController----
2024-08-30 06:31:58,728 [25] DEBUG LTCPro.ServiceLayer.Log4net - ---Executing GetFavouritesMasterData() in OrdersService----
2024-08-30 06:31:58,738 [60] DEBUG LTCPro.ServiceLayer.Log4net - ---Executing GetOrderStockDetails() in OrdersController----
2024-08-30 06:31:58,739 [60] DEBUG LTCPro.ServiceLayer.Log4net - ---Executing GetOrderStockDetails() in OrdersService----
2024-08-30 06:31:58,766 [56] DEBUG LTCPro.ServiceLayer.Log4net - ---Executing GetPhysicianDropData() in OrdersController----
2024-08-30 06:31:58,766 [56] DEBUG LTCPro.ServiceLayer.Log4net - ---Executing GetPhysicianDropData() in OrdersService----
2024-08-30 06:31:58,781 [64] DEBUG LTCPro.ServiceLayer.Log4net - ---Executing GetNurseNotes() in OrdersController----
2024-08-30 06:31:58,781 [64] DEBUG LTCPro.ServiceLayer.Log4net - ---Executing GetNurseNotes() in OrdersService----
2024-08-30 06:31:58,940 [25] DEBUG LTCPro.ServiceLayer.Log4net - ---Executed Successfully GetFavouritesMasterData() in OrdersController----
2024-08-30 06:31:58,951 [60] DEBUG LTCPro.ServiceLayer.Log4net - ---Executed Successfully GetOrderStockDetails() in OrdersController----
2024-08-30 06:31:59,252 [56] DEBUG LTCPro.ServiceLayer.Log4net - ---Executed Successfully GetPhysicianDropData() in OrdersController----
2024-08-30 06:31:59,981 [64] DEBUG LTCPro.ServiceLayer.Log4net - ---Executed Successfully GetNurseNotes() in OrdersController----
2024-08-30 06:32:06,559 [25] DEBUG LTCPro.ServiceLayer.Log4net - ---Executing GetUserToken() in UserService----
2024-08-30 06:32:06,564 [5] DEBUG LTCPro.ServiceLayer.Log4net - ---Executing GetUserToken() in UserService----
2024-08-30 06:32:06,770 [25] DEBUG LTCPro.ServiceLayer.Log4net - ---Executing InsertUserActivityDetails() in CompanyController----
2024-08-30 06:32:06,770 [25] DEBUG LTCPro.ServiceLayer.Log4net - ---Executing InsertUserActivityDetails() in UserActivityService----
2024-08-30 06:32:06,772 [5] DEBUG LTCPro.ServiceLayer.Log4net - ---Executing GetUserRecentFacNs() in UserController----
2024-08-30 06:32:06,772 [5] DEBUG LTCPro.ServiceLayer.Log4net - ---Executing GetUserRecentFacNs() in UserService----
2024-08-30 06:32:06,791 [65] DEBUG LTCPro.ServiceLayer.Log4net - ---Executing GetUserToken() in UserService----
2024-08-30 06:32:07,006 [65] DEBUG LTCPro.ServiceLayer.Log4net - ---Executing OrderEndingSoonStatus() in OrdersController----
2024-08-30 06:32:07,006 [65] DEBUG LTCPro.ServiceLayer.Log4net - ---Executing OrderEndingSoonStatus() in OrdersService----
2024-08-30 06:32:07,189 [5] DEBUG LTCPro.ServiceLayer.Log4net - ---Executed Successfully GetUserRecentFacNs() in UserController----
2024-08-30 06:32:07,213 [5] DEBUG LTCPro.ServiceLayer.Log4net - ---Executing GetUserToken() in UserService----
2024-08-30 06:32:07,394 [25] DEBUG LTCPro.ServiceLayer.Log4net - ---Executed Successfully InsertUserActivityDetails() in CompanyController----
2024-08-30 06:32:07,418 [65] DEBUG LTCPro.ServiceLayer.Log4net - ---Executed Successfully OrderEndingSoonStatus() in OrdersController----
2024-08-30 06:32:07,427 [5] DEBUG LTCPro.ServiceLayer.Log4net - ---Executing GetUserAccessFacilityNurseStaions() in FacilityController----
2024-08-30 06:32:07,427 [5] DEBUG LTCPro.ServiceLayer.Log4net - ---Executing GetUserAccessFacilityNurseStaions() in FacilityService----
2024-08-30 06:32:07,848 [5] DEBUG LTCPro.ServiceLayer.Log4net - ---Executed Successfully GetUserAccessFacilityNurseStaions() in FacilityController----
2024-08-30 06:32:07,878 [58] DEBUG LTCPro.ServiceLayer.Log4net - ---Executing GetUserToken() in UserService----
2024-08-30 06:32:08,087 [58] DEBUG LTCPro.ServiceLayer.Log4net - ---Executing UserNurseStationDrop() in FacilityController----
2024-08-30 06:32:08,087 [58] DEBUG LTCPro.ServiceLayer.Log4net - ---Executing UserNurseStationDrop() in FacilityService----
2024-08-30 06:32:08,297 [58] DEBUG LTCPro.ServiceLayer.Log4net - ---Executed Successfully UserNurseStationDrop() in FacilityController----
2024-08-30 06:32:08,369 [60] DEBUG LTCPro.ServiceLayer.Log4net - ---Executing GetUserToken() in UserService----
2024-08-30 06:32:08,382 [5] DEBUG LTCPro.ServiceLayer.Log4net - ---Executing GetUserToken() in UserService----
2024-08-30 06:32:08,619 [60] DEBUG LTCPro.ServiceLayer.Log4net - ---Executing GetSeventyTwoHourDetailsByfilter() in EMARController----
2024-08-30 06:32:08,619 [60] DEBUG LTCPro.ServiceLayer.Log4net - ---Executing GetSeventyTwoHourDetailsByfilter() in EmarService----
2024-08-30 06:32:08,622 [5] DEBUG LTCPro.ServiceLayer.Log4net - ---Executing GetCompanyToBedFlagByFacId() in FacilityController----
2024-08-30 06:32:08,622 [5] DEBUG LTCPro.ServiceLayer.Log4net - ---Executing GetCompanyToBedFlagByFacId() in FacilityService----
2024-08-30 06:32:08,720 [65] DEBUG LTCPro.ServiceLayer.Log4net - ---Executing GetUserToken() in UserService----
2024-08-30 06:32:08,741 [58] DEBUG LTCPro.ServiceLayer.Log4net - ---Executing GetUserToken() in UserService----
2024-08-30 06:32:08,933 [65] DEBUG LTCPro.ServiceLayer.Log4net - ---Executing OrderEndingSoonStatus() in OrdersController----
2024-08-30 06:32:08,933 [65] DEBUG LTCPro.ServiceLayer.Log4net - ---Executing OrderEndingSoonStatus() in OrdersService----
2024-08-30 06:32:08,951 [58] DEBUG LTCPro.ServiceLayer.Log4net - ---Executing GetOrdersGridData() in OrdersController----
2024-08-30 06:32:08,952 [58] DEBUG LTCPro.ServiceLayer.Log4net - ---Executing GetOrdersGridData() in OrdersService----
2024-08-30 06:32:09,317 [65] DEBUG LTCPro.ServiceLayer.Log4net - ---Executed Successfully OrderEndingSoonStatus() in OrdersController----
2024-08-30 06:32:09,537 [65] DEBUG LTCPro.ServiceLayer.Log4net - ---Executing GetUserToken() in UserService----
2024-08-30 06:32:09,748 [65] DEBUG LTCPro.ServiceLayer.Log4net - ---Executing GetOrdersEndingSoon() in OrdersController----
2024-08-30 06:32:09,748 [65] DEBUG LTCPro.ServiceLayer.Log4net - ---Executing GetOrdersEndingSoon() in OrdersService----
2024-08-30 06:32:09,919 [5] DEBUG LTCPro.ServiceLayer.Log4net - ---Executed Successfully GetCompanyToBedFlagByFacId() in FacilityController----
2024-08-30 06:32:09,950 [5] DEBUG LTCPro.ServiceLayer.Log4net - ---Executing GetUserToken() in UserService----
2024-08-30 06:32:10,160 [5] DEBUG LTCPro.ServiceLayer.Log4net - ---Executing GetPRNDetailsByfilter() in EMARController----
2024-08-30 06:32:10,161 [5] DEBUG LTCPro.ServiceLayer.Log4net - ---Executing GetPRNDetailsByfilter() in EmarService----
2024-08-30 06:32:10,216 [65] DEBUG LTCPro.ServiceLayer.Log4net - ---Executed Successfully GetOrdersEndingSoon() in OrdersController----
2024-08-30 06:32:10,269 [65] DEBUG LTCPro.ServiceLayer.Log4net - ---Executing GetUserToken() in UserService----
2024-08-30 06:32:10,481 [65] DEBUG LTCPro.ServiceLayer.Log4net - ---Executing GetNurseStationHierarchyDetailsbyNsId() in CompanyController----
2024-08-30 06:32:10,481 [65] DEBUG LTCPro.ServiceLayer.Log4net - ---Executing GetNurseStationHierarchyDetailsbyNsId() in CompanyService----
2024-08-30 06:32:10,693 [65] DEBUG LTCPro.ServiceLayer.Log4net - ---Executed Successfully GetNurseStationHierarchyDetailsbyNsId() in CompanyController----
2024-08-30 06:32:10,983 [58] DEBUG LTCPro.ServiceLayer.Log4net - ---Executed Successfully GetOrdersGridData() in OrdersController----
2024-08-30 06:32:11,299 [65] DEBUG LTCPro.ServiceLayer.Log4net - ---Executing GetUserToken() in UserService----
2024-08-30 06:32:11,508 [65] DEBUG LTCPro.ServiceLayer.Log4net - ---Executing GetPendingOrdersGridData() in OrdersController----
2024-08-30 06:32:11,508 [65] DEBUG LTCPro.ServiceLayer.Log4net - ---Executing GetPendingOrdersGridData() in OrdersService----
2024-08-30 06:32:13,352 [25] DEBUG LTCPro.ServiceLayer.Log4net - ---Executing GetUserToken() in UserService----
2024-08-30 06:32:13,461 [65] DEBUG LTCPro.ServiceLayer.Log4net - ---Executed Successfully GetPendingOrdersGridData() in OrdersController----
2024-08-30 06:32:13,562 [25] DEBUG LTCPro.ServiceLayer.Log4net - ---Executing GetOrdersGridDataByPatientId() in OrdersController----
2024-08-30 06:32:13,562 [25] DEBUG LTCPro.ServiceLayer.Log4net - ---Executing GetOrdersGridDataByPatientId() in OrdersService----
2024-08-30 06:32:14,016 [25] DEBUG LTCPro.ServiceLayer.Log4net - ---Executed Successfully GetOrdersGridDataByPatientId() in OrdersController----
2024-08-30 06:32:16,917 [64] DEBUG LTCPro.ServiceLayer.Log4net - ---Executing GetUserToken() in UserService----
2024-08-30 06:32:17,116 [65] DEBUG LTCPro.ServiceLayer.Log4net - ---Executing GetUserToken() in UserService----
2024-08-30 06:32:17,126 [64] DEBUG LTCPro.ServiceLayer.Log4net - ---Executing GetFacilityNSResidentsDataByPId() in ResidentDemographicController----
2024-08-30 06:32:17,126 [64] DEBUG LTCPro.ServiceLayer.Log4net - ---Executing GetFacilityNSResidentsDataByPId() in ResidentDemographicService----
2024-08-30 06:32:17,329 [65] DEBUG LTCPro.ServiceLayer.Log4net - ---Executing GetNurseNotes() in OrdersController----
2024-08-30 06:32:17,329 [65] DEBUG LTCPro.ServiceLayer.Log4net - ---Executing GetNurseNotes() in OrdersService----
2024-08-30 06:32:18,439 [65] DEBUG LTCPro.ServiceLayer.Log4net - ---Executed Successfully GetNurseNotes() in OrdersController----
2024-08-30 06:32:18,641 [64] DEBUG LTCPro.ServiceLayer.Log4net - ---Executed Successfully GetFacilityNSResidentsDataByPId() in ResidentDemographicController----
2024-08-30 06:32:18,718 [56] DEBUG LTCPro.ServiceLayer.Log4net - ---Executing GetUserToken() in UserService----
2024-08-30 06:32:18,916 [65] DEBUG LTCPro.ServiceLayer.Log4net - ---Executing GetUserToken() in UserService----
2024-08-30 06:32:19,012 [56] DEBUG LTCPro.ServiceLayer.Log4net - ---Executing GetAllBarcodes() in StockEkitController----
2024-08-30 06:32:19,012 [56] DEBUG LTCPro.ServiceLayer.Log4net - ---Executing GetAllBarcodes() in StockEkitService----
2024-08-30 06:32:19,165 [84] DEBUG LTCPro.ServiceLayer.Log4net - ---Executing GetUserToken() in UserService----
2024-08-30 06:32:19,176 [58] DEBUG LTCPro.ServiceLayer.Log4net - ---Executing GetUserToken() in UserService----
2024-08-30 06:32:19,178 [65] DEBUG LTCPro.ServiceLayer.Log4net - ---Executing GetDrFirstFlagForCompanyByNSId() in CompanyController----
2024-08-30 06:32:19,179 [65] DEBUG LTCPro.ServiceLayer.Log4net - ---Executing GetDrFirstFlagForCompanyByNSId() in CompanyService----
2024-08-30 06:32:19,374 [84] DEBUG LTCPro.ServiceLayer.Log4net - ---Executing GetPhysicianDropData() in OrdersController----
2024-08-30 06:32:19,374 [84] DEBUG LTCPro.ServiceLayer.Log4net - ---Executing GetPhysicianDropData() in OrdersService----
2024-08-30 06:32:19,390 [58] DEBUG LTCPro.ServiceLayer.Log4net - ---Executing GetOrderRoutes() in OrdersController----
2024-08-30 06:32:19,390 [58] DEBUG LTCPro.ServiceLayer.Log4net - ---Executing GetOrderRoutes() in OrdersService----
2024-08-30 06:32:19,396 [65] DEBUG LTCPro.ServiceLayer.Log4net - ---Executed Successfully GetDrFirstFlagForCompanyByNSId() in CompanyController----
2024-08-30 06:32:19,449 [65] DEBUG LTCPro.ServiceLayer.Log4net - ---Executing GetUserToken() in UserService----
2024-08-30 06:32:19,512 [56] DEBUG LTCPro.ServiceLayer.Log4net - ---Executed Successfully GetAllBarcodes() in StockEkitController----
2024-08-30 06:32:19,546 [25] DEBUG LTCPro.ServiceLayer.Log4net - ---Executing GetUserToken() in UserService----
2024-08-30 06:32:19,603 [58] DEBUG LTCPro.ServiceLayer.Log4net - ---Executed Successfully GetOrderRoutes() in OrdersController----
2024-08-30 06:32:19,660 [65] DEBUG LTCPro.ServiceLayer.Log4net - ---Executing GetResidentInformation() in ResidentDemographicController----
2024-08-30 06:32:19,660 [65] DEBUG LTCPro.ServiceLayer.Log4net - ---Executing GetResidentInformation() in ResidentDemographicService----
2024-08-30 06:32:19,756 [25] DEBUG LTCPro.ServiceLayer.Log4net - ---Executing GetTimeZoneDate() in CommonController----
2024-08-30 06:32:19,757 [25] DEBUG LTCPro.ServiceLayer.Log4net - ---Executing GetTimeZoneDate() in CommonService----
2024-08-30 06:32:19,821 [84] DEBUG LTCPro.ServiceLayer.Log4net - ---Executed Successfully GetPhysicianDropData() in OrdersController----
2024-08-30 06:32:19,965 [25] DEBUG LTCPro.ServiceLayer.Log4net - ---Executed Successfully GetTimeZoneDate() in CommonController----
2024-08-30 06:32:20,966 [60] DEBUG LTCPro.ServiceLayer.Log4net - ---Executed Successfully GetSeventyTwoHourDetailsByfilter() in EMARController----
2024-08-30 06:32:23,031 [65] DEBUG LTCPro.ServiceLayer.Log4net - ---Executed Successfully GetResidentInformation() in ResidentDemographicController----
2024-08-30 06:32:23,097 [84] DEBUG LTCPro.ServiceLayer.Log4net - ---Executing GetUserToken() in UserService----
2024-08-30 06:32:23,118 [25] DEBUG LTCPro.ServiceLayer.Log4net - ---Executing GetUserToken() in UserService----
2024-08-30 06:32:23,122 [60] DEBUG LTCPro.ServiceLayer.Log4net - ---Executing GetUserToken() in UserService----
2024-08-30 06:32:23,170 [5] DEBUG LTCPro.ServiceLayer.Log4net - ---Executed Successfully GetPRNDetailsByfilter() in EMARController----
2024-08-30 06:32:23,310 [84] DEBUG LTCPro.ServiceLayer.Log4net - ---Executing GetPatientType() in ResidentDemographicController----
2024-08-30 06:32:23,310 [84] DEBUG LTCPro.ServiceLayer.Log4net - ---Executing GetPatientType() in EmarService----
2024-08-30 06:32:23,315 [87] DEBUG LTCPro.ServiceLayer.Log4net - ---Executing GetUserToken() in UserService----
2024-08-30 06:32:23,332 [60] DEBUG LTCPro.ServiceLayer.Log4net - ---Executing GetWeightList(Patient_Id) in AssessmentController----
2024-08-30 06:32:23,332 [60] DEBUG LTCPro.ServiceLayer.Log4net - ---Executing GetWeightList() in AssessmentService----
2024-08-30 06:32:23,333 [25] DEBUG LTCPro.ServiceLayer.Log4net - ---Executing GetDrFirstOrderCheck() in DrFirstIntegrationController----
2024-08-30 06:32:23,333 [25] DEBUG LTCPro.ServiceLayer.Log4net - ---Executing GetDrFirstOrderCheck() in DrFirstIntegrationService----
2024-08-30 06:32:23,520 [64] DEBUG LTCPro.ServiceLayer.Log4net - ---Executing GetUserToken() in UserService----
2024-08-30 06:32:23,533 [84] DEBUG LTCPro.ServiceLayer.Log4net - ---Executed Successfully GetPatientType() in ResidentDemographicController----
2024-08-30 06:32:23,535 [87] DEBUG LTCPro.ServiceLayer.Log4net - ---Executing GetDiagnosisDetails() in OrdersController----
2024-08-30 06:32:23,535 [87] DEBUG LTCPro.ServiceLayer.Log4net - ---Executing GetDiagnosisDetails() in OrdersService----
2024-08-30 06:32:23,559 [25] DEBUG LTCPro.ServiceLayer.Log4net - ---Executed Successfully GetDrFirstOrderCheck() in DrFirstIntegrationController----
2024-08-30 06:32:23,844 [64] DEBUG LTCPro.ServiceLayer.Log4net - ---Executing GetOrderGridData() in OrdersController----
2024-08-30 06:32:23,844 [64] DEBUG LTCPro.ServiceLayer.Log4net - ---Executing GetOrderGridData() in OrdersService----
2024-08-30 06:32:24,139 [64] DEBUG LTCPro.ServiceLayer.Log4net - ---Executed Successfully GetOrderGridData() in OrdersController----
2024-08-30 06:32:24,174 [64] DEBUG LTCPro.ServiceLayer.Log4net - ---Executing GetUserToken() in UserService----
2024-08-30 06:32:24,283 [87] DEBUG LTCPro.ServiceLayer.Log4net - ---Executed Successfully GetDiagnosisDetails() in OrdersController----
2024-08-30 06:32:24,288 [60] DEBUG LTCPro.ServiceLayer.Log4net - ---Executed Successfully GetWeightList(Patient_Id) in AssessmentController----
2024-08-30 06:32:24,391 [64] DEBUG LTCPro.ServiceLayer.Log4net - ---Executing GetAllBarcodes() in StockEkitController----
2024-08-30 06:32:24,391 [64] DEBUG LTCPro.ServiceLayer.Log4net - ---Executing GetAllBarcodes() in StockEkitService----
2024-08-30 06:32:24,393 [84] DEBUG LTCPro.ServiceLayer.Log4net - ---Executing GetUserToken() in UserService----
2024-08-30 06:32:24,519 [87] DEBUG LTCPro.ServiceLayer.Log4net - ---Executing GetUserToken() in UserService----
2024-08-30 06:32:24,602 [84] DEBUG LTCPro.ServiceLayer.Log4net - ---Executing GetOrdersData() in OrdersController----
2024-08-30 06:32:24,602 [84] DEBUG LTCPro.ServiceLayer.Log4net - ---Executing GetOrdersData() in OrdersService----
2024-08-30 06:32:24,735 [87] DEBUG LTCPro.ServiceLayer.Log4net - ---Executing GetOrderGridData() in OrdersController----
2024-08-30 06:32:24,735 [87] DEBUG LTCPro.ServiceLayer.Log4net - ---Executing GetOrderGridData() in OrdersService----
2024-08-30 06:32:24,817 [84] DEBUG LTCPro.ServiceLayer.Log4net - ---Executed Successfully GetOrdersData() in OrdersController----
2024-08-30 06:32:26,852 [87] DEBUG LTCPro.ServiceLayer.Log4net - ---Executed Successfully GetOrderGridData() in OrdersController----
2024-08-30 06:32:27,062 [64] DEBUG LTCPro.ServiceLayer.Log4net - ---Executed Successfully GetAllBarcodes() in StockEkitController----
2024-08-30 06:32:27,079 [60] DEBUG LTCPro.ServiceLayer.Log4net - ---Executing GetUserToken() in UserService----
2024-08-30 06:32:27,084 [87] DEBUG LTCPro.ServiceLayer.Log4net - ---Executing GetUserToken() in UserService----
2024-08-30 06:32:27,095 [84] DEBUG LTCPro.ServiceLayer.Log4net - ---Executing GetUserToken() in UserService----
2024-08-30 06:32:27,346 [87] DEBUG LTCPro.ServiceLayer.Log4net - ---Executing GetPhysicianDropData() in OrdersController----
2024-08-30 06:32:27,346 [87] DEBUG LTCPro.ServiceLayer.Log4net - ---Executing GetPhysicianDropData() in OrdersService----
2024-08-30 06:32:27,352 [60] DEBUG LTCPro.ServiceLayer.Log4net - ---Executing GetFavouritesMasterData() in OrdersController----
2024-08-30 06:32:27,352 [60] DEBUG LTCPro.ServiceLayer.Log4net - ---Executing GetFavouritesMasterData() in OrdersService----
2024-08-30 06:32:27,354 [84] DEBUG LTCPro.ServiceLayer.Log4net - ---Executing GetOrderStockDetails() in OrdersController----
2024-08-30 06:32:27,354 [84] DEBUG LTCPro.ServiceLayer.Log4net - ---Executing GetOrderStockDetails() in OrdersService----
2024-08-30 06:32:27,363 [64] DEBUG LTCPro.ServiceLayer.Log4net - ---Executing GetUserToken() in UserService----
2024-08-30 06:32:27,575 [60] DEBUG LTCPro.ServiceLayer.Log4net - ---Executed Successfully GetFavouritesMasterData() in OrdersController----
2024-08-30 06:32:27,576 [84] DEBUG LTCPro.ServiceLayer.Log4net - ---Executed Successfully GetOrderStockDetails() in OrdersController----
2024-08-30 06:32:27,578 [64] DEBUG LTCPro.ServiceLayer.Log4net - ---Executing GetNurseNotes() in OrdersController----
2024-08-30 06:32:27,578 [64] DEBUG LTCPro.ServiceLayer.Log4net - ---Executing GetNurseNotes() in OrdersService----
2024-08-30 06:32:27,808 [87] DEBUG LTCPro.ServiceLayer.Log4net - ---Executed Successfully GetPhysicianDropData() in OrdersController----
2024-08-30 06:32:28,693 [64] DEBUG LTCPro.ServiceLayer.Log4net - ---Executed Successfully GetNurseNotes() in OrdersController----
2024-08-30 06:41:01,954 [85] DEBUG LTCPro.ServiceLayer.Log4net - ---Executing GetUserToken() in UserService----
2024-08-30 06:41:01,955 [57] DEBUG LTCPro.ServiceLayer.Log4net - ---Executing GetUserToken() in UserService----
2024-08-30 06:41:01,964 [67] DEBUG LTCPro.ServiceLayer.Log4net - ---Executing GetUserToken() in UserService----
2024-08-30 06:41:01,993 [63] DEBUG LTCPro.ServiceLayer.Log4net - ---Executing GetUserToken() in UserService----
2024-08-30 06:41:02,619 [27] DEBUG LTCPro.ServiceLayer.Log4net - ---Executing GetUserToken() in UserService----
2024-08-30 06:41:03,265 [85] DEBUG LTCPro.ServiceLayer.Log4net - ---Executing GetAlertsDetails() in MailboxController----
2024-08-30 06:41:03,265 [85] DEBUG LTCPro.ServiceLayer.Log4net - ---Executing GetAlertsDetails() in MailboxService----
2024-08-30 06:41:03,482 [57] DEBUG LTCPro.ServiceLayer.Log4net - ---Executing GetOutboundErrorDetails() in CommonController----
2024-08-30 06:41:03,482 [57] DEBUG LTCPro.ServiceLayer.Log4net - ---Executing GetOutboundErrorDetails() in CommonService----
2024-08-30 06:41:03,599 [34] DEBUG LTCPro.ServiceLayer.Log4net - ---Executing GetUserToken() in UserService----
2024-08-30 06:41:03,943 [85] DEBUG LTCPro.ServiceLayer.Log4net - ---Executed successfully GetAlertsDetails() in MailboxController----
2024-08-30 06:41:03,965 [85] DEBUG LTCPro.ServiceLayer.Log4net - ---Executing GetUserToken() in UserService----
2024-08-30 06:41:04,403 [67] DEBUG LTCPro.ServiceLayer.Log4net - ---Executing GetUserPassedDueFlag() in UserController----
2024-08-30 06:41:04,403 [67] DEBUG LTCPro.ServiceLayer.Log4net - ---Executing GetUserPassedDueFlag() in UserService----
2024-08-30 06:41:04,612 [63] DEBUG LTCPro.ServiceLayer.Log4net - ---Executing GetReadMailsCount() in MailboxController----
2024-08-30 06:41:04,612 [63] DEBUG LTCPro.ServiceLayer.Log4net - ---Executing GetReadMailsCount() in MailboxService----
2024-08-30 06:41:04,839 [67] DEBUG LTCPro.ServiceLayer.Log4net - ---Executed Successfully GetUserPassedDueFlag() in UserController----
2024-08-30 06:41:04,867 [67] DEBUG LTCPro.ServiceLayer.Log4net - ---Executing GetUserToken() in UserService----
2024-08-30 06:41:05,050 [63] DEBUG LTCPro.ServiceLayer.Log4net - ---Executed successfully GetReadMailsCount() in MailboxController----
2024-08-30 06:41:05,267 [67] DEBUG LTCPro.ServiceLayer.Log4net - ---Executing GetUserRecentFacNs() in UserController----
2024-08-30 06:41:05,267 [67] DEBUG LTCPro.ServiceLayer.Log4net - ---Executing GetUserRecentFacNs() in UserService----
2024-08-30 06:41:05,286 [63] DEBUG LTCPro.ServiceLayer.Log4net - ---Executing GetUserToken() in UserService----
2024-08-30 06:41:05,476 [27] DEBUG LTCPro.ServiceLayer.Log4net - ---Executing GetDueMARAlertData() in EmarController----
2024-08-30 06:41:05,476 [27] DEBUG LTCPro.ServiceLayer.Log4net - ---Executing GetDueMARAlertData() in EmarService----
2024-08-30 06:41:05,480 [85] DEBUG LTCPro.ServiceLayer.Log4net - ---Executing GetUserRecentFacNs() in UserController----
2024-08-30 06:41:05,480 [85] DEBUG LTCPro.ServiceLayer.Log4net - ---Executing GetUserRecentFacNs() in UserService----
2024-08-30 06:41:05,690 [63] DEBUG LTCPro.ServiceLayer.Log4net - ---Executing OrderEndingSoonStatus() in OrdersController----
2024-08-30 06:41:05,690 [63] DEBUG LTCPro.ServiceLayer.Log4net - ---Executing OrderEndingSoonStatus() in OrdersService----
2024-08-30 06:41:05,901 [67] DEBUG LTCPro.ServiceLayer.Log4net - ---Executed Successfully GetUserRecentFacNs() in UserController----
2024-08-30 06:41:05,915 [67] DEBUG LTCPro.ServiceLayer.Log4net - ---Executing GetUserToken() in UserService----
2024-08-30 06:41:06,312 [63] DEBUG LTCPro.ServiceLayer.Log4net - ---Executed Successfully OrderEndingSoonStatus() in OrdersController----
2024-08-30 06:41:06,344 [63] DEBUG LTCPro.ServiceLayer.Log4net - ---Executing GetUserToken() in UserService----
2024-08-30 06:41:06,522 [85] DEBUG LTCPro.ServiceLayer.Log4net - ---Executed Successfully GetUserRecentFacNs() in UserController----
2024-08-30 06:41:06,540 [33] DEBUG LTCPro.ServiceLayer.Log4net - ---Executing GetUserToken() in UserService----
2024-08-30 06:41:06,569 [34] DEBUG LTCPro.ServiceLayer.Log4net - ---Executing GetPendingDosesList() in CommonController----
2024-08-30 06:41:06,569 [34] DEBUG LTCPro.ServiceLayer.Log4net - ---Executing GetPendingDosesList() in CommonService----
2024-08-30 06:41:06,732 [63] DEBUG LTCPro.ServiceLayer.Log4net - ---Executing GetUserAccessFacilityNurseStaions() in FacilityController----
2024-08-30 06:41:06,732 [63] DEBUG LTCPro.ServiceLayer.Log4net - ---Executing GetUserAccessFacilityNurseStaions() in FacilityService----
2024-08-30 06:41:06,778 [33] DEBUG LTCPro.ServiceLayer.Log4net - ---Executing GetUserAccessFacilityNurseStaions() in FacilityController----
2024-08-30 06:41:06,778 [33] DEBUG LTCPro.ServiceLayer.Log4net - ---Executing GetUserAccessFacilityNurseStaions() in FacilityService----
2024-08-30 06:41:07,275 [27] DEBUG LTCPro.ServiceLayer.Log4net - ---Executed Successfully GetDueMARAlertData() in EmarController----
2024-08-30 06:41:07,422 [63] DEBUG LTCPro.ServiceLayer.Log4net - ---Executed Successfully GetUserAccessFacilityNurseStaions() in FacilityController----
2024-08-30 06:41:07,451 [63] DEBUG LTCPro.ServiceLayer.Log4net - ---Executing GetUserToken() in UserService----
2024-08-30 06:41:07,485 [33] DEBUG LTCPro.ServiceLayer.Log4net - ---Executed Successfully GetUserAccessFacilityNurseStaions() in FacilityController----
2024-08-30 06:41:07,654 [67] DEBUG LTCPro.ServiceLayer.Log4net - ---Executing InsertUserActivityDetails() in CompanyController----
2024-08-30 06:41:07,654 [67] DEBUG LTCPro.ServiceLayer.Log4net - ---Executing InsertUserActivityDetails() in UserActivityService----
2024-08-30 06:41:07,665 [63] DEBUG LTCPro.ServiceLayer.Log4net - ---Executing UserNurseStationDrop() in FacilityController----
2024-08-30 06:41:07,665 [63] DEBUG LTCPro.ServiceLayer.Log4net - ---Executing UserNurseStationDrop() in FacilityService----
2024-08-30 06:41:07,881 [63] DEBUG LTCPro.ServiceLayer.Log4net - ---Executed Successfully UserNurseStationDrop() in FacilityController----
2024-08-30 06:41:07,919 [63] DEBUG LTCPro.ServiceLayer.Log4net - ---Executing GetUserToken() in UserService----
2024-08-30 06:41:08,128 [35] DEBUG LTCPro.ServiceLayer.Log4net - ---Executing GetUserToken() in UserService----
2024-08-30 06:41:08,134 [63] DEBUG LTCPro.ServiceLayer.Log4net - ---Executing GetCompanyToBedFlagByFacId() in FacilityController----
2024-08-30 06:41:08,134 [63] DEBUG LTCPro.ServiceLayer.Log4net - ---Executing GetCompanyToBedFlagByFacId() in FacilityService----
2024-08-30 06:41:08,141 [27] DEBUG LTCPro.ServiceLayer.Log4net - ---Executing GetUserToken() in UserService----
2024-08-30 06:41:08,287 [67] DEBUG LTCPro.ServiceLayer.Log4net - ---Executed Successfully InsertUserActivityDetails() in CompanyController----
2024-08-30 06:41:08,313 [85] DEBUG LTCPro.ServiceLayer.Log4net - ---Executing GetUserToken() in UserService----
2024-08-30 06:41:08,339 [35] DEBUG LTCPro.ServiceLayer.Log4net - ---Executing OrderEndingSoonStatus() in OrdersController----
2024-08-30 06:41:08,339 [35] DEBUG LTCPro.ServiceLayer.Log4net - ---Executing OrderEndingSoonStatus() in OrdersService----
2024-08-30 06:41:08,522 [85] DEBUG LTCPro.ServiceLayer.Log4net - ---Executing GetPRNDetailsByfilter() in EMARController----
2024-08-30 06:41:08,522 [85] DEBUG LTCPro.ServiceLayer.Log4net - ---Executing GetPRNDetailsByfilter() in EmarService----
2024-08-30 06:41:08,742 [35] DEBUG LTCPro.ServiceLayer.Log4net - ---Executed Successfully OrderEndingSoonStatus() in OrdersController----
2024-08-30 06:41:08,768 [12] DEBUG LTCPro.ServiceLayer.Log4net - ---Executing GetUserToken() in UserService----
2024-08-30 06:41:08,977 [12] DEBUG LTCPro.ServiceLayer.Log4net - ---Executing GetSeventyTwoHourDetailsByfilter() in EMARController----
2024-08-30 06:41:08,977 [12] DEBUG LTCPro.ServiceLayer.Log4net - ---Executing GetSeventyTwoHourDetailsByfilter() in EmarService----
2024-08-30 06:41:09,303 [34] DEBUG LTCPro.ServiceLayer.Log4net - ---Executed Successfully GetPendingDosesList() in CommonController----
2024-08-30 06:41:09,488 [63] DEBUG LTCPro.ServiceLayer.Log4net - ---Executed Successfully GetCompanyToBedFlagByFacId() in FacilityController----
2024-08-30 06:41:09,488 [27] DEBUG LTCPro.ServiceLayer.Log4net - ---Executing GetOrdersEndingSoon() in OrdersController----
2024-08-30 06:41:09,488 [27] DEBUG LTCPro.ServiceLayer.Log4net - ---Executing GetOrdersEndingSoon() in OrdersService----
2024-08-30 06:41:09,536 [67] DEBUG LTCPro.ServiceLayer.Log4net - ---Executing GetUserToken() in UserService----
2024-08-30 06:41:09,707 [61] DEBUG LTCPro.ServiceLayer.Log4net - ---Executing GetUserToken() in UserService----
2024-08-30 06:41:09,751 [67] DEBUG LTCPro.ServiceLayer.Log4net - ---Executing GetNurseStationHierarchyDetailsbyNsId() in CompanyController----
2024-08-30 06:41:09,751 [67] DEBUG LTCPro.ServiceLayer.Log4net - ---Executing GetNurseStationHierarchyDetailsbyNsId() in CompanyService----
2024-08-30 06:41:09,921 [61] DEBUG LTCPro.ServiceLayer.Log4net - ---Executing GetOrdersGridData() in OrdersController----
2024-08-30 06:41:09,921 [61] DEBUG LTCPro.ServiceLayer.Log4net - ---Executing GetOrdersGridData() in OrdersService----
2024-08-30 06:41:09,961 [67] DEBUG LTCPro.ServiceLayer.Log4net - ---Executed Successfully GetNurseStationHierarchyDetailsbyNsId() in CompanyController----
2024-08-30 06:41:10,003 [27] DEBUG LTCPro.ServiceLayer.Log4net - ---Executed Successfully GetOrdersEndingSoon() in OrdersController----
2024-08-30 06:41:11,889 [61] DEBUG LTCPro.ServiceLayer.Log4net - ---Executed Successfully GetOrdersGridData() in OrdersController----
2024-08-30 06:41:12,185 [27] DEBUG LTCPro.ServiceLayer.Log4net - ---Executing GetUserToken() in UserService----
2024-08-30 06:41:12,396 [27] DEBUG LTCPro.ServiceLayer.Log4net - ---Executing GetPendingOrdersGridData() in OrdersController----
2024-08-30 06:41:12,396 [27] DEBUG LTCPro.ServiceLayer.Log4net - ---Executing GetPendingOrdersGridData() in OrdersService----
2024-08-30 06:41:12,977 [57] DEBUG LTCPro.ServiceLayer.Log4net - ---Executed Successfully GetOutboundErrorDetails() in CommonController----
2024-08-30 06:41:14,225 [27] DEBUG LTCPro.ServiceLayer.Log4net - ---Executed Successfully GetPendingOrdersGridData() in OrdersController----
2024-08-30 06:41:14,516 [57] DEBUG LTCPro.ServiceLayer.Log4net - ---Executing GetUserToken() in UserService----
2024-08-30 06:41:14,730 [57] DEBUG LTCPro.ServiceLayer.Log4net - ---Executing GetOrdersGridDataByPatientId() in OrdersController----
2024-08-30 06:41:14,730 [57] DEBUG LTCPro.ServiceLayer.Log4net - ---Executing GetOrdersGridDataByPatientId() in OrdersService----
2024-08-30 06:41:16,778 [57] DEBUG LTCPro.ServiceLayer.Log4net - ---Executed Successfully GetOrdersGridDataByPatientId() in OrdersController----
2024-08-30 06:41:18,958 [61] DEBUG LTCPro.ServiceLayer.Log4net - ---Executing GetUserToken() in UserService----
2024-08-30 06:41:19,136 [34] DEBUG LTCPro.ServiceLayer.Log4net - ---Executing GetUserToken() in UserService----
2024-08-30 06:41:19,172 [61] DEBUG LTCPro.ServiceLayer.Log4net - ---Executing GetFacilityNSResidentsDataByPId() in ResidentDemographicController----
2024-08-30 06:41:19,173 [61] DEBUG LTCPro.ServiceLayer.Log4net - ---Executing GetFacilityNSResidentsDataByPId() in ResidentDemographicService----
2024-08-30 06:41:19,347 [34] DEBUG LTCPro.ServiceLayer.Log4net - ---Executing GetNurseNotes() in OrdersController----
2024-08-30 06:41:19,347 [34] DEBUG LTCPro.ServiceLayer.Log4net - ---Executing GetNurseNotes() in OrdersService----
2024-08-30 06:41:20,487 [34] DEBUG LTCPro.ServiceLayer.Log4net - ---Executed Successfully GetNurseNotes() in OrdersController----
2024-08-30 06:41:20,655 [61] DEBUG LTCPro.ServiceLayer.Log4net - ---Executed Successfully GetFacilityNSResidentsDataByPId() in ResidentDemographicController----
2024-08-30 06:41:20,743 [34] DEBUG LTCPro.ServiceLayer.Log4net - ---Executing GetUserToken() in UserService----
2024-08-30 06:41:20,857 [76] DEBUG LTCPro.ServiceLayer.Log4net - ---Executing GetUserToken() in UserService----
2024-08-30 06:41:20,982 [34] DEBUG LTCPro.ServiceLayer.Log4net - ---Executing GetAllBarcodes() in StockEkitController----
2024-08-30 06:41:20,982 [34] DEBUG LTCPro.ServiceLayer.Log4net - ---Executing GetAllBarcodes() in StockEkitService----
2024-08-30 06:41:21,230 [76] DEBUG LTCPro.ServiceLayer.Log4net - ---Executing GetDrFirstFlagForCompanyByNSId() in CompanyController----
2024-08-30 06:41:21,230 [76] DEBUG LTCPro.ServiceLayer.Log4net - ---Executing GetDrFirstFlagForCompanyByNSId() in CompanyService----
2024-08-30 06:41:21,282 [35] DEBUG LTCPro.ServiceLayer.Log4net - ---Executing GetUserToken() in UserService----
2024-08-30 06:41:21,308 [33] DEBUG LTCPro.ServiceLayer.Log4net - ---Executing GetUserToken() in UserService----
2024-08-30 06:41:21,444 [76] DEBUG LTCPro.ServiceLayer.Log4net - ---Executed Successfully GetDrFirstFlagForCompanyByNSId() in CompanyController----
2024-08-30 06:41:21,446 [12] DEBUG LTCPro.ServiceLayer.Log4net - ---Executed Successfully GetSeventyTwoHourDetailsByfilter() in EMARController----
2024-08-30 06:41:21,494 [35] DEBUG LTCPro.ServiceLayer.Log4net - ---Executing GetPhysicianDropData() in OrdersController----
2024-08-30 06:41:21,494 [35] DEBUG LTCPro.ServiceLayer.Log4net - ---Executing GetPhysicianDropData() in OrdersService----
2024-08-30 06:41:21,518 [33] DEBUG LTCPro.ServiceLayer.Log4net - ---Executing GetOrderRoutes() in OrdersController----
2024-08-30 06:41:21,518 [33] DEBUG LTCPro.ServiceLayer.Log4net - ---Executing GetOrderRoutes() in OrdersService----
2024-08-30 06:41:21,523 [76] DEBUG LTCPro.ServiceLayer.Log4net - ---Executing GetUserToken() in UserService----
2024-08-30 06:41:21,730 [33] DEBUG LTCPro.ServiceLayer.Log4net - ---Executed Successfully GetOrderRoutes() in OrdersController----
2024-08-30 06:41:21,734 [76] DEBUG LTCPro.ServiceLayer.Log4net - ---Executing GetResidentInformation() in ResidentDemographicController----
2024-08-30 06:41:21,734 [76] DEBUG LTCPro.ServiceLayer.Log4net - ---Executing GetResidentInformation() in ResidentDemographicService----
2024-08-30 06:41:21,935 [35] DEBUG LTCPro.ServiceLayer.Log4net - ---Executed Successfully GetPhysicianDropData() in OrdersController----
2024-08-30 06:41:21,953 [12] DEBUG LTCPro.ServiceLayer.Log4net - ---Executing GetUserToken() in UserService----
2024-08-30 06:41:22,013 [34] DEBUG LTCPro.ServiceLayer.Log4net - ---Executed Successfully GetAllBarcodes() in StockEkitController----
2024-08-30 06:41:22,139 [85] DEBUG LTCPro.ServiceLayer.Log4net - ---Executed Successfully GetPRNDetailsByfilter() in EMARController----
2024-08-30 06:41:22,163 [12] DEBUG LTCPro.ServiceLayer.Log4net - ---Executing GetTimeZoneDate() in CommonController----
2024-08-30 06:41:22,163 [12] DEBUG LTCPro.ServiceLayer.Log4net - ---Executing GetTimeZoneDate() in CommonService----
2024-08-30 06:41:22,372 [12] DEBUG LTCPro.ServiceLayer.Log4net - ---Executed Successfully GetTimeZoneDate() in CommonController----
2024-08-30 06:41:25,094 [76] DEBUG LTCPro.ServiceLayer.Log4net - ---Executed Successfully GetResidentInformation() in ResidentDemographicController----
2024-08-30 06:41:25,134 [12] DEBUG LTCPro.ServiceLayer.Log4net - ---Executing GetUserToken() in UserService----
2024-08-30 06:41:25,149 [85] DEBUG LTCPro.ServiceLayer.Log4net - ---Executing GetUserToken() in UserService----
2024-08-30 06:41:25,169 [34] DEBUG LTCPro.ServiceLayer.Log4net - ---Executing GetUserToken() in UserService----
2024-08-30 06:41:25,354 [76] DEBUG LTCPro.ServiceLayer.Log4net - ---Executing GetUserToken() in UserService----
2024-08-30 06:41:25,379 [12] DEBUG LTCPro.ServiceLayer.Log4net - ---Executing GetDrFirstOrderCheck() in DrFirstIntegrationController----
2024-08-30 06:41:25,379 [85] DEBUG LTCPro.ServiceLayer.Log4net - ---Executing GetWeightList(Patient_Id) in AssessmentController----
2024-08-30 06:41:25,379 [85] DEBUG LTCPro.ServiceLayer.Log4net - ---Executing GetWeightList() in AssessmentService----
2024-08-30 06:41:25,379 [12] DEBUG LTCPro.ServiceLayer.Log4net - ---Executing GetDrFirstOrderCheck() in DrFirstIntegrationService----
2024-08-30 06:41:25,383 [34] DEBUG LTCPro.ServiceLayer.Log4net - ---Executing GetPatientType() in ResidentDemographicController----
2024-08-30 06:41:25,383 [34] DEBUG LTCPro.ServiceLayer.Log4net - ---Executing GetPatientType() in EmarService----
2024-08-30 06:41:25,563 [76] DEBUG LTCPro.ServiceLayer.Log4net - ---Executing GetDiagnosisDetails() in OrdersController----
2024-08-30 06:41:25,563 [76] DEBUG LTCPro.ServiceLayer.Log4net - ---Executing GetDiagnosisDetails() in OrdersService----
2024-08-30 06:41:25,589 [12] DEBUG LTCPro.ServiceLayer.Log4net - ---Executed Successfully GetDrFirstOrderCheck() in DrFirstIntegrationController----
2024-08-30 06:41:25,592 [34] DEBUG LTCPro.ServiceLayer.Log4net - ---Executed Successfully GetPatientType() in ResidentDemographicController----
2024-08-30 06:41:25,823 [34] DEBUG LTCPro.ServiceLayer.Log4net - ---Executing GetUserToken() in UserService----
2024-08-30 06:41:26,033 [34] DEBUG LTCPro.ServiceLayer.Log4net - ---Executing GetOrderGridData() in OrdersController----
2024-08-30 06:41:26,033 [34] DEBUG LTCPro.ServiceLayer.Log4net - ---Executing GetOrderGridData() in OrdersService----
2024-08-30 06:41:26,192 [76] DEBUG LTCPro.ServiceLayer.Log4net - ---Executed Successfully GetDiagnosisDetails() in OrdersController----
2024-08-30 06:41:26,223 [85] DEBUG LTCPro.ServiceLayer.Log4net - ---Executed Successfully GetWeightList(Patient_Id) in AssessmentController----
2024-08-30 06:41:26,292 [34] DEBUG LTCPro.ServiceLayer.Log4net - ---Executed Successfully GetOrderGridData() in OrdersController----
2024-08-30 06:41:26,494 [76] DEBUG LTCPro.ServiceLayer.Log4net - ---Executing GetUserToken() in UserService----
2024-08-30 06:41:26,716 [76] DEBUG LTCPro.ServiceLayer.Log4net - ---Executing GetAllBarcodes() in StockEkitController----
2024-08-30 06:41:26,716 [76] DEBUG LTCPro.ServiceLayer.Log4net - ---Executing GetAllBarcodes() in StockEkitService----
2024-08-30 06:41:26,744 [85] DEBUG LTCPro.ServiceLayer.Log4net - ---Executing GetUserToken() in UserService----
2024-08-30 06:41:26,759 [67] DEBUG LTCPro.ServiceLayer.Log4net - ---Executing GetUserToken() in UserService----
2024-08-30 06:41:26,952 [85] DEBUG LTCPro.ServiceLayer.Log4net - ---Executing GetOrderGridData() in OrdersController----
2024-08-30 06:41:26,952 [85] DEBUG LTCPro.ServiceLayer.Log4net - ---Executing GetOrderGridData() in OrdersService----
2024-08-30 06:41:26,968 [67] DEBUG LTCPro.ServiceLayer.Log4net - ---Executing GetOrdersData() in OrdersController----
2024-08-30 06:41:26,968 [67] DEBUG LTCPro.ServiceLayer.Log4net - ---Executing GetOrdersData() in OrdersService----
2024-08-30 06:41:27,233 [85] DEBUG LTCPro.ServiceLayer.Log4net - ---Executed Successfully GetOrderGridData() in OrdersController----
2024-08-30 06:41:27,463 [76] DEBUG LTCPro.ServiceLayer.Log4net - ---Executed Successfully GetAllBarcodes() in StockEkitController----
2024-08-30 06:41:28,259 [67] DEBUG LTCPro.ServiceLayer.Log4net - ---Executed Successfully GetOrdersData() in OrdersController----
2024-08-30 06:41:30,381 [34] DEBUG LTCPro.ServiceLayer.Log4net - ---Executing GetUserToken() in UserService----
2024-08-30 06:41:30,394 [85] DEBUG LTCPro.ServiceLayer.Log4net - ---Executing GetUserToken() in UserService----
2024-08-30 06:41:30,428 [57] DEBUG LTCPro.ServiceLayer.Log4net - ---Executing GetUserToken() in UserService----
2024-08-30 06:41:30,429 [67] DEBUG LTCPro.ServiceLayer.Log4net - ---Executing GetUserToken() in UserService----
2024-08-30 06:41:30,592 [34] DEBUG LTCPro.ServiceLayer.Log4net - ---Executing GetFavouritesMasterData() in OrdersController----
2024-08-30 06:41:30,592 [34] DEBUG LTCPro.ServiceLayer.Log4net - ---Executing GetFavouritesMasterData() in OrdersService----
2024-08-30 06:41:30,608 [85] DEBUG LTCPro.ServiceLayer.Log4net - ---Executing GetOrderStockDetails() in OrdersController----
2024-08-30 06:41:30,608 [85] DEBUG LTCPro.ServiceLayer.Log4net - ---Executing GetOrderStockDetails() in OrdersService----
2024-08-30 06:41:30,641 [67] DEBUG LTCPro.ServiceLayer.Log4net - ---Executing GetPhysicianDropData() in OrdersController----
2024-08-30 06:41:30,641 [67] DEBUG LTCPro.ServiceLayer.Log4net - ---Executing GetPhysicianDropData() in OrdersService----
2024-08-30 06:41:30,644 [57] DEBUG LTCPro.ServiceLayer.Log4net - ---Executing GetNurseNotes() in OrdersController----
2024-08-30 06:41:30,644 [57] DEBUG LTCPro.ServiceLayer.Log4net - ---Executing GetNurseNotes() in OrdersService----
2024-08-30 06:41:30,802 [34] DEBUG LTCPro.ServiceLayer.Log4net - ---Executed Successfully GetFavouritesMasterData() in OrdersController----
2024-08-30 06:41:30,817 [85] DEBUG LTCPro.ServiceLayer.Log4net - ---Executed Successfully GetOrderStockDetails() in OrdersController----
2024-08-30 06:41:31,296 [67] DEBUG LTCPro.ServiceLayer.Log4net - ---Executed Successfully GetPhysicianDropData() in OrdersController----
2024-08-30 06:41:31,771 [57] DEBUG LTCPro.ServiceLayer.Log4net - ---Executed Successfully GetNurseNotes() in OrdersController----
2024-08-30 06:42:40,246 [12] DEBUG LTCPro.ServiceLayer.Log4net - ---Executing GetUserToken() in UserService----
2024-08-30 06:42:40,246 [61] DEBUG LTCPro.ServiceLayer.Log4net - ---Executing GetUserToken() in UserService----
2024-08-30 06:42:40,255 [76] DEBUG LTCPro.ServiceLayer.Log4net - ---Executing GetUserToken() in UserService----
2024-08-30 06:42:40,259 [34] DEBUG LTCPro.ServiceLayer.Log4net - ---Executing GetUserToken() in UserService----
2024-08-30 06:42:40,457 [61] DEBUG LTCPro.ServiceLayer.Log4net - ---Executing GetAlertsDetails() in MailboxController----
2024-08-30 06:42:40,457 [61] DEBUG LTCPro.ServiceLayer.Log4net - ---Executing GetAlertsDetails() in MailboxService----
2024-08-30 06:42:40,457 [12] DEBUG LTCPro.ServiceLayer.Log4net - ---Executing GetReadMailsCount() in MailboxController----
2024-08-30 06:42:40,457 [12] DEBUG LTCPro.ServiceLayer.Log4net - ---Executing GetReadMailsCount() in MailboxService----
2024-08-30 06:42:40,463 [76] DEBUG LTCPro.ServiceLayer.Log4net - ---Executing GetOutboundErrorDetails() in CommonController----
2024-08-30 06:42:40,463 [76] DEBUG LTCPro.ServiceLayer.Log4net - ---Executing GetOutboundErrorDetails() in CommonService----
2024-08-30 06:42:40,467 [34] DEBUG LTCPro.ServiceLayer.Log4net - ---Executing GetDueMARAlertData() in EmarController----
2024-08-30 06:42:40,467 [34] DEBUG LTCPro.ServiceLayer.Log4net - ---Executing GetDueMARAlertData() in EmarService----
2024-08-30 06:42:40,671 [12] DEBUG LTCPro.ServiceLayer.Log4net - ---Executed successfully GetReadMailsCount() in MailboxController----
2024-08-30 06:42:40,706 [66] DEBUG LTCPro.ServiceLayer.Log4net - ---Executing GetUserToken() in UserService----
2024-08-30 06:42:40,709 [12] DEBUG LTCPro.ServiceLayer.Log4net - ---Executing GetUserToken() in UserService----
2024-08-30 06:42:40,709 [81] DEBUG LTCPro.ServiceLayer.Log4net - ---Executing GetUserToken() in UserService----
2024-08-30 06:42:40,925 [66] DEBUG LTCPro.ServiceLayer.Log4net - ---Executing GetPendingDosesList() in CommonController----
2024-08-30 06:42:40,926 [66] DEBUG LTCPro.ServiceLayer.Log4net - ---Executing GetPendingDosesList() in CommonService----
2024-08-30 06:42:40,928 [12] DEBUG LTCPro.ServiceLayer.Log4net - ---Executing GetUserRecentFacNs() in UserController----
2024-08-30 06:42:40,928 [12] DEBUG LTCPro.ServiceLayer.Log4net - ---Executing GetUserRecentFacNs() in UserService----
2024-08-30 06:42:40,929 [81] DEBUG LTCPro.ServiceLayer.Log4net - ---Executing GetUserPassedDueFlag() in UserController----
2024-08-30 06:42:40,929 [81] DEBUG LTCPro.ServiceLayer.Log4net - ---Executing GetUserPassedDueFlag() in UserService----
2024-08-30 06:42:40,937 [61] DEBUG LTCPro.ServiceLayer.Log4net - ---Executed successfully GetAlertsDetails() in MailboxController----
2024-08-30 06:42:40,959 [86] DEBUG LTCPro.ServiceLayer.Log4net - ---Executing GetUserToken() in UserService----
2024-08-30 06:42:41,140 [81] DEBUG LTCPro.ServiceLayer.Log4net - ---Executed Successfully GetUserPassedDueFlag() in UserController----
2024-08-30 06:42:41,153 [60] DEBUG LTCPro.ServiceLayer.Log4net - ---Executing GetUserToken() in UserService----
2024-08-30 06:42:41,173 [86] DEBUG LTCPro.ServiceLayer.Log4net - ---Executing GetUserRecentFacNs() in UserController----
2024-08-30 06:42:41,173 [86] DEBUG LTCPro.ServiceLayer.Log4net - ---Executing GetUserRecentFacNs() in UserService----
2024-08-30 06:42:41,354 [12] DEBUG LTCPro.ServiceLayer.Log4net - ---Executed Successfully GetUserRecentFacNs() in UserController----
2024-08-30 06:42:41,363 [60] DEBUG LTCPro.ServiceLayer.Log4net - ---Executing InsertUserActivityDetails() in CompanyController----
2024-08-30 06:42:41,363 [60] DEBUG LTCPro.ServiceLayer.Log4net - ---Executing InsertUserActivityDetails() in UserActivityService----
2024-08-30 06:42:41,581 [61] DEBUG LTCPro.ServiceLayer.Log4net - ---Executing GetUserToken() in UserService----
2024-08-30 06:42:41,599 [86] DEBUG LTCPro.ServiceLayer.Log4net - ---Executed Successfully GetUserRecentFacNs() in UserController----
2024-08-30 06:42:41,623 [81] DEBUG LTCPro.ServiceLayer.Log4net - ---Executing GetUserToken() in UserService----
2024-08-30 06:42:41,775 [34] DEBUG LTCPro.ServiceLayer.Log4net - ---Executed Successfully GetDueMARAlertData() in EmarController----
2024-08-30 06:42:41,792 [34] DEBUG LTCPro.ServiceLayer.Log4net - ---Executing GetUserToken() in UserService----
2024-08-30 06:42:41,794 [61] DEBUG LTCPro.ServiceLayer.Log4net - ---Executing OrderEndingSoonStatus() in OrdersController----
2024-08-30 06:42:41,794 [61] DEBUG LTCPro.ServiceLayer.Log4net - ---Executing OrderEndingSoonStatus() in OrdersService----
2024-08-30 06:42:41,832 [81] DEBUG LTCPro.ServiceLayer.Log4net - ---Executing GetUserAccessFacilityNurseStaions() in FacilityController----
2024-08-30 06:42:41,832 [81] DEBUG LTCPro.ServiceLayer.Log4net - ---Executing GetUserAccessFacilityNurseStaions() in FacilityService----
2024-08-30 06:42:41,992 [60] DEBUG LTCPro.ServiceLayer.Log4net - ---Executed Successfully InsertUserActivityDetails() in CompanyController----
2024-08-30 06:42:42,005 [34] DEBUG LTCPro.ServiceLayer.Log4net - ---Executing GetUserAccessFacilityNurseStaions() in FacilityController----
2024-08-30 06:42:42,005 [34] DEBUG LTCPro.ServiceLayer.Log4net - ---Executing GetUserAccessFacilityNurseStaions() in FacilityService----
2024-08-30 06:42:42,223 [61] DEBUG LTCPro.ServiceLayer.Log4net - ---Executed Successfully OrderEndingSoonStatus() in OrdersController----
2024-08-30 06:42:42,260 [81] DEBUG LTCPro.ServiceLayer.Log4net - ---Executed Successfully GetUserAccessFacilityNurseStaions() in FacilityController----
2024-08-30 06:42:42,433 [34] DEBUG LTCPro.ServiceLayer.Log4net - ---Executed Successfully GetUserAccessFacilityNurseStaions() in FacilityController----
2024-08-30 06:42:42,459 [61] DEBUG LTCPro.ServiceLayer.Log4net - ---Executing GetUserToken() in UserService----
2024-08-30 06:42:42,669 [61] DEBUG LTCPro.ServiceLayer.Log4net - ---Executing UserNurseStationDrop() in FacilityController----
2024-08-30 06:42:42,669 [61] DEBUG LTCPro.ServiceLayer.Log4net - ---Executing UserNurseStationDrop() in FacilityService----
2024-08-30 06:42:42,881 [61] DEBUG LTCPro.ServiceLayer.Log4net - ---Executed Successfully UserNurseStationDrop() in FacilityController----
2024-08-30 06:42:42,928 [87] DEBUG LTCPro.ServiceLayer.Log4net - ---Executing GetUserToken() in UserService----
2024-08-30 06:42:42,938 [12] DEBUG LTCPro.ServiceLayer.Log4net - ---Executing GetUserToken() in UserService----
2024-08-30 06:42:42,956 [61] DEBUG LTCPro.ServiceLayer.Log4net - ---Executing GetUserToken() in UserService----
2024-08-30 06:42:43,140 [87] DEBUG LTCPro.ServiceLayer.Log4net - ---Executing GetCompanyToBedFlagByFacId() in FacilityController----
2024-08-30 06:42:43,140 [87] DEBUG LTCPro.ServiceLayer.Log4net - ---Executing GetCompanyToBedFlagByFacId() in FacilityService----
2024-08-30 06:42:43,147 [12] DEBUG LTCPro.ServiceLayer.Log4net - ---Executing GetPRNDetailsByfilter() in EMARController----
2024-08-30 06:42:43,148 [12] DEBUG LTCPro.ServiceLayer.Log4net - ---Executing GetPRNDetailsByfilter() in EmarService----
2024-08-30 06:42:43,150 [34] DEBUG LTCPro.ServiceLayer.Log4net - ---Executing GetUserToken() in UserService----
2024-08-30 06:42:43,165 [61] DEBUG LTCPro.ServiceLayer.Log4net - ---Executing GetSeventyTwoHourDetailsByfilter() in EMARController----
2024-08-30 06:42:43,165 [61] DEBUG LTCPro.ServiceLayer.Log4net - ---Executing GetSeventyTwoHourDetailsByfilter() in EmarService----
2024-08-30 06:42:43,340 [66] DEBUG LTCPro.ServiceLayer.Log4net - ---Executed Successfully GetPendingDosesList() in CommonController----
2024-08-30 06:42:43,374 [34] DEBUG LTCPro.ServiceLayer.Log4net - ---Executing OrderEndingSoonStatus() in OrdersController----
2024-08-30 06:42:43,374 [34] DEBUG LTCPro.ServiceLayer.Log4net - ---Executing OrderEndingSoonStatus() in OrdersService----
2024-08-30 06:42:43,593 [66] DEBUG LTCPro.ServiceLayer.Log4net - ---Executing GetUserToken() in UserService----
2024-08-30 06:42:43,768 [34] DEBUG LTCPro.ServiceLayer.Log4net - ---Executed Successfully OrderEndingSoonStatus() in OrdersController----
2024-08-30 06:42:43,801 [66] DEBUG LTCPro.ServiceLayer.Log4net - ---Executing GetOrdersGridData() in OrdersController----
2024-08-30 06:42:43,802 [66] DEBUG LTCPro.ServiceLayer.Log4net - ---Executing GetOrdersGridData() in OrdersService----
2024-08-30 06:42:44,047 [34] DEBUG LTCPro.ServiceLayer.Log4net - ---Executing GetUserToken() in UserService----
2024-08-30 06:42:44,260 [34] DEBUG LTCPro.ServiceLayer.Log4net - ---Executing GetOrdersEndingSoon() in OrdersController----
2024-08-30 06:42:44,260 [34] DEBUG LTCPro.ServiceLayer.Log4net - ---Executing GetOrdersEndingSoon() in OrdersService----
2024-08-30 06:42:44,427 [87] DEBUG LTCPro.ServiceLayer.Log4net - ---Executed Successfully GetCompanyToBedFlagByFacId() in FacilityController----
2024-08-30 06:42:44,475 [81] DEBUG LTCPro.ServiceLayer.Log4net - ---Executing GetUserToken() in UserService----
2024-08-30 06:42:44,683 [81] DEBUG LTCPro.ServiceLayer.Log4net - ---Executing GetNurseStationHierarchyDetailsbyNsId() in CompanyController----
2024-08-30 06:42:44,683 [81] DEBUG LTCPro.ServiceLayer.Log4net - ---Executing GetNurseStationHierarchyDetailsbyNsId() in CompanyService----
2024-08-30 06:42:44,771 [34] DEBUG LTCPro.ServiceLayer.Log4net - ---Executed Successfully GetOrdersEndingSoon() in OrdersController----
2024-08-30 06:42:44,893 [81] DEBUG LTCPro.ServiceLayer.Log4net - ---Executed Successfully GetNurseStationHierarchyDetailsbyNsId() in CompanyController----
2024-08-30 06:42:45,676 [66] DEBUG LTCPro.ServiceLayer.Log4net - ---Executed Successfully GetOrdersGridData() in OrdersController----
2024-08-30 06:42:46,003 [60] DEBUG LTCPro.ServiceLayer.Log4net - ---Executing GetUserToken() in UserService----
2024-08-30 06:42:46,212 [60] DEBUG LTCPro.ServiceLayer.Log4net - ---Executing GetPendingOrdersGridData() in OrdersController----
2024-08-30 06:42:46,212 [60] DEBUG LTCPro.ServiceLayer.Log4net - ---Executing GetPendingOrdersGridData() in OrdersService----
2024-08-30 06:42:48,040 [60] DEBUG LTCPro.ServiceLayer.Log4net - ---Executed Successfully GetPendingOrdersGridData() in OrdersController----
2024-08-30 06:42:49,302 [76] DEBUG LTCPro.ServiceLayer.Log4net - ---Executed Successfully GetOutboundErrorDetails() in CommonController----
2024-08-30 06:42:55,376 [61] DEBUG LTCPro.ServiceLayer.Log4net - ---Executed Successfully GetSeventyTwoHourDetailsByfilter() in EMARController----
2024-08-30 06:42:55,488 [12] DEBUG LTCPro.ServiceLayer.Log4net - ---Executed Successfully GetPRNDetailsByfilter() in EMARController----
2024-08-30 06:43:01,126 [61] DEBUG LTCPro.ServiceLayer.Log4net - ---Executing GetUserToken() in UserService----
2024-08-30 06:43:01,336 [61] DEBUG LTCPro.ServiceLayer.Log4net - ---Executing GetOrdersGridDataByPatientId() in OrdersController----
2024-08-30 06:43:01,336 [61] DEBUG LTCPro.ServiceLayer.Log4net - ---Executing GetOrdersGridDataByPatientId() in OrdersService----
2024-08-30 06:43:02,109 [61] DEBUG LTCPro.ServiceLayer.Log4net - ---Executed Successfully GetOrdersGridDataByPatientId() in OrdersController----
2024-08-30 06:43:04,139 [34] DEBUG LTCPro.ServiceLayer.Log4net - ---Executing GetUserToken() in UserService----
2024-08-30 06:43:04,350 [34] DEBUG LTCPro.ServiceLayer.Log4net - ---Executing GetFacilityNSResidentsDataByPId() in ResidentDemographicController----
2024-08-30 06:43:04,350 [34] DEBUG LTCPro.ServiceLayer.Log4net - ---Executing GetFacilityNSResidentsDataByPId() in ResidentDemographicService----
2024-08-30 06:43:04,354 [61] DEBUG LTCPro.ServiceLayer.Log4net - ---Executing GetUserToken() in UserService----
2024-08-30 06:43:04,563 [61] DEBUG LTCPro.ServiceLayer.Log4net - ---Executing GetNurseNotes() in OrdersController----
2024-08-30 06:43:04,563 [61] DEBUG LTCPro.ServiceLayer.Log4net - ---Executing GetNurseNotes() in OrdersService----
2024-08-30 06:43:05,682 [61] DEBUG LTCPro.ServiceLayer.Log4net - ---Executed Successfully GetNurseNotes() in OrdersController----
2024-08-30 06:43:05,822 [34] DEBUG LTCPro.ServiceLayer.Log4net - ---Executed Successfully GetFacilityNSResidentsDataByPId() in ResidentDemographicController----
2024-08-30 06:43:05,900 [81] DEBUG LTCPro.ServiceLayer.Log4net - ---Executing GetUserToken() in UserService----
2024-08-30 06:43:05,907 [86] DEBUG LTCPro.ServiceLayer.Log4net - ---Executing GetUserToken() in UserService----
2024-08-30 06:43:05,918 [66] DEBUG LTCPro.ServiceLayer.Log4net - ---Executing GetUserToken() in UserService----
2024-08-30 06:43:06,183 [81] DEBUG LTCPro.ServiceLayer.Log4net - ---Executing GetAllBarcodes() in StockEkitController----
2024-08-30 06:43:06,184 [81] DEBUG LTCPro.ServiceLayer.Log4net - ---Executing GetAllBarcodes() in StockEkitService----
2024-08-30 06:43:06,200 [86] DEBUG LTCPro.ServiceLayer.Log4net - ---Executing GetDrFirstFlagForCompanyByNSId() in CompanyController----
2024-08-30 06:43:06,200 [86] DEBUG LTCPro.ServiceLayer.Log4net - ---Executing GetDrFirstFlagForCompanyByNSId() in CompanyService----
2024-08-30 06:43:06,213 [66] DEBUG LTCPro.ServiceLayer.Log4net - ---Executing GetResidentInformation() in ResidentDemographicController----
2024-08-30 06:43:06,213 [66] DEBUG LTCPro.ServiceLayer.Log4net - ---Executing GetResidentInformation() in ResidentDemographicService----
2024-08-30 06:43:06,464 [86] DEBUG LTCPro.ServiceLayer.Log4net - ---Executed Successfully GetDrFirstFlagForCompanyByNSId() in CompanyController----
2024-08-30 06:43:06,519 [12] DEBUG LTCPro.ServiceLayer.Log4net - ---Executing GetUserToken() in UserService----
2024-08-30 06:43:06,556 [61] DEBUG LTCPro.ServiceLayer.Log4net - ---Executing GetUserToken() in UserService----
2024-08-30 06:43:06,560 [34] DEBUG LTCPro.ServiceLayer.Log4net - ---Executing GetUserToken() in UserService----
2024-08-30 06:43:06,739 [12] DEBUG LTCPro.ServiceLayer.Log4net - ---Executing GetPhysicianDropData() in OrdersController----
2024-08-30 06:43:06,739 [12] DEBUG LTCPro.ServiceLayer.Log4net - ---Executing GetPhysicianDropData() in OrdersService----
2024-08-30 06:43:06,766 [61] DEBUG LTCPro.ServiceLayer.Log4net - ---Executing GetTimeZoneDate() in CommonController----
2024-08-30 06:43:06,766 [61] DEBUG LTCPro.ServiceLayer.Log4net - ---Executing GetTimeZoneDate() in CommonService----
2024-08-30 06:43:06,770 [34] DEBUG LTCPro.ServiceLayer.Log4net - ---Executing GetOrderRoutes() in OrdersController----
2024-08-30 06:43:06,770 [34] DEBUG LTCPro.ServiceLayer.Log4net - ---Executing GetOrderRoutes() in OrdersService----
2024-08-30 06:43:06,852 [81] DEBUG LTCPro.ServiceLayer.Log4net - ---Executed Successfully GetAllBarcodes() in StockEkitController----
2024-08-30 06:43:06,976 [61] DEBUG LTCPro.ServiceLayer.Log4net - ---Executed Successfully GetTimeZoneDate() in CommonController----
2024-08-30 06:43:06,981 [34] DEBUG LTCPro.ServiceLayer.Log4net - ---Executed Successfully GetOrderRoutes() in OrdersController----
2024-08-30 06:43:07,176 [12] DEBUG LTCPro.ServiceLayer.Log4net - ---Executed Successfully GetPhysicianDropData() in OrdersController----
2024-08-30 06:43:09,683 [66] DEBUG LTCPro.ServiceLayer.Log4net - ---Executed Successfully GetResidentInformation() in ResidentDemographicController----
2024-08-30 06:43:09,748 [76] DEBUG LTCPro.ServiceLayer.Log4net - ---Executing GetUserToken() in UserService----
2024-08-30 06:43:09,764 [81] DEBUG LTCPro.ServiceLayer.Log4net - ---Executing GetUserToken() in UserService----
2024-08-30 06:43:09,809 [61] DEBUG LTCPro.ServiceLayer.Log4net - ---Executing GetUserToken() in UserService----
2024-08-30 06:43:09,960 [76] DEBUG LTCPro.ServiceLayer.Log4net - ---Executing GetDrFirstOrderCheck() in DrFirstIntegrationController----
2024-08-30 06:43:09,960 [76] DEBUG LTCPro.ServiceLayer.Log4net - ---Executing GetDrFirstOrderCheck() in DrFirstIntegrationService----
2024-08-30 06:43:09,977 [81] DEBUG LTCPro.ServiceLayer.Log4net - ---Executing GetWeightList(Patient_Id) in AssessmentController----
2024-08-30 06:43:09,977 [81] DEBUG LTCPro.ServiceLayer.Log4net - ---Executing GetWeightList() in AssessmentService----
2024-08-30 06:43:09,991 [66] DEBUG LTCPro.ServiceLayer.Log4net - ---Executing GetUserToken() in UserService----
2024-08-30 06:43:10,004 [12] DEBUG LTCPro.ServiceLayer.Log4net - ---Executing GetUserToken() in UserService----
2024-08-30 06:43:10,023 [61] DEBUG LTCPro.ServiceLayer.Log4net - ---Executing GetPatientType() in ResidentDemographicController----
2024-08-30 06:43:10,023 [61] DEBUG LTCPro.ServiceLayer.Log4net - ---Executing GetPatientType() in EmarService----
2024-08-30 06:43:10,171 [76] DEBUG LTCPro.ServiceLayer.Log4net - ---Executed Successfully GetDrFirstOrderCheck() in DrFirstIntegrationController----
2024-08-30 06:43:10,210 [66] DEBUG LTCPro.ServiceLayer.Log4net - ---Executing GetOrderGridData() in OrdersController----
2024-08-30 06:43:10,210 [66] DEBUG LTCPro.ServiceLayer.Log4net - ---Executing GetOrderGridData() in OrdersService----
2024-08-30 06:43:10,213 [12] DEBUG LTCPro.ServiceLayer.Log4net - ---Executing GetDiagnosisDetails() in OrdersController----
2024-08-30 06:43:10,213 [12] DEBUG LTCPro.ServiceLayer.Log4net - ---Executing GetDiagnosisDetails() in OrdersService----
2024-08-30 06:43:10,234 [61] DEBUG LTCPro.ServiceLayer.Log4net - ---Executed Successfully GetPatientType() in ResidentDemographicController----
2024-08-30 06:43:10,465 [66] DEBUG LTCPro.ServiceLayer.Log4net - ---Executed Successfully GetOrderGridData() in OrdersController----
2024-08-30 06:43:10,498 [61] DEBUG LTCPro.ServiceLayer.Log4net - ---Executing GetUserToken() in UserService----
2024-08-30 06:43:10,719 [61] DEBUG LTCPro.ServiceLayer.Log4net - ---Executing GetAllBarcodes() in StockEkitController----
2024-08-30 06:43:10,719 [61] DEBUG LTCPro.ServiceLayer.Log4net - ---Executing GetAllBarcodes() in StockEkitService----
2024-08-30 06:43:10,802 [34] DEBUG LTCPro.ServiceLayer.Log4net - ---Executing GetUserToken() in UserService----
2024-08-30 06:43:10,844 [4] DEBUG LTCPro.ServiceLayer.Log4net - ---Executing GetUserToken() in UserService----
2024-08-30 06:43:10,890 [81] DEBUG LTCPro.ServiceLayer.Log4net - ---Executed Successfully GetWeightList(Patient_Id) in AssessmentController----
2024-08-30 06:43:10,925 [12] DEBUG LTCPro.ServiceLayer.Log4net - ---Executed Successfully GetDiagnosisDetails() in OrdersController----
2024-08-30 06:43:11,013 [34] DEBUG LTCPro.ServiceLayer.Log4net - ---Executing GetOrderGridData() in OrdersController----
2024-08-30 06:43:11,013 [34] DEBUG LTCPro.ServiceLayer.Log4net - ---Executing GetOrderGridData() in OrdersService----
2024-08-30 06:43:11,054 [4] DEBUG LTCPro.ServiceLayer.Log4net - ---Executing GetOrdersData() in OrdersController----
2024-08-30 06:43:11,054 [4] DEBUG LTCPro.ServiceLayer.Log4net - ---Executing GetOrdersData() in OrdersService----
2024-08-30 06:43:11,270 [4] DEBUG LTCPro.ServiceLayer.Log4net - ---Executed Successfully GetOrdersData() in OrdersController----
2024-08-30 06:43:11,271 [34] DEBUG LTCPro.ServiceLayer.Log4net - ---Executed Successfully GetOrderGridData() in OrdersController----
2024-08-30 06:43:14,400 [61] DEBUG LTCPro.ServiceLayer.Log4net - ---Executed Successfully GetAllBarcodes() in StockEkitController----
2024-08-30 06:43:14,867 [76] DEBUG LTCPro.ServiceLayer.Log4net - ---Executing GetUserToken() in UserService----
2024-08-30 06:43:14,867 [61] DEBUG LTCPro.ServiceLayer.Log4net - ---Executing GetUserToken() in UserService----
2024-08-30 06:43:14,874 [34] DEBUG LTCPro.ServiceLayer.Log4net - ---Executing GetUserToken() in UserService----
2024-08-30 06:43:14,875 [12] DEBUG LTCPro.ServiceLayer.Log4net - ---Executing GetUserToken() in UserService----
2024-08-30 06:43:15,079 [61] DEBUG LTCPro.ServiceLayer.Log4net - ---Executing GetOrderStockDetails() in OrdersController----
2024-08-30 06:43:15,079 [61] DEBUG LTCPro.ServiceLayer.Log4net - ---Executing GetOrderStockDetails() in OrdersService----
2024-08-30 06:43:15,080 [76] DEBUG LTCPro.ServiceLayer.Log4net - ---Executing GetFavouritesMasterData() in OrdersController----
2024-08-30 06:43:15,080 [76] DEBUG LTCPro.ServiceLayer.Log4net - ---Executing GetFavouritesMasterData() in OrdersService----
2024-08-30 06:43:15,084 [12] DEBUG LTCPro.ServiceLayer.Log4net - ---Executing GetPhysicianDropData() in OrdersController----
2024-08-30 06:43:15,084 [12] DEBUG LTCPro.ServiceLayer.Log4net - ---Executing GetPhysicianDropData() in OrdersService----
2024-08-30 06:43:15,088 [34] DEBUG LTCPro.ServiceLayer.Log4net - ---Executing GetNurseNotes() in OrdersController----
2024-08-30 06:43:15,088 [34] DEBUG LTCPro.ServiceLayer.Log4net - ---Executing GetNurseNotes() in OrdersService----
2024-08-30 06:43:15,293 [76] DEBUG LTCPro.ServiceLayer.Log4net - ---Executed Successfully GetFavouritesMasterData() in OrdersController----
2024-08-30 06:43:15,293 [61] DEBUG LTCPro.ServiceLayer.Log4net - ---Executed Successfully GetOrderStockDetails() in OrdersController----
2024-08-30 06:43:15,624 [12] DEBUG LTCPro.ServiceLayer.Log4net - ---Executed Successfully GetPhysicianDropData() in OrdersController----
2024-08-30 06:43:16,279 [34] DEBUG LTCPro.ServiceLayer.Log4net - ---Executed Successfully GetNurseNotes() in OrdersController----
2024-08-30 06:43:56,030 [81] DEBUG LTCPro.ServiceLayer.Log4net - ---Executing GetUserToken() in UserService----
2024-08-30 06:43:56,031 [66] DEBUG LTCPro.ServiceLayer.Log4net - ---Executing GetUserToken() in UserService----
2024-08-30 06:43:56,063 [86] DEBUG LTCPro.ServiceLayer.Log4net - ---Executing GetUserToken() in UserService----
2024-08-30 06:43:56,072 [61] DEBUG LTCPro.ServiceLayer.Log4net - ---Executing GetUserToken() in UserService----
2024-08-30 06:43:56,245 [81] DEBUG LTCPro.ServiceLayer.Log4net - ---Executing GetAlertsDetails() in MailboxController----
2024-08-30 06:43:56,245 [81] DEBUG LTCPro.ServiceLayer.Log4net - ---Executing GetAlertsDetails() in MailboxService----
2024-08-30 06:43:56,246 [66] DEBUG LTCPro.ServiceLayer.Log4net - ---Executing GetReadMailsCount() in MailboxController----
2024-08-30 06:43:56,246 [66] DEBUG LTCPro.ServiceLayer.Log4net - ---Executing GetReadMailsCount() in MailboxService----
2024-08-30 06:43:56,272 [86] DEBUG LTCPro.ServiceLayer.Log4net - ---Executing GetPendingDosesList() in CommonController----
2024-08-30 06:43:56,272 [86] DEBUG LTCPro.ServiceLayer.Log4net - ---Executing GetPendingDosesList() in CommonService----
2024-08-30 06:43:56,281 [61] DEBUG LTCPro.ServiceLayer.Log4net - ---Executing GetDueMARAlertData() in EmarController----
2024-08-30 06:43:56,281 [61] DEBUG LTCPro.ServiceLayer.Log4net - ---Executing GetDueMARAlertData() in EmarService----
2024-08-30 06:43:56,458 [66] DEBUG LTCPro.ServiceLayer.Log4net - ---Executed successfully GetReadMailsCount() in MailboxController----
2024-08-30 06:43:56,474 [66] DEBUG LTCPro.ServiceLayer.Log4net - ---Executing GetUserToken() in UserService----
2024-08-30 06:43:56,698 [66] DEBUG LTCPro.ServiceLayer.Log4net - ---Executing GetOutboundErrorDetails() in CommonController----
2024-08-30 06:43:56,698 [66] DEBUG LTCPro.ServiceLayer.Log4net - ---Executing GetOutboundErrorDetails() in CommonService----
2024-08-30 06:43:56,776 [81] DEBUG LTCPro.ServiceLayer.Log4net - ---Executed successfully GetAlertsDetails() in MailboxController----
2024-08-30 06:43:56,799 [81] DEBUG LTCPro.ServiceLayer.Log4net - ---Executing GetUserToken() in UserService----
2024-08-30 06:43:57,014 [81] DEBUG LTCPro.ServiceLayer.Log4net - ---Executing GetUserRecentFacNs() in UserController----
2024-08-30 06:43:57,014 [81] DEBUG LTCPro.ServiceLayer.Log4net - ---Executing GetUserRecentFacNs() in UserService----
2024-08-30 06:43:57,452 [34] DEBUG LTCPro.ServiceLayer.Log4net - ---Executing GetUserToken() in UserService----
2024-08-30 06:43:57,471 [81] DEBUG LTCPro.ServiceLayer.Log4net - ---Executed Successfully GetUserRecentFacNs() in UserController----
2024-08-30 06:43:57,491 [81] DEBUG LTCPro.ServiceLayer.Log4net - ---Executing GetUserToken() in UserService----
2024-08-30 06:43:57,663 [34] DEBUG LTCPro.ServiceLayer.Log4net - ---Executing GetUserPassedDueFlag() in UserController----
2024-08-30 06:43:57,663 [34] DEBUG LTCPro.ServiceLayer.Log4net - ---Executing GetUserPassedDueFlag() in UserService----
2024-08-30 06:43:57,700 [81] DEBUG LTCPro.ServiceLayer.Log4net - ---Executing GetUserRecentFacNs() in UserController----
2024-08-30 06:43:57,700 [81] DEBUG LTCPro.ServiceLayer.Log4net - ---Executing GetUserRecentFacNs() in UserService----
2024-08-30 06:43:57,874 [34] DEBUG LTCPro.ServiceLayer.Log4net - ---Executed Successfully GetUserPassedDueFlag() in UserController----
2024-08-30 06:43:57,893 [34] DEBUG LTCPro.ServiceLayer.Log4net - ---Executing GetUserToken() in UserService----
2024-08-30 06:43:57,934 [61] DEBUG LTCPro.ServiceLayer.Log4net - ---Executed Successfully GetDueMARAlertData() in EmarController----
2024-08-30 06:43:57,966 [61] DEBUG LTCPro.ServiceLayer.Log4net - ---Executing GetUserToken() in UserService----
2024-08-30 06:43:58,109 [34] DEBUG LTCPro.ServiceLayer.Log4net - ---Executing InsertUserActivityDetails() in CompanyController----
2024-08-30 06:43:58,109 [34] DEBUG LTCPro.ServiceLayer.Log4net - ---Executing InsertUserActivityDetails() in UserActivityService----
2024-08-30 06:43:58,112 [12] DEBUG LTCPro.ServiceLayer.Log4net - ---Executing GetUserToken() in UserService----
2024-08-30 06:43:58,126 [81] DEBUG LTCPro.ServiceLayer.Log4net - ---Executed Successfully GetUserRecentFacNs() in UserController----
2024-08-30 06:43:58,145 [81] DEBUG LTCPro.ServiceLayer.Log4net - ---Executing GetUserToken() in UserService----
2024-08-30 06:43:58,174 [61] DEBUG LTCPro.ServiceLayer.Log4net - ---Executing GetUserAccessFacilityNurseStaions() in FacilityController----
2024-08-30 06:43:58,174 [61] DEBUG LTCPro.ServiceLayer.Log4net - ---Executing GetUserAccessFacilityNurseStaions() in FacilityService----
2024-08-30 06:43:58,321 [12] DEBUG LTCPro.ServiceLayer.Log4net - ---Executing OrderEndingSoonStatus() in OrdersController----
2024-08-30 06:43:58,321 [12] DEBUG LTCPro.ServiceLayer.Log4net - ---Executing OrderEndingSoonStatus() in OrdersService----
2024-08-30 06:43:58,354 [81] DEBUG LTCPro.ServiceLayer.Log4net - ---Executing GetUserAccessFacilityNurseStaions() in FacilityController----
2024-08-30 06:43:58,354 [81] DEBUG LTCPro.ServiceLayer.Log4net - ---Executing GetUserAccessFacilityNurseStaions() in FacilityService----
2024-08-30 06:43:58,601 [61] DEBUG LTCPro.ServiceLayer.Log4net - ---Executed Successfully GetUserAccessFacilityNurseStaions() in FacilityController----
2024-08-30 06:43:58,737 [12] DEBUG LTCPro.ServiceLayer.Log4net - ---Executed Successfully OrderEndingSoonStatus() in OrdersController----
2024-08-30 06:43:58,739 [34] DEBUG LTCPro.ServiceLayer.Log4net - ---Executed Successfully InsertUserActivityDetails() in CompanyController----
2024-08-30 06:43:58,781 [81] DEBUG LTCPro.ServiceLayer.Log4net - ---Executed Successfully GetUserAccessFacilityNurseStaions() in FacilityController----
2024-08-30 06:43:58,807 [12] DEBUG LTCPro.ServiceLayer.Log4net - ---Executing GetUserToken() in UserService----
2024-08-30 06:43:59,017 [12] DEBUG LTCPro.ServiceLayer.Log4net - ---Executing UserNurseStationDrop() in FacilityController----
2024-08-30 06:43:59,017 [12] DEBUG LTCPro.ServiceLayer.Log4net - ---Executing UserNurseStationDrop() in FacilityService----
2024-08-30 06:43:59,231 [12] DEBUG LTCPro.ServiceLayer.Log4net - ---Executed Successfully UserNurseStationDrop() in FacilityController----
2024-08-30 06:43:59,291 [12] DEBUG LTCPro.ServiceLayer.Log4net - ---Executing GetUserToken() in UserService----
2024-08-30 06:43:59,554 [61] DEBUG LTCPro.ServiceLayer.Log4net - ---Executing GetUserToken() in UserService----
2024-08-30 06:43:59,557 [12] DEBUG LTCPro.ServiceLayer.Log4net - ---Executing GetPRNDetailsByfilter() in EMARController----
2024-08-30 06:43:59,557 [12] DEBUG LTCPro.ServiceLayer.Log4net - ---Executing GetPRNDetailsByfilter() in EmarService----
2024-08-30 06:43:59,733 [81] DEBUG LTCPro.ServiceLayer.Log4net - ---Executing GetUserToken() in UserService----
2024-08-30 06:43:59,747 [76] DEBUG LTCPro.ServiceLayer.Log4net - ---Executing GetUserToken() in UserService----
2024-08-30 06:43:59,759 [86] DEBUG LTCPro.ServiceLayer.Log4net - ---Executed Successfully GetPendingDosesList() in CommonController----
2024-08-30 06:43:59,964 [61] DEBUG LTCPro.ServiceLayer.Log4net - ---Executing GetCompanyToBedFlagByFacId() in FacilityController----
2024-08-30 06:43:59,964 [61] DEBUG LTCPro.ServiceLayer.Log4net - ---Executing GetCompanyToBedFlagByFacId() in FacilityService----
2024-08-30 06:43:59,976 [76] DEBUG LTCPro.ServiceLayer.Log4net - ---Executing GetOrdersEndingSoon() in OrdersController----
2024-08-30 06:43:59,976 [76] DEBUG LTCPro.ServiceLayer.Log4net - ---Executing GetOrdersEndingSoon() in OrdersService----
2024-08-30 06:43:59,976 [81] DEBUG LTCPro.ServiceLayer.Log4net - ---Executing OrderEndingSoonStatus() in OrdersController----
2024-08-30 06:43:59,976 [81] DEBUG LTCPro.ServiceLayer.Log4net - ---Executing OrderEndingSoonStatus() in OrdersService----
2024-08-30 06:44:00,002 [68] DEBUG LTCPro.ServiceLayer.Log4net - ---Executing GetUserToken() in UserService----
2024-08-30 06:44:00,222 [68] DEBUG LTCPro.ServiceLayer.Log4net - ---Executing GetSeventyTwoHourDetailsByfilter() in EMARController----
2024-08-30 06:44:00,222 [68] DEBUG LTCPro.ServiceLayer.Log4net - ---Executing GetSeventyTwoHourDetailsByfilter() in EmarService----
2024-08-30 06:44:00,385 [81] DEBUG LTCPro.ServiceLayer.Log4net - ---Executed Successfully OrderEndingSoonStatus() in OrdersController----
2024-08-30 06:44:00,558 [76] DEBUG LTCPro.ServiceLayer.Log4net - ---Executed Successfully GetOrdersEndingSoon() in OrdersController----
2024-08-30 06:44:00,611 [64] DEBUG LTCPro.ServiceLayer.Log4net - ---Executing GetUserToken() in UserService----
2024-08-30 06:44:00,820 [64] DEBUG LTCPro.ServiceLayer.Log4net - ---Executing GetOrdersGridData() in OrdersController----
2024-08-30 06:44:00,821 [64] DEBUG LTCPro.ServiceLayer.Log4net - ---Executing GetOrdersGridData() in OrdersService----
2024-08-30 06:44:01,235 [61] DEBUG LTCPro.ServiceLayer.Log4net - ---Executed Successfully GetCompanyToBedFlagByFacId() in FacilityController----
2024-08-30 06:44:01,278 [34] DEBUG LTCPro.ServiceLayer.Log4net - ---Executing GetUserToken() in UserService----
2024-08-30 06:44:01,487 [34] DEBUG LTCPro.ServiceLayer.Log4net - ---Executing GetNurseStationHierarchyDetailsbyNsId() in CompanyController----
2024-08-30 06:44:01,487 [34] DEBUG LTCPro.ServiceLayer.Log4net - ---Executing GetNurseStationHierarchyDetailsbyNsId() in CompanyService----
2024-08-30 06:44:01,697 [34] DEBUG LTCPro.ServiceLayer.Log4net - ---Executed Successfully GetNurseStationHierarchyDetailsbyNsId() in CompanyController----
2024-08-30 06:44:02,672 [64] DEBUG LTCPro.ServiceLayer.Log4net - ---Executed Successfully GetOrdersGridData() in OrdersController----
2024-08-30 06:44:03,094 [34] DEBUG LTCPro.ServiceLayer.Log4net - ---Executing GetUserToken() in UserService----
2024-08-30 06:44:03,306 [34] DEBUG LTCPro.ServiceLayer.Log4net - ---Executing GetPendingOrdersGridData() in OrdersController----
2024-08-30 06:44:03,306 [34] DEBUG LTCPro.ServiceLayer.Log4net - ---Executing GetPendingOrdersGridData() in OrdersService----
2024-08-30 06:44:05,138 [34] DEBUG LTCPro.ServiceLayer.Log4net - ---Executed Successfully GetPendingOrdersGridData() in OrdersController----
2024-08-30 06:44:06,219 [66] DEBUG LTCPro.ServiceLayer.Log4net - ---Executed Successfully GetOutboundErrorDetails() in CommonController----
2024-08-30 06:44:12,050 [12] DEBUG LTCPro.ServiceLayer.Log4net - ---Executed Successfully GetPRNDetailsByfilter() in EMARController----
2024-08-30 06:44:12,286 [68] DEBUG LTCPro.ServiceLayer.Log4net - ---Executed Successfully GetSeventyTwoHourDetailsByfilter() in EMARController----
2024-08-30 06:44:30,165 [66] DEBUG LTCPro.ServiceLayer.Log4net - ---Executing GetUserToken() in UserService----
2024-08-30 06:44:30,165 [81] DEBUG LTCPro.ServiceLayer.Log4net - ---Executing GetUserToken() in UserService----
2024-08-30 06:44:30,168 [12] DEBUG LTCPro.ServiceLayer.Log4net - ---Executing GetUserToken() in UserService----
2024-08-30 06:44:30,178 [76] DEBUG LTCPro.ServiceLayer.Log4net - ---Executing GetUserToken() in UserService----
2024-08-30 06:44:30,179 [61] DEBUG LTCPro.ServiceLayer.Log4net - ---Executing GetUserToken() in UserService----
2024-08-30 06:44:30,186 [86] DEBUG LTCPro.ServiceLayer.Log4net - ---Executing GetUserToken() in UserService----
2024-08-30 06:44:30,399 [81] DEBUG LTCPro.ServiceLayer.Log4net - ---Executing GetAlertsDetails() in MailboxController----
2024-08-30 06:44:30,399 [81] DEBUG LTCPro.ServiceLayer.Log4net - ---Executing GetAlertsDetails() in MailboxService----
2024-08-30 06:44:30,404 [76] DEBUG LTCPro.ServiceLayer.Log4net - ---Executing GetReadMailsCount() in MailboxController----
2024-08-30 06:44:30,404 [76] DEBUG LTCPro.ServiceLayer.Log4net - ---Executing GetReadMailsCount() in MailboxService----
2024-08-30 06:44:30,404 [86] DEBUG LTCPro.ServiceLayer.Log4net - ---Executing GetDueMARAlertData() in EmarController----
2024-08-30 06:44:30,404 [86] DEBUG LTCPro.ServiceLayer.Log4net - ---Executing GetDueMARAlertData() in EmarService----
2024-08-30 06:44:30,411 [66] DEBUG LTCPro.ServiceLayer.Log4net - ---Executing GetOutboundErrorDetails() in CommonController----
2024-08-30 06:44:30,411 [66] DEBUG LTCPro.ServiceLayer.Log4net - ---Executing GetOutboundErrorDetails() in CommonService----
2024-08-30 06:44:30,414 [61] DEBUG LTCPro.ServiceLayer.Log4net - ---Executing GetPendingDosesList() in CommonController----
2024-08-30 06:44:30,414 [61] DEBUG LTCPro.ServiceLayer.Log4net - ---Executing GetPendingDosesList() in CommonService----
2024-08-30 06:44:30,414 [12] DEBUG LTCPro.ServiceLayer.Log4net - ---Executing GetUserPassedDueFlag() in UserController----
2024-08-30 06:44:30,414 [12] DEBUG LTCPro.ServiceLayer.Log4net - ---Executing GetUserPassedDueFlag() in UserService----
2024-08-30 06:44:30,636 [76] DEBUG LTCPro.ServiceLayer.Log4net - ---Executed successfully GetReadMailsCount() in MailboxController----
2024-08-30 06:44:30,652 [12] DEBUG LTCPro.ServiceLayer.Log4net - ---Executed Successfully GetUserPassedDueFlag() in UserController----
2024-08-30 06:44:30,690 [4] DEBUG LTCPro.ServiceLayer.Log4net - ---Executing GetUserToken() in UserService----
2024-08-30 06:44:30,709 [34] DEBUG LTCPro.ServiceLayer.Log4net - ---Executing GetUserToken() in UserService----
2024-08-30 06:44:30,904 [4] DEBUG LTCPro.ServiceLayer.Log4net - ---Executing GetUserRecentFacNs() in UserController----
2024-08-30 06:44:30,904 [4] DEBUG LTCPro.ServiceLayer.Log4net - ---Executing GetUserRecentFacNs() in UserService----
2024-08-30 06:44:30,927 [34] DEBUG LTCPro.ServiceLayer.Log4net - ---Executing GetUserRecentFacNs() in UserController----
2024-08-30 06:44:30,927 [34] DEBUG LTCPro.ServiceLayer.Log4net - ---Executing GetUserRecentFacNs() in UserService----
2024-08-30 06:44:30,984 [81] DEBUG LTCPro.ServiceLayer.Log4net - ---Executed successfully GetAlertsDetails() in MailboxController----
2024-08-30 06:44:31,286 [76] DEBUG LTCPro.ServiceLayer.Log4net - ---Executing GetUserToken() in UserService----
2024-08-30 06:44:31,382 [4] DEBUG LTCPro.ServiceLayer.Log4net - ---Executed Successfully GetUserRecentFacNs() in UserController----
2024-08-30 06:44:31,392 [34] DEBUG LTCPro.ServiceLayer.Log4net - ---Executed Successfully GetUserRecentFacNs() in UserController----
2024-08-30 06:44:31,402 [4] DEBUG LTCPro.ServiceLayer.Log4net - ---Executing GetUserToken() in UserService----
2024-08-30 06:44:31,489 [12] DEBUG LTCPro.ServiceLayer.Log4net - ---Executing GetUserToken() in UserService----
2024-08-30 06:44:31,498 [76] DEBUG LTCPro.ServiceLayer.Log4net - ---Executing OrderEndingSoonStatus() in OrdersController----
2024-08-30 06:44:31,498 [76] DEBUG LTCPro.ServiceLayer.Log4net - ---Executing OrderEndingSoonStatus() in OrdersService----
2024-08-30 06:44:31,617 [4] DEBUG LTCPro.ServiceLayer.Log4net - ---Executing InsertUserActivityDetails() in CompanyController----
2024-08-30 06:44:31,617 [4] DEBUG LTCPro.ServiceLayer.Log4net - ---Executing InsertUserActivityDetails() in UserActivityService----
2024-08-30 06:44:31,701 [12] DEBUG LTCPro.ServiceLayer.Log4net - ---Executing GetUserAccessFacilityNurseStaions() in FacilityController----
2024-08-30 06:44:31,701 [12] DEBUG LTCPro.ServiceLayer.Log4net - ---Executing GetUserAccessFacilityNurseStaions() in FacilityService----
2024-08-30 06:44:31,925 [76] DEBUG LTCPro.ServiceLayer.Log4net - ---Executed Successfully OrderEndingSoonStatus() in OrdersController----
2024-08-30 06:44:31,942 [64] DEBUG LTCPro.ServiceLayer.Log4net - ---Executing GetUserToken() in UserService----
2024-08-30 06:44:32,121 [12] DEBUG LTCPro.ServiceLayer.Log4net - ---Executed Successfully GetUserAccessFacilityNurseStaions() in FacilityController----
2024-08-30 06:44:32,151 [64] DEBUG LTCPro.ServiceLayer.Log4net - ---Executing GetUserAccessFacilityNurseStaions() in FacilityController----
2024-08-30 06:44:32,151 [64] DEBUG LTCPro.ServiceLayer.Log4net - ---Executing GetUserAccessFacilityNurseStaions() in FacilityService----
2024-08-30 06:44:32,257 [4] DEBUG LTCPro.ServiceLayer.Log4net - ---Executed Successfully InsertUserActivityDetails() in CompanyController----
2024-08-30 06:44:32,571 [64] DEBUG LTCPro.ServiceLayer.Log4net - ---Executed Successfully GetUserAccessFacilityNurseStaions() in FacilityController----
2024-08-30 06:44:32,591 [34] DEBUG LTCPro.ServiceLayer.Log4net - ---Executing GetUserToken() in UserService----
2024-08-30 06:44:32,801 [34] DEBUG LTCPro.ServiceLayer.Log4net - ---Executing UserNurseStationDrop() in FacilityController----
2024-08-30 06:44:32,802 [34] DEBUG LTCPro.ServiceLayer.Log4net - ---Executing UserNurseStationDrop() in FacilityService----
2024-08-30 06:44:33,013 [34] DEBUG LTCPro.ServiceLayer.Log4net - ---Executed Successfully UserNurseStationDrop() in FacilityController----
2024-08-30 06:44:33,057 [81] DEBUG LTCPro.ServiceLayer.Log4net - ---Executing GetUserToken() in UserService----
2024-08-30 06:44:33,149 [76] DEBUG LTCPro.ServiceLayer.Log4net - ---Executing GetUserToken() in UserService----
2024-08-30 06:44:33,170 [86] DEBUG LTCPro.ServiceLayer.Log4net - ---Executed Successfully GetDueMARAlertData() in EmarController----
2024-08-30 06:44:33,345 [81] DEBUG LTCPro.ServiceLayer.Log4net - ---Executing GetCompanyToBedFlagByFacId() in FacilityController----
2024-08-30 06:44:33,345 [81] DEBUG LTCPro.ServiceLayer.Log4net - ---Executing GetCompanyToBedFlagByFacId() in FacilityService----
2024-08-30 06:44:33,356 [68] DEBUG LTCPro.ServiceLayer.Log4net - ---Executing GetUserToken() in UserService----
2024-08-30 06:44:33,361 [76] DEBUG LTCPro.ServiceLayer.Log4net - ---Executing GetPRNDetailsByfilter() in EMARController----
2024-08-30 06:44:33,361 [76] DEBUG LTCPro.ServiceLayer.Log4net - ---Executing GetPRNDetailsByfilter() in EmarService----
2024-08-30 06:44:33,410 [87] DEBUG LTCPro.ServiceLayer.Log4net - ---Executing GetUserToken() in UserService----
2024-08-30 06:44:33,567 [68] DEBUG LTCPro.ServiceLayer.Log4net - ---Executing OrderEndingSoonStatus() in OrdersController----
2024-08-30 06:44:33,567 [68] DEBUG LTCPro.ServiceLayer.Log4net - ---Executing OrderEndingSoonStatus() in OrdersService----
2024-08-30 06:44:33,622 [87] DEBUG LTCPro.ServiceLayer.Log4net - ---Executing GetOrdersEndingSoon() in OrdersController----
2024-08-30 06:44:33,622 [87] DEBUG LTCPro.ServiceLayer.Log4net - ---Executing GetOrdersEndingSoon() in OrdersService----
2024-08-30 06:44:34,054 [68] DEBUG LTCPro.ServiceLayer.Log4net - ---Executed Successfully OrderEndingSoonStatus() in OrdersController----
2024-08-30 06:44:34,083 [68] DEBUG LTCPro.ServiceLayer.Log4net - ---Executing GetUserToken() in UserService----
2024-08-30 06:44:34,172 [61] DEBUG LTCPro.ServiceLayer.Log4net - ---Executed Successfully GetPendingDosesList() in CommonController----
2024-08-30 06:44:34,190 [87] DEBUG LTCPro.ServiceLayer.Log4net - ---Executed Successfully GetOrdersEndingSoon() in OrdersController----
2024-08-30 06:44:34,300 [68] DEBUG LTCPro.ServiceLayer.Log4net - ---Executing GetSeventyTwoHourDetailsByfilter() in EMARController----
2024-08-30 06:44:34,300 [68] DEBUG LTCPro.ServiceLayer.Log4net - ---Executing GetSeventyTwoHourDetailsByfilter() in EmarService----
2024-08-30 06:44:34,487 [64] DEBUG LTCPro.ServiceLayer.Log4net - ---Executing GetUserToken() in UserService----
2024-08-30 06:44:34,674 [81] DEBUG LTCPro.ServiceLayer.Log4net - ---Executed Successfully GetCompanyToBedFlagByFacId() in FacilityController----
2024-08-30 06:44:34,703 [64] DEBUG LTCPro.ServiceLayer.Log4net - ---Executing GetOrdersGridData() in OrdersController----
2024-08-30 06:44:34,703 [64] DEBUG LTCPro.ServiceLayer.Log4net - ---Executing GetOrdersGridData() in OrdersService----
2024-08-30 06:44:34,839 [63] DEBUG LTCPro.ServiceLayer.Log4net - ---Executing GetUserToken() in UserService----
2024-08-30 06:44:35,050 [63] DEBUG LTCPro.ServiceLayer.Log4net - ---Executing GetNurseStationHierarchyDetailsbyNsId() in CompanyController----
2024-08-30 06:44:35,050 [63] DEBUG LTCPro.ServiceLayer.Log4net - ---Executing GetNurseStationHierarchyDetailsbyNsId() in CompanyService----
2024-08-30 06:44:35,258 [63] DEBUG LTCPro.ServiceLayer.Log4net - ---Executed Successfully GetNurseStationHierarchyDetailsbyNsId() in CompanyController----
2024-08-30 06:44:36,689 [64] DEBUG LTCPro.ServiceLayer.Log4net - ---Executed Successfully GetOrdersGridData() in OrdersController----
2024-08-30 06:44:36,961 [64] DEBUG LTCPro.ServiceLayer.Log4net - ---Executing GetUserToken() in UserService----
2024-08-30 06:44:37,171 [64] DEBUG LTCPro.ServiceLayer.Log4net - ---Executing GetPendingOrdersGridData() in OrdersController----
2024-08-30 06:44:37,171 [64] DEBUG LTCPro.ServiceLayer.Log4net - ---Executing GetPendingOrdersGridData() in OrdersService----
2024-08-30 06:44:39,027 [64] DEBUG LTCPro.ServiceLayer.Log4net - ---Executed Successfully GetPendingOrdersGridData() in OrdersController----
2024-08-30 06:44:39,527 [66] DEBUG LTCPro.ServiceLayer.Log4net - ---Executed Successfully GetOutboundErrorDetails() in CommonController----
2024-08-30 06:44:46,183 [76] DEBUG LTCPro.ServiceLayer.Log4net - ---Executed Successfully GetPRNDetailsByfilter() in EMARController----
2024-08-30 06:44:46,639 [68] DEBUG LTCPro.ServiceLayer.Log4net - ---Executed Successfully GetSeventyTwoHourDetailsByfilter() in EMARController----
2024-08-30 06:45:41,064 [66] DEBUG LTCPro.ServiceLayer.Log4net - ---Executing GetUserToken() in UserService----
2024-08-30 06:45:41,274 [66] DEBUG LTCPro.ServiceLayer.Log4net - ---Executing GetOrdersGridDataByPatientId() in OrdersController----
2024-08-30 06:45:41,274 [66] DEBUG LTCPro.ServiceLayer.Log4net - ---Executing GetOrdersGridDataByPatientId() in OrdersService----
2024-08-30 06:45:43,356 [66] DEBUG LTCPro.ServiceLayer.Log4net - ---Executed Successfully GetOrdersGridDataByPatientId() in OrdersController----
2024-08-30 06:45:45,991 [76] DEBUG LTCPro.ServiceLayer.Log4net - ---Executing GetUserToken() in UserService----
2024-08-30 06:45:46,193 [66] DEBUG LTCPro.ServiceLayer.Log4net - ---Executing GetUserToken() in UserService----
2024-08-30 06:45:46,201 [76] DEBUG LTCPro.ServiceLayer.Log4net - ---Executing GetFacilityNSResidentsDataByPId() in ResidentDemographicController----
2024-08-30 06:45:46,201 [76] DEBUG LTCPro.ServiceLayer.Log4net - ---Executing GetFacilityNSResidentsDataByPId() in ResidentDemographicService----
2024-08-30 06:45:46,408 [66] DEBUG LTCPro.ServiceLayer.Log4net - ---Executing GetNurseNotes() in OrdersController----
2024-08-30 06:45:46,408 [66] DEBUG LTCPro.ServiceLayer.Log4net - ---Executing GetNurseNotes() in OrdersService----
2024-08-30 06:45:47,571 [66] DEBUG LTCPro.ServiceLayer.Log4net - ---Executed Successfully GetNurseNotes() in OrdersController----
2024-08-30 06:45:47,677 [76] DEBUG LTCPro.ServiceLayer.Log4net - ---Executed Successfully GetFacilityNSResidentsDataByPId() in ResidentDemographicController----
2024-08-30 06:45:47,980 [27] DEBUG LTCPro.ServiceLayer.Log4net - ---Executing GetUserToken() in UserService----
2024-08-30 06:45:48,183 [66] DEBUG LTCPro.ServiceLayer.Log4net - ---Executing GetUserToken() in UserService----
2024-08-30 06:45:48,198 [27] DEBUG LTCPro.ServiceLayer.Log4net - ---Executing GetResidentInformation() in ResidentDemographicController----
2024-08-30 06:45:48,198 [27] DEBUG LTCPro.ServiceLayer.Log4net - ---Executing GetResidentInformation() in ResidentDemographicService----
2024-08-30 06:45:48,202 [68] DEBUG LTCPro.ServiceLayer.Log4net - ---Executing GetUserToken() in UserService----
2024-08-30 06:45:48,202 [76] DEBUG LTCPro.ServiceLayer.Log4net - ---Executing GetUserToken() in UserService----
2024-08-30 06:45:48,248 [57] DEBUG LTCPro.ServiceLayer.Log4net - ---Executing GetUserToken() in UserService----
2024-08-30 06:45:48,395 [66] DEBUG LTCPro.ServiceLayer.Log4net - ---Executing GetDrFirstFlagForCompanyByNSId() in CompanyController----
2024-08-30 06:45:48,395 [66] DEBUG LTCPro.ServiceLayer.Log4net - ---Executing GetDrFirstFlagForCompanyByNSId() in CompanyService----
2024-08-30 06:45:48,424 [76] DEBUG LTCPro.ServiceLayer.Log4net - ---Executing GetAllBarcodes() in StockEkitController----
2024-08-30 06:45:48,425 [76] DEBUG LTCPro.ServiceLayer.Log4net - ---Executing GetAllBarcodes() in StockEkitService----
2024-08-30 06:45:48,425 [68] DEBUG LTCPro.ServiceLayer.Log4net - ---Executing GetOrderRoutes() in OrdersController----
2024-08-30 06:45:48,425 [68] DEBUG LTCPro.ServiceLayer.Log4net - ---Executing GetOrderRoutes() in OrdersService----
2024-08-30 06:45:48,457 [57] DEBUG LTCPro.ServiceLayer.Log4net - ---Executing GetPhysicianDropData() in OrdersController----
2024-08-30 06:45:48,457 [57] DEBUG LTCPro.ServiceLayer.Log4net - ---Executing GetPhysicianDropData() in OrdersService----
2024-08-30 06:45:48,610 [66] DEBUG LTCPro.ServiceLayer.Log4net - ---Executed Successfully GetDrFirstFlagForCompanyByNSId() in CompanyController----
2024-08-30 06:45:48,638 [68] DEBUG LTCPro.ServiceLayer.Log4net - ---Executed Successfully GetOrderRoutes() in OrdersController----
2024-08-30 06:45:48,686 [64] DEBUG LTCPro.ServiceLayer.Log4net - ---Executing GetUserToken() in UserService----
2024-08-30 06:45:48,909 [64] DEBUG LTCPro.ServiceLayer.Log4net - ---Executing GetTimeZoneDate() in CommonController----
2024-08-30 06:45:48,909 [64] DEBUG LTCPro.ServiceLayer.Log4net - ---Executing GetTimeZoneDate() in CommonService----
2024-08-30 06:45:48,925 [57] DEBUG LTCPro.ServiceLayer.Log4net - ---Executed Successfully GetPhysicianDropData() in OrdersController----
2024-08-30 06:45:49,072 [76] DEBUG LTCPro.ServiceLayer.Log4net - ---Executed Successfully GetAllBarcodes() in StockEkitController----
2024-08-30 06:45:49,120 [64] DEBUG LTCPro.ServiceLayer.Log4net - ---Executed Successfully GetTimeZoneDate() in CommonController----
2024-08-30 06:45:51,611 [27] DEBUG LTCPro.ServiceLayer.Log4net - ---Executed Successfully GetResidentInformation() in ResidentDemographicController----
2024-08-30 06:45:51,677 [27] DEBUG LTCPro.ServiceLayer.Log4net - ---Executing GetUserToken() in UserService----
2024-08-30 06:45:51,696 [76] DEBUG LTCPro.ServiceLayer.Log4net - ---Executing GetUserToken() in UserService----
2024-08-30 06:45:51,717 [66] DEBUG LTCPro.ServiceLayer.Log4net - ---Executing GetUserToken() in UserService----
2024-08-30 06:45:51,917 [27] DEBUG LTCPro.ServiceLayer.Log4net - ---Executing GetDrFirstOrderCheck() in DrFirstIntegrationController----
2024-08-30 06:45:51,917 [27] DEBUG LTCPro.ServiceLayer.Log4net - ---Executing GetDrFirstOrderCheck() in DrFirstIntegrationService----
2024-08-30 06:45:51,919 [76] DEBUG LTCPro.ServiceLayer.Log4net - ---Executing GetWeightList(Patient_Id) in AssessmentController----
2024-08-30 06:45:51,919 [76] DEBUG LTCPro.ServiceLayer.Log4net - ---Executing GetWeightList() in AssessmentService----
2024-08-30 06:45:51,928 [66] DEBUG LTCPro.ServiceLayer.Log4net - ---Executing GetPatientType() in ResidentDemographicController----
2024-08-30 06:45:51,928 [66] DEBUG LTCPro.ServiceLayer.Log4net - ---Executing GetPatientType() in EmarService----
2024-08-30 06:45:51,932 [57] DEBUG LTCPro.ServiceLayer.Log4net - ---Executing GetUserToken() in UserService----
2024-08-30 06:45:51,957 [4] DEBUG LTCPro.ServiceLayer.Log4net - ---Executing GetUserToken() in UserService----
2024-08-30 06:45:52,127 [27] DEBUG LTCPro.ServiceLayer.Log4net - ---Executed Successfully GetDrFirstOrderCheck() in DrFirstIntegrationController----
2024-08-30 06:45:52,138 [66] DEBUG LTCPro.ServiceLayer.Log4net - ---Executed Successfully GetPatientType() in ResidentDemographicController----
2024-08-30 06:45:52,144 [57] DEBUG LTCPro.ServiceLayer.Log4net - ---Executing GetOrderGridData() in OrdersController----
2024-08-30 06:45:52,144 [57] DEBUG LTCPro.ServiceLayer.Log4net - ---Executing GetOrderGridData() in OrdersService----
2024-08-30 06:45:52,168 [4] DEBUG LTCPro.ServiceLayer.Log4net - ---Executing GetDiagnosisDetails() in OrdersController----
2024-08-30 06:45:52,168 [4] DEBUG LTCPro.ServiceLayer.Log4net - ---Executing GetDiagnosisDetails() in OrdersService----
2024-08-30 06:45:52,406 [57] DEBUG LTCPro.ServiceLayer.Log4net - ---Executed Successfully GetOrderGridData() in OrdersController----
2024-08-30 06:45:52,443 [63] DEBUG LTCPro.ServiceLayer.Log4net - ---Executing GetUserToken() in UserService----
2024-08-30 06:45:52,650 [66] DEBUG LTCPro.ServiceLayer.Log4net - ---Executing GetUserToken() in UserService----
2024-08-30 06:45:52,655 [63] DEBUG LTCPro.ServiceLayer.Log4net - ---Executing GetAllBarcodes() in StockEkitController----
2024-08-30 06:45:52,655 [63] DEBUG LTCPro.ServiceLayer.Log4net - ---Executing GetAllBarcodes() in StockEkitService----
2024-08-30 06:45:52,667 [33] DEBUG LTCPro.ServiceLayer.Log4net - ---Executing GetUserToken() in UserService----
2024-08-30 06:45:52,778 [76] DEBUG LTCPro.ServiceLayer.Log4net - ---Executed Successfully GetWeightList(Patient_Id) in AssessmentController----
2024-08-30 06:45:52,809 [4] DEBUG LTCPro.ServiceLayer.Log4net - ---Executed Successfully GetDiagnosisDetails() in OrdersController----
2024-08-30 06:45:52,904 [33] DEBUG LTCPro.ServiceLayer.Log4net - ---Executing GetOrdersData() in OrdersController----
2024-08-30 06:45:52,905 [33] DEBUG LTCPro.ServiceLayer.Log4net - ---Executing GetOrdersData() in OrdersService----
2024-08-30 06:45:52,905 [66] DEBUG LTCPro.ServiceLayer.Log4net - ---Executing GetOrderGridData() in OrdersController----
2024-08-30 06:45:52,905 [66] DEBUG LTCPro.ServiceLayer.Log4net - ---Executing GetOrderGridData() in OrdersService----
2024-08-30 06:45:53,123 [33] DEBUG LTCPro.ServiceLayer.Log4net - ---Executed Successfully GetOrdersData() in OrdersController----
2024-08-30 06:45:55,819 [63] DEBUG LTCPro.ServiceLayer.Log4net - ---Executed Successfully GetAllBarcodes() in StockEkitController----
2024-08-30 06:45:55,867 [76] DEBUG LTCPro.ServiceLayer.Log4net - ---Executing GetUserToken() in UserService----
2024-08-30 06:45:55,872 [64] DEBUG LTCPro.ServiceLayer.Log4net - ---Executing GetUserToken() in UserService----
2024-08-30 06:45:55,873 [68] DEBUG LTCPro.ServiceLayer.Log4net - ---Executing GetUserToken() in UserService----
2024-08-30 06:45:55,907 [57] DEBUG LTCPro.ServiceLayer.Log4net - ---Executing GetUserToken() in UserService----
2024-08-30 06:45:56,085 [68] DEBUG LTCPro.ServiceLayer.Log4net - ---Executing GetPhysicianDropData() in OrdersController----
2024-08-30 06:45:56,085 [68] DEBUG LTCPro.ServiceLayer.Log4net - ---Executing GetPhysicianDropData() in OrdersService----
2024-08-30 06:45:56,085 [76] DEBUG LTCPro.ServiceLayer.Log4net - ---Executing GetOrderStockDetails() in OrdersController----
2024-08-30 06:45:56,085 [76] DEBUG LTCPro.ServiceLayer.Log4net - ---Executing GetOrderStockDetails() in OrdersService----
2024-08-30 06:45:56,088 [64] DEBUG LTCPro.ServiceLayer.Log4net - ---Executing GetFavouritesMasterData() in OrdersController----
2024-08-30 06:45:56,088 [64] DEBUG LTCPro.ServiceLayer.Log4net - ---Executing GetFavouritesMasterData() in OrdersService----
2024-08-30 06:45:56,118 [57] DEBUG LTCPro.ServiceLayer.Log4net - ---Executing GetNurseNotes() in OrdersController----
2024-08-30 06:45:56,118 [57] DEBUG LTCPro.ServiceLayer.Log4net - ---Executing GetNurseNotes() in OrdersService----
2024-08-30 06:45:56,296 [76] DEBUG LTCPro.ServiceLayer.Log4net - ---Executed Successfully GetOrderStockDetails() in OrdersController----
2024-08-30 06:45:56,301 [64] DEBUG LTCPro.ServiceLayer.Log4net - ---Executed Successfully GetFavouritesMasterData() in OrdersController----
2024-08-30 06:45:56,317 [66] DEBUG LTCPro.ServiceLayer.Log4net - ---Executed Successfully GetOrderGridData() in OrdersController----
2024-08-30 06:45:56,524 [68] DEBUG LTCPro.ServiceLayer.Log4net - ---Executed Successfully GetPhysicianDropData() in OrdersController----
2024-08-30 06:45:57,302 [57] DEBUG LTCPro.ServiceLayer.Log4net - ---Executed Successfully GetNurseNotes() in OrdersController----
2024-08-30 06:46:06,182 [33] DEBUG LTCPro.ServiceLayer.Log4net - ---Executing GetUserToken() in UserService----
2024-08-30 06:46:06,186 [76] DEBUG LTCPro.ServiceLayer.Log4net - ---Executing GetUserToken() in UserService----
2024-08-30 06:46:06,396 [76] DEBUG LTCPro.ServiceLayer.Log4net - ---Executing GetUserRecentFacNs() in UserController----
2024-08-30 06:46:06,396 [76] DEBUG LTCPro.ServiceLayer.Log4net - ---Executing GetUserRecentFacNs() in UserService----
2024-08-30 06:46:06,398 [33] DEBUG LTCPro.ServiceLayer.Log4net - ---Executing InsertUserActivityDetails() in CompanyController----
2024-08-30 06:46:06,398 [33] DEBUG LTCPro.ServiceLayer.Log4net - ---Executing InsertUserActivityDetails() in UserActivityService----
2024-08-30 06:46:06,476 [66] DEBUG LTCPro.ServiceLayer.Log4net - ---Executing GetUserToken() in UserService----
2024-08-30 06:46:06,688 [66] DEBUG LTCPro.ServiceLayer.Log4net - ---Executing OrderEndingSoonStatus() in OrdersController----
2024-08-30 06:46:06,688 [66] DEBUG LTCPro.ServiceLayer.Log4net - ---Executing OrderEndingSoonStatus() in OrdersService----
2024-08-30 06:46:06,816 [76] DEBUG LTCPro.ServiceLayer.Log4net - ---Executed Successfully GetUserRecentFacNs() in UserController----
2024-08-30 06:46:06,873 [60] DEBUG LTCPro.ServiceLayer.Log4net - ---Executing GetUserToken() in UserService----
2024-08-30 06:46:07,048 [33] DEBUG LTCPro.ServiceLayer.Log4net - ---Executed Successfully InsertUserActivityDetails() in CompanyController----
2024-08-30 06:46:07,082 [60] DEBUG LTCPro.ServiceLayer.Log4net - ---Executing GetUserAccessFacilityNurseStaions() in FacilityController----
2024-08-30 06:46:07,082 [60] DEBUG LTCPro.ServiceLayer.Log4net - ---Executing GetUserAccessFacilityNurseStaions() in FacilityService----
2024-08-30 06:46:07,083 [66] DEBUG LTCPro.ServiceLayer.Log4net - ---Executed Successfully OrderEndingSoonStatus() in OrdersController----
2024-08-30 06:46:07,515 [60] DEBUG LTCPro.ServiceLayer.Log4net - ---Executed Successfully GetUserAccessFacilityNurseStaions() in FacilityController----
2024-08-30 06:46:07,544 [68] DEBUG LTCPro.ServiceLayer.Log4net - ---Executing GetUserToken() in UserService----
2024-08-30 06:46:07,758 [68] DEBUG LTCPro.ServiceLayer.Log4net - ---Executing UserNurseStationDrop() in FacilityController----
2024-08-30 06:46:07,758 [68] DEBUG LTCPro.ServiceLayer.Log4net - ---Executing UserNurseStationDrop() in FacilityService----
2024-08-30 06:46:07,972 [68] DEBUG LTCPro.ServiceLayer.Log4net - ---Executed Successfully UserNurseStationDrop() in FacilityController----
2024-08-30 06:46:08,037 [57] DEBUG LTCPro.ServiceLayer.Log4net - ---Executing GetUserToken() in UserService----
2024-08-30 06:46:08,040 [27] DEBUG LTCPro.ServiceLayer.Log4net - ---Executing GetUserToken() in UserService----
2024-08-30 06:46:08,118 [64] DEBUG LTCPro.ServiceLayer.Log4net - ---Executing GetUserToken() in UserService----
2024-08-30 06:46:08,267 [63] DEBUG LTCPro.ServiceLayer.Log4net - ---Executing GetUserToken() in UserService----
2024-08-30 06:46:08,278 [27] DEBUG LTCPro.ServiceLayer.Log4net - ---Executing GetPRNDetailsByfilter() in EMARController----
2024-08-30 06:46:08,278 [27] DEBUG LTCPro.ServiceLayer.Log4net - ---Executing GetPRNDetailsByfilter() in EmarService----
2024-08-30 06:46:08,289 [57] DEBUG LTCPro.ServiceLayer.Log4net - ---Executing GetCompanyToBedFlagByFacId() in FacilityController----
2024-08-30 06:46:08,289 [57] DEBUG LTCPro.ServiceLayer.Log4net - ---Executing GetCompanyToBedFlagByFacId() in FacilityService----
2024-08-30 06:46:08,325 [76] DEBUG LTCPro.ServiceLayer.Log4net - ---Executing GetUserToken() in UserService----
2024-08-30 06:46:08,325 [68] DEBUG LTCPro.ServiceLayer.Log4net - ---Executing GetUserToken() in UserService----
2024-08-30 06:46:08,349 [64] DEBUG LTCPro.ServiceLayer.Log4net - ---Executing GetSeventyTwoHourDetailsByfilter() in EMARController----
2024-08-30 06:46:08,349 [64] DEBUG LTCPro.ServiceLayer.Log4net - ---Executing GetSeventyTwoHourDetailsByfilter() in EmarService----
2024-08-30 06:46:08,478 [63] DEBUG LTCPro.ServiceLayer.Log4net - ---Executing OrderEndingSoonStatus() in OrdersController----
2024-08-30 06:46:08,478 [63] DEBUG LTCPro.ServiceLayer.Log4net - ---Executing OrderEndingSoonStatus() in OrdersService----
2024-08-30 06:46:08,538 [68] DEBUG LTCPro.ServiceLayer.Log4net - ---Executing GetOrdersEndingSoon() in OrdersController----
2024-08-30 06:46:08,538 [68] DEBUG LTCPro.ServiceLayer.Log4net - ---Executing GetOrdersEndingSoon() in OrdersService----
2024-08-30 06:46:08,538 [76] DEBUG LTCPro.ServiceLayer.Log4net - ---Executing GetOrdersGridData() in OrdersController----
2024-08-30 06:46:08,538 [76] DEBUG LTCPro.ServiceLayer.Log4net - ---Executing GetOrdersGridData() in OrdersService----
2024-08-30 06:46:08,887 [63] DEBUG LTCPro.ServiceLayer.Log4net - ---Executed Successfully OrderEndingSoonStatus() in OrdersController----
2024-08-30 06:46:09,094 [68] DEBUG LTCPro.ServiceLayer.Log4net - ---Executed Successfully GetOrdersEndingSoon() in OrdersController----
2024-08-30 06:46:09,712 [57] DEBUG LTCPro.ServiceLayer.Log4net - ---Executed Successfully GetCompanyToBedFlagByFacId() in FacilityController----
2024-08-30 06:46:09,752 [66] DEBUG LTCPro.ServiceLayer.Log4net - ---Executing GetUserToken() in UserService----
2024-08-30 06:46:09,962 [66] DEBUG LTCPro.ServiceLayer.Log4net - ---Executing GetNurseStationHierarchyDetailsbyNsId() in CompanyController----
2024-08-30 06:46:09,963 [66] DEBUG LTCPro.ServiceLayer.Log4net - ---Executing GetNurseStationHierarchyDetailsbyNsId() in CompanyService----
2024-08-30 06:46:10,173 [66] DEBUG LTCPro.ServiceLayer.Log4net - ---Executed Successfully GetNurseStationHierarchyDetailsbyNsId() in CompanyController----
2024-08-30 06:46:10,467 [76] DEBUG LTCPro.ServiceLayer.Log4net - ---Executed Successfully GetOrdersGridData() in OrdersController----
2024-08-30 06:46:10,777 [76] DEBUG LTCPro.ServiceLayer.Log4net - ---Executing GetUserToken() in UserService----
2024-08-30 06:46:10,992 [76] DEBUG LTCPro.ServiceLayer.Log4net - ---Executing GetPendingOrdersGridData() in OrdersController----
2024-08-30 06:46:10,992 [76] DEBUG LTCPro.ServiceLayer.Log4net - ---Executing GetPendingOrdersGridData() in OrdersService----
2024-08-30 06:46:12,198 [57] DEBUG LTCPro.ServiceLayer.Log4net - ---Executing GetUserToken() in UserService----
2024-08-30 06:46:12,408 [57] DEBUG LTCPro.ServiceLayer.Log4net - ---Executing GetOrdersGridDataByPatientId() in OrdersController----
2024-08-30 06:46:12,409 [57] DEBUG LTCPro.ServiceLayer.Log4net - ---Executing GetOrdersGridDataByPatientId() in OrdersService----
2024-08-30 06:46:12,772 [57] DEBUG LTCPro.ServiceLayer.Log4net - ---Executed Successfully GetOrdersGridDataByPatientId() in OrdersController----
2024-08-30 06:46:12,925 [76] DEBUG LTCPro.ServiceLayer.Log4net - ---Executed Successfully GetPendingOrdersGridData() in OrdersController----
2024-08-30 06:46:15,667 [66] DEBUG LTCPro.ServiceLayer.Log4net - ---Executing GetUserToken() in UserService----
2024-08-30 06:46:15,995 [66] DEBUG LTCPro.ServiceLayer.Log4net - ---Executing GetFacilityNSResidentsDataByPId() in ResidentDemographicController----
2024-08-30 06:46:15,995 [66] DEBUG LTCPro.ServiceLayer.Log4net - ---Executing GetFacilityNSResidentsDataByPId() in ResidentDemographicService----
2024-08-30 06:46:15,997 [76] DEBUG LTCPro.ServiceLayer.Log4net - ---Executing GetUserToken() in UserService----
2024-08-30 06:46:16,209 [76] DEBUG LTCPro.ServiceLayer.Log4net - ---Executing GetNurseNotes() in OrdersController----
2024-08-30 06:46:16,209 [76] DEBUG LTCPro.ServiceLayer.Log4net - ---Executing GetNurseNotes() in OrdersService----
2024-08-30 06:46:17,433 [76] DEBUG LTCPro.ServiceLayer.Log4net - ---Executed Successfully GetNurseNotes() in OrdersController----
2024-08-30 06:46:17,553 [66] DEBUG LTCPro.ServiceLayer.Log4net - ---Executed Successfully GetFacilityNSResidentsDataByPId() in ResidentDemographicController----
2024-08-30 06:46:17,623 [66] DEBUG LTCPro.ServiceLayer.Log4net - ---Executing GetUserToken() in UserService----
2024-08-30 06:46:17,759 [4] DEBUG LTCPro.ServiceLayer.Log4net - ---Executing GetUserToken() in UserService----
2024-08-30 06:46:17,905 [66] DEBUG LTCPro.ServiceLayer.Log4net - ---Executing GetDrFirstFlagForCompanyByNSId() in CompanyController----
2024-08-30 06:46:17,905 [66] DEBUG LTCPro.ServiceLayer.Log4net - ---Executing GetDrFirstFlagForCompanyByNSId() in CompanyService----
2024-08-30 06:46:18,001 [33] DEBUG LTCPro.ServiceLayer.Log4net - ---Executing GetUserToken() in UserService----
2024-08-30 06:46:18,009 [68] DEBUG LTCPro.ServiceLayer.Log4net - ---Executing GetUserToken() in UserService----
2024-08-30 06:46:18,093 [4] DEBUG LTCPro.ServiceLayer.Log4net - ---Executing GetResidentInformation() in ResidentDemographicController----
2024-08-30 06:46:18,093 [4] DEBUG LTCPro.ServiceLayer.Log4net - ---Executing GetResidentInformation() in ResidentDemographicService----
2024-08-30 06:46:18,258 [33] DEBUG LTCPro.ServiceLayer.Log4net - ---Executing GetPhysicianDropData() in OrdersController----
2024-08-30 06:46:18,258 [33] DEBUG LTCPro.ServiceLayer.Log4net - ---Executing GetPhysicianDropData() in OrdersService----
2024-08-30 06:46:18,261 [66] DEBUG LTCPro.ServiceLayer.Log4net - ---Executed Successfully GetDrFirstFlagForCompanyByNSId() in CompanyController----
2024-08-30 06:46:18,265 [68] DEBUG LTCPro.ServiceLayer.Log4net - ---Executing GetOrderRoutes() in OrdersController----
2024-08-30 06:46:18,265 [68] DEBUG LTCPro.ServiceLayer.Log4net - ---Executing GetOrderRoutes() in OrdersService----
2024-08-30 06:46:18,291 [76] DEBUG LTCPro.ServiceLayer.Log4net - ---Executing GetUserToken() in UserService----
2024-08-30 06:46:18,583 [76] DEBUG LTCPro.ServiceLayer.Log4net - ---Executing GetAllBarcodes() in StockEkitController----
2024-08-30 06:46:18,583 [76] DEBUG LTCPro.ServiceLayer.Log4net - ---Executing GetAllBarcodes() in StockEkitService----
2024-08-30 06:46:18,583 [68] DEBUG LTCPro.ServiceLayer.Log4net - ---Executed Successfully GetOrderRoutes() in OrdersController----
2024-08-30 06:46:18,665 [57] DEBUG LTCPro.ServiceLayer.Log4net - ---Executing GetUserToken() in UserService----
2024-08-30 06:46:18,849 [33] DEBUG LTCPro.ServiceLayer.Log4net - ---Executed Successfully GetPhysicianDropData() in OrdersController----
2024-08-30 06:46:18,920 [57] DEBUG LTCPro.ServiceLayer.Log4net - ---Executing GetTimeZoneDate() in CommonController----
2024-08-30 06:46:18,920 [57] DEBUG LTCPro.ServiceLayer.Log4net - ---Executing GetTimeZoneDate() in CommonService----
2024-08-30 06:46:19,173 [57] DEBUG LTCPro.ServiceLayer.Log4net - ---Executed Successfully GetTimeZoneDate() in CommonController----
2024-08-30 06:46:19,495 [76] DEBUG LTCPro.ServiceLayer.Log4net - ---Executed Successfully GetAllBarcodes() in StockEkitController----
2024-08-30 06:46:22,222 [4] DEBUG LTCPro.ServiceLayer.Log4net - ---Executed Successfully GetResidentInformation() in ResidentDemographicController----
2024-08-30 06:46:22,271 [57] DEBUG LTCPro.ServiceLayer.Log4net - ---Executing GetUserToken() in UserService----
2024-08-30 06:46:22,290 [66] DEBUG LTCPro.ServiceLayer.Log4net - ---Executing GetUserToken() in UserService----
2024-08-30 06:46:22,295 [63] DEBUG LTCPro.ServiceLayer.Log4net - ---Executing GetUserToken() in UserService----
2024-08-30 06:46:22,363 [64] DEBUG LTCPro.ServiceLayer.Log4net - ---Executed Successfully GetSeventyTwoHourDetailsByfilter() in EMARController----
2024-08-30 06:46:22,549 [57] DEBUG LTCPro.ServiceLayer.Log4net - ---Executing GetWeightList(Patient_Id) in AssessmentController----
2024-08-30 06:46:22,549 [57] DEBUG LTCPro.ServiceLayer.Log4net - ---Executing GetWeightList() in AssessmentService----
2024-08-30 06:46:22,557 [63] DEBUG LTCPro.ServiceLayer.Log4net - ---Executing GetDrFirstOrderCheck() in DrFirstIntegrationController----
2024-08-30 06:46:22,557 [63] DEBUG LTCPro.ServiceLayer.Log4net - ---Executing GetDrFirstOrderCheck() in DrFirstIntegrationService----
2024-08-30 06:46:22,563 [66] DEBUG LTCPro.ServiceLayer.Log4net - ---Executing GetPatientType() in ResidentDemographicController----
2024-08-30 06:46:22,563 [66] DEBUG LTCPro.ServiceLayer.Log4net - ---Executing GetPatientType() in EmarService----
2024-08-30 06:46:22,607 [67] DEBUG LTCPro.ServiceLayer.Log4net - ---Executing GetUserToken() in UserService----
2024-08-30 06:46:22,661 [4] DEBUG LTCPro.ServiceLayer.Log4net - ---Executing GetUserToken() in UserService----
2024-08-30 06:46:22,815 [63] DEBUG LTCPro.ServiceLayer.Log4net - ---Executed Successfully GetDrFirstOrderCheck() in DrFirstIntegrationController----
2024-08-30 06:46:22,825 [66] DEBUG LTCPro.ServiceLayer.Log4net - ---Executed Successfully GetPatientType() in ResidentDemographicController----
2024-08-30 06:46:22,872 [67] DEBUG LTCPro.ServiceLayer.Log4net - ---Executing GetOrderGridData() in OrdersController----
2024-08-30 06:46:22,872 [67] DEBUG LTCPro.ServiceLayer.Log4net - ---Executing GetOrderGridData() in OrdersService----
2024-08-30 06:46:22,917 [4] DEBUG LTCPro.ServiceLayer.Log4net - ---Executing GetDiagnosisDetails() in OrdersController----
2024-08-30 06:46:22,918 [4] DEBUG LTCPro.ServiceLayer.Log4net - ---Executing GetDiagnosisDetails() in OrdersService----
2024-08-30 06:46:23,175 [67] DEBUG LTCPro.ServiceLayer.Log4net - ---Executed Successfully GetOrderGridData() in OrdersController----
2024-08-30 06:46:23,247 [60] DEBUG LTCPro.ServiceLayer.Log4net - ---Executing GetUserToken() in UserService----
2024-08-30 06:46:23,497 [68] DEBUG LTCPro.ServiceLayer.Log4net - ---Executing GetUserToken() in UserService----
2024-08-30 06:46:23,507 [66] DEBUG LTCPro.ServiceLayer.Log4net - ---Executing GetUserToken() in UserService----
2024-08-30 06:46:23,513 [60] DEBUG LTCPro.ServiceLayer.Log4net - ---Executing GetAllBarcodes() in StockEkitController----
2024-08-30 06:46:23,514 [60] DEBUG LTCPro.ServiceLayer.Log4net - ---Executing GetAllBarcodes() in StockEkitService----
2024-08-30 06:46:23,755 [68] DEBUG LTCPro.ServiceLayer.Log4net - ---Executing GetOrdersData() in OrdersController----
2024-08-30 06:46:23,756 [68] DEBUG LTCPro.ServiceLayer.Log4net - ---Executing GetOrdersData() in OrdersService----
2024-08-30 06:46:23,758 [57] DEBUG LTCPro.ServiceLayer.Log4net - ---Executed Successfully GetWeightList(Patient_Id) in AssessmentController----
2024-08-30 06:46:23,764 [66] DEBUG LTCPro.ServiceLayer.Log4net - ---Executing GetOrderGridData() in OrdersController----
2024-08-30 06:46:23,764 [66] DEBUG LTCPro.ServiceLayer.Log4net - ---Executing GetOrderGridData() in OrdersService----
2024-08-30 06:46:23,767 [4] DEBUG LTCPro.ServiceLayer.Log4net - ---Executed Successfully GetDiagnosisDetails() in OrdersController----
2024-08-30 06:46:23,960 [27] DEBUG LTCPro.ServiceLayer.Log4net - ---Executed Successfully GetPRNDetailsByfilter() in EMARController----
2024-08-30 06:46:24,015 [68] DEBUG LTCPro.ServiceLayer.Log4net - ---Executed Successfully GetOrdersData() in OrdersController----
2024-08-30 06:46:43,257 [66] DEBUG LTCPro.ServiceLayer.Log4net - ---Executed Successfully GetOrderGridData() in OrdersController----
2024-08-30 06:46:43,519 [60] DEBUG LTCPro.ServiceLayer.Log4net - ---Executed Successfully GetAllBarcodes() in StockEkitController----
2024-08-30 06:46:43,566 [4] DEBUG LTCPro.ServiceLayer.Log4net - ---Executing GetUserToken() in UserService----
2024-08-30 06:46:43,569 [66] DEBUG LTCPro.ServiceLayer.Log4net - ---Executing GetUserToken() in UserService----
2024-08-30 06:46:43,573 [64] DEBUG LTCPro.ServiceLayer.Log4net - ---Executing GetUserToken() in UserService----
2024-08-30 06:46:43,615 [76] DEBUG LTCPro.ServiceLayer.Log4net - ---Executing GetUserToken() in UserService----
2024-08-30 06:46:43,849 [4] DEBUG LTCPro.ServiceLayer.Log4net - ---Executing GetPhysicianDropData() in OrdersController----
2024-08-30 06:46:43,849 [4] DEBUG LTCPro.ServiceLayer.Log4net - ---Executing GetPhysicianDropData() in OrdersService----
2024-08-30 06:46:43,850 [66] DEBUG LTCPro.ServiceLayer.Log4net - ---Executing GetFavouritesMasterData() in OrdersController----
2024-08-30 06:46:43,850 [66] DEBUG LTCPro.ServiceLayer.Log4net - ---Executing GetFavouritesMasterData() in OrdersService----
2024-08-30 06:46:43,851 [64] DEBUG LTCPro.ServiceLayer.Log4net - ---Executing GetOrderStockDetails() in OrdersController----
2024-08-30 06:46:43,851 [64] DEBUG LTCPro.ServiceLayer.Log4net - ---Executing GetOrderStockDetails() in OrdersService----
2024-08-30 06:46:43,868 [76] DEBUG LTCPro.ServiceLayer.Log4net - ---Executing GetNurseNotes() in OrdersController----
2024-08-30 06:46:43,868 [76] DEBUG LTCPro.ServiceLayer.Log4net - ---Executing GetNurseNotes() in OrdersService----
2024-08-30 06:46:44,105 [64] DEBUG LTCPro.ServiceLayer.Log4net - ---Executed Successfully GetOrderStockDetails() in OrdersController----
2024-08-30 06:46:44,105 [66] DEBUG LTCPro.ServiceLayer.Log4net - ---Executed Successfully GetFavouritesMasterData() in OrdersController----
2024-08-30 06:46:44,632 [4] DEBUG LTCPro.ServiceLayer.Log4net - ---Executed Successfully GetPhysicianDropData() in OrdersController----
2024-08-30 06:46:45,199 [76] DEBUG LTCPro.ServiceLayer.Log4net - ---Executed Successfully GetNurseNotes() in OrdersController----
2024-08-30 06:46:48,870 [68] DEBUG LTCPro.ServiceLayer.Log4net - ---Executing GetUserToken() in UserService----
2024-08-30 06:46:48,872 [27] DEBUG LTCPro.ServiceLayer.Log4net - ---Executing GetUserToken() in UserService----
2024-08-30 06:46:49,075 [4] DEBUG LTCPro.ServiceLayer.Log4net - ---Executing GetUserToken() in UserService----
2024-08-30 06:46:49,126 [27] DEBUG LTCPro.ServiceLayer.Log4net - ---Executing GetUserRecentFacNs() in UserController----
2024-08-30 06:46:49,126 [27] DEBUG LTCPro.ServiceLayer.Log4net - ---Executing GetUserRecentFacNs() in UserService----
2024-08-30 06:46:49,127 [68] DEBUG LTCPro.ServiceLayer.Log4net - ---Executing InsertUserActivityDetails() in CompanyController----
2024-08-30 06:46:49,127 [68] DEBUG LTCPro.ServiceLayer.Log4net - ---Executing InsertUserActivityDetails() in UserActivityService----
2024-08-30 06:46:49,331 [4] DEBUG LTCPro.ServiceLayer.Log4net - ---Executing OrderEndingSoonStatus() in OrdersController----
2024-08-30 06:46:49,331 [4] DEBUG LTCPro.ServiceLayer.Log4net - ---Executing OrderEndingSoonStatus() in OrdersService----
2024-08-30 06:46:49,650 [27] DEBUG LTCPro.ServiceLayer.Log4net - ---Executed Successfully GetUserRecentFacNs() in UserController----
2024-08-30 06:46:49,673 [76] DEBUG LTCPro.ServiceLayer.Log4net - ---Executing GetUserToken() in UserService----
2024-08-30 06:46:49,783 [4] DEBUG LTCPro.ServiceLayer.Log4net - ---Executed Successfully OrderEndingSoonStatus() in OrdersController----
2024-08-30 06:46:49,891 [68] DEBUG LTCPro.ServiceLayer.Log4net - ---Executed Successfully InsertUserActivityDetails() in CompanyController----
2024-08-30 06:46:49,927 [76] DEBUG LTCPro.ServiceLayer.Log4net - ---Executing GetUserAccessFacilityNurseStaions() in FacilityController----
2024-08-30 06:46:49,927 [76] DEBUG LTCPro.ServiceLayer.Log4net - ---Executing GetUserAccessFacilityNurseStaions() in FacilityService----
2024-08-30 06:46:50,444 [76] DEBUG LTCPro.ServiceLayer.Log4net - ---Executed Successfully GetUserAccessFacilityNurseStaions() in FacilityController----
2024-08-30 06:46:50,472 [4] DEBUG LTCPro.ServiceLayer.Log4net - ---Executing GetUserToken() in UserService----
2024-08-30 06:46:50,731 [4] DEBUG LTCPro.ServiceLayer.Log4net - ---Executing UserNurseStationDrop() in FacilityController----
2024-08-30 06:46:50,731 [4] DEBUG LTCPro.ServiceLayer.Log4net - ---Executing UserNurseStationDrop() in FacilityService----
2024-08-30 06:46:50,990 [4] DEBUG LTCPro.ServiceLayer.Log4net - ---Executed Successfully UserNurseStationDrop() in FacilityController----
2024-08-30 06:46:51,097 [68] DEBUG LTCPro.ServiceLayer.Log4net - ---Executing GetUserToken() in UserService----
2024-08-30 06:46:51,100 [4] DEBUG LTCPro.ServiceLayer.Log4net - ---Executing GetUserToken() in UserService----
2024-08-30 06:46:51,138 [27] DEBUG LTCPro.ServiceLayer.Log4net - ---Executing GetUserToken() in UserService----
2024-08-30 06:46:51,404 [4] DEBUG LTCPro.ServiceLayer.Log4net - ---Executing GetCompanyToBedFlagByFacId() in FacilityController----
2024-08-30 06:46:51,404 [4] DEBUG LTCPro.ServiceLayer.Log4net - ---Executing GetCompanyToBedFlagByFacId() in FacilityService----
2024-08-30 06:46:51,436 [27] DEBUG LTCPro.ServiceLayer.Log4net - ---Executing GetSeventyTwoHourDetailsByfilter() in EMARController----
2024-08-30 06:46:51,436 [27] DEBUG LTCPro.ServiceLayer.Log4net - ---Executing GetSeventyTwoHourDetailsByfilter() in EmarService----
2024-08-30 06:46:51,458 [68] DEBUG LTCPro.ServiceLayer.Log4net - ---Executing GetPRNDetailsByfilter() in EMARController----
2024-08-30 06:46:51,458 [68] DEBUG LTCPro.ServiceLayer.Log4net - ---Executing GetPRNDetailsByfilter() in EmarService----
2024-08-30 06:46:51,500 [64] DEBUG LTCPro.ServiceLayer.Log4net - ---Executing GetUserToken() in UserService----
2024-08-30 06:46:51,532 [60] DEBUG LTCPro.ServiceLayer.Log4net - ---Executing GetUserToken() in UserService----
2024-08-30 06:46:51,539 [76] DEBUG LTCPro.ServiceLayer.Log4net - ---Executing GetUserToken() in UserService----
2024-08-30 06:46:51,754 [64] DEBUG LTCPro.ServiceLayer.Log4net - ---Executing GetOrdersGridData() in OrdersController----
2024-08-30 06:46:51,754 [64] DEBUG LTCPro.ServiceLayer.Log4net - ---Executing GetOrdersGridData() in OrdersService----
2024-08-30 06:46:51,785 [60] DEBUG LTCPro.ServiceLayer.Log4net - ---Executing GetOrdersEndingSoon() in OrdersController----
2024-08-30 06:46:51,785 [60] DEBUG LTCPro.ServiceLayer.Log4net - ---Executing GetOrdersEndingSoon() in OrdersService----
2024-08-30 06:46:51,792 [76] DEBUG LTCPro.ServiceLayer.Log4net - ---Executing OrderEndingSoonStatus() in OrdersController----
2024-08-30 06:46:51,792 [76] DEBUG LTCPro.ServiceLayer.Log4net - ---Executing OrderEndingSoonStatus() in OrdersService----
2024-08-30 06:46:52,269 [76] DEBUG LTCPro.ServiceLayer.Log4net - ---Executed Successfully OrderEndingSoonStatus() in OrdersController----
2024-08-30 06:46:52,406 [60] DEBUG LTCPro.ServiceLayer.Log4net - ---Executed Successfully GetOrdersEndingSoon() in OrdersController----
2024-08-30 06:46:52,935 [4] DEBUG LTCPro.ServiceLayer.Log4net - ---Executed Successfully GetCompanyToBedFlagByFacId() in FacilityController----
2024-08-30 06:46:52,993 [76] DEBUG LTCPro.ServiceLayer.Log4net - ---Executing GetUserToken() in UserService----
2024-08-30 06:46:53,535 [76] DEBUG LTCPro.ServiceLayer.Log4net - ---Executing GetNurseStationHierarchyDetailsbyNsId() in CompanyController----
2024-08-30 06:46:53,535 [76] DEBUG LTCPro.ServiceLayer.Log4net - ---Executing GetNurseStationHierarchyDetailsbyNsId() in CompanyService----
2024-08-30 06:46:53,789 [76] DEBUG LTCPro.ServiceLayer.Log4net - ---Executed Successfully GetNurseStationHierarchyDetailsbyNsId() in CompanyController----
2024-08-30 06:46:54,137 [64] DEBUG LTCPro.ServiceLayer.Log4net - ---Executed Successfully GetOrdersGridData() in OrdersController----
2024-08-30 06:46:54,391 [64] DEBUG LTCPro.ServiceLayer.Log4net - ---Executing GetUserToken() in UserService----
2024-08-30 06:46:54,645 [64] DEBUG LTCPro.ServiceLayer.Log4net - ---Executing GetPendingOrdersGridData() in OrdersController----
2024-08-30 06:46:54,645 [64] DEBUG LTCPro.ServiceLayer.Log4net - ---Executing GetPendingOrdersGridData() in OrdersService----
2024-08-30 06:46:55,744 [4] DEBUG LTCPro.ServiceLayer.Log4net - ---Executing GetUserToken() in UserService----
2024-08-30 06:46:55,998 [4] DEBUG LTCPro.ServiceLayer.Log4net - ---Executing GetOrdersGridDataByPatientId() in OrdersController----
2024-08-30 06:46:55,998 [4] DEBUG LTCPro.ServiceLayer.Log4net - ---Executing GetOrdersGridDataByPatientId() in OrdersService----
2024-08-30 06:46:56,838 [64] DEBUG LTCPro.ServiceLayer.Log4net - ---Executed Successfully GetPendingOrdersGridData() in OrdersController----
2024-08-30 06:46:56,893 [4] DEBUG LTCPro.ServiceLayer.Log4net - ---Executed Successfully GetOrdersGridDataByPatientId() in OrdersController----
2024-08-30 06:46:59,310 [76] DEBUG LTCPro.ServiceLayer.Log4net - ---Executing GetUserToken() in UserService----
2024-08-30 06:46:59,502 [64] DEBUG LTCPro.ServiceLayer.Log4net - ---Executing GetUserToken() in UserService----
2024-08-30 06:46:59,562 [76] DEBUG LTCPro.ServiceLayer.Log4net - ---Executing GetFacilityNSResidentsDataByPId() in ResidentDemographicController----
2024-08-30 06:46:59,562 [76] DEBUG LTCPro.ServiceLayer.Log4net - ---Executing GetFacilityNSResidentsDataByPId() in ResidentDemographicService----
2024-08-30 06:46:59,763 [64] DEBUG LTCPro.ServiceLayer.Log4net - ---Executing GetNurseNotes() in OrdersController----
2024-08-30 06:46:59,764 [64] DEBUG LTCPro.ServiceLayer.Log4net - ---Executing GetNurseNotes() in OrdersService----
2024-08-30 06:47:01,324 [64] DEBUG LTCPro.ServiceLayer.Log4net - ---Executed Successfully GetNurseNotes() in OrdersController----
2024-08-30 06:47:01,495 [76] DEBUG LTCPro.ServiceLayer.Log4net - ---Executed Successfully GetFacilityNSResidentsDataByPId() in ResidentDemographicController----
2024-08-30 06:47:01,580 [4] DEBUG LTCPro.ServiceLayer.Log4net - ---Executing GetUserToken() in UserService----
2024-08-30 06:47:01,598 [88] DEBUG LTCPro.ServiceLayer.Log4net - ---Executing GetUserToken() in UserService----
2024-08-30 06:47:01,652 [64] DEBUG LTCPro.ServiceLayer.Log4net - ---Executing GetUserToken() in UserService----
2024-08-30 06:47:01,846 [4] DEBUG LTCPro.ServiceLayer.Log4net - ---Executing GetAllBarcodes() in StockEkitController----
2024-08-30 06:47:01,846 [4] DEBUG LTCPro.ServiceLayer.Log4net - ---Executing GetAllBarcodes() in StockEkitService----
2024-08-30 06:47:01,855 [88] DEBUG LTCPro.ServiceLayer.Log4net - ---Executing GetDrFirstFlagForCompanyByNSId() in CompanyController----
2024-08-30 06:47:01,855 [88] DEBUG LTCPro.ServiceLayer.Log4net - ---Executing GetDrFirstFlagForCompanyByNSId() in CompanyService----
2024-08-30 06:47:01,884 [67] DEBUG LTCPro.ServiceLayer.Log4net - ---Executing GetUserToken() in UserService----
2024-08-30 06:47:01,905 [64] DEBUG LTCPro.ServiceLayer.Log4net - ---Executing GetResidentInformation() in ResidentDemographicController----
2024-08-30 06:47:01,905 [64] DEBUG LTCPro.ServiceLayer.Log4net - ---Executing GetResidentInformation() in ResidentDemographicService----
2024-08-30 06:47:02,110 [88] DEBUG LTCPro.ServiceLayer.Log4net - ---Executed Successfully GetDrFirstFlagForCompanyByNSId() in CompanyController----
2024-08-30 06:47:02,137 [67] DEBUG LTCPro.ServiceLayer.Log4net - ---Executing GetOrderRoutes() in OrdersController----
2024-08-30 06:47:02,137 [67] DEBUG LTCPro.ServiceLayer.Log4net - ---Executing GetOrderRoutes() in OrdersService----
2024-08-30 06:47:02,330 [58] DEBUG LTCPro.ServiceLayer.Log4net - ---Executing GetUserToken() in UserService----
2024-08-30 06:47:02,392 [67] DEBUG LTCPro.ServiceLayer.Log4net - ---Executed Successfully GetOrderRoutes() in OrdersController----
2024-08-30 06:47:02,414 [76] DEBUG LTCPro.ServiceLayer.Log4net - ---Executing GetUserToken() in UserService----
2024-08-30 06:47:02,580 [4] DEBUG LTCPro.ServiceLayer.Log4net - ---Executed Successfully GetAllBarcodes() in StockEkitController----
2024-08-30 06:47:02,586 [58] DEBUG LTCPro.ServiceLayer.Log4net - ---Executing GetPhysicianDropData() in OrdersController----
2024-08-30 06:47:02,586 [58] DEBUG LTCPro.ServiceLayer.Log4net - ---Executing GetPhysicianDropData() in OrdersService----
2024-08-30 06:47:02,673 [76] DEBUG LTCPro.ServiceLayer.Log4net - ---Executing GetTimeZoneDate() in CommonController----
2024-08-30 06:47:02,673 [76] DEBUG LTCPro.ServiceLayer.Log4net - ---Executing GetTimeZoneDate() in CommonService----
2024-08-30 06:47:02,934 [76] DEBUG LTCPro.ServiceLayer.Log4net - ---Executed Successfully GetTimeZoneDate() in CommonController----
2024-08-30 06:47:03,164 [58] DEBUG LTCPro.ServiceLayer.Log4net - ---Executed Successfully GetPhysicianDropData() in OrdersController----
2024-08-30 06:47:06,072 [64] DEBUG LTCPro.ServiceLayer.Log4net - ---Executed Successfully GetResidentInformation() in ResidentDemographicController----
2024-08-30 06:47:06,179 [67] DEBUG LTCPro.ServiceLayer.Log4net - ---Executing GetUserToken() in UserService----
2024-08-30 06:47:06,219 [27] DEBUG LTCPro.ServiceLayer.Log4net - ---Executed Successfully GetSeventyTwoHourDetailsByfilter() in EMARController----
2024-08-30 06:47:06,244 [58] DEBUG LTCPro.ServiceLayer.Log4net - ---Executing GetUserToken() in UserService----
2024-08-30 06:47:06,269 [27] DEBUG LTCPro.ServiceLayer.Log4net - ---Executing GetUserToken() in UserService----
2024-08-30 06:47:06,377 [60] DEBUG LTCPro.ServiceLayer.Log4net - ---Executing GetUserToken() in UserService----
2024-08-30 06:47:06,399 [64] DEBUG LTCPro.ServiceLayer.Log4net - ---Executing GetUserToken() in UserService----
2024-08-30 06:47:06,479 [67] DEBUG LTCPro.ServiceLayer.Log4net - ---Executing GetPatientType() in ResidentDemographicController----
2024-08-30 06:47:06,479 [67] DEBUG LTCPro.ServiceLayer.Log4net - ---Executing GetPatientType() in EmarService----
2024-08-30 06:47:06,509 [58] DEBUG LTCPro.ServiceLayer.Log4net - ---Executing GetWeightList(Patient_Id) in AssessmentController----
2024-08-30 06:47:06,510 [58] DEBUG LTCPro.ServiceLayer.Log4net - ---Executing GetWeightList() in AssessmentService----
2024-08-30 06:47:06,527 [27] DEBUG LTCPro.ServiceLayer.Log4net - ---Executing GetDrFirstOrderCheck() in DrFirstIntegrationController----
2024-08-30 06:47:06,527 [27] DEBUG LTCPro.ServiceLayer.Log4net - ---Executing GetDrFirstOrderCheck() in DrFirstIntegrationService----
2024-08-30 06:47:06,631 [60] DEBUG LTCPro.ServiceLayer.Log4net - ---Executing GetDiagnosisDetails() in OrdersController----
2024-08-30 06:47:06,631 [60] DEBUG LTCPro.ServiceLayer.Log4net - ---Executing GetDiagnosisDetails() in OrdersService----
2024-08-30 06:47:06,661 [64] DEBUG LTCPro.ServiceLayer.Log4net - ---Executing GetOrderGridData() in OrdersController----
2024-08-30 06:47:06,661 [64] DEBUG LTCPro.ServiceLayer.Log4net - ---Executing GetOrderGridData() in OrdersService----
2024-08-30 06:47:06,744 [67] DEBUG LTCPro.ServiceLayer.Log4net - ---Executed Successfully GetPatientType() in ResidentDemographicController----
2024-08-30 06:47:06,780 [27] DEBUG LTCPro.ServiceLayer.Log4net - ---Executed Successfully GetDrFirstOrderCheck() in DrFirstIntegrationController----
2024-08-30 06:47:06,964 [64] DEBUG LTCPro.ServiceLayer.Log4net - ---Executed Successfully GetOrderGridData() in OrdersController----
2024-08-30 06:47:07,084 [64] DEBUG LTCPro.ServiceLayer.Log4net - ---Executing GetUserToken() in UserService----
2024-08-30 06:47:07,341 [64] DEBUG LTCPro.ServiceLayer.Log4net - ---Executing GetAllBarcodes() in StockEkitController----
2024-08-30 06:47:07,341 [64] DEBUG LTCPro.ServiceLayer.Log4net - ---Executing GetAllBarcodes() in StockEkitService----
2024-08-30 06:47:07,452 [27] DEBUG LTCPro.ServiceLayer.Log4net - ---Executing GetUserToken() in UserService----
2024-08-30 06:47:07,487 [66] DEBUG LTCPro.ServiceLayer.Log4net - ---Executing GetUserToken() in UserService----
2024-08-30 06:47:07,578 [60] DEBUG LTCPro.ServiceLayer.Log4net - ---Executed Successfully GetDiagnosisDetails() in OrdersController----
2024-08-30 06:47:07,588 [58] DEBUG LTCPro.ServiceLayer.Log4net - ---Executed Successfully GetWeightList(Patient_Id) in AssessmentController----
2024-08-30 06:47:07,712 [27] DEBUG LTCPro.ServiceLayer.Log4net - ---Executing GetOrdersData() in OrdersController----
2024-08-30 06:47:07,712 [27] DEBUG LTCPro.ServiceLayer.Log4net - ---Executing GetOrdersData() in OrdersService----
2024-08-30 06:47:07,740 [66] DEBUG LTCPro.ServiceLayer.Log4net - ---Executing GetOrderGridData() in OrdersController----
2024-08-30 06:47:07,740 [66] DEBUG LTCPro.ServiceLayer.Log4net - ---Executing GetOrderGridData() in OrdersService----
2024-08-30 06:47:07,973 [27] DEBUG LTCPro.ServiceLayer.Log4net - ---Executed Successfully GetOrdersData() in OrdersController----
2024-08-30 06:47:16,075 [66] DEBUG LTCPro.ServiceLayer.Log4net - ---Executed Successfully GetOrderGridData() in OrdersController----
2024-08-30 06:47:16,075 [68] DEBUG LTCPro.ServiceLayer.Log4net - ---Executed Successfully GetPRNDetailsByfilter() in EMARController----
2024-08-30 06:47:16,344 [64] DEBUG LTCPro.ServiceLayer.Log4net - ---Executed Successfully GetAllBarcodes() in StockEkitController----
2024-08-30 06:47:16,461 [66] DEBUG LTCPro.ServiceLayer.Log4net - ---Executing GetUserToken() in UserService----
2024-08-30 06:47:16,479 [68] DEBUG LTCPro.ServiceLayer.Log4net - ---Executing GetUserToken() in UserService----
2024-08-30 06:47:16,486 [4] DEBUG LTCPro.ServiceLayer.Log4net - ---Executing GetUserToken() in UserService----
2024-08-30 06:47:16,495 [76] DEBUG LTCPro.ServiceLayer.Log4net - ---Executing GetUserToken() in UserService----
2024-08-30 06:47:16,719 [66] DEBUG LTCPro.ServiceLayer.Log4net - ---Executing GetFavouritesMasterData() in OrdersController----
2024-08-30 06:47:16,719 [66] DEBUG LTCPro.ServiceLayer.Log4net - ---Executing GetFavouritesMasterData() in OrdersService----
2024-08-30 06:47:16,733 [68] DEBUG LTCPro.ServiceLayer.Log4net - ---Executing GetPhysicianDropData() in OrdersController----
2024-08-30 06:47:16,733 [68] DEBUG LTCPro.ServiceLayer.Log4net - ---Executing GetPhysicianDropData() in OrdersService----
2024-08-30 06:47:16,739 [4] DEBUG LTCPro.ServiceLayer.Log4net - ---Executing GetNurseNotes() in OrdersController----
2024-08-30 06:47:16,739 [4] DEBUG LTCPro.ServiceLayer.Log4net - ---Executing GetNurseNotes() in OrdersService----
2024-08-30 06:47:16,749 [76] DEBUG LTCPro.ServiceLayer.Log4net - ---Executing GetOrderStockDetails() in OrdersController----
2024-08-30 06:47:16,750 [76] DEBUG LTCPro.ServiceLayer.Log4net - ---Executing GetOrderStockDetails() in OrdersService----
2024-08-30 06:47:16,977 [66] DEBUG LTCPro.ServiceLayer.Log4net - ---Executed Successfully GetFavouritesMasterData() in OrdersController----
2024-08-30 06:47:17,004 [76] DEBUG LTCPro.ServiceLayer.Log4net - ---Executed Successfully GetOrderStockDetails() in OrdersController----
2024-08-30 06:47:17,274 [68] DEBUG LTCPro.ServiceLayer.Log4net - ---Executed Successfully GetPhysicianDropData() in OrdersController----
2024-08-30 06:47:18,076 [4] DEBUG LTCPro.ServiceLayer.Log4net - ---Executed Successfully GetNurseNotes() in OrdersController----
2024-08-30 06:48:46,978 [58] DEBUG LTCPro.ServiceLayer.Log4net - ---Executing GetUserToken() in UserService----
2024-08-30 06:48:46,981 [33] DEBUG LTCPro.ServiceLayer.Log4net - ---Executing GetUserToken() in UserService----
2024-08-30 06:48:47,052 [77] DEBUG LTCPro.ServiceLayer.Log4net - ---Executing GetUserToken() in UserService----
2024-08-30 06:48:47,111 [64] DEBUG LTCPro.ServiceLayer.Log4net - ---Executing GetUserToken() in UserService----
2024-08-30 06:48:47,234 [34] DEBUG LTCPro.ServiceLayer.Log4net - ---Executing GetUserToken() in UserService----
2024-08-30 06:48:47,252 [87] DEBUG LTCPro.ServiceLayer.Log4net - ---Executing GetUserToken() in UserService----
2024-08-30 06:48:47,287 [58] DEBUG LTCPro.ServiceLayer.Log4net - ---Executing GetOutboundErrorDetails() in CommonController----
2024-08-30 06:48:47,288 [58] DEBUG LTCPro.ServiceLayer.Log4net - ---Executing GetOutboundErrorDetails() in CommonService----
2024-08-30 06:48:47,385 [64] DEBUG LTCPro.ServiceLayer.Log4net - ---Executing GetUserPassedDueFlag() in UserController----
2024-08-30 06:48:47,385 [64] DEBUG LTCPro.ServiceLayer.Log4net - ---Executing GetUserPassedDueFlag() in UserService----
2024-08-30 06:48:47,534 [77] ERROR LTCPro.ServiceLayer.Log4net - ===================================
2024-08-30 06:48:47,534 [77] ERROR LTCPro.ServiceLayer.Log4net -  Source : = mscorlib
2024-08-30 06:48:47,534 [77] ERROR LTCPro.ServiceLayer.Log4net -  Stack Trace : =    at System.Runtime.CompilerServices.TaskAwaiter.ThrowForNonSuccess(Task task)
   at System.Runtime.CompilerServices.TaskAwaiter.HandleNonSuccessAndDebuggerNotification(Task task)
   at System.Web.Http.Controllers.ApiControllerActionInvoker.<InvokeActionAsyncCore>d__1.MoveNext()
--- End of stack trace from previous location where exception was thrown ---
   at System.Runtime.CompilerServices.TaskAwaiter.ThrowForNonSuccess(Task task)
   at System.Runtime.CompilerServices.TaskAwaiter.HandleNonSuccessAndDebuggerNotification(Task task)
   at System.Web.Http.Controllers.ActionFilterResult.<ExecuteAsync>d__5.MoveNext()
--- End of stack trace from previous location where exception was thrown ---
   at System.Runtime.CompilerServices.TaskAwaiter.ThrowForNonSuccess(Task task)
   at System.Runtime.CompilerServices.TaskAwaiter.HandleNonSuccessAndDebuggerNotification(Task task)
   at System.Web.Http.Filters.AuthorizationFilterAttribute.<ExecuteAuthorizationFilterAsyncCore>d__3.MoveNext()
--- End of stack trace from previous location where exception was thrown ---
   at System.Runtime.CompilerServices.TaskAwaiter.ThrowForNonSuccess(Task task)
   at System.Runtime.CompilerServices.TaskAwaiter.HandleNonSuccessAndDebuggerNotification(Task task)
   at System.Web.Http.Controllers.ExceptionFilterResult.<ExecuteAsync>d__6.MoveNext()
2024-08-30 06:48:47,534 [77] ERROR LTCPro.ServiceLayer.Log4net -  Exception Message : = A task was canceled.
2024-08-30 06:48:47,534 [77] ERROR LTCPro.ServiceLayer.Log4net - ============= Inner Exception  Stack Trace  ===========
2024-08-30 06:48:47,546 [77] ERROR LTCPro.ServiceLayer.Log4net -  Inner Exception  Stack Trace : =    at System.Runtime.CompilerServices.TaskAwaiter.ThrowForNonSuccess(Task task)
   at System.Runtime.CompilerServices.TaskAwaiter.HandleNonSuccessAndDebuggerNotification(Task task)
   at System.Web.Http.Controllers.ApiControllerActionInvoker.<InvokeActionAsyncCore>d__1.MoveNext()
--- End of stack trace from previous location where exception was thrown ---
   at System.Runtime.CompilerServices.TaskAwaiter.ThrowForNonSuccess(Task task)
   at System.Runtime.CompilerServices.TaskAwaiter.HandleNonSuccessAndDebuggerNotification(Task task)
   at System.Web.Http.Controllers.ActionFilterResult.<ExecuteAsync>d__5.MoveNext()
--- End of stack trace from previous location where exception was thrown ---
   at System.Runtime.CompilerServices.TaskAwaiter.ThrowForNonSuccess(Task task)
   at System.Runtime.CompilerServices.TaskAwaiter.HandleNonSuccessAndDebuggerNotification(Task task)
   at System.Web.Http.Filters.AuthorizationFilterAttribute.<ExecuteAuthorizationFilterAsyncCore>d__3.MoveNext()
--- End of stack trace from previous location where exception was thrown ---
   at System.Runtime.CompilerServices.TaskAwaiter.ThrowForNonSuccess(Task task)
   at System.Runtime.CompilerServices.TaskAwaiter.HandleNonSuccessAndDebuggerNotification(Task task)
   at System.Web.Http.Controllers.ExceptionFilterResult.<ExecuteAsync>d__6.MoveNext()
2024-08-30 06:48:47,546 [77] ERROR LTCPro.ServiceLayer.Log4net - =============  Exception  Stack Trace End  ===========
2024-08-30 06:48:47,779 [64] DEBUG LTCPro.ServiceLayer.Log4net - ---Executed Successfully GetUserPassedDueFlag() in UserController----
2024-08-30 06:48:47,891 [34] ERROR LTCPro.ServiceLayer.Log4net - ===================================
2024-08-30 06:48:47,891 [34] ERROR LTCPro.ServiceLayer.Log4net -  Source : = mscorlib
2024-08-30 06:48:47,891 [34] ERROR LTCPro.ServiceLayer.Log4net -  Stack Trace : =    at System.Runtime.CompilerServices.TaskAwaiter.ThrowForNonSuccess(Task task)
   at System.Runtime.CompilerServices.TaskAwaiter.HandleNonSuccessAndDebuggerNotification(Task task)
   at System.Web.Http.Controllers.ApiControllerActionInvoker.<InvokeActionAsyncCore>d__1.MoveNext()
--- End of stack trace from previous location where exception was thrown ---
   at System.Runtime.CompilerServices.TaskAwaiter.ThrowForNonSuccess(Task task)
   at System.Runtime.CompilerServices.TaskAwaiter.HandleNonSuccessAndDebuggerNotification(Task task)
   at System.Web.Http.Controllers.ActionFilterResult.<ExecuteAsync>d__5.MoveNext()
--- End of stack trace from previous location where exception was thrown ---
   at System.Runtime.CompilerServices.TaskAwaiter.ThrowForNonSuccess(Task task)
   at System.Runtime.CompilerServices.TaskAwaiter.HandleNonSuccessAndDebuggerNotification(Task task)
   at System.Web.Http.Filters.AuthorizationFilterAttribute.<ExecuteAuthorizationFilterAsyncCore>d__3.MoveNext()
--- End of stack trace from previous location where exception was thrown ---
   at System.Runtime.CompilerServices.TaskAwaiter.ThrowForNonSuccess(Task task)
   at System.Runtime.CompilerServices.TaskAwaiter.HandleNonSuccessAndDebuggerNotification(Task task)
   at System.Web.Http.Controllers.ExceptionFilterResult.<ExecuteAsync>d__6.MoveNext()
2024-08-30 06:48:47,891 [34] ERROR LTCPro.ServiceLayer.Log4net -  Exception Message : = A task was canceled.
2024-08-30 06:48:47,891 [34] ERROR LTCPro.ServiceLayer.Log4net - ============= Inner Exception  Stack Trace  ===========
2024-08-30 06:48:47,891 [34] ERROR LTCPro.ServiceLayer.Log4net -  Inner Exception  Stack Trace : =    at System.Runtime.CompilerServices.TaskAwaiter.ThrowForNonSuccess(Task task)
   at System.Runtime.CompilerServices.TaskAwaiter.HandleNonSuccessAndDebuggerNotification(Task task)
   at System.Web.Http.Controllers.ApiControllerActionInvoker.<InvokeActionAsyncCore>d__1.MoveNext()
--- End of stack trace from previous location where exception was thrown ---
   at System.Runtime.CompilerServices.TaskAwaiter.ThrowForNonSuccess(Task task)
   at System.Runtime.CompilerServices.TaskAwaiter.HandleNonSuccessAndDebuggerNotification(Task task)
   at System.Web.Http.Controllers.ActionFilterResult.<ExecuteAsync>d__5.MoveNext()
--- End of stack trace from previous location where exception was thrown ---
   at System.Runtime.CompilerServices.TaskAwaiter.ThrowForNonSuccess(Task task)
   at System.Runtime.CompilerServices.TaskAwaiter.HandleNonSuccessAndDebuggerNotification(Task task)
   at System.Web.Http.Filters.AuthorizationFilterAttribute.<ExecuteAuthorizationFilterAsyncCore>d__3.MoveNext()
--- End of stack trace from previous location where exception was thrown ---
   at System.Runtime.CompilerServices.TaskAwaiter.ThrowForNonSuccess(Task task)
   at System.Runtime.CompilerServices.TaskAwaiter.HandleNonSuccessAndDebuggerNotification(Task task)
   at System.Web.Http.Controllers.ExceptionFilterResult.<ExecuteAsync>d__6.MoveNext()
2024-08-30 06:48:47,891 [34] ERROR LTCPro.ServiceLayer.Log4net - =============  Exception  Stack Trace End  ===========
2024-08-30 06:48:47,952 [87] ERROR LTCPro.ServiceLayer.Log4net - ===================================
2024-08-30 06:48:47,952 [87] ERROR LTCPro.ServiceLayer.Log4net -  Source : = mscorlib
2024-08-30 06:48:47,952 [87] ERROR LTCPro.ServiceLayer.Log4net -  Stack Trace : =    at System.Runtime.CompilerServices.TaskAwaiter.ThrowForNonSuccess(Task task)
   at System.Runtime.CompilerServices.TaskAwaiter.HandleNonSuccessAndDebuggerNotification(Task task)
   at System.Web.Http.Controllers.ApiControllerActionInvoker.<InvokeActionAsyncCore>d__1.MoveNext()
--- End of stack trace from previous location where exception was thrown ---
   at System.Runtime.CompilerServices.TaskAwaiter.ThrowForNonSuccess(Task task)
   at System.Runtime.CompilerServices.TaskAwaiter.HandleNonSuccessAndDebuggerNotification(Task task)
   at System.Web.Http.Controllers.ActionFilterResult.<ExecuteAsync>d__5.MoveNext()
--- End of stack trace from previous location where exception was thrown ---
   at System.Runtime.CompilerServices.TaskAwaiter.ThrowForNonSuccess(Task task)
   at System.Runtime.CompilerServices.TaskAwaiter.HandleNonSuccessAndDebuggerNotification(Task task)
   at System.Web.Http.Filters.AuthorizationFilterAttribute.<ExecuteAuthorizationFilterAsyncCore>d__3.MoveNext()
--- End of stack trace from previous location where exception was thrown ---
   at System.Runtime.CompilerServices.TaskAwaiter.ThrowForNonSuccess(Task task)
   at System.Runtime.CompilerServices.TaskAwaiter.HandleNonSuccessAndDebuggerNotification(Task task)
   at System.Web.Http.Controllers.ExceptionFilterResult.<ExecuteAsync>d__6.MoveNext()
2024-08-30 06:48:47,952 [87] ERROR LTCPro.ServiceLayer.Log4net -  Exception Message : = A task was canceled.
2024-08-30 06:48:47,952 [87] ERROR LTCPro.ServiceLayer.Log4net - ============= Inner Exception  Stack Trace  ===========
2024-08-30 06:48:47,952 [87] ERROR LTCPro.ServiceLayer.Log4net -  Inner Exception  Stack Trace : =    at System.Runtime.CompilerServices.TaskAwaiter.ThrowForNonSuccess(Task task)
   at System.Runtime.CompilerServices.TaskAwaiter.HandleNonSuccessAndDebuggerNotification(Task task)
   at System.Web.Http.Controllers.ApiControllerActionInvoker.<InvokeActionAsyncCore>d__1.MoveNext()
--- End of stack trace from previous location where exception was thrown ---
   at System.Runtime.CompilerServices.TaskAwaiter.ThrowForNonSuccess(Task task)
   at System.Runtime.CompilerServices.TaskAwaiter.HandleNonSuccessAndDebuggerNotification(Task task)
   at System.Web.Http.Controllers.ActionFilterResult.<ExecuteAsync>d__5.MoveNext()
--- End of stack trace from previous location where exception was thrown ---
   at System.Runtime.CompilerServices.TaskAwaiter.ThrowForNonSuccess(Task task)
   at System.Runtime.CompilerServices.TaskAwaiter.HandleNonSuccessAndDebuggerNotification(Task task)
   at System.Web.Http.Filters.AuthorizationFilterAttribute.<ExecuteAuthorizationFilterAsyncCore>d__3.MoveNext()
--- End of stack trace from previous location where exception was thrown ---
   at System.Runtime.CompilerServices.TaskAwaiter.ThrowForNonSuccess(Task task)
   at System.Runtime.CompilerServices.TaskAwaiter.HandleNonSuccessAndDebuggerNotification(Task task)
   at System.Web.Http.Controllers.ExceptionFilterResult.<ExecuteAsync>d__6.MoveNext()
2024-08-30 06:48:47,952 [87] ERROR LTCPro.ServiceLayer.Log4net - =============  Exception  Stack Trace End  ===========
2024-08-30 06:48:48,073 [33] ERROR LTCPro.ServiceLayer.Log4net - ===================================
2024-08-30 06:48:48,073 [33] ERROR LTCPro.ServiceLayer.Log4net -  Source : = mscorlib
2024-08-30 06:48:48,073 [33] ERROR LTCPro.ServiceLayer.Log4net -  Stack Trace : =    at System.Runtime.CompilerServices.TaskAwaiter.ThrowForNonSuccess(Task task)
   at System.Runtime.CompilerServices.TaskAwaiter.HandleNonSuccessAndDebuggerNotification(Task task)
   at System.Web.Http.Controllers.ApiControllerActionInvoker.<InvokeActionAsyncCore>d__1.MoveNext()
--- End of stack trace from previous location where exception was thrown ---
   at System.Runtime.CompilerServices.TaskAwaiter.ThrowForNonSuccess(Task task)
   at System.Runtime.CompilerServices.TaskAwaiter.HandleNonSuccessAndDebuggerNotification(Task task)
   at System.Web.Http.Controllers.ActionFilterResult.<ExecuteAsync>d__5.MoveNext()
--- End of stack trace from previous location where exception was thrown ---
   at System.Runtime.CompilerServices.TaskAwaiter.ThrowForNonSuccess(Task task)
   at System.Runtime.CompilerServices.TaskAwaiter.HandleNonSuccessAndDebuggerNotification(Task task)
   at System.Web.Http.Filters.AuthorizationFilterAttribute.<ExecuteAuthorizationFilterAsyncCore>d__3.MoveNext()
--- End of stack trace from previous location where exception was thrown ---
   at System.Runtime.CompilerServices.TaskAwaiter.ThrowForNonSuccess(Task task)
   at System.Runtime.CompilerServices.TaskAwaiter.HandleNonSuccessAndDebuggerNotification(Task task)
   at System.Web.Http.Controllers.ExceptionFilterResult.<ExecuteAsync>d__6.MoveNext()
2024-08-30 06:48:48,073 [33] ERROR LTCPro.ServiceLayer.Log4net -  Exception Message : = A task was canceled.
2024-08-30 06:48:48,073 [33] ERROR LTCPro.ServiceLayer.Log4net - ============= Inner Exception  Stack Trace  ===========
2024-08-30 06:48:48,073 [33] ERROR LTCPro.ServiceLayer.Log4net -  Inner Exception  Stack Trace : =    at System.Runtime.CompilerServices.TaskAwaiter.ThrowForNonSuccess(Task task)
   at System.Runtime.CompilerServices.TaskAwaiter.HandleNonSuccessAndDebuggerNotification(Task task)
   at System.Web.Http.Controllers.ApiControllerActionInvoker.<InvokeActionAsyncCore>d__1.MoveNext()
--- End of stack trace from previous location where exception was thrown ---
   at System.Runtime.CompilerServices.TaskAwaiter.ThrowForNonSuccess(Task task)
   at System.Runtime.CompilerServices.TaskAwaiter.HandleNonSuccessAndDebuggerNotification(Task task)
   at System.Web.Http.Controllers.ActionFilterResult.<ExecuteAsync>d__5.MoveNext()
--- End of stack trace from previous location where exception was thrown ---
   at System.Runtime.CompilerServices.TaskAwaiter.ThrowForNonSuccess(Task task)
   at System.Runtime.CompilerServices.TaskAwaiter.HandleNonSuccessAndDebuggerNotification(Task task)
   at System.Web.Http.Filters.AuthorizationFilterAttribute.<ExecuteAuthorizationFilterAsyncCore>d__3.MoveNext()
--- End of stack trace from previous location where exception was thrown ---
   at System.Runtime.CompilerServices.TaskAwaiter.ThrowForNonSuccess(Task task)
   at System.Runtime.CompilerServices.TaskAwaiter.HandleNonSuccessAndDebuggerNotification(Task task)
   at System.Web.Http.Controllers.ExceptionFilterResult.<ExecuteAsync>d__6.MoveNext()
2024-08-30 06:48:48,073 [33] ERROR LTCPro.ServiceLayer.Log4net - =============  Exception  Stack Trace End  ===========
2024-08-30 06:48:58,340 [81] DEBUG LTCPro.ServiceLayer.Log4net - ---Executing GetUserToken() in UserService----
2024-08-30 06:48:58,350 [76] DEBUG LTCPro.ServiceLayer.Log4net - ---Executing GetUserToken() in UserService----
2024-08-30 06:48:58,358 [84] DEBUG LTCPro.ServiceLayer.Log4net - ---Executing GetUserToken() in UserService----
2024-08-30 06:48:58,360 [86] DEBUG LTCPro.ServiceLayer.Log4net - ---Executing GetUserToken() in UserService----
2024-08-30 06:48:58,368 [25] DEBUG LTCPro.ServiceLayer.Log4net - ---Executing GetUserToken() in UserService----
2024-08-30 06:48:58,374 [61] DEBUG LTCPro.ServiceLayer.Log4net - ---Executing GetUserToken() in UserService----
2024-08-30 06:48:58,594 [81] DEBUG LTCPro.ServiceLayer.Log4net - ---Executing GetReadMailsCount() in MailboxController----
2024-08-30 06:48:58,594 [81] DEBUG LTCPro.ServiceLayer.Log4net - ---Executing GetReadMailsCount() in MailboxService----
2024-08-30 06:48:58,606 [76] DEBUG LTCPro.ServiceLayer.Log4net - ---Executing GetUserPassedDueFlag() in UserController----
2024-08-30 06:48:58,606 [76] DEBUG LTCPro.ServiceLayer.Log4net - ---Executing GetUserPassedDueFlag() in UserService----
2024-08-30 06:48:58,615 [84] DEBUG LTCPro.ServiceLayer.Log4net - ---Executing GetOutboundErrorDetails() in CommonController----
2024-08-30 06:48:58,615 [84] DEBUG LTCPro.ServiceLayer.Log4net - ---Executing GetOutboundErrorDetails() in CommonService----
2024-08-30 06:48:58,616 [86] DEBUG LTCPro.ServiceLayer.Log4net - ---Executing GetAlertsDetails() in MailboxController----
2024-08-30 06:48:58,616 [86] DEBUG LTCPro.ServiceLayer.Log4net - ---Executing GetAlertsDetails() in MailboxService----
2024-08-30 06:48:58,625 [25] DEBUG LTCPro.ServiceLayer.Log4net - ---Executing GetDueMARAlertData() in EmarController----
2024-08-30 06:48:58,625 [25] DEBUG LTCPro.ServiceLayer.Log4net - ---Executing GetDueMARAlertData() in EmarService----
2024-08-30 06:48:58,850 [81] DEBUG LTCPro.ServiceLayer.Log4net - ---Executed successfully GetReadMailsCount() in MailboxController----
2024-08-30 06:48:58,865 [76] DEBUG LTCPro.ServiceLayer.Log4net - ---Executed Successfully GetUserPassedDueFlag() in UserController----
2024-08-30 06:48:58,887 [76] DEBUG LTCPro.ServiceLayer.Log4net - ---Executing GetUserToken() in UserService----
2024-08-30 06:48:58,887 [12] DEBUG LTCPro.ServiceLayer.Log4net - ---Executing GetUserToken() in UserService----
2024-08-30 06:48:59,140 [12] DEBUG LTCPro.ServiceLayer.Log4net - ---Executing GetUserRecentFacNs() in UserController----
2024-08-30 06:48:59,141 [12] DEBUG LTCPro.ServiceLayer.Log4net - ---Executing GetUserRecentFacNs() in UserService----
2024-08-30 06:48:59,141 [76] DEBUG LTCPro.ServiceLayer.Log4net - ---Executing InsertUserActivityDetails() in CompanyController----
2024-08-30 06:48:59,142 [76] DEBUG LTCPro.ServiceLayer.Log4net - ---Executing InsertUserActivityDetails() in UserActivityService----
2024-08-30 06:48:59,167 [86] DEBUG LTCPro.ServiceLayer.Log4net - ---Executed successfully GetAlertsDetails() in MailboxController----
2024-08-30 06:48:59,425 [81] DEBUG LTCPro.ServiceLayer.Log4net - ---Executing GetUserToken() in UserService----
2024-08-30 06:48:59,648 [12] DEBUG LTCPro.ServiceLayer.Log4net - ---Executed Successfully GetUserRecentFacNs() in UserController----
2024-08-30 06:48:59,667 [65] DEBUG LTCPro.ServiceLayer.Log4net - ---Executing GetUserToken() in UserService----
2024-08-30 06:48:59,678 [81] DEBUG LTCPro.ServiceLayer.Log4net - ---Executing OrderEndingSoonStatus() in OrdersController----
2024-08-30 06:48:59,679 [81] DEBUG LTCPro.ServiceLayer.Log4net - ---Executing OrderEndingSoonStatus() in OrdersService----
2024-08-30 06:48:59,905 [58] DEBUG LTCPro.ServiceLayer.Log4net - ---Executed Successfully GetOutboundErrorDetails() in CommonController----
2024-08-30 06:48:59,905 [76] DEBUG LTCPro.ServiceLayer.Log4net - ---Executed Successfully InsertUserActivityDetails() in CompanyController----
2024-08-30 06:48:59,946 [65] DEBUG LTCPro.ServiceLayer.Log4net - ---Executing GetPendingDosesList() in CommonController----
2024-08-30 06:48:59,946 [65] DEBUG LTCPro.ServiceLayer.Log4net - ---Executing GetPendingDosesList() in CommonService----
2024-08-30 06:48:59,952 [12] DEBUG LTCPro.ServiceLayer.Log4net - ---Executing GetUserToken() in UserService----
2024-08-30 06:49:00,148 [81] DEBUG LTCPro.ServiceLayer.Log4net - ---Executed Successfully OrderEndingSoonStatus() in OrdersController----
2024-08-30 06:49:00,208 [12] DEBUG LTCPro.ServiceLayer.Log4net - ---Executing GetUserAccessFacilityNurseStaions() in FacilityController----
2024-08-30 06:49:00,208 [12] DEBUG LTCPro.ServiceLayer.Log4net - ---Executing GetUserAccessFacilityNurseStaions() in FacilityService----
2024-08-30 06:49:00,718 [12] DEBUG LTCPro.ServiceLayer.Log4net - ---Executed Successfully GetUserAccessFacilityNurseStaions() in FacilityController----
2024-08-30 06:49:00,746 [76] DEBUG LTCPro.ServiceLayer.Log4net - ---Executing GetUserToken() in UserService----
2024-08-30 06:49:00,990 [25] DEBUG LTCPro.ServiceLayer.Log4net - ---Executed Successfully GetDueMARAlertData() in EmarController----
2024-08-30 06:49:01,000 [76] DEBUG LTCPro.ServiceLayer.Log4net - ---Executing UserNurseStationDrop() in FacilityController----
2024-08-30 06:49:01,000 [76] DEBUG LTCPro.ServiceLayer.Log4net - ---Executing UserNurseStationDrop() in FacilityService----
2024-08-30 06:49:01,257 [76] DEBUG LTCPro.ServiceLayer.Log4net - ---Executed Successfully UserNurseStationDrop() in FacilityController----
2024-08-30 06:49:01,443 [76] DEBUG LTCPro.ServiceLayer.Log4net - ---Executing GetUserToken() in UserService----
2024-08-30 06:49:01,645 [81] DEBUG LTCPro.ServiceLayer.Log4net - ---Executing GetUserToken() in UserService----
2024-08-30 06:49:01,655 [66] DEBUG LTCPro.ServiceLayer.Log4net - ---Executing GetUserToken() in UserService----
2024-08-30 06:49:01,697 [76] DEBUG LTCPro.ServiceLayer.Log4net - ---Executing GetCompanyToBedFlagByFacId() in FacilityController----
2024-08-30 06:49:01,697 [76] DEBUG LTCPro.ServiceLayer.Log4net - ---Executing GetCompanyToBedFlagByFacId() in FacilityService----
2024-08-30 06:49:01,901 [81] DEBUG LTCPro.ServiceLayer.Log4net - ---Executing OrderEndingSoonStatus() in OrdersController----
2024-08-30 06:49:01,901 [81] DEBUG LTCPro.ServiceLayer.Log4net - ---Executing OrderEndingSoonStatus() in OrdersService----
2024-08-30 06:49:01,907 [66] DEBUG LTCPro.ServiceLayer.Log4net - ---Executing GetOrdersEndingSoon() in OrdersController----
2024-08-30 06:49:01,907 [66] DEBUG LTCPro.ServiceLayer.Log4net - ---Executing GetOrdersEndingSoon() in OrdersService----
2024-08-30 06:49:02,370 [81] DEBUG LTCPro.ServiceLayer.Log4net - ---Executed Successfully OrderEndingSoonStatus() in OrdersController----
2024-08-30 06:49:02,394 [5] DEBUG LTCPro.ServiceLayer.Log4net - ---Executing GetUserToken() in UserService----
2024-08-30 06:49:02,539 [66] DEBUG LTCPro.ServiceLayer.Log4net - ---Executed Successfully GetOrdersEndingSoon() in OrdersController----
2024-08-30 06:49:02,551 [65] DEBUG LTCPro.ServiceLayer.Log4net - ---Executed Successfully GetPendingDosesList() in CommonController----
2024-08-30 06:49:02,570 [81] DEBUG LTCPro.ServiceLayer.Log4net - ---Executing GetUserToken() in UserService----
2024-08-30 06:49:02,652 [5] DEBUG LTCPro.ServiceLayer.Log4net - ---Executing GetPRNDetailsByfilter() in EMARController----
2024-08-30 06:49:02,652 [5] DEBUG LTCPro.ServiceLayer.Log4net - ---Executing GetPRNDetailsByfilter() in EmarService----
2024-08-30 06:49:02,806 [56] DEBUG LTCPro.ServiceLayer.Log4net - ---Executing GetUserToken() in UserService----
2024-08-30 06:49:02,824 [81] DEBUG LTCPro.ServiceLayer.Log4net - ---Executing GetSeventyTwoHourDetailsByfilter() in EMARController----
2024-08-30 06:49:02,824 [81] DEBUG LTCPro.ServiceLayer.Log4net - ---Executing GetSeventyTwoHourDetailsByfilter() in EmarService----
2024-08-30 06:49:03,059 [56] DEBUG LTCPro.ServiceLayer.Log4net - ---Executing GetOrdersGridData() in OrdersController----
2024-08-30 06:49:03,059 [56] DEBUG LTCPro.ServiceLayer.Log4net - ---Executing GetOrdersGridData() in OrdersService----
2024-08-30 06:49:03,249 [76] DEBUG LTCPro.ServiceLayer.Log4net - ---Executed Successfully GetCompanyToBedFlagByFacId() in FacilityController----
2024-08-30 06:49:03,293 [76] DEBUG LTCPro.ServiceLayer.Log4net - ---Executing GetUserToken() in UserService----
2024-08-30 06:49:03,546 [76] DEBUG LTCPro.ServiceLayer.Log4net - ---Executing GetNurseStationHierarchyDetailsbyNsId() in CompanyController----
2024-08-30 06:49:03,546 [76] DEBUG LTCPro.ServiceLayer.Log4net - ---Executing GetNurseStationHierarchyDetailsbyNsId() in CompanyService----
2024-08-30 06:49:03,800 [76] DEBUG LTCPro.ServiceLayer.Log4net - ---Executed Successfully GetNurseStationHierarchyDetailsbyNsId() in CompanyController----
2024-08-30 06:49:05,505 [56] DEBUG LTCPro.ServiceLayer.Log4net - ---Executed Successfully GetOrdersGridData() in OrdersController----
2024-08-30 06:49:05,841 [76] DEBUG LTCPro.ServiceLayer.Log4net - ---Executing GetUserToken() in UserService----
2024-08-30 06:49:06,095 [76] DEBUG LTCPro.ServiceLayer.Log4net - ---Executing GetPendingOrdersGridData() in OrdersController----
2024-08-30 06:49:06,095 [76] DEBUG LTCPro.ServiceLayer.Log4net - ---Executing GetPendingOrdersGridData() in OrdersService----
2024-08-30 06:49:07,278 [58] DEBUG LTCPro.ServiceLayer.Log4net - ---Executing GetUserToken() in UserService----
2024-08-30 06:49:07,532 [58] DEBUG LTCPro.ServiceLayer.Log4net - ---Executing GetOrdersGridDataByPatientId() in OrdersController----
2024-08-30 06:49:07,532 [58] DEBUG LTCPro.ServiceLayer.Log4net - ---Executing GetOrdersGridDataByPatientId() in OrdersService----
2024-08-30 06:49:07,976 [58] DEBUG LTCPro.ServiceLayer.Log4net - ---Executed Successfully GetOrdersGridDataByPatientId() in OrdersController----
2024-08-30 06:49:08,247 [76] DEBUG LTCPro.ServiceLayer.Log4net - ---Executed Successfully GetPendingOrdersGridData() in OrdersController----
2024-08-30 06:49:09,483 [84] DEBUG LTCPro.ServiceLayer.Log4net - ---Executed Successfully GetOutboundErrorDetails() in CommonController----
2024-08-30 06:49:11,023 [61] DEBUG LTCPro.ServiceLayer.Log4net - ---Executing GetUserRecentFacNs() in UserController----
2024-08-30 06:49:11,023 [61] DEBUG LTCPro.ServiceLayer.Log4net - ---Executing GetUserRecentFacNs() in UserService----
2024-08-30 06:49:11,033 [76] DEBUG LTCPro.ServiceLayer.Log4net - ---Executing GetUserToken() in UserService----
2024-08-30 06:49:11,300 [76] DEBUG LTCPro.ServiceLayer.Log4net - ---Executing GetFacilityNSResidentsDataByPId() in ResidentDemographicController----
2024-08-30 06:49:11,300 [76] DEBUG LTCPro.ServiceLayer.Log4net - ---Executing GetFacilityNSResidentsDataByPId() in ResidentDemographicService----
2024-08-30 06:49:11,305 [66] DEBUG LTCPro.ServiceLayer.Log4net - ---Executing GetUserToken() in UserService----
2024-08-30 06:49:11,559 [61] DEBUG LTCPro.ServiceLayer.Log4net - ---Executed Successfully GetUserRecentFacNs() in UserController----
2024-08-30 06:49:11,562 [66] DEBUG LTCPro.ServiceLayer.Log4net - ---Executing GetNurseNotes() in OrdersController----
2024-08-30 06:49:11,562 [66] DEBUG LTCPro.ServiceLayer.Log4net - ---Executing GetNurseNotes() in OrdersService----
2024-08-30 06:49:12,075 [58] DEBUG LTCPro.ServiceLayer.Log4net - ---Executing GetUserToken() in UserService----
2024-08-30 06:49:12,339 [58] DEBUG LTCPro.ServiceLayer.Log4net - ---Executing GetUserAccessFacilityNurseStaions() in FacilityController----
2024-08-30 06:49:12,339 [58] DEBUG LTCPro.ServiceLayer.Log4net - ---Executing GetUserAccessFacilityNurseStaions() in FacilityService----
2024-08-30 06:49:12,870 [58] DEBUG LTCPro.ServiceLayer.Log4net - ---Executed Successfully GetUserAccessFacilityNurseStaions() in FacilityController----
2024-08-30 06:49:13,109 [66] DEBUG LTCPro.ServiceLayer.Log4net - ---Executed Successfully GetNurseNotes() in OrdersController----
2024-08-30 06:49:13,120 [76] DEBUG LTCPro.ServiceLayer.Log4net - ---Executed Successfully GetFacilityNSResidentsDataByPId() in ResidentDemographicController----
2024-08-30 06:49:13,357 [66] DEBUG LTCPro.ServiceLayer.Log4net - ---Executing GetUserToken() in UserService----
2024-08-30 06:49:13,385 [56] DEBUG LTCPro.ServiceLayer.Log4net - ---Executing GetUserToken() in UserService----
2024-08-30 06:49:13,435 [86] DEBUG LTCPro.ServiceLayer.Log4net - ---Executing GetUserToken() in UserService----
2024-08-30 06:49:13,639 [66] DEBUG LTCPro.ServiceLayer.Log4net - ---Executing GetAllBarcodes() in StockEkitController----
2024-08-30 06:49:13,639 [66] DEBUG LTCPro.ServiceLayer.Log4net - ---Executing GetAllBarcodes() in StockEkitService----
2024-08-30 06:49:13,642 [56] DEBUG LTCPro.ServiceLayer.Log4net - ---Executing GetDrFirstFlagForCompanyByNSId() in CompanyController----
2024-08-30 06:49:13,642 [56] DEBUG LTCPro.ServiceLayer.Log4net - ---Executing GetDrFirstFlagForCompanyByNSId() in CompanyService----
2024-08-30 06:49:13,688 [86] DEBUG LTCPro.ServiceLayer.Log4net - ---Executing GetResidentInformation() in ResidentDemographicController----
2024-08-30 06:49:13,688 [86] DEBUG LTCPro.ServiceLayer.Log4net - ---Executing GetResidentInformation() in ResidentDemographicService----
2024-08-30 06:49:13,691 [76] DEBUG LTCPro.ServiceLayer.Log4net - ---Executing GetUserToken() in UserService----
2024-08-30 06:49:13,915 [56] DEBUG LTCPro.ServiceLayer.Log4net - ---Executed Successfully GetDrFirstFlagForCompanyByNSId() in CompanyController----
2024-08-30 06:49:14,081 [76] DEBUG LTCPro.ServiceLayer.Log4net - ---Executing GetPhysicianDropData() in OrdersController----
2024-08-30 06:49:14,081 [76] DEBUG LTCPro.ServiceLayer.Log4net - ---Executing GetPhysicianDropData() in OrdersService----
2024-08-30 06:49:14,283 [61] DEBUG LTCPro.ServiceLayer.Log4net - ---Executing GetUserToken() in UserService----
2024-08-30 06:49:14,538 [61] DEBUG LTCPro.ServiceLayer.Log4net - ---Executing GetOrderRoutes() in OrdersController----
2024-08-30 06:49:14,538 [61] DEBUG LTCPro.ServiceLayer.Log4net - ---Executing GetOrderRoutes() in OrdersService----
2024-08-30 06:49:14,606 [76] DEBUG LTCPro.ServiceLayer.Log4net - ---Executed Successfully GetPhysicianDropData() in OrdersController----
2024-08-30 06:49:14,631 [76] DEBUG LTCPro.ServiceLayer.Log4net - ---Executing GetUserToken() in UserService----
2024-08-30 06:49:14,738 [66] DEBUG LTCPro.ServiceLayer.Log4net - ---Executed Successfully GetAllBarcodes() in StockEkitController----
2024-08-30 06:49:14,792 [61] DEBUG LTCPro.ServiceLayer.Log4net - ---Executed Successfully GetOrderRoutes() in OrdersController----
2024-08-30 06:49:14,888 [76] DEBUG LTCPro.ServiceLayer.Log4net - ---Executing GetTimeZoneDate() in CommonController----
2024-08-30 06:49:14,888 [76] DEBUG LTCPro.ServiceLayer.Log4net - ---Executing GetTimeZoneDate() in CommonService----
2024-08-30 06:49:15,141 [76] DEBUG LTCPro.ServiceLayer.Log4net - ---Executed Successfully GetTimeZoneDate() in CommonController----
2024-08-30 06:49:17,280 [81] DEBUG LTCPro.ServiceLayer.Log4net - ---Executed Successfully GetSeventyTwoHourDetailsByfilter() in EMARController----
2024-08-30 06:49:17,568 [5] DEBUG LTCPro.ServiceLayer.Log4net - ---Executed Successfully GetPRNDetailsByfilter() in EMARController----
2024-08-30 06:49:17,960 [86] DEBUG LTCPro.ServiceLayer.Log4net - ---Executed Successfully GetResidentInformation() in ResidentDemographicController----
2024-08-30 06:49:18,029 [86] DEBUG LTCPro.ServiceLayer.Log4net - ---Executing GetUserToken() in UserService----
2024-08-30 06:49:18,063 [61] DEBUG LTCPro.ServiceLayer.Log4net - ---Executing GetUserToken() in UserService----
2024-08-30 06:49:18,157 [56] DEBUG LTCPro.ServiceLayer.Log4net - ---Executing GetUserToken() in UserService----
2024-08-30 06:49:18,290 [86] DEBUG LTCPro.ServiceLayer.Log4net - ---Executing GetDrFirstOrderCheck() in DrFirstIntegrationController----
2024-08-30 06:49:18,290 [86] DEBUG LTCPro.ServiceLayer.Log4net - ---Executing GetDrFirstOrderCheck() in DrFirstIntegrationService----
2024-08-30 06:49:18,318 [61] DEBUG LTCPro.ServiceLayer.Log4net - ---Executing GetWeightList(Patient_Id) in AssessmentController----
2024-08-30 06:49:18,318 [61] DEBUG LTCPro.ServiceLayer.Log4net - ---Executing GetWeightList() in AssessmentService----
2024-08-30 06:49:18,356 [58] DEBUG LTCPro.ServiceLayer.Log4net - ---Executing GetUserToken() in UserService----
2024-08-30 06:49:18,377 [12] DEBUG LTCPro.ServiceLayer.Log4net - ---Executing GetUserToken() in UserService----
2024-08-30 06:49:18,435 [56] DEBUG LTCPro.ServiceLayer.Log4net - ---Executing GetPatientType() in ResidentDemographicController----
2024-08-30 06:49:18,435 [56] DEBUG LTCPro.ServiceLayer.Log4net - ---Executing GetPatientType() in EmarService----
2024-08-30 06:49:18,544 [86] DEBUG LTCPro.ServiceLayer.Log4net - ---Executed Successfully GetDrFirstOrderCheck() in DrFirstIntegrationController----
2024-08-30 06:49:18,613 [58] DEBUG LTCPro.ServiceLayer.Log4net - ---Executing GetOrderGridData() in OrdersController----
2024-08-30 06:49:18,613 [58] DEBUG LTCPro.ServiceLayer.Log4net - ---Executing GetOrderGridData() in OrdersService----
2024-08-30 06:49:18,634 [12] DEBUG LTCPro.ServiceLayer.Log4net - ---Executing GetDiagnosisDetails() in OrdersController----
2024-08-30 06:49:18,634 [12] DEBUG LTCPro.ServiceLayer.Log4net - ---Executing GetDiagnosisDetails() in OrdersService----
2024-08-30 06:49:18,690 [56] DEBUG LTCPro.ServiceLayer.Log4net - ---Executed Successfully GetPatientType() in ResidentDemographicController----
2024-08-30 06:49:18,962 [58] DEBUG LTCPro.ServiceLayer.Log4net - ---Executed Successfully GetOrderGridData() in OrdersController----
2024-08-30 06:49:19,031 [76] DEBUG LTCPro.ServiceLayer.Log4net - ---Executing GetUserToken() in UserService----
2024-08-30 06:49:19,516 [76] DEBUG LTCPro.ServiceLayer.Log4net - ---Executing GetAllBarcodes() in StockEkitController----
2024-08-30 06:49:19,516 [76] DEBUG LTCPro.ServiceLayer.Log4net - ---Executing GetAllBarcodes() in StockEkitService----
2024-08-30 06:49:19,521 [61] DEBUG LTCPro.ServiceLayer.Log4net - ---Executed Successfully GetWeightList(Patient_Id) in AssessmentController----
2024-08-30 06:49:19,612 [25] DEBUG LTCPro.ServiceLayer.Log4net - ---Executing GetUserToken() in UserService----
2024-08-30 06:49:19,644 [65] DEBUG LTCPro.ServiceLayer.Log4net - ---Executing GetUserToken() in UserService----
2024-08-30 06:49:19,838 [12] DEBUG LTCPro.ServiceLayer.Log4net - ---Executed Successfully GetDiagnosisDetails() in OrdersController----
2024-08-30 06:49:19,920 [65] DEBUG LTCPro.ServiceLayer.Log4net - ---Executing GetOrdersData() in OrdersController----
2024-08-30 06:49:19,920 [65] DEBUG LTCPro.ServiceLayer.Log4net - ---Executing GetOrdersData() in OrdersService----
2024-08-30 06:49:20,165 [25] DEBUG LTCPro.ServiceLayer.Log4net - ---Executing GetOrderGridData() in OrdersController----
2024-08-30 06:49:20,165 [25] DEBUG LTCPro.ServiceLayer.Log4net - ---Executing GetOrderGridData() in OrdersService----
2024-08-30 06:49:20,182 [65] DEBUG LTCPro.ServiceLayer.Log4net - ---Executed Successfully GetOrdersData() in OrdersController----
2024-08-30 06:49:20,590 [81] DEBUG LTCPro.ServiceLayer.Log4net - ---Executing GetUserToken() in UserService----
2024-08-30 06:49:20,606 [25] DEBUG LTCPro.ServiceLayer.Log4net - ---Executed Successfully GetOrderGridData() in OrdersController----
2024-08-30 06:49:20,612 [77] DEBUG LTCPro.ServiceLayer.Log4net - ---Executing GetUserToken() in UserService----
2024-08-30 06:49:20,615 [86] DEBUG LTCPro.ServiceLayer.Log4net - ---Executing GetUserToken() in UserService----
2024-08-30 06:49:20,665 [66] DEBUG LTCPro.ServiceLayer.Log4net - ---Executing GetUserToken() in UserService----
2024-08-30 06:49:20,845 [81] DEBUG LTCPro.ServiceLayer.Log4net - ---Executing GetFavouritesMasterData() in OrdersController----
2024-08-30 06:49:20,845 [81] DEBUG LTCPro.ServiceLayer.Log4net - ---Executing GetFavouritesMasterData() in OrdersService----
2024-08-30 06:49:20,868 [77] DEBUG LTCPro.ServiceLayer.Log4net - ---Executing GetNurseNotes() in OrdersController----
2024-08-30 06:49:20,868 [77] DEBUG LTCPro.ServiceLayer.Log4net - ---Executing GetNurseNotes() in OrdersService----
2024-08-30 06:49:20,869 [86] DEBUG LTCPro.ServiceLayer.Log4net - ---Executing GetOrderStockDetails() in OrdersController----
2024-08-30 06:49:20,869 [86] DEBUG LTCPro.ServiceLayer.Log4net - ---Executing GetOrderStockDetails() in OrdersService----
2024-08-30 06:49:20,921 [66] DEBUG LTCPro.ServiceLayer.Log4net - ---Executing GetPhysicianDropData() in OrdersController----
2024-08-30 06:49:20,921 [66] DEBUG LTCPro.ServiceLayer.Log4net - ---Executing GetPhysicianDropData() in OrdersService----
2024-08-30 06:49:21,105 [81] DEBUG LTCPro.ServiceLayer.Log4net - ---Executed Successfully GetFavouritesMasterData() in OrdersController----
2024-08-30 06:49:21,124 [86] DEBUG LTCPro.ServiceLayer.Log4net - ---Executed Successfully GetOrderStockDetails() in OrdersController----
2024-08-30 06:49:21,452 [66] DEBUG LTCPro.ServiceLayer.Log4net - ---Executed Successfully GetPhysicianDropData() in OrdersController----
2024-08-30 06:49:22,206 [77] DEBUG LTCPro.ServiceLayer.Log4net - ---Executed Successfully GetNurseNotes() in OrdersController----
2024-08-30 06:49:22,428 [76] DEBUG LTCPro.ServiceLayer.Log4net - ---Executed Successfully GetAllBarcodes() in StockEkitController----
2024-08-30 07:06:58,503 [63] DEBUG LTCPro.ServiceLayer.Log4net - ---Executing GetUserToken() in UserService----
2024-08-30 07:06:59,824 [63] DEBUG LTCPro.ServiceLayer.Log4net - ---Executing GetOrdersData() in OrdersController----
2024-08-30 07:06:59,824 [63] DEBUG LTCPro.ServiceLayer.Log4net - ---Executing GetOrdersData() in OrdersService----
2024-08-30 07:07:00,891 [63] DEBUG LTCPro.ServiceLayer.Log4net - ---Executed Successfully GetOrdersData() in OrdersController----
2024-08-30 07:07:01,261 [68] DEBUG LTCPro.ServiceLayer.Log4net - ---Executing GetUserToken() in UserService----
2024-08-30 07:07:01,277 [57] DEBUG LTCPro.ServiceLayer.Log4net - ---Executing GetUserToken() in UserService----
2024-08-30 07:07:01,295 [63] DEBUG LTCPro.ServiceLayer.Log4net - ---Executing GetUserToken() in UserService----
2024-08-30 07:07:01,311 [71] DEBUG LTCPro.ServiceLayer.Log4net - ---Executing GetUserToken() in UserService----
2024-08-30 07:07:01,478 [68] DEBUG LTCPro.ServiceLayer.Log4net - ---Executing GetNurseNotes() in OrdersController----
2024-08-30 07:07:01,478 [68] DEBUG LTCPro.ServiceLayer.Log4net - ---Executing GetNurseNotes() in OrdersService----
2024-08-30 07:07:01,687 [63] DEBUG LTCPro.ServiceLayer.Log4net - ---Executing GetFavouritesMasterData() in OrdersController----
2024-08-30 07:07:01,687 [63] DEBUG LTCPro.ServiceLayer.Log4net - ---Executing GetFavouritesMasterData() in OrdersService----
2024-08-30 07:07:02,107 [63] DEBUG LTCPro.ServiceLayer.Log4net - ---Executed Successfully GetFavouritesMasterData() in OrdersController----
2024-08-30 07:07:02,361 [57] DEBUG LTCPro.ServiceLayer.Log4net - ---Executing GetOrderStockDetails() in OrdersController----
2024-08-30 07:07:02,361 [57] DEBUG LTCPro.ServiceLayer.Log4net - ---Executing GetOrderStockDetails() in OrdersService----
2024-08-30 07:07:02,592 [57] DEBUG LTCPro.ServiceLayer.Log4net - ---Executed Successfully GetOrderStockDetails() in OrdersController----
2024-08-30 07:07:02,956 [63] DEBUG LTCPro.ServiceLayer.Log4net - ---Executing GetUserToken() in UserService----
2024-08-30 07:07:03,012 [68] DEBUG LTCPro.ServiceLayer.Log4net - ---Executed Successfully GetNurseNotes() in OrdersController----
2024-08-30 07:07:03,166 [63] DEBUG LTCPro.ServiceLayer.Log4net - ---Executing GetOrdersData() in OrdersController----
2024-08-30 07:07:03,166 [63] DEBUG LTCPro.ServiceLayer.Log4net - ---Executing GetOrdersData() in OrdersService----
2024-08-30 07:07:03,379 [63] DEBUG LTCPro.ServiceLayer.Log4net - ---Executed Successfully GetOrdersData() in OrdersController----
2024-08-30 07:07:03,449 [71] DEBUG LTCPro.ServiceLayer.Log4net - ---Executing GetPhysicianDropData() in OrdersController----
2024-08-30 07:07:03,449 [71] DEBUG LTCPro.ServiceLayer.Log4net - ---Executing GetPhysicianDropData() in OrdersService----
2024-08-30 07:07:04,122 [71] DEBUG LTCPro.ServiceLayer.Log4net - ---Executed Successfully GetPhysicianDropData() in OrdersController----
2024-08-30 07:07:04,220 [19] DEBUG LTCPro.ServiceLayer.Log4net - ---Executing GetUserToken() in UserService----
2024-08-30 07:07:04,264 [68] DEBUG LTCPro.ServiceLayer.Log4net - ---Executing GetUserToken() in UserService----
2024-08-30 07:07:04,293 [72] DEBUG LTCPro.ServiceLayer.Log4net - ---Executing GetUserToken() in UserService----
2024-08-30 07:07:04,354 [27] DEBUG LTCPro.ServiceLayer.Log4net - ---Executing GetUserToken() in UserService----
2024-08-30 07:07:04,453 [19] DEBUG LTCPro.ServiceLayer.Log4net - ---Executing GetOrderStockDetails() in OrdersController----
2024-08-30 07:07:04,453 [19] DEBUG LTCPro.ServiceLayer.Log4net - ---Executing GetOrderStockDetails() in OrdersService----
2024-08-30 07:07:04,478 [68] DEBUG LTCPro.ServiceLayer.Log4net - ---Executing GetPhysicianDropData() in OrdersController----
2024-08-30 07:07:04,478 [68] DEBUG LTCPro.ServiceLayer.Log4net - ---Executing GetPhysicianDropData() in OrdersService----
2024-08-30 07:07:04,502 [72] DEBUG LTCPro.ServiceLayer.Log4net - ---Executing GetFavouritesMasterData() in OrdersController----
2024-08-30 07:07:04,503 [72] DEBUG LTCPro.ServiceLayer.Log4net - ---Executing GetFavouritesMasterData() in OrdersService----
2024-08-30 07:07:04,662 [19] DEBUG LTCPro.ServiceLayer.Log4net - ---Executed Successfully GetOrderStockDetails() in OrdersController----
2024-08-30 07:07:04,714 [72] DEBUG LTCPro.ServiceLayer.Log4net - ---Executed Successfully GetFavouritesMasterData() in OrdersController----
2024-08-30 07:07:04,943 [68] DEBUG LTCPro.ServiceLayer.Log4net - ---Executed Successfully GetPhysicianDropData() in OrdersController----
2024-08-30 07:07:05,711 [27] DEBUG LTCPro.ServiceLayer.Log4net - ---Executing GetNurseNotes() in OrdersController----
2024-08-30 07:07:05,711 [27] DEBUG LTCPro.ServiceLayer.Log4net - ---Executing GetNurseNotes() in OrdersService----
2024-08-30 07:07:06,825 [27] DEBUG LTCPro.ServiceLayer.Log4net - ---Executed Successfully GetNurseNotes() in OrdersController----
2024-08-30 07:07:07,143 [57] DEBUG LTCPro.ServiceLayer.Log4net - ---Executing GetUserToken() in UserService----
2024-08-30 07:07:07,352 [57] DEBUG LTCPro.ServiceLayer.Log4net - ---Executing GetOrdersData() in OrdersController----
2024-08-30 07:07:07,352 [57] DEBUG LTCPro.ServiceLayer.Log4net - ---Executing GetOrdersData() in OrdersService----
2024-08-30 07:07:07,567 [57] DEBUG LTCPro.ServiceLayer.Log4net - ---Executed Successfully GetOrdersData() in OrdersController----
2024-08-30 07:07:08,264 [57] DEBUG LTCPro.ServiceLayer.Log4net - ---Executing GetUserToken() in UserService----
2024-08-30 07:07:08,297 [71] DEBUG LTCPro.ServiceLayer.Log4net - ---Executing GetUserToken() in UserService----
2024-08-30 07:07:08,377 [73] DEBUG LTCPro.ServiceLayer.Log4net - ---Executing GetUserToken() in UserService----
2024-08-30 07:07:08,384 [68] DEBUG LTCPro.ServiceLayer.Log4net - ---Executing GetUserToken() in UserService----
2024-08-30 07:07:08,482 [57] DEBUG LTCPro.ServiceLayer.Log4net - ---Executing GetPhysicianDropData() in OrdersController----
2024-08-30 07:07:08,482 [57] DEBUG LTCPro.ServiceLayer.Log4net - ---Executing GetPhysicianDropData() in OrdersService----
2024-08-30 07:07:08,506 [71] DEBUG LTCPro.ServiceLayer.Log4net - ---Executing GetFavouritesMasterData() in OrdersController----
2024-08-30 07:07:08,507 [71] DEBUG LTCPro.ServiceLayer.Log4net - ---Executing GetFavouritesMasterData() in OrdersService----
2024-08-30 07:07:08,588 [73] DEBUG LTCPro.ServiceLayer.Log4net - ---Executing GetNurseNotes() in OrdersController----
2024-08-30 07:07:08,588 [73] DEBUG LTCPro.ServiceLayer.Log4net - ---Executing GetNurseNotes() in OrdersService----
2024-08-30 07:07:08,593 [68] DEBUG LTCPro.ServiceLayer.Log4net - ---Executing GetOrderStockDetails() in OrdersController----
2024-08-30 07:07:08,593 [68] DEBUG LTCPro.ServiceLayer.Log4net - ---Executing GetOrderStockDetails() in OrdersService----
2024-08-30 07:07:08,724 [71] DEBUG LTCPro.ServiceLayer.Log4net - ---Executed Successfully GetFavouritesMasterData() in OrdersController----
2024-08-30 07:07:08,802 [68] DEBUG LTCPro.ServiceLayer.Log4net - ---Executed Successfully GetOrderStockDetails() in OrdersController----
2024-08-30 07:07:08,921 [57] DEBUG LTCPro.ServiceLayer.Log4net - ---Executed Successfully GetPhysicianDropData() in OrdersController----
2024-08-30 07:07:09,705 [73] DEBUG LTCPro.ServiceLayer.Log4net - ---Executed Successfully GetNurseNotes() in OrdersController----
