2025-12-11 13:18:07,623 [10] DEBUG LTCPro.ServiceLayer.Log4net - ---Executing UsersConfigNurseStationDrop() in FacilityController----
2025-12-11 13:18:07,638 [10] DEBUG LTCPro.ServiceLayer.Log4net - ---Executing UsersConfigNurseStationDrop() in FacilityService----
2025-12-11 13:18:30,145 [10] ERROR LTCPro.ServiceLayer.Log4net - ===================================
2025-12-11 13:18:30,223 [10] ERROR LTCPro.ServiceLayer.Log4net -  Source : = System.Web.Http
2025-12-11 13:18:30,248 [10] ERROR LTCPro.ServiceLayer.Log4net -  Stack Trace : =    at System.Web.Http.Controllers.ApiControllerActionInvoker.<InvokeActionAsyncCore>d__1.MoveNext()
--- End of stack trace from previous location where exception was thrown ---
   at System.Runtime.CompilerServices.TaskAwaiter.ThrowForNonSuccess(Task task)
   at System.Runtime.CompilerServices.TaskAwaiter.HandleNonSuccessAndDebuggerNotification(Task task)
   at System.Web.Http.Controllers.ActionFilterResult.<ExecuteAsync>d__5.MoveNext()
--- End of stack trace from previous location where exception was thrown ---
   at System.Runtime.CompilerServices.TaskAwaiter.ThrowForNonSuccess(Task task)
   at System.Runtime.CompilerServices.TaskAwaiter.HandleNonSuccessAndDebuggerNotification(Task task)
   at System.Web.Http.Controllers.ExceptionFilterResult.<ExecuteAsync>d__6.MoveNext()
2025-12-11 13:18:30,249 [10] ERROR LTCPro.ServiceLayer.Log4net -  Exception Message : = A null value was returned where an instance of IHttpActionResult was expected.
2025-12-11 13:18:30,249 [10] ERROR LTCPro.ServiceLayer.Log4net - ============= Inner Exception  Stack Trace  ===========
2025-12-11 13:18:30,249 [10] ERROR LTCPro.ServiceLayer.Log4net -  Inner Exception  Stack Trace : =    at System.Web.Http.Controllers.ApiControllerActionInvoker.<InvokeActionAsyncCore>d__1.MoveNext()
--- End of stack trace from previous location where exception was thrown ---
   at System.Runtime.CompilerServices.TaskAwaiter.ThrowForNonSuccess(Task task)
   at System.Runtime.CompilerServices.TaskAwaiter.HandleNonSuccessAndDebuggerNotification(Task task)
   at System.Web.Http.Controllers.ActionFilterResult.<ExecuteAsync>d__5.MoveNext()
--- End of stack trace from previous location where exception was thrown ---
   at System.Runtime.CompilerServices.TaskAwaiter.ThrowForNonSuccess(Task task)
   at System.Runtime.CompilerServices.TaskAwaiter.HandleNonSuccessAndDebuggerNotification(Task task)
   at System.Web.Http.Controllers.ExceptionFilterResult.<ExecuteAsync>d__6.MoveNext()
2025-12-11 13:18:30,249 [10] ERROR LTCPro.ServiceLayer.Log4net - =============  Exception  Stack Trace End  ===========
2025-12-11 13:18:36,254 [5] DEBUG LTCPro.ServiceLayer.Log4net - ---Executing UsersConfigNurseStationDrop() in FacilityController----
2025-12-11 13:18:36,254 [5] DEBUG LTCPro.ServiceLayer.Log4net - ---Executing UsersConfigNurseStationDrop() in FacilityService----
2025-12-11 13:18:57,713 [5] ERROR LTCPro.ServiceLayer.Log4net - ===================================
2025-12-11 13:18:57,714 [5] ERROR LTCPro.ServiceLayer.Log4net -  Source : = System.Web.Http
2025-12-11 13:18:57,714 [5] ERROR LTCPro.ServiceLayer.Log4net -  Stack Trace : =    at System.Web.Http.Controllers.ApiControllerActionInvoker.<InvokeActionAsyncCore>d__1.MoveNext()
--- End of stack trace from previous location where exception was thrown ---
   at System.Runtime.CompilerServices.TaskAwaiter.ThrowForNonSuccess(Task task)
   at System.Runtime.CompilerServices.TaskAwaiter.HandleNonSuccessAndDebuggerNotification(Task task)
   at System.Web.Http.Controllers.ActionFilterResult.<ExecuteAsync>d__5.MoveNext()
--- End of stack trace from previous location where exception was thrown ---
   at System.Runtime.CompilerServices.TaskAwaiter.ThrowForNonSuccess(Task task)
   at System.Runtime.CompilerServices.TaskAwaiter.HandleNonSuccessAndDebuggerNotification(Task task)
   at System.Web.Http.Controllers.ExceptionFilterResult.<ExecuteAsync>d__6.MoveNext()
2025-12-11 13:18:57,714 [5] ERROR LTCPro.ServiceLayer.Log4net -  Exception Message : = A null value was returned where an instance of IHttpActionResult was expected.
2025-12-11 13:18:57,714 [5] ERROR LTCPro.ServiceLayer.Log4net - ============= Inner Exception  Stack Trace  ===========
2025-12-11 13:18:57,714 [5] ERROR LTCPro.ServiceLayer.Log4net -  Inner Exception  Stack Trace : =    at System.Web.Http.Controllers.ApiControllerActionInvoker.<InvokeActionAsyncCore>d__1.MoveNext()
--- End of stack trace from previous location where exception was thrown ---
   at System.Runtime.CompilerServices.TaskAwaiter.ThrowForNonSuccess(Task task)
   at System.Runtime.CompilerServices.TaskAwaiter.HandleNonSuccessAndDebuggerNotification(Task task)
   at System.Web.Http.Controllers.ActionFilterResult.<ExecuteAsync>d__5.MoveNext()
--- End of stack trace from previous location where exception was thrown ---
   at System.Runtime.CompilerServices.TaskAwaiter.ThrowForNonSuccess(Task task)
   at System.Runtime.CompilerServices.TaskAwaiter.HandleNonSuccessAndDebuggerNotification(Task task)
   at System.Web.Http.Controllers.ExceptionFilterResult.<ExecuteAsync>d__6.MoveNext()
2025-12-11 13:18:57,714 [5] ERROR LTCPro.ServiceLayer.Log4net - =============  Exception  Stack Trace End  ===========
2025-12-11 13:19:28,882 [7] DEBUG LTCPro.ServiceLayer.Log4net - ---Executing UsersConfigNurseStationDrop() in FacilityController----
2025-12-11 13:19:28,882 [7] DEBUG LTCPro.ServiceLayer.Log4net - ---Executing UsersConfigNurseStationDrop() in FacilityService----
2025-12-11 13:19:50,338 [7] ERROR LTCPro.ServiceLayer.Log4net - ===================================
2025-12-11 13:19:50,338 [7] ERROR LTCPro.ServiceLayer.Log4net -  Source : = System.Web.Http
2025-12-11 13:19:50,339 [7] ERROR LTCPro.ServiceLayer.Log4net -  Stack Trace : =    at System.Web.Http.Controllers.ApiControllerActionInvoker.<InvokeActionAsyncCore>d__1.MoveNext()
--- End of stack trace from previous location where exception was thrown ---
   at System.Runtime.CompilerServices.TaskAwaiter.ThrowForNonSuccess(Task task)
   at System.Runtime.CompilerServices.TaskAwaiter.HandleNonSuccessAndDebuggerNotification(Task task)
   at System.Web.Http.Controllers.ActionFilterResult.<ExecuteAsync>d__5.MoveNext()
--- End of stack trace from previous location where exception was thrown ---
   at System.Runtime.CompilerServices.TaskAwaiter.ThrowForNonSuccess(Task task)
   at System.Runtime.CompilerServices.TaskAwaiter.HandleNonSuccessAndDebuggerNotification(Task task)
   at System.Web.Http.Controllers.ExceptionFilterResult.<ExecuteAsync>d__6.MoveNext()
2025-12-11 13:19:50,339 [7] ERROR LTCPro.ServiceLayer.Log4net -  Exception Message : = A null value was returned where an instance of IHttpActionResult was expected.
2025-12-11 13:19:50,339 [7] ERROR LTCPro.ServiceLayer.Log4net - ============= Inner Exception  Stack Trace  ===========
2025-12-11 13:19:50,339 [7] ERROR LTCPro.ServiceLayer.Log4net -  Inner Exception  Stack Trace : =    at System.Web.Http.Controllers.ApiControllerActionInvoker.<InvokeActionAsyncCore>d__1.MoveNext()
--- End of stack trace from previous location where exception was thrown ---
   at System.Runtime.CompilerServices.TaskAwaiter.ThrowForNonSuccess(Task task)
   at System.Runtime.CompilerServices.TaskAwaiter.HandleNonSuccessAndDebuggerNotification(Task task)
   at System.Web.Http.Controllers.ActionFilterResult.<ExecuteAsync>d__5.MoveNext()
--- End of stack trace from previous location where exception was thrown ---
   at System.Runtime.CompilerServices.TaskAwaiter.ThrowForNonSuccess(Task task)
   at System.Runtime.CompilerServices.TaskAwaiter.HandleNonSuccessAndDebuggerNotification(Task task)
   at System.Web.Http.Controllers.ExceptionFilterResult.<ExecuteAsync>d__6.MoveNext()
2025-12-11 13:19:50,339 [7] ERROR LTCPro.ServiceLayer.Log4net - =============  Exception  Stack Trace End  ===========
2025-12-11 13:31:03,608 [7] DEBUG LTCPro.ServiceLayer.Log4net - ---Executing UsersConfigNurseStationDrop() in FacilityController----
2025-12-11 13:31:03,720 [7] DEBUG LTCPro.ServiceLayer.Log4net - ---Executing UsersConfigNurseStationDrop() in FacilityService----
2025-12-11 13:31:07,313 [7] DEBUG LTCPro.ServiceLayer.Log4net - ---Executed Successfully UsersConfigNurseStationDrop() in FacilityController----
2025-12-11 13:31:15,931 [5] DEBUG LTCPro.ServiceLayer.Log4net - ---Executing UsersConfigNurseStationDrop() in FacilityController----
2025-12-11 13:31:15,931 [5] DEBUG LTCPro.ServiceLayer.Log4net - ---Executing UsersConfigNurseStationDrop() in FacilityService----
2025-12-11 13:31:16,058 [5] DEBUG LTCPro.ServiceLayer.Log4net - ---Executed Successfully UsersConfigNurseStationDrop() in FacilityController----
2025-12-11 13:31:20,369 [6] DEBUG LTCPro.ServiceLayer.Log4net - ---Executing UsersConfigNurseStationDrop() in FacilityController----
2025-12-11 13:31:20,369 [6] DEBUG LTCPro.ServiceLayer.Log4net - ---Executing UsersConfigNurseStationDrop() in FacilityService----
2025-12-11 13:31:20,571 [6] DEBUG LTCPro.ServiceLayer.Log4net - ---Executed Successfully UsersConfigNurseStationDrop() in FacilityController----
2025-12-11 13:31:20,791 [6] DEBUG LTCPro.ServiceLayer.Log4net - ---Executing GetProcessKeyMasterList() in FacilityController----
2025-12-11 13:31:20,791 [6] DEBUG LTCPro.ServiceLayer.Log4net - ---Executing GetProcessKeyMasterList() in FacilityService----
2025-12-11 13:31:20,863 [6] DEBUG LTCPro.ServiceLayer.Log4net - ---Executed Successfully GetProcessKeyMasterList() in FacilityController----
2025-12-11 13:31:22,436 [7] DEBUG LTCPro.ServiceLayer.Log4net - ---Executing CheckUser() in UserService----
2025-12-11 13:31:23,594 [7] DEBUG LTCPro.ServiceLayer.Log4net - ---Executing FindUser() in UserService----
2025-12-11 13:31:23,905 [7] DEBUG LTCPro.ServiceLayer.Log4net - ---Executing InsertUserSession() in UserService----
2025-12-11 13:31:24,135 [7] DEBUG LTCPro.ServiceLayer.Log4net - ---Executing InsertUserToken() in UserService----
2025-12-11 13:31:24,312 [6] DEBUG LTCPro.ServiceLayer.Log4net - ---Executing GetScreenPermissionsForLoggedInUser() in RoleController----
2025-12-11 13:31:24,318 [8] DEBUG LTCPro.ServiceLayer.Log4net - ---Executing InsertUpdateUserRecentFacNs() in UserController----
2025-12-11 13:31:24,332 [8] DEBUG LTCPro.ServiceLayer.Log4net - ---Executing GetUserRecentFacNs() in UserService----
2025-12-11 13:31:24,349 [6] DEBUG LTCPro.ServiceLayer.Log4net - ---Executing GetScreenPermissionsForLoggedInUser() in RoleService----
2025-12-11 13:31:24,399 [6] DEBUG LTCPro.ServiceLayer.Log4net - ---Executed Successfully GetScreenPermissionsForLoggedInUser() in RoleController----
2025-12-11 13:31:24,526 [7] DEBUG LTCPro.ServiceLayer.Log4net - ---Executing GetUserToken() in UserService----
2025-12-11 13:31:24,526 [6] DEBUG LTCPro.ServiceLayer.Log4net - ---Executing GetUserToken() in UserService----
2025-12-11 13:31:24,530 [6] DEBUG LTCPro.ServiceLayer.Log4net - ---Executing GetReadMailsCount() in MailboxController----
2025-12-11 13:31:24,533 [6] DEBUG LTCPro.ServiceLayer.Log4net - ---Executing GetReadMailsCount() in MailboxService----
2025-12-11 13:31:24,534 [7] DEBUG LTCPro.ServiceLayer.Log4net - ---Executing GetAlertsDetails() in MailboxController----
2025-12-11 13:31:24,536 [7] DEBUG LTCPro.ServiceLayer.Log4net - ---Executing GetAlertsDetails() in MailboxService----
2025-12-11 13:31:24,695 [8] DEBUG LTCPro.ServiceLayer.Log4net - ---Executing InsertUpdateUserRecentFacNs() in CommonService----
2025-12-11 13:31:24,706 [7] DEBUG LTCPro.ServiceLayer.Log4net - ---Executed successfully GetAlertsDetails() in MailboxController----
2025-12-11 13:31:24,708 [6] DEBUG LTCPro.ServiceLayer.Log4net - ---Executed successfully GetReadMailsCount() in MailboxController----
2025-12-11 13:31:24,720 [8] DEBUG LTCPro.ServiceLayer.Log4net - ---Executed Successfully InsertUpdateUserRecentFacNs() in UserController----
2025-12-11 13:31:25,147 [8] DEBUG LTCPro.ServiceLayer.Log4net - ---Executing GetUserToken() in UserService----
2025-12-11 13:31:25,148 [7] DEBUG LTCPro.ServiceLayer.Log4net - ---Executing GetUserToken() in UserService----
2025-12-11 13:31:25,191 [6] DEBUG LTCPro.ServiceLayer.Log4net - ---Executing GetUserToken() in UserService----
2025-12-11 13:31:25,251 [7] DEBUG LTCPro.ServiceLayer.Log4net - ---Executing GetUserPassedDueFlag() in UserController----
2025-12-11 13:31:25,251 [6] DEBUG LTCPro.ServiceLayer.Log4net - ---Executing GetDueMARAlertData() in EmarController----
2025-12-11 13:31:25,252 [7] DEBUG LTCPro.ServiceLayer.Log4net - ---Executing GetUserPassedDueFlag() in UserService----
2025-12-11 13:31:25,303 [8] DEBUG LTCPro.ServiceLayer.Log4net - ---Executing InsertUserActivityDetails() in CompanyController----
2025-12-11 13:31:25,304 [8] DEBUG LTCPro.ServiceLayer.Log4net - ---Executing InsertUserActivityDetails() in UserActivityService----
2025-12-11 13:31:25,315 [8] DEBUG LTCPro.ServiceLayer.Log4net - ---Executed Successfully InsertUserActivityDetails() in CompanyController----
2025-12-11 13:31:25,331 [7] DEBUG LTCPro.ServiceLayer.Log4net - ---Executed Successfully GetUserPassedDueFlag() in UserController----
2025-12-11 13:31:25,338 [6] DEBUG LTCPro.ServiceLayer.Log4net - ---Executing GetDueMARAlertData() in EmarService----
2025-12-11 13:31:25,470 [5] DEBUG LTCPro.ServiceLayer.Log4net - ---Executing GetUserToken() in UserService----
2025-12-11 13:31:25,472 [11] DEBUG LTCPro.ServiceLayer.Log4net - ---Executing GetUserToken() in UserService----
2025-12-11 13:31:25,477 [11] DEBUG LTCPro.ServiceLayer.Log4net - ---Executing GetUserRecentFacNs() in UserController----
2025-12-11 13:31:25,477 [11] DEBUG LTCPro.ServiceLayer.Log4net - ---Executing GetUserRecentFacNs() in UserService----
2025-12-11 13:31:25,478 [5] DEBUG LTCPro.ServiceLayer.Log4net - ---Executing GetPendingDosesList() in CommonController----
2025-12-11 13:31:25,479 [5] DEBUG LTCPro.ServiceLayer.Log4net - ---Executing GetPendingDosesList() in CommonService----
2025-12-11 13:31:25,482 [7] DEBUG LTCPro.ServiceLayer.Log4net - ---Executing GetUserToken() in UserService----
2025-12-11 13:31:25,488 [7] DEBUG LTCPro.ServiceLayer.Log4net - ---Executing GetOutboundErrorDetails() in CommonController----
2025-12-11 13:31:25,489 [7] DEBUG LTCPro.ServiceLayer.Log4net - ---Executing GetOutboundErrorDetails() in CommonService----
2025-12-11 13:31:25,493 [11] DEBUG LTCPro.ServiceLayer.Log4net - ---Executed Successfully GetUserRecentFacNs() in UserController----
2025-12-11 13:31:25,512 [8] DEBUG LTCPro.ServiceLayer.Log4net - ---Executing GetUserToken() in UserService----
2025-12-11 13:31:25,523 [11] DEBUG LTCPro.ServiceLayer.Log4net - ---Executing GetUserToken() in UserService----
2025-12-11 13:31:25,536 [8] DEBUG LTCPro.ServiceLayer.Log4net - ---Executing GetUserActiveCompanyMasterList() in CompanyController----
2025-12-11 13:31:25,536 [11] DEBUG LTCPro.ServiceLayer.Log4net - ---Executing GetUserAccessFacilityNurseStaions() in FacilityController----
2025-12-11 13:31:25,537 [8] DEBUG LTCPro.ServiceLayer.Log4net - ---Executing GetActiveCompanyMasterList() in CompanyService----
2025-12-11 13:31:25,537 [11] DEBUG LTCPro.ServiceLayer.Log4net - ---Executing GetUserAccessFacilityNurseStaions() in FacilityService----
2025-12-11 13:31:25,682 [11] DEBUG LTCPro.ServiceLayer.Log4net - ---Executed Successfully GetUserAccessFacilityNurseStaions() in FacilityController----
2025-12-11 13:31:25,687 [7] DEBUG LTCPro.ServiceLayer.Log4net - ---Executed Successfully GetOutboundErrorDetails() in CommonController----
2025-12-11 13:31:25,699 [5] DEBUG LTCPro.ServiceLayer.Log4net - ---Executed Successfully GetPendingDosesList() in CommonController----
2025-12-11 13:31:25,748 [8] DEBUG LTCPro.ServiceLayer.Log4net - ---Executed Successfully GetUserActiveCompanyMasterList() in CompanyController----
2025-12-11 13:31:25,981 [6] DEBUG LTCPro.ServiceLayer.Log4net - ---Executed Successfully GetDueMARAlertData() in EmarController----
2025-12-11 13:31:28,349 [11] DEBUG LTCPro.ServiceLayer.Log4net - ---Executing GetUserToken() in UserService----
2025-12-11 13:31:28,367 [11] DEBUG LTCPro.ServiceLayer.Log4net - ---Executing InsertUserActivityDetails() in CompanyController----
2025-12-11 13:31:28,367 [11] DEBUG LTCPro.ServiceLayer.Log4net - ---Executing InsertUserActivityDetails() in UserActivityService----
2025-12-11 13:31:28,373 [11] DEBUG LTCPro.ServiceLayer.Log4net - ---Executed Successfully InsertUserActivityDetails() in CompanyController----
2025-12-11 13:31:28,375 [6] DEBUG LTCPro.ServiceLayer.Log4net - ---Executing GetUserToken() in UserService----
2025-12-11 13:31:28,379 [6] DEBUG LTCPro.ServiceLayer.Log4net - ---Executing GetUserRecentFacNs() in UserController----
2025-12-11 13:31:28,379 [6] DEBUG LTCPro.ServiceLayer.Log4net - ---Executing GetUserRecentFacNs() in UserService----
2025-12-11 13:31:28,386 [6] DEBUG LTCPro.ServiceLayer.Log4net - ---Executed Successfully GetUserRecentFacNs() in UserController----
2025-12-11 13:31:28,401 [6] DEBUG LTCPro.ServiceLayer.Log4net - ---Executing GetUserToken() in UserService----
2025-12-11 13:31:28,439 [6] DEBUG LTCPro.ServiceLayer.Log4net - ---Executing GetUserAccessFacilityNurseStaions() in FacilityController----
2025-12-11 13:31:28,439 [6] DEBUG LTCPro.ServiceLayer.Log4net - ---Executing GetUserAccessFacilityNurseStaions() in FacilityService----
2025-12-11 13:31:28,471 [6] DEBUG LTCPro.ServiceLayer.Log4net - ---Executed Successfully GetUserAccessFacilityNurseStaions() in FacilityController----
2025-12-11 13:31:28,552 [6] DEBUG LTCPro.ServiceLayer.Log4net - ---Executing GetUserToken() in UserService----
2025-12-11 13:31:28,557 [6] DEBUG LTCPro.ServiceLayer.Log4net - ---Executing UserNurseStationDrop() in FacilityController----
2025-12-11 13:31:28,558 [6] DEBUG LTCPro.ServiceLayer.Log4net - ---Executing UserNurseStationDrop() in FacilityService----
2025-12-11 13:31:28,608 [6] DEBUG LTCPro.ServiceLayer.Log4net - ---Executed Successfully UserNurseStationDrop() in FacilityController----
2025-12-11 13:31:28,951 [11] DEBUG LTCPro.ServiceLayer.Log4net - ---Executing GetUserToken() in UserService----
2025-12-11 13:31:28,980 [11] DEBUG LTCPro.ServiceLayer.Log4net - ---Executing OrderEndingSoonStatus() in OrdersController----
2025-12-11 13:31:28,995 [11] DEBUG LTCPro.ServiceLayer.Log4net - ---Executing OrderEndingSoonStatus() in OrdersService----
2025-12-11 13:31:29,023 [7] DEBUG LTCPro.ServiceLayer.Log4net - ---Executing GetUserToken() in UserService----
2025-12-11 13:31:29,035 [7] DEBUG LTCPro.ServiceLayer.Log4net - ---Executing OrderEndingSoonStatus() in OrdersController----
2025-12-11 13:31:29,035 [7] DEBUG LTCPro.ServiceLayer.Log4net - ---Executing OrderEndingSoonStatus() in OrdersService----
2025-12-11 13:31:29,040 [6] DEBUG LTCPro.ServiceLayer.Log4net - ---Executing GetUserToken() in UserService----
2025-12-11 13:31:29,049 [11] DEBUG LTCPro.ServiceLayer.Log4net - ---Executed Successfully OrderEndingSoonStatus() in OrdersController----
2025-12-11 13:31:29,064 [7] DEBUG LTCPro.ServiceLayer.Log4net - ---Executed Successfully OrderEndingSoonStatus() in OrdersController----
2025-12-11 13:31:29,081 [11] DEBUG LTCPro.ServiceLayer.Log4net - ---Executing GetUserToken() in UserService----
2025-12-11 13:31:29,116 [6] DEBUG LTCPro.ServiceLayer.Log4net - ---Executing GetOrdersGridData() in OrdersController----
2025-12-11 13:31:29,116 [6] DEBUG LTCPro.ServiceLayer.Log4net - ---Executing GetOrdersGridData() in OrdersService----
2025-12-11 13:31:29,122 [11] DEBUG LTCPro.ServiceLayer.Log4net - ---Executing GetCompanyToBedFlagByFacId() in FacilityController----
2025-12-11 13:31:29,124 [11] DEBUG LTCPro.ServiceLayer.Log4net - ---Executing GetCompanyToBedFlagByFacId() in FacilityService----
2025-12-11 13:31:29,125 [7] DEBUG LTCPro.ServiceLayer.Log4net - ---Executing GetUserToken() in UserService----
2025-12-11 13:31:29,134 [7] DEBUG LTCPro.ServiceLayer.Log4net - ---Executing GetSeventyTwoHourDetailsByfilter() in EMARController----
2025-12-11 13:31:29,146 [8] DEBUG LTCPro.ServiceLayer.Log4net - ---Executing GetUserToken() in UserService----
2025-12-11 13:31:29,209 [8] DEBUG LTCPro.ServiceLayer.Log4net - ---Executing GetOrdersEndingSoon() in OrdersController----
2025-12-11 13:31:29,210 [8] DEBUG LTCPro.ServiceLayer.Log4net - ---Executing GetOrdersEndingSoon() in OrdersService----
2025-12-11 13:31:29,211 [7] DEBUG LTCPro.ServiceLayer.Log4net - ---Executing GetSeventyTwoHourDetailsByfilter() in EmarService----
2025-12-11 13:31:29,361 [8] DEBUG LTCPro.ServiceLayer.Log4net - ---Executed Successfully GetOrdersEndingSoon() in OrdersController----
2025-12-11 13:31:29,504 [8] DEBUG LTCPro.ServiceLayer.Log4net - ---Executing GetUserToken() in UserService----
2025-12-11 13:31:29,505 [11] DEBUG LTCPro.ServiceLayer.Log4net - ---Executed Successfully GetCompanyToBedFlagByFacId() in FacilityController----
2025-12-11 13:31:29,513 [8] DEBUG LTCPro.ServiceLayer.Log4net - ---Executing GetPRNDetailsByfilter() in EMARController----
2025-12-11 13:31:29,514 [8] DEBUG LTCPro.ServiceLayer.Log4net - ---Executing GetPRNDetailsByfilter() in EmarService----
2025-12-11 13:31:29,602 [5] DEBUG LTCPro.ServiceLayer.Log4net - ---Executing GetUserToken() in UserService----
2025-12-11 13:31:29,607 [5] DEBUG LTCPro.ServiceLayer.Log4net - ---Executing GetNurseStationHierarchyDetailsbyNsId() in CompanyController----
2025-12-11 13:31:29,608 [5] DEBUG LTCPro.ServiceLayer.Log4net - ---Executing GetNurseStationHierarchyDetailsbyNsId() in CompanyService----
2025-12-11 13:31:29,666 [5] DEBUG LTCPro.ServiceLayer.Log4net - ---Executed Successfully GetNurseStationHierarchyDetailsbyNsId() in CompanyController----
2025-12-11 13:31:29,948 [7] DEBUG LTCPro.ServiceLayer.Log4net - ---Executed Successfully GetSeventyTwoHourDetailsByfilter() in EMARController----
2025-12-11 13:31:29,998 [8] DEBUG LTCPro.ServiceLayer.Log4net - ---Executed Successfully GetPRNDetailsByfilter() in EMARController----
2025-12-11 13:31:31,307 [6] DEBUG LTCPro.ServiceLayer.Log4net - ---Executed Successfully GetOrdersGridData() in OrdersController----
2025-12-11 13:31:31,604 [5] DEBUG LTCPro.ServiceLayer.Log4net - ---Executing GetUserToken() in UserService----
2025-12-11 13:31:31,612 [5] DEBUG LTCPro.ServiceLayer.Log4net - ---Executing GetPendingOrdersGridData() in OrdersController----
2025-12-11 13:31:31,649 [5] DEBUG LTCPro.ServiceLayer.Log4net - ---Executing GetPendingOrdersGridData() in OrdersService----
2025-12-11 13:31:32,264 [7] DEBUG LTCPro.ServiceLayer.Log4net - ---Executing GetUserToken() in UserService----
2025-12-11 13:31:32,268 [7] DEBUG LTCPro.ServiceLayer.Log4net - ---Executing InsertUserActivityDetails() in CompanyController----
2025-12-11 13:31:32,268 [7] DEBUG LTCPro.ServiceLayer.Log4net - ---Executing InsertUserActivityDetails() in UserActivityService----
2025-12-11 13:31:32,274 [7] DEBUG LTCPro.ServiceLayer.Log4net - ---Executed Successfully InsertUserActivityDetails() in CompanyController----
2025-12-11 13:31:32,276 [8] DEBUG LTCPro.ServiceLayer.Log4net - ---Executing GetUserToken() in UserService----
2025-12-11 13:31:32,280 [8] DEBUG LTCPro.ServiceLayer.Log4net - ---Executing GetUserRecentFacNs() in UserController----
2025-12-11 13:31:32,280 [8] DEBUG LTCPro.ServiceLayer.Log4net - ---Executing GetUserRecentFacNs() in UserService----
2025-12-11 13:31:32,284 [8] DEBUG LTCPro.ServiceLayer.Log4net - ---Executed Successfully GetUserRecentFacNs() in UserController----
2025-12-11 13:31:32,304 [6] DEBUG LTCPro.ServiceLayer.Log4net - ---Executing GetUserToken() in UserService----
2025-12-11 13:31:32,307 [6] DEBUG LTCPro.ServiceLayer.Log4net - ---Executing GetUserAccessFacilityNurseStaions() in FacilityController----
2025-12-11 13:31:32,307 [6] DEBUG LTCPro.ServiceLayer.Log4net - ---Executing GetUserAccessFacilityNurseStaions() in FacilityService----
2025-12-11 13:31:32,314 [6] DEBUG LTCPro.ServiceLayer.Log4net - ---Executed Successfully GetUserAccessFacilityNurseStaions() in FacilityController----
2025-12-11 13:31:32,330 [13] DEBUG LTCPro.ServiceLayer.Log4net - ---Executing GetUserToken() in UserService----
2025-12-11 13:31:32,333 [13] DEBUG LTCPro.ServiceLayer.Log4net - ---Executing UserNurseStationDrop() in FacilityController----
2025-12-11 13:31:32,333 [13] DEBUG LTCPro.ServiceLayer.Log4net - ---Executing UserNurseStationDrop() in FacilityService----
2025-12-11 13:31:32,338 [13] DEBUG LTCPro.ServiceLayer.Log4net - ---Executed Successfully UserNurseStationDrop() in FacilityController----
2025-12-11 13:31:32,357 [13] DEBUG LTCPro.ServiceLayer.Log4net - ---Executing GetUserToken() in UserService----
2025-12-11 13:31:32,365 [13] DEBUG LTCPro.ServiceLayer.Log4net - ---Executing GetCompanyToBedFlagByFacId() in FacilityController----
2025-12-11 13:31:32,366 [13] DEBUG LTCPro.ServiceLayer.Log4net - ---Executing GetCompanyToBedFlagByFacId() in FacilityService----
2025-12-11 13:31:32,395 [13] DEBUG LTCPro.ServiceLayer.Log4net - ---Executed Successfully GetCompanyToBedFlagByFacId() in FacilityController----
2025-12-11 13:31:32,431 [14] DEBUG LTCPro.ServiceLayer.Log4net - ---Executing GetUserToken() in UserService----
2025-12-11 13:31:32,434 [14] DEBUG LTCPro.ServiceLayer.Log4net - ---Executing GetNurseStationHierarchyDetailsbyNsId() in CompanyController----
2025-12-11 13:31:32,434 [14] DEBUG LTCPro.ServiceLayer.Log4net - ---Executing GetNurseStationHierarchyDetailsbyNsId() in CompanyService----
2025-12-11 13:31:32,438 [14] DEBUG LTCPro.ServiceLayer.Log4net - ---Executed Successfully GetNurseStationHierarchyDetailsbyNsId() in CompanyController----
2025-12-11 13:31:32,755 [7] DEBUG LTCPro.ServiceLayer.Log4net - ---Executing GetUserToken() in UserService----
2025-12-11 13:31:32,758 [7] DEBUG LTCPro.ServiceLayer.Log4net - ---Executing GetOrdersGridData() in OrdersController----
2025-12-11 13:31:32,759 [7] DEBUG LTCPro.ServiceLayer.Log4net - ---Executing GetOrdersGridData() in OrdersService----
2025-12-11 13:31:33,634 [5] DEBUG LTCPro.ServiceLayer.Log4net - ---Executed Successfully GetPendingOrdersGridData() in OrdersController----
2025-12-11 13:31:34,842 [7] DEBUG LTCPro.ServiceLayer.Log4net - ---Executed Successfully GetOrdersGridData() in OrdersController----
2025-12-11 13:31:38,281 [7] DEBUG LTCPro.ServiceLayer.Log4net - ---Executing GetUserToken() in UserService----
2025-12-11 13:31:38,286 [7] DEBUG LTCPro.ServiceLayer.Log4net - ---Executing GetOrdersGridDataByPatientId() in OrdersController----
2025-12-11 13:31:38,287 [7] DEBUG LTCPro.ServiceLayer.Log4net - ---Executing GetOrdersGridDataByPatientId() in OrdersService----
2025-12-11 13:31:40,394 [7] DEBUG LTCPro.ServiceLayer.Log4net - ---Executed Successfully GetOrdersGridDataByPatientId() in OrdersController----
2025-12-11 13:31:48,253 [6] DEBUG LTCPro.ServiceLayer.Log4net - ---Executing GetUserToken() in UserService----
2025-12-11 13:31:48,257 [6] DEBUG LTCPro.ServiceLayer.Log4net - ---Executing GetOrdersGridDataByPatientId() in OrdersController----
2025-12-11 13:31:48,258 [6] DEBUG LTCPro.ServiceLayer.Log4net - ---Executing GetOrdersGridDataByPatientId() in OrdersService----
2025-12-11 13:31:50,222 [6] DEBUG LTCPro.ServiceLayer.Log4net - ---Executed Successfully GetOrdersGridDataByPatientId() in OrdersController----
2025-12-11 13:31:54,341 [5] DEBUG LTCPro.ServiceLayer.Log4net - ---Executing GetUserToken() in UserService----
2025-12-11 13:31:54,346 [5] DEBUG LTCPro.ServiceLayer.Log4net - ---Executing GetOrdersGridDataByPatientId() in OrdersController----
2025-12-11 13:31:54,346 [5] DEBUG LTCPro.ServiceLayer.Log4net - ---Executing GetOrdersGridDataByPatientId() in OrdersService----
2025-12-11 13:31:56,269 [5] DEBUG LTCPro.ServiceLayer.Log4net - ---Executed Successfully GetOrdersGridDataByPatientId() in OrdersController----
2025-12-11 13:31:59,071 [13] DEBUG LTCPro.ServiceLayer.Log4net - ---Executing GetUserToken() in UserService----
2025-12-11 13:31:59,075 [13] DEBUG LTCPro.ServiceLayer.Log4net - ---Executing GetOrdersGridDataByPatientId() in OrdersController----
2025-12-11 13:31:59,075 [13] DEBUG LTCPro.ServiceLayer.Log4net - ---Executing GetOrdersGridDataByPatientId() in OrdersService----
2025-12-11 13:32:01,409 [13] ERROR LTCPro.ServiceLayer.Log4net - ===================================
2025-12-11 13:32:01,840 [13] ERROR LTCPro.ServiceLayer.Log4net -  Source : = mscorlib
2025-12-11 13:32:01,849 [13] ERROR LTCPro.ServiceLayer.Log4net -  Stack Trace : =    at System.Threading.Tasks.Task.ThrowIfExceptional(Boolean includeTaskCanceledExceptions)
   at System.Threading.Tasks.Task`1.GetResultCore(Boolean waitCompletionNotification)
   at System.Threading.Tasks.Task`1.get_Result()
   at LTCPro.WebApi.Controllers.OrdersController.GetOrdersGridDataByPatientId(OrdersCustomFilterEntity orderFilter) in E:\EmarLiveWithDTMS\Emar Service Latest 1\WebApi\Controllers\OrdersController.cs:line 1028
   at lambda_method(Closure , Object , Object[] )
   at System.Web.Http.Controllers.ReflectedHttpActionDescriptor.ActionExecutor.<>c__DisplayClass6_1.<GetExecutor>b__3(Object instance, Object[] methodParameters)
   at System.Web.Http.Controllers.ReflectedHttpActionDescriptor.ActionExecutor.Execute(Object instance, Object[] arguments)
   at System.Web.Http.Controllers.ReflectedHttpActionDescriptor.ExecuteAsync(HttpControllerContext controllerContext, IDictionary`2 arguments, CancellationToken cancellationToken)
--- End of stack trace from previous location where exception was thrown ---
   at System.Runtime.CompilerServices.TaskAwaiter.ThrowForNonSuccess(Task task)
   at System.Runtime.CompilerServices.TaskAwaiter.HandleNonSuccessAndDebuggerNotification(Task task)
   at System.Web.Http.Controllers.ApiControllerActionInvoker.<InvokeActionAsyncCore>d__1.MoveNext()
--- End of stack trace from previous location where exception was thrown ---
   at System.Runtime.CompilerServices.TaskAwaiter.ThrowForNonSuccess(Task task)
   at System.Runtime.CompilerServices.TaskAwaiter.HandleNonSuccessAndDebuggerNotification(Task task)
   at System.Web.Http.Controllers.ActionFilterResult.<ExecuteAsync>d__5.MoveNext()
--- End of stack trace from previous location where exception was thrown ---
   at System.Runtime.CompilerServices.TaskAwaiter.ThrowForNonSuccess(Task task)
   at System.Runtime.CompilerServices.TaskAwaiter.HandleNonSuccessAndDebuggerNotification(Task task)
   at System.Web.Http.Filters.AuthorizationFilterAttribute.<ExecuteAuthorizationFilterAsyncCore>d__3.MoveNext()
--- End of stack trace from previous location where exception was thrown ---
   at System.Runtime.CompilerServices.TaskAwaiter.ThrowForNonSuccess(Task task)
   at System.Runtime.CompilerServices.TaskAwaiter.HandleNonSuccessAndDebuggerNotification(Task task)
   at System.Web.Http.Controllers.ExceptionFilterResult.<ExecuteAsync>d__6.MoveNext()
2025-12-11 13:32:01,849 [13] ERROR LTCPro.ServiceLayer.Log4net -  Exception Message : = One or more errors occurred.
2025-12-11 13:32:01,849 [13] ERROR LTCPro.ServiceLayer.Log4net - ============= Inner Exception  Stack Trace  ===========
2025-12-11 13:32:01,849 [13] ERROR LTCPro.ServiceLayer.Log4net -  Inner Exception  Stack Trace : =    at System.Threading.Tasks.Task.ThrowIfExceptional(Boolean includeTaskCanceledExceptions)
   at System.Threading.Tasks.Task`1.GetResultCore(Boolean waitCompletionNotification)
   at System.Threading.Tasks.Task`1.get_Result()
   at LTCPro.WebApi.Controllers.OrdersController.GetOrdersGridDataByPatientId(OrdersCustomFilterEntity orderFilter) in E:\EmarLiveWithDTMS\Emar Service Latest 1\WebApi\Controllers\OrdersController.cs:line 1028
   at lambda_method(Closure , Object , Object[] )
   at System.Web.Http.Controllers.ReflectedHttpActionDescriptor.ActionExecutor.<>c__DisplayClass6_1.<GetExecutor>b__3(Object instance, Object[] methodParameters)
   at System.Web.Http.Controllers.ReflectedHttpActionDescriptor.ActionExecutor.Execute(Object instance, Object[] arguments)
   at System.Web.Http.Controllers.ReflectedHttpActionDescriptor.ExecuteAsync(HttpControllerContext controllerContext, IDictionary`2 arguments, CancellationToken cancellationToken)
--- End of stack trace from previous location where exception was thrown ---
   at System.Runtime.CompilerServices.TaskAwaiter.ThrowForNonSuccess(Task task)
   at System.Runtime.CompilerServices.TaskAwaiter.HandleNonSuccessAndDebuggerNotification(Task task)
   at System.Web.Http.Controllers.ApiControllerActionInvoker.<InvokeActionAsyncCore>d__1.MoveNext()
--- End of stack trace from previous location where exception was thrown ---
   at System.Runtime.CompilerServices.TaskAwaiter.ThrowForNonSuccess(Task task)
   at System.Runtime.CompilerServices.TaskAwaiter.HandleNonSuccessAndDebuggerNotification(Task task)
   at System.Web.Http.Controllers.ActionFilterResult.<ExecuteAsync>d__5.MoveNext()
--- End of stack trace from previous location where exception was thrown ---
   at System.Runtime.CompilerServices.TaskAwaiter.ThrowForNonSuccess(Task task)
   at System.Runtime.CompilerServices.TaskAwaiter.HandleNonSuccessAndDebuggerNotification(Task task)
   at System.Web.Http.Filters.AuthorizationFilterAttribute.<ExecuteAuthorizationFilterAsyncCore>d__3.MoveNext()
--- End of stack trace from previous location where exception was thrown ---
   at System.Runtime.CompilerServices.TaskAwaiter.ThrowForNonSuccess(Task task)
   at System.Runtime.CompilerServices.TaskAwaiter.HandleNonSuccessAndDebuggerNotification(Task task)
   at System.Web.Http.Controllers.ExceptionFilterResult.<ExecuteAsync>d__6.MoveNext()
2025-12-11 13:32:01,849 [13] ERROR LTCPro.ServiceLayer.Log4net - =============  Exception  Stack Trace End  ===========
2025-12-11 13:32:01,849 [13] ERROR LTCPro.ServiceLayer.Log4net - ============= Inner Exception  Message  ===========
2025-12-11 13:32:01,849 [13] ERROR LTCPro.ServiceLayer.Log4net -  Inner Exception Message : = Object cannot be cast from DBNull to other types.
2025-12-11 13:32:01,849 [13] ERROR LTCPro.ServiceLayer.Log4net - ============= Inner Exception  Message End  ===========
2025-12-11 13:32:03,843 [6] DEBUG LTCPro.ServiceLayer.Log4net - ---Executing UsersConfigNurseStationDrop() in FacilityController----
2025-12-11 13:32:03,844 [6] DEBUG LTCPro.ServiceLayer.Log4net - ---Executing UsersConfigNurseStationDrop() in FacilityService----
2025-12-11 13:32:03,861 [6] DEBUG LTCPro.ServiceLayer.Log4net - ---Executed Successfully UsersConfigNurseStationDrop() in FacilityController----
2025-12-11 13:32:11,979 [6] DEBUG LTCPro.ServiceLayer.Log4net - ---Executing UsersConfigNurseStationDrop() in FacilityController----
2025-12-11 13:32:11,979 [6] DEBUG LTCPro.ServiceLayer.Log4net - ---Executing UsersConfigNurseStationDrop() in FacilityService----
2025-12-11 13:32:11,984 [6] DEBUG LTCPro.ServiceLayer.Log4net - ---Executed Successfully UsersConfigNurseStationDrop() in FacilityController----
2025-12-11 13:32:17,558 [5] DEBUG LTCPro.ServiceLayer.Log4net - ---Executing UsersConfigNurseStationDrop() in FacilityController----
2025-12-11 13:32:17,558 [5] DEBUG LTCPro.ServiceLayer.Log4net - ---Executing UsersConfigNurseStationDrop() in FacilityService----
2025-12-11 13:32:17,567 [5] DEBUG LTCPro.ServiceLayer.Log4net - ---Executed Successfully UsersConfigNurseStationDrop() in FacilityController----
2025-12-11 13:32:17,646 [5] DEBUG LTCPro.ServiceLayer.Log4net - ---Executing GetProcessKeyMasterList() in FacilityController----
2025-12-11 13:32:17,646 [5] DEBUG LTCPro.ServiceLayer.Log4net - ---Executing GetProcessKeyMasterList() in FacilityService----
2025-12-11 13:32:17,651 [5] DEBUG LTCPro.ServiceLayer.Log4net - ---Executed Successfully GetProcessKeyMasterList() in FacilityController----
2025-12-11 13:32:19,405 [6] DEBUG LTCPro.ServiceLayer.Log4net - ---Executing CheckUser() in UserService----
2025-12-11 13:32:19,724 [6] DEBUG LTCPro.ServiceLayer.Log4net - ---Executing FindUser() in UserService----
2025-12-11 13:32:19,731 [6] DEBUG LTCPro.ServiceLayer.Log4net - ---Executing InsertUserSession() in UserService----
2025-12-11 13:32:19,745 [6] DEBUG LTCPro.ServiceLayer.Log4net - ---Executing InsertUserToken() in UserService----
2025-12-11 13:32:19,784 [8] DEBUG LTCPro.ServiceLayer.Log4net - ---Executing InsertUpdateUserRecentFacNs() in UserController----
2025-12-11 13:32:19,784 [8] DEBUG LTCPro.ServiceLayer.Log4net - ---Executing GetUserRecentFacNs() in UserService----
2025-12-11 13:32:19,791 [8] DEBUG LTCPro.ServiceLayer.Log4net - ---Executing InsertUpdateUserRecentFacNs() in CommonService----
2025-12-11 13:32:19,796 [8] DEBUG LTCPro.ServiceLayer.Log4net - ---Executed Successfully InsertUpdateUserRecentFacNs() in UserController----
2025-12-11 13:32:19,937 [7] DEBUG LTCPro.ServiceLayer.Log4net - ---Executing GetScreenPermissionsForLoggedInUser() in RoleController----
2025-12-11 13:32:19,937 [7] DEBUG LTCPro.ServiceLayer.Log4net - ---Executing GetScreenPermissionsForLoggedInUser() in RoleService----
2025-12-11 13:32:19,942 [7] DEBUG LTCPro.ServiceLayer.Log4net - ---Executed Successfully GetScreenPermissionsForLoggedInUser() in RoleController----
2025-12-11 13:32:20,039 [13] DEBUG LTCPro.ServiceLayer.Log4net - ---Executing GetUserToken() in UserService----
2025-12-11 13:32:20,040 [11] DEBUG LTCPro.ServiceLayer.Log4net - ---Executing GetUserToken() in UserService----
2025-12-11 13:32:20,043 [12] DEBUG LTCPro.ServiceLayer.Log4net - ---Executing GetUserToken() in UserService----
2025-12-11 13:32:20,047 [13] DEBUG LTCPro.ServiceLayer.Log4net - ---Executing GetAlertsDetails() in MailboxController----
2025-12-11 13:32:20,047 [13] DEBUG LTCPro.ServiceLayer.Log4net - ---Executing GetAlertsDetails() in MailboxService----
2025-12-11 13:32:20,049 [12] DEBUG LTCPro.ServiceLayer.Log4net - ---Executing GetOutboundErrorDetails() in CommonController----
2025-12-11 13:32:20,049 [12] DEBUG LTCPro.ServiceLayer.Log4net - ---Executing GetOutboundErrorDetails() in CommonService----
2025-12-11 13:32:20,051 [11] DEBUG LTCPro.ServiceLayer.Log4net - ---Executing GetPendingDosesList() in CommonController----
2025-12-11 13:32:20,052 [11] DEBUG LTCPro.ServiceLayer.Log4net - ---Executing GetPendingDosesList() in CommonService----
2025-12-11 13:32:20,053 [13] DEBUG LTCPro.ServiceLayer.Log4net - ---Executed successfully GetAlertsDetails() in MailboxController----
2025-12-11 13:32:20,070 [8] DEBUG LTCPro.ServiceLayer.Log4net - ---Executing GetUserToken() in UserService----
2025-12-11 13:32:20,072 [12] DEBUG LTCPro.ServiceLayer.Log4net - ---Executed Successfully GetOutboundErrorDetails() in CommonController----
2025-12-11 13:32:20,074 [7] DEBUG LTCPro.ServiceLayer.Log4net - ---Executing GetUserToken() in UserService----
2025-12-11 13:32:20,074 [8] DEBUG LTCPro.ServiceLayer.Log4net - ---Executing GetReadMailsCount() in MailboxController----
2025-12-11 13:32:20,075 [8] DEBUG LTCPro.ServiceLayer.Log4net - ---Executing GetReadMailsCount() in MailboxService----
2025-12-11 13:32:20,079 [14] DEBUG LTCPro.ServiceLayer.Log4net - ---Executing GetUserToken() in UserService----
2025-12-11 13:32:20,085 [7] DEBUG LTCPro.ServiceLayer.Log4net - ---Executing GetUserRecentFacNs() in UserController----
2025-12-11 13:32:20,085 [7] DEBUG LTCPro.ServiceLayer.Log4net - ---Executing GetUserRecentFacNs() in UserService----
2025-12-11 13:32:20,088 [18] DEBUG LTCPro.ServiceLayer.Log4net - ---Executing GetUserToken() in UserService----
2025-12-11 13:32:20,090 [14] DEBUG LTCPro.ServiceLayer.Log4net - ---Executing GetDueMARAlertData() in EmarController----
2025-12-11 13:32:20,090 [14] DEBUG LTCPro.ServiceLayer.Log4net - ---Executing GetDueMARAlertData() in EmarService----
2025-12-11 13:32:20,094 [8] DEBUG LTCPro.ServiceLayer.Log4net - ---Executed successfully GetReadMailsCount() in MailboxController----
2025-12-11 13:32:20,122 [18] DEBUG LTCPro.ServiceLayer.Log4net - ---Executing GetUserPassedDueFlag() in UserController----
2025-12-11 13:32:20,122 [18] DEBUG LTCPro.ServiceLayer.Log4net - ---Executing GetUserPassedDueFlag() in UserService----
2025-12-11 13:32:20,123 [7] DEBUG LTCPro.ServiceLayer.Log4net - ---Executed Successfully GetUserRecentFacNs() in UserController----
2025-12-11 13:32:20,127 [18] DEBUG LTCPro.ServiceLayer.Log4net - ---Executed Successfully GetUserPassedDueFlag() in UserController----
2025-12-11 13:32:20,137 [19] DEBUG LTCPro.ServiceLayer.Log4net - ---Executing GetUserToken() in UserService----
2025-12-11 13:32:20,146 [19] DEBUG LTCPro.ServiceLayer.Log4net - ---Executing InsertUserActivityDetails() in CompanyController----
2025-12-11 13:32:20,146 [19] DEBUG LTCPro.ServiceLayer.Log4net - ---Executing InsertUserActivityDetails() in UserActivityService----
2025-12-11 13:32:20,148 [11] DEBUG LTCPro.ServiceLayer.Log4net - ---Executed Successfully GetPendingDosesList() in CommonController----
2025-12-11 13:32:20,169 [19] DEBUG LTCPro.ServiceLayer.Log4net - ---Executed Successfully InsertUserActivityDetails() in CompanyController----
2025-12-11 13:32:20,178 [7] DEBUG LTCPro.ServiceLayer.Log4net - ---Executing GetUserToken() in UserService----
2025-12-11 13:32:20,182 [7] DEBUG LTCPro.ServiceLayer.Log4net - ---Executing GetUserAccessFacilityNurseStaions() in FacilityController----
2025-12-11 13:32:20,182 [7] DEBUG LTCPro.ServiceLayer.Log4net - ---Executing GetUserAccessFacilityNurseStaions() in FacilityService----
2025-12-11 13:32:20,189 [7] DEBUG LTCPro.ServiceLayer.Log4net - ---Executed Successfully GetUserAccessFacilityNurseStaions() in FacilityController----
2025-12-11 13:32:20,193 [25] DEBUG LTCPro.ServiceLayer.Log4net - ---Executing GetUserToken() in UserService----
2025-12-11 13:32:20,196 [25] DEBUG LTCPro.ServiceLayer.Log4net - ---Executing GetUserActiveCompanyMasterList() in CompanyController----
2025-12-11 13:32:20,197 [25] DEBUG LTCPro.ServiceLayer.Log4net - ---Executing GetActiveCompanyMasterList() in CompanyService----
2025-12-11 13:32:20,215 [25] DEBUG LTCPro.ServiceLayer.Log4net - ---Executed Successfully GetUserActiveCompanyMasterList() in CompanyController----
2025-12-11 13:32:20,661 [14] DEBUG LTCPro.ServiceLayer.Log4net - ---Executed Successfully GetDueMARAlertData() in EmarController----
2025-12-11 13:32:23,838 [6] DEBUG LTCPro.ServiceLayer.Log4net - ---Executing GetUserToken() in UserService----
2025-12-11 13:32:23,843 [6] DEBUG LTCPro.ServiceLayer.Log4net - ---Executing InsertUserActivityDetails() in CompanyController----
2025-12-11 13:32:23,843 [6] DEBUG LTCPro.ServiceLayer.Log4net - ---Executing InsertUserActivityDetails() in UserActivityService----
2025-12-11 13:32:23,849 [6] DEBUG LTCPro.ServiceLayer.Log4net - ---Executed Successfully InsertUserActivityDetails() in CompanyController----
2025-12-11 13:32:23,852 [7] DEBUG LTCPro.ServiceLayer.Log4net - ---Executing GetUserToken() in UserService----
2025-12-11 13:32:23,855 [7] DEBUG LTCPro.ServiceLayer.Log4net - ---Executing GetUserRecentFacNs() in UserController----
2025-12-11 13:32:23,855 [7] DEBUG LTCPro.ServiceLayer.Log4net - ---Executing GetUserRecentFacNs() in UserService----
2025-12-11 13:32:23,861 [7] DEBUG LTCPro.ServiceLayer.Log4net - ---Executed Successfully GetUserRecentFacNs() in UserController----
2025-12-11 13:32:23,875 [13] DEBUG LTCPro.ServiceLayer.Log4net - ---Executing GetUserToken() in UserService----
2025-12-11 13:32:23,901 [13] DEBUG LTCPro.ServiceLayer.Log4net - ---Executing GetUserAccessFacilityNurseStaions() in FacilityController----
2025-12-11 13:32:23,901 [13] DEBUG LTCPro.ServiceLayer.Log4net - ---Executing GetUserAccessFacilityNurseStaions() in FacilityService----
2025-12-11 13:32:23,907 [13] DEBUG LTCPro.ServiceLayer.Log4net - ---Executed Successfully GetUserAccessFacilityNurseStaions() in FacilityController----
2025-12-11 13:32:23,931 [6] DEBUG LTCPro.ServiceLayer.Log4net - ---Executing GetUserToken() in UserService----
2025-12-11 13:32:23,935 [6] DEBUG LTCPro.ServiceLayer.Log4net - ---Executing UserNurseStationDrop() in FacilityController----
2025-12-11 13:32:23,936 [6] DEBUG LTCPro.ServiceLayer.Log4net - ---Executing UserNurseStationDrop() in FacilityService----
2025-12-11 13:32:23,940 [6] DEBUG LTCPro.ServiceLayer.Log4net - ---Executed Successfully UserNurseStationDrop() in FacilityController----
2025-12-11 13:32:24,020 [13] DEBUG LTCPro.ServiceLayer.Log4net - ---Executing GetUserToken() in UserService----
2025-12-11 13:32:24,053 [6] DEBUG LTCPro.ServiceLayer.Log4net - ---Executing GetUserToken() in UserService----
2025-12-11 13:32:24,055 [13] DEBUG LTCPro.ServiceLayer.Log4net - ---Executing GetSeventyTwoHourDetailsByfilter() in EMARController----
2025-12-11 13:32:24,055 [13] DEBUG LTCPro.ServiceLayer.Log4net - ---Executing GetSeventyTwoHourDetailsByfilter() in EmarService----
2025-12-11 13:32:24,068 [6] DEBUG LTCPro.ServiceLayer.Log4net - ---Executing GetCompanyToBedFlagByFacId() in FacilityController----
2025-12-11 13:32:24,068 [6] DEBUG LTCPro.ServiceLayer.Log4net - ---Executing GetCompanyToBedFlagByFacId() in FacilityService----
2025-12-11 13:32:24,133 [11] DEBUG LTCPro.ServiceLayer.Log4net - ---Executing GetUserToken() in UserService----
2025-12-11 13:32:24,162 [11] DEBUG LTCPro.ServiceLayer.Log4net - ---Executing GetPRNDetailsByfilter() in EMARController----
2025-12-11 13:32:24,162 [11] DEBUG LTCPro.ServiceLayer.Log4net - ---Executing GetPRNDetailsByfilter() in EmarService----
2025-12-11 13:32:24,191 [5] DEBUG LTCPro.ServiceLayer.Log4net - ---Executing GetUserToken() in UserService----
2025-12-11 13:32:24,201 [5] DEBUG LTCPro.ServiceLayer.Log4net - ---Executing OrderEndingSoonStatus() in OrdersController----
2025-12-11 13:32:24,201 [5] DEBUG LTCPro.ServiceLayer.Log4net - ---Executing OrderEndingSoonStatus() in OrdersService----
2025-12-11 13:32:24,212 [6] DEBUG LTCPro.ServiceLayer.Log4net - ---Executed Successfully GetCompanyToBedFlagByFacId() in FacilityController----
2025-12-11 13:32:24,227 [5] DEBUG LTCPro.ServiceLayer.Log4net - ---Executed Successfully OrderEndingSoonStatus() in OrdersController----
2025-12-11 13:32:24,273 [14] DEBUG LTCPro.ServiceLayer.Log4net - ---Executing GetUserToken() in UserService----
2025-12-11 13:32:24,277 [14] DEBUG LTCPro.ServiceLayer.Log4net - ---Executing GetOrdersGridData() in OrdersController----
2025-12-11 13:32:24,277 [14] DEBUG LTCPro.ServiceLayer.Log4net - ---Executing GetOrdersGridData() in OrdersService----
2025-12-11 13:32:24,283 [7] DEBUG LTCPro.ServiceLayer.Log4net - ---Executing GetUserToken() in UserService----
2025-12-11 13:32:24,286 [7] DEBUG LTCPro.ServiceLayer.Log4net - ---Executing OrderEndingSoonStatus() in OrdersController----
2025-12-11 13:32:24,286 [7] DEBUG LTCPro.ServiceLayer.Log4net - ---Executing OrderEndingSoonStatus() in OrdersService----
2025-12-11 13:32:24,301 [7] DEBUG LTCPro.ServiceLayer.Log4net - ---Executed Successfully OrderEndingSoonStatus() in OrdersController----
2025-12-11 13:32:24,302 [5] DEBUG LTCPro.ServiceLayer.Log4net - ---Executing GetUserToken() in UserService----
2025-12-11 13:32:24,307 [5] DEBUG LTCPro.ServiceLayer.Log4net - ---Executing GetNurseStationHierarchyDetailsbyNsId() in CompanyController----
2025-12-11 13:32:24,307 [5] DEBUG LTCPro.ServiceLayer.Log4net - ---Executing GetNurseStationHierarchyDetailsbyNsId() in CompanyService----
2025-12-11 13:32:24,310 [5] DEBUG LTCPro.ServiceLayer.Log4net - ---Executed Successfully GetNurseStationHierarchyDetailsbyNsId() in CompanyController----
2025-12-11 13:32:24,476 [13] DEBUG LTCPro.ServiceLayer.Log4net - ---Executed Successfully GetSeventyTwoHourDetailsByfilter() in EMARController----
2025-12-11 13:32:24,588 [11] DEBUG LTCPro.ServiceLayer.Log4net - ---Executed Successfully GetPRNDetailsByfilter() in EMARController----
2025-12-11 13:32:24,603 [18] DEBUG LTCPro.ServiceLayer.Log4net - ---Executing GetUserToken() in UserService----
2025-12-11 13:32:24,610 [18] DEBUG LTCPro.ServiceLayer.Log4net - ---Executing GetOrdersEndingSoon() in OrdersController----
2025-12-11 13:32:24,610 [18] DEBUG LTCPro.ServiceLayer.Log4net - ---Executing GetOrdersEndingSoon() in OrdersService----
2025-12-11 13:32:24,658 [18] DEBUG LTCPro.ServiceLayer.Log4net - ---Executed Successfully GetOrdersEndingSoon() in OrdersController----
2025-12-11 13:32:26,531 [14] DEBUG LTCPro.ServiceLayer.Log4net - ---Executed Successfully GetOrdersGridData() in OrdersController----
2025-12-11 13:32:26,838 [5] DEBUG LTCPro.ServiceLayer.Log4net - ---Executing GetUserToken() in UserService----
2025-12-11 13:32:26,844 [5] DEBUG LTCPro.ServiceLayer.Log4net - ---Executing GetPendingOrdersGridData() in OrdersController----
2025-12-11 13:32:26,844 [5] DEBUG LTCPro.ServiceLayer.Log4net - ---Executing GetPendingOrdersGridData() in OrdersService----
2025-12-11 13:32:27,774 [14] DEBUG LTCPro.ServiceLayer.Log4net - ---Executing GetUserToken() in UserService----
2025-12-11 13:32:27,774 [11] DEBUG LTCPro.ServiceLayer.Log4net - ---Executing GetUserToken() in UserService----
2025-12-11 13:32:27,779 [11] DEBUG LTCPro.ServiceLayer.Log4net - ---Executing GetUserRecentFacNs() in UserController----
2025-12-11 13:32:27,779 [11] DEBUG LTCPro.ServiceLayer.Log4net - ---Executing GetUserRecentFacNs() in UserService----
2025-12-11 13:32:27,781 [14] DEBUG LTCPro.ServiceLayer.Log4net - ---Executing InsertUserActivityDetails() in CompanyController----
2025-12-11 13:32:27,782 [14] DEBUG LTCPro.ServiceLayer.Log4net - ---Executing InsertUserActivityDetails() in UserActivityService----
2025-12-11 13:32:27,787 [11] DEBUG LTCPro.ServiceLayer.Log4net - ---Executed Successfully GetUserRecentFacNs() in UserController----
2025-12-11 13:32:27,800 [14] DEBUG LTCPro.ServiceLayer.Log4net - ---Executed Successfully InsertUserActivityDetails() in CompanyController----
2025-12-11 13:32:27,809 [18] DEBUG LTCPro.ServiceLayer.Log4net - ---Executing GetUserToken() in UserService----
2025-12-11 13:32:27,814 [18] DEBUG LTCPro.ServiceLayer.Log4net - ---Executing GetUserAccessFacilityNurseStaions() in FacilityController----
2025-12-11 13:32:27,814 [18] DEBUG LTCPro.ServiceLayer.Log4net - ---Executing GetUserAccessFacilityNurseStaions() in FacilityService----
2025-12-11 13:32:27,822 [18] DEBUG LTCPro.ServiceLayer.Log4net - ---Executed Successfully GetUserAccessFacilityNurseStaions() in FacilityController----
2025-12-11 13:32:27,840 [18] DEBUG LTCPro.ServiceLayer.Log4net - ---Executing GetUserToken() in UserService----
2025-12-11 13:32:27,847 [18] DEBUG LTCPro.ServiceLayer.Log4net - ---Executing UserNurseStationDrop() in FacilityController----
2025-12-11 13:32:27,847 [18] DEBUG LTCPro.ServiceLayer.Log4net - ---Executing UserNurseStationDrop() in FacilityService----
2025-12-11 13:32:27,855 [18] DEBUG LTCPro.ServiceLayer.Log4net - ---Executed Successfully UserNurseStationDrop() in FacilityController----
2025-12-11 13:32:27,869 [11] DEBUG LTCPro.ServiceLayer.Log4net - ---Executing GetUserToken() in UserService----
2025-12-11 13:32:27,875 [11] DEBUG LTCPro.ServiceLayer.Log4net - ---Executing GetCompanyToBedFlagByFacId() in FacilityController----
2025-12-11 13:32:27,875 [11] DEBUG LTCPro.ServiceLayer.Log4net - ---Executing GetCompanyToBedFlagByFacId() in FacilityService----
2025-12-11 13:32:27,911 [11] DEBUG LTCPro.ServiceLayer.Log4net - ---Executed Successfully GetCompanyToBedFlagByFacId() in FacilityController----
2025-12-11 13:32:27,967 [21] DEBUG LTCPro.ServiceLayer.Log4net - ---Executing GetUserToken() in UserService----
2025-12-11 13:32:27,972 [21] DEBUG LTCPro.ServiceLayer.Log4net - ---Executing GetNurseStationHierarchyDetailsbyNsId() in CompanyController----
2025-12-11 13:32:27,972 [21] DEBUG LTCPro.ServiceLayer.Log4net - ---Executing GetNurseStationHierarchyDetailsbyNsId() in CompanyService----
2025-12-11 13:32:27,976 [21] DEBUG LTCPro.ServiceLayer.Log4net - ---Executed Successfully GetNurseStationHierarchyDetailsbyNsId() in CompanyController----
2025-12-11 13:32:28,102 [18] DEBUG LTCPro.ServiceLayer.Log4net - ---Executing GetUserToken() in UserService----
2025-12-11 13:32:28,109 [18] DEBUG LTCPro.ServiceLayer.Log4net - ---Executing GetOrdersGridData() in OrdersController----
2025-12-11 13:32:28,109 [18] DEBUG LTCPro.ServiceLayer.Log4net - ---Executing GetOrdersGridData() in OrdersService----
2025-12-11 13:32:29,438 [5] DEBUG LTCPro.ServiceLayer.Log4net - ---Executed Successfully GetPendingOrdersGridData() in OrdersController----
2025-12-11 13:32:30,810 [18] DEBUG LTCPro.ServiceLayer.Log4net - ---Executed Successfully GetOrdersGridData() in OrdersController----
2025-12-11 13:32:36,143 [5] DEBUG LTCPro.ServiceLayer.Log4net - ---Executing GetUserToken() in UserService----
2025-12-11 13:32:36,147 [5] DEBUG LTCPro.ServiceLayer.Log4net - ---Executing GetOrdersGridDataByPatientId() in OrdersController----
2025-12-11 13:32:36,147 [5] DEBUG LTCPro.ServiceLayer.Log4net - ---Executing GetOrdersGridDataByPatientId() in OrdersService----
2025-12-11 13:32:38,085 [5] DEBUG LTCPro.ServiceLayer.Log4net - ---Executed Successfully GetOrdersGridDataByPatientId() in OrdersController----
2025-12-11 13:32:39,784 [11] DEBUG LTCPro.ServiceLayer.Log4net - ---Executing GetUserToken() in UserService----
2025-12-11 13:32:39,816 [11] DEBUG LTCPro.ServiceLayer.Log4net - ---Executing GetFacilityNSResidentsDataByPId() in ResidentDemographicController----
2025-12-11 13:32:39,846 [11] DEBUG LTCPro.ServiceLayer.Log4net - ---Executing GetFacilityNSResidentsDataByPId() in ResidentDemographicService----
2025-12-11 13:32:40,021 [11] DEBUG LTCPro.ServiceLayer.Log4net - ---Executed Successfully GetFacilityNSResidentsDataByPId() in ResidentDemographicController----
2025-12-11 13:32:40,206 [7] DEBUG LTCPro.ServiceLayer.Log4net - ---Executing GetUserToken() in UserService----
2025-12-11 13:32:40,410 [7] DEBUG LTCPro.ServiceLayer.Log4net - ---Executing GetTimeZoneDate() in CommonController----
2025-12-11 13:32:40,411 [7] DEBUG LTCPro.ServiceLayer.Log4net - ---Executing GetTimeZoneDate() in CommonService----
2025-12-11 13:32:40,490 [14] DEBUG LTCPro.ServiceLayer.Log4net - ---Executing GetUserToken() in UserService----
2025-12-11 13:32:40,513 [18] DEBUG LTCPro.ServiceLayer.Log4net - ---Executing GetUserToken() in UserService----
2025-12-11 13:32:40,514 [7] DEBUG LTCPro.ServiceLayer.Log4net - ---Executed Successfully GetTimeZoneDate() in CommonController----
2025-12-11 13:32:40,519 [14] DEBUG LTCPro.ServiceLayer.Log4net - ---Executing GetPhysicianDropData() in OrdersController----
2025-12-11 13:32:40,520 [14] DEBUG LTCPro.ServiceLayer.Log4net - ---Executing GetPhysicianDropData() in OrdersService----
2025-12-11 13:32:40,637 [8] DEBUG LTCPro.ServiceLayer.Log4net - ---Executing GetUserToken() in UserService----
2025-12-11 13:32:40,650 [18] DEBUG LTCPro.ServiceLayer.Log4net - ---Executing GetCpoeSourceDrop() in OrdersController----
2025-12-11 13:32:40,653 [18] DEBUG LTCPro.ServiceLayer.Log4net - ---Executing GetCpoeSourceDrop() in OrdersService----
2025-12-11 13:32:40,725 [14] DEBUG LTCPro.ServiceLayer.Log4net - ---Executed Successfully GetPhysicianDropData() in OrdersController----
2025-12-11 13:32:40,731 [8] DEBUG LTCPro.ServiceLayer.Log4net - ---Executing GetPhysicianNPIByRoleRes() in OrdersController----
2025-12-11 13:32:40,732 [8] DEBUG LTCPro.ServiceLayer.Log4net - ---Executing GetPhysicianNPIByRoleRes() in OrdersService----
2025-12-11 13:32:40,738 [12] DEBUG LTCPro.ServiceLayer.Log4net - ---Executing GetUserToken() in UserService----
2025-12-11 13:32:40,765 [6] DEBUG LTCPro.ServiceLayer.Log4net - ---Executing GetUserToken() in UserService----
2025-12-11 13:32:40,768 [12] DEBUG LTCPro.ServiceLayer.Log4net - ---Executing GetAllBarcodes() in StockEkitController----
2025-12-11 13:32:40,770 [12] DEBUG LTCPro.ServiceLayer.Log4net - ---Executing GetAllBarcodes() in StockEkitService----
2025-12-11 13:32:40,783 [5] DEBUG LTCPro.ServiceLayer.Log4net - ---Executing GetUserToken() in UserService----
2025-12-11 13:32:40,831 [18] DEBUG LTCPro.ServiceLayer.Log4net - ---Executed Successfully GetCpoeSourceDrop() in OrdersController----
2025-12-11 13:32:40,842 [6] DEBUG LTCPro.ServiceLayer.Log4net - ---Executing GetQuantityDoseDrop() in OrdersController----
2025-12-11 13:32:40,843 [6] DEBUG LTCPro.ServiceLayer.Log4net - ---Executing GetQuantityDoseDrop() in OrdersService----
2025-12-11 13:32:40,855 [5] DEBUG LTCPro.ServiceLayer.Log4net - ---Executing GetUnitMeasurementsDrop() in OrdersController----
2025-12-11 13:32:40,855 [5] DEBUG LTCPro.ServiceLayer.Log4net - ---Executing GetUnitMeasurementsDrop() in OrdersService----
2025-12-11 13:32:40,859 [13] DEBUG LTCPro.ServiceLayer.Log4net - ---Executing GetUserToken() in UserService----
2025-12-11 13:32:40,866 [13] DEBUG LTCPro.ServiceLayer.Log4net - ---Executing GetResidentInformation() in ResidentDemographicController----
2025-12-11 13:32:40,867 [13] DEBUG LTCPro.ServiceLayer.Log4net - ---Executing GetResidentInformation() in ResidentDemographicService----
2025-12-11 13:32:40,869 [8] DEBUG LTCPro.ServiceLayer.Log4net - ---Executed Successfully GetPhysicianNPIByRoleRes() in OrdersController----
2025-12-11 13:32:40,876 [6] DEBUG LTCPro.ServiceLayer.Log4net - ---Executed Successfully GetQuantityDoseDrop() in OrdersController----
2025-12-11 13:32:40,882 [5] DEBUG LTCPro.ServiceLayer.Log4net - ---Executed Successfully GetUnitMeasurementsDrop() in OrdersController----
2025-12-11 13:32:40,959 [12] DEBUG LTCPro.ServiceLayer.Log4net - ---Executed Successfully GetAllBarcodes() in StockEkitController----
2025-12-11 13:32:41,197 [18] DEBUG LTCPro.ServiceLayer.Log4net - ---Executing GetUserToken() in UserService----
2025-12-11 13:32:41,208 [18] DEBUG LTCPro.ServiceLayer.Log4net - ---Executing GetDoseUomDrop() in OrdersController----
2025-12-11 13:32:41,209 [18] DEBUG LTCPro.ServiceLayer.Log4net - ---Executing GetDoseUom() in OrdersService----
2025-12-11 13:32:41,222 [18] DEBUG LTCPro.ServiceLayer.Log4net - ---Executed Successfully GetDoseUomDrop() in OrdersController----
2025-12-11 13:32:41,228 [14] DEBUG LTCPro.ServiceLayer.Log4net - ---Executing GetUserToken() in UserService----
2025-12-11 13:32:41,233 [14] DEBUG LTCPro.ServiceLayer.Log4net - ---Executing GetOrderRoutes() in OrdersController----
2025-12-11 13:32:41,234 [14] DEBUG LTCPro.ServiceLayer.Log4net - ---Executing GetOrderRoutes() in OrdersService----
2025-12-11 13:32:41,264 [13] DEBUG LTCPro.ServiceLayer.Log4net - ---Executed Successfully GetResidentInformation() in ResidentDemographicController----
2025-12-11 13:32:41,276 [14] DEBUG LTCPro.ServiceLayer.Log4net - ---Executed Successfully GetOrderRoutes() in OrdersController----
2025-12-11 13:32:41,448 [5] DEBUG LTCPro.ServiceLayer.Log4net - ---Executing GetUserToken() in UserService----
2025-12-11 13:32:41,473 [14] DEBUG LTCPro.ServiceLayer.Log4net - ---Executing GetUserToken() in UserService----
2025-12-11 13:32:41,503 [5] DEBUG LTCPro.ServiceLayer.Log4net - ---Executing GetFrequencyMasterDataWithShifts() in OrdersController----
2025-12-11 13:32:41,504 [5] DEBUG LTCPro.ServiceLayer.Log4net - ---Executing GetFrequencyMasterDataWithShifts() in OrdersService----
2025-12-11 13:32:41,521 [14] DEBUG LTCPro.ServiceLayer.Log4net - ---Executing GetPatientType() in ResidentDemographicController----
2025-12-11 13:32:41,522 [14] DEBUG LTCPro.ServiceLayer.Log4net - ---Executing GetPatientType() in EmarService----
2025-12-11 13:32:41,539 [13] DEBUG LTCPro.ServiceLayer.Log4net - ---Executing GetUserToken() in UserService----
2025-12-11 13:32:41,543 [14] DEBUG LTCPro.ServiceLayer.Log4net - ---Executed Successfully GetPatientType() in ResidentDemographicController----
2025-12-11 13:32:41,557 [13] DEBUG LTCPro.ServiceLayer.Log4net - ---Executing GetResidentDiagnosisInfo() in ResidentDemographicController----
2025-12-11 13:32:41,563 [13] DEBUG LTCPro.ServiceLayer.Log4net - ---Executing GetResidentDiagnosisInfo() in DiagnosisInfoService----
2025-12-11 13:32:41,590 [11] DEBUG LTCPro.ServiceLayer.Log4net - ---Executing GetUserToken() in UserService----
2025-12-11 13:32:41,612 [13] DEBUG LTCPro.ServiceLayer.Log4net - ---Executed Successfully GetResidentDiagnosisInfo() in ResidentDemographicController----
2025-12-11 13:32:41,666 [11] DEBUG LTCPro.ServiceLayer.Log4net - ---Executing GetCpoeSourceDrop() in OrdersController----
2025-12-11 13:32:41,666 [11] DEBUG LTCPro.ServiceLayer.Log4net - ---Executing GetCpoeSourceDrop() in OrdersService----
2025-12-11 13:32:41,741 [12] DEBUG LTCPro.ServiceLayer.Log4net - ---Executing GetUserToken() in UserService----
2025-12-11 13:32:41,759 [18] DEBUG LTCPro.ServiceLayer.Log4net - ---Executing GetUserToken() in UserService----
2025-12-11 13:32:41,798 [12] DEBUG LTCPro.ServiceLayer.Log4net - ---Executing GetFavouritesMasterData() in OrdersController----
2025-12-11 13:32:41,798 [12] DEBUG LTCPro.ServiceLayer.Log4net - ---Executing GetFavouritesMasterData() in OrdersService----
2025-12-11 13:32:41,800 [7] DEBUG LTCPro.ServiceLayer.Log4net - ---Executing GetUserToken() in UserService----
2025-12-11 13:32:41,822 [12] DEBUG LTCPro.ServiceLayer.Log4net - ---Executed Successfully GetFavouritesMasterData() in OrdersController----
2025-12-11 13:32:41,825 [11] DEBUG LTCPro.ServiceLayer.Log4net - ---Executed Successfully GetCpoeSourceDrop() in OrdersController----
2025-12-11 13:32:41,836 [7] DEBUG LTCPro.ServiceLayer.Log4net - ---Executing GetDiagnosisDetails() in OrdersController----
2025-12-11 13:32:41,837 [7] DEBUG LTCPro.ServiceLayer.Log4net - ---Executing GetDiagnosisDetails() in OrdersService----
2025-12-11 13:32:41,839 [18] DEBUG LTCPro.ServiceLayer.Log4net - ---Executing GetWeightList(Patient_Id) in AssessmentController----
2025-12-11 13:32:42,040 [18] DEBUG LTCPro.ServiceLayer.Log4net - ---Executing GetWeightList() in AssessmentService----
2025-12-11 13:32:42,116 [16] DEBUG LTCPro.ServiceLayer.Log4net - ---Executing GetUserToken() in UserService----
2025-12-11 13:32:42,125 [16] DEBUG LTCPro.ServiceLayer.Log4net - ---Executing GetMonthMasterData() in OrdersController----
2025-12-11 13:32:42,126 [16] DEBUG LTCPro.ServiceLayer.Log4net - ---Executing GetMonthMasterData() in OrdersService----
2025-12-11 13:32:42,238 [7] DEBUG LTCPro.ServiceLayer.Log4net - ---Executed Successfully GetDiagnosisDetails() in OrdersController----
2025-12-11 13:32:42,264 [5] DEBUG LTCPro.ServiceLayer.Log4net - ---Executed Successfully GetFrequencyMasterDataWithShifts() in OrdersController----
2025-12-11 13:32:42,270 [18] DEBUG LTCPro.ServiceLayer.Log4net - ---Executed Successfully GetWeightList(Patient_Id) in AssessmentController----
2025-12-11 13:32:42,274 [16] DEBUG LTCPro.ServiceLayer.Log4net - ---Executed Successfully GetMonthMasterData() in OrdersController----
2025-12-11 13:32:42,342 [11] DEBUG LTCPro.ServiceLayer.Log4net - ---Executing GetUserToken() in UserService----
2025-12-11 13:32:42,347 [11] DEBUG LTCPro.ServiceLayer.Log4net - ---Executing GetOrderGridData() in OrdersController----
2025-12-11 13:32:42,349 [11] DEBUG LTCPro.ServiceLayer.Log4net - ---Executing GetOrderGridData() in OrdersService----
2025-12-11 13:32:42,402 [6] DEBUG LTCPro.ServiceLayer.Log4net - ---Executing GetUserToken() in UserService----
2025-12-11 13:32:42,406 [6] DEBUG LTCPro.ServiceLayer.Log4net - ---Executing GetWeekMasterData() in OrdersController----
2025-12-11 13:32:42,407 [6] DEBUG LTCPro.ServiceLayer.Log4net - ---Executing GetWeekMasterData() in OrdersService----
2025-12-11 13:32:42,439 [6] DEBUG LTCPro.ServiceLayer.Log4net - ---Executed Successfully GetWeekMasterData() in OrdersController----
2025-12-11 13:32:42,456 [11] DEBUG LTCPro.ServiceLayer.Log4net - ---Executed Successfully GetOrderGridData() in OrdersController----
2025-12-11 13:32:42,526 [5] DEBUG LTCPro.ServiceLayer.Log4net - ---Executing GetUserToken() in UserService----
2025-12-11 13:32:42,529 [5] DEBUG LTCPro.ServiceLayer.Log4net - ---Executing GetAllBarcodes() in StockEkitController----
2025-12-11 13:32:42,529 [5] DEBUG LTCPro.ServiceLayer.Log4net - ---Executing GetAllBarcodes() in StockEkitService----
2025-12-11 13:32:42,540 [5] DEBUG LTCPro.ServiceLayer.Log4net - ---Executed Successfully GetAllBarcodes() in StockEkitController----
2025-12-11 13:32:42,748 [6] DEBUG LTCPro.ServiceLayer.Log4net - ---Executing GetUserToken() in UserService----
2025-12-11 13:32:42,753 [6] DEBUG LTCPro.ServiceLayer.Log4net - ---Executing GetOrderGridData() in OrdersController----
2025-12-11 13:32:42,753 [6] DEBUG LTCPro.ServiceLayer.Log4net - ---Executing GetOrderGridData() in OrdersService----
2025-12-11 13:32:42,788 [6] DEBUG LTCPro.ServiceLayer.Log4net - ---Executed Successfully GetOrderGridData() in OrdersController----
2025-12-11 13:32:48,433 [5] DEBUG LTCPro.ServiceLayer.Log4net - ---Executing GetUserToken() in UserService----
2025-12-11 13:32:48,437 [5] DEBUG LTCPro.ServiceLayer.Log4net - ---Executing SearchDrugName() in OrdersController----
2025-12-11 13:32:48,438 [5] DEBUG LTCPro.ServiceLayer.Log4net - ---Executing SearchDrugName() in OrdersService----
2025-12-11 13:32:48,463 [5] DEBUG LTCPro.ServiceLayer.Log4net - ---Executed Successfully SearchDrugName() in OrdersController----
2025-12-11 13:33:01,480 [6] DEBUG LTCPro.ServiceLayer.Log4net - ---Executing GetUserToken() in UserService----
2025-12-11 13:33:01,484 [6] DEBUG LTCPro.ServiceLayer.Log4net - ---Executing SearchDrugName() in OrdersController----
2025-12-11 13:33:01,484 [6] DEBUG LTCPro.ServiceLayer.Log4net - ---Executing SearchDrugName() in OrdersService----
2025-12-11 13:33:01,494 [6] DEBUG LTCPro.ServiceLayer.Log4net - ---Executed Successfully SearchDrugName() in OrdersController----
2025-12-11 13:33:14,794 [7] DEBUG LTCPro.ServiceLayer.Log4net - ---Executing GetUserToken() in UserService----
2025-12-11 13:33:14,797 [7] DEBUG LTCPro.ServiceLayer.Log4net - ---Executing SearchDrugName() in OrdersController----
2025-12-11 13:33:14,797 [7] DEBUG LTCPro.ServiceLayer.Log4net - ---Executing SearchDrugName() in OrdersService----
2025-12-11 13:33:14,841 [7] DEBUG LTCPro.ServiceLayer.Log4net - ---Executed Successfully SearchDrugName() in OrdersController----
2025-12-11 13:33:26,170 [13] DEBUG LTCPro.ServiceLayer.Log4net - ---Executing GetUserToken() in UserService----
2025-12-11 13:33:26,170 [5] DEBUG LTCPro.ServiceLayer.Log4net - ---Executing GetUserToken() in UserService----
2025-12-11 13:33:26,176 [5] DEBUG LTCPro.ServiceLayer.Log4net - ---Executing DrugToDrugINT_DTMS() in CheckInPharmacyMedsController----
2025-12-11 13:33:26,176 [13] DEBUG LTCPro.ServiceLayer.Log4net - ---Executing DrugToAllergyINT_DTMS() in CheckInPharmacyMedsController----
2025-12-11 13:33:26,176 [5] DEBUG LTCPro.ServiceLayer.Log4net - ---Executing DrugToDrugINT_DTMS() in CheckInPharmacyMedsService----
2025-12-11 13:33:26,177 [13] DEBUG LTCPro.ServiceLayer.Log4net - ---Executing DrugToAllergyINT_DTMS() in CheckInPharmacyMedsService----
2025-12-11 13:33:26,295 [13] DEBUG LTCPro.ServiceLayer.Log4net - ---Executed Successfully DrugToAllergyINT_DTMS() in CheckInPharmacyMedsController----
2025-12-11 13:33:50,226 [5] DEBUG LTCPro.ServiceLayer.Log4net - ---Executed Successfully DrugToDrugINT_DTMS() in CheckInPharmacyMedsController----
2025-12-11 13:34:01,670 [11] DEBUG LTCPro.ServiceLayer.Log4net - ---Executing GetUserToken() in UserService----
2025-12-11 13:34:01,671 [8] DEBUG LTCPro.ServiceLayer.Log4net - ---Executing GetUserToken() in UserService----
2025-12-11 13:34:01,674 [11] DEBUG LTCPro.ServiceLayer.Log4net - ---Executing DrugToDrugINT_DTMS() in CheckInPharmacyMedsController----
2025-12-11 13:34:01,675 [11] DEBUG LTCPro.ServiceLayer.Log4net - ---Executing DrugToDrugINT_DTMS() in CheckInPharmacyMedsService----
2025-12-11 13:34:01,675 [8] DEBUG LTCPro.ServiceLayer.Log4net - ---Executing DrugToAllergyINT_DTMS() in CheckInPharmacyMedsController----
2025-12-11 13:34:01,675 [8] DEBUG LTCPro.ServiceLayer.Log4net - ---Executing DrugToAllergyINT_DTMS() in CheckInPharmacyMedsService----
2025-12-11 13:34:01,781 [8] DEBUG LTCPro.ServiceLayer.Log4net - ---Executed Successfully DrugToAllergyINT_DTMS() in CheckInPharmacyMedsController----
2025-12-11 13:34:25,691 [11] DEBUG LTCPro.ServiceLayer.Log4net - ---Executed Successfully DrugToDrugINT_DTMS() in CheckInPharmacyMedsController----
2025-12-11 13:35:05,497 [5] DEBUG LTCPro.ServiceLayer.Log4net - ---Executing GetUserToken() in UserService----
2025-12-11 13:35:05,502 [5] DEBUG LTCPro.ServiceLayer.Log4net - ---Executing DrugToAllergyINT_DTMS() in CheckInPharmacyMedsController----
2025-12-11 13:35:05,502 [5] DEBUG LTCPro.ServiceLayer.Log4net - ---Executing DrugToAllergyINT_DTMS() in CheckInPharmacyMedsService----
2025-12-11 13:35:05,503 [23] DEBUG LTCPro.ServiceLayer.Log4net - ---Executing GetUserToken() in UserService----
2025-12-11 13:35:05,506 [23] DEBUG LTCPro.ServiceLayer.Log4net - ---Executing DrugToDrugINT_DTMS() in CheckInPharmacyMedsController----
2025-12-11 13:35:05,506 [23] DEBUG LTCPro.ServiceLayer.Log4net - ---Executing DrugToDrugINT_DTMS() in CheckInPharmacyMedsService----
2025-12-11 13:35:05,609 [5] DEBUG LTCPro.ServiceLayer.Log4net - ---Executed Successfully DrugToAllergyINT_DTMS() in CheckInPharmacyMedsController----
2025-12-11 13:35:29,413 [23] DEBUG LTCPro.ServiceLayer.Log4net - ---Executed Successfully DrugToDrugINT_DTMS() in CheckInPharmacyMedsController----
2025-12-11 13:50:21,400 [32] DEBUG LTCPro.ServiceLayer.Log4net - ---Executing GetUserToken() in UserService----
2025-12-11 13:50:21,405 [31] DEBUG LTCPro.ServiceLayer.Log4net - ---Executing GetUserToken() in UserService----
2025-12-11 13:50:21,414 [29] DEBUG LTCPro.ServiceLayer.Log4net - ---Executing GetUserToken() in UserService----
2025-12-11 13:50:21,415 [27] DEBUG LTCPro.ServiceLayer.Log4net - ---Executing GetUserToken() in UserService----
2025-12-11 13:50:21,468 [32] DEBUG LTCPro.ServiceLayer.Log4net - ---Executing GetDueMARAlertData() in EmarController----
2025-12-11 13:50:21,468 [32] DEBUG LTCPro.ServiceLayer.Log4net - ---Executing GetDueMARAlertData() in EmarService----
2025-12-11 13:50:21,468 [31] DEBUG LTCPro.ServiceLayer.Log4net - ---Executing GetOutboundErrorDetails() in CommonController----
2025-12-11 13:50:21,468 [31] DEBUG LTCPro.ServiceLayer.Log4net - ---Executing GetOutboundErrorDetails() in CommonService----
2025-12-11 13:50:21,472 [29] DEBUG LTCPro.ServiceLayer.Log4net - ---Executing GetAlertsDetails() in MailboxController----
2025-12-11 13:50:21,472 [29] DEBUG LTCPro.ServiceLayer.Log4net - ---Executing GetAlertsDetails() in MailboxService----
2025-12-11 13:50:21,472 [27] DEBUG LTCPro.ServiceLayer.Log4net - ---Executing GetPendingDosesList() in CommonController----
2025-12-11 13:50:21,472 [27] DEBUG LTCPro.ServiceLayer.Log4net - ---Executing GetPendingDosesList() in CommonService----
2025-12-11 13:50:21,478 [29] DEBUG LTCPro.ServiceLayer.Log4net - ---Executed successfully GetAlertsDetails() in MailboxController----
2025-12-11 13:50:21,550 [31] DEBUG LTCPro.ServiceLayer.Log4net - ---Executed Successfully GetOutboundErrorDetails() in CommonController----
2025-12-11 13:50:21,569 [27] DEBUG LTCPro.ServiceLayer.Log4net - ---Executed Successfully GetPendingDosesList() in CommonController----
2025-12-11 13:50:21,572 [25] DEBUG LTCPro.ServiceLayer.Log4net - ---Executing GetUserToken() in UserService----
2025-12-11 13:50:21,576 [25] DEBUG LTCPro.ServiceLayer.Log4net - ---Executing GetReadMailsCount() in MailboxController----
2025-12-11 13:50:21,576 [25] DEBUG LTCPro.ServiceLayer.Log4net - ---Executing GetReadMailsCount() in MailboxService----
2025-12-11 13:50:21,577 [28] DEBUG LTCPro.ServiceLayer.Log4net - ---Executing GetUserToken() in UserService----
2025-12-11 13:50:21,581 [28] DEBUG LTCPro.ServiceLayer.Log4net - ---Executing GetUserPassedDueFlag() in UserController----
2025-12-11 13:50:21,581 [28] DEBUG LTCPro.ServiceLayer.Log4net - ---Executing GetUserPassedDueFlag() in UserService----
2025-12-11 13:50:21,585 [25] DEBUG LTCPro.ServiceLayer.Log4net - ---Executed successfully GetReadMailsCount() in MailboxController----
2025-12-11 13:50:21,587 [28] DEBUG LTCPro.ServiceLayer.Log4net - ---Executed Successfully GetUserPassedDueFlag() in UserController----
2025-12-11 13:50:21,629 [26] DEBUG LTCPro.ServiceLayer.Log4net - ---Executing GetUserToken() in UserService----
2025-12-11 13:50:21,634 [27] DEBUG LTCPro.ServiceLayer.Log4net - ---Executing GetUserToken() in UserService----
2025-12-11 13:50:21,637 [26] DEBUG LTCPro.ServiceLayer.Log4net - ---Executing GetUserRecentFacNs() in UserController----
2025-12-11 13:50:21,637 [26] DEBUG LTCPro.ServiceLayer.Log4net - ---Executing GetUserRecentFacNs() in UserService----
2025-12-11 13:50:21,638 [27] DEBUG LTCPro.ServiceLayer.Log4net - ---Executing GetUserRecentFacNs() in UserController----
2025-12-11 13:50:21,639 [27] DEBUG LTCPro.ServiceLayer.Log4net - ---Executing GetUserRecentFacNs() in UserService----
2025-12-11 13:50:21,645 [26] DEBUG LTCPro.ServiceLayer.Log4net - ---Executed Successfully GetUserRecentFacNs() in UserController----
2025-12-11 13:50:21,646 [27] DEBUG LTCPro.ServiceLayer.Log4net - ---Executed Successfully GetUserRecentFacNs() in UserController----
2025-12-11 13:50:21,646 [31] DEBUG LTCPro.ServiceLayer.Log4net - ---Executing GetUserToken() in UserService----
2025-12-11 13:50:21,654 [24] DEBUG LTCPro.ServiceLayer.Log4net - ---Executing GetUserToken() in UserService----
2025-12-11 13:50:21,661 [24] DEBUG LTCPro.ServiceLayer.Log4net - ---Executing InsertUserActivityDetails() in CompanyController----
2025-12-11 13:50:21,661 [24] DEBUG LTCPro.ServiceLayer.Log4net - ---Executing InsertUserActivityDetails() in UserActivityService----
2025-12-11 13:50:21,679 [27] DEBUG LTCPro.ServiceLayer.Log4net - ---Executing GetUserToken() in UserService----
2025-12-11 13:50:21,682 [28] DEBUG LTCPro.ServiceLayer.Log4net - ---Executing GetUserToken() in UserService----
2025-12-11 13:50:21,700 [27] DEBUG LTCPro.ServiceLayer.Log4net - ---Executing GetUserAccessFacilityNurseStaions() in FacilityController----
2025-12-11 13:50:21,700 [27] DEBUG LTCPro.ServiceLayer.Log4net - ---Executing GetUserAccessFacilityNurseStaions() in FacilityService----
2025-12-11 13:50:21,701 [28] DEBUG LTCPro.ServiceLayer.Log4net - ---Executing GetUserAccessFacilityNurseStaions() in FacilityController----
2025-12-11 13:50:21,701 [28] DEBUG LTCPro.ServiceLayer.Log4net - ---Executing GetUserAccessFacilityNurseStaions() in FacilityService----
2025-12-11 13:50:21,710 [28] DEBUG LTCPro.ServiceLayer.Log4net - ---Executed Successfully GetUserAccessFacilityNurseStaions() in FacilityController----
2025-12-11 13:50:21,711 [27] DEBUG LTCPro.ServiceLayer.Log4net - ---Executed Successfully GetUserAccessFacilityNurseStaions() in FacilityController----
2025-12-11 13:50:21,746 [27] DEBUG LTCPro.ServiceLayer.Log4net - ---Executing GetUserToken() in UserService----
2025-12-11 13:50:21,751 [27] DEBUG LTCPro.ServiceLayer.Log4net - ---Executing UserNurseStationDrop() in FacilityController----
2025-12-11 13:50:21,751 [27] DEBUG LTCPro.ServiceLayer.Log4net - ---Executing UserNurseStationDrop() in FacilityService----
2025-12-11 13:50:21,758 [27] DEBUG LTCPro.ServiceLayer.Log4net - ---Executed Successfully UserNurseStationDrop() in FacilityController----
2025-12-11 13:50:21,782 [29] DEBUG LTCPro.ServiceLayer.Log4net - ---Executing GetUserToken() in UserService----
2025-12-11 13:50:21,787 [29] DEBUG LTCPro.ServiceLayer.Log4net - ---Executing GetCompanyToBedFlagByFacId() in FacilityController----
2025-12-11 13:50:21,787 [29] DEBUG LTCPro.ServiceLayer.Log4net - ---Executing GetCompanyToBedFlagByFacId() in FacilityService----
2025-12-11 13:50:21,832 [29] DEBUG LTCPro.ServiceLayer.Log4net - ---Executed Successfully GetCompanyToBedFlagByFacId() in FacilityController----
2025-12-11 13:50:21,912 [29] DEBUG LTCPro.ServiceLayer.Log4net - ---Executing GetUserToken() in UserService----
2025-12-11 13:50:21,915 [29] DEBUG LTCPro.ServiceLayer.Log4net - ---Executing GetNurseStationHierarchyDetailsbyNsId() in CompanyController----
2025-12-11 13:50:21,915 [29] DEBUG LTCPro.ServiceLayer.Log4net - ---Executing GetNurseStationHierarchyDetailsbyNsId() in CompanyService----
2025-12-11 13:50:21,918 [29] DEBUG LTCPro.ServiceLayer.Log4net - ---Executed Successfully GetNurseStationHierarchyDetailsbyNsId() in CompanyController----
2025-12-11 13:50:21,965 [24] DEBUG LTCPro.ServiceLayer.Log4net - ---Executed Successfully InsertUserActivityDetails() in CompanyController----
2025-12-11 13:50:22,046 [27] DEBUG LTCPro.ServiceLayer.Log4net - ---Executing GetUserToken() in UserService----
2025-12-11 13:50:22,065 [32] DEBUG LTCPro.ServiceLayer.Log4net - ---Executed Successfully GetDueMARAlertData() in EmarController----
2025-12-11 13:50:22,095 [27] DEBUG LTCPro.ServiceLayer.Log4net - ---Executing GetOrdersGridData() in OrdersController----
2025-12-11 13:50:22,095 [27] DEBUG LTCPro.ServiceLayer.Log4net - ---Executing GetOrdersGridData() in OrdersService----
2025-12-11 13:50:24,109 [27] DEBUG LTCPro.ServiceLayer.Log4net - ---Executed Successfully GetOrdersGridData() in OrdersController----
2025-12-11 13:51:13,214 [29] DEBUG LTCPro.ServiceLayer.Log4net - ---Executing GetUserToken() in UserService----
2025-12-11 13:51:13,218 [29] DEBUG LTCPro.ServiceLayer.Log4net - ---Executing GetOrdersGridDataByPatientId() in OrdersController----
2025-12-11 13:51:13,218 [29] DEBUG LTCPro.ServiceLayer.Log4net - ---Executing GetOrdersGridDataByPatientId() in OrdersService----
2025-12-11 13:51:15,160 [29] DEBUG LTCPro.ServiceLayer.Log4net - ---Executed Successfully GetOrdersGridDataByPatientId() in OrdersController----
2025-12-11 13:51:20,599 [27] DEBUG LTCPro.ServiceLayer.Log4net - ---Executing GetUserToken() in UserService----
2025-12-11 13:51:20,603 [27] DEBUG LTCPro.ServiceLayer.Log4net - ---Executing GetOrdersGridDataByPatientId() in OrdersController----
2025-12-11 13:51:20,603 [27] DEBUG LTCPro.ServiceLayer.Log4net - ---Executing GetOrdersGridDataByPatientId() in OrdersService----
2025-12-11 13:51:22,539 [27] DEBUG LTCPro.ServiceLayer.Log4net - ---Executed Successfully GetOrdersGridDataByPatientId() in OrdersController----
2025-12-11 13:51:28,911 [27] DEBUG LTCPro.ServiceLayer.Log4net - ---Executing GetUserToken() in UserService----
2025-12-11 13:51:28,915 [27] DEBUG LTCPro.ServiceLayer.Log4net - ---Executing GetFacilityNSResidentsDataByPId() in ResidentDemographicController----
2025-12-11 13:51:28,915 [27] DEBUG LTCPro.ServiceLayer.Log4net - ---Executing GetFacilityNSResidentsDataByPId() in ResidentDemographicService----
2025-12-11 13:51:28,939 [27] DEBUG LTCPro.ServiceLayer.Log4net - ---Executed Successfully GetFacilityNSResidentsDataByPId() in ResidentDemographicController----
2025-12-11 13:51:29,080 [26] DEBUG LTCPro.ServiceLayer.Log4net - ---Executing GetUserToken() in UserService----
2025-12-11 13:51:29,083 [26] DEBUG LTCPro.ServiceLayer.Log4net - ---Executing GetTimeZoneDate() in CommonController----
2025-12-11 13:51:29,084 [26] DEBUG LTCPro.ServiceLayer.Log4net - ---Executing GetTimeZoneDate() in CommonService----
2025-12-11 13:51:29,087 [26] DEBUG LTCPro.ServiceLayer.Log4net - ---Executed Successfully GetTimeZoneDate() in CommonController----
2025-12-11 13:51:29,362 [27] DEBUG LTCPro.ServiceLayer.Log4net - ---Executing GetUserToken() in UserService----
2025-12-11 13:51:29,371 [25] DEBUG LTCPro.ServiceLayer.Log4net - ---Executing GetUserToken() in UserService----
2025-12-11 13:51:29,386 [25] DEBUG LTCPro.ServiceLayer.Log4net - ---Executing GetPhysicianDropData() in OrdersController----
2025-12-11 13:51:29,386 [25] DEBUG LTCPro.ServiceLayer.Log4net - ---Executing GetPhysicianDropData() in OrdersService----
2025-12-11 13:51:29,386 [27] DEBUG LTCPro.ServiceLayer.Log4net - ---Executing GetCpoeSourceDrop() in OrdersController----
2025-12-11 13:51:29,386 [27] DEBUG LTCPro.ServiceLayer.Log4net - ---Executing GetCpoeSourceDrop() in OrdersService----
2025-12-11 13:51:29,391 [24] DEBUG LTCPro.ServiceLayer.Log4net - ---Executing GetUserToken() in UserService----
2025-12-11 13:51:29,394 [24] DEBUG LTCPro.ServiceLayer.Log4net - ---Executing GetPhysicianNPIByRoleRes() in OrdersController----
2025-12-11 13:51:29,394 [24] DEBUG LTCPro.ServiceLayer.Log4net - ---Executing GetPhysicianNPIByRoleRes() in OrdersService----
2025-12-11 13:51:29,398 [25] DEBUG LTCPro.ServiceLayer.Log4net - ---Executed Successfully GetPhysicianDropData() in OrdersController----
2025-12-11 13:51:29,401 [27] DEBUG LTCPro.ServiceLayer.Log4net - ---Executed Successfully GetCpoeSourceDrop() in OrdersController----
2025-12-11 13:51:29,422 [26] DEBUG LTCPro.ServiceLayer.Log4net - ---Executing GetUserToken() in UserService----
2025-12-11 13:51:29,522 [26] DEBUG LTCPro.ServiceLayer.Log4net - ---Executing GetOrderRoutes() in OrdersController----
2025-12-11 13:51:29,522 [26] DEBUG LTCPro.ServiceLayer.Log4net - ---Executing GetOrderRoutes() in OrdersService----
2025-12-11 13:51:29,526 [24] DEBUG LTCPro.ServiceLayer.Log4net - ---Executed Successfully GetPhysicianNPIByRoleRes() in OrdersController----
2025-12-11 13:51:29,529 [26] DEBUG LTCPro.ServiceLayer.Log4net - ---Executed Successfully GetOrderRoutes() in OrdersController----
2025-12-11 13:51:29,534 [25] DEBUG LTCPro.ServiceLayer.Log4net - ---Executing GetUserToken() in UserService----
2025-12-11 13:51:29,554 [25] DEBUG LTCPro.ServiceLayer.Log4net - ---Executing GetAllBarcodes() in StockEkitController----
2025-12-11 13:51:29,554 [25] DEBUG LTCPro.ServiceLayer.Log4net - ---Executing GetAllBarcodes() in StockEkitService----
2025-12-11 13:51:29,630 [25] DEBUG LTCPro.ServiceLayer.Log4net - ---Executed Successfully GetAllBarcodes() in StockEkitController----
2025-12-11 13:51:29,720 [25] DEBUG LTCPro.ServiceLayer.Log4net - ---Executing GetUserToken() in UserService----
2025-12-11 13:51:29,724 [25] DEBUG LTCPro.ServiceLayer.Log4net - ---Executing GetResidentInformation() in ResidentDemographicController----
2025-12-11 13:51:29,724 [25] DEBUG LTCPro.ServiceLayer.Log4net - ---Executing GetResidentInformation() in ResidentDemographicService----
2025-12-11 13:51:29,892 [27] DEBUG LTCPro.ServiceLayer.Log4net - ---Executing GetUserToken() in UserService----
2025-12-11 13:51:29,896 [27] DEBUG LTCPro.ServiceLayer.Log4net - ---Executing GetQuantityDoseDrop() in OrdersController----
2025-12-11 13:51:29,896 [27] DEBUG LTCPro.ServiceLayer.Log4net - ---Executing GetQuantityDoseDrop() in OrdersService----
2025-12-11 13:51:29,900 [27] DEBUG LTCPro.ServiceLayer.Log4net - ---Executed Successfully GetQuantityDoseDrop() in OrdersController----
2025-12-11 13:51:29,918 [25] DEBUG LTCPro.ServiceLayer.Log4net - ---Executed Successfully GetResidentInformation() in ResidentDemographicController----
2025-12-11 13:51:29,928 [26] DEBUG LTCPro.ServiceLayer.Log4net - ---Executing GetUserToken() in UserService----
2025-12-11 13:51:29,929 [24] DEBUG LTCPro.ServiceLayer.Log4net - ---Executing GetUserToken() in UserService----
2025-12-11 13:51:29,964 [24] DEBUG LTCPro.ServiceLayer.Log4net - ---Executing GetUnitMeasurementsDrop() in OrdersController----
2025-12-11 13:51:29,964 [26] DEBUG LTCPro.ServiceLayer.Log4net - ---Executing GetDoseUomDrop() in OrdersController----
2025-12-11 13:51:29,964 [26] DEBUG LTCPro.ServiceLayer.Log4net - ---Executing GetDoseUom() in OrdersService----
2025-12-11 13:51:29,964 [24] DEBUG LTCPro.ServiceLayer.Log4net - ---Executing GetUnitMeasurementsDrop() in OrdersService----
2025-12-11 13:51:29,968 [26] DEBUG LTCPro.ServiceLayer.Log4net - ---Executed Successfully GetDoseUomDrop() in OrdersController----
2025-12-11 13:51:29,971 [24] DEBUG LTCPro.ServiceLayer.Log4net - ---Executed Successfully GetUnitMeasurementsDrop() in OrdersController----
2025-12-11 13:51:30,174 [27] DEBUG LTCPro.ServiceLayer.Log4net - ---Executing GetUserToken() in UserService----
2025-12-11 13:51:30,178 [27] DEBUG LTCPro.ServiceLayer.Log4net - ---Executing GetPatientType() in ResidentDemographicController----
2025-12-11 13:51:30,178 [27] DEBUG LTCPro.ServiceLayer.Log4net - ---Executing GetPatientType() in EmarService----
2025-12-11 13:51:30,200 [27] DEBUG LTCPro.ServiceLayer.Log4net - ---Executed Successfully GetPatientType() in ResidentDemographicController----
2025-12-11 13:51:30,207 [24] DEBUG LTCPro.ServiceLayer.Log4net - ---Executing GetUserToken() in UserService----
2025-12-11 13:51:30,211 [24] DEBUG LTCPro.ServiceLayer.Log4net - ---Executing GetResidentDiagnosisInfo() in ResidentDemographicController----
2025-12-11 13:51:30,211 [24] DEBUG LTCPro.ServiceLayer.Log4net - ---Executing GetResidentDiagnosisInfo() in DiagnosisInfoService----
2025-12-11 13:51:30,219 [24] DEBUG LTCPro.ServiceLayer.Log4net - ---Executed Successfully GetResidentDiagnosisInfo() in ResidentDemographicController----
2025-12-11 13:51:30,254 [26] DEBUG LTCPro.ServiceLayer.Log4net - ---Executing GetUserToken() in UserService----
2025-12-11 13:51:30,264 [26] DEBUG LTCPro.ServiceLayer.Log4net - ---Executing GetCpoeSourceDrop() in OrdersController----
2025-12-11 13:51:30,264 [26] DEBUG LTCPro.ServiceLayer.Log4net - ---Executing GetCpoeSourceDrop() in OrdersService----
2025-12-11 13:51:30,266 [25] DEBUG LTCPro.ServiceLayer.Log4net - ---Executing GetUserToken() in UserService----
2025-12-11 13:51:30,271 [25] DEBUG LTCPro.ServiceLayer.Log4net - ---Executing GetFrequencyMasterDataWithShifts() in OrdersController----
2025-12-11 13:51:30,271 [25] DEBUG LTCPro.ServiceLayer.Log4net - ---Executing GetFrequencyMasterDataWithShifts() in OrdersService----
2025-12-11 13:51:30,277 [26] DEBUG LTCPro.ServiceLayer.Log4net - ---Executed Successfully GetCpoeSourceDrop() in OrdersController----
2025-12-11 13:51:30,344 [25] DEBUG LTCPro.ServiceLayer.Log4net - ---Executed Successfully GetFrequencyMasterDataWithShifts() in OrdersController----
2025-12-11 13:51:30,682 [24] DEBUG LTCPro.ServiceLayer.Log4net - ---Executing GetUserToken() in UserService----
2025-12-11 13:51:30,688 [24] DEBUG LTCPro.ServiceLayer.Log4net - ---Executing GetFavouritesMasterData() in OrdersController----
2025-12-11 13:51:30,688 [24] DEBUG LTCPro.ServiceLayer.Log4net - ---Executing GetFavouritesMasterData() in OrdersService----
2025-12-11 13:51:30,691 [24] DEBUG LTCPro.ServiceLayer.Log4net - ---Executed Successfully GetFavouritesMasterData() in OrdersController----
2025-12-11 13:51:30,704 [27] DEBUG LTCPro.ServiceLayer.Log4net - ---Executing GetUserToken() in UserService----
2025-12-11 13:51:30,721 [27] DEBUG LTCPro.ServiceLayer.Log4net - ---Executing GetDiagnosisDetails() in OrdersController----
2025-12-11 13:51:30,721 [27] DEBUG LTCPro.ServiceLayer.Log4net - ---Executing GetDiagnosisDetails() in OrdersService----
2025-12-11 13:51:30,769 [27] DEBUG LTCPro.ServiceLayer.Log4net - ---Executed Successfully GetDiagnosisDetails() in OrdersController----
2025-12-11 13:51:30,800 [27] DEBUG LTCPro.ServiceLayer.Log4net - ---Executing GetUserToken() in UserService----
2025-12-11 13:51:30,821 [26] DEBUG LTCPro.ServiceLayer.Log4net - ---Executing GetUserToken() in UserService----
2025-12-11 13:51:30,822 [27] DEBUG LTCPro.ServiceLayer.Log4net - ---Executing GetWeightList(Patient_Id) in AssessmentController----
2025-12-11 13:51:30,822 [27] DEBUG LTCPro.ServiceLayer.Log4net - ---Executing GetWeightList() in AssessmentService----
2025-12-11 13:51:30,826 [26] DEBUG LTCPro.ServiceLayer.Log4net - ---Executing GetWeekMasterData() in OrdersController----
2025-12-11 13:51:30,826 [26] DEBUG LTCPro.ServiceLayer.Log4net - ---Executing GetWeekMasterData() in OrdersService----
2025-12-11 13:51:30,837 [26] DEBUG LTCPro.ServiceLayer.Log4net - ---Executed Successfully GetWeekMasterData() in OrdersController----
2025-12-11 13:51:30,851 [25] DEBUG LTCPro.ServiceLayer.Log4net - ---Executing GetUserToken() in UserService----
2025-12-11 13:51:30,857 [25] DEBUG LTCPro.ServiceLayer.Log4net - ---Executing GetOrderGridData() in OrdersController----
2025-12-11 13:51:30,857 [25] DEBUG LTCPro.ServiceLayer.Log4net - ---Executing GetOrderGridData() in OrdersService----
2025-12-11 13:51:30,901 [27] DEBUG LTCPro.ServiceLayer.Log4net - ---Executed Successfully GetWeightList(Patient_Id) in AssessmentController----
2025-12-11 13:51:30,976 [24] DEBUG LTCPro.ServiceLayer.Log4net - ---Executing GetUserToken() in UserService----
2025-12-11 13:51:30,980 [24] DEBUG LTCPro.ServiceLayer.Log4net - ---Executing GetMonthMasterData() in OrdersController----
2025-12-11 13:51:30,980 [24] DEBUG LTCPro.ServiceLayer.Log4net - ---Executing GetMonthMasterData() in OrdersService----
2025-12-11 13:51:30,984 [24] DEBUG LTCPro.ServiceLayer.Log4net - ---Executed Successfully GetMonthMasterData() in OrdersController----
2025-12-11 13:51:31,512 [25] DEBUG LTCPro.ServiceLayer.Log4net - ---Executed Successfully GetOrderGridData() in OrdersController----
2025-12-11 13:51:31,539 [27] DEBUG LTCPro.ServiceLayer.Log4net - ---Executing GetUserToken() in UserService----
2025-12-11 13:51:31,542 [27] DEBUG LTCPro.ServiceLayer.Log4net - ---Executing GetAllBarcodes() in StockEkitController----
2025-12-11 13:51:31,542 [27] DEBUG LTCPro.ServiceLayer.Log4net - ---Executing GetAllBarcodes() in StockEkitService----
2025-12-11 13:51:31,554 [27] DEBUG LTCPro.ServiceLayer.Log4net - ---Executed Successfully GetAllBarcodes() in StockEkitController----
2025-12-11 13:51:31,773 [26] DEBUG LTCPro.ServiceLayer.Log4net - ---Executing GetUserToken() in UserService----
2025-12-11 13:51:31,777 [26] DEBUG LTCPro.ServiceLayer.Log4net - ---Executing GetOrderGridData() in OrdersController----
2025-12-11 13:51:31,777 [26] DEBUG LTCPro.ServiceLayer.Log4net - ---Executing GetOrderGridData() in OrdersService----
2025-12-11 13:51:32,436 [26] DEBUG LTCPro.ServiceLayer.Log4net - ---Executed Successfully GetOrderGridData() in OrdersController----
2025-12-11 13:51:49,326 [32] DEBUG LTCPro.ServiceLayer.Log4net - ---Executing GetUserToken() in UserService----
2025-12-11 13:51:49,327 [24] DEBUG LTCPro.ServiceLayer.Log4net - ---Executing GetUserToken() in UserService----
2025-12-11 13:51:49,375 [24] DEBUG LTCPro.ServiceLayer.Log4net - ---Executing GetAlertsDetails() in MailboxController----
2025-12-11 13:51:49,377 [24] DEBUG LTCPro.ServiceLayer.Log4net - ---Executing GetAlertsDetails() in MailboxService----
2025-12-11 13:51:49,380 [32] DEBUG LTCPro.ServiceLayer.Log4net - ---Executing GetReadMailsCount() in MailboxController----
2025-12-11 13:51:49,380 [32] DEBUG LTCPro.ServiceLayer.Log4net - ---Executing GetReadMailsCount() in MailboxService----
2025-12-11 13:51:49,477 [24] DEBUG LTCPro.ServiceLayer.Log4net - ---Executed successfully GetAlertsDetails() in MailboxController----
2025-12-11 13:51:49,489 [25] DEBUG LTCPro.ServiceLayer.Log4net - ---Executing GetUserToken() in UserService----
2025-12-11 13:51:49,489 [31] DEBUG LTCPro.ServiceLayer.Log4net - ---Executing GetUserToken() in UserService----
2025-12-11 13:51:49,496 [32] DEBUG LTCPro.ServiceLayer.Log4net - ---Executed successfully GetReadMailsCount() in MailboxController----
2025-12-11 13:51:49,496 [25] DEBUG LTCPro.ServiceLayer.Log4net - ---Executing GetUserPassedDueFlag() in UserController----
2025-12-11 13:51:49,496 [25] DEBUG LTCPro.ServiceLayer.Log4net - ---Executing GetUserPassedDueFlag() in UserService----
2025-12-11 13:51:49,505 [25] DEBUG LTCPro.ServiceLayer.Log4net - ---Executed Successfully GetUserPassedDueFlag() in UserController----
2025-12-11 13:51:49,511 [31] DEBUG LTCPro.ServiceLayer.Log4net - ---Executing GetOutboundErrorDetails() in CommonController----
2025-12-11 13:51:49,511 [31] DEBUG LTCPro.ServiceLayer.Log4net - ---Executing GetOutboundErrorDetails() in CommonService----
2025-12-11 13:51:49,517 [34] DEBUG LTCPro.ServiceLayer.Log4net - ---Executing GetUserToken() in UserService----
2025-12-11 13:51:49,526 [24] DEBUG LTCPro.ServiceLayer.Log4net - ---Executing GetUserToken() in UserService----
2025-12-11 13:51:49,533 [31] DEBUG LTCPro.ServiceLayer.Log4net - ---Executed Successfully GetOutboundErrorDetails() in CommonController----
2025-12-11 13:51:49,535 [26] DEBUG LTCPro.ServiceLayer.Log4net - ---Executing GetUserToken() in UserService----
2025-12-11 13:51:49,543 [24] DEBUG LTCPro.ServiceLayer.Log4net - ---Executing GetUserRecentFacNs() in UserController----
2025-12-11 13:51:49,543 [24] DEBUG LTCPro.ServiceLayer.Log4net - ---Executing GetUserRecentFacNs() in UserService----
2025-12-11 13:51:49,547 [26] DEBUG LTCPro.ServiceLayer.Log4net - ---Executing GetPendingDosesList() in CommonController----
2025-12-11 13:51:49,547 [26] DEBUG LTCPro.ServiceLayer.Log4net - ---Executing GetPendingDosesList() in CommonService----
2025-12-11 13:51:49,552 [33] DEBUG LTCPro.ServiceLayer.Log4net - ---Executing GetUserToken() in UserService----
2025-12-11 13:51:49,566 [33] DEBUG LTCPro.ServiceLayer.Log4net - ---Executing GetUserRecentFacNs() in UserController----
2025-12-11 13:51:49,566 [33] DEBUG LTCPro.ServiceLayer.Log4net - ---Executing GetUserRecentFacNs() in UserService----
2025-12-11 13:51:49,567 [24] DEBUG LTCPro.ServiceLayer.Log4net - ---Executed Successfully GetUserRecentFacNs() in UserController----
2025-12-11 13:51:49,569 [29] DEBUG LTCPro.ServiceLayer.Log4net - ---Executing GetUserToken() in UserService----
2025-12-11 13:51:49,572 [33] DEBUG LTCPro.ServiceLayer.Log4net - ---Executed Successfully GetUserRecentFacNs() in UserController----
2025-12-11 13:51:49,574 [29] DEBUG LTCPro.ServiceLayer.Log4net - ---Executing GetDueMARAlertData() in EmarController----
2025-12-11 13:51:49,574 [29] DEBUG LTCPro.ServiceLayer.Log4net - ---Executing GetDueMARAlertData() in EmarService----
2025-12-11 13:51:49,576 [32] DEBUG LTCPro.ServiceLayer.Log4net - ---Executing GetUserToken() in UserService----
2025-12-11 13:51:49,579 [32] DEBUG LTCPro.ServiceLayer.Log4net - ---Executing InsertUserActivityDetails() in CompanyController----
2025-12-11 13:51:49,579 [32] DEBUG LTCPro.ServiceLayer.Log4net - ---Executing InsertUserActivityDetails() in UserActivityService----
2025-12-11 13:51:49,654 [25] DEBUG LTCPro.ServiceLayer.Log4net - ---Executing GetUserToken() in UserService----
2025-12-11 13:51:49,655 [27] DEBUG LTCPro.ServiceLayer.Log4net - ---Executing GetUserToken() in UserService----
2025-12-11 13:51:49,662 [26] DEBUG LTCPro.ServiceLayer.Log4net - ---Executed Successfully GetPendingDosesList() in CommonController----
2025-12-11 13:51:49,673 [27] DEBUG LTCPro.ServiceLayer.Log4net - ---Executing GetUserAccessFacilityNurseStaions() in FacilityController----
2025-12-11 13:51:49,673 [27] DEBUG LTCPro.ServiceLayer.Log4net - ---Executing GetUserAccessFacilityNurseStaions() in FacilityService----
2025-12-11 13:51:49,677 [25] DEBUG LTCPro.ServiceLayer.Log4net - ---Executing GetUserAccessFacilityNurseStaions() in FacilityController----
2025-12-11 13:51:49,678 [25] DEBUG LTCPro.ServiceLayer.Log4net - ---Executing GetUserAccessFacilityNurseStaions() in FacilityService----
2025-12-11 13:51:49,686 [27] DEBUG LTCPro.ServiceLayer.Log4net - ---Executed Successfully GetUserAccessFacilityNurseStaions() in FacilityController----
2025-12-11 13:51:49,692 [25] DEBUG LTCPro.ServiceLayer.Log4net - ---Executed Successfully GetUserAccessFacilityNurseStaions() in FacilityController----
2025-12-11 13:51:49,723 [27] DEBUG LTCPro.ServiceLayer.Log4net - ---Executing GetUserToken() in UserService----
2025-12-11 13:51:49,726 [27] DEBUG LTCPro.ServiceLayer.Log4net - ---Executing UserNurseStationDrop() in FacilityController----
2025-12-11 13:51:49,726 [27] DEBUG LTCPro.ServiceLayer.Log4net - ---Executing UserNurseStationDrop() in FacilityService----
2025-12-11 13:51:49,731 [27] DEBUG LTCPro.ServiceLayer.Log4net - ---Executed Successfully UserNurseStationDrop() in FacilityController----
2025-12-11 13:51:49,794 [27] DEBUG LTCPro.ServiceLayer.Log4net - ---Executing GetUserToken() in UserService----
2025-12-11 13:51:49,798 [27] DEBUG LTCPro.ServiceLayer.Log4net - ---Executing GetCompanyToBedFlagByFacId() in FacilityController----
2025-12-11 13:51:49,798 [27] DEBUG LTCPro.ServiceLayer.Log4net - ---Executing GetCompanyToBedFlagByFacId() in FacilityService----
2025-12-11 13:51:49,823 [27] DEBUG LTCPro.ServiceLayer.Log4net - ---Executed Successfully GetCompanyToBedFlagByFacId() in FacilityController----
2025-12-11 13:51:49,862 [27] DEBUG LTCPro.ServiceLayer.Log4net - ---Executing GetUserToken() in UserService----
2025-12-11 13:51:49,865 [27] DEBUG LTCPro.ServiceLayer.Log4net - ---Executing GetNurseStationHierarchyDetailsbyNsId() in CompanyController----
2025-12-11 13:51:49,866 [27] DEBUG LTCPro.ServiceLayer.Log4net - ---Executing GetNurseStationHierarchyDetailsbyNsId() in CompanyService----
2025-12-11 13:51:49,868 [32] DEBUG LTCPro.ServiceLayer.Log4net - ---Executed Successfully InsertUserActivityDetails() in CompanyController----
2025-12-11 13:51:49,869 [27] DEBUG LTCPro.ServiceLayer.Log4net - ---Executed Successfully GetNurseStationHierarchyDetailsbyNsId() in CompanyController----
2025-12-11 13:51:50,022 [30] DEBUG LTCPro.ServiceLayer.Log4net - ---Executing GetUserToken() in UserService----
2025-12-11 13:51:50,027 [30] DEBUG LTCPro.ServiceLayer.Log4net - ---Executing GetOrdersGridData() in OrdersController----
2025-12-11 13:51:50,027 [30] DEBUG LTCPro.ServiceLayer.Log4net - ---Executing GetOrdersGridData() in OrdersService----
2025-12-11 13:51:50,138 [29] DEBUG LTCPro.ServiceLayer.Log4net - ---Executed Successfully GetDueMARAlertData() in EmarController----
2025-12-11 13:51:52,058 [30] DEBUG LTCPro.ServiceLayer.Log4net - ---Executed Successfully GetOrdersGridData() in OrdersController----
2025-12-11 13:52:07,482 [29] DEBUG LTCPro.ServiceLayer.Log4net - ---Executing GetUserToken() in UserService----
2025-12-11 13:52:07,486 [29] DEBUG LTCPro.ServiceLayer.Log4net - ---Executing GetOrdersGridDataByPatientId() in OrdersController----
2025-12-11 13:52:07,486 [29] DEBUG LTCPro.ServiceLayer.Log4net - ---Executing GetOrdersGridDataByPatientId() in OrdersService----
2025-12-11 13:52:09,410 [29] DEBUG LTCPro.ServiceLayer.Log4net - ---Executed Successfully GetOrdersGridDataByPatientId() in OrdersController----
2025-12-11 13:52:11,588 [25] DEBUG LTCPro.ServiceLayer.Log4net - ---Executing GetUserToken() in UserService----
2025-12-11 13:52:11,592 [25] DEBUG LTCPro.ServiceLayer.Log4net - ---Executing GetFacilityNSResidentsDataByPId() in ResidentDemographicController----
2025-12-11 13:52:11,592 [25] DEBUG LTCPro.ServiceLayer.Log4net - ---Executing GetFacilityNSResidentsDataByPId() in ResidentDemographicService----
2025-12-11 13:52:11,615 [25] DEBUG LTCPro.ServiceLayer.Log4net - ---Executed Successfully GetFacilityNSResidentsDataByPId() in ResidentDemographicController----
2025-12-11 13:52:11,796 [24] DEBUG LTCPro.ServiceLayer.Log4net - ---Executing GetUserToken() in UserService----
2025-12-11 13:52:11,802 [24] DEBUG LTCPro.ServiceLayer.Log4net - ---Executing GetTimeZoneDate() in CommonController----
2025-12-11 13:52:11,802 [24] DEBUG LTCPro.ServiceLayer.Log4net - ---Executing GetTimeZoneDate() in CommonService----
2025-12-11 13:52:11,804 [24] DEBUG LTCPro.ServiceLayer.Log4net - ---Executed Successfully GetTimeZoneDate() in CommonController----
2025-12-11 13:52:12,150 [36] DEBUG LTCPro.ServiceLayer.Log4net - ---Executing GetUserToken() in UserService----
2025-12-11 13:52:12,158 [36] DEBUG LTCPro.ServiceLayer.Log4net - ---Executing GetPhysicianNPIByRoleRes() in OrdersController----
2025-12-11 13:52:12,158 [36] DEBUG LTCPro.ServiceLayer.Log4net - ---Executing GetPhysicianNPIByRoleRes() in OrdersService----
2025-12-11 13:52:12,161 [30] DEBUG LTCPro.ServiceLayer.Log4net - ---Executing GetUserToken() in UserService----
2025-12-11 13:52:12,166 [30] DEBUG LTCPro.ServiceLayer.Log4net - ---Executing GetPhysicianDropData() in OrdersController----
2025-12-11 13:52:12,166 [30] DEBUG LTCPro.ServiceLayer.Log4net - ---Executing GetPhysicianDropData() in OrdersService----
2025-12-11 13:52:12,194 [29] DEBUG LTCPro.ServiceLayer.Log4net - ---Executing GetUserToken() in UserService----
2025-12-11 13:52:12,198 [30] DEBUG LTCPro.ServiceLayer.Log4net - ---Executed Successfully GetPhysicianDropData() in OrdersController----
2025-12-11 13:52:12,203 [29] DEBUG LTCPro.ServiceLayer.Log4net - ---Executing GetCpoeSourceDrop() in OrdersController----
2025-12-11 13:52:12,203 [29] DEBUG LTCPro.ServiceLayer.Log4net - ---Executing GetCpoeSourceDrop() in OrdersService----
2025-12-11 13:52:12,212 [36] DEBUG LTCPro.ServiceLayer.Log4net - ---Executed Successfully GetPhysicianNPIByRoleRes() in OrdersController----
2025-12-11 13:52:12,218 [24] DEBUG LTCPro.ServiceLayer.Log4net - ---Executing GetUserToken() in UserService----
2025-12-11 13:52:12,225 [24] DEBUG LTCPro.ServiceLayer.Log4net - ---Executing GetOrderRoutes() in OrdersController----
2025-12-11 13:52:12,225 [24] DEBUG LTCPro.ServiceLayer.Log4net - ---Executing GetOrderRoutes() in OrdersService----
2025-12-11 13:52:12,233 [24] DEBUG LTCPro.ServiceLayer.Log4net - ---Executed Successfully GetOrderRoutes() in OrdersController----
2025-12-11 13:52:12,235 [29] DEBUG LTCPro.ServiceLayer.Log4net - ---Executed Successfully GetCpoeSourceDrop() in OrdersController----
2025-12-11 13:52:12,299 [29] DEBUG LTCPro.ServiceLayer.Log4net - ---Executing GetUserToken() in UserService----
2025-12-11 13:52:12,320 [29] DEBUG LTCPro.ServiceLayer.Log4net - ---Executing GetAllBarcodes() in StockEkitController----
2025-12-11 13:52:12,320 [29] DEBUG LTCPro.ServiceLayer.Log4net - ---Executing GetAllBarcodes() in StockEkitService----
2025-12-11 13:52:12,360 [29] DEBUG LTCPro.ServiceLayer.Log4net - ---Executed Successfully GetAllBarcodes() in StockEkitController----
2025-12-11 13:52:12,451 [29] DEBUG LTCPro.ServiceLayer.Log4net - ---Executing GetUserToken() in UserService----
2025-12-11 13:52:12,489 [29] DEBUG LTCPro.ServiceLayer.Log4net - ---Executing GetResidentInformation() in ResidentDemographicController----
2025-12-11 13:52:12,489 [29] DEBUG LTCPro.ServiceLayer.Log4net - ---Executing GetResidentInformation() in ResidentDemographicService----
2025-12-11 13:52:12,504 [30] DEBUG LTCPro.ServiceLayer.Log4net - ---Executing GetUserToken() in UserService----
2025-12-11 13:52:12,597 [30] DEBUG LTCPro.ServiceLayer.Log4net - ---Executing GetUnitMeasurementsDrop() in OrdersController----
2025-12-11 13:52:12,597 [30] DEBUG LTCPro.ServiceLayer.Log4net - ---Executing GetUnitMeasurementsDrop() in OrdersService----
2025-12-11 13:52:12,604 [30] DEBUG LTCPro.ServiceLayer.Log4net - ---Executed Successfully GetUnitMeasurementsDrop() in OrdersController----
2025-12-11 13:52:12,638 [36] DEBUG LTCPro.ServiceLayer.Log4net - ---Executing GetUserToken() in UserService----
2025-12-11 13:52:12,642 [36] DEBUG LTCPro.ServiceLayer.Log4net - ---Executing GetDoseUomDrop() in OrdersController----
2025-12-11 13:52:12,643 [36] DEBUG LTCPro.ServiceLayer.Log4net - ---Executing GetDoseUom() in OrdersService----
2025-12-11 13:52:12,646 [36] DEBUG LTCPro.ServiceLayer.Log4net - ---Executed Successfully GetDoseUomDrop() in OrdersController----
2025-12-11 13:52:12,700 [29] DEBUG LTCPro.ServiceLayer.Log4net - ---Executed Successfully GetResidentInformation() in ResidentDemographicController----
2025-12-11 13:52:12,704 [24] DEBUG LTCPro.ServiceLayer.Log4net - ---Executing GetUserToken() in UserService----
2025-12-11 13:52:12,718 [24] DEBUG LTCPro.ServiceLayer.Log4net - ---Executing GetQuantityDoseDrop() in OrdersController----
2025-12-11 13:52:12,718 [24] DEBUG LTCPro.ServiceLayer.Log4net - ---Executing GetQuantityDoseDrop() in OrdersService----
2025-12-11 13:52:12,722 [24] DEBUG LTCPro.ServiceLayer.Log4net - ---Executed Successfully GetQuantityDoseDrop() in OrdersController----
2025-12-11 13:52:12,820 [36] DEBUG LTCPro.ServiceLayer.Log4net - ---Executing GetUserToken() in UserService----
2025-12-11 13:52:12,918 [36] DEBUG LTCPro.ServiceLayer.Log4net - ---Executing GetResidentDiagnosisInfo() in ResidentDemographicController----
2025-12-11 13:52:12,918 [36] DEBUG LTCPro.ServiceLayer.Log4net - ---Executing GetResidentDiagnosisInfo() in DiagnosisInfoService----
2025-12-11 13:52:12,930 [36] DEBUG LTCPro.ServiceLayer.Log4net - ---Executed Successfully GetResidentDiagnosisInfo() in ResidentDemographicController----
2025-12-11 13:52:12,994 [36] DEBUG LTCPro.ServiceLayer.Log4net - ---Executing GetUserToken() in UserService----
2025-12-11 13:52:13,002 [30] DEBUG LTCPro.ServiceLayer.Log4net - ---Executing GetUserToken() in UserService----
2025-12-11 13:52:13,005 [36] DEBUG LTCPro.ServiceLayer.Log4net - ---Executing GetPatientType() in ResidentDemographicController----
2025-12-11 13:52:13,005 [36] DEBUG LTCPro.ServiceLayer.Log4net - ---Executing GetPatientType() in EmarService----
2025-12-11 13:52:13,009 [30] DEBUG LTCPro.ServiceLayer.Log4net - ---Executing GetFrequencyMasterDataWithShifts() in OrdersController----
2025-12-11 13:52:13,009 [30] DEBUG LTCPro.ServiceLayer.Log4net - ---Executing GetFrequencyMasterDataWithShifts() in OrdersService----
2025-12-11 13:52:13,016 [36] DEBUG LTCPro.ServiceLayer.Log4net - ---Executed Successfully GetPatientType() in ResidentDemographicController----
2025-12-11 13:52:13,055 [36] DEBUG LTCPro.ServiceLayer.Log4net - ---Executing GetUserToken() in UserService----
2025-12-11 13:52:13,079 [36] DEBUG LTCPro.ServiceLayer.Log4net - ---Executing GetWeightList(Patient_Id) in AssessmentController----
2025-12-11 13:52:13,079 [36] DEBUG LTCPro.ServiceLayer.Log4net - ---Executing GetWeightList() in AssessmentService----
2025-12-11 13:52:13,094 [36] DEBUG LTCPro.ServiceLayer.Log4net - ---Executed Successfully GetWeightList(Patient_Id) in AssessmentController----
2025-12-11 13:52:13,096 [30] DEBUG LTCPro.ServiceLayer.Log4net - ---Executed Successfully GetFrequencyMasterDataWithShifts() in OrdersController----
2025-12-11 13:52:13,122 [24] DEBUG LTCPro.ServiceLayer.Log4net - ---Executing GetUserToken() in UserService----
2025-12-11 13:52:13,172 [24] DEBUG LTCPro.ServiceLayer.Log4net - ---Executing GetCpoeSourceDrop() in OrdersController----
2025-12-11 13:52:13,172 [24] DEBUG LTCPro.ServiceLayer.Log4net - ---Executing GetCpoeSourceDrop() in OrdersService----
2025-12-11 13:52:13,196 [29] DEBUG LTCPro.ServiceLayer.Log4net - ---Executing GetUserToken() in UserService----
2025-12-11 13:52:13,202 [29] DEBUG LTCPro.ServiceLayer.Log4net - ---Executing GetDiagnosisDetails() in OrdersController----
2025-12-11 13:52:13,202 [29] DEBUG LTCPro.ServiceLayer.Log4net - ---Executing GetDiagnosisDetails() in OrdersService----
2025-12-11 13:52:13,230 [24] DEBUG LTCPro.ServiceLayer.Log4net - ---Executed Successfully GetCpoeSourceDrop() in OrdersController----
2025-12-11 13:52:13,237 [29] DEBUG LTCPro.ServiceLayer.Log4net - ---Executed Successfully GetDiagnosisDetails() in OrdersController----
2025-12-11 13:52:13,531 [36] DEBUG LTCPro.ServiceLayer.Log4net - ---Executing GetUserToken() in UserService----
2025-12-11 13:52:13,535 [36] DEBUG LTCPro.ServiceLayer.Log4net - ---Executing GetFavouritesMasterData() in OrdersController----
2025-12-11 13:52:13,535 [36] DEBUG LTCPro.ServiceLayer.Log4net - ---Executing GetFavouritesMasterData() in OrdersService----
2025-12-11 13:52:13,538 [36] DEBUG LTCPro.ServiceLayer.Log4net - ---Executed Successfully GetFavouritesMasterData() in OrdersController----
2025-12-11 13:52:13,557 [30] DEBUG LTCPro.ServiceLayer.Log4net - ---Executing GetUserToken() in UserService----
2025-12-11 13:52:13,560 [30] DEBUG LTCPro.ServiceLayer.Log4net - ---Executing GetWeekMasterData() in OrdersController----
2025-12-11 13:52:13,560 [30] DEBUG LTCPro.ServiceLayer.Log4net - ---Executing GetWeekMasterData() in OrdersService----
2025-12-11 13:52:13,563 [30] DEBUG LTCPro.ServiceLayer.Log4net - ---Executed Successfully GetWeekMasterData() in OrdersController----
2025-12-11 13:52:13,663 [29] DEBUG LTCPro.ServiceLayer.Log4net - ---Executing GetUserToken() in UserService----
2025-12-11 13:52:13,666 [29] DEBUG LTCPro.ServiceLayer.Log4net - ---Executing GetOrderGridData() in OrdersController----
2025-12-11 13:52:13,666 [29] DEBUG LTCPro.ServiceLayer.Log4net - ---Executing GetOrderGridData() in OrdersService----
2025-12-11 13:52:13,700 [24] DEBUG LTCPro.ServiceLayer.Log4net - ---Executing GetUserToken() in UserService----
2025-12-11 13:52:13,703 [24] DEBUG LTCPro.ServiceLayer.Log4net - ---Executing GetMonthMasterData() in OrdersController----
2025-12-11 13:52:13,703 [24] DEBUG LTCPro.ServiceLayer.Log4net - ---Executing GetMonthMasterData() in OrdersService----
2025-12-11 13:52:13,705 [24] DEBUG LTCPro.ServiceLayer.Log4net - ---Executed Successfully GetMonthMasterData() in OrdersController----
2025-12-11 13:52:14,332 [29] DEBUG LTCPro.ServiceLayer.Log4net - ---Executed Successfully GetOrderGridData() in OrdersController----
2025-12-11 13:52:14,359 [29] DEBUG LTCPro.ServiceLayer.Log4net - ---Executing GetUserToken() in UserService----
2025-12-11 13:52:14,362 [29] DEBUG LTCPro.ServiceLayer.Log4net - ---Executing GetAllBarcodes() in StockEkitController----
2025-12-11 13:52:14,362 [29] DEBUG LTCPro.ServiceLayer.Log4net - ---Executing GetAllBarcodes() in StockEkitService----
2025-12-11 13:52:14,375 [29] DEBUG LTCPro.ServiceLayer.Log4net - ---Executed Successfully GetAllBarcodes() in StockEkitController----
2025-12-11 13:52:14,563 [24] DEBUG LTCPro.ServiceLayer.Log4net - ---Executing GetUserToken() in UserService----
2025-12-11 13:52:14,567 [24] DEBUG LTCPro.ServiceLayer.Log4net - ---Executing GetOrderGridData() in OrdersController----
2025-12-11 13:52:14,567 [24] DEBUG LTCPro.ServiceLayer.Log4net - ---Executing GetOrderGridData() in OrdersService----
2025-12-11 13:52:15,233 [24] DEBUG LTCPro.ServiceLayer.Log4net - ---Executed Successfully GetOrderGridData() in OrdersController----
2025-12-11 13:52:21,438 [24] DEBUG LTCPro.ServiceLayer.Log4net - ---Executing GetUserToken() in UserService----
2025-12-11 13:52:21,441 [24] DEBUG LTCPro.ServiceLayer.Log4net - ---Executing SearchDrugName() in OrdersController----
2025-12-11 13:52:21,441 [24] DEBUG LTCPro.ServiceLayer.Log4net - ---Executing SearchDrugName() in OrdersService----
2025-12-11 13:52:21,450 [24] DEBUG LTCPro.ServiceLayer.Log4net - ---Executed Successfully SearchDrugName() in OrdersController----
2025-12-11 13:52:34,137 [33] DEBUG LTCPro.ServiceLayer.Log4net - ---Executing GetUserToken() in UserService----
2025-12-11 13:52:34,138 [30] DEBUG LTCPro.ServiceLayer.Log4net - ---Executing GetUserToken() in UserService----
2025-12-11 13:52:34,142 [30] DEBUG LTCPro.ServiceLayer.Log4net - ---Executing DrugToAllergyINT_DTMS() in CheckInPharmacyMedsController----
2025-12-11 13:52:34,142 [30] DEBUG LTCPro.ServiceLayer.Log4net - ---Executing DrugToAllergyINT_DTMS() in CheckInPharmacyMedsService----
2025-12-11 13:52:34,143 [33] DEBUG LTCPro.ServiceLayer.Log4net - ---Executing DrugToDrugINT_DTMS() in CheckInPharmacyMedsController----
2025-12-11 13:52:34,143 [33] DEBUG LTCPro.ServiceLayer.Log4net - ---Executing DrugToDrugINT_DTMS() in CheckInPharmacyMedsService----
2025-12-11 13:52:34,242 [30] DEBUG LTCPro.ServiceLayer.Log4net - ---Executed Successfully DrugToAllergyINT_DTMS() in CheckInPharmacyMedsController----
2025-12-11 13:53:11,099 [33] DEBUG LTCPro.ServiceLayer.Log4net - ---Executed Successfully DrugToDrugINT_DTMS() in CheckInPharmacyMedsController----
2025-12-11 13:53:32,838 [29] DEBUG LTCPro.ServiceLayer.Log4net - ---Executing GetUserToken() in UserService----
2025-12-11 13:53:32,842 [29] DEBUG LTCPro.ServiceLayer.Log4net - ---Executing DrugToDrugINT_DTMS() in CheckInPharmacyMedsController----
2025-12-11 13:53:32,842 [29] DEBUG LTCPro.ServiceLayer.Log4net - ---Executing DrugToDrugINT_DTMS() in CheckInPharmacyMedsService----
2025-12-11 13:53:32,842 [24] DEBUG LTCPro.ServiceLayer.Log4net - ---Executing GetUserToken() in UserService----
2025-12-11 13:53:32,846 [24] DEBUG LTCPro.ServiceLayer.Log4net - ---Executing DrugToAllergyINT_DTMS() in CheckInPharmacyMedsController----
2025-12-11 13:53:32,846 [24] DEBUG LTCPro.ServiceLayer.Log4net - ---Executing DrugToAllergyINT_DTMS() in CheckInPharmacyMedsService----
2025-12-11 13:53:32,939 [24] DEBUG LTCPro.ServiceLayer.Log4net - ---Executed Successfully DrugToAllergyINT_DTMS() in CheckInPharmacyMedsController----
2025-12-11 13:54:09,781 [29] DEBUG LTCPro.ServiceLayer.Log4net - ---Executed Successfully DrugToDrugINT_DTMS() in CheckInPharmacyMedsController----
2025-12-11 13:59:38,358 [36] DEBUG LTCPro.ServiceLayer.Log4net - ---Executing GetUserToken() in UserService----
2025-12-11 13:59:38,359 [27] DEBUG LTCPro.ServiceLayer.Log4net - ---Executing GetUserToken() in UserService----
2025-12-11 13:59:38,366 [36] DEBUG LTCPro.ServiceLayer.Log4net - ---Executing DrugToDrugINT_DTMS() in CheckInPharmacyMedsController----
2025-12-11 13:59:38,366 [36] DEBUG LTCPro.ServiceLayer.Log4net - ---Executing DrugToDrugINT_DTMS() in CheckInPharmacyMedsService----
2025-12-11 13:59:38,369 [27] DEBUG LTCPro.ServiceLayer.Log4net - ---Executing DrugToAllergyINT_DTMS() in CheckInPharmacyMedsController----
2025-12-11 13:59:38,370 [27] DEBUG LTCPro.ServiceLayer.Log4net - ---Executing DrugToAllergyINT_DTMS() in CheckInPharmacyMedsService----
2025-12-11 13:59:38,469 [27] DEBUG LTCPro.ServiceLayer.Log4net - ---Executed Successfully DrugToAllergyINT_DTMS() in CheckInPharmacyMedsController----
2025-12-11 14:00:15,290 [36] DEBUG LTCPro.ServiceLayer.Log4net - ---Executed Successfully DrugToDrugINT_DTMS() in CheckInPharmacyMedsController----
2025-12-11 14:00:31,505 [20] DEBUG LTCPro.ServiceLayer.Log4net - ---Executing GetUserToken() in UserService----
2025-12-11 14:00:31,505 [21] DEBUG LTCPro.ServiceLayer.Log4net - ---Executing GetUserToken() in UserService----
2025-12-11 14:00:31,509 [20] DEBUG LTCPro.ServiceLayer.Log4net - ---Executing DrugToAllergyINT_DTMS() in CheckInPharmacyMedsController----
2025-12-11 14:00:31,509 [20] DEBUG LTCPro.ServiceLayer.Log4net - ---Executing DrugToAllergyINT_DTMS() in CheckInPharmacyMedsService----
2025-12-11 14:00:31,510 [21] DEBUG LTCPro.ServiceLayer.Log4net - ---Executing DrugToDrugINT_DTMS() in CheckInPharmacyMedsController----
2025-12-11 14:00:31,510 [21] DEBUG LTCPro.ServiceLayer.Log4net - ---Executing DrugToDrugINT_DTMS() in CheckInPharmacyMedsService----
2025-12-11 14:00:31,604 [20] DEBUG LTCPro.ServiceLayer.Log4net - ---Executed Successfully DrugToAllergyINT_DTMS() in CheckInPharmacyMedsController----
2025-12-11 14:01:08,601 [21] DEBUG LTCPro.ServiceLayer.Log4net - ---Executed Successfully DrugToDrugINT_DTMS() in CheckInPharmacyMedsController----
2025-12-11 14:04:18,403 [23] DEBUG LTCPro.ServiceLayer.Log4net - ---Executing GetUserToken() in UserService----
2025-12-11 14:04:18,403 [27] DEBUG LTCPro.ServiceLayer.Log4net - ---Executing GetUserToken() in UserService----
2025-12-11 14:04:18,440 [23] DEBUG LTCPro.ServiceLayer.Log4net - ---Executing GetAlertsDetails() in MailboxController----
2025-12-11 14:04:18,440 [23] DEBUG LTCPro.ServiceLayer.Log4net - ---Executing GetAlertsDetails() in MailboxService----
2025-12-11 14:04:18,444 [27] DEBUG LTCPro.ServiceLayer.Log4net - ---Executing GetReadMailsCount() in MailboxController----
2025-12-11 14:04:18,444 [27] DEBUG LTCPro.ServiceLayer.Log4net - ---Executing GetReadMailsCount() in MailboxService----
2025-12-11 14:04:18,446 [23] DEBUG LTCPro.ServiceLayer.Log4net - ---Executed successfully GetAlertsDetails() in MailboxController----
2025-12-11 14:04:18,447 [22] DEBUG LTCPro.ServiceLayer.Log4net - ---Executing GetUserToken() in UserService----
2025-12-11 14:04:18,450 [27] DEBUG LTCPro.ServiceLayer.Log4net - ---Executed successfully GetReadMailsCount() in MailboxController----
2025-12-11 14:04:18,450 [22] DEBUG LTCPro.ServiceLayer.Log4net - ---Executing GetUserPassedDueFlag() in UserController----
2025-12-11 14:04:18,450 [22] DEBUG LTCPro.ServiceLayer.Log4net - ---Executing GetUserPassedDueFlag() in UserService----
2025-12-11 14:04:18,454 [22] DEBUG LTCPro.ServiceLayer.Log4net - ---Executed Successfully GetUserPassedDueFlag() in UserController----
2025-12-11 14:04:18,466 [20] DEBUG LTCPro.ServiceLayer.Log4net - ---Executing GetUserToken() in UserService----
2025-12-11 14:04:18,474 [20] DEBUG LTCPro.ServiceLayer.Log4net - ---Executing GetDueMARAlertData() in EmarController----
2025-12-11 14:04:18,474 [20] DEBUG LTCPro.ServiceLayer.Log4net - ---Executing GetDueMARAlertData() in EmarService----
2025-12-11 14:04:18,477 [23] DEBUG LTCPro.ServiceLayer.Log4net - ---Executing GetUserToken() in UserService----
2025-12-11 14:04:18,478 [27] DEBUG LTCPro.ServiceLayer.Log4net - ---Executing GetUserToken() in UserService----
2025-12-11 14:04:18,480 [23] DEBUG LTCPro.ServiceLayer.Log4net - ---Executing GetOutboundErrorDetails() in CommonController----
2025-12-11 14:04:18,480 [23] DEBUG LTCPro.ServiceLayer.Log4net - ---Executing GetOutboundErrorDetails() in CommonService----
2025-12-11 14:04:18,480 [22] DEBUG LTCPro.ServiceLayer.Log4net - ---Executing GetUserToken() in UserService----
2025-12-11 14:04:18,531 [22] DEBUG LTCPro.ServiceLayer.Log4net - ---Executing GetUserRecentFacNs() in UserController----
2025-12-11 14:04:18,531 [22] DEBUG LTCPro.ServiceLayer.Log4net - ---Executing GetUserRecentFacNs() in UserService----
2025-12-11 14:04:18,531 [23] DEBUG LTCPro.ServiceLayer.Log4net - ---Executed Successfully GetOutboundErrorDetails() in CommonController----
2025-12-11 14:04:18,535 [27] DEBUG LTCPro.ServiceLayer.Log4net - ---Executing GetPendingDosesList() in CommonController----
2025-12-11 14:04:18,535 [27] DEBUG LTCPro.ServiceLayer.Log4net - ---Executing GetPendingDosesList() in CommonService----
2025-12-11 14:04:18,542 [22] DEBUG LTCPro.ServiceLayer.Log4net - ---Executed Successfully GetUserRecentFacNs() in UserController----
2025-12-11 14:04:18,627 [27] DEBUG LTCPro.ServiceLayer.Log4net - ---Executed Successfully GetPendingDosesList() in CommonController----
2025-12-11 14:04:19,022 [23] DEBUG LTCPro.ServiceLayer.Log4net - ---Executing GetUserToken() in UserService----
2025-12-11 14:04:19,065 [20] DEBUG LTCPro.ServiceLayer.Log4net - ---Executed Successfully GetDueMARAlertData() in EmarController----
2025-12-11 14:04:19,253 [22] DEBUG LTCPro.ServiceLayer.Log4net - ---Executing GetUserToken() in UserService----
2025-12-11 14:04:19,256 [22] DEBUG LTCPro.ServiceLayer.Log4net - ---Executing GetUserRecentFacNs() in UserController----
2025-12-11 14:04:19,256 [22] DEBUG LTCPro.ServiceLayer.Log4net - ---Executing GetUserRecentFacNs() in UserService----
2025-12-11 14:04:19,263 [22] DEBUG LTCPro.ServiceLayer.Log4net - ---Executed Successfully GetUserRecentFacNs() in UserController----
2025-12-11 14:04:19,291 [27] DEBUG LTCPro.ServiceLayer.Log4net - ---Executing GetUserToken() in UserService----
2025-12-11 14:04:19,295 [27] DEBUG LTCPro.ServiceLayer.Log4net - ---Executing InsertUserActivityDetails() in CompanyController----
2025-12-11 14:04:19,295 [27] DEBUG LTCPro.ServiceLayer.Log4net - ---Executing InsertUserActivityDetails() in UserActivityService----
2025-12-11 14:04:19,586 [27] DEBUG LTCPro.ServiceLayer.Log4net - ---Executed Successfully InsertUserActivityDetails() in CompanyController----
2025-12-11 14:04:20,743 [27] DEBUG LTCPro.ServiceLayer.Log4net - ---Executing GetUserToken() in UserService----
2025-12-11 14:04:20,788 [27] DEBUG LTCPro.ServiceLayer.Log4net - ---Executing GetUserAccessFacilityNurseStaions() in FacilityController----
2025-12-11 14:04:20,788 [27] DEBUG LTCPro.ServiceLayer.Log4net - ---Executing GetUserAccessFacilityNurseStaions() in FacilityService----
2025-12-11 14:04:20,794 [27] DEBUG LTCPro.ServiceLayer.Log4net - ---Executed Successfully GetUserAccessFacilityNurseStaions() in FacilityController----
2025-12-11 14:04:20,876 [20] DEBUG LTCPro.ServiceLayer.Log4net - ---Executing GetUserToken() in UserService----
2025-12-11 14:04:20,879 [20] DEBUG LTCPro.ServiceLayer.Log4net - ---Executing GetUserAccessFacilityNurseStaions() in FacilityController----
2025-12-11 14:04:20,879 [20] DEBUG LTCPro.ServiceLayer.Log4net - ---Executing GetUserAccessFacilityNurseStaions() in FacilityService----
2025-12-11 14:04:20,885 [20] DEBUG LTCPro.ServiceLayer.Log4net - ---Executed Successfully GetUserAccessFacilityNurseStaions() in FacilityController----
2025-12-11 14:04:21,529 [20] DEBUG LTCPro.ServiceLayer.Log4net - ---Executing GetUserToken() in UserService----
2025-12-11 14:04:21,533 [20] DEBUG LTCPro.ServiceLayer.Log4net - ---Executing UserNurseStationDrop() in FacilityController----
2025-12-11 14:04:21,533 [20] DEBUG LTCPro.ServiceLayer.Log4net - ---Executing UserNurseStationDrop() in FacilityService----
2025-12-11 14:04:21,538 [20] DEBUG LTCPro.ServiceLayer.Log4net - ---Executed Successfully UserNurseStationDrop() in FacilityController----
2025-12-11 14:04:21,731 [27] DEBUG LTCPro.ServiceLayer.Log4net - ---Executing GetUserToken() in UserService----
2025-12-11 14:04:21,735 [27] DEBUG LTCPro.ServiceLayer.Log4net - ---Executing GetCompanyToBedFlagByFacId() in FacilityController----
2025-12-11 14:04:21,736 [27] DEBUG LTCPro.ServiceLayer.Log4net - ---Executing GetCompanyToBedFlagByFacId() in FacilityService----
2025-12-11 14:04:21,763 [27] DEBUG LTCPro.ServiceLayer.Log4net - ---Executed Successfully GetCompanyToBedFlagByFacId() in FacilityController----
2025-12-11 14:04:21,860 [23] DEBUG LTCPro.ServiceLayer.Log4net - ---Executing GetUserToken() in UserService----
2025-12-11 14:04:21,864 [23] DEBUG LTCPro.ServiceLayer.Log4net - ---Executing GetNurseStationHierarchyDetailsbyNsId() in CompanyController----
2025-12-11 14:04:21,864 [23] DEBUG LTCPro.ServiceLayer.Log4net - ---Executing GetNurseStationHierarchyDetailsbyNsId() in CompanyService----
2025-12-11 14:04:21,867 [23] DEBUG LTCPro.ServiceLayer.Log4net - ---Executed Successfully GetNurseStationHierarchyDetailsbyNsId() in CompanyController----
2025-12-11 14:04:21,971 [22] DEBUG LTCPro.ServiceLayer.Log4net - ---Executing GetUserToken() in UserService----
2025-12-11 14:04:21,975 [22] DEBUG LTCPro.ServiceLayer.Log4net - ---Executing GetOrdersGridData() in OrdersController----
2025-12-11 14:04:21,975 [22] DEBUG LTCPro.ServiceLayer.Log4net - ---Executing GetOrdersGridData() in OrdersService----
2025-12-11 14:04:23,986 [22] DEBUG LTCPro.ServiceLayer.Log4net - ---Executed Successfully GetOrdersGridData() in OrdersController----
2025-12-11 14:04:40,388 [22] DEBUG LTCPro.ServiceLayer.Log4net - ---Executing GetUserToken() in UserService----
2025-12-11 14:04:40,399 [22] DEBUG LTCPro.ServiceLayer.Log4net - ---Executing GetReadMailsCount() in MailboxController----
2025-12-11 14:04:40,399 [22] DEBUG LTCPro.ServiceLayer.Log4net - ---Executing GetReadMailsCount() in MailboxService----
2025-12-11 14:04:40,401 [29] DEBUG LTCPro.ServiceLayer.Log4net - ---Executing GetUserToken() in UserService----
2025-12-11 14:04:40,407 [22] DEBUG LTCPro.ServiceLayer.Log4net - ---Executed successfully GetReadMailsCount() in MailboxController----
2025-12-11 14:04:40,413 [16] DEBUG LTCPro.ServiceLayer.Log4net - ---Executing GetUserToken() in UserService----
2025-12-11 14:04:40,414 [29] DEBUG LTCPro.ServiceLayer.Log4net - ---Executing GetUserPassedDueFlag() in UserController----
2025-12-11 14:04:40,414 [29] DEBUG LTCPro.ServiceLayer.Log4net - ---Executing GetUserPassedDueFlag() in UserService----
2025-12-11 14:04:40,418 [16] DEBUG LTCPro.ServiceLayer.Log4net - ---Executing GetDueMARAlertData() in EmarController----
2025-12-11 14:04:40,418 [16] DEBUG LTCPro.ServiceLayer.Log4net - ---Executing GetDueMARAlertData() in EmarService----
2025-12-11 14:04:40,420 [29] DEBUG LTCPro.ServiceLayer.Log4net - ---Executed Successfully GetUserPassedDueFlag() in UserController----
2025-12-11 14:04:40,423 [5] DEBUG LTCPro.ServiceLayer.Log4net - ---Executing GetUserToken() in UserService----
2025-12-11 14:04:40,459 [35] DEBUG LTCPro.ServiceLayer.Log4net - ---Executing GetUserToken() in UserService----
2025-12-11 14:04:40,465 [22] DEBUG LTCPro.ServiceLayer.Log4net - ---Executing GetUserToken() in UserService----
2025-12-11 14:04:40,484 [29] DEBUG LTCPro.ServiceLayer.Log4net - ---Executing GetUserToken() in UserService----
2025-12-11 14:04:40,484 [5] DEBUG LTCPro.ServiceLayer.Log4net - ---Executing GetAlertsDetails() in MailboxController----
2025-12-11 14:04:40,484 [5] DEBUG LTCPro.ServiceLayer.Log4net - ---Executing GetAlertsDetails() in MailboxService----
2025-12-11 14:04:40,485 [35] DEBUG LTCPro.ServiceLayer.Log4net - ---Executing GetOutboundErrorDetails() in CommonController----
2025-12-11 14:04:40,485 [35] DEBUG LTCPro.ServiceLayer.Log4net - ---Executing GetOutboundErrorDetails() in CommonService----
2025-12-11 14:04:40,487 [22] DEBUG LTCPro.ServiceLayer.Log4net - ---Executing GetUserRecentFacNs() in UserController----
2025-12-11 14:04:40,487 [22] DEBUG LTCPro.ServiceLayer.Log4net - ---Executing GetUserRecentFacNs() in UserService----
2025-12-11 14:04:40,493 [29] DEBUG LTCPro.ServiceLayer.Log4net - ---Executing GetUserRecentFacNs() in UserController----
2025-12-11 14:04:40,493 [29] DEBUG LTCPro.ServiceLayer.Log4net - ---Executing GetUserRecentFacNs() in UserService----
2025-12-11 14:04:40,503 [29] DEBUG LTCPro.ServiceLayer.Log4net - ---Executed Successfully GetUserRecentFacNs() in UserController----
2025-12-11 14:04:40,510 [22] DEBUG LTCPro.ServiceLayer.Log4net - ---Executed Successfully GetUserRecentFacNs() in UserController----
2025-12-11 14:04:40,512 [35] DEBUG LTCPro.ServiceLayer.Log4net - ---Executed Successfully GetOutboundErrorDetails() in CommonController----
2025-12-11 14:04:40,513 [5] DEBUG LTCPro.ServiceLayer.Log4net - ---Executed successfully GetAlertsDetails() in MailboxController----
2025-12-11 14:04:40,517 [20] DEBUG LTCPro.ServiceLayer.Log4net - ---Executing GetUserToken() in UserService----
2025-12-11 14:04:40,522 [20] DEBUG LTCPro.ServiceLayer.Log4net - ---Executing GetPendingDosesList() in CommonController----
2025-12-11 14:04:40,522 [20] DEBUG LTCPro.ServiceLayer.Log4net - ---Executing GetPendingDosesList() in CommonService----
2025-12-11 14:04:40,533 [29] DEBUG LTCPro.ServiceLayer.Log4net - ---Executing GetUserToken() in UserService----
2025-12-11 14:04:40,537 [29] DEBUG LTCPro.ServiceLayer.Log4net - ---Executing InsertUserActivityDetails() in CompanyController----
2025-12-11 14:04:40,537 [29] DEBUG LTCPro.ServiceLayer.Log4net - ---Executing InsertUserActivityDetails() in UserActivityService----
2025-12-11 14:04:40,543 [23] DEBUG LTCPro.ServiceLayer.Log4net - ---Executing GetUserToken() in UserService----
2025-12-11 14:04:40,546 [23] DEBUG LTCPro.ServiceLayer.Log4net - ---Executing GetUserAccessFacilityNurseStaions() in FacilityController----
2025-12-11 14:04:40,546 [23] DEBUG LTCPro.ServiceLayer.Log4net - ---Executing GetUserAccessFacilityNurseStaions() in FacilityService----
2025-12-11 14:04:40,546 [35] DEBUG LTCPro.ServiceLayer.Log4net - ---Executing GetUserToken() in UserService----
2025-12-11 14:04:40,550 [35] DEBUG LTCPro.ServiceLayer.Log4net - ---Executing GetUserAccessFacilityNurseStaions() in FacilityController----
2025-12-11 14:04:40,550 [35] DEBUG LTCPro.ServiceLayer.Log4net - ---Executing GetUserAccessFacilityNurseStaions() in FacilityService----
2025-12-11 14:04:40,553 [23] DEBUG LTCPro.ServiceLayer.Log4net - ---Executed Successfully GetUserAccessFacilityNurseStaions() in FacilityController----
2025-12-11 14:04:40,558 [35] DEBUG LTCPro.ServiceLayer.Log4net - ---Executed Successfully GetUserAccessFacilityNurseStaions() in FacilityController----
2025-12-11 14:04:40,573 [31] DEBUG LTCPro.ServiceLayer.Log4net - ---Executing GetUserToken() in UserService----
2025-12-11 14:04:40,579 [31] DEBUG LTCPro.ServiceLayer.Log4net - ---Executing UserNurseStationDrop() in FacilityController----
2025-12-11 14:04:40,579 [31] DEBUG LTCPro.ServiceLayer.Log4net - ---Executing UserNurseStationDrop() in FacilityService----
2025-12-11 14:04:40,587 [31] DEBUG LTCPro.ServiceLayer.Log4net - ---Executed Successfully UserNurseStationDrop() in FacilityController----
2025-12-11 14:04:40,647 [20] DEBUG LTCPro.ServiceLayer.Log4net - ---Executed Successfully GetPendingDosesList() in CommonController----
2025-12-11 14:04:40,662 [22] DEBUG LTCPro.ServiceLayer.Log4net - ---Executing GetUserToken() in UserService----
2025-12-11 14:04:40,666 [22] DEBUG LTCPro.ServiceLayer.Log4net - ---Executing GetCompanyToBedFlagByFacId() in FacilityController----
2025-12-11 14:04:40,666 [22] DEBUG LTCPro.ServiceLayer.Log4net - ---Executing GetCompanyToBedFlagByFacId() in FacilityService----
2025-12-11 14:04:40,721 [22] DEBUG LTCPro.ServiceLayer.Log4net - ---Executed Successfully GetCompanyToBedFlagByFacId() in FacilityController----
2025-12-11 14:04:40,762 [31] DEBUG LTCPro.ServiceLayer.Log4net - ---Executing GetUserToken() in UserService----
2025-12-11 14:04:40,765 [31] DEBUG LTCPro.ServiceLayer.Log4net - ---Executing GetNurseStationHierarchyDetailsbyNsId() in CompanyController----
2025-12-11 14:04:40,766 [31] DEBUG LTCPro.ServiceLayer.Log4net - ---Executing GetNurseStationHierarchyDetailsbyNsId() in CompanyService----
2025-12-11 14:04:40,768 [31] DEBUG LTCPro.ServiceLayer.Log4net - ---Executed Successfully GetNurseStationHierarchyDetailsbyNsId() in CompanyController----
2025-12-11 14:04:40,832 [29] DEBUG LTCPro.ServiceLayer.Log4net - ---Executed Successfully InsertUserActivityDetails() in CompanyController----
2025-12-11 14:04:40,928 [32] DEBUG LTCPro.ServiceLayer.Log4net - ---Executing GetUserToken() in UserService----
2025-12-11 14:04:40,959 [32] DEBUG LTCPro.ServiceLayer.Log4net - ---Executing GetOrdersGridData() in OrdersController----
2025-12-11 14:04:40,959 [32] DEBUG LTCPro.ServiceLayer.Log4net - ---Executing GetOrdersGridData() in OrdersService----
2025-12-11 14:04:40,981 [16] DEBUG LTCPro.ServiceLayer.Log4net - ---Executed Successfully GetDueMARAlertData() in EmarController----
2025-12-11 14:04:43,021 [32] DEBUG LTCPro.ServiceLayer.Log4net - ---Executed Successfully GetOrdersGridData() in OrdersController----
2025-12-11 14:04:53,510 [23] DEBUG LTCPro.ServiceLayer.Log4net - ---Executing GetUserToken() in UserService----
2025-12-11 14:04:53,515 [23] DEBUG LTCPro.ServiceLayer.Log4net - ---Executing GetOrdersGridDataByPatientId() in OrdersController----
2025-12-11 14:04:53,515 [23] DEBUG LTCPro.ServiceLayer.Log4net - ---Executing GetOrdersGridDataByPatientId() in OrdersService----
2025-12-11 14:04:55,482 [23] DEBUG LTCPro.ServiceLayer.Log4net - ---Executed Successfully GetOrdersGridDataByPatientId() in OrdersController----
2025-12-11 14:04:57,081 [27] DEBUG LTCPro.ServiceLayer.Log4net - ---Executing GetUserToken() in UserService----
2025-12-11 14:04:57,086 [27] DEBUG LTCPro.ServiceLayer.Log4net - ---Executing GetFacilityNSResidentsDataByPId() in ResidentDemographicController----
2025-12-11 14:04:57,086 [27] DEBUG LTCPro.ServiceLayer.Log4net - ---Executing GetFacilityNSResidentsDataByPId() in ResidentDemographicService----
2025-12-11 14:04:57,107 [27] DEBUG LTCPro.ServiceLayer.Log4net - ---Executed Successfully GetFacilityNSResidentsDataByPId() in ResidentDemographicController----
2025-12-11 14:04:57,676 [22] DEBUG LTCPro.ServiceLayer.Log4net - ---Executing GetUserToken() in UserService----
2025-12-11 14:04:57,695 [22] DEBUG LTCPro.ServiceLayer.Log4net - ---Executing GetTimeZoneDate() in CommonController----
2025-12-11 14:04:57,695 [22] DEBUG LTCPro.ServiceLayer.Log4net - ---Executing GetTimeZoneDate() in CommonService----
2025-12-11 14:04:57,702 [22] DEBUG LTCPro.ServiceLayer.Log4net - ---Executed Successfully GetTimeZoneDate() in CommonController----
2025-12-11 14:04:57,958 [16] DEBUG LTCPro.ServiceLayer.Log4net - ---Executing GetUserToken() in UserService----
2025-12-11 14:04:58,004 [28] DEBUG LTCPro.ServiceLayer.Log4net - ---Executing GetUserToken() in UserService----
2025-12-11 14:04:58,081 [16] DEBUG LTCPro.ServiceLayer.Log4net - ---Executing GetCpoeSourceDrop() in OrdersController----
2025-12-11 14:04:58,081 [16] DEBUG LTCPro.ServiceLayer.Log4net - ---Executing GetCpoeSourceDrop() in OrdersService----
2025-12-11 14:04:58,193 [28] DEBUG LTCPro.ServiceLayer.Log4net - ---Executing GetPhysicianNPIByRoleRes() in OrdersController----
2025-12-11 14:04:58,193 [28] DEBUG LTCPro.ServiceLayer.Log4net - ---Executing GetPhysicianNPIByRoleRes() in OrdersService----
2025-12-11 14:04:58,217 [35] DEBUG LTCPro.ServiceLayer.Log4net - ---Executing GetUserToken() in UserService----
2025-12-11 14:04:58,222 [23] DEBUG LTCPro.ServiceLayer.Log4net - ---Executing GetUserToken() in UserService----
2025-12-11 14:04:58,222 [35] DEBUG LTCPro.ServiceLayer.Log4net - ---Executing GetPhysicianDropData() in OrdersController----
2025-12-11 14:04:58,222 [35] DEBUG LTCPro.ServiceLayer.Log4net - ---Executing GetPhysicianDropData() in OrdersService----
2025-12-11 14:04:58,227 [23] DEBUG LTCPro.ServiceLayer.Log4net - ---Executing GetOrderRoutes() in OrdersController----
2025-12-11 14:04:58,228 [23] DEBUG LTCPro.ServiceLayer.Log4net - ---Executing GetOrderRoutes() in OrdersService----
2025-12-11 14:04:58,228 [16] DEBUG LTCPro.ServiceLayer.Log4net - ---Executed Successfully GetCpoeSourceDrop() in OrdersController----
2025-12-11 14:04:58,239 [32] DEBUG LTCPro.ServiceLayer.Log4net - ---Executing GetUserToken() in UserService----
2025-12-11 14:04:58,252 [32] DEBUG LTCPro.ServiceLayer.Log4net - ---Executing GetUnitMeasurementsDrop() in OrdersController----
2025-12-11 14:04:58,252 [32] DEBUG LTCPro.ServiceLayer.Log4net - ---Executing GetUnitMeasurementsDrop() in OrdersService----
2025-12-11 14:04:58,252 [23] DEBUG LTCPro.ServiceLayer.Log4net - ---Executed Successfully GetOrderRoutes() in OrdersController----
2025-12-11 14:04:58,269 [31] DEBUG LTCPro.ServiceLayer.Log4net - ---Executing GetUserToken() in UserService----
2025-12-11 14:04:58,270 [32] DEBUG LTCPro.ServiceLayer.Log4net - ---Executed Successfully GetUnitMeasurementsDrop() in OrdersController----
2025-12-11 14:04:58,272 [35] DEBUG LTCPro.ServiceLayer.Log4net - ---Executed Successfully GetPhysicianDropData() in OrdersController----
2025-12-11 14:04:58,274 [31] DEBUG LTCPro.ServiceLayer.Log4net - ---Executing GetQuantityDoseDrop() in OrdersController----
2025-12-11 14:04:58,274 [31] DEBUG LTCPro.ServiceLayer.Log4net - ---Executing GetQuantityDoseDrop() in OrdersService----
2025-12-11 14:04:58,283 [28] DEBUG LTCPro.ServiceLayer.Log4net - ---Executed Successfully GetPhysicianNPIByRoleRes() in OrdersController----
2025-12-11 14:04:58,305 [31] DEBUG LTCPro.ServiceLayer.Log4net - ---Executed Successfully GetQuantityDoseDrop() in OrdersController----
2025-12-11 14:04:58,317 [32] DEBUG LTCPro.ServiceLayer.Log4net - ---Executing GetUserToken() in UserService----
2025-12-11 14:04:58,320 [5] DEBUG LTCPro.ServiceLayer.Log4net - ---Executing GetUserToken() in UserService----
2025-12-11 14:04:58,324 [32] DEBUG LTCPro.ServiceLayer.Log4net - ---Executing GetAllBarcodes() in StockEkitController----
2025-12-11 14:04:58,325 [32] DEBUG LTCPro.ServiceLayer.Log4net - ---Executing GetAllBarcodes() in StockEkitService----
2025-12-11 14:04:58,329 [5] DEBUG LTCPro.ServiceLayer.Log4net - ---Executing GetResidentInformation() in ResidentDemographicController----
2025-12-11 14:04:58,329 [5] DEBUG LTCPro.ServiceLayer.Log4net - ---Executing GetResidentInformation() in ResidentDemographicService----
2025-12-11 14:04:58,378 [32] DEBUG LTCPro.ServiceLayer.Log4net - ---Executed Successfully GetAllBarcodes() in StockEkitController----
2025-12-11 14:04:58,501 [5] DEBUG LTCPro.ServiceLayer.Log4net - ---Executed Successfully GetResidentInformation() in ResidentDemographicController----
2025-12-11 14:04:58,557 [29] DEBUG LTCPro.ServiceLayer.Log4net - ---Executing GetUserToken() in UserService----
2025-12-11 14:04:58,562 [29] DEBUG LTCPro.ServiceLayer.Log4net - ---Executing GetDoseUomDrop() in OrdersController----
2025-12-11 14:04:58,562 [29] DEBUG LTCPro.ServiceLayer.Log4net - ---Executing GetDoseUom() in OrdersService----
2025-12-11 14:04:58,566 [29] DEBUG LTCPro.ServiceLayer.Log4net - ---Executed Successfully GetDoseUomDrop() in OrdersController----
2025-12-11 14:04:58,632 [29] DEBUG LTCPro.ServiceLayer.Log4net - ---Executing GetUserToken() in UserService----
2025-12-11 14:04:58,636 [29] DEBUG LTCPro.ServiceLayer.Log4net - ---Executing GetPatientType() in ResidentDemographicController----
2025-12-11 14:04:58,636 [29] DEBUG LTCPro.ServiceLayer.Log4net - ---Executing GetPatientType() in EmarService----
2025-12-11 14:04:58,649 [22] DEBUG LTCPro.ServiceLayer.Log4net - ---Executing GetUserToken() in UserService----
2025-12-11 14:04:58,654 [22] DEBUG LTCPro.ServiceLayer.Log4net - ---Executing GetFrequencyMasterDataWithShifts() in OrdersController----
2025-12-11 14:04:58,654 [22] DEBUG LTCPro.ServiceLayer.Log4net - ---Executing GetFrequencyMasterDataWithShifts() in OrdersService----
2025-12-11 14:04:58,674 [29] DEBUG LTCPro.ServiceLayer.Log4net - ---Executed Successfully GetPatientType() in ResidentDemographicController----
2025-12-11 14:04:58,813 [29] DEBUG LTCPro.ServiceLayer.Log4net - ---Executing GetUserToken() in UserService----
2025-12-11 14:04:58,817 [29] DEBUG LTCPro.ServiceLayer.Log4net - ---Executing GetWeightList(Patient_Id) in AssessmentController----
2025-12-11 14:04:58,817 [29] DEBUG LTCPro.ServiceLayer.Log4net - ---Executing GetWeightList() in AssessmentService----
2025-12-11 14:04:58,822 [22] DEBUG LTCPro.ServiceLayer.Log4net - ---Executed Successfully GetFrequencyMasterDataWithShifts() in OrdersController----
2025-12-11 14:04:58,876 [29] DEBUG LTCPro.ServiceLayer.Log4net - ---Executed Successfully GetWeightList(Patient_Id) in AssessmentController----
2025-12-11 14:04:58,896 [11] DEBUG LTCPro.ServiceLayer.Log4net - ---Executing GetUserToken() in UserService----
2025-12-11 14:04:58,917 [11] DEBUG LTCPro.ServiceLayer.Log4net - ---Executing GetDiagnosisDetails() in OrdersController----
2025-12-11 14:04:58,917 [11] DEBUG LTCPro.ServiceLayer.Log4net - ---Executing GetDiagnosisDetails() in OrdersService----
2025-12-11 14:04:58,924 [5] DEBUG LTCPro.ServiceLayer.Log4net - ---Executing GetUserToken() in UserService----
2025-12-11 14:04:58,927 [11] DEBUG LTCPro.ServiceLayer.Log4net - ---Executed Successfully GetDiagnosisDetails() in OrdersController----
2025-12-11 14:04:58,928 [5] DEBUG LTCPro.ServiceLayer.Log4net - ---Executing GetCpoeSourceDrop() in OrdersController----
2025-12-11 14:04:58,928 [5] DEBUG LTCPro.ServiceLayer.Log4net - ---Executing GetCpoeSourceDrop() in OrdersService----
2025-12-11 14:04:58,947 [22] DEBUG LTCPro.ServiceLayer.Log4net - ---Executing GetUserToken() in UserService----
2025-12-11 14:04:58,953 [22] DEBUG LTCPro.ServiceLayer.Log4net - ---Executing GetResidentDiagnosisInfo() in ResidentDemographicController----
2025-12-11 14:04:58,953 [22] DEBUG LTCPro.ServiceLayer.Log4net - ---Executing GetResidentDiagnosisInfo() in DiagnosisInfoService----
2025-12-11 14:04:58,962 [22] DEBUG LTCPro.ServiceLayer.Log4net - ---Executed Successfully GetResidentDiagnosisInfo() in ResidentDemographicController----
2025-12-11 14:04:58,966 [5] DEBUG LTCPro.ServiceLayer.Log4net - ---Executed Successfully GetCpoeSourceDrop() in OrdersController----
2025-12-11 14:04:59,178 [29] DEBUG LTCPro.ServiceLayer.Log4net - ---Executing GetUserToken() in UserService----
2025-12-11 14:04:59,280 [29] DEBUG LTCPro.ServiceLayer.Log4net - ---Executing GetFavouritesMasterData() in OrdersController----
2025-12-11 14:04:59,280 [29] DEBUG LTCPro.ServiceLayer.Log4net - ---Executing GetFavouritesMasterData() in OrdersService----
2025-12-11 14:04:59,285 [29] DEBUG LTCPro.ServiceLayer.Log4net - ---Executed Successfully GetFavouritesMasterData() in OrdersController----
2025-12-11 14:04:59,317 [11] DEBUG LTCPro.ServiceLayer.Log4net - ---Executing GetUserToken() in UserService----
2025-12-11 14:04:59,333 [11] DEBUG LTCPro.ServiceLayer.Log4net - ---Executing GetWeekMasterData() in OrdersController----
2025-12-11 14:04:59,333 [11] DEBUG LTCPro.ServiceLayer.Log4net - ---Executing GetWeekMasterData() in OrdersService----
2025-12-11 14:04:59,347 [11] DEBUG LTCPro.ServiceLayer.Log4net - ---Executed Successfully GetWeekMasterData() in OrdersController----
2025-12-11 14:04:59,359 [5] DEBUG LTCPro.ServiceLayer.Log4net - ---Executing GetUserToken() in UserService----
2025-12-11 14:04:59,362 [22] DEBUG LTCPro.ServiceLayer.Log4net - ---Executing GetUserToken() in UserService----
2025-12-11 14:04:59,362 [5] DEBUG LTCPro.ServiceLayer.Log4net - ---Executing GetOrderGridData() in OrdersController----
2025-12-11 14:04:59,362 [5] DEBUG LTCPro.ServiceLayer.Log4net - ---Executing GetOrderGridData() in OrdersService----
2025-12-11 14:04:59,369 [22] DEBUG LTCPro.ServiceLayer.Log4net - ---Executing GetMonthMasterData() in OrdersController----
2025-12-11 14:04:59,369 [22] DEBUG LTCPro.ServiceLayer.Log4net - ---Executing GetMonthMasterData() in OrdersService----
2025-12-11 14:04:59,375 [22] DEBUG LTCPro.ServiceLayer.Log4net - ---Executed Successfully GetMonthMasterData() in OrdersController----
2025-12-11 14:05:00,020 [5] DEBUG LTCPro.ServiceLayer.Log4net - ---Executed Successfully GetOrderGridData() in OrdersController----
2025-12-11 14:05:00,057 [11] DEBUG LTCPro.ServiceLayer.Log4net - ---Executing GetUserToken() in UserService----
2025-12-11 14:05:00,060 [11] DEBUG LTCPro.ServiceLayer.Log4net - ---Executing GetAllBarcodes() in StockEkitController----
2025-12-11 14:05:00,060 [11] DEBUG LTCPro.ServiceLayer.Log4net - ---Executing GetAllBarcodes() in StockEkitService----
2025-12-11 14:05:00,072 [11] DEBUG LTCPro.ServiceLayer.Log4net - ---Executed Successfully GetAllBarcodes() in StockEkitController----
2025-12-11 14:05:00,275 [5] DEBUG LTCPro.ServiceLayer.Log4net - ---Executing GetUserToken() in UserService----
2025-12-11 14:05:00,280 [5] DEBUG LTCPro.ServiceLayer.Log4net - ---Executing GetOrderGridData() in OrdersController----
2025-12-11 14:05:00,280 [5] DEBUG LTCPro.ServiceLayer.Log4net - ---Executing GetOrderGridData() in OrdersService----
2025-12-11 14:05:00,943 [5] DEBUG LTCPro.ServiceLayer.Log4net - ---Executed Successfully GetOrderGridData() in OrdersController----
2025-12-11 14:05:07,230 [22] DEBUG LTCPro.ServiceLayer.Log4net - ---Executing GetUserToken() in UserService----
2025-12-11 14:05:07,234 [22] DEBUG LTCPro.ServiceLayer.Log4net - ---Executing SearchDrugName() in OrdersController----
2025-12-11 14:05:07,234 [22] DEBUG LTCPro.ServiceLayer.Log4net - ---Executing SearchDrugName() in OrdersService----
2025-12-11 14:05:07,243 [22] DEBUG LTCPro.ServiceLayer.Log4net - ---Executed Successfully SearchDrugName() in OrdersController----
2025-12-11 14:05:20,586 [29] DEBUG LTCPro.ServiceLayer.Log4net - ---Executing GetUserToken() in UserService----
2025-12-11 14:05:20,586 [11] DEBUG LTCPro.ServiceLayer.Log4net - ---Executing GetUserToken() in UserService----
2025-12-11 14:05:20,591 [11] DEBUG LTCPro.ServiceLayer.Log4net - ---Executing DrugToDrugINT_DTMS() in CheckInPharmacyMedsController----
2025-12-11 14:05:20,591 [11] DEBUG LTCPro.ServiceLayer.Log4net - ---Executing DrugToDrugINT_DTMS() in CheckInPharmacyMedsService----
2025-12-11 14:05:20,591 [29] DEBUG LTCPro.ServiceLayer.Log4net - ---Executing DrugToAllergyINT_DTMS() in CheckInPharmacyMedsController----
2025-12-11 14:05:20,591 [29] DEBUG LTCPro.ServiceLayer.Log4net - ---Executing DrugToAllergyINT_DTMS() in CheckInPharmacyMedsService----
2025-12-11 14:05:20,686 [29] DEBUG LTCPro.ServiceLayer.Log4net - ---Executed Successfully DrugToAllergyINT_DTMS() in CheckInPharmacyMedsController----
2025-12-11 14:05:57,750 [11] DEBUG LTCPro.ServiceLayer.Log4net - ---Executed Successfully DrugToDrugINT_DTMS() in CheckInPharmacyMedsController----
2025-12-11 14:06:04,371 [11] DEBUG LTCPro.ServiceLayer.Log4net - ---Executing GetUserToken() in UserService----
2025-12-11 14:06:04,371 [21] DEBUG LTCPro.ServiceLayer.Log4net - ---Executing GetUserToken() in UserService----
2025-12-11 14:06:04,376 [11] DEBUG LTCPro.ServiceLayer.Log4net - ---Executing DrugToAllergyINT_DTMS() in CheckInPharmacyMedsController----
2025-12-11 14:06:04,377 [11] DEBUG LTCPro.ServiceLayer.Log4net - ---Executing DrugToAllergyINT_DTMS() in CheckInPharmacyMedsService----
2025-12-11 14:06:04,377 [21] DEBUG LTCPro.ServiceLayer.Log4net - ---Executing DrugToDrugINT_DTMS() in CheckInPharmacyMedsController----
2025-12-11 14:06:04,377 [21] DEBUG LTCPro.ServiceLayer.Log4net - ---Executing DrugToDrugINT_DTMS() in CheckInPharmacyMedsService----
2025-12-11 14:06:04,471 [11] DEBUG LTCPro.ServiceLayer.Log4net - ---Executed Successfully DrugToAllergyINT_DTMS() in CheckInPharmacyMedsController----
2025-12-11 14:06:41,259 [21] DEBUG LTCPro.ServiceLayer.Log4net - ---Executed Successfully DrugToDrugINT_DTMS() in CheckInPharmacyMedsController----
2025-12-11 14:12:48,814 [13] DEBUG LTCPro.ServiceLayer.Log4net - ---Executing GetUserToken() in UserService----
2025-12-11 14:12:48,815 [14] DEBUG LTCPro.ServiceLayer.Log4net - ---Executing GetUserToken() in UserService----
2025-12-11 14:12:48,824 [19] DEBUG LTCPro.ServiceLayer.Log4net - ---Executing GetUserToken() in UserService----
2025-12-11 14:12:48,832 [26] DEBUG LTCPro.ServiceLayer.Log4net - ---Executing GetUserToken() in UserService----
2025-12-11 14:12:48,838 [13] DEBUG LTCPro.ServiceLayer.Log4net - ---Executing GetOutboundErrorDetails() in CommonController----
2025-12-11 14:12:48,841 [13] DEBUG LTCPro.ServiceLayer.Log4net - ---Executing GetOutboundErrorDetails() in CommonService----
2025-12-11 14:12:48,867 [14] DEBUG LTCPro.ServiceLayer.Log4net - ---Executing GetAlertsDetails() in MailboxController----
2025-12-11 14:12:48,867 [14] DEBUG LTCPro.ServiceLayer.Log4net - ---Executing GetAlertsDetails() in MailboxService----
2025-12-11 14:12:48,871 [26] DEBUG LTCPro.ServiceLayer.Log4net - ---Executing GetReadMailsCount() in MailboxController----
2025-12-11 14:12:48,871 [26] DEBUG LTCPro.ServiceLayer.Log4net - ---Executing GetReadMailsCount() in MailboxService----
2025-12-11 14:12:48,881 [19] DEBUG LTCPro.ServiceLayer.Log4net - ---Executing GetDueMARAlertData() in EmarController----
2025-12-11 14:12:48,881 [19] DEBUG LTCPro.ServiceLayer.Log4net - ---Executing GetDueMARAlertData() in EmarService----
2025-12-11 14:12:48,883 [14] DEBUG LTCPro.ServiceLayer.Log4net - ---Executed successfully GetAlertsDetails() in MailboxController----
2025-12-11 14:12:48,913 [13] DEBUG LTCPro.ServiceLayer.Log4net - ---Executed Successfully GetOutboundErrorDetails() in CommonController----
2025-12-11 14:12:48,914 [26] DEBUG LTCPro.ServiceLayer.Log4net - ---Executed successfully GetReadMailsCount() in MailboxController----
2025-12-11 14:12:48,932 [14] DEBUG LTCPro.ServiceLayer.Log4net - ---Executing GetUserToken() in UserService----
2025-12-11 14:12:48,935 [14] DEBUG LTCPro.ServiceLayer.Log4net - ---Executing GetUserRecentFacNs() in UserController----
2025-12-11 14:12:48,935 [14] DEBUG LTCPro.ServiceLayer.Log4net - ---Executing GetUserRecentFacNs() in UserService----
2025-12-11 14:12:48,941 [14] DEBUG LTCPro.ServiceLayer.Log4net - ---Executed Successfully GetUserRecentFacNs() in UserController----
2025-12-11 14:12:48,946 [26] DEBUG LTCPro.ServiceLayer.Log4net - ---Executing GetUserToken() in UserService----
2025-12-11 14:12:48,952 [26] DEBUG LTCPro.ServiceLayer.Log4net - ---Executing GetUserPassedDueFlag() in UserController----
2025-12-11 14:12:48,952 [26] DEBUG LTCPro.ServiceLayer.Log4net - ---Executing GetUserPassedDueFlag() in UserService----
2025-12-11 14:12:48,955 [13] DEBUG LTCPro.ServiceLayer.Log4net - ---Executing GetUserToken() in UserService----
2025-12-11 14:12:48,956 [26] DEBUG LTCPro.ServiceLayer.Log4net - ---Executed Successfully GetUserPassedDueFlag() in UserController----
2025-12-11 14:12:48,960 [13] DEBUG LTCPro.ServiceLayer.Log4net - ---Executing GetPendingDosesList() in CommonController----
2025-12-11 14:12:48,960 [13] DEBUG LTCPro.ServiceLayer.Log4net - ---Executing GetPendingDosesList() in CommonService----
2025-12-11 14:12:48,977 [26] DEBUG LTCPro.ServiceLayer.Log4net - ---Executing GetUserToken() in UserService----
2025-12-11 14:12:48,977 [14] DEBUG LTCPro.ServiceLayer.Log4net - ---Executing GetUserToken() in UserService----
2025-12-11 14:12:48,981 [26] DEBUG LTCPro.ServiceLayer.Log4net - ---Executing GetUserRecentFacNs() in UserController----
2025-12-11 14:12:48,981 [26] DEBUG LTCPro.ServiceLayer.Log4net - ---Executing GetUserRecentFacNs() in UserService----
2025-12-11 14:12:48,990 [26] DEBUG LTCPro.ServiceLayer.Log4net - ---Executed Successfully GetUserRecentFacNs() in UserController----
2025-12-11 14:12:49,000 [14] DEBUG LTCPro.ServiceLayer.Log4net - ---Executing GetUserToken() in UserService----
2025-12-11 14:12:49,003 [14] DEBUG LTCPro.ServiceLayer.Log4net - ---Executing GetUserAccessFacilityNurseStaions() in FacilityController----
2025-12-11 14:12:49,003 [14] DEBUG LTCPro.ServiceLayer.Log4net - ---Executing GetUserAccessFacilityNurseStaions() in FacilityService----
2025-12-11 14:12:49,007 [26] DEBUG LTCPro.ServiceLayer.Log4net - ---Executing GetUserToken() in UserService----
2025-12-11 14:12:49,012 [26] DEBUG LTCPro.ServiceLayer.Log4net - ---Executing InsertUserActivityDetails() in CompanyController----
2025-12-11 14:12:49,012 [26] DEBUG LTCPro.ServiceLayer.Log4net - ---Executing InsertUserActivityDetails() in UserActivityService----
2025-12-11 14:12:49,012 [14] DEBUG LTCPro.ServiceLayer.Log4net - ---Executed Successfully GetUserAccessFacilityNurseStaions() in FacilityController----
2025-12-11 14:12:49,027 [14] DEBUG LTCPro.ServiceLayer.Log4net - ---Executing GetUserToken() in UserService----
2025-12-11 14:12:49,030 [14] DEBUG LTCPro.ServiceLayer.Log4net - ---Executing GetUserAccessFacilityNurseStaions() in FacilityController----
2025-12-11 14:12:49,030 [14] DEBUG LTCPro.ServiceLayer.Log4net - ---Executing GetUserAccessFacilityNurseStaions() in FacilityService----
2025-12-11 14:12:49,035 [14] DEBUG LTCPro.ServiceLayer.Log4net - ---Executed Successfully GetUserAccessFacilityNurseStaions() in FacilityController----
2025-12-11 14:12:49,052 [13] DEBUG LTCPro.ServiceLayer.Log4net - ---Executed Successfully GetPendingDosesList() in CommonController----
2025-12-11 14:12:49,059 [14] DEBUG LTCPro.ServiceLayer.Log4net - ---Executing GetUserToken() in UserService----
2025-12-11 14:12:49,062 [14] DEBUG LTCPro.ServiceLayer.Log4net - ---Executing UserNurseStationDrop() in FacilityController----
2025-12-11 14:12:49,062 [14] DEBUG LTCPro.ServiceLayer.Log4net - ---Executing UserNurseStationDrop() in FacilityService----
2025-12-11 14:12:49,066 [14] DEBUG LTCPro.ServiceLayer.Log4net - ---Executed Successfully UserNurseStationDrop() in FacilityController----
2025-12-11 14:12:49,116 [13] DEBUG LTCPro.ServiceLayer.Log4net - ---Executing GetUserToken() in UserService----
2025-12-11 14:12:49,146 [13] DEBUG LTCPro.ServiceLayer.Log4net - ---Executing GetCompanyToBedFlagByFacId() in FacilityController----
2025-12-11 14:12:49,147 [13] DEBUG LTCPro.ServiceLayer.Log4net - ---Executing GetCompanyToBedFlagByFacId() in FacilityService----
2025-12-11 14:12:49,220 [13] DEBUG LTCPro.ServiceLayer.Log4net - ---Executed Successfully GetCompanyToBedFlagByFacId() in FacilityController----
2025-12-11 14:12:49,266 [13] DEBUG LTCPro.ServiceLayer.Log4net - ---Executing GetUserToken() in UserService----
2025-12-11 14:12:49,270 [13] DEBUG LTCPro.ServiceLayer.Log4net - ---Executing GetNurseStationHierarchyDetailsbyNsId() in CompanyController----
2025-12-11 14:12:49,270 [13] DEBUG LTCPro.ServiceLayer.Log4net - ---Executing GetNurseStationHierarchyDetailsbyNsId() in CompanyService----
2025-12-11 14:12:49,275 [13] DEBUG LTCPro.ServiceLayer.Log4net - ---Executed Successfully GetNurseStationHierarchyDetailsbyNsId() in CompanyController----
2025-12-11 14:12:49,331 [26] DEBUG LTCPro.ServiceLayer.Log4net - ---Executed Successfully InsertUserActivityDetails() in CompanyController----
2025-12-11 14:12:49,480 [19] DEBUG LTCPro.ServiceLayer.Log4net - ---Executed Successfully GetDueMARAlertData() in EmarController----
2025-12-11 14:12:49,536 [14] DEBUG LTCPro.ServiceLayer.Log4net - ---Executing GetUserToken() in UserService----
2025-12-11 14:12:49,539 [14] DEBUG LTCPro.ServiceLayer.Log4net - ---Executing GetOrdersGridData() in OrdersController----
2025-12-11 14:12:49,539 [14] DEBUG LTCPro.ServiceLayer.Log4net - ---Executing GetOrdersGridData() in OrdersService----
2025-12-11 14:12:51,562 [14] DEBUG LTCPro.ServiceLayer.Log4net - ---Executed Successfully GetOrdersGridData() in OrdersController----
2025-12-11 14:32:48,884 [60] DEBUG LTCPro.ServiceLayer.Log4net - ---Executing LogoutUser() in UserController----
2025-12-11 14:32:48,912 [60] DEBUG LTCPro.ServiceLayer.Log4net - ---Executing LogoutUser() in UserService----
2025-12-11 14:32:50,331 [60] ERROR LTCPro.ServiceLayer.Log4net - ===================================
2025-12-11 14:32:50,364 [60] ERROR LTCPro.ServiceLayer.Log4net -  Source : = mscorlib
2025-12-11 14:32:50,375 [60] ERROR LTCPro.ServiceLayer.Log4net -  Stack Trace : =    at System.Threading.Tasks.Task.ThrowIfExceptional(Boolean includeTaskCanceledExceptions)
   at System.Threading.Tasks.Task`1.GetResultCore(Boolean waitCompletionNotification)
   at System.Threading.Tasks.Task`1.get_Result()
   at WebApi.Controllers.UserController.LogoutUser(Int32 userId) in E:\EmarLiveWithDTMS\Emar Service Latest 1\WebApi\Controllers\UserController.cs:line 79
   at lambda_method(Closure , Object , Object[] )
   at System.Web.Http.Controllers.ReflectedHttpActionDescriptor.ActionExecutor.<>c__DisplayClass6_1.<GetExecutor>b__3(Object instance, Object[] methodParameters)
   at System.Web.Http.Controllers.ReflectedHttpActionDescriptor.ActionExecutor.Execute(Object instance, Object[] arguments)
   at System.Web.Http.Controllers.ReflectedHttpActionDescriptor.ExecuteAsync(HttpControllerContext controllerContext, IDictionary`2 arguments, CancellationToken cancellationToken)
--- End of stack trace from previous location where exception was thrown ---
   at System.Runtime.CompilerServices.TaskAwaiter.ThrowForNonSuccess(Task task)
   at System.Runtime.CompilerServices.TaskAwaiter.HandleNonSuccessAndDebuggerNotification(Task task)
   at System.Web.Http.Controllers.ApiControllerActionInvoker.<InvokeActionAsyncCore>d__1.MoveNext()
--- End of stack trace from previous location where exception was thrown ---
   at System.Runtime.CompilerServices.TaskAwaiter.ThrowForNonSuccess(Task task)
   at System.Runtime.CompilerServices.TaskAwaiter.HandleNonSuccessAndDebuggerNotification(Task task)
   at System.Web.Http.Controllers.ActionFilterResult.<ExecuteAsync>d__5.MoveNext()
--- End of stack trace from previous location where exception was thrown ---
   at System.Runtime.CompilerServices.TaskAwaiter.ThrowForNonSuccess(Task task)
   at System.Runtime.CompilerServices.TaskAwaiter.HandleNonSuccessAndDebuggerNotification(Task task)
   at System.Web.Http.Filters.AuthorizationFilterAttribute.<ExecuteAuthorizationFilterAsyncCore>d__3.MoveNext()
--- End of stack trace from previous location where exception was thrown ---
   at System.Runtime.CompilerServices.TaskAwaiter.ThrowForNonSuccess(Task task)
   at System.Runtime.CompilerServices.TaskAwaiter.HandleNonSuccessAndDebuggerNotification(Task task)
   at System.Web.Http.Controllers.ExceptionFilterResult.<ExecuteAsync>d__6.MoveNext()
2025-12-11 14:32:50,375 [60] ERROR LTCPro.ServiceLayer.Log4net -  Exception Message : = One or more errors occurred.
2025-12-11 14:32:50,375 [60] ERROR LTCPro.ServiceLayer.Log4net - ============= Inner Exception  Stack Trace  ===========
2025-12-11 14:32:50,375 [60] ERROR LTCPro.ServiceLayer.Log4net -  Inner Exception  Stack Trace : =    at System.Threading.Tasks.Task.ThrowIfExceptional(Boolean includeTaskCanceledExceptions)
   at System.Threading.Tasks.Task`1.GetResultCore(Boolean waitCompletionNotification)
   at System.Threading.Tasks.Task`1.get_Result()
   at WebApi.Controllers.UserController.LogoutUser(Int32 userId) in E:\EmarLiveWithDTMS\Emar Service Latest 1\WebApi\Controllers\UserController.cs:line 79
   at lambda_method(Closure , Object , Object[] )
   at System.Web.Http.Controllers.ReflectedHttpActionDescriptor.ActionExecutor.<>c__DisplayClass6_1.<GetExecutor>b__3(Object instance, Object[] methodParameters)
   at System.Web.Http.Controllers.ReflectedHttpActionDescriptor.ActionExecutor.Execute(Object instance, Object[] arguments)
   at System.Web.Http.Controllers.ReflectedHttpActionDescriptor.ExecuteAsync(HttpControllerContext controllerContext, IDictionary`2 arguments, CancellationToken cancellationToken)
--- End of stack trace from previous location where exception was thrown ---
   at System.Runtime.CompilerServices.TaskAwaiter.ThrowForNonSuccess(Task task)
   at System.Runtime.CompilerServices.TaskAwaiter.HandleNonSuccessAndDebuggerNotification(Task task)
   at System.Web.Http.Controllers.ApiControllerActionInvoker.<InvokeActionAsyncCore>d__1.MoveNext()
--- End of stack trace from previous location where exception was thrown ---
   at System.Runtime.CompilerServices.TaskAwaiter.ThrowForNonSuccess(Task task)
   at System.Runtime.CompilerServices.TaskAwaiter.HandleNonSuccessAndDebuggerNotification(Task task)
   at System.Web.Http.Controllers.ActionFilterResult.<ExecuteAsync>d__5.MoveNext()
--- End of stack trace from previous location where exception was thrown ---
   at System.Runtime.CompilerServices.TaskAwaiter.ThrowForNonSuccess(Task task)
   at System.Runtime.CompilerServices.TaskAwaiter.HandleNonSuccessAndDebuggerNotification(Task task)
   at System.Web.Http.Filters.AuthorizationFilterAttribute.<ExecuteAuthorizationFilterAsyncCore>d__3.MoveNext()
--- End of stack trace from previous location where exception was thrown ---
   at System.Runtime.CompilerServices.TaskAwaiter.ThrowForNonSuccess(Task task)
   at System.Runtime.CompilerServices.TaskAwaiter.HandleNonSuccessAndDebuggerNotification(Task task)
   at System.Web.Http.Controllers.ExceptionFilterResult.<ExecuteAsync>d__6.MoveNext()
2025-12-11 14:32:50,375 [60] ERROR LTCPro.ServiceLayer.Log4net - =============  Exception  Stack Trace End  ===========
2025-12-11 14:32:50,375 [60] ERROR LTCPro.ServiceLayer.Log4net - ============= Inner Exception  Message  ===========
2025-12-11 14:32:50,375 [60] ERROR LTCPro.ServiceLayer.Log4net -  Inner Exception Message : = An error occurred while updating the entries. See the inner exception for details.
2025-12-11 14:32:50,375 [60] ERROR LTCPro.ServiceLayer.Log4net - ============= Inner Exception  Message End  ===========
