2022-11-18 06:26:31,315 [8] DEBUG LTCPro.ServiceLayer.Log4net - ---Executing UsersConfigNurseStationDrop() in FacilityController----
2022-11-18 06:26:31,401 [8] DEBUG LTCPro.ServiceLayer.Log4net - ---Executing UsersConfigNurseStationDrop() in FacilityService----
2022-11-18 06:26:33,924 [8] DEBUG LTCPro.ServiceLayer.Log4net - ---Executed Successfully UsersConfigNurseStationDrop() in FacilityController----
2022-11-18 06:26:34,406 [7] DEBUG LTCPro.ServiceLayer.Log4net - ---Executing GetProcessKeyMasterList() in FacilityController----
2022-11-18 06:26:34,431 [7] DEBUG LTCPro.ServiceLayer.Log4net - ---Executing GetProcessKeyMasterList() in FacilityService----
2022-11-18 06:26:34,474 [7] DEBUG LTCPro.ServiceLayer.Log4net - ---Executed Successfully GetProcessKeyMasterList() in FacilityController----
2022-11-18 06:26:35,118 [7] DEBUG LTCPro.ServiceLayer.Log4net - ---Executing GetProcessKeyMasterList() in FacilityController----
2022-11-18 06:26:35,118 [7] DEBUG LTCPro.ServiceLayer.Log4net - ---Executing GetProcessKeyMasterList() in FacilityService----
2022-11-18 06:26:35,124 [7] DEBUG LTCPro.ServiceLayer.Log4net - ---Executed Successfully GetProcessKeyMasterList() in FacilityController----
2022-11-18 06:26:36,356 [9] DEBUG LTCPro.ServiceLayer.Log4net - ---Executing CheckUser() in UserService----
2022-11-18 06:26:36,886 [9] DEBUG LTCPro.ServiceLayer.Log4net - ---Executing FindUser() in UserService----
2022-11-18 06:26:37,120 [9] DEBUG LTCPro.ServiceLayer.Log4net - ---Executing InsertUserSession() in UserService----
2022-11-18 06:26:37,332 [9] DEBUG LTCPro.ServiceLayer.Log4net - ---Executing InsertUserToken() in UserService----
2022-11-18 06:26:37,524 [7] DEBUG LTCPro.ServiceLayer.Log4net - ---Executing GetScreenPermissionsForLoggedInUser() in RoleController----
2022-11-18 06:26:37,537 [5] DEBUG LTCPro.ServiceLayer.Log4net - ---Executing InsertUpdateUserRecentFacNs() in UserController----
2022-11-18 06:26:37,570 [7] DEBUG LTCPro.ServiceLayer.Log4net - ---Executing GetScreenPermissionsForLoggedInUser() in RoleService----
2022-11-18 06:26:37,592 [5] DEBUG LTCPro.ServiceLayer.Log4net - ---Executing GetUserRecentFacNs() in UserService----
2022-11-18 06:26:37,666 [7] DEBUG LTCPro.ServiceLayer.Log4net - ---Executed Successfully GetScreenPermissionsForLoggedInUser() in RoleController----
2022-11-18 06:26:37,836 [7] DEBUG LTCPro.ServiceLayer.Log4net - ---Executing GetUserToken() in UserService----
2022-11-18 06:26:37,853 [5] DEBUG LTCPro.ServiceLayer.Log4net - ---Executing InsertUpdateUserRecentFacNs() in CommonService----
2022-11-18 06:26:37,882 [7] DEBUG LTCPro.ServiceLayer.Log4net - ---Executing GetUserPassedDueFlag() in UserController----
2022-11-18 06:26:37,882 [7] DEBUG LTCPro.ServiceLayer.Log4net - ---Executing GetUserPassedDueFlag() in UserService----
2022-11-18 06:26:37,909 [7] DEBUG LTCPro.ServiceLayer.Log4net - ---Executed Successfully GetUserPassedDueFlag() in UserController----
2022-11-18 06:26:37,935 [11] DEBUG LTCPro.ServiceLayer.Log4net - ---Executing GetUserToken() in UserService----
2022-11-18 06:26:37,941 [9] DEBUG LTCPro.ServiceLayer.Log4net - ---Executing GetUserToken() in UserService----
2022-11-18 06:26:37,942 [5] DEBUG LTCPro.ServiceLayer.Log4net - ---Executed Successfully InsertUpdateUserRecentFacNs() in UserController----
2022-11-18 06:26:37,950 [11] DEBUG LTCPro.ServiceLayer.Log4net - ---Executing GetAlertsDetails() in MailboxController----
2022-11-18 06:26:37,951 [11] DEBUG LTCPro.ServiceLayer.Log4net - ---Executing GetAlertsDetails() in MailboxService----
2022-11-18 06:26:37,969 [9] DEBUG LTCPro.ServiceLayer.Log4net - ---Executing GetReadMailsCount() in MailboxController----
2022-11-18 06:26:37,973 [7] DEBUG LTCPro.ServiceLayer.Log4net - ---Executing GetUserToken() in UserService----
2022-11-18 06:26:37,980 [7] DEBUG LTCPro.ServiceLayer.Log4net - ---Executing GetOutboundErrorDetails() in CommonController----
2022-11-18 06:26:37,981 [7] DEBUG LTCPro.ServiceLayer.Log4net - ---Executing GetOutboundErrorDetails() in CommonService----
2022-11-18 06:26:37,981 [5] DEBUG LTCPro.ServiceLayer.Log4net - ---Executing GetUserToken() in UserService----
2022-11-18 06:26:37,986 [9] DEBUG LTCPro.ServiceLayer.Log4net - ---Executing GetReadMailsCount() in MailboxService----
2022-11-18 06:26:37,988 [5] DEBUG LTCPro.ServiceLayer.Log4net - ---Executing GetDueMARAlertData() in EmarController----
2022-11-18 06:26:38,010 [5] DEBUG LTCPro.ServiceLayer.Log4net - ---Executing GetDueMARAlertData() in EmarService----
2022-11-18 06:26:38,021 [9] DEBUG LTCPro.ServiceLayer.Log4net - ---Executed successfully GetReadMailsCount() in MailboxController----
2022-11-18 06:26:38,044 [9] DEBUG LTCPro.ServiceLayer.Log4net - ---Executing GetUserToken() in UserService----
2022-11-18 06:26:38,190 [9] DEBUG LTCPro.ServiceLayer.Log4net - ---Executing GetUserRecentFacNs() in UserController----
2022-11-18 06:26:38,190 [9] DEBUG LTCPro.ServiceLayer.Log4net - ---Executing GetUserRecentFacNs() in UserService----
2022-11-18 06:26:38,221 [11] DEBUG LTCPro.ServiceLayer.Log4net - ---Executed successfully GetAlertsDetails() in MailboxController----
2022-11-18 06:26:38,224 [9] DEBUG LTCPro.ServiceLayer.Log4net - ---Executed Successfully GetUserRecentFacNs() in UserController----
2022-11-18 06:26:38,246 [11] DEBUG LTCPro.ServiceLayer.Log4net - ---Executing GetUserToken() in UserService----
2022-11-18 06:26:38,252 [11] DEBUG LTCPro.ServiceLayer.Log4net - ---Executing GetPendingDosesList() in CommonController----
2022-11-18 06:26:38,252 [9] DEBUG LTCPro.ServiceLayer.Log4net - ---Executing GetUserToken() in UserService----
2022-11-18 06:26:38,252 [11] DEBUG LTCPro.ServiceLayer.Log4net - ---Executing GetPendingDosesList() in CommonService----
2022-11-18 06:26:38,357 [7] DEBUG LTCPro.ServiceLayer.Log4net - ---Executed Successfully GetOutboundErrorDetails() in CommonController----
2022-11-18 06:26:38,439 [11] DEBUG LTCPro.ServiceLayer.Log4net - ---Executed Successfully GetPendingDosesList() in CommonController----
2022-11-18 06:26:38,455 [7] DEBUG LTCPro.ServiceLayer.Log4net - ---Executing GetUserToken() in UserService----
2022-11-18 06:26:38,492 [11] DEBUG LTCPro.ServiceLayer.Log4net - ---Executing GetUserToken() in UserService----
2022-11-18 06:26:38,503 [7] DEBUG LTCPro.ServiceLayer.Log4net - ---Executing GetUserActiveCompanyMasterList() in CompanyController----
2022-11-18 06:26:38,503 [11] DEBUG LTCPro.ServiceLayer.Log4net - ---Executing GetUserAccessFacilityNurseStaions() in FacilityController----
2022-11-18 06:26:38,503 [7] DEBUG LTCPro.ServiceLayer.Log4net - ---Executing GetActiveCompanyMasterList() in CompanyService----
2022-11-18 06:26:38,504 [11] DEBUG LTCPro.ServiceLayer.Log4net - ---Executing GetUserAccessFacilityNurseStaions() in FacilityService----
2022-11-18 06:26:38,550 [9] DEBUG LTCPro.ServiceLayer.Log4net - ---Executing InsertUserActivityDetails() in CompanyController----
2022-11-18 06:26:38,551 [9] DEBUG LTCPro.ServiceLayer.Log4net - ---Executing InsertUserActivityDetails() in UserActivityService----
2022-11-18 06:26:38,605 [9] DEBUG LTCPro.ServiceLayer.Log4net - ---Executed Successfully InsertUserActivityDetails() in CompanyController----
2022-11-18 06:26:38,609 [11] DEBUG LTCPro.ServiceLayer.Log4net - ---Executed Successfully GetUserAccessFacilityNurseStaions() in FacilityController----
2022-11-18 06:26:38,610 [5] DEBUG LTCPro.ServiceLayer.Log4net - ---Executed Successfully GetDueMARAlertData() in EmarController----
2022-11-18 06:26:38,649 [7] DEBUG LTCPro.ServiceLayer.Log4net - ---Executed Successfully GetUserActiveCompanyMasterList() in CompanyController----
2022-11-18 06:26:45,240 [8] DEBUG LTCPro.ServiceLayer.Log4net - ---Executing GetUserToken() in UserService----
2022-11-18 06:26:45,247 [8] DEBUG LTCPro.ServiceLayer.Log4net - ---Executing InsertUserActivityDetails() in CompanyController----
2022-11-18 06:26:45,247 [8] DEBUG LTCPro.ServiceLayer.Log4net - ---Executing InsertUserActivityDetails() in UserActivityService----
2022-11-18 06:26:45,248 [7] DEBUG LTCPro.ServiceLayer.Log4net - ---Executing GetUserToken() in UserService----
2022-11-18 06:26:45,256 [7] DEBUG LTCPro.ServiceLayer.Log4net - ---Executing GetUserRecentFacNs() in UserController----
2022-11-18 06:26:45,258 [8] DEBUG LTCPro.ServiceLayer.Log4net - ---Executed Successfully InsertUserActivityDetails() in CompanyController----
2022-11-18 06:26:45,276 [7] DEBUG LTCPro.ServiceLayer.Log4net - ---Executing GetUserRecentFacNs() in UserService----
2022-11-18 06:26:45,287 [7] DEBUG LTCPro.ServiceLayer.Log4net - ---Executed Successfully GetUserRecentFacNs() in UserController----
2022-11-18 06:26:45,366 [5] DEBUG LTCPro.ServiceLayer.Log4net - ---Executing GetUserToken() in UserService----
2022-11-18 06:26:45,372 [5] DEBUG LTCPro.ServiceLayer.Log4net - ---Executing GetUserAccessFacilityNurseStaions() in FacilityController----
2022-11-18 06:26:45,372 [5] DEBUG LTCPro.ServiceLayer.Log4net - ---Executing GetUserAccessFacilityNurseStaions() in FacilityService----
2022-11-18 06:26:45,382 [5] DEBUG LTCPro.ServiceLayer.Log4net - ---Executed Successfully GetUserAccessFacilityNurseStaions() in FacilityController----
2022-11-18 06:26:45,408 [8] DEBUG LTCPro.ServiceLayer.Log4net - ---Executing GetUserToken() in UserService----
2022-11-18 06:26:45,415 [8] DEBUG LTCPro.ServiceLayer.Log4net - ---Executing UserNurseStationDrop() in FacilityController----
2022-11-18 06:26:45,416 [8] DEBUG LTCPro.ServiceLayer.Log4net - ---Executing UserNurseStationDrop() in FacilityService----
2022-11-18 06:26:45,432 [8] DEBUG LTCPro.ServiceLayer.Log4net - ---Executed Successfully UserNurseStationDrop() in FacilityController----
2022-11-18 06:26:45,476 [7] DEBUG LTCPro.ServiceLayer.Log4net - ---Executing GetUserToken() in UserService----
2022-11-18 06:26:45,482 [7] DEBUG LTCPro.ServiceLayer.Log4net - ---Executing GetTimeZoneDate() in CommonController----
2022-11-18 06:26:45,483 [7] DEBUG LTCPro.ServiceLayer.Log4net - ---Executing GetTimeZoneDate() in CommonService----
2022-11-18 06:26:45,510 [7] DEBUG LTCPro.ServiceLayer.Log4net - ---Executed Successfully GetTimeZoneDate() in CommonController----
2022-11-18 06:26:45,535 [5] DEBUG LTCPro.ServiceLayer.Log4net - ---Executing GetUserToken() in UserService----
2022-11-18 06:26:45,541 [5] DEBUG LTCPro.ServiceLayer.Log4net - ---Executing GpiList() in FacilityController----
2022-11-18 06:26:45,542 [5] DEBUG LTCPro.ServiceLayer.Log4net - ---Executing UserNurseStationDrop() in FacilityService----
2022-11-18 06:26:45,569 [5] DEBUG LTCPro.ServiceLayer.Log4net - ---Executed Successfully GpiList() in FacilityController----
2022-11-18 06:26:45,649 [7] DEBUG LTCPro.ServiceLayer.Log4net - ---Executing GetUserToken() in UserService----
2022-11-18 06:26:45,682 [7] DEBUG LTCPro.ServiceLayer.Log4net - ---Executing GetCommonDashboard() in DashboardsController----
2022-11-18 06:26:45,683 [7] DEBUG LTCPro.ServiceLayer.Log4net - ---Executing GetCommonDashboard() in DashboardsService---- 
2022-11-18 06:26:45,736 [7] DEBUG LTCPro.ServiceLayer.Log4net - ---Executed Successfully GetCommonDashboard() DashboardsController----
2022-11-18 06:26:50,124 [5] DEBUG LTCPro.ServiceLayer.Log4net - ---Executing GetUserToken() in UserService----
2022-11-18 06:26:50,129 [5] DEBUG LTCPro.ServiceLayer.Log4net - ---Executing GpiList() in FacilityController----
2022-11-18 06:26:50,130 [5] DEBUG LTCPro.ServiceLayer.Log4net - ---Executing UserNurseStationDrop() in FacilityService----
2022-11-18 06:26:50,134 [5] DEBUG LTCPro.ServiceLayer.Log4net - ---Executed Successfully GpiList() in FacilityController----
2022-11-18 06:26:51,008 [5] DEBUG LTCPro.ServiceLayer.Log4net - ---Executing GetUserToken() in UserService----
2022-11-18 06:26:51,014 [5] DEBUG LTCPro.ServiceLayer.Log4net - ---Executing GetCommonDashboard() in DashboardsController----
2022-11-18 06:26:51,014 [5] DEBUG LTCPro.ServiceLayer.Log4net - ---Executing GetCommonDashboard() in DashboardsService---- 
2022-11-18 06:26:51,021 [5] DEBUG LTCPro.ServiceLayer.Log4net - ---Executed Successfully GetCommonDashboard() DashboardsController----
2022-11-18 06:26:56,957 [5] DEBUG LTCPro.ServiceLayer.Log4net - ---Executing GetUserToken() in UserService----
2022-11-18 06:26:56,963 [5] DEBUG LTCPro.ServiceLayer.Log4net - ---Executing GetCommonDashboard() in DashboardsController----
2022-11-18 06:26:56,963 [5] DEBUG LTCPro.ServiceLayer.Log4net - ---Executing GetCommonDashboard() in DashboardsService---- 
2022-11-18 06:26:56,970 [5] DEBUG LTCPro.ServiceLayer.Log4net - ---Executed Successfully GetCommonDashboard() DashboardsController----
2022-11-18 06:26:59,379 [7] DEBUG LTCPro.ServiceLayer.Log4net - ---Executing GetUserToken() in UserService----
2022-11-18 06:26:59,440 [7] DEBUG LTCPro.ServiceLayer.Log4net - ---Executing  GetMedrefReport() in ReportsController----
2022-11-18 06:26:59,466 [7] DEBUG LTCPro.ServiceLayer.Log4net - ---Executing GetRefusedByResidentDetailsReport() in ReportsService----
2022-11-18 06:26:59,835 [7] DEBUG LTCPro.ServiceLayer.Log4net - ---Executing GetEmarlogo() in ReportsService----
2022-11-18 06:26:59,853 [7] DEBUG LTCPro.ServiceLayer.Log4net - ---Executing GetFacilitylogo() in ReportsService----
2022-11-18 06:27:27,326 [7] DEBUG LTCPro.ServiceLayer.Log4net - ---Executed Successfully  GetMedrefReport() in ReportsController----
2022-11-18 06:29:10,470 [19] DEBUG LTCPro.ServiceLayer.Log4net - ---Executing GetUserToken() in UserService----
2022-11-18 06:29:10,487 [8] DEBUG LTCPro.ServiceLayer.Log4net - ---Executing GetUserToken() in UserService----
2022-11-18 06:29:10,487 [11] DEBUG LTCPro.ServiceLayer.Log4net - ---Executing GetUserToken() in UserService----
2022-11-18 06:29:10,488 [18] DEBUG LTCPro.ServiceLayer.Log4net - ---Executing GetUserToken() in UserService----
2022-11-18 06:29:10,491 [19] DEBUG LTCPro.ServiceLayer.Log4net - ---Executing InsertUserActivityDetails() in CompanyController----
2022-11-18 06:29:10,491 [19] DEBUG LTCPro.ServiceLayer.Log4net - ---Executing InsertUserActivityDetails() in UserActivityService----
2022-11-18 06:29:10,502 [16] DEBUG LTCPro.ServiceLayer.Log4net - ---Executing GetUserToken() in UserService----
2022-11-18 06:29:10,554 [18] DEBUG LTCPro.ServiceLayer.Log4net - ---Executing GetUserPassedDueFlag() in UserController----
2022-11-18 06:29:10,554 [16] DEBUG LTCPro.ServiceLayer.Log4net - ---Executing GetDueMARAlertData() in EmarController----
2022-11-18 06:29:10,554 [18] DEBUG LTCPro.ServiceLayer.Log4net - ---Executing GetUserPassedDueFlag() in UserService----
2022-11-18 06:29:10,554 [16] DEBUG LTCPro.ServiceLayer.Log4net - ---Executing GetDueMARAlertData() in EmarService----
2022-11-18 06:29:10,554 [8] DEBUG LTCPro.ServiceLayer.Log4net - ---Executing GetAlertsDetails() in MailboxController----
2022-11-18 06:29:10,554 [8] DEBUG LTCPro.ServiceLayer.Log4net - ---Executing GetAlertsDetails() in MailboxService----
2022-11-18 06:29:10,555 [11] DEBUG LTCPro.ServiceLayer.Log4net - ---Executing GetReadMailsCount() in MailboxController----
2022-11-18 06:29:10,555 [11] DEBUG LTCPro.ServiceLayer.Log4net - ---Executing GetReadMailsCount() in MailboxService----
2022-11-18 06:29:10,557 [19] DEBUG LTCPro.ServiceLayer.Log4net - ---Executed Successfully InsertUserActivityDetails() in CompanyController----
2022-11-18 06:29:10,568 [11] DEBUG LTCPro.ServiceLayer.Log4net - ---Executed successfully GetReadMailsCount() in MailboxController----
2022-11-18 06:29:10,570 [18] DEBUG LTCPro.ServiceLayer.Log4net - ---Executed Successfully GetUserPassedDueFlag() in UserController----
2022-11-18 06:29:10,583 [19] DEBUG LTCPro.ServiceLayer.Log4net - ---Executing GetUserToken() in UserService----
2022-11-18 06:29:10,591 [19] DEBUG LTCPro.ServiceLayer.Log4net - ---Executing GetOutboundErrorDetails() in CommonController----
2022-11-18 06:29:10,591 [19] DEBUG LTCPro.ServiceLayer.Log4net - ---Executing GetOutboundErrorDetails() in CommonService----
2022-11-18 06:29:10,592 [11] DEBUG LTCPro.ServiceLayer.Log4net - ---Executing GetUserToken() in UserService----
2022-11-18 06:29:10,592 [18] DEBUG LTCPro.ServiceLayer.Log4net - ---Executing GetUserToken() in UserService----
2022-11-18 06:29:10,597 [11] DEBUG LTCPro.ServiceLayer.Log4net - ---Executing GetUserRecentFacNs() in UserController----
2022-11-18 06:29:10,597 [11] DEBUG LTCPro.ServiceLayer.Log4net - ---Executing GetUserRecentFacNs() in UserService----
2022-11-18 06:29:10,621 [18] DEBUG LTCPro.ServiceLayer.Log4net - ---Executing GetPendingDosesList() in CommonController----
2022-11-18 06:29:10,621 [18] DEBUG LTCPro.ServiceLayer.Log4net - ---Executing GetPendingDosesList() in CommonService----
2022-11-18 06:29:10,622 [8] DEBUG LTCPro.ServiceLayer.Log4net - ---Executed successfully GetAlertsDetails() in MailboxController----
2022-11-18 06:29:10,630 [11] DEBUG LTCPro.ServiceLayer.Log4net - ---Executed Successfully GetUserRecentFacNs() in UserController----
2022-11-18 06:29:10,639 [8] DEBUG LTCPro.ServiceLayer.Log4net - ---Executing GetUserToken() in UserService----
2022-11-18 06:29:10,645 [8] DEBUG LTCPro.ServiceLayer.Log4net - ---Executing GetUserRecentFacNs() in UserController----
2022-11-18 06:29:10,645 [8] DEBUG LTCPro.ServiceLayer.Log4net - ---Executing GetUserRecentFacNs() in UserService----
2022-11-18 06:29:10,653 [8] DEBUG LTCPro.ServiceLayer.Log4net - ---Executed Successfully GetUserRecentFacNs() in UserController----
2022-11-18 06:29:11,057 [18] DEBUG LTCPro.ServiceLayer.Log4net - ---Executed Successfully GetPendingDosesList() in CommonController----
2022-11-18 06:29:11,116 [19] DEBUG LTCPro.ServiceLayer.Log4net - ---Executed Successfully GetOutboundErrorDetails() in CommonController----
2022-11-18 06:29:11,311 [16] DEBUG LTCPro.ServiceLayer.Log4net - ---Executed Successfully GetDueMARAlertData() in EmarController----
2022-11-18 06:29:11,605 [16] DEBUG LTCPro.ServiceLayer.Log4net - ---Executing GetUserToken() in UserService----
2022-11-18 06:29:11,642 [16] DEBUG LTCPro.ServiceLayer.Log4net - ---Executing GetUserAccessFacilityNurseStaions() in FacilityController----
2022-11-18 06:29:11,642 [16] DEBUG LTCPro.ServiceLayer.Log4net - ---Executing GetUserAccessFacilityNurseStaions() in FacilityService----
2022-11-18 06:29:11,653 [18] DEBUG LTCPro.ServiceLayer.Log4net - ---Executing GetUserToken() in UserService----
2022-11-18 06:29:11,656 [16] DEBUG LTCPro.ServiceLayer.Log4net - ---Executed Successfully GetUserAccessFacilityNurseStaions() in FacilityController----
2022-11-18 06:29:11,658 [18] DEBUG LTCPro.ServiceLayer.Log4net - ---Executing GetUserAccessFacilityNurseStaions() in FacilityController----
2022-11-18 06:29:11,658 [18] DEBUG LTCPro.ServiceLayer.Log4net - ---Executing GetUserAccessFacilityNurseStaions() in FacilityService----
2022-11-18 06:29:11,672 [18] DEBUG LTCPro.ServiceLayer.Log4net - ---Executed Successfully GetUserAccessFacilityNurseStaions() in FacilityController----
2022-11-18 06:29:12,386 [16] DEBUG LTCPro.ServiceLayer.Log4net - ---Executing GetUserToken() in UserService----
2022-11-18 06:29:12,392 [16] DEBUG LTCPro.ServiceLayer.Log4net - ---Executing UserNurseStationDrop() in FacilityController----
2022-11-18 06:29:12,392 [16] DEBUG LTCPro.ServiceLayer.Log4net - ---Executing UserNurseStationDrop() in FacilityService----
2022-11-18 06:29:12,400 [16] DEBUG LTCPro.ServiceLayer.Log4net - ---Executed Successfully UserNurseStationDrop() in FacilityController----
2022-11-18 06:29:12,444 [18] DEBUG LTCPro.ServiceLayer.Log4net - ---Executing GetUserToken() in UserService----
2022-11-18 06:29:12,450 [18] DEBUG LTCPro.ServiceLayer.Log4net - ---Executing GetTimeZoneDate() in CommonController----
2022-11-18 06:29:12,451 [18] DEBUG LTCPro.ServiceLayer.Log4net - ---Executing GetTimeZoneDate() in CommonService----
2022-11-18 06:29:12,455 [18] DEBUG LTCPro.ServiceLayer.Log4net - ---Executed Successfully GetTimeZoneDate() in CommonController----
2022-11-18 06:29:12,592 [8] DEBUG LTCPro.ServiceLayer.Log4net - ---Executing GetUserToken() in UserService----
2022-11-18 06:29:12,598 [8] DEBUG LTCPro.ServiceLayer.Log4net - ---Executing GpiList() in FacilityController----
2022-11-18 06:29:12,598 [8] DEBUG LTCPro.ServiceLayer.Log4net - ---Executing UserNurseStationDrop() in FacilityService----
2022-11-18 06:29:12,602 [8] DEBUG LTCPro.ServiceLayer.Log4net - ---Executed Successfully GpiList() in FacilityController----
2022-11-18 06:29:12,668 [8] DEBUG LTCPro.ServiceLayer.Log4net - ---Executing GetUserToken() in UserService----
2022-11-18 06:29:12,676 [8] DEBUG LTCPro.ServiceLayer.Log4net - ---Executing GetCommonDashboard() in DashboardsController----
2022-11-18 06:29:12,676 [8] DEBUG LTCPro.ServiceLayer.Log4net - ---Executing GetCommonDashboard() in DashboardsService---- 
2022-11-18 06:29:12,683 [8] DEBUG LTCPro.ServiceLayer.Log4net - ---Executed Successfully GetCommonDashboard() DashboardsController----
2022-11-18 06:29:18,157 [18] DEBUG LTCPro.ServiceLayer.Log4net - ---Executing GetUserToken() in UserService----
2022-11-18 06:29:18,164 [18] DEBUG LTCPro.ServiceLayer.Log4net - ---Executing GpiList() in FacilityController----
2022-11-18 06:29:18,164 [18] DEBUG LTCPro.ServiceLayer.Log4net - ---Executing UserNurseStationDrop() in FacilityService----
2022-11-18 06:29:18,175 [18] DEBUG LTCPro.ServiceLayer.Log4net - ---Executed Successfully GpiList() in FacilityController----
2022-11-18 06:29:19,826 [16] DEBUG LTCPro.ServiceLayer.Log4net - ---Executing GetUserToken() in UserService----
2022-11-18 06:29:19,832 [16] DEBUG LTCPro.ServiceLayer.Log4net - ---Executing GetCommonDashboard() in DashboardsController----
2022-11-18 06:29:19,832 [16] DEBUG LTCPro.ServiceLayer.Log4net - ---Executing GetCommonDashboard() in DashboardsService---- 
2022-11-18 06:29:19,841 [16] DEBUG LTCPro.ServiceLayer.Log4net - ---Executed Successfully GetCommonDashboard() DashboardsController----
2022-11-18 06:29:42,064 [5] DEBUG LTCPro.ServiceLayer.Log4net - ---Executing LogoutUser() in UserController----
2022-11-18 06:29:42,065 [5] DEBUG LTCPro.ServiceLayer.Log4net - ---Executing LogoutUser() in UserService----
2022-11-18 06:29:44,374 [5] ERROR LTCPro.ServiceLayer.Log4net - ===================================
2022-11-18 06:29:45,359 [5] ERROR LTCPro.ServiceLayer.Log4net -  Source : = mscorlib
2022-11-18 06:29:45,428 [5] ERROR LTCPro.ServiceLayer.Log4net -  Stack Trace : =    at System.Threading.Tasks.Task.ThrowIfExceptional(Boolean includeTaskCanceledExceptions)
   at System.Threading.Tasks.Task`1.GetResultCore(Boolean waitCompletionNotification)
   at System.Threading.Tasks.Task`1.get_Result()
   at WebApi.Controllers.UserController.LogoutUser(Int32 userId) in D:\old system Data 04042021\Emar Service Latest 1\WebApi\Controllers\UserController.cs:line 79
   at lambda_method(Closure , Object , Object[] )
   at System.Web.Http.Controllers.ReflectedHttpActionDescriptor.ActionExecutor.<>c__DisplayClass6_1.<GetExecutor>b__3(Object instance, Object[] methodParameters)
   at System.Web.Http.Controllers.ReflectedHttpActionDescriptor.ActionExecutor.Execute(Object instance, Object[] arguments)
   at System.Web.Http.Controllers.ReflectedHttpActionDescriptor.ExecuteAsync(HttpControllerContext controllerContext, IDictionary`2 arguments, CancellationToken cancellationToken)
--- End of stack trace from previous location where exception was thrown ---
   at System.Runtime.CompilerServices.TaskAwaiter.ThrowForNonSuccess(Task task)
   at System.Runtime.CompilerServices.TaskAwaiter.HandleNonSuccessAndDebuggerNotification(Task task)
   at System.Web.Http.Controllers.ApiControllerActionInvoker.<InvokeActionAsyncCore>d__1.MoveNext()
--- End of stack trace from previous location where exception was thrown ---
   at System.Runtime.CompilerServices.TaskAwaiter.ThrowForNonSuccess(Task task)
   at System.Runtime.CompilerServices.TaskAwaiter.HandleNonSuccessAndDebuggerNotification(Task task)
   at System.Web.Http.Controllers.ActionFilterResult.<ExecuteAsync>d__5.MoveNext()
--- End of stack trace from previous location where exception was thrown ---
   at System.Runtime.CompilerServices.TaskAwaiter.ThrowForNonSuccess(Task task)
   at System.Runtime.CompilerServices.TaskAwaiter.HandleNonSuccessAndDebuggerNotification(Task task)
   at System.Web.Http.Filters.AuthorizationFilterAttribute.<ExecuteAuthorizationFilterAsyncCore>d__3.MoveNext()
--- End of stack trace from previous location where exception was thrown ---
   at System.Runtime.CompilerServices.TaskAwaiter.ThrowForNonSuccess(Task task)
   at System.Runtime.CompilerServices.TaskAwaiter.HandleNonSuccessAndDebuggerNotification(Task task)
   at System.Web.Http.Controllers.ExceptionFilterResult.<ExecuteAsync>d__6.MoveNext()
2022-11-18 06:29:45,428 [5] ERROR LTCPro.ServiceLayer.Log4net -  Exception Message : = One or more errors occurred.
2022-11-18 06:29:45,428 [5] ERROR LTCPro.ServiceLayer.Log4net - ============= Inner Exception  Stack Trace  ===========
2022-11-18 06:29:46,006 [5] ERROR LTCPro.ServiceLayer.Log4net -  Inner Exception  Stack Trace : =    at System.Data.Entity.Internal.InternalContext.SaveChanges()
   at System.Data.Entity.Internal.LazyInternalContext.SaveChanges()
   at System.Data.Entity.DbContext.SaveChanges()
   at LTCPro.Repositories.UserActivityRepository.InsertUserActivityDetails(UserActivityDetailEntity entity) in D:\old system Data 04042021\Emar Service Latest 1\Repositories\Repositories\UserActivityRepository.cs:line 53
   at LTCPro.Repositories.UserRepository.LogoutUser(Int32 userId) in D:\old system Data 04042021\Emar Service Latest 1\Repositories\Repositories\UserRepository.cs:line 479
   at LTCPro.ServiceLayer.UserService.<LogoutUser>d__13.MoveNext() in D:\old system Data 04042021\Emar Service Latest 1\BusinessLayer\Services\UserService.cs:line 76
2022-11-18 06:29:46,007 [5] ERROR LTCPro.ServiceLayer.Log4net - ============= Inner Exception  Stack Trace End  ===========
2022-11-18 06:29:46,007 [5] ERROR LTCPro.ServiceLayer.Log4net - ============= Inner Exception  Message  ===========
2022-11-18 06:29:46,007 [5] ERROR LTCPro.ServiceLayer.Log4net -  Inner Exception Message : = An error occurred while updating the entries. See the inner exception for details.
2022-11-18 06:29:46,007 [5] ERROR LTCPro.ServiceLayer.Log4net - ============= Inner Exception  Message End  ===========
2022-11-18 06:29:49,176 [5] ERROR LTCPro.ServiceLayer.Log4net -  InnerException Message : = An error occurred while updating the entries. See the inner exception for details.
2022-11-18 06:29:49,176 [5] ERROR LTCPro.ServiceLayer.Log4net - ===================================
2022-11-18 06:30:09,356 [5] DEBUG LTCPro.ServiceLayer.Log4net - ---Executing UsersConfigNurseStationDrop() in FacilityController----
2022-11-18 06:30:09,356 [5] DEBUG LTCPro.ServiceLayer.Log4net - ---Executing UsersConfigNurseStationDrop() in FacilityService----
2022-11-18 06:30:09,369 [5] DEBUG LTCPro.ServiceLayer.Log4net - ---Executed Successfully UsersConfigNurseStationDrop() in FacilityController----
2022-11-18 06:30:09,452 [20] DEBUG LTCPro.ServiceLayer.Log4net - ---Executing GetProcessKeyMasterList() in FacilityController----
2022-11-18 06:30:09,452 [20] DEBUG LTCPro.ServiceLayer.Log4net - ---Executing GetProcessKeyMasterList() in FacilityService----
2022-11-18 06:30:09,457 [20] DEBUG LTCPro.ServiceLayer.Log4net - ---Executed Successfully GetProcessKeyMasterList() in FacilityController----
2022-11-18 06:30:10,974 [5] DEBUG LTCPro.ServiceLayer.Log4net - ---Executing GetProcessKeyMasterList() in FacilityController----
2022-11-18 06:30:10,974 [5] DEBUG LTCPro.ServiceLayer.Log4net - ---Executing GetProcessKeyMasterList() in FacilityService----
2022-11-18 06:30:10,983 [5] DEBUG LTCPro.ServiceLayer.Log4net - ---Executed Successfully GetProcessKeyMasterList() in FacilityController----
2022-11-18 06:30:11,878 [24] DEBUG LTCPro.ServiceLayer.Log4net - ---Executing CheckUser() in UserService----
2022-11-18 06:30:11,906 [24] DEBUG LTCPro.ServiceLayer.Log4net - ---Executing FindUser() in UserService----
2022-11-18 06:30:11,924 [24] DEBUG LTCPro.ServiceLayer.Log4net - ---Executing InsertUserSession() in UserService----
2022-11-18 06:30:11,939 [24] DEBUG LTCPro.ServiceLayer.Log4net - ---Executing InsertUserToken() in UserService----
2022-11-18 06:30:12,067 [24] DEBUG LTCPro.ServiceLayer.Log4net - ---Executing InsertUpdateUserRecentFacNs() in UserController----
2022-11-18 06:30:12,068 [24] DEBUG LTCPro.ServiceLayer.Log4net - ---Executing GetUserRecentFacNs() in UserService----
2022-11-18 06:30:12,111 [24] DEBUG LTCPro.ServiceLayer.Log4net - ---Executing InsertUpdateUserRecentFacNs() in CommonService----
2022-11-18 06:30:12,147 [24] DEBUG LTCPro.ServiceLayer.Log4net - ---Executed Successfully InsertUpdateUserRecentFacNs() in UserController----
2022-11-18 06:30:12,183 [23] DEBUG LTCPro.ServiceLayer.Log4net - ---Executing GetScreenPermissionsForLoggedInUser() in RoleController----
2022-11-18 06:30:12,183 [23] DEBUG LTCPro.ServiceLayer.Log4net - ---Executing GetScreenPermissionsForLoggedInUser() in RoleService----
2022-11-18 06:30:12,191 [23] DEBUG LTCPro.ServiceLayer.Log4net - ---Executed Successfully GetScreenPermissionsForLoggedInUser() in RoleController----
2022-11-18 06:30:12,262 [5] DEBUG LTCPro.ServiceLayer.Log4net - ---Executing GetUserToken() in UserService----
2022-11-18 06:30:12,262 [20] DEBUG LTCPro.ServiceLayer.Log4net - ---Executing GetUserToken() in UserService----
2022-11-18 06:30:12,312 [20] DEBUG LTCPro.ServiceLayer.Log4net - ---Executing GetUserPassedDueFlag() in UserController----
2022-11-18 06:30:12,312 [20] DEBUG LTCPro.ServiceLayer.Log4net - ---Executing GetUserPassedDueFlag() in UserService----
2022-11-18 06:30:12,313 [5] DEBUG LTCPro.ServiceLayer.Log4net - ---Executing GetReadMailsCount() in MailboxController----
2022-11-18 06:30:12,313 [5] DEBUG LTCPro.ServiceLayer.Log4net - ---Executing GetReadMailsCount() in MailboxService----
2022-11-18 06:30:12,318 [23] DEBUG LTCPro.ServiceLayer.Log4net - ---Executing GetUserToken() in UserService----
2022-11-18 06:30:12,318 [20] DEBUG LTCPro.ServiceLayer.Log4net - ---Executed Successfully GetUserPassedDueFlag() in UserController----
2022-11-18 06:30:12,320 [5] DEBUG LTCPro.ServiceLayer.Log4net - ---Executed successfully GetReadMailsCount() in MailboxController----
2022-11-18 06:30:12,326 [24] DEBUG LTCPro.ServiceLayer.Log4net - ---Executing GetUserToken() in UserService----
2022-11-18 06:30:12,362 [24] DEBUG LTCPro.ServiceLayer.Log4net - ---Executing GetDueMARAlertData() in EmarController----
2022-11-18 06:30:12,362 [24] DEBUG LTCPro.ServiceLayer.Log4net - ---Executing GetDueMARAlertData() in EmarService----
2022-11-18 06:30:12,364 [23] DEBUG LTCPro.ServiceLayer.Log4net - ---Executing GetAlertsDetails() in MailboxController----
2022-11-18 06:30:12,364 [23] DEBUG LTCPro.ServiceLayer.Log4net - ---Executing GetAlertsDetails() in MailboxService----
2022-11-18 06:30:12,375 [5] DEBUG LTCPro.ServiceLayer.Log4net - ---Executing GetUserToken() in UserService----
2022-11-18 06:30:12,375 [20] DEBUG LTCPro.ServiceLayer.Log4net - ---Executing GetUserToken() in UserService----
2022-11-18 06:30:12,381 [5] DEBUG LTCPro.ServiceLayer.Log4net - ---Executing GetOutboundErrorDetails() in CommonController----
2022-11-18 06:30:12,381 [5] DEBUG LTCPro.ServiceLayer.Log4net - ---Executing GetOutboundErrorDetails() in CommonService----
2022-11-18 06:30:12,381 [20] DEBUG LTCPro.ServiceLayer.Log4net - ---Executing GetUserRecentFacNs() in UserController----
2022-11-18 06:30:12,381 [20] DEBUG LTCPro.ServiceLayer.Log4net - ---Executing GetUserRecentFacNs() in UserService----
2022-11-18 06:30:12,391 [20] DEBUG LTCPro.ServiceLayer.Log4net - ---Executed Successfully GetUserRecentFacNs() in UserController----
2022-11-18 06:30:12,415 [20] DEBUG LTCPro.ServiceLayer.Log4net - ---Executing GetUserToken() in UserService----
2022-11-18 06:30:12,422 [20] DEBUG LTCPro.ServiceLayer.Log4net - ---Executing GetPendingDosesList() in CommonController----
2022-11-18 06:30:12,422 [20] DEBUG LTCPro.ServiceLayer.Log4net - ---Executing GetPendingDosesList() in CommonService----
2022-11-18 06:30:12,451 [23] DEBUG LTCPro.ServiceLayer.Log4net - ---Executed successfully GetAlertsDetails() in MailboxController----
2022-11-18 06:30:12,469 [23] DEBUG LTCPro.ServiceLayer.Log4net - ---Executing GetUserToken() in UserService----
2022-11-18 06:30:12,474 [23] DEBUG LTCPro.ServiceLayer.Log4net - ---Executing InsertUserActivityDetails() in CompanyController----
2022-11-18 06:30:12,474 [23] DEBUG LTCPro.ServiceLayer.Log4net - ---Executing InsertUserActivityDetails() in UserActivityService----
2022-11-18 06:30:12,482 [23] DEBUG LTCPro.ServiceLayer.Log4net - ---Executed Successfully InsertUserActivityDetails() in CompanyController----
2022-11-18 06:30:12,513 [23] DEBUG LTCPro.ServiceLayer.Log4net - ---Executing GetUserToken() in UserService----
2022-11-18 06:30:12,518 [23] DEBUG LTCPro.ServiceLayer.Log4net - ---Executing GetUserActiveCompanyMasterList() in CompanyController----
2022-11-18 06:30:12,518 [23] DEBUG LTCPro.ServiceLayer.Log4net - ---Executing GetActiveCompanyMasterList() in CompanyService----
2022-11-18 06:30:12,547 [23] DEBUG LTCPro.ServiceLayer.Log4net - ---Executed Successfully GetUserActiveCompanyMasterList() in CompanyController----
2022-11-18 06:30:12,560 [23] DEBUG LTCPro.ServiceLayer.Log4net - ---Executing GetUserToken() in UserService----
2022-11-18 06:30:12,566 [23] DEBUG LTCPro.ServiceLayer.Log4net - ---Executing GetUserAccessFacilityNurseStaions() in FacilityController----
2022-11-18 06:30:12,566 [23] DEBUG LTCPro.ServiceLayer.Log4net - ---Executing GetUserAccessFacilityNurseStaions() in FacilityService----
2022-11-18 06:30:12,576 [23] DEBUG LTCPro.ServiceLayer.Log4net - ---Executed Successfully GetUserAccessFacilityNurseStaions() in FacilityController----
2022-11-18 06:30:12,620 [20] DEBUG LTCPro.ServiceLayer.Log4net - ---Executed Successfully GetPendingDosesList() in CommonController----
2022-11-18 06:30:12,686 [5] DEBUG LTCPro.ServiceLayer.Log4net - ---Executed Successfully GetOutboundErrorDetails() in CommonController----
2022-11-18 06:30:12,989 [24] DEBUG LTCPro.ServiceLayer.Log4net - ---Executed Successfully GetDueMARAlertData() in EmarController----
2022-11-18 06:30:17,158 [23] DEBUG LTCPro.ServiceLayer.Log4net - ---Executing GetUserToken() in UserService----
2022-11-18 06:30:17,165 [23] DEBUG LTCPro.ServiceLayer.Log4net - ---Executing InsertUserActivityDetails() in CompanyController----
2022-11-18 06:30:17,166 [23] DEBUG LTCPro.ServiceLayer.Log4net - ---Executing InsertUserActivityDetails() in UserActivityService----
2022-11-18 06:30:17,166 [5] DEBUG LTCPro.ServiceLayer.Log4net - ---Executing GetUserToken() in UserService----
2022-11-18 06:30:17,200 [5] DEBUG LTCPro.ServiceLayer.Log4net - ---Executing GetUserRecentFacNs() in UserController----
2022-11-18 06:30:17,200 [5] DEBUG LTCPro.ServiceLayer.Log4net - ---Executing GetUserRecentFacNs() in UserService----
2022-11-18 06:30:17,205 [23] DEBUG LTCPro.ServiceLayer.Log4net - ---Executed Successfully InsertUserActivityDetails() in CompanyController----
2022-11-18 06:30:17,208 [5] DEBUG LTCPro.ServiceLayer.Log4net - ---Executed Successfully GetUserRecentFacNs() in UserController----
2022-11-18 06:30:17,224 [24] DEBUG LTCPro.ServiceLayer.Log4net - ---Executing GetUserToken() in UserService----
2022-11-18 06:30:17,231 [24] DEBUG LTCPro.ServiceLayer.Log4net - ---Executing GetUserAccessFacilityNurseStaions() in FacilityController----
2022-11-18 06:30:17,231 [24] DEBUG LTCPro.ServiceLayer.Log4net - ---Executing GetUserAccessFacilityNurseStaions() in FacilityService----
2022-11-18 06:30:17,247 [24] DEBUG LTCPro.ServiceLayer.Log4net - ---Executed Successfully GetUserAccessFacilityNurseStaions() in FacilityController----
2022-11-18 06:30:17,268 [5] DEBUG LTCPro.ServiceLayer.Log4net - ---Executing GetUserToken() in UserService----
2022-11-18 06:30:17,273 [5] DEBUG LTCPro.ServiceLayer.Log4net - ---Executing UserNurseStationDrop() in FacilityController----
2022-11-18 06:30:17,273 [5] DEBUG LTCPro.ServiceLayer.Log4net - ---Executing UserNurseStationDrop() in FacilityService----
2022-11-18 06:30:17,280 [5] DEBUG LTCPro.ServiceLayer.Log4net - ---Executed Successfully UserNurseStationDrop() in FacilityController----
2022-11-18 06:30:17,304 [5] DEBUG LTCPro.ServiceLayer.Log4net - ---Executing GetUserToken() in UserService----
2022-11-18 06:30:17,310 [5] DEBUG LTCPro.ServiceLayer.Log4net - ---Executing GetTimeZoneDate() in CommonController----
2022-11-18 06:30:17,310 [5] DEBUG LTCPro.ServiceLayer.Log4net - ---Executing GetTimeZoneDate() in CommonService----
2022-11-18 06:30:17,313 [5] DEBUG LTCPro.ServiceLayer.Log4net - ---Executed Successfully GetTimeZoneDate() in CommonController----
2022-11-18 06:30:17,334 [5] DEBUG LTCPro.ServiceLayer.Log4net - ---Executing GetUserToken() in UserService----
2022-11-18 06:30:17,340 [5] DEBUG LTCPro.ServiceLayer.Log4net - ---Executing GpiList() in FacilityController----
2022-11-18 06:30:17,340 [5] DEBUG LTCPro.ServiceLayer.Log4net - ---Executing UserNurseStationDrop() in FacilityService----
2022-11-18 06:30:17,345 [5] DEBUG LTCPro.ServiceLayer.Log4net - ---Executed Successfully GpiList() in FacilityController----
2022-11-18 06:30:17,384 [5] DEBUG LTCPro.ServiceLayer.Log4net - ---Executing GetUserToken() in UserService----
2022-11-18 06:30:17,389 [5] DEBUG LTCPro.ServiceLayer.Log4net - ---Executing GetCommonDashboard() in DashboardsController----
2022-11-18 06:30:17,389 [5] DEBUG LTCPro.ServiceLayer.Log4net - ---Executing GetCommonDashboard() in DashboardsService---- 
2022-11-18 06:30:17,398 [5] DEBUG LTCPro.ServiceLayer.Log4net - ---Executed Successfully GetCommonDashboard() DashboardsController----
2022-11-18 06:30:21,541 [25] DEBUG LTCPro.ServiceLayer.Log4net - ---Executing GetUserToken() in UserService----
2022-11-18 06:30:21,547 [25] DEBUG LTCPro.ServiceLayer.Log4net - ---Executing GpiList() in FacilityController----
2022-11-18 06:30:21,547 [25] DEBUG LTCPro.ServiceLayer.Log4net - ---Executing UserNurseStationDrop() in FacilityService----
2022-11-18 06:30:21,552 [25] DEBUG LTCPro.ServiceLayer.Log4net - ---Executed Successfully GpiList() in FacilityController----
2022-11-18 06:30:22,506 [11] DEBUG LTCPro.ServiceLayer.Log4net - ---Executing GetUserToken() in UserService----
2022-11-18 06:30:22,513 [11] DEBUG LTCPro.ServiceLayer.Log4net - ---Executing GetCommonDashboard() in DashboardsController----
2022-11-18 06:30:22,513 [11] DEBUG LTCPro.ServiceLayer.Log4net - ---Executing GetCommonDashboard() in DashboardsService---- 
2022-11-18 06:30:22,521 [11] DEBUG LTCPro.ServiceLayer.Log4net - ---Executed Successfully GetCommonDashboard() DashboardsController----
2022-11-18 06:31:40,930 [17] DEBUG LTCPro.ServiceLayer.Log4net - ---Executing GetUserToken() in UserService----
2022-11-18 06:31:40,933 [26] DEBUG LTCPro.ServiceLayer.Log4net - ---Executing GetUserToken() in UserService----
2022-11-18 06:31:40,939 [17] DEBUG LTCPro.ServiceLayer.Log4net - ---Executing GetAlertsDetails() in MailboxController----
2022-11-18 06:31:40,939 [17] DEBUG LTCPro.ServiceLayer.Log4net - ---Executing GetAlertsDetails() in MailboxService----
2022-11-18 06:31:40,949 [26] DEBUG LTCPro.ServiceLayer.Log4net - ---Executing GetReadMailsCount() in MailboxController----
2022-11-18 06:31:40,950 [26] DEBUG LTCPro.ServiceLayer.Log4net - ---Executing GetReadMailsCount() in MailboxService----
2022-11-18 06:31:40,951 [23] DEBUG LTCPro.ServiceLayer.Log4net - ---Executing GetUserToken() in UserService----
2022-11-18 06:31:40,955 [26] DEBUG LTCPro.ServiceLayer.Log4net - ---Executed successfully GetReadMailsCount() in MailboxController----
2022-11-18 06:31:40,957 [23] DEBUG LTCPro.ServiceLayer.Log4net - ---Executing GetDueMARAlertData() in EmarController----
2022-11-18 06:31:40,957 [23] DEBUG LTCPro.ServiceLayer.Log4net - ---Executing GetDueMARAlertData() in EmarService----
2022-11-18 06:31:40,968 [25] DEBUG LTCPro.ServiceLayer.Log4net - ---Executing GetUserToken() in UserService----
2022-11-18 06:31:40,974 [25] DEBUG LTCPro.ServiceLayer.Log4net - ---Executing GetOutboundErrorDetails() in CommonController----
2022-11-18 06:31:40,974 [25] DEBUG LTCPro.ServiceLayer.Log4net - ---Executing GetOutboundErrorDetails() in CommonService----
2022-11-18 06:31:40,980 [26] DEBUG LTCPro.ServiceLayer.Log4net - ---Executing GetUserToken() in UserService----
2022-11-18 06:31:40,986 [26] DEBUG LTCPro.ServiceLayer.Log4net - ---Executing GetUserPassedDueFlag() in UserController----
2022-11-18 06:31:40,986 [26] DEBUG LTCPro.ServiceLayer.Log4net - ---Executing GetUserPassedDueFlag() in UserService----
2022-11-18 06:31:40,990 [26] DEBUG LTCPro.ServiceLayer.Log4net - ---Executed Successfully GetUserPassedDueFlag() in UserController----
2022-11-18 06:31:41,013 [17] DEBUG LTCPro.ServiceLayer.Log4net - ---Executed successfully GetAlertsDetails() in MailboxController----
2022-11-18 06:31:41,016 [26] DEBUG LTCPro.ServiceLayer.Log4net - ---Executing GetUserToken() in UserService----
2022-11-18 06:31:41,022 [26] DEBUG LTCPro.ServiceLayer.Log4net - ---Executing GetPendingDosesList() in CommonController----
2022-11-18 06:31:41,022 [26] DEBUG LTCPro.ServiceLayer.Log4net - ---Executing GetPendingDosesList() in CommonService----
2022-11-18 06:31:41,035 [17] DEBUG LTCPro.ServiceLayer.Log4net - ---Executing GetUserToken() in UserService----
2022-11-18 06:31:41,040 [17] DEBUG LTCPro.ServiceLayer.Log4net - ---Executing GetUserRecentFacNs() in UserController----
2022-11-18 06:31:41,040 [17] DEBUG LTCPro.ServiceLayer.Log4net - ---Executing GetUserRecentFacNs() in UserService----
2022-11-18 06:31:41,050 [17] DEBUG LTCPro.ServiceLayer.Log4net - ---Executed Successfully GetUserRecentFacNs() in UserController----
2022-11-18 06:31:41,064 [17] DEBUG LTCPro.ServiceLayer.Log4net - ---Executing GetUserToken() in UserService----
2022-11-18 06:31:41,069 [17] DEBUG LTCPro.ServiceLayer.Log4net - ---Executing GetUserRecentFacNs() in UserController----
2022-11-18 06:31:41,069 [17] DEBUG LTCPro.ServiceLayer.Log4net - ---Executing GetUserRecentFacNs() in UserService----
2022-11-18 06:31:41,079 [17] DEBUG LTCPro.ServiceLayer.Log4net - ---Executed Successfully GetUserRecentFacNs() in UserController----
2022-11-18 06:31:41,092 [17] DEBUG LTCPro.ServiceLayer.Log4net - ---Executing GetUserToken() in UserService----
2022-11-18 06:31:41,097 [17] DEBUG LTCPro.ServiceLayer.Log4net - ---Executing InsertUserActivityDetails() in CompanyController----
2022-11-18 06:31:41,097 [17] DEBUG LTCPro.ServiceLayer.Log4net - ---Executing InsertUserActivityDetails() in UserActivityService----
2022-11-18 06:31:41,113 [17] DEBUG LTCPro.ServiceLayer.Log4net - ---Executed Successfully InsertUserActivityDetails() in CompanyController----
2022-11-18 06:31:41,130 [17] DEBUG LTCPro.ServiceLayer.Log4net - ---Executing GetUserToken() in UserService----
2022-11-18 06:31:41,136 [17] DEBUG LTCPro.ServiceLayer.Log4net - ---Executing GetUserAccessFacilityNurseStaions() in FacilityController----
2022-11-18 06:31:41,136 [17] DEBUG LTCPro.ServiceLayer.Log4net - ---Executing GetUserAccessFacilityNurseStaions() in FacilityService----
2022-11-18 06:31:41,141 [25] DEBUG LTCPro.ServiceLayer.Log4net - ---Executed Successfully GetOutboundErrorDetails() in CommonController----
2022-11-18 06:31:41,154 [17] DEBUG LTCPro.ServiceLayer.Log4net - ---Executed Successfully GetUserAccessFacilityNurseStaions() in FacilityController----
2022-11-18 06:31:41,159 [25] DEBUG LTCPro.ServiceLayer.Log4net - ---Executing GetUserToken() in UserService----
2022-11-18 06:31:41,165 [25] DEBUG LTCPro.ServiceLayer.Log4net - ---Executing GetUserAccessFacilityNurseStaions() in FacilityController----
2022-11-18 06:31:41,165 [25] DEBUG LTCPro.ServiceLayer.Log4net - ---Executing GetUserAccessFacilityNurseStaions() in FacilityService----
2022-11-18 06:31:41,179 [25] DEBUG LTCPro.ServiceLayer.Log4net - ---Executed Successfully GetUserAccessFacilityNurseStaions() in FacilityController----
2022-11-18 06:31:41,184 [26] DEBUG LTCPro.ServiceLayer.Log4net - ---Executed Successfully GetPendingDosesList() in CommonController----
2022-11-18 06:31:41,202 [25] DEBUG LTCPro.ServiceLayer.Log4net - ---Executing GetUserToken() in UserService----
2022-11-18 06:31:41,209 [25] DEBUG LTCPro.ServiceLayer.Log4net - ---Executing UserNurseStationDrop() in FacilityController----
2022-11-18 06:31:41,209 [25] DEBUG LTCPro.ServiceLayer.Log4net - ---Executing UserNurseStationDrop() in FacilityService----
2022-11-18 06:31:41,215 [25] DEBUG LTCPro.ServiceLayer.Log4net - ---Executed Successfully UserNurseStationDrop() in FacilityController----
2022-11-18 06:31:41,241 [25] DEBUG LTCPro.ServiceLayer.Log4net - ---Executing GetUserToken() in UserService----
2022-11-18 06:31:41,245 [25] DEBUG LTCPro.ServiceLayer.Log4net - ---Executing GetTimeZoneDate() in CommonController----
2022-11-18 06:31:41,245 [25] DEBUG LTCPro.ServiceLayer.Log4net - ---Executing GetTimeZoneDate() in CommonService----
2022-11-18 06:31:41,249 [25] DEBUG LTCPro.ServiceLayer.Log4net - ---Executed Successfully GetTimeZoneDate() in CommonController----
2022-11-18 06:31:41,269 [25] DEBUG LTCPro.ServiceLayer.Log4net - ---Executing GetUserToken() in UserService----
2022-11-18 06:31:41,274 [25] DEBUG LTCPro.ServiceLayer.Log4net - ---Executing GpiList() in FacilityController----
2022-11-18 06:31:41,274 [25] DEBUG LTCPro.ServiceLayer.Log4net - ---Executing UserNurseStationDrop() in FacilityService----
2022-11-18 06:31:41,278 [25] DEBUG LTCPro.ServiceLayer.Log4net - ---Executed Successfully GpiList() in FacilityController----
2022-11-18 06:31:41,311 [17] DEBUG LTCPro.ServiceLayer.Log4net - ---Executing GetUserToken() in UserService----
2022-11-18 06:32:04,054 [23] DEBUG LTCPro.ServiceLayer.Log4net - ---Executed Successfully GetDueMARAlertData() in EmarController----
2022-11-18 06:32:13,049 [17] DEBUG LTCPro.ServiceLayer.Log4net - ---Executing GetCommonDashboard() in DashboardsController----
2022-11-18 06:32:13,049 [17] DEBUG LTCPro.ServiceLayer.Log4net - ---Executing GetCommonDashboard() in DashboardsService---- 
2022-11-18 06:32:13,059 [17] DEBUG LTCPro.ServiceLayer.Log4net - ---Executed Successfully GetCommonDashboard() DashboardsController----
2022-11-18 06:34:58,237 [23] DEBUG LTCPro.ServiceLayer.Log4net - ---Executing GetUserToken() in UserService----
2022-11-18 06:34:58,244 [23] DEBUG LTCPro.ServiceLayer.Log4net - ---Executing InsertUserActivityDetails() in CompanyController----
2022-11-18 06:34:58,244 [23] DEBUG LTCPro.ServiceLayer.Log4net - ---Executing InsertUserActivityDetails() in UserActivityService----
2022-11-18 06:34:58,249 [17] DEBUG LTCPro.ServiceLayer.Log4net - ---Executing GetUserToken() in UserService----
2022-11-18 06:34:58,254 [23] DEBUG LTCPro.ServiceLayer.Log4net - ---Executed Successfully InsertUserActivityDetails() in CompanyController----
2022-11-18 06:34:58,254 [17] DEBUG LTCPro.ServiceLayer.Log4net - ---Executing GetUserRecentFacNs() in UserController----
2022-11-18 06:34:58,254 [17] DEBUG LTCPro.ServiceLayer.Log4net - ---Executing GetUserRecentFacNs() in UserService----
2022-11-18 06:34:58,263 [17] DEBUG LTCPro.ServiceLayer.Log4net - ---Executed Successfully GetUserRecentFacNs() in UserController----
2022-11-18 06:34:58,283 [23] DEBUG LTCPro.ServiceLayer.Log4net - ---Executing GetUserToken() in UserService----
2022-11-18 06:34:58,289 [23] DEBUG LTCPro.ServiceLayer.Log4net - ---Executing GetUserAccessFacilityNurseStaions() in FacilityController----
2022-11-18 06:34:58,289 [23] DEBUG LTCPro.ServiceLayer.Log4net - ---Executing GetUserAccessFacilityNurseStaions() in FacilityService----
2022-11-18 06:34:58,299 [23] DEBUG LTCPro.ServiceLayer.Log4net - ---Executed Successfully GetUserAccessFacilityNurseStaions() in FacilityController----
2022-11-18 06:34:58,321 [17] DEBUG LTCPro.ServiceLayer.Log4net - ---Executing GetUserToken() in UserService----
2022-11-18 06:34:58,326 [17] DEBUG LTCPro.ServiceLayer.Log4net - ---Executing UserNurseStationDrop() in FacilityController----
2022-11-18 06:34:58,326 [17] DEBUG LTCPro.ServiceLayer.Log4net - ---Executing UserNurseStationDrop() in FacilityService----
2022-11-18 06:34:58,334 [17] DEBUG LTCPro.ServiceLayer.Log4net - ---Executed Successfully UserNurseStationDrop() in FacilityController----
2022-11-18 06:34:58,520 [30] DEBUG LTCPro.ServiceLayer.Log4net - ---Executing GetUserToken() in UserService----
2022-11-18 06:34:58,575 [30] DEBUG LTCPro.ServiceLayer.Log4net - ---Executing GetCompanyToBedFlagByFacId() in FacilityController----
2022-11-18 06:34:58,576 [30] DEBUG LTCPro.ServiceLayer.Log4net - ---Executing GetCompanyToBedFlagByFacId() in FacilityService----
2022-11-18 06:34:58,783 [17] DEBUG LTCPro.ServiceLayer.Log4net - ---Executing GetUserToken() in UserService----
2022-11-18 06:34:58,790 [17] DEBUG LTCPro.ServiceLayer.Log4net - ---Executing GetResidentsByCompanyBed() in ResidentDemographicController----
2022-11-18 06:34:58,858 [17] DEBUG LTCPro.ServiceLayer.Log4net - ---Executing GetResidentsByCompanyBed() in ResidentDemographicService----
2022-11-18 06:34:58,952 [30] DEBUG LTCPro.ServiceLayer.Log4net - ---Executed Successfully GetCompanyToBedFlagByFacId() in FacilityController----
2022-11-18 06:34:59,038 [25] DEBUG LTCPro.ServiceLayer.Log4net - ---Executing GetUserToken() in UserService----
2022-11-18 06:34:59,059 [25] DEBUG LTCPro.ServiceLayer.Log4net - ---Executing GetNurseStationHierarchyDetailsbyNsId() in CompanyController----
2022-11-18 06:34:59,060 [25] DEBUG LTCPro.ServiceLayer.Log4net - ---Executing GetNurseStationHierarchyDetailsbyNsId() in CompanyService----
2022-11-18 06:34:59,101 [25] DEBUG LTCPro.ServiceLayer.Log4net - ---Executed Successfully GetNurseStationHierarchyDetailsbyNsId() in CompanyController----
2022-11-18 06:35:01,037 [17] DEBUG LTCPro.ServiceLayer.Log4net - ---Executed Successfully GetResidentsByCompanyBed() in ResidentDemographicController----
2022-11-18 06:35:02,341 [17] DEBUG LTCPro.ServiceLayer.Log4net - ---Executing GetUserToken() in UserService----
2022-11-18 06:35:02,348 [17] DEBUG LTCPro.ServiceLayer.Log4net - ---Executing InsertUserActivityDetails() in CompanyController----
2022-11-18 06:35:02,348 [17] DEBUG LTCPro.ServiceLayer.Log4net - ---Executing InsertUserActivityDetails() in UserActivityService----
2022-11-18 06:35:02,360 [27] DEBUG LTCPro.ServiceLayer.Log4net - ---Executing GetUserToken() in UserService----
2022-11-18 06:35:02,366 [17] DEBUG LTCPro.ServiceLayer.Log4net - ---Executed Successfully InsertUserActivityDetails() in CompanyController----
2022-11-18 06:35:02,367 [27] DEBUG LTCPro.ServiceLayer.Log4net - ---Executing InsertUserActivityDetails() in CompanyController----
2022-11-18 06:35:02,367 [27] DEBUG LTCPro.ServiceLayer.Log4net - ---Executing InsertUserActivityDetails() in UserActivityService----
2022-11-18 06:35:02,378 [27] DEBUG LTCPro.ServiceLayer.Log4net - ---Executed Successfully InsertUserActivityDetails() in CompanyController----
2022-11-18 06:35:02,392 [25] DEBUG LTCPro.ServiceLayer.Log4net - ---Executing GetUserToken() in UserService----
2022-11-18 06:35:02,392 [30] DEBUG LTCPro.ServiceLayer.Log4net - ---Executing GetUserToken() in UserService----
2022-11-18 06:35:02,403 [25] DEBUG LTCPro.ServiceLayer.Log4net - ---Executing GetResidentAdmitDischargeData() in ResidentDemographicController----
2022-11-18 06:35:02,404 [25] DEBUG LTCPro.ServiceLayer.Log4net - ---Executing GetResidentAdmitDischargeData() in ResidentDemographicService----
2022-11-18 06:35:02,414 [27] DEBUG LTCPro.ServiceLayer.Log4net - ---Executing GetUserToken() in UserService----
2022-11-18 06:35:02,434 [30] DEBUG LTCPro.ServiceLayer.Log4net - ---Executing GetFacilityNSResidentsDataByPId() in ResidentDemographicController----
2022-11-18 06:35:02,434 [30] DEBUG LTCPro.ServiceLayer.Log4net - ---Executing GetFacilityNSResidentsDataByPId() in ResidentDemographicService----
2022-11-18 06:35:02,435 [17] DEBUG LTCPro.ServiceLayer.Log4net - ---Executing GetUserToken() in UserService----
2022-11-18 06:35:02,441 [27] DEBUG LTCPro.ServiceLayer.Log4net - ---Executing InsertUserActivityDetails() in CompanyController----
2022-11-18 06:35:02,441 [27] DEBUG LTCPro.ServiceLayer.Log4net - ---Executing InsertUserActivityDetails() in UserActivityService----
2022-11-18 06:35:02,441 [17] DEBUG LTCPro.ServiceLayer.Log4net - ---Executing GetResidentAdmitDischargeData() in ResidentDemographicController----
2022-11-18 06:35:02,441 [17] DEBUG LTCPro.ServiceLayer.Log4net - ---Executing GetResidentAdmitDischargeData() in ResidentDemographicService----
2022-11-18 06:35:02,451 [27] DEBUG LTCPro.ServiceLayer.Log4net - ---Executed Successfully InsertUserActivityDetails() in CompanyController----
2022-11-18 06:35:02,531 [25] DEBUG LTCPro.ServiceLayer.Log4net - ---Executed Successfully GetResidentAdmitDischargeData() in ResidentDemographicController----
2022-11-18 06:35:02,540 [27] DEBUG LTCPro.ServiceLayer.Log4net - ---Executing GetUserToken() in UserService----
2022-11-18 06:35:02,587 [27] DEBUG LTCPro.ServiceLayer.Log4net - ---Executing GetResidentInformation() in ResidentDemographicController----
2022-11-18 06:35:02,588 [27] DEBUG LTCPro.ServiceLayer.Log4net - ---Executing GetResidentInformation() in ResidentDemographicService----
2022-11-18 06:35:02,591 [25] DEBUG LTCPro.ServiceLayer.Log4net - ---Executing GetUserToken() in UserService----
2022-11-18 06:35:02,596 [25] DEBUG LTCPro.ServiceLayer.Log4net - ---Executing InsertUserActivityDetails() in CompanyController----
2022-11-18 06:35:02,597 [25] DEBUG LTCPro.ServiceLayer.Log4net - ---Executing InsertUserActivityDetails() in UserActivityService----
2022-11-18 06:35:02,610 [25] DEBUG LTCPro.ServiceLayer.Log4net - ---Executed Successfully InsertUserActivityDetails() in CompanyController----
2022-11-18 06:35:02,612 [17] DEBUG LTCPro.ServiceLayer.Log4net - ---Executed Successfully GetResidentAdmitDischargeData() in ResidentDemographicController----
2022-11-18 06:35:02,661 [17] DEBUG LTCPro.ServiceLayer.Log4net - ---Executing GetUserToken() in UserService----
2022-11-18 06:35:02,667 [17] DEBUG LTCPro.ServiceLayer.Log4net - ---Executing GetResidentAllergies() in ResidentDemographicController----
2022-11-18 06:35:02,668 [25] DEBUG LTCPro.ServiceLayer.Log4net - ---Executing GetUserToken() in UserService----
2022-11-18 06:35:02,690 [17] DEBUG LTCPro.ServiceLayer.Log4net - ---Executing GetResidentAllergies() in AllergyInfoService----
2022-11-18 06:35:02,691 [25] DEBUG LTCPro.ServiceLayer.Log4net - ---Executing GetResidentDiagnosisInfo() in ResidentDemographicController----
2022-11-18 06:35:02,692 [25] DEBUG LTCPro.ServiceLayer.Log4net - ---Executing GetResidentDiagnosisInfo() in DiagnosisInfoService----
2022-11-18 06:35:02,754 [17] DEBUG LTCPro.ServiceLayer.Log4net - ---Executed Successfully GetResidentAllergies() in ResidentDemographicController----
2022-11-18 06:35:02,783 [25] DEBUG LTCPro.ServiceLayer.Log4net - ---Executed Successfully GetResidentDiagnosisInfo() in ResidentDemographicController----
2022-11-18 06:35:02,846 [30] DEBUG LTCPro.ServiceLayer.Log4net - ---Executed Successfully GetFacilityNSResidentsDataByPId() in ResidentDemographicController----
2022-11-18 06:35:02,905 [25] DEBUG LTCPro.ServiceLayer.Log4net - ---Executing GetUserToken() in UserService----
2022-11-18 06:35:02,909 [27] DEBUG LTCPro.ServiceLayer.Log4net - ---Executed Successfully GetResidentInformation() in ResidentDemographicController----
2022-11-18 06:35:02,916 [25] DEBUG LTCPro.ServiceLayer.Log4net - ---Executing GetResidentInformation() in ResidentDemographicController----
2022-11-18 06:35:02,916 [25] DEBUG LTCPro.ServiceLayer.Log4net - ---Executing GetResidentInformation() in ResidentDemographicService----
2022-11-18 06:35:03,016 [25] DEBUG LTCPro.ServiceLayer.Log4net - ---Executed Successfully GetResidentInformation() in ResidentDemographicController----
2022-11-18 06:35:03,067 [25] DEBUG LTCPro.ServiceLayer.Log4net - ---Executing GetUserToken() in UserService----
2022-11-18 06:35:03,081 [30] DEBUG LTCPro.ServiceLayer.Log4net - ---Executing GetUserToken() in UserService----
2022-11-18 06:35:03,088 [25] DEBUG LTCPro.ServiceLayer.Log4net - ---Executing GetResidentAllergies() in ResidentDemographicController----
2022-11-18 06:35:03,088 [25] DEBUG LTCPro.ServiceLayer.Log4net - ---Executing GetResidentAllergies() in AllergyInfoService----
2022-11-18 06:35:03,089 [30] DEBUG LTCPro.ServiceLayer.Log4net - ---Executing GetResidentDiagnosisInfo() in ResidentDemographicController----
2022-11-18 06:35:03,089 [30] DEBUG LTCPro.ServiceLayer.Log4net - ---Executing GetResidentDiagnosisInfo() in DiagnosisInfoService----
2022-11-18 06:35:03,089 [27] DEBUG LTCPro.ServiceLayer.Log4net - ---Executing GetUserToken() in UserService----
2022-11-18 06:35:03,123 [30] DEBUG LTCPro.ServiceLayer.Log4net - ---Executed Successfully GetResidentDiagnosisInfo() in ResidentDemographicController----
2022-11-18 06:35:03,124 [25] DEBUG LTCPro.ServiceLayer.Log4net - ---Executed Successfully GetResidentAllergies() in ResidentDemographicController----
2022-11-18 06:35:03,124 [27] DEBUG LTCPro.ServiceLayer.Log4net - ---Executing GetResidentInformation() in ResidentDemographicController----
2022-11-18 06:35:03,124 [27] DEBUG LTCPro.ServiceLayer.Log4net - ---Executing GetResidentInformation() in ResidentDemographicService----
2022-11-18 06:35:03,139 [17] DEBUG LTCPro.ServiceLayer.Log4net - ---Executing GetUserToken() in UserService----
2022-11-18 06:35:03,144 [25] DEBUG LTCPro.ServiceLayer.Log4net - ---Executing GetUserToken() in UserService----
2022-11-18 06:35:03,145 [17] DEBUG LTCPro.ServiceLayer.Log4net - ---Executing GetResidentAdmitDischargeData() in ResidentDemographicController----
2022-11-18 06:35:03,145 [17] DEBUG LTCPro.ServiceLayer.Log4net - ---Executing GetResidentAdmitDischargeData() in ResidentDemographicService----
2022-11-18 06:35:03,151 [25] DEBUG LTCPro.ServiceLayer.Log4net - ---Executing GetPatientTypeByID() in CommonController----
2022-11-18 06:35:03,152 [17] DEBUG LTCPro.ServiceLayer.Log4net - ---Executed Successfully GetResidentAdmitDischargeData() in ResidentDemographicController----
2022-11-18 06:35:03,153 [25] DEBUG LTCPro.ServiceLayer.Log4net - ---Executing GetPatientTypeDrop() in CommonService----
2022-11-18 06:35:03,247 [25] DEBUG LTCPro.ServiceLayer.Log4net - ---Executed Successfully GetPatientTypeDrop() in CommonController----
2022-11-18 06:35:03,253 [27] DEBUG LTCPro.ServiceLayer.Log4net - ---Executed Successfully GetResidentInformation() in ResidentDemographicController----
2022-11-18 06:35:03,299 [25] DEBUG LTCPro.ServiceLayer.Log4net - ---Executing GetUserToken() in UserService----
2022-11-18 06:35:03,305 [25] DEBUG LTCPro.ServiceLayer.Log4net - ---Executing GetAllPatientTypesByPId() in ResidentDemographicController----
2022-11-18 06:35:03,306 [25] DEBUG LTCPro.ServiceLayer.Log4net - ---Executing GetAllPatientTypesByPId() in EmarService----
2022-11-18 06:35:03,320 [25] DEBUG LTCPro.ServiceLayer.Log4net - ---Executed Successfully GetAllPatientTypesByPId() in ResidentDemographicController----
2022-11-18 06:35:05,942 [30] DEBUG LTCPro.ServiceLayer.Log4net - ---Executing GetUserToken() in UserService----
2022-11-18 06:35:05,964 [30] DEBUG LTCPro.ServiceLayer.Log4net - ---Executing GetOutboundHLSevenConfigs() in HLSevenSegmentController----
2022-11-18 06:35:06,003 [30] DEBUG LTCPro.ServiceLayer.Log4net - ---Executing GetOutboundHLSevenConfigs() in HLSevenSegmentService----
2022-11-18 06:35:06,080 [30] DEBUG LTCPro.ServiceLayer.Log4net - ---Executed Successfully GetOutboundHLSevenConfigs() in HLSevenSegmentController----
2022-11-18 06:35:06,164 [27] DEBUG LTCPro.ServiceLayer.Log4net - ---Executing GetUserToken() in UserService----
2022-11-18 06:35:06,171 [27] DEBUG LTCPro.ServiceLayer.Log4net - ---Executing UserFacilityDrop() in FacilityController----
2022-11-18 06:35:06,172 [27] DEBUG LTCPro.ServiceLayer.Log4net - ---Executing UserFacilityDrop() in FacilityService----
2022-11-18 06:35:06,177 [27] DEBUG LTCPro.ServiceLayer.Log4net - ---Executed Successfully UserFacilityDrop() in FacilityController----
2022-11-18 06:35:06,192 [25] DEBUG LTCPro.ServiceLayer.Log4net - ---Executing GetUserToken() in UserService----
2022-11-18 06:35:06,199 [25] DEBUG LTCPro.ServiceLayer.Log4net - ---Executing GetResidentAdmitvisitInfoData() in ResidentDemographicController----
2022-11-18 06:35:06,200 [25] DEBUG LTCPro.ServiceLayer.Log4net - ---Executing  VisitInfoEntity()  in GetResidentAdmitvisitInfoData----
2022-11-18 06:35:06,292 [25] DEBUG LTCPro.ServiceLayer.Log4net - ---Executed Successfully GetResidentAdmitvisitInfoData() in ResidentDemographicController----
2022-11-18 06:35:06,343 [27] DEBUG LTCPro.ServiceLayer.Log4net - ---Executing GetUserToken() in UserService----
2022-11-18 06:35:06,349 [27] DEBUG LTCPro.ServiceLayer.Log4net - ---Executing UserFacilityDrop() in FacilityController----
2022-11-18 06:35:06,349 [27] DEBUG LTCPro.ServiceLayer.Log4net - ---Executing UserFacilityDrop() in FacilityService----
2022-11-18 06:35:06,349 [25] DEBUG LTCPro.ServiceLayer.Log4net - ---Executing GetUserToken() in UserService----
2022-11-18 06:35:06,356 [25] DEBUG LTCPro.ServiceLayer.Log4net - ---Executing GetCompanyToBedFlagByFacId() in FacilityController----
2022-11-18 06:35:06,356 [25] DEBUG LTCPro.ServiceLayer.Log4net - ---Executing GetCompanyToBedFlagByFacId() in FacilityService----
2022-11-18 06:35:06,380 [27] DEBUG LTCPro.ServiceLayer.Log4net - ---Executed Successfully UserFacilityDrop() in FacilityController----
2022-11-18 06:35:06,414 [25] DEBUG LTCPro.ServiceLayer.Log4net - ---Executed Successfully GetCompanyToBedFlagByFacId() in FacilityController----
2022-11-18 06:35:06,435 [25] DEBUG LTCPro.ServiceLayer.Log4net - ---Executing GetUserToken() in UserService----
2022-11-18 06:35:06,441 [25] DEBUG LTCPro.ServiceLayer.Log4net - ---Executing UserNurseStationDrop() in FacilityController----
2022-11-18 06:35:06,441 [25] DEBUG LTCPro.ServiceLayer.Log4net - ---Executing UserNurseStationDrop() in FacilityService----
2022-11-18 06:35:06,448 [25] DEBUG LTCPro.ServiceLayer.Log4net - ---Executed Successfully UserNurseStationDrop() in FacilityController----
2022-11-18 06:35:06,457 [30] DEBUG LTCPro.ServiceLayer.Log4net - ---Executing GetUserToken() in UserService----
2022-11-18 06:35:06,463 [30] DEBUG LTCPro.ServiceLayer.Log4net - ---Executing GetNurseStationHierarchyDetailsbyNsId() in CompanyController----
2022-11-18 06:35:06,463 [30] DEBUG LTCPro.ServiceLayer.Log4net - ---Executing GetNurseStationHierarchyDetailsbyNsId() in CompanyService----
2022-11-18 06:35:06,469 [30] DEBUG LTCPro.ServiceLayer.Log4net - ---Executed Successfully GetNurseStationHierarchyDetailsbyNsId() in CompanyController----
2022-11-18 06:36:52,316 [7] DEBUG LTCPro.ServiceLayer.Log4net - ---Executing GetUserToken() in UserService----
2022-11-18 06:36:53,540 [7] DEBUG LTCPro.ServiceLayer.Log4net - ---Executing GetOutboundHLSevenConfigs() in HLSevenSegmentController----
2022-11-18 06:36:53,540 [7] DEBUG LTCPro.ServiceLayer.Log4net - ---Executing GetOutboundHLSevenConfigs() in HLSevenSegmentService----
2022-11-18 06:36:53,566 [7] DEBUG LTCPro.ServiceLayer.Log4net - ---Executed Successfully GetOutboundHLSevenConfigs() in HLSevenSegmentController----
2022-11-18 06:36:53,724 [5] DEBUG LTCPro.ServiceLayer.Log4net - ---Executing GetUserToken() in UserService----
2022-11-18 06:36:53,733 [5] DEBUG LTCPro.ServiceLayer.Log4net - ---Executing UserFacilityDrop() in FacilityController----
2022-11-18 06:36:53,733 [5] DEBUG LTCPro.ServiceLayer.Log4net - ---Executing UserFacilityDrop() in FacilityService----
2022-11-18 06:36:53,748 [5] DEBUG LTCPro.ServiceLayer.Log4net - ---Executed Successfully UserFacilityDrop() in FacilityController----
2022-11-18 06:36:53,760 [8] DEBUG LTCPro.ServiceLayer.Log4net - ---Executing GetUserToken() in UserService----
2022-11-18 06:36:53,767 [8] DEBUG LTCPro.ServiceLayer.Log4net - ---Executing GetResidentAdmitvisitInfoData() in ResidentDemographicController----
2022-11-18 06:36:53,768 [8] DEBUG LTCPro.ServiceLayer.Log4net - ---Executing  VisitInfoEntity()  in GetResidentAdmitvisitInfoData----
2022-11-18 06:36:53,928 [8] DEBUG LTCPro.ServiceLayer.Log4net - ---Executed Successfully GetResidentAdmitvisitInfoData() in ResidentDemographicController----
2022-11-18 06:36:53,978 [5] DEBUG LTCPro.ServiceLayer.Log4net - ---Executing GetUserToken() in UserService----
2022-11-18 06:36:53,985 [5] DEBUG LTCPro.ServiceLayer.Log4net - ---Executing UserFacilityDrop() in FacilityController----
2022-11-18 06:36:53,985 [5] DEBUG LTCPro.ServiceLayer.Log4net - ---Executing UserFacilityDrop() in FacilityService----
2022-11-18 06:36:53,985 [8] DEBUG LTCPro.ServiceLayer.Log4net - ---Executing GetUserToken() in UserService----
2022-11-18 06:36:53,993 [8] DEBUG LTCPro.ServiceLayer.Log4net - ---Executing GetCompanyToBedFlagByFacId() in FacilityController----
2022-11-18 06:36:53,994 [8] DEBUG LTCPro.ServiceLayer.Log4net - ---Executing GetCompanyToBedFlagByFacId() in FacilityService----
2022-11-18 06:36:54,006 [5] DEBUG LTCPro.ServiceLayer.Log4net - ---Executed Successfully UserFacilityDrop() in FacilityController----
2022-11-18 06:36:54,111 [8] DEBUG LTCPro.ServiceLayer.Log4net - ---Executed Successfully GetCompanyToBedFlagByFacId() in FacilityController----
2022-11-18 06:36:54,159 [8] DEBUG LTCPro.ServiceLayer.Log4net - ---Executing GetUserToken() in UserService----
2022-11-18 06:36:54,165 [8] DEBUG LTCPro.ServiceLayer.Log4net - ---Executing UserNurseStationDrop() in FacilityController----
2022-11-18 06:36:54,166 [8] DEBUG LTCPro.ServiceLayer.Log4net - ---Executing UserNurseStationDrop() in FacilityService----
2022-11-18 06:36:54,186 [6] DEBUG LTCPro.ServiceLayer.Log4net - ---Executing GetUserToken() in UserService----
2022-11-18 06:36:54,193 [6] DEBUG LTCPro.ServiceLayer.Log4net - ---Executing GetNurseStationHierarchyDetailsbyNsId() in CompanyController----
2022-11-18 06:36:54,193 [8] DEBUG LTCPro.ServiceLayer.Log4net - ---Executed Successfully UserNurseStationDrop() in FacilityController----
2022-11-18 06:36:54,193 [6] DEBUG LTCPro.ServiceLayer.Log4net - ---Executing GetNurseStationHierarchyDetailsbyNsId() in CompanyService----
2022-11-18 06:36:54,264 [6] DEBUG LTCPro.ServiceLayer.Log4net - ---Executed Successfully GetNurseStationHierarchyDetailsbyNsId() in CompanyController----
2022-11-18 06:36:56,046 [7] DEBUG LTCPro.ServiceLayer.Log4net - ---Executing GetUserToken() in UserService----
2022-11-18 06:36:56,052 [7] DEBUG LTCPro.ServiceLayer.Log4net - ---Executing GetOutboundHLSevenConfigs() in HLSevenSegmentController----
2022-11-18 06:36:56,052 [7] DEBUG LTCPro.ServiceLayer.Log4net - ---Executing GetOutboundHLSevenConfigs() in HLSevenSegmentService----
2022-11-18 06:36:56,059 [7] DEBUG LTCPro.ServiceLayer.Log4net - ---Executed Successfully GetOutboundHLSevenConfigs() in HLSevenSegmentController----
2022-11-18 06:36:56,090 [8] DEBUG LTCPro.ServiceLayer.Log4net - ---Executing GetUserToken() in UserService----
2022-11-18 06:36:56,124 [8] DEBUG LTCPro.ServiceLayer.Log4net - ---Executing UserFacilityDrop() in FacilityController----
2022-11-18 06:36:56,124 [8] DEBUG LTCPro.ServiceLayer.Log4net - ---Executing UserFacilityDrop() in FacilityService----
2022-11-18 06:36:56,130 [8] DEBUG LTCPro.ServiceLayer.Log4net - ---Executed Successfully UserFacilityDrop() in FacilityController----
2022-11-18 06:36:56,147 [11] DEBUG LTCPro.ServiceLayer.Log4net - ---Executing GetUserToken() in UserService----
2022-11-18 06:36:56,152 [11] DEBUG LTCPro.ServiceLayer.Log4net - ---Executing GetResidentAdmitvisitInfoData() in ResidentDemographicController----
2022-11-18 06:36:56,152 [11] DEBUG LTCPro.ServiceLayer.Log4net - ---Executing  VisitInfoEntity()  in GetResidentAdmitvisitInfoData----
2022-11-18 06:36:56,165 [11] DEBUG LTCPro.ServiceLayer.Log4net - ---Executed Successfully GetResidentAdmitvisitInfoData() in ResidentDemographicController----
2022-11-18 06:36:56,184 [11] DEBUG LTCPro.ServiceLayer.Log4net - ---Executing GetUserToken() in UserService----
2022-11-18 06:36:56,184 [8] DEBUG LTCPro.ServiceLayer.Log4net - ---Executing GetUserToken() in UserService----
2022-11-18 06:36:56,191 [8] DEBUG LTCPro.ServiceLayer.Log4net - ---Executing GetCompanyToBedFlagByFacId() in FacilityController----
2022-11-18 06:36:56,191 [11] DEBUG LTCPro.ServiceLayer.Log4net - ---Executing UserFacilityDrop() in FacilityController----
2022-11-18 06:36:56,191 [8] DEBUG LTCPro.ServiceLayer.Log4net - ---Executing GetCompanyToBedFlagByFacId() in FacilityService----
2022-11-18 06:36:56,191 [11] DEBUG LTCPro.ServiceLayer.Log4net - ---Executing UserFacilityDrop() in FacilityService----
2022-11-18 06:36:56,197 [11] DEBUG LTCPro.ServiceLayer.Log4net - ---Executed Successfully UserFacilityDrop() in FacilityController----
2022-11-18 06:36:56,226 [8] DEBUG LTCPro.ServiceLayer.Log4net - ---Executed Successfully GetCompanyToBedFlagByFacId() in FacilityController----
2022-11-18 06:36:56,242 [5] DEBUG LTCPro.ServiceLayer.Log4net - ---Executing GetUserToken() in UserService----
2022-11-18 06:36:56,280 [5] DEBUG LTCPro.ServiceLayer.Log4net - ---Executing UserNurseStationDrop() in FacilityController----
2022-11-18 06:36:56,280 [5] DEBUG LTCPro.ServiceLayer.Log4net - ---Executing UserNurseStationDrop() in FacilityService----
2022-11-18 06:36:56,312 [5] DEBUG LTCPro.ServiceLayer.Log4net - ---Executed Successfully UserNurseStationDrop() in FacilityController----
2022-11-18 06:36:56,322 [11] DEBUG LTCPro.ServiceLayer.Log4net - ---Executing GetUserToken() in UserService----
2022-11-18 06:36:56,328 [11] DEBUG LTCPro.ServiceLayer.Log4net - ---Executing GetNurseStationHierarchyDetailsbyNsId() in CompanyController----
2022-11-18 06:36:56,328 [11] DEBUG LTCPro.ServiceLayer.Log4net - ---Executing GetNurseStationHierarchyDetailsbyNsId() in CompanyService----
2022-11-18 06:36:56,333 [11] DEBUG LTCPro.ServiceLayer.Log4net - ---Executed Successfully GetNurseStationHierarchyDetailsbyNsId() in CompanyController----
2022-11-18 06:38:10,748 [8] DEBUG LTCPro.ServiceLayer.Log4net - ---Executing GetUserToken() in UserService----
2022-11-18 06:38:10,783 [8] DEBUG LTCPro.ServiceLayer.Log4net - ---Executing AutoLogoutUser() in UserService----
2022-11-18 06:38:10,785 [6] DEBUG LTCPro.ServiceLayer.Log4net - ---Executing GetUserToken() in UserService----
2022-11-18 06:38:10,795 [6] DEBUG LTCPro.ServiceLayer.Log4net - ---Executing AutoLogoutUser() in UserService----
2022-11-18 06:38:19,017 [8] DEBUG LTCPro.ServiceLayer.Log4net - ---Executing UsersConfigNurseStationDrop() in FacilityController----
2022-11-18 06:38:19,018 [8] DEBUG LTCPro.ServiceLayer.Log4net - ---Executing UsersConfigNurseStationDrop() in FacilityService----
2022-11-18 06:38:19,064 [8] DEBUG LTCPro.ServiceLayer.Log4net - ---Executed Successfully UsersConfigNurseStationDrop() in FacilityController----
2022-11-18 06:38:19,143 [6] DEBUG LTCPro.ServiceLayer.Log4net - ---Executing GetProcessKeyMasterList() in FacilityController----
2022-11-18 06:38:19,143 [6] DEBUG LTCPro.ServiceLayer.Log4net - ---Executing GetProcessKeyMasterList() in FacilityService----
2022-11-18 06:38:19,218 [6] DEBUG LTCPro.ServiceLayer.Log4net - ---Executed Successfully GetProcessKeyMasterList() in FacilityController----
2022-11-18 06:38:20,128 [8] DEBUG LTCPro.ServiceLayer.Log4net - ---Executing GetProcessKeyMasterList() in FacilityController----
2022-11-18 06:38:20,128 [8] DEBUG LTCPro.ServiceLayer.Log4net - ---Executing GetProcessKeyMasterList() in FacilityService----
2022-11-18 06:38:20,133 [8] DEBUG LTCPro.ServiceLayer.Log4net - ---Executed Successfully GetProcessKeyMasterList() in FacilityController----
2022-11-18 06:38:21,415 [8] DEBUG LTCPro.ServiceLayer.Log4net - ---Executing CheckUser() in UserService----
2022-11-18 06:38:21,492 [8] DEBUG LTCPro.ServiceLayer.Log4net - ---Executing FindUser() in UserService----
2022-11-18 06:38:21,613 [8] DEBUG LTCPro.ServiceLayer.Log4net - ---Executing InsertUserSession() in UserService----
2022-11-18 06:38:21,639 [8] DEBUG LTCPro.ServiceLayer.Log4net - ---Executing InsertUserToken() in UserService----
2022-11-18 06:38:21,721 [12] DEBUG LTCPro.ServiceLayer.Log4net - ---Executing InsertUpdateUserRecentFacNs() in UserController----
2022-11-18 06:38:21,733 [12] DEBUG LTCPro.ServiceLayer.Log4net - ---Executing GetUserRecentFacNs() in UserService----
2022-11-18 06:38:21,768 [11] DEBUG LTCPro.ServiceLayer.Log4net - ---Executing GetScreenPermissionsForLoggedInUser() in RoleController----
2022-11-18 06:38:21,800 [11] DEBUG LTCPro.ServiceLayer.Log4net - ---Executing GetScreenPermissionsForLoggedInUser() in RoleService----
2022-11-18 06:38:21,825 [12] DEBUG LTCPro.ServiceLayer.Log4net - ---Executing InsertUpdateUserRecentFacNs() in CommonService----
2022-11-18 06:38:21,837 [11] DEBUG LTCPro.ServiceLayer.Log4net - ---Executed Successfully GetScreenPermissionsForLoggedInUser() in RoleController----
2022-11-18 06:38:21,919 [12] DEBUG LTCPro.ServiceLayer.Log4net - ---Executed Successfully InsertUpdateUserRecentFacNs() in UserController----
2022-11-18 06:38:21,970 [13] DEBUG LTCPro.ServiceLayer.Log4net - ---Executing GetUserToken() in UserService----
2022-11-18 06:38:22,017 [15] DEBUG LTCPro.ServiceLayer.Log4net - ---Executing GetUserToken() in UserService----
2022-11-18 06:38:22,017 [11] DEBUG LTCPro.ServiceLayer.Log4net - ---Executing GetUserToken() in UserService----
2022-11-18 06:38:22,018 [17] DEBUG LTCPro.ServiceLayer.Log4net - ---Executing GetUserToken() in UserService----
2022-11-18 06:38:22,018 [16] DEBUG LTCPro.ServiceLayer.Log4net - ---Executing GetUserToken() in UserService----
2022-11-18 06:38:22,019 [13] DEBUG LTCPro.ServiceLayer.Log4net - ---Executing GetUserPassedDueFlag() in UserController----
2022-11-18 06:38:22,020 [13] DEBUG LTCPro.ServiceLayer.Log4net - ---Executing GetUserPassedDueFlag() in UserService----
2022-11-18 06:38:22,023 [15] DEBUG LTCPro.ServiceLayer.Log4net - ---Executing GetReadMailsCount() in MailboxController----
2022-11-18 06:38:22,025 [5] DEBUG LTCPro.ServiceLayer.Log4net - ---Executing GetUserToken() in UserService----
2022-11-18 06:38:22,028 [13] DEBUG LTCPro.ServiceLayer.Log4net - ---Executed Successfully GetUserPassedDueFlag() in UserController----
2022-11-18 06:38:22,028 [11] DEBUG LTCPro.ServiceLayer.Log4net - ---Executing GetAlertsDetails() in MailboxController----
2022-11-18 06:38:22,033 [5] DEBUG LTCPro.ServiceLayer.Log4net - ---Executing GetUserRecentFacNs() in UserController----
2022-11-18 06:38:22,034 [5] DEBUG LTCPro.ServiceLayer.Log4net - ---Executing GetUserRecentFacNs() in UserService----
2022-11-18 06:38:22,038 [16] DEBUG LTCPro.ServiceLayer.Log4net - ---Executing GetDueMARAlertData() in EmarController----
2022-11-18 06:38:22,042 [15] DEBUG LTCPro.ServiceLayer.Log4net - ---Executing GetReadMailsCount() in MailboxService----
2022-11-18 06:38:22,042 [17] DEBUG LTCPro.ServiceLayer.Log4net - ---Executing GetOutboundErrorDetails() in CommonController----
2022-11-18 06:38:22,042 [11] DEBUG LTCPro.ServiceLayer.Log4net - ---Executing GetAlertsDetails() in MailboxService----
2022-11-18 06:38:22,043 [5] DEBUG LTCPro.ServiceLayer.Log4net - ---Executed Successfully GetUserRecentFacNs() in UserController----
2022-11-18 06:38:22,043 [17] DEBUG LTCPro.ServiceLayer.Log4net - ---Executing GetOutboundErrorDetails() in CommonService----
2022-11-18 06:38:22,051 [16] DEBUG LTCPro.ServiceLayer.Log4net - ---Executing GetDueMARAlertData() in EmarService----
2022-11-18 06:38:22,055 [6] DEBUG LTCPro.ServiceLayer.Log4net - ---Executing GetUserToken() in UserService----
2022-11-18 06:38:22,061 [14] DEBUG LTCPro.ServiceLayer.Log4net - ---Executing GetUserToken() in UserService----
2022-11-18 06:38:22,061 [6] DEBUG LTCPro.ServiceLayer.Log4net - ---Executing GetPendingDosesList() in CommonController----
2022-11-18 06:38:22,062 [6] DEBUG LTCPro.ServiceLayer.Log4net - ---Executing GetPendingDosesList() in CommonService----
2022-11-18 06:38:22,144 [14] DEBUG LTCPro.ServiceLayer.Log4net - ---Executing InsertUserActivityDetails() in CompanyController----
2022-11-18 06:38:22,144 [14] DEBUG LTCPro.ServiceLayer.Log4net - ---Executing InsertUserActivityDetails() in UserActivityService----
2022-11-18 06:38:22,156 [15] DEBUG LTCPro.ServiceLayer.Log4net - ---Executed successfully GetReadMailsCount() in MailboxController----
2022-11-18 06:38:22,189 [15] DEBUG LTCPro.ServiceLayer.Log4net - ---Executing GetUserToken() in UserService----
2022-11-18 06:38:22,195 [15] DEBUG LTCPro.ServiceLayer.Log4net - ---Executing GetUserActiveCompanyMasterList() in CompanyController----
2022-11-18 06:38:22,196 [15] DEBUG LTCPro.ServiceLayer.Log4net - ---Executing GetActiveCompanyMasterList() in CompanyService----
2022-11-18 06:38:22,211 [11] DEBUG LTCPro.ServiceLayer.Log4net - ---Executed successfully GetAlertsDetails() in MailboxController----
2022-11-18 06:38:22,233 [5] DEBUG LTCPro.ServiceLayer.Log4net - ---Executing GetUserToken() in UserService----
2022-11-18 06:38:22,259 [5] DEBUG LTCPro.ServiceLayer.Log4net - ---Executing GetUserAccessFacilityNurseStaions() in FacilityController----
2022-11-18 06:38:22,260 [5] DEBUG LTCPro.ServiceLayer.Log4net - ---Executing GetUserAccessFacilityNurseStaions() in FacilityService----
2022-11-18 06:38:22,275 [5] DEBUG LTCPro.ServiceLayer.Log4net - ---Executed Successfully GetUserAccessFacilityNurseStaions() in FacilityController----
2022-11-18 06:38:22,292 [15] DEBUG LTCPro.ServiceLayer.Log4net - ---Executed Successfully GetUserActiveCompanyMasterList() in CompanyController----
2022-11-18 06:38:22,317 [14] DEBUG LTCPro.ServiceLayer.Log4net - ---Executed Successfully InsertUserActivityDetails() in CompanyController----
2022-11-18 06:38:22,358 [6] DEBUG LTCPro.ServiceLayer.Log4net - ---Executed Successfully GetPendingDosesList() in CommonController----
2022-11-18 06:38:22,545 [17] DEBUG LTCPro.ServiceLayer.Log4net - ---Executed Successfully GetOutboundErrorDetails() in CommonController----
2022-11-18 06:38:22,840 [16] DEBUG LTCPro.ServiceLayer.Log4net - ---Executed Successfully GetDueMARAlertData() in EmarController----
2022-11-18 06:38:26,981 [6] DEBUG LTCPro.ServiceLayer.Log4net - ---Executing GetUserToken() in UserService----
2022-11-18 06:38:26,988 [6] DEBUG LTCPro.ServiceLayer.Log4net - ---Executing InsertUserActivityDetails() in CompanyController----
2022-11-18 06:38:26,988 [6] DEBUG LTCPro.ServiceLayer.Log4net - ---Executing InsertUserActivityDetails() in UserActivityService----
2022-11-18 06:38:26,989 [11] DEBUG LTCPro.ServiceLayer.Log4net - ---Executing GetUserToken() in UserService----
2022-11-18 06:38:26,996 [11] DEBUG LTCPro.ServiceLayer.Log4net - ---Executing GetUserRecentFacNs() in UserController----
2022-11-18 06:38:26,996 [11] DEBUG LTCPro.ServiceLayer.Log4net - ---Executing GetUserRecentFacNs() in UserService----
2022-11-18 06:38:26,997 [6] DEBUG LTCPro.ServiceLayer.Log4net - ---Executed Successfully InsertUserActivityDetails() in CompanyController----
2022-11-18 06:38:27,005 [11] DEBUG LTCPro.ServiceLayer.Log4net - ---Executed Successfully GetUserRecentFacNs() in UserController----
2022-11-18 06:38:27,045 [13] DEBUG LTCPro.ServiceLayer.Log4net - ---Executing GetUserToken() in UserService----
2022-11-18 06:38:27,051 [13] DEBUG LTCPro.ServiceLayer.Log4net - ---Executing GetUserAccessFacilityNurseStaions() in FacilityController----
2022-11-18 06:38:27,051 [13] DEBUG LTCPro.ServiceLayer.Log4net - ---Executing GetUserAccessFacilityNurseStaions() in FacilityService----
2022-11-18 06:38:27,060 [13] DEBUG LTCPro.ServiceLayer.Log4net - ---Executed Successfully GetUserAccessFacilityNurseStaions() in FacilityController----
2022-11-18 06:38:27,082 [12] DEBUG LTCPro.ServiceLayer.Log4net - ---Executing GetUserToken() in UserService----
2022-11-18 06:38:27,087 [12] DEBUG LTCPro.ServiceLayer.Log4net - ---Executing UserNurseStationDrop() in FacilityController----
2022-11-18 06:38:27,087 [12] DEBUG LTCPro.ServiceLayer.Log4net - ---Executing UserNurseStationDrop() in FacilityService----
2022-11-18 06:38:27,093 [12] DEBUG LTCPro.ServiceLayer.Log4net - ---Executed Successfully UserNurseStationDrop() in FacilityController----
2022-11-18 06:38:27,119 [13] DEBUG LTCPro.ServiceLayer.Log4net - ---Executing GetUserToken() in UserService----
2022-11-18 06:38:27,124 [13] DEBUG LTCPro.ServiceLayer.Log4net - ---Executing GetTimeZoneDate() in CommonController----
2022-11-18 06:38:27,125 [13] DEBUG LTCPro.ServiceLayer.Log4net - ---Executing GetTimeZoneDate() in CommonService----
2022-11-18 06:38:27,140 [13] DEBUG LTCPro.ServiceLayer.Log4net - ---Executed Successfully GetTimeZoneDate() in CommonController----
2022-11-18 06:38:27,162 [5] DEBUG LTCPro.ServiceLayer.Log4net - ---Executing GetUserToken() in UserService----
2022-11-18 06:38:27,169 [5] DEBUG LTCPro.ServiceLayer.Log4net - ---Executing GpiList() in FacilityController----
2022-11-18 06:38:27,169 [5] DEBUG LTCPro.ServiceLayer.Log4net - ---Executing UserNurseStationDrop() in FacilityService----
2022-11-18 06:38:27,184 [5] DEBUG LTCPro.ServiceLayer.Log4net - ---Executed Successfully GpiList() in FacilityController----
2022-11-18 06:38:27,213 [5] DEBUG LTCPro.ServiceLayer.Log4net - ---Executing GetUserToken() in UserService----
2022-11-18 06:38:29,844 [5] DEBUG LTCPro.ServiceLayer.Log4net - ---Executing GetCommonDashboard() in DashboardsController----
2022-11-18 06:38:29,846 [5] DEBUG LTCPro.ServiceLayer.Log4net - ---Executing GetCommonDashboard() in DashboardsService---- 
2022-11-18 06:38:30,171 [5] DEBUG LTCPro.ServiceLayer.Log4net - ---Executed Successfully GetCommonDashboard() DashboardsController----
2022-11-18 06:38:39,045 [6] DEBUG LTCPro.ServiceLayer.Log4net - ---Executing GetUserToken() in UserService----
2022-11-18 06:38:39,052 [6] DEBUG LTCPro.ServiceLayer.Log4net - ---Executing GpiList() in FacilityController----
2022-11-18 06:38:39,052 [6] DEBUG LTCPro.ServiceLayer.Log4net - ---Executing UserNurseStationDrop() in FacilityService----
2022-11-18 06:38:39,057 [6] DEBUG LTCPro.ServiceLayer.Log4net - ---Executed Successfully GpiList() in FacilityController----
2022-11-18 06:38:39,771 [13] DEBUG LTCPro.ServiceLayer.Log4net - ---Executing GetUserToken() in UserService----
2022-11-18 06:38:42,485 [13] DEBUG LTCPro.ServiceLayer.Log4net - ---Executing GetCommonDashboard() in DashboardsController----
2022-11-18 06:38:42,485 [13] DEBUG LTCPro.ServiceLayer.Log4net - ---Executing GetCommonDashboard() in DashboardsService---- 
2022-11-18 06:38:43,010 [13] DEBUG LTCPro.ServiceLayer.Log4net - ---Executed Successfully GetCommonDashboard() DashboardsController----
2022-11-18 06:39:24,341 [12] DEBUG LTCPro.ServiceLayer.Log4net - ---Executing GetUserToken() in UserService----
2022-11-18 06:39:24,356 [12] DEBUG LTCPro.ServiceLayer.Log4net - ---Executing InsertUserActivityDetails() in CompanyController----
2022-11-18 06:39:24,356 [12] DEBUG LTCPro.ServiceLayer.Log4net - ---Executing InsertUserActivityDetails() in UserActivityService----
2022-11-18 06:39:24,358 [8] DEBUG LTCPro.ServiceLayer.Log4net - ---Executing GetUserToken() in UserService----
2022-11-18 06:39:24,364 [8] DEBUG LTCPro.ServiceLayer.Log4net - ---Executing GetUserRecentFacNs() in UserController----
2022-11-18 06:39:24,364 [8] DEBUG LTCPro.ServiceLayer.Log4net - ---Executing GetUserRecentFacNs() in UserService----
2022-11-18 06:39:24,366 [12] DEBUG LTCPro.ServiceLayer.Log4net - ---Executed Successfully InsertUserActivityDetails() in CompanyController----
2022-11-18 06:39:24,373 [8] DEBUG LTCPro.ServiceLayer.Log4net - ---Executed Successfully GetUserRecentFacNs() in UserController----
2022-11-18 06:39:24,393 [8] DEBUG LTCPro.ServiceLayer.Log4net - ---Executing GetUserToken() in UserService----
2022-11-18 06:39:24,399 [8] DEBUG LTCPro.ServiceLayer.Log4net - ---Executing GetUserAccessFacilityNurseStaions() in FacilityController----
2022-11-18 06:39:24,399 [8] DEBUG LTCPro.ServiceLayer.Log4net - ---Executing GetUserAccessFacilityNurseStaions() in FacilityService----
2022-11-18 06:39:24,410 [8] DEBUG LTCPro.ServiceLayer.Log4net - ---Executed Successfully GetUserAccessFacilityNurseStaions() in FacilityController----
2022-11-18 06:39:24,429 [8] DEBUG LTCPro.ServiceLayer.Log4net - ---Executing GetUserToken() in UserService----
2022-11-18 06:39:24,435 [8] DEBUG LTCPro.ServiceLayer.Log4net - ---Executing UserNurseStationDrop() in FacilityController----
2022-11-18 06:39:24,435 [8] DEBUG LTCPro.ServiceLayer.Log4net - ---Executing UserNurseStationDrop() in FacilityService----
2022-11-18 06:39:24,441 [8] DEBUG LTCPro.ServiceLayer.Log4net - ---Executed Successfully UserNurseStationDrop() in FacilityController----
2022-11-18 06:39:24,470 [13] DEBUG LTCPro.ServiceLayer.Log4net - ---Executing GetUserToken() in UserService----
2022-11-18 06:39:24,475 [13] DEBUG LTCPro.ServiceLayer.Log4net - ---Executing GetCompanyToBedFlagByFacId() in FacilityController----
2022-11-18 06:39:24,475 [13] DEBUG LTCPro.ServiceLayer.Log4net - ---Executing GetCompanyToBedFlagByFacId() in FacilityService----
2022-11-18 06:39:24,507 [13] DEBUG LTCPro.ServiceLayer.Log4net - ---Executed Successfully GetCompanyToBedFlagByFacId() in FacilityController----
2022-11-18 06:39:24,510 [6] DEBUG LTCPro.ServiceLayer.Log4net - ---Executing GetUserToken() in UserService----
2022-11-18 06:39:24,517 [6] DEBUG LTCPro.ServiceLayer.Log4net - ---Executing GetResidentsByCompanyBed() in ResidentDemographicController----
2022-11-18 06:39:24,528 [6] DEBUG LTCPro.ServiceLayer.Log4net - ---Executing GetResidentsByCompanyBed() in ResidentDemographicService----
2022-11-18 06:39:24,547 [8] DEBUG LTCPro.ServiceLayer.Log4net - ---Executing GetUserToken() in UserService----
2022-11-18 06:39:24,551 [8] DEBUG LTCPro.ServiceLayer.Log4net - ---Executing GetNurseStationHierarchyDetailsbyNsId() in CompanyController----
2022-11-18 06:39:24,551 [8] DEBUG LTCPro.ServiceLayer.Log4net - ---Executing GetNurseStationHierarchyDetailsbyNsId() in CompanyService----
2022-11-18 06:39:24,556 [8] DEBUG LTCPro.ServiceLayer.Log4net - ---Executed Successfully GetNurseStationHierarchyDetailsbyNsId() in CompanyController----
2022-11-18 06:39:26,721 [6] DEBUG LTCPro.ServiceLayer.Log4net - ---Executed Successfully GetResidentsByCompanyBed() in ResidentDemographicController----
2022-11-18 06:39:27,667 [6] DEBUG LTCPro.ServiceLayer.Log4net - ---Executing GetUserToken() in UserService----
2022-11-18 06:39:27,754 [6] DEBUG LTCPro.ServiceLayer.Log4net - ---Executing InsertUserActivityDetails() in CompanyController----
2022-11-18 06:39:27,754 [6] DEBUG LTCPro.ServiceLayer.Log4net - ---Executing InsertUserActivityDetails() in UserActivityService----
2022-11-18 06:39:27,780 [6] DEBUG LTCPro.ServiceLayer.Log4net - ---Executed Successfully InsertUserActivityDetails() in CompanyController----
2022-11-18 06:39:27,785 [8] DEBUG LTCPro.ServiceLayer.Log4net - ---Executing GetUserToken() in UserService----
2022-11-18 06:39:27,791 [6] DEBUG LTCPro.ServiceLayer.Log4net - ---Executing GetUserToken() in UserService----
2022-11-18 06:39:27,797 [6] DEBUG LTCPro.ServiceLayer.Log4net - ---Executing InsertUserActivityDetails() in CompanyController----
2022-11-18 06:39:27,797 [6] DEBUG LTCPro.ServiceLayer.Log4net - ---Executing InsertUserActivityDetails() in UserActivityService----
2022-11-18 06:39:27,800 [8] DEBUG LTCPro.ServiceLayer.Log4net - ---Executing GetFacilityNSResidentsDataByPId() in ResidentDemographicController----
2022-11-18 06:39:27,801 [12] DEBUG LTCPro.ServiceLayer.Log4net - ---Executing GetUserToken() in UserService----
2022-11-18 06:39:27,801 [13] DEBUG LTCPro.ServiceLayer.Log4net - ---Executing GetUserToken() in UserService----
2022-11-18 06:39:27,806 [6] DEBUG LTCPro.ServiceLayer.Log4net - ---Executed Successfully InsertUserActivityDetails() in CompanyController----
2022-11-18 06:39:27,809 [12] DEBUG LTCPro.ServiceLayer.Log4net - ---Executing GetResidentAdmitDischargeData() in ResidentDemographicController----
2022-11-18 06:39:27,809 [13] DEBUG LTCPro.ServiceLayer.Log4net - ---Executing GetResidentAdmitDischargeData() in ResidentDemographicController----
2022-11-18 06:39:27,809 [12] DEBUG LTCPro.ServiceLayer.Log4net - ---Executing GetResidentAdmitDischargeData() in ResidentDemographicService----
2022-11-18 06:39:27,810 [13] DEBUG LTCPro.ServiceLayer.Log4net - ---Executing GetResidentAdmitDischargeData() in ResidentDemographicService----
2022-11-18 06:39:27,864 [8] DEBUG LTCPro.ServiceLayer.Log4net - ---Executing GetFacilityNSResidentsDataByPId() in ResidentDemographicService----
2022-11-18 06:39:27,865 [12] DEBUG LTCPro.ServiceLayer.Log4net - ---Executed Successfully GetResidentAdmitDischargeData() in ResidentDemographicController----
2022-11-18 06:39:27,868 [13] DEBUG LTCPro.ServiceLayer.Log4net - ---Executed Successfully GetResidentAdmitDischargeData() in ResidentDemographicController----
2022-11-18 06:39:27,874 [6] DEBUG LTCPro.ServiceLayer.Log4net - ---Executing GetUserToken() in UserService----
2022-11-18 06:39:27,884 [6] DEBUG LTCPro.ServiceLayer.Log4net - ---Executing InsertUserActivityDetails() in CompanyController----
2022-11-18 06:39:27,884 [6] DEBUG LTCPro.ServiceLayer.Log4net - ---Executing InsertUserActivityDetails() in UserActivityService----
2022-11-18 06:39:27,890 [12] DEBUG LTCPro.ServiceLayer.Log4net - ---Executing GetUserToken() in UserService----
2022-11-18 06:39:27,897 [12] DEBUG LTCPro.ServiceLayer.Log4net - ---Executing InsertUserActivityDetails() in CompanyController----
2022-11-18 06:39:27,897 [12] DEBUG LTCPro.ServiceLayer.Log4net - ---Executing InsertUserActivityDetails() in UserActivityService----
2022-11-18 06:39:27,901 [6] DEBUG LTCPro.ServiceLayer.Log4net - ---Executed Successfully InsertUserActivityDetails() in CompanyController----
2022-11-18 06:39:27,920 [12] DEBUG LTCPro.ServiceLayer.Log4net - ---Executed Successfully InsertUserActivityDetails() in CompanyController----
2022-11-18 06:39:27,945 [13] DEBUG LTCPro.ServiceLayer.Log4net - ---Executing GetUserToken() in UserService----
2022-11-18 06:39:27,958 [13] DEBUG LTCPro.ServiceLayer.Log4net - ---Executing GetResidentInformation() in ResidentDemographicController----
2022-11-18 06:39:27,959 [13] DEBUG LTCPro.ServiceLayer.Log4net - ---Executing GetResidentInformation() in ResidentDemographicService----
2022-11-18 06:39:27,965 [5] DEBUG LTCPro.ServiceLayer.Log4net - ---Executing GetUserToken() in UserService----
2022-11-18 06:39:27,972 [5] DEBUG LTCPro.ServiceLayer.Log4net - ---Executing GetResidentDiagnosisInfo() in ResidentDemographicController----
2022-11-18 06:39:27,973 [5] DEBUG LTCPro.ServiceLayer.Log4net - ---Executing GetResidentDiagnosisInfo() in DiagnosisInfoService----
2022-11-18 06:39:27,974 [6] DEBUG LTCPro.ServiceLayer.Log4net - ---Executing GetUserToken() in UserService----
2022-11-18 06:39:27,981 [6] DEBUG LTCPro.ServiceLayer.Log4net - ---Executing GetResidentAllergies() in ResidentDemographicController----
2022-11-18 06:39:27,989 [6] DEBUG LTCPro.ServiceLayer.Log4net - ---Executing GetResidentAllergies() in AllergyInfoService----
2022-11-18 06:39:27,993 [5] DEBUG LTCPro.ServiceLayer.Log4net - ---Executed Successfully GetResidentDiagnosisInfo() in ResidentDemographicController----
2022-11-18 06:39:28,007 [6] DEBUG LTCPro.ServiceLayer.Log4net - ---Executed Successfully GetResidentAllergies() in ResidentDemographicController----
2022-11-18 06:39:28,027 [8] DEBUG LTCPro.ServiceLayer.Log4net - ---Executed Successfully GetFacilityNSResidentsDataByPId() in ResidentDemographicController----
2022-11-18 06:39:28,098 [5] DEBUG LTCPro.ServiceLayer.Log4net - ---Executing GetUserToken() in UserService----
2022-11-18 06:39:28,104 [5] DEBUG LTCPro.ServiceLayer.Log4net - ---Executing GetResidentInformation() in ResidentDemographicController----
2022-11-18 06:39:28,104 [5] DEBUG LTCPro.ServiceLayer.Log4net - ---Executing GetResidentInformation() in ResidentDemographicService----
2022-11-18 06:39:28,122 [13] DEBUG LTCPro.ServiceLayer.Log4net - ---Executed Successfully GetResidentInformation() in ResidentDemographicController----
2022-11-18 06:39:28,193 [5] DEBUG LTCPro.ServiceLayer.Log4net - ---Executed Successfully GetResidentInformation() in ResidentDemographicController----
2022-11-18 06:39:28,245 [5] DEBUG LTCPro.ServiceLayer.Log4net - ---Executing GetUserToken() in UserService----
2022-11-18 06:39:28,247 [6] DEBUG LTCPro.ServiceLayer.Log4net - ---Executing GetUserToken() in UserService----
2022-11-18 06:39:28,268 [8] DEBUG LTCPro.ServiceLayer.Log4net - ---Executing GetUserToken() in UserService----
2022-11-18 06:39:28,268 [6] DEBUG LTCPro.ServiceLayer.Log4net - ---Executing GetResidentAdmitDischargeData() in ResidentDemographicController----
2022-11-18 06:39:28,268 [6] DEBUG LTCPro.ServiceLayer.Log4net - ---Executing GetResidentAdmitDischargeData() in ResidentDemographicService----
2022-11-18 06:39:28,269 [5] DEBUG LTCPro.ServiceLayer.Log4net - ---Executing GetResidentDiagnosisInfo() in ResidentDemographicController----
2022-11-18 06:39:28,269 [5] DEBUG LTCPro.ServiceLayer.Log4net - ---Executing GetResidentDiagnosisInfo() in DiagnosisInfoService----
2022-11-18 06:39:28,272 [19] DEBUG LTCPro.ServiceLayer.Log4net - ---Executing GetUserToken() in UserService----
2022-11-18 06:39:28,273 [8] DEBUG LTCPro.ServiceLayer.Log4net - ---Executing GetResidentAllergies() in ResidentDemographicController----
2022-11-18 06:39:28,273 [8] DEBUG LTCPro.ServiceLayer.Log4net - ---Executing GetResidentAllergies() in AllergyInfoService----
2022-11-18 06:39:28,274 [11] DEBUG LTCPro.ServiceLayer.Log4net - ---Executing GetUserToken() in UserService----
2022-11-18 06:39:28,281 [6] DEBUG LTCPro.ServiceLayer.Log4net - ---Executed Successfully GetResidentAdmitDischargeData() in ResidentDemographicController----
2022-11-18 06:39:28,283 [19] DEBUG LTCPro.ServiceLayer.Log4net - ---Executing GetResidentInformation() in ResidentDemographicController----
2022-11-18 06:39:28,283 [19] DEBUG LTCPro.ServiceLayer.Log4net - ---Executing GetResidentInformation() in ResidentDemographicService----
2022-11-18 06:39:28,283 [11] DEBUG LTCPro.ServiceLayer.Log4net - ---Executing GetPatientTypeByID() in CommonController----
2022-11-18 06:39:28,293 [11] DEBUG LTCPro.ServiceLayer.Log4net - ---Executing GetPatientTypeDrop() in CommonService----
2022-11-18 06:39:28,298 [8] DEBUG LTCPro.ServiceLayer.Log4net - ---Executed Successfully GetResidentAllergies() in ResidentDemographicController----
2022-11-18 06:39:28,299 [5] DEBUG LTCPro.ServiceLayer.Log4net - ---Executed Successfully GetResidentDiagnosisInfo() in ResidentDemographicController----
2022-11-18 06:39:28,373 [11] DEBUG LTCPro.ServiceLayer.Log4net - ---Executed Successfully GetPatientTypeDrop() in CommonController----
2022-11-18 06:39:28,410 [19] DEBUG LTCPro.ServiceLayer.Log4net - ---Executed Successfully GetResidentInformation() in ResidentDemographicController----
2022-11-18 06:39:28,440 [6] DEBUG LTCPro.ServiceLayer.Log4net - ---Executing GetUserToken() in UserService----
2022-11-18 06:39:28,446 [6] DEBUG LTCPro.ServiceLayer.Log4net - ---Executing GetAllPatientTypesByPId() in ResidentDemographicController----
2022-11-18 06:39:28,446 [6] DEBUG LTCPro.ServiceLayer.Log4net - ---Executing GetAllPatientTypesByPId() in EmarService----
2022-11-18 06:39:28,459 [6] DEBUG LTCPro.ServiceLayer.Log4net - ---Executed Successfully GetAllPatientTypesByPId() in ResidentDemographicController----
2022-11-18 06:39:29,908 [8] DEBUG LTCPro.ServiceLayer.Log4net - ---Executing GetUserToken() in UserService----
2022-11-18 06:39:29,914 [8] DEBUG LTCPro.ServiceLayer.Log4net - ---Executing GetOutboundHLSevenConfigs() in HLSevenSegmentController----
2022-11-18 06:39:29,914 [8] DEBUG LTCPro.ServiceLayer.Log4net - ---Executing GetOutboundHLSevenConfigs() in HLSevenSegmentService----
2022-11-18 06:39:29,926 [8] DEBUG LTCPro.ServiceLayer.Log4net - ---Executed Successfully GetOutboundHLSevenConfigs() in HLSevenSegmentController----
2022-11-18 06:39:29,950 [5] DEBUG LTCPro.ServiceLayer.Log4net - ---Executing GetUserToken() in UserService----
2022-11-18 06:39:29,956 [5] DEBUG LTCPro.ServiceLayer.Log4net - ---Executing UserFacilityDrop() in FacilityController----
2022-11-18 06:39:29,956 [5] DEBUG LTCPro.ServiceLayer.Log4net - ---Executing UserFacilityDrop() in FacilityService----
2022-11-18 06:39:29,963 [5] DEBUG LTCPro.ServiceLayer.Log4net - ---Executed Successfully UserFacilityDrop() in FacilityController----
2022-11-18 06:39:29,983 [6] DEBUG LTCPro.ServiceLayer.Log4net - ---Executing GetUserToken() in UserService----
2022-11-18 06:39:29,995 [6] DEBUG LTCPro.ServiceLayer.Log4net - ---Executing GetResidentAdmitvisitInfoData() in ResidentDemographicController----
2022-11-18 06:39:29,995 [6] DEBUG LTCPro.ServiceLayer.Log4net - ---Executing  VisitInfoEntity()  in GetResidentAdmitvisitInfoData----
2022-11-18 06:39:30,008 [6] DEBUG LTCPro.ServiceLayer.Log4net - ---Executed Successfully GetResidentAdmitvisitInfoData() in ResidentDemographicController----
2022-11-18 06:39:30,030 [18] DEBUG LTCPro.ServiceLayer.Log4net - ---Executing GetUserToken() in UserService----
2022-11-18 06:39:30,032 [6] DEBUG LTCPro.ServiceLayer.Log4net - ---Executing GetUserToken() in UserService----
2022-11-18 06:39:30,035 [18] DEBUG LTCPro.ServiceLayer.Log4net - ---Executing UserFacilityDrop() in FacilityController----
2022-11-18 06:39:30,035 [18] DEBUG LTCPro.ServiceLayer.Log4net - ---Executing UserFacilityDrop() in FacilityService----
2022-11-18 06:39:30,059 [6] DEBUG LTCPro.ServiceLayer.Log4net - ---Executing GetCompanyToBedFlagByFacId() in FacilityController----
2022-11-18 06:39:30,059 [6] DEBUG LTCPro.ServiceLayer.Log4net - ---Executing GetCompanyToBedFlagByFacId() in FacilityService----
2022-11-18 06:39:30,064 [18] DEBUG LTCPro.ServiceLayer.Log4net - ---Executed Successfully UserFacilityDrop() in FacilityController----
2022-11-18 06:39:30,090 [6] DEBUG LTCPro.ServiceLayer.Log4net - ---Executed Successfully GetCompanyToBedFlagByFacId() in FacilityController----
2022-11-18 06:39:30,110 [12] DEBUG LTCPro.ServiceLayer.Log4net - ---Executing GetUserToken() in UserService----
2022-11-18 06:39:30,116 [12] DEBUG LTCPro.ServiceLayer.Log4net - ---Executing UserNurseStationDrop() in FacilityController----
2022-11-18 06:39:30,116 [12] DEBUG LTCPro.ServiceLayer.Log4net - ---Executing UserNurseStationDrop() in FacilityService----
2022-11-18 06:39:30,123 [12] DEBUG LTCPro.ServiceLayer.Log4net - ---Executed Successfully UserNurseStationDrop() in FacilityController----
2022-11-18 06:39:30,131 [11] DEBUG LTCPro.ServiceLayer.Log4net - ---Executing GetUserToken() in UserService----
2022-11-18 06:39:30,137 [11] DEBUG LTCPro.ServiceLayer.Log4net - ---Executing GetNurseStationHierarchyDetailsbyNsId() in CompanyController----
2022-11-18 06:39:30,137 [11] DEBUG LTCPro.ServiceLayer.Log4net - ---Executing GetNurseStationHierarchyDetailsbyNsId() in CompanyService----
2022-11-18 06:39:30,142 [11] DEBUG LTCPro.ServiceLayer.Log4net - ---Executed Successfully GetNurseStationHierarchyDetailsbyNsId() in CompanyController----
2022-11-18 06:42:02,827 [19] DEBUG LTCPro.ServiceLayer.Log4net - ---Executing GetUserToken() in UserService----
2022-11-18 06:42:02,835 [19] DEBUG LTCPro.ServiceLayer.Log4net - ---Executing GetOutboundHLSevenConfigs() in HLSevenSegmentController----
2022-11-18 06:42:02,835 [19] DEBUG LTCPro.ServiceLayer.Log4net - ---Executing GetOutboundHLSevenConfigs() in HLSevenSegmentService----
2022-11-18 06:42:02,845 [19] DEBUG LTCPro.ServiceLayer.Log4net - ---Executed Successfully GetOutboundHLSevenConfigs() in HLSevenSegmentController----
2022-11-18 06:42:02,881 [20] DEBUG LTCPro.ServiceLayer.Log4net - ---Executing GetUserToken() in UserService----
2022-11-18 06:42:02,887 [20] DEBUG LTCPro.ServiceLayer.Log4net - ---Executing UserFacilityDrop() in FacilityController----
2022-11-18 06:42:02,887 [20] DEBUG LTCPro.ServiceLayer.Log4net - ---Executing UserFacilityDrop() in FacilityService----
2022-11-18 06:42:02,894 [20] DEBUG LTCPro.ServiceLayer.Log4net - ---Executed Successfully UserFacilityDrop() in FacilityController----
2022-11-18 06:42:02,910 [19] DEBUG LTCPro.ServiceLayer.Log4net - ---Executing GetUserToken() in UserService----
2022-11-18 06:42:02,916 [19] DEBUG LTCPro.ServiceLayer.Log4net - ---Executing GetResidentAdmitvisitInfoData() in ResidentDemographicController----
2022-11-18 06:42:02,916 [19] DEBUG LTCPro.ServiceLayer.Log4net - ---Executing  VisitInfoEntity()  in GetResidentAdmitvisitInfoData----
2022-11-18 06:42:02,929 [19] DEBUG LTCPro.ServiceLayer.Log4net - ---Executed Successfully GetResidentAdmitvisitInfoData() in ResidentDemographicController----
2022-11-18 06:42:02,957 [21] DEBUG LTCPro.ServiceLayer.Log4net - ---Executing GetUserToken() in UserService----
2022-11-18 06:42:02,963 [21] DEBUG LTCPro.ServiceLayer.Log4net - ---Executing UserFacilityDrop() in FacilityController----
2022-11-18 06:42:02,963 [21] DEBUG LTCPro.ServiceLayer.Log4net - ---Executing UserFacilityDrop() in FacilityService----
2022-11-18 06:42:02,963 [22] DEBUG LTCPro.ServiceLayer.Log4net - ---Executing GetUserToken() in UserService----
2022-11-18 06:42:02,968 [22] DEBUG LTCPro.ServiceLayer.Log4net - ---Executing GetCompanyToBedFlagByFacId() in FacilityController----
2022-11-18 06:42:02,968 [22] DEBUG LTCPro.ServiceLayer.Log4net - ---Executing GetCompanyToBedFlagByFacId() in FacilityService----
2022-11-18 06:42:02,969 [21] DEBUG LTCPro.ServiceLayer.Log4net - ---Executed Successfully UserFacilityDrop() in FacilityController----
2022-11-18 06:42:03,002 [22] DEBUG LTCPro.ServiceLayer.Log4net - ---Executed Successfully GetCompanyToBedFlagByFacId() in FacilityController----
2022-11-18 06:42:03,080 [20] DEBUG LTCPro.ServiceLayer.Log4net - ---Executing GetUserToken() in UserService----
2022-11-18 06:42:03,086 [20] DEBUG LTCPro.ServiceLayer.Log4net - ---Executing UserNurseStationDrop() in FacilityController----
2022-11-18 06:42:03,086 [20] DEBUG LTCPro.ServiceLayer.Log4net - ---Executing UserNurseStationDrop() in FacilityService----
2022-11-18 06:42:03,093 [20] DEBUG LTCPro.ServiceLayer.Log4net - ---Executed Successfully UserNurseStationDrop() in FacilityController----
2022-11-18 06:42:03,102 [19] DEBUG LTCPro.ServiceLayer.Log4net - ---Executing GetUserToken() in UserService----
2022-11-18 06:42:03,108 [19] DEBUG LTCPro.ServiceLayer.Log4net - ---Executing GetNurseStationHierarchyDetailsbyNsId() in CompanyController----
2022-11-18 06:42:03,108 [19] DEBUG LTCPro.ServiceLayer.Log4net - ---Executing GetNurseStationHierarchyDetailsbyNsId() in CompanyService----
2022-11-18 06:42:03,113 [19] DEBUG LTCPro.ServiceLayer.Log4net - ---Executed Successfully GetNurseStationHierarchyDetailsbyNsId() in CompanyController----
2022-11-18 06:42:09,934 [19] DEBUG LTCPro.ServiceLayer.Log4net - ---Executing GetUserToken() in UserService----
2022-11-18 06:42:10,030 [19] DEBUG LTCPro.ServiceLayer.Log4net - ---Executing InsertResidentVisitInfo() in AdminApprovalController----
2022-11-18 06:42:10,065 [19] DEBUG LTCPro.ServiceLayer.Log4net - ---Executing InsertResidentVisitInfo() in AdminApprovalService----
2022-11-18 06:42:10,342 [19] DEBUG LTCPro.ServiceLayer.Log4net - ---Executing GenerateOutboundFile() Discharge in AdminApprovalService----
2022-11-18 06:42:10,351 [19] DEBUG LTCPro.ServiceLayer.Log4net - ---Generating OutboundFile Discharge in AdminApprovalService----
2022-11-18 06:42:10,412 [19] DEBUG LTCPro.ServiceLayer.Log4net - ---Generated OutboundFile Download Start D:/Promantra/OutboundLive/Pending//Discharge_11182022051124.hl7 in AdminApprovalService----
2022-11-18 06:42:10,454 [19] DEBUG LTCPro.ServiceLayer.Log4net - ---Generated OutboundFile Download Completed D:/Promantra/OutboundLive/Pending//Discharge_11182022051124.hl7 in AdminApprovalService----
2022-11-18 06:42:10,454 [19] DEBUG LTCPro.ServiceLayer.Log4net - ---Executed GenerateOutboundFile() Discharge in AdminApprovalService----
2022-11-18 06:42:10,536 [19] DEBUG LTCPro.ServiceLayer.Log4net - ---Executed Successfully InsertResidentVisitInfo() in AdminApprovalController----
2022-11-18 06:42:10,574 [19] DEBUG LTCPro.ServiceLayer.Log4net - ---Executing GetUserToken() in UserService----
2022-11-18 06:42:10,581 [19] DEBUG LTCPro.ServiceLayer.Log4net - ---Executing GetApprovalFlag() in CompanyController----
2022-11-18 06:42:10,581 [19] DEBUG LTCPro.ServiceLayer.Log4net - ---Executing GetApprovalFlag() in CompanyService----
2022-11-18 06:42:10,653 [19] DEBUG LTCPro.ServiceLayer.Log4net - ---Executing GetUserToken() in UserService----
2022-11-18 06:42:10,655 [23] DEBUG LTCPro.ServiceLayer.Log4net - ---Executing GetUserToken() in UserService----
2022-11-18 06:42:10,658 [19] DEBUG LTCPro.ServiceLayer.Log4net - ---Executing GetFacilityNSResidentsDataByPId() in ResidentDemographicController----
2022-11-18 06:42:10,658 [19] DEBUG LTCPro.ServiceLayer.Log4net - ---Executing GetFacilityNSResidentsDataByPId() in ResidentDemographicService----
2022-11-18 06:42:10,661 [23] DEBUG LTCPro.ServiceLayer.Log4net - ---Executing GetResidentAdmitDischargeData() in ResidentDemographicController----
2022-11-18 06:42:10,661 [23] DEBUG LTCPro.ServiceLayer.Log4net - ---Executing GetResidentAdmitDischargeData() in ResidentDemographicService----
2022-11-18 06:42:10,681 [23] DEBUG LTCPro.ServiceLayer.Log4net - ---Executed Successfully GetResidentAdmitDischargeData() in ResidentDemographicController----
2022-11-18 06:42:10,720 [19] DEBUG LTCPro.ServiceLayer.Log4net - ---Executed Successfully GetFacilityNSResidentsDataByPId() in ResidentDemographicController----
2022-11-18 06:42:10,784 [21] DEBUG LTCPro.ServiceLayer.Log4net - ---Executing GetUserToken() in UserService----
2022-11-18 06:42:10,790 [21] DEBUG LTCPro.ServiceLayer.Log4net - ---Executing GetResidentInformation() in ResidentDemographicController----
2022-11-18 06:42:10,790 [21] DEBUG LTCPro.ServiceLayer.Log4net - ---Executing GetResidentInformation() in ResidentDemographicService----
2022-11-18 06:42:10,871 [21] DEBUG LTCPro.ServiceLayer.Log4net - ---Executed Successfully GetResidentInformation() in ResidentDemographicController----
2022-11-18 06:42:10,910 [19] DEBUG LTCPro.ServiceLayer.Log4net - ---Executing GetUserToken() in UserService----
2022-11-18 06:42:10,917 [19] DEBUG LTCPro.ServiceLayer.Log4net - ---Executing GetPatientTypeByID() in CommonController----
2022-11-18 06:42:10,917 [19] DEBUG LTCPro.ServiceLayer.Log4net - ---Executing GetPatientTypeDrop() in CommonService----
2022-11-18 06:42:10,924 [23] DEBUG LTCPro.ServiceLayer.Log4net - ---Executing GetUserToken() in UserService----
2022-11-18 06:42:10,932 [23] DEBUG LTCPro.ServiceLayer.Log4net - ---Executing GetResidentInformation() in ResidentDemographicController----
2022-11-18 06:42:10,933 [23] DEBUG LTCPro.ServiceLayer.Log4net - ---Executing GetResidentInformation() in ResidentDemographicService----
2022-11-18 06:42:10,934 [20] DEBUG LTCPro.ServiceLayer.Log4net - ---Executing GetUserToken() in UserService----
2022-11-18 06:42:10,952 [20] DEBUG LTCPro.ServiceLayer.Log4net - ---Executing GetResidentAdmitDischargeData() in ResidentDemographicController----
2022-11-18 06:42:10,952 [20] DEBUG LTCPro.ServiceLayer.Log4net - ---Executing GetResidentAdmitDischargeData() in ResidentDemographicService----
2022-11-18 06:42:10,953 [21] DEBUG LTCPro.ServiceLayer.Log4net - ---Executing GetUserToken() in UserService----
2022-11-18 06:42:10,962 [21] DEBUG LTCPro.ServiceLayer.Log4net - ---Executing GetResidentAllergies() in ResidentDemographicController----
2022-11-18 06:42:10,962 [21] DEBUG LTCPro.ServiceLayer.Log4net - ---Executing GetResidentAllergies() in AllergyInfoService----
2022-11-18 06:42:10,965 [20] DEBUG LTCPro.ServiceLayer.Log4net - ---Executed Successfully GetResidentAdmitDischargeData() in ResidentDemographicController----
2022-11-18 06:42:10,972 [21] DEBUG LTCPro.ServiceLayer.Log4net - ---Executed Successfully GetResidentAllergies() in ResidentDemographicController----
2022-11-18 06:42:10,989 [19] DEBUG LTCPro.ServiceLayer.Log4net - ---Executed Successfully GetPatientTypeDrop() in CommonController----
2022-11-18 06:42:11,046 [20] DEBUG LTCPro.ServiceLayer.Log4net - ---Executing GetUserToken() in UserService----
2022-11-18 06:42:11,051 [20] DEBUG LTCPro.ServiceLayer.Log4net - ---Executing GetResidentDiagnosisInfo() in ResidentDemographicController----
2022-11-18 06:42:11,051 [20] DEBUG LTCPro.ServiceLayer.Log4net - ---Executing GetResidentDiagnosisInfo() in DiagnosisInfoService----
2022-11-18 06:42:11,089 [20] DEBUG LTCPro.ServiceLayer.Log4net - ---Executed Successfully GetResidentDiagnosisInfo() in ResidentDemographicController----
2022-11-18 06:42:11,132 [19] DEBUG LTCPro.ServiceLayer.Log4net - ---Executing GetUserToken() in UserService----
2022-11-18 06:42:11,137 [19] DEBUG LTCPro.ServiceLayer.Log4net - ---Executing GetAllPatientTypesByPId() in ResidentDemographicController----
2022-11-18 06:42:11,137 [19] DEBUG LTCPro.ServiceLayer.Log4net - ---Executing GetAllPatientTypesByPId() in EmarService----
2022-11-18 06:42:11,143 [19] DEBUG LTCPro.ServiceLayer.Log4net - ---Executed Successfully GetAllPatientTypesByPId() in ResidentDemographicController----
2022-11-18 06:42:11,163 [23] DEBUG LTCPro.ServiceLayer.Log4net - ---Executed Successfully GetResidentInformation() in ResidentDemographicController----
2022-11-18 06:42:16,654 [20] DEBUG LTCPro.ServiceLayer.Log4net - ---Executing GetUserToken() in UserService----
2022-11-18 06:42:16,662 [20] DEBUG LTCPro.ServiceLayer.Log4net - ---Executing PatientReAdmission() in AdminApprovalController----
2022-11-18 06:42:16,664 [20] DEBUG LTCPro.ServiceLayer.Log4net - ---Executing PatientReAdmission() in AdminApprovalService----
2022-11-18 06:42:16,760 [20] DEBUG LTCPro.ServiceLayer.Log4net - ---Executing GenerateOutboundFile() NewResident in AdminApprovalService----
2022-11-18 06:42:16,769 [20] DEBUG LTCPro.ServiceLayer.Log4net - ---Generating OutboundFile NewResident in AdminApprovalService----
2022-11-18 06:42:16,799 [20] DEBUG LTCPro.ServiceLayer.Log4net - ---Generated OutboundFile Download Start D:/Promantra/OutboundLive/Pending//NewResident_11182022051130.hl7 in AdminApprovalService----
2022-11-18 06:42:16,820 [20] DEBUG LTCPro.ServiceLayer.Log4net - ---Generated OutboundFile Download Completed D:/Promantra/OutboundLive/Pending//NewResident_11182022051130.hl7 in AdminApprovalService----
2022-11-18 06:42:16,820 [20] DEBUG LTCPro.ServiceLayer.Log4net - ---Executed GenerateOutboundFile() NewResident in AdminApprovalService----
2022-11-18 06:42:16,823 [20] DEBUG LTCPro.ServiceLayer.Log4net - ---Executed Successfully PatientReAdmission() in AdminApprovalController----
2022-11-18 06:42:16,871 [20] DEBUG LTCPro.ServiceLayer.Log4net - ---Executing GetUserToken() in UserService----
2022-11-18 06:42:16,877 [20] DEBUG LTCPro.ServiceLayer.Log4net - ---Executing GetResidentInformation() in ResidentDemographicController----
2022-11-18 06:42:16,877 [20] DEBUG LTCPro.ServiceLayer.Log4net - ---Executing GetResidentInformation() in ResidentDemographicService----
2022-11-18 06:42:16,961 [20] DEBUG LTCPro.ServiceLayer.Log4net - ---Executed Successfully GetResidentInformation() in ResidentDemographicController----
2022-11-18 06:42:17,013 [21] DEBUG LTCPro.ServiceLayer.Log4net - ---Executing GetUserToken() in UserService----
2022-11-18 06:42:17,030 [23] DEBUG LTCPro.ServiceLayer.Log4net - ---Executing GetUserToken() in UserService----
2022-11-18 06:42:17,033 [21] DEBUG LTCPro.ServiceLayer.Log4net - ---Executing GetPatientTypeByID() in CommonController----
2022-11-18 06:42:17,033 [21] DEBUG LTCPro.ServiceLayer.Log4net - ---Executing GetPatientTypeDrop() in CommonService----
2022-11-18 06:42:17,038 [23] DEBUG LTCPro.ServiceLayer.Log4net - ---Executing GetResidentInformation() in ResidentDemographicController----
2022-11-18 06:42:17,038 [23] DEBUG LTCPro.ServiceLayer.Log4net - ---Executing GetResidentInformation() in ResidentDemographicService----
2022-11-18 06:42:17,042 [20] DEBUG LTCPro.ServiceLayer.Log4net - ---Executing GetUserToken() in UserService----
2022-11-18 06:42:17,047 [22] DEBUG LTCPro.ServiceLayer.Log4net - ---Executing GetUserToken() in UserService----
2022-11-18 06:42:17,049 [20] DEBUG LTCPro.ServiceLayer.Log4net - ---Executing GetResidentDiagnosisInfo() in ResidentDemographicController----
2022-11-18 06:42:17,049 [20] DEBUG LTCPro.ServiceLayer.Log4net - ---Executing GetResidentDiagnosisInfo() in DiagnosisInfoService----
2022-11-18 06:42:17,053 [22] DEBUG LTCPro.ServiceLayer.Log4net - ---Executing GetResidentAdmitDischargeData() in ResidentDemographicController----
2022-11-18 06:42:17,053 [22] DEBUG LTCPro.ServiceLayer.Log4net - ---Executing GetResidentAdmitDischargeData() in ResidentDemographicService----
2022-11-18 06:42:17,055 [20] DEBUG LTCPro.ServiceLayer.Log4net - ---Executed Successfully GetResidentDiagnosisInfo() in ResidentDemographicController----
2022-11-18 06:42:17,057 [19] DEBUG LTCPro.ServiceLayer.Log4net - ---Executing GetUserToken() in UserService----
2022-11-18 06:42:17,062 [22] DEBUG LTCPro.ServiceLayer.Log4net - ---Executed Successfully GetResidentAdmitDischargeData() in ResidentDemographicController----
2022-11-18 06:42:17,066 [19] DEBUG LTCPro.ServiceLayer.Log4net - ---Executing GetResidentAllergies() in ResidentDemographicController----
2022-11-18 06:42:17,066 [19] DEBUG LTCPro.ServiceLayer.Log4net - ---Executing GetResidentAllergies() in AllergyInfoService----
2022-11-18 06:42:17,068 [21] DEBUG LTCPro.ServiceLayer.Log4net - ---Executed Successfully GetPatientTypeDrop() in CommonController----
2022-11-18 06:42:17,086 [19] DEBUG LTCPro.ServiceLayer.Log4net - ---Executed Successfully GetResidentAllergies() in ResidentDemographicController----
2022-11-18 06:42:17,139 [18] DEBUG LTCPro.ServiceLayer.Log4net - ---Executing GetUserToken() in UserService----
2022-11-18 06:42:17,144 [18] DEBUG LTCPro.ServiceLayer.Log4net - ---Executing GetAllPatientTypesByPId() in ResidentDemographicController----
2022-11-18 06:42:17,144 [18] DEBUG LTCPro.ServiceLayer.Log4net - ---Executing GetAllPatientTypesByPId() in EmarService----
2022-11-18 06:42:17,148 [23] DEBUG LTCPro.ServiceLayer.Log4net - ---Executed Successfully GetResidentInformation() in ResidentDemographicController----
2022-11-18 06:42:17,149 [18] DEBUG LTCPro.ServiceLayer.Log4net - ---Executed Successfully GetAllPatientTypesByPId() in ResidentDemographicController----
2022-11-18 06:42:18,543 [19] DEBUG LTCPro.ServiceLayer.Log4net - ---Executing GetUserToken() in UserService----
2022-11-18 06:42:18,549 [19] DEBUG LTCPro.ServiceLayer.Log4net - ---Executing GetOutboundHLSevenConfigs() in HLSevenSegmentController----
2022-11-18 06:42:18,549 [19] DEBUG LTCPro.ServiceLayer.Log4net - ---Executing GetOutboundHLSevenConfigs() in HLSevenSegmentService----
2022-11-18 06:42:18,558 [19] DEBUG LTCPro.ServiceLayer.Log4net - ---Executed Successfully GetOutboundHLSevenConfigs() in HLSevenSegmentController----
2022-11-18 06:42:18,592 [18] DEBUG LTCPro.ServiceLayer.Log4net - ---Executing GetUserToken() in UserService----
2022-11-18 06:42:18,598 [18] DEBUG LTCPro.ServiceLayer.Log4net - ---Executing UserFacilityDrop() in FacilityController----
2022-11-18 06:42:18,598 [18] DEBUG LTCPro.ServiceLayer.Log4net - ---Executing UserFacilityDrop() in FacilityService----
2022-11-18 06:42:18,604 [18] DEBUG LTCPro.ServiceLayer.Log4net - ---Executed Successfully UserFacilityDrop() in FacilityController----
2022-11-18 06:42:18,622 [19] DEBUG LTCPro.ServiceLayer.Log4net - ---Executing GetUserToken() in UserService----
2022-11-18 06:42:18,628 [19] DEBUG LTCPro.ServiceLayer.Log4net - ---Executing GetResidentAdmitvisitInfoData() in ResidentDemographicController----
2022-11-18 06:42:18,628 [19] DEBUG LTCPro.ServiceLayer.Log4net - ---Executing  VisitInfoEntity()  in GetResidentAdmitvisitInfoData----
2022-11-18 06:42:18,640 [19] DEBUG LTCPro.ServiceLayer.Log4net - ---Executed Successfully GetResidentAdmitvisitInfoData() in ResidentDemographicController----
2022-11-18 06:42:18,657 [19] DEBUG LTCPro.ServiceLayer.Log4net - ---Executing GetUserToken() in UserService----
2022-11-18 06:42:18,663 [19] DEBUG LTCPro.ServiceLayer.Log4net - ---Executing UserFacilityDrop() in FacilityController----
2022-11-18 06:42:18,663 [19] DEBUG LTCPro.ServiceLayer.Log4net - ---Executing UserFacilityDrop() in FacilityService----
2022-11-18 06:42:18,665 [18] DEBUG LTCPro.ServiceLayer.Log4net - ---Executing GetUserToken() in UserService----
2022-11-18 06:42:18,669 [19] DEBUG LTCPro.ServiceLayer.Log4net - ---Executed Successfully UserFacilityDrop() in FacilityController----
2022-11-18 06:42:18,671 [18] DEBUG LTCPro.ServiceLayer.Log4net - ---Executing GetCompanyToBedFlagByFacId() in FacilityController----
2022-11-18 06:42:18,671 [18] DEBUG LTCPro.ServiceLayer.Log4net - ---Executing GetCompanyToBedFlagByFacId() in FacilityService----
2022-11-18 06:42:18,705 [18] DEBUG LTCPro.ServiceLayer.Log4net - ---Executed Successfully GetCompanyToBedFlagByFacId() in FacilityController----
2022-11-18 06:42:18,731 [26] DEBUG LTCPro.ServiceLayer.Log4net - ---Executing GetUserToken() in UserService----
2022-11-18 06:42:18,736 [26] DEBUG LTCPro.ServiceLayer.Log4net - ---Executing UserNurseStationDrop() in FacilityController----
2022-11-18 06:42:18,736 [26] DEBUG LTCPro.ServiceLayer.Log4net - ---Executing UserNurseStationDrop() in FacilityService----
2022-11-18 06:42:18,743 [26] DEBUG LTCPro.ServiceLayer.Log4net - ---Executed Successfully UserNurseStationDrop() in FacilityController----
2022-11-18 06:42:18,751 [25] DEBUG LTCPro.ServiceLayer.Log4net - ---Executing GetUserToken() in UserService----
2022-11-18 06:42:18,756 [25] DEBUG LTCPro.ServiceLayer.Log4net - ---Executing GetNurseStationHierarchyDetailsbyNsId() in CompanyController----
2022-11-18 06:42:18,756 [25] DEBUG LTCPro.ServiceLayer.Log4net - ---Executing GetNurseStationHierarchyDetailsbyNsId() in CompanyService----
2022-11-18 06:42:18,763 [25] DEBUG LTCPro.ServiceLayer.Log4net - ---Executed Successfully GetNurseStationHierarchyDetailsbyNsId() in CompanyController----
2022-11-18 06:43:54,488 [24] DEBUG LTCPro.ServiceLayer.Log4net - ---Executing GetUserToken() in UserService----
2022-11-18 06:43:54,495 [24] DEBUG LTCPro.ServiceLayer.Log4net - ---Executing GetOutboundHLSevenConfigs() in HLSevenSegmentController----
2022-11-18 06:43:54,495 [24] DEBUG LTCPro.ServiceLayer.Log4net - ---Executing GetOutboundHLSevenConfigs() in HLSevenSegmentService----
2022-11-18 06:43:54,503 [24] DEBUG LTCPro.ServiceLayer.Log4net - ---Executed Successfully GetOutboundHLSevenConfigs() in HLSevenSegmentController----
2022-11-18 06:43:54,535 [22] DEBUG LTCPro.ServiceLayer.Log4net - ---Executing GetUserToken() in UserService----
2022-11-18 06:43:54,541 [22] DEBUG LTCPro.ServiceLayer.Log4net - ---Executing UserFacilityDrop() in FacilityController----
2022-11-18 06:43:54,541 [22] DEBUG LTCPro.ServiceLayer.Log4net - ---Executing UserFacilityDrop() in FacilityService----
2022-11-18 06:43:54,547 [22] DEBUG LTCPro.ServiceLayer.Log4net - ---Executed Successfully UserFacilityDrop() in FacilityController----
2022-11-18 06:43:54,566 [28] DEBUG LTCPro.ServiceLayer.Log4net - ---Executing GetUserToken() in UserService----
2022-11-18 06:43:54,571 [28] DEBUG LTCPro.ServiceLayer.Log4net - ---Executing GetResidentAdmitvisitInfoData() in ResidentDemographicController----
2022-11-18 06:43:54,571 [28] DEBUG LTCPro.ServiceLayer.Log4net - ---Executing  VisitInfoEntity()  in GetResidentAdmitvisitInfoData----
2022-11-18 06:43:54,583 [28] DEBUG LTCPro.ServiceLayer.Log4net - ---Executed Successfully GetResidentAdmitvisitInfoData() in ResidentDemographicController----
2022-11-18 06:43:54,605 [28] DEBUG LTCPro.ServiceLayer.Log4net - ---Executing GetUserToken() in UserService----
2022-11-18 06:43:54,611 [28] DEBUG LTCPro.ServiceLayer.Log4net - ---Executing UserFacilityDrop() in FacilityController----
2022-11-18 06:43:54,611 [28] DEBUG LTCPro.ServiceLayer.Log4net - ---Executing UserFacilityDrop() in FacilityService----
2022-11-18 06:43:54,612 [22] DEBUG LTCPro.ServiceLayer.Log4net - ---Executing GetUserToken() in UserService----
2022-11-18 06:43:54,616 [28] DEBUG LTCPro.ServiceLayer.Log4net - ---Executed Successfully UserFacilityDrop() in FacilityController----
2022-11-18 06:43:54,617 [22] DEBUG LTCPro.ServiceLayer.Log4net - ---Executing GetCompanyToBedFlagByFacId() in FacilityController----
2022-11-18 06:43:54,617 [22] DEBUG LTCPro.ServiceLayer.Log4net - ---Executing GetCompanyToBedFlagByFacId() in FacilityService----
2022-11-18 06:43:54,651 [22] DEBUG LTCPro.ServiceLayer.Log4net - ---Executed Successfully GetCompanyToBedFlagByFacId() in FacilityController----
2022-11-18 06:43:54,675 [22] DEBUG LTCPro.ServiceLayer.Log4net - ---Executing GetUserToken() in UserService----
2022-11-18 06:43:54,680 [22] DEBUG LTCPro.ServiceLayer.Log4net - ---Executing UserNurseStationDrop() in FacilityController----
2022-11-18 06:43:54,680 [22] DEBUG LTCPro.ServiceLayer.Log4net - ---Executing UserNurseStationDrop() in FacilityService----
2022-11-18 06:43:54,686 [22] DEBUG LTCPro.ServiceLayer.Log4net - ---Executed Successfully UserNurseStationDrop() in FacilityController----
2022-11-18 06:43:54,696 [24] DEBUG LTCPro.ServiceLayer.Log4net - ---Executing GetUserToken() in UserService----
2022-11-18 06:43:54,702 [24] DEBUG LTCPro.ServiceLayer.Log4net - ---Executing GetNurseStationHierarchyDetailsbyNsId() in CompanyController----
2022-11-18 06:43:54,702 [24] DEBUG LTCPro.ServiceLayer.Log4net - ---Executing GetNurseStationHierarchyDetailsbyNsId() in CompanyService----
2022-11-18 06:43:54,706 [24] DEBUG LTCPro.ServiceLayer.Log4net - ---Executed Successfully GetNurseStationHierarchyDetailsbyNsId() in CompanyController----
2022-11-18 06:45:46,682 [30] DEBUG LTCPro.ServiceLayer.Log4net - ---Executing GetUserToken() in UserService----
2022-11-18 06:45:46,682 [28] DEBUG LTCPro.ServiceLayer.Log4net - ---Executing GetUserToken() in UserService----
2022-11-18 06:45:46,728 [30] DEBUG LTCPro.ServiceLayer.Log4net - ---Executing GetAlertsDetails() in MailboxController----
2022-11-18 06:45:46,728 [30] DEBUG LTCPro.ServiceLayer.Log4net - ---Executing GetAlertsDetails() in MailboxService----
2022-11-18 06:45:46,728 [31] DEBUG LTCPro.ServiceLayer.Log4net - ---Executing GetUserToken() in UserService----
2022-11-18 06:45:46,728 [29] DEBUG LTCPro.ServiceLayer.Log4net - ---Executing GetUserToken() in UserService----
2022-11-18 06:45:46,731 [28] DEBUG LTCPro.ServiceLayer.Log4net - ---Executing GetReadMailsCount() in MailboxController----
2022-11-18 06:45:46,731 [28] DEBUG LTCPro.ServiceLayer.Log4net - ---Executing GetReadMailsCount() in MailboxService----
2022-11-18 06:45:46,735 [29] DEBUG LTCPro.ServiceLayer.Log4net - ---Executing GetOutboundErrorDetails() in CommonController----
2022-11-18 06:45:46,735 [29] DEBUG LTCPro.ServiceLayer.Log4net - ---Executing GetOutboundErrorDetails() in CommonService----
2022-11-18 06:45:46,737 [28] DEBUG LTCPro.ServiceLayer.Log4net - ---Executed successfully GetReadMailsCount() in MailboxController----
2022-11-18 06:45:46,737 [31] DEBUG LTCPro.ServiceLayer.Log4net - ---Executing GetUserPassedDueFlag() in UserController----
2022-11-18 06:45:46,738 [31] DEBUG LTCPro.ServiceLayer.Log4net - ---Executing GetUserPassedDueFlag() in UserService----
2022-11-18 06:45:46,747 [31] DEBUG LTCPro.ServiceLayer.Log4net - ---Executed Successfully GetUserPassedDueFlag() in UserController----
2022-11-18 06:45:46,773 [33] DEBUG LTCPro.ServiceLayer.Log4net - ---Executing GetUserToken() in UserService----
2022-11-18 06:45:46,775 [35] DEBUG LTCPro.ServiceLayer.Log4net - ---Executing GetUserToken() in UserService----
2022-11-18 06:45:46,776 [27] DEBUG LTCPro.ServiceLayer.Log4net - ---Executing GetUserToken() in UserService----
2022-11-18 06:45:46,781 [33] DEBUG LTCPro.ServiceLayer.Log4net - ---Executing GetPendingDosesList() in CommonController----
2022-11-18 06:45:46,781 [33] DEBUG LTCPro.ServiceLayer.Log4net - ---Executing GetPendingDosesList() in CommonService----
2022-11-18 06:45:46,781 [35] DEBUG LTCPro.ServiceLayer.Log4net - ---Executing GetUserRecentFacNs() in UserController----
2022-11-18 06:45:46,781 [35] DEBUG LTCPro.ServiceLayer.Log4net - ---Executing GetUserRecentFacNs() in UserService----
2022-11-18 06:45:46,850 [30] DEBUG LTCPro.ServiceLayer.Log4net - ---Executed successfully GetAlertsDetails() in MailboxController----
2022-11-18 06:45:46,853 [27] DEBUG LTCPro.ServiceLayer.Log4net - ---Executing GetDueMARAlertData() in EmarController----
2022-11-18 06:45:46,853 [27] DEBUG LTCPro.ServiceLayer.Log4net - ---Executing GetDueMARAlertData() in EmarService----
2022-11-18 06:45:46,855 [35] DEBUG LTCPro.ServiceLayer.Log4net - ---Executed Successfully GetUserRecentFacNs() in UserController----
2022-11-18 06:45:46,867 [28] DEBUG LTCPro.ServiceLayer.Log4net - ---Executing GetUserToken() in UserService----
2022-11-18 06:45:46,874 [28] DEBUG LTCPro.ServiceLayer.Log4net - ---Executing GetUserRecentFacNs() in UserController----
2022-11-18 06:45:46,874 [28] DEBUG LTCPro.ServiceLayer.Log4net - ---Executing GetUserRecentFacNs() in UserService----
2022-11-18 06:45:46,881 [35] DEBUG LTCPro.ServiceLayer.Log4net - ---Executing GetUserToken() in UserService----
2022-11-18 06:45:46,884 [28] DEBUG LTCPro.ServiceLayer.Log4net - ---Executed Successfully GetUserRecentFacNs() in UserController----
2022-11-18 06:45:46,893 [30] DEBUG LTCPro.ServiceLayer.Log4net - ---Executing GetUserToken() in UserService----
2022-11-18 06:45:46,918 [35] DEBUG LTCPro.ServiceLayer.Log4net - ---Executing InsertUserActivityDetails() in CompanyController----
2022-11-18 06:45:46,918 [35] DEBUG LTCPro.ServiceLayer.Log4net - ---Executing InsertUserActivityDetails() in UserActivityService----
2022-11-18 06:45:46,918 [30] DEBUG LTCPro.ServiceLayer.Log4net - ---Executing GetUserAccessFacilityNurseStaions() in FacilityController----
2022-11-18 06:45:46,918 [30] DEBUG LTCPro.ServiceLayer.Log4net - ---Executing GetUserAccessFacilityNurseStaions() in FacilityService----
2022-11-18 06:45:46,927 [34] DEBUG LTCPro.ServiceLayer.Log4net - ---Executing GetUserToken() in UserService----
2022-11-18 06:45:46,934 [30] DEBUG LTCPro.ServiceLayer.Log4net - ---Executed Successfully GetUserAccessFacilityNurseStaions() in FacilityController----
2022-11-18 06:45:46,943 [35] DEBUG LTCPro.ServiceLayer.Log4net - ---Executed Successfully InsertUserActivityDetails() in CompanyController----
2022-11-18 06:45:46,975 [34] DEBUG LTCPro.ServiceLayer.Log4net - ---Executing GetUserAccessFacilityNurseStaions() in FacilityController----
2022-11-18 06:45:46,975 [34] DEBUG LTCPro.ServiceLayer.Log4net - ---Executing GetUserAccessFacilityNurseStaions() in FacilityService----
2022-11-18 06:45:46,981 [29] DEBUG LTCPro.ServiceLayer.Log4net - ---Executed Successfully GetOutboundErrorDetails() in CommonController----
2022-11-18 06:45:46,990 [34] DEBUG LTCPro.ServiceLayer.Log4net - ---Executed Successfully GetUserAccessFacilityNurseStaions() in FacilityController----
2022-11-18 06:45:47,002 [33] DEBUG LTCPro.ServiceLayer.Log4net - ---Executed Successfully GetPendingDosesList() in CommonController----
2022-11-18 06:45:47,013 [28] DEBUG LTCPro.ServiceLayer.Log4net - ---Executing GetUserToken() in UserService----
2022-11-18 06:45:47,019 [28] DEBUG LTCPro.ServiceLayer.Log4net - ---Executing UserNurseStationDrop() in FacilityController----
2022-11-18 06:45:47,019 [28] DEBUG LTCPro.ServiceLayer.Log4net - ---Executing UserNurseStationDrop() in FacilityService----
2022-11-18 06:45:47,026 [28] DEBUG LTCPro.ServiceLayer.Log4net - ---Executed Successfully UserNurseStationDrop() in FacilityController----
2022-11-18 06:45:47,048 [31] DEBUG LTCPro.ServiceLayer.Log4net - ---Executing GetUserToken() in UserService----
2022-11-18 06:45:47,054 [31] DEBUG LTCPro.ServiceLayer.Log4net - ---Executing GetCompanyToBedFlagByFacId() in FacilityController----
2022-11-18 06:45:47,054 [31] DEBUG LTCPro.ServiceLayer.Log4net - ---Executing GetCompanyToBedFlagByFacId() in FacilityService----
2022-11-18 06:45:47,079 [30] DEBUG LTCPro.ServiceLayer.Log4net - ---Executing GetUserToken() in UserService----
2022-11-18 06:45:47,084 [30] DEBUG LTCPro.ServiceLayer.Log4net - ---Executing GetResidentsByCompanyBed() in ResidentDemographicController----
2022-11-18 06:45:47,085 [30] DEBUG LTCPro.ServiceLayer.Log4net - ---Executing GetResidentsByCompanyBed() in ResidentDemographicService----
2022-11-18 06:45:47,086 [31] DEBUG LTCPro.ServiceLayer.Log4net - ---Executed Successfully GetCompanyToBedFlagByFacId() in FacilityController----
2022-11-18 06:45:47,129 [32] DEBUG LTCPro.ServiceLayer.Log4net - ---Executing GetUserToken() in UserService----
2022-11-18 06:45:47,138 [32] DEBUG LTCPro.ServiceLayer.Log4net - ---Executing GetNurseStationHierarchyDetailsbyNsId() in CompanyController----
2022-11-18 06:45:47,138 [32] DEBUG LTCPro.ServiceLayer.Log4net - ---Executing GetNurseStationHierarchyDetailsbyNsId() in CompanyService----
2022-11-18 06:45:47,143 [32] DEBUG LTCPro.ServiceLayer.Log4net - ---Executed Successfully GetNurseStationHierarchyDetailsbyNsId() in CompanyController----
2022-11-18 06:45:47,757 [27] DEBUG LTCPro.ServiceLayer.Log4net - ---Executed Successfully GetDueMARAlertData() in EmarController----
2022-11-18 06:45:48,658 [30] DEBUG LTCPro.ServiceLayer.Log4net - ---Executed Successfully GetResidentsByCompanyBed() in ResidentDemographicController----
2022-11-18 06:45:50,287 [29] DEBUG LTCPro.ServiceLayer.Log4net - ---Executing GetUserToken() in UserService----
2022-11-18 06:45:50,342 [27] DEBUG LTCPro.ServiceLayer.Log4net - ---Executing GetUserToken() in UserService----
2022-11-18 06:45:50,350 [28] DEBUG LTCPro.ServiceLayer.Log4net - ---Executing GetUserToken() in UserService----
2022-11-18 06:45:50,364 [30] DEBUG LTCPro.ServiceLayer.Log4net - ---Executing GetUserToken() in UserService----
2022-11-18 06:45:50,379 [30] DEBUG LTCPro.ServiceLayer.Log4net - ---Executing GetFacilityNSResidentsDataByPId() in ResidentDemographicController----
2022-11-18 06:45:50,379 [30] DEBUG LTCPro.ServiceLayer.Log4net - ---Executing GetFacilityNSResidentsDataByPId() in ResidentDemographicService----
2022-11-18 06:45:50,382 [33] DEBUG LTCPro.ServiceLayer.Log4net - ---Executing GetUserToken() in UserService----
2022-11-18 06:45:50,383 [27] DEBUG LTCPro.ServiceLayer.Log4net - ---Executing InsertUserActivityDetails() in CompanyController----
2022-11-18 06:45:50,383 [27] DEBUG LTCPro.ServiceLayer.Log4net - ---Executing InsertUserActivityDetails() in UserActivityService----
2022-11-18 06:45:50,387 [28] DEBUG LTCPro.ServiceLayer.Log4net - ---Executing GetResidentAdmitDischargeData() in ResidentDemographicController----
2022-11-18 06:45:50,390 [29] DEBUG LTCPro.ServiceLayer.Log4net - ---Executing InsertUserActivityDetails() in CompanyController----
2022-11-18 06:45:50,392 [29] DEBUG LTCPro.ServiceLayer.Log4net - ---Executing InsertUserActivityDetails() in UserActivityService----
2022-11-18 06:45:50,392 [28] DEBUG LTCPro.ServiceLayer.Log4net - ---Executing GetResidentAdmitDischargeData() in ResidentDemographicService----
2022-11-18 06:45:50,392 [33] DEBUG LTCPro.ServiceLayer.Log4net - ---Executing InsertUserActivityDetails() in CompanyController----
2022-11-18 06:45:50,393 [33] DEBUG LTCPro.ServiceLayer.Log4net - ---Executing InsertUserActivityDetails() in UserActivityService----
2022-11-18 06:45:50,402 [27] DEBUG LTCPro.ServiceLayer.Log4net - ---Executed Successfully InsertUserActivityDetails() in CompanyController----
2022-11-18 06:45:50,409 [33] DEBUG LTCPro.ServiceLayer.Log4net - ---Executed Successfully InsertUserActivityDetails() in CompanyController----
2022-11-18 06:45:50,414 [29] DEBUG LTCPro.ServiceLayer.Log4net - ---Executed Successfully InsertUserActivityDetails() in CompanyController----
2022-11-18 06:45:50,417 [28] DEBUG LTCPro.ServiceLayer.Log4net - ---Executed Successfully GetResidentAdmitDischargeData() in ResidentDemographicController----
2022-11-18 06:45:50,422 [34] DEBUG LTCPro.ServiceLayer.Log4net - ---Executing GetUserToken() in UserService----
2022-11-18 06:45:50,433 [34] DEBUG LTCPro.ServiceLayer.Log4net - ---Executing InsertUserActivityDetails() in CompanyController----
2022-11-18 06:45:50,433 [34] DEBUG LTCPro.ServiceLayer.Log4net - ---Executing InsertUserActivityDetails() in UserActivityService----
2022-11-18 06:45:50,444 [34] DEBUG LTCPro.ServiceLayer.Log4net - ---Executed Successfully InsertUserActivityDetails() in CompanyController----
2022-11-18 06:45:50,466 [27] DEBUG LTCPro.ServiceLayer.Log4net - ---Executing GetUserToken() in UserService----
2022-11-18 06:45:50,467 [33] DEBUG LTCPro.ServiceLayer.Log4net - ---Executing GetUserToken() in UserService----
2022-11-18 06:45:50,469 [30] DEBUG LTCPro.ServiceLayer.Log4net - ---Executed Successfully GetFacilityNSResidentsDataByPId() in ResidentDemographicController----
2022-11-18 06:45:50,474 [27] DEBUG LTCPro.ServiceLayer.Log4net - ---Executing GetResidentAdmitDischargeData() in ResidentDemographicController----
2022-11-18 06:45:50,474 [27] DEBUG LTCPro.ServiceLayer.Log4net - ---Executing GetResidentAdmitDischargeData() in ResidentDemographicService----
2022-11-18 06:45:50,474 [37] DEBUG LTCPro.ServiceLayer.Log4net - ---Executing GetUserToken() in UserService----
2022-11-18 06:45:50,487 [33] DEBUG LTCPro.ServiceLayer.Log4net - ---Executing GetResidentAllergies() in ResidentDemographicController----
2022-11-18 06:45:50,487 [33] DEBUG LTCPro.ServiceLayer.Log4net - ---Executing GetResidentAllergies() in AllergyInfoService----
2022-11-18 06:45:50,487 [37] DEBUG LTCPro.ServiceLayer.Log4net - ---Executing GetResidentInformation() in ResidentDemographicController----
2022-11-18 06:45:50,487 [37] DEBUG LTCPro.ServiceLayer.Log4net - ---Executing GetResidentInformation() in ResidentDemographicService----
2022-11-18 06:45:50,492 [27] DEBUG LTCPro.ServiceLayer.Log4net - ---Executed Successfully GetResidentAdmitDischargeData() in ResidentDemographicController----
2022-11-18 06:45:50,494 [33] DEBUG LTCPro.ServiceLayer.Log4net - ---Executed Successfully GetResidentAllergies() in ResidentDemographicController----
2022-11-18 06:45:50,515 [29] DEBUG LTCPro.ServiceLayer.Log4net - ---Executing GetUserToken() in UserService----
2022-11-18 06:45:50,524 [29] DEBUG LTCPro.ServiceLayer.Log4net - ---Executing GetResidentDiagnosisInfo() in ResidentDemographicController----
2022-11-18 06:45:50,524 [29] DEBUG LTCPro.ServiceLayer.Log4net - ---Executing GetResidentDiagnosisInfo() in DiagnosisInfoService----
2022-11-18 06:45:50,544 [29] DEBUG LTCPro.ServiceLayer.Log4net - ---Executed Successfully GetResidentDiagnosisInfo() in ResidentDemographicController----
2022-11-18 06:45:50,564 [28] DEBUG LTCPro.ServiceLayer.Log4net - ---Executing GetUserToken() in UserService----
2022-11-18 06:45:50,571 [28] DEBUG LTCPro.ServiceLayer.Log4net - ---Executing GetResidentInformation() in ResidentDemographicController----
2022-11-18 06:45:50,571 [28] DEBUG LTCPro.ServiceLayer.Log4net - ---Executing GetResidentInformation() in ResidentDemographicService----
2022-11-18 06:45:50,637 [37] DEBUG LTCPro.ServiceLayer.Log4net - ---Executed Successfully GetResidentInformation() in ResidentDemographicController----
2022-11-18 06:45:50,694 [28] DEBUG LTCPro.ServiceLayer.Log4net - ---Executed Successfully GetResidentInformation() in ResidentDemographicController----
2022-11-18 06:45:50,728 [31] DEBUG LTCPro.ServiceLayer.Log4net - ---Executing GetUserToken() in UserService----
2022-11-18 06:45:50,738 [31] DEBUG LTCPro.ServiceLayer.Log4net - ---Executing GetPatientTypeByID() in CommonController----
2022-11-18 06:45:50,738 [31] DEBUG LTCPro.ServiceLayer.Log4net - ---Executing GetPatientTypeDrop() in CommonService----
2022-11-18 06:45:50,745 [30] DEBUG LTCPro.ServiceLayer.Log4net - ---Executing GetUserToken() in UserService----
2022-11-18 06:45:50,752 [30] DEBUG LTCPro.ServiceLayer.Log4net - ---Executing GetResidentAllergies() in ResidentDemographicController----
2022-11-18 06:45:50,752 [30] DEBUG LTCPro.ServiceLayer.Log4net - ---Executing GetResidentAllergies() in AllergyInfoService----
2022-11-18 06:45:50,758 [30] DEBUG LTCPro.ServiceLayer.Log4net - ---Executed Successfully GetResidentAllergies() in ResidentDemographicController----
2022-11-18 06:45:50,759 [28] DEBUG LTCPro.ServiceLayer.Log4net - ---Executing GetUserToken() in UserService----
2022-11-18 06:45:50,759 [29] DEBUG LTCPro.ServiceLayer.Log4net - ---Executing GetUserToken() in UserService----
2022-11-18 06:45:50,783 [29] DEBUG LTCPro.ServiceLayer.Log4net - ---Executing GetResidentAdmitDischargeData() in ResidentDemographicController----
2022-11-18 06:45:50,783 [29] DEBUG LTCPro.ServiceLayer.Log4net - ---Executing GetResidentAdmitDischargeData() in ResidentDemographicService----
2022-11-18 06:45:50,787 [28] DEBUG LTCPro.ServiceLayer.Log4net - ---Executing GetResidentInformation() in ResidentDemographicController----
2022-11-18 06:45:50,787 [28] DEBUG LTCPro.ServiceLayer.Log4net - ---Executing GetResidentInformation() in ResidentDemographicService----
2022-11-18 06:45:50,798 [29] DEBUG LTCPro.ServiceLayer.Log4net - ---Executed Successfully GetResidentAdmitDischargeData() in ResidentDemographicController----
2022-11-18 06:45:50,799 [31] DEBUG LTCPro.ServiceLayer.Log4net - ---Executed Successfully GetPatientTypeDrop() in CommonController----
2022-11-18 06:45:50,815 [27] DEBUG LTCPro.ServiceLayer.Log4net - ---Executing GetUserToken() in UserService----
2022-11-18 06:45:50,822 [27] DEBUG LTCPro.ServiceLayer.Log4net - ---Executing GetResidentDiagnosisInfo() in ResidentDemographicController----
2022-11-18 06:45:50,822 [27] DEBUG LTCPro.ServiceLayer.Log4net - ---Executing GetResidentDiagnosisInfo() in DiagnosisInfoService----
2022-11-18 06:45:50,829 [27] DEBUG LTCPro.ServiceLayer.Log4net - ---Executed Successfully GetResidentDiagnosisInfo() in ResidentDemographicController----
2022-11-18 06:45:50,867 [30] DEBUG LTCPro.ServiceLayer.Log4net - ---Executing GetUserToken() in UserService----
2022-11-18 06:45:50,874 [30] DEBUG LTCPro.ServiceLayer.Log4net - ---Executing GetAllPatientTypesByPId() in ResidentDemographicController----
2022-11-18 06:45:50,874 [30] DEBUG LTCPro.ServiceLayer.Log4net - ---Executing GetAllPatientTypesByPId() in EmarService----
2022-11-18 06:45:50,879 [30] DEBUG LTCPro.ServiceLayer.Log4net - ---Executed Successfully GetAllPatientTypesByPId() in ResidentDemographicController----
2022-11-18 06:45:50,904 [28] DEBUG LTCPro.ServiceLayer.Log4net - ---Executed Successfully GetResidentInformation() in ResidentDemographicController----
2022-11-18 06:45:51,809 [29] DEBUG LTCPro.ServiceLayer.Log4net - ---Executing GetUserToken() in UserService----
2022-11-18 06:45:51,815 [29] DEBUG LTCPro.ServiceLayer.Log4net - ---Executing GetOutboundHLSevenConfigs() in HLSevenSegmentController----
2022-11-18 06:45:51,815 [29] DEBUG LTCPro.ServiceLayer.Log4net - ---Executing GetOutboundHLSevenConfigs() in HLSevenSegmentService----
2022-11-18 06:45:51,827 [29] DEBUG LTCPro.ServiceLayer.Log4net - ---Executed Successfully GetOutboundHLSevenConfigs() in HLSevenSegmentController----
2022-11-18 06:45:51,863 [28] DEBUG LTCPro.ServiceLayer.Log4net - ---Executing GetUserToken() in UserService----
2022-11-18 06:45:51,869 [28] DEBUG LTCPro.ServiceLayer.Log4net - ---Executing UserFacilityDrop() in FacilityController----
2022-11-18 06:45:51,869 [28] DEBUG LTCPro.ServiceLayer.Log4net - ---Executing UserFacilityDrop() in FacilityService----
2022-11-18 06:45:51,875 [28] DEBUG LTCPro.ServiceLayer.Log4net - ---Executed Successfully UserFacilityDrop() in FacilityController----
2022-11-18 06:45:51,894 [27] DEBUG LTCPro.ServiceLayer.Log4net - ---Executing GetUserToken() in UserService----
2022-11-18 06:45:51,900 [27] DEBUG LTCPro.ServiceLayer.Log4net - ---Executing GetResidentAdmitvisitInfoData() in ResidentDemographicController----
2022-11-18 06:45:51,900 [27] DEBUG LTCPro.ServiceLayer.Log4net - ---Executing  VisitInfoEntity()  in GetResidentAdmitvisitInfoData----
2022-11-18 06:45:51,912 [27] DEBUG LTCPro.ServiceLayer.Log4net - ---Executed Successfully GetResidentAdmitvisitInfoData() in ResidentDemographicController----
2022-11-18 06:45:51,929 [34] DEBUG LTCPro.ServiceLayer.Log4net - ---Executing GetUserToken() in UserService----
2022-11-18 06:45:51,929 [35] DEBUG LTCPro.ServiceLayer.Log4net - ---Executing GetUserToken() in UserService----
2022-11-18 06:45:51,935 [34] DEBUG LTCPro.ServiceLayer.Log4net - ---Executing UserFacilityDrop() in FacilityController----
2022-11-18 06:45:51,935 [34] DEBUG LTCPro.ServiceLayer.Log4net - ---Executing UserFacilityDrop() in FacilityService----
2022-11-18 06:45:51,935 [35] DEBUG LTCPro.ServiceLayer.Log4net - ---Executing GetCompanyToBedFlagByFacId() in FacilityController----
2022-11-18 06:45:51,935 [35] DEBUG LTCPro.ServiceLayer.Log4net - ---Executing GetCompanyToBedFlagByFacId() in FacilityService----
2022-11-18 06:45:51,940 [34] DEBUG LTCPro.ServiceLayer.Log4net - ---Executed Successfully UserFacilityDrop() in FacilityController----
2022-11-18 06:45:51,978 [35] DEBUG LTCPro.ServiceLayer.Log4net - ---Executed Successfully GetCompanyToBedFlagByFacId() in FacilityController----
2022-11-18 06:45:51,993 [27] DEBUG LTCPro.ServiceLayer.Log4net - ---Executing GetUserToken() in UserService----
2022-11-18 06:45:51,999 [27] DEBUG LTCPro.ServiceLayer.Log4net - ---Executing UserNurseStationDrop() in FacilityController----
2022-11-18 06:45:51,999 [27] DEBUG LTCPro.ServiceLayer.Log4net - ---Executing UserNurseStationDrop() in FacilityService----
2022-11-18 06:45:52,006 [27] DEBUG LTCPro.ServiceLayer.Log4net - ---Executed Successfully UserNurseStationDrop() in FacilityController----
2022-11-18 06:45:52,016 [32] DEBUG LTCPro.ServiceLayer.Log4net - ---Executing GetUserToken() in UserService----
2022-11-18 06:45:52,020 [32] DEBUG LTCPro.ServiceLayer.Log4net - ---Executing GetNurseStationHierarchyDetailsbyNsId() in CompanyController----
2022-11-18 06:45:52,020 [32] DEBUG LTCPro.ServiceLayer.Log4net - ---Executing GetNurseStationHierarchyDetailsbyNsId() in CompanyService----
2022-11-18 06:45:52,025 [32] DEBUG LTCPro.ServiceLayer.Log4net - ---Executed Successfully GetNurseStationHierarchyDetailsbyNsId() in CompanyController----
2022-11-18 06:48:05,980 [23] DEBUG LTCPro.ServiceLayer.Log4net - ---Executing GetUserToken() in UserService----
2022-11-18 06:48:05,988 [28] DEBUG LTCPro.ServiceLayer.Log4net - ---Executing GetUserToken() in UserService----
2022-11-18 06:48:06,015 [23] DEBUG LTCPro.ServiceLayer.Log4net - ---Executing GetUserPassedDueFlag() in UserController----
2022-11-18 06:48:06,015 [23] DEBUG LTCPro.ServiceLayer.Log4net - ---Executing GetUserPassedDueFlag() in UserService----
2022-11-18 06:48:06,019 [28] DEBUG LTCPro.ServiceLayer.Log4net - ---Executing GetDueMARAlertData() in EmarController----
2022-11-18 06:48:06,019 [28] DEBUG LTCPro.ServiceLayer.Log4net - ---Executing GetDueMARAlertData() in EmarService----
2022-11-18 06:48:06,023 [23] DEBUG LTCPro.ServiceLayer.Log4net - ---Executed Successfully GetUserPassedDueFlag() in UserController----
2022-11-18 06:48:06,024 [27] DEBUG LTCPro.ServiceLayer.Log4net - ---Executing GetUserToken() in UserService----
2022-11-18 06:48:06,035 [27] DEBUG LTCPro.ServiceLayer.Log4net - ---Executing GetAlertsDetails() in MailboxController----
2022-11-18 06:48:06,035 [27] DEBUG LTCPro.ServiceLayer.Log4net - ---Executing GetAlertsDetails() in MailboxService----
2022-11-18 06:48:06,037 [32] DEBUG LTCPro.ServiceLayer.Log4net - ---Executing GetUserToken() in UserService----
2022-11-18 06:48:06,044 [32] DEBUG LTCPro.ServiceLayer.Log4net - ---Executing GetReadMailsCount() in MailboxController----
2022-11-18 06:48:06,044 [32] DEBUG LTCPro.ServiceLayer.Log4net - ---Executing GetReadMailsCount() in MailboxService----
2022-11-18 06:48:06,051 [23] DEBUG LTCPro.ServiceLayer.Log4net - ---Executing GetUserToken() in UserService----
2022-11-18 06:48:06,051 [32] DEBUG LTCPro.ServiceLayer.Log4net - ---Executed successfully GetReadMailsCount() in MailboxController----
2022-11-18 06:48:06,057 [23] DEBUG LTCPro.ServiceLayer.Log4net - ---Executing GetOutboundErrorDetails() in CommonController----
2022-11-18 06:48:06,057 [23] DEBUG LTCPro.ServiceLayer.Log4net - ---Executing GetOutboundErrorDetails() in CommonService----
2022-11-18 06:48:06,069 [32] DEBUG LTCPro.ServiceLayer.Log4net - ---Executing GetUserToken() in UserService----
2022-11-18 06:48:06,075 [32] DEBUG LTCPro.ServiceLayer.Log4net - ---Executing GetUserRecentFacNs() in UserController----
2022-11-18 06:48:06,075 [32] DEBUG LTCPro.ServiceLayer.Log4net - ---Executing GetUserRecentFacNs() in UserService----
2022-11-18 06:48:06,084 [32] DEBUG LTCPro.ServiceLayer.Log4net - ---Executed Successfully GetUserRecentFacNs() in UserController----
2022-11-18 06:48:06,109 [32] DEBUG LTCPro.ServiceLayer.Log4net - ---Executing GetUserToken() in UserService----
2022-11-18 06:48:06,114 [32] DEBUG LTCPro.ServiceLayer.Log4net - ---Executing GetUserRecentFacNs() in UserController----
2022-11-18 06:48:06,114 [32] DEBUG LTCPro.ServiceLayer.Log4net - ---Executing GetUserRecentFacNs() in UserService----
2022-11-18 06:48:06,122 [32] DEBUG LTCPro.ServiceLayer.Log4net - ---Executed Successfully GetUserRecentFacNs() in UserController----
2022-11-18 06:48:06,139 [32] DEBUG LTCPro.ServiceLayer.Log4net - ---Executing GetUserToken() in UserService----
2022-11-18 06:48:06,144 [32] DEBUG LTCPro.ServiceLayer.Log4net - ---Executing GetPendingDosesList() in CommonController----
2022-11-18 06:48:06,144 [32] DEBUG LTCPro.ServiceLayer.Log4net - ---Executing GetPendingDosesList() in CommonService----
2022-11-18 06:48:06,153 [27] DEBUG LTCPro.ServiceLayer.Log4net - ---Executed successfully GetAlertsDetails() in MailboxController----
2022-11-18 06:48:06,165 [27] DEBUG LTCPro.ServiceLayer.Log4net - ---Executing GetUserToken() in UserService----
2022-11-18 06:48:06,171 [27] DEBUG LTCPro.ServiceLayer.Log4net - ---Executing InsertUserActivityDetails() in CompanyController----
2022-11-18 06:48:06,171 [27] DEBUG LTCPro.ServiceLayer.Log4net - ---Executing InsertUserActivityDetails() in UserActivityService----
2022-11-18 06:48:06,181 [27] DEBUG LTCPro.ServiceLayer.Log4net - ---Executed Successfully InsertUserActivityDetails() in CompanyController----
2022-11-18 06:48:06,202 [20] DEBUG LTCPro.ServiceLayer.Log4net - ---Executing GetUserToken() in UserService----
2022-11-18 06:48:06,202 [27] DEBUG LTCPro.ServiceLayer.Log4net - ---Executing GetUserToken() in UserService----
2022-11-18 06:48:06,209 [20] DEBUG LTCPro.ServiceLayer.Log4net - ---Executing GetUserAccessFacilityNurseStaions() in FacilityController----
2022-11-18 06:48:06,209 [20] DEBUG LTCPro.ServiceLayer.Log4net - ---Executing GetUserAccessFacilityNurseStaions() in FacilityService----
2022-11-18 06:48:06,209 [27] DEBUG LTCPro.ServiceLayer.Log4net - ---Executing GetUserAccessFacilityNurseStaions() in FacilityController----
2022-11-18 06:48:06,209 [27] DEBUG LTCPro.ServiceLayer.Log4net - ---Executing GetUserAccessFacilityNurseStaions() in FacilityService----
2022-11-18 06:48:06,232 [27] DEBUG LTCPro.ServiceLayer.Log4net - ---Executed Successfully GetUserAccessFacilityNurseStaions() in FacilityController----
2022-11-18 06:48:06,232 [20] DEBUG LTCPro.ServiceLayer.Log4net - ---Executed Successfully GetUserAccessFacilityNurseStaions() in FacilityController----
2022-11-18 06:48:06,283 [33] DEBUG LTCPro.ServiceLayer.Log4net - ---Executing GetUserToken() in UserService----
2022-11-18 06:48:06,291 [33] DEBUG LTCPro.ServiceLayer.Log4net - ---Executing UserNurseStationDrop() in FacilityController----
2022-11-18 06:48:06,291 [33] DEBUG LTCPro.ServiceLayer.Log4net - ---Executing UserNurseStationDrop() in FacilityService----
2022-11-18 06:48:06,300 [33] DEBUG LTCPro.ServiceLayer.Log4net - ---Executed Successfully UserNurseStationDrop() in FacilityController----
2022-11-18 06:48:06,339 [27] DEBUG LTCPro.ServiceLayer.Log4net - ---Executing GetUserToken() in UserService----
2022-11-18 06:48:06,348 [27] DEBUG LTCPro.ServiceLayer.Log4net - ---Executing GetCompanyToBedFlagByFacId() in FacilityController----
2022-11-18 06:48:06,348 [27] DEBUG LTCPro.ServiceLayer.Log4net - ---Executing GetCompanyToBedFlagByFacId() in FacilityService----
2022-11-18 06:48:06,355 [32] DEBUG LTCPro.ServiceLayer.Log4net - ---Executed Successfully GetPendingDosesList() in CommonController----
2022-11-18 06:48:06,369 [33] DEBUG LTCPro.ServiceLayer.Log4net - ---Executing GetUserToken() in UserService----
2022-11-18 06:48:06,375 [33] DEBUG LTCPro.ServiceLayer.Log4net - ---Executing GetResidentsByCompanyBed() in ResidentDemographicController----
2022-11-18 06:48:06,375 [33] DEBUG LTCPro.ServiceLayer.Log4net - ---Executing GetResidentsByCompanyBed() in ResidentDemographicService----
2022-11-18 06:48:06,434 [27] DEBUG LTCPro.ServiceLayer.Log4net - ---Executed Successfully GetCompanyToBedFlagByFacId() in FacilityController----
2022-11-18 06:48:06,491 [32] DEBUG LTCPro.ServiceLayer.Log4net - ---Executing GetUserToken() in UserService----
2022-11-18 06:48:06,495 [32] DEBUG LTCPro.ServiceLayer.Log4net - ---Executing GetNurseStationHierarchyDetailsbyNsId() in CompanyController----
2022-11-18 06:48:06,495 [32] DEBUG LTCPro.ServiceLayer.Log4net - ---Executing GetNurseStationHierarchyDetailsbyNsId() in CompanyService----
2022-11-18 06:48:06,500 [32] DEBUG LTCPro.ServiceLayer.Log4net - ---Executed Successfully GetNurseStationHierarchyDetailsbyNsId() in CompanyController----
2022-11-18 06:48:06,615 [23] DEBUG LTCPro.ServiceLayer.Log4net - ---Executed Successfully GetOutboundErrorDetails() in CommonController----
2022-11-18 06:48:06,682 [28] DEBUG LTCPro.ServiceLayer.Log4net - ---Executed Successfully GetDueMARAlertData() in EmarController----
2022-11-18 06:48:07,964 [33] DEBUG LTCPro.ServiceLayer.Log4net - ---Executed Successfully GetResidentsByCompanyBed() in ResidentDemographicController----
2022-11-18 06:48:10,217 [23] DEBUG LTCPro.ServiceLayer.Log4net - ---Executing GetUserToken() in UserService----
2022-11-18 06:48:10,228 [23] DEBUG LTCPro.ServiceLayer.Log4net - ---Executing InsertUserActivityDetails() in CompanyController----
2022-11-18 06:48:10,228 [23] DEBUG LTCPro.ServiceLayer.Log4net - ---Executing InsertUserActivityDetails() in UserActivityService----
2022-11-18 06:48:10,238 [33] DEBUG LTCPro.ServiceLayer.Log4net - ---Executing GetUserToken() in UserService----
2022-11-18 06:48:10,262 [33] DEBUG LTCPro.ServiceLayer.Log4net - ---Executing InsertUserActivityDetails() in CompanyController----
2022-11-18 06:48:10,262 [33] DEBUG LTCPro.ServiceLayer.Log4net - ---Executing InsertUserActivityDetails() in UserActivityService----
2022-11-18 06:48:10,274 [21] DEBUG LTCPro.ServiceLayer.Log4net - ---Executing GetUserToken() in UserService----
2022-11-18 06:48:10,299 [27] DEBUG LTCPro.ServiceLayer.Log4net - ---Executing GetUserToken() in UserService----
2022-11-18 06:48:10,306 [23] DEBUG LTCPro.ServiceLayer.Log4net - ---Executed Successfully InsertUserActivityDetails() in CompanyController----
2022-11-18 06:48:10,307 [21] DEBUG LTCPro.ServiceLayer.Log4net - ---Executing GetFacilityNSResidentsDataByPId() in ResidentDemographicController----
2022-11-18 06:48:10,307 [21] DEBUG LTCPro.ServiceLayer.Log4net - ---Executing GetFacilityNSResidentsDataByPId() in ResidentDemographicService----
2022-11-18 06:48:10,313 [27] DEBUG LTCPro.ServiceLayer.Log4net - ---Executing InsertUserActivityDetails() in CompanyController----
2022-11-18 06:48:10,313 [27] DEBUG LTCPro.ServiceLayer.Log4net - ---Executing InsertUserActivityDetails() in UserActivityService----
2022-11-18 06:48:10,323 [33] DEBUG LTCPro.ServiceLayer.Log4net - ---Executed Successfully InsertUserActivityDetails() in CompanyController----
2022-11-18 06:48:10,325 [27] DEBUG LTCPro.ServiceLayer.Log4net - ---Executed Successfully InsertUserActivityDetails() in CompanyController----
2022-11-18 06:48:10,337 [22] DEBUG LTCPro.ServiceLayer.Log4net - ---Executing GetUserToken() in UserService----
2022-11-18 06:48:10,338 [32] DEBUG LTCPro.ServiceLayer.Log4net - ---Executing GetUserToken() in UserService----
2022-11-18 06:48:10,346 [32] DEBUG LTCPro.ServiceLayer.Log4net - ---Executing GetResidentAdmitDischargeData() in ResidentDemographicController----
2022-11-18 06:48:10,346 [32] DEBUG LTCPro.ServiceLayer.Log4net - ---Executing GetResidentAdmitDischargeData() in ResidentDemographicService----
2022-11-18 06:48:10,352 [22] DEBUG LTCPro.ServiceLayer.Log4net - ---Executing InsertUserActivityDetails() in CompanyController----
2022-11-18 06:48:10,352 [22] DEBUG LTCPro.ServiceLayer.Log4net - ---Executing InsertUserActivityDetails() in UserActivityService----
2022-11-18 06:48:10,356 [32] DEBUG LTCPro.ServiceLayer.Log4net - ---Executed Successfully GetResidentAdmitDischargeData() in ResidentDemographicController----
2022-11-18 06:48:10,369 [22] DEBUG LTCPro.ServiceLayer.Log4net - ---Executed Successfully InsertUserActivityDetails() in CompanyController----
2022-11-18 06:48:10,370 [21] DEBUG LTCPro.ServiceLayer.Log4net - ---Executed Successfully GetFacilityNSResidentsDataByPId() in ResidentDemographicController----
2022-11-18 06:48:10,394 [20] DEBUG LTCPro.ServiceLayer.Log4net - ---Executing GetUserToken() in UserService----
2022-11-18 06:48:10,402 [20] DEBUG LTCPro.ServiceLayer.Log4net - ---Executing GetResidentInformation() in ResidentDemographicController----
2022-11-18 06:48:10,402 [20] DEBUG LTCPro.ServiceLayer.Log4net - ---Executing GetResidentInformation() in ResidentDemographicService----
2022-11-18 06:48:10,407 [28] DEBUG LTCPro.ServiceLayer.Log4net - ---Executing GetUserToken() in UserService----
2022-11-18 06:48:10,456 [28] DEBUG LTCPro.ServiceLayer.Log4net - ---Executing GetResidentAdmitDischargeData() in ResidentDemographicController----
2022-11-18 06:48:10,456 [28] DEBUG LTCPro.ServiceLayer.Log4net - ---Executing GetResidentAdmitDischargeData() in ResidentDemographicService----
2022-11-18 06:48:10,466 [28] DEBUG LTCPro.ServiceLayer.Log4net - ---Executed Successfully GetResidentAdmitDischargeData() in ResidentDemographicController----
2022-11-18 06:48:10,468 [24] DEBUG LTCPro.ServiceLayer.Log4net - ---Executing GetUserToken() in UserService----
2022-11-18 06:48:10,478 [24] DEBUG LTCPro.ServiceLayer.Log4net - ---Executing GetResidentDiagnosisInfo() in ResidentDemographicController----
2022-11-18 06:48:10,478 [24] DEBUG LTCPro.ServiceLayer.Log4net - ---Executing GetResidentDiagnosisInfo() in DiagnosisInfoService----
2022-11-18 06:48:10,478 [25] DEBUG LTCPro.ServiceLayer.Log4net - ---Executing GetUserToken() in UserService----
2022-11-18 06:48:10,482 [27] DEBUG LTCPro.ServiceLayer.Log4net - ---Executing GetUserToken() in UserService----
2022-11-18 06:48:10,490 [25] DEBUG LTCPro.ServiceLayer.Log4net - ---Executing GetResidentInformation() in ResidentDemographicController----
2022-11-18 06:48:10,490 [25] DEBUG LTCPro.ServiceLayer.Log4net - ---Executing GetResidentInformation() in ResidentDemographicService----
2022-11-18 06:48:10,492 [24] DEBUG LTCPro.ServiceLayer.Log4net - ---Executed Successfully GetResidentDiagnosisInfo() in ResidentDemographicController----
2022-11-18 06:48:10,495 [27] DEBUG LTCPro.ServiceLayer.Log4net - ---Executing GetResidentAllergies() in ResidentDemographicController----
2022-11-18 06:48:10,495 [27] DEBUG LTCPro.ServiceLayer.Log4net - ---Executing GetResidentAllergies() in AllergyInfoService----
2022-11-18 06:48:10,504 [27] DEBUG LTCPro.ServiceLayer.Log4net - ---Executed Successfully GetResidentAllergies() in ResidentDemographicController----
2022-11-18 06:48:10,582 [20] DEBUG LTCPro.ServiceLayer.Log4net - ---Executed Successfully GetResidentInformation() in ResidentDemographicController----
2022-11-18 06:48:10,609 [25] DEBUG LTCPro.ServiceLayer.Log4net - ---Executed Successfully GetResidentInformation() in ResidentDemographicController----
2022-11-18 06:48:10,727 [21] DEBUG LTCPro.ServiceLayer.Log4net - ---Executing GetUserToken() in UserService----
2022-11-18 06:48:10,743 [27] DEBUG LTCPro.ServiceLayer.Log4net - ---Executing GetUserToken() in UserService----
2022-11-18 06:48:10,748 [21] DEBUG LTCPro.ServiceLayer.Log4net - ---Executing GetPatientTypeByID() in CommonController----
2022-11-18 06:48:10,748 [21] DEBUG LTCPro.ServiceLayer.Log4net - ---Executing GetPatientTypeDrop() in CommonService----
2022-11-18 06:48:10,751 [33] DEBUG LTCPro.ServiceLayer.Log4net - ---Executing GetUserToken() in UserService----
2022-11-18 06:48:10,752 [27] DEBUG LTCPro.ServiceLayer.Log4net - ---Executing GetResidentAdmitDischargeData() in ResidentDemographicController----
2022-11-18 06:48:10,752 [27] DEBUG LTCPro.ServiceLayer.Log4net - ---Executing GetResidentAdmitDischargeData() in ResidentDemographicService----
2022-11-18 06:48:10,760 [27] DEBUG LTCPro.ServiceLayer.Log4net - ---Executed Successfully GetResidentAdmitDischargeData() in ResidentDemographicController----
2022-11-18 06:48:10,762 [32] DEBUG LTCPro.ServiceLayer.Log4net - ---Executing GetUserToken() in UserService----
2022-11-18 06:48:10,771 [33] DEBUG LTCPro.ServiceLayer.Log4net - ---Executing GetResidentAllergies() in ResidentDemographicController----
2022-11-18 06:48:10,771 [33] DEBUG LTCPro.ServiceLayer.Log4net - ---Executing GetResidentAllergies() in AllergyInfoService----
2022-11-18 06:48:10,777 [33] DEBUG LTCPro.ServiceLayer.Log4net - ---Executed Successfully GetResidentAllergies() in ResidentDemographicController----
2022-11-18 06:48:10,777 [32] DEBUG LTCPro.ServiceLayer.Log4net - ---Executing GetResidentDiagnosisInfo() in ResidentDemographicController----
2022-11-18 06:48:10,777 [32] DEBUG LTCPro.ServiceLayer.Log4net - ---Executing GetResidentDiagnosisInfo() in DiagnosisInfoService----
2022-11-18 06:48:10,790 [32] DEBUG LTCPro.ServiceLayer.Log4net - ---Executed Successfully GetResidentDiagnosisInfo() in ResidentDemographicController----
2022-11-18 06:48:10,799 [21] DEBUG LTCPro.ServiceLayer.Log4net - ---Executed Successfully GetPatientTypeDrop() in CommonController----
2022-11-18 06:48:10,803 [28] DEBUG LTCPro.ServiceLayer.Log4net - ---Executing GetUserToken() in UserService----
2022-11-18 06:48:10,809 [28] DEBUG LTCPro.ServiceLayer.Log4net - ---Executing GetResidentInformation() in ResidentDemographicController----
2022-11-18 06:48:10,809 [28] DEBUG LTCPro.ServiceLayer.Log4net - ---Executing GetResidentInformation() in ResidentDemographicService----
2022-11-18 06:48:10,854 [22] DEBUG LTCPro.ServiceLayer.Log4net - ---Executing GetUserToken() in UserService----
2022-11-18 06:48:10,860 [22] DEBUG LTCPro.ServiceLayer.Log4net - ---Executing GetAllPatientTypesByPId() in ResidentDemographicController----
2022-11-18 06:48:10,860 [22] DEBUG LTCPro.ServiceLayer.Log4net - ---Executing GetAllPatientTypesByPId() in EmarService----
2022-11-18 06:48:10,868 [22] DEBUG LTCPro.ServiceLayer.Log4net - ---Executed Successfully GetAllPatientTypesByPId() in ResidentDemographicController----
2022-11-18 06:48:10,913 [28] DEBUG LTCPro.ServiceLayer.Log4net - ---Executed Successfully GetResidentInformation() in ResidentDemographicController----
2022-11-18 06:48:11,930 [32] DEBUG LTCPro.ServiceLayer.Log4net - ---Executing GetUserToken() in UserService----
2022-11-18 06:48:11,938 [32] DEBUG LTCPro.ServiceLayer.Log4net - ---Executing InsertUserActivityDetails() in CompanyController----
2022-11-18 06:48:11,938 [32] DEBUG LTCPro.ServiceLayer.Log4net - ---Executing InsertUserActivityDetails() in UserActivityService----
2022-11-18 06:48:11,938 [33] DEBUG LTCPro.ServiceLayer.Log4net - ---Executing GetUserToken() in UserService----
2022-11-18 06:48:11,944 [33] DEBUG LTCPro.ServiceLayer.Log4net - ---Executing GetUserRecentFacNs() in UserController----
2022-11-18 06:48:11,944 [33] DEBUG LTCPro.ServiceLayer.Log4net - ---Executing GetUserRecentFacNs() in UserService----
2022-11-18 06:48:11,947 [32] DEBUG LTCPro.ServiceLayer.Log4net - ---Executed Successfully InsertUserActivityDetails() in CompanyController----
2022-11-18 06:48:11,953 [33] DEBUG LTCPro.ServiceLayer.Log4net - ---Executed Successfully GetUserRecentFacNs() in UserController----
2022-11-18 06:48:11,976 [23] DEBUG LTCPro.ServiceLayer.Log4net - ---Executing GetUserToken() in UserService----
2022-11-18 06:48:11,982 [23] DEBUG LTCPro.ServiceLayer.Log4net - ---Executing GetUserAccessFacilityNurseStaions() in FacilityController----
2022-11-18 06:48:11,982 [23] DEBUG LTCPro.ServiceLayer.Log4net - ---Executing GetUserAccessFacilityNurseStaions() in FacilityService----
2022-11-18 06:48:11,993 [23] DEBUG LTCPro.ServiceLayer.Log4net - ---Executed Successfully GetUserAccessFacilityNurseStaions() in FacilityController----
2022-11-18 06:48:12,012 [28] DEBUG LTCPro.ServiceLayer.Log4net - ---Executing GetUserToken() in UserService----
2022-11-18 06:48:12,018 [28] DEBUG LTCPro.ServiceLayer.Log4net - ---Executing UserNurseStationDrop() in FacilityController----
2022-11-18 06:48:12,018 [28] DEBUG LTCPro.ServiceLayer.Log4net - ---Executing UserNurseStationDrop() in FacilityService----
2022-11-18 06:48:12,024 [28] DEBUG LTCPro.ServiceLayer.Log4net - ---Executed Successfully UserNurseStationDrop() in FacilityController----
2022-11-18 06:48:12,043 [27] DEBUG LTCPro.ServiceLayer.Log4net - ---Executing GetUserToken() in UserService----
2022-11-18 06:48:12,051 [27] DEBUG LTCPro.ServiceLayer.Log4net - ---Executing GetCompanyToBedFlagByFacId() in FacilityController----
2022-11-18 06:48:12,051 [27] DEBUG LTCPro.ServiceLayer.Log4net - ---Executing GetCompanyToBedFlagByFacId() in FacilityService----
2022-11-18 06:48:12,077 [28] DEBUG LTCPro.ServiceLayer.Log4net - ---Executing GetUserToken() in UserService----
2022-11-18 06:48:12,083 [27] DEBUG LTCPro.ServiceLayer.Log4net - ---Executed Successfully GetCompanyToBedFlagByFacId() in FacilityController----
2022-11-18 06:48:12,083 [28] DEBUG LTCPro.ServiceLayer.Log4net - ---Executing GetResidentsByCompanyBed() in ResidentDemographicController----
2022-11-18 06:48:12,083 [28] DEBUG LTCPro.ServiceLayer.Log4net - ---Executing GetResidentsByCompanyBed() in ResidentDemographicService----
2022-11-18 06:48:12,125 [32] DEBUG LTCPro.ServiceLayer.Log4net - ---Executing GetUserToken() in UserService----
2022-11-18 06:48:12,131 [32] DEBUG LTCPro.ServiceLayer.Log4net - ---Executing GetNurseStationHierarchyDetailsbyNsId() in CompanyController----
2022-11-18 06:48:12,131 [32] DEBUG LTCPro.ServiceLayer.Log4net - ---Executing GetNurseStationHierarchyDetailsbyNsId() in CompanyService----
2022-11-18 06:48:12,136 [32] DEBUG LTCPro.ServiceLayer.Log4net - ---Executed Successfully GetNurseStationHierarchyDetailsbyNsId() in CompanyController----
2022-11-18 06:48:13,732 [28] DEBUG LTCPro.ServiceLayer.Log4net - ---Executed Successfully GetResidentsByCompanyBed() in ResidentDemographicController----
2022-11-18 06:48:14,553 [27] DEBUG LTCPro.ServiceLayer.Log4net - ---Executing GetUserToken() in UserService----
2022-11-18 06:48:14,561 [27] DEBUG LTCPro.ServiceLayer.Log4net - ---Executing InsertUserActivityDetails() in CompanyController----
2022-11-18 06:48:14,566 [27] DEBUG LTCPro.ServiceLayer.Log4net - ---Executing InsertUserActivityDetails() in UserActivityService----
2022-11-18 06:48:14,573 [23] DEBUG LTCPro.ServiceLayer.Log4net - ---Executing GetUserToken() in UserService----
2022-11-18 06:48:14,579 [27] DEBUG LTCPro.ServiceLayer.Log4net - ---Executed Successfully InsertUserActivityDetails() in CompanyController----
2022-11-18 06:48:14,580 [23] DEBUG LTCPro.ServiceLayer.Log4net - ---Executing InsertUserActivityDetails() in CompanyController----
2022-11-18 06:48:14,580 [23] DEBUG LTCPro.ServiceLayer.Log4net - ---Executing InsertUserActivityDetails() in UserActivityService----
2022-11-18 06:48:14,588 [28] DEBUG LTCPro.ServiceLayer.Log4net - ---Executing GetUserToken() in UserService----
2022-11-18 06:48:14,595 [22] DEBUG LTCPro.ServiceLayer.Log4net - ---Executing GetUserToken() in UserService----
2022-11-18 06:48:14,620 [23] DEBUG LTCPro.ServiceLayer.Log4net - ---Executed Successfully InsertUserActivityDetails() in CompanyController----
2022-11-18 06:48:14,622 [20] DEBUG LTCPro.ServiceLayer.Log4net - ---Executing GetUserToken() in UserService----
2022-11-18 06:48:14,622 [22] DEBUG LTCPro.ServiceLayer.Log4net - ---Executing InsertUserActivityDetails() in CompanyController----
2022-11-18 06:48:14,623 [22] DEBUG LTCPro.ServiceLayer.Log4net - ---Executing InsertUserActivityDetails() in UserActivityService----
2022-11-18 06:48:14,629 [20] DEBUG LTCPro.ServiceLayer.Log4net - ---Executing GetFacilityNSResidentsDataByPId() in ResidentDemographicController----
2022-11-18 06:48:14,629 [20] DEBUG LTCPro.ServiceLayer.Log4net - ---Executing GetFacilityNSResidentsDataByPId() in ResidentDemographicService----
2022-11-18 06:48:14,632 [25] DEBUG LTCPro.ServiceLayer.Log4net - ---Executing GetUserToken() in UserService----
2022-11-18 06:48:14,634 [22] DEBUG LTCPro.ServiceLayer.Log4net - ---Executed Successfully InsertUserActivityDetails() in CompanyController----
2022-11-18 06:48:14,634 [28] DEBUG LTCPro.ServiceLayer.Log4net - ---Executing GetOrdersGridData() in OrdersController----
2022-11-18 06:48:14,642 [25] DEBUG LTCPro.ServiceLayer.Log4net - ---Executing InsertUserActivityDetails() in CompanyController----
2022-11-18 06:48:14,642 [25] DEBUG LTCPro.ServiceLayer.Log4net - ---Executing InsertUserActivityDetails() in UserActivityService----
2022-11-18 06:48:14,643 [28] DEBUG LTCPro.ServiceLayer.Log4net - ---Executing GetOrdersGridData() in OrdersService----
2022-11-18 06:48:14,653 [25] DEBUG LTCPro.ServiceLayer.Log4net - ---Executed Successfully InsertUserActivityDetails() in CompanyController----
2022-11-18 06:48:14,673 [21] DEBUG LTCPro.ServiceLayer.Log4net - ---Executing GetUserToken() in UserService----
2022-11-18 06:48:14,673 [23] DEBUG LTCPro.ServiceLayer.Log4net - ---Executing GetUserToken() in UserService----
2022-11-18 06:48:14,680 [23] DEBUG LTCPro.ServiceLayer.Log4net - ---Executing GetResidentAdmitDischargeData() in ResidentDemographicController----
2022-11-18 06:48:14,680 [23] DEBUG LTCPro.ServiceLayer.Log4net - ---Executing GetResidentAdmitDischargeData() in ResidentDemographicService----
2022-11-18 06:48:14,680 [28] DEBUG LTCPro.ServiceLayer.Log4net - ---Executed Successfully GetOrdersGridData() in OrdersController----
2022-11-18 06:48:14,681 [21] DEBUG LTCPro.ServiceLayer.Log4net - ---Executing GetResidentAdmitDischargeData() in ResidentDemographicController----
2022-11-18 06:48:14,681 [21] DEBUG LTCPro.ServiceLayer.Log4net - ---Executing GetResidentAdmitDischargeData() in ResidentDemographicService----
2022-11-18 06:48:14,688 [23] DEBUG LTCPro.ServiceLayer.Log4net - ---Executed Successfully GetResidentAdmitDischargeData() in ResidentDemographicController----
2022-11-18 06:48:14,694 [22] DEBUG LTCPro.ServiceLayer.Log4net - ---Executing GetUserToken() in UserService----
2022-11-18 06:48:14,697 [21] DEBUG LTCPro.ServiceLayer.Log4net - ---Executed Successfully GetResidentAdmitDischargeData() in ResidentDemographicController----
2022-11-18 06:48:14,718 [22] DEBUG LTCPro.ServiceLayer.Log4net - ---Executing GetResidentInformation() in ResidentDemographicController----
2022-11-18 06:48:14,718 [22] DEBUG LTCPro.ServiceLayer.Log4net - ---Executing GetResidentInformation() in ResidentDemographicService----
2022-11-18 06:48:14,721 [20] DEBUG LTCPro.ServiceLayer.Log4net - ---Executed Successfully GetFacilityNSResidentsDataByPId() in ResidentDemographicController----
2022-11-18 06:48:14,735 [25] DEBUG LTCPro.ServiceLayer.Log4net - ---Executing GetUserToken() in UserService----
2022-11-18 06:48:14,750 [25] DEBUG LTCPro.ServiceLayer.Log4net - ---Executing GetResidentAllergies() in ResidentDemographicController----
2022-11-18 06:48:14,750 [25] DEBUG LTCPro.ServiceLayer.Log4net - ---Executing GetResidentAllergies() in AllergyInfoService----
2022-11-18 06:48:14,757 [25] DEBUG LTCPro.ServiceLayer.Log4net - ---Executed Successfully GetResidentAllergies() in ResidentDemographicController----
2022-11-18 06:48:14,776 [32] DEBUG LTCPro.ServiceLayer.Log4net - ---Executing GetUserToken() in UserService----
2022-11-18 06:48:14,782 [32] DEBUG LTCPro.ServiceLayer.Log4net - ---Executing GetResidentDiagnosisInfo() in ResidentDemographicController----
2022-11-18 06:48:14,782 [32] DEBUG LTCPro.ServiceLayer.Log4net - ---Executing GetResidentDiagnosisInfo() in DiagnosisInfoService----
2022-11-18 06:48:14,788 [32] DEBUG LTCPro.ServiceLayer.Log4net - ---Executed Successfully GetResidentDiagnosisInfo() in ResidentDemographicController----
2022-11-18 06:48:14,798 [20] DEBUG LTCPro.ServiceLayer.Log4net - ---Executing GetUserToken() in UserService----
2022-11-18 06:48:14,803 [20] DEBUG LTCPro.ServiceLayer.Log4net - ---Executing GetResidentInformation() in ResidentDemographicController----
2022-11-18 06:48:14,804 [20] DEBUG LTCPro.ServiceLayer.Log4net - ---Executing GetResidentInformation() in ResidentDemographicService----
2022-11-18 06:48:14,844 [22] DEBUG LTCPro.ServiceLayer.Log4net - ---Executed Successfully GetResidentInformation() in ResidentDemographicController----
2022-11-18 06:48:14,889 [20] DEBUG LTCPro.ServiceLayer.Log4net - ---Executed Successfully GetResidentInformation() in ResidentDemographicController----
2022-11-18 06:48:14,947 [32] DEBUG LTCPro.ServiceLayer.Log4net - ---Executing GetUserToken() in UserService----
2022-11-18 06:48:14,951 [27] DEBUG LTCPro.ServiceLayer.Log4net - ---Executing GetUserToken() in UserService----
2022-11-18 06:48:14,953 [28] DEBUG LTCPro.ServiceLayer.Log4net - ---Executing GetUserToken() in UserService----
2022-11-18 06:48:14,958 [32] DEBUG LTCPro.ServiceLayer.Log4net - ---Executing GetResidentAllergies() in ResidentDemographicController----
2022-11-18 06:48:14,958 [32] DEBUG LTCPro.ServiceLayer.Log4net - ---Executing GetResidentAllergies() in AllergyInfoService----
2022-11-18 06:48:14,958 [27] DEBUG LTCPro.ServiceLayer.Log4net - ---Executing GetResidentAdmitDischargeData() in ResidentDemographicController----
2022-11-18 06:48:14,958 [27] DEBUG LTCPro.ServiceLayer.Log4net - ---Executing GetResidentAdmitDischargeData() in ResidentDemographicService----
2022-11-18 06:48:14,962 [28] DEBUG LTCPro.ServiceLayer.Log4net - ---Executing GetResidentInformation() in ResidentDemographicController----
2022-11-18 06:48:14,962 [28] DEBUG LTCPro.ServiceLayer.Log4net - ---Executing GetResidentInformation() in ResidentDemographicService----
2022-11-18 06:48:14,964 [32] DEBUG LTCPro.ServiceLayer.Log4net - ---Executed Successfully GetResidentAllergies() in ResidentDemographicController----
2022-11-18 06:48:14,965 [27] DEBUG LTCPro.ServiceLayer.Log4net - ---Executed Successfully GetResidentAdmitDischargeData() in ResidentDemographicController----
2022-11-18 06:48:14,969 [33] DEBUG LTCPro.ServiceLayer.Log4net - ---Executing GetUserToken() in UserService----
2022-11-18 06:48:14,982 [33] DEBUG LTCPro.ServiceLayer.Log4net - ---Executing GetPatientTypeByID() in CommonController----
2022-11-18 06:48:14,983 [33] DEBUG LTCPro.ServiceLayer.Log4net - ---Executing GetPatientTypeDrop() in CommonService----
2022-11-18 06:48:15,019 [33] DEBUG LTCPro.ServiceLayer.Log4net - ---Executed Successfully GetPatientTypeDrop() in CommonController----
2022-11-18 06:48:15,021 [23] DEBUG LTCPro.ServiceLayer.Log4net - ---Executing GetUserToken() in UserService----
2022-11-18 06:48:15,028 [23] DEBUG LTCPro.ServiceLayer.Log4net - ---Executing GetResidentDiagnosisInfo() in ResidentDemographicController----
2022-11-18 06:48:15,028 [23] DEBUG LTCPro.ServiceLayer.Log4net - ---Executing GetResidentDiagnosisInfo() in DiagnosisInfoService----
2022-11-18 06:48:15,034 [23] DEBUG LTCPro.ServiceLayer.Log4net - ---Executed Successfully GetResidentDiagnosisInfo() in ResidentDemographicController----
2022-11-18 06:48:15,082 [27] DEBUG LTCPro.ServiceLayer.Log4net - ---Executing GetUserToken() in UserService----
2022-11-18 06:48:15,085 [28] DEBUG LTCPro.ServiceLayer.Log4net - ---Executed Successfully GetResidentInformation() in ResidentDemographicController----
2022-11-18 06:48:15,087 [27] DEBUG LTCPro.ServiceLayer.Log4net - ---Executing GetAllPatientTypesByPId() in ResidentDemographicController----
2022-11-18 06:48:15,087 [27] DEBUG LTCPro.ServiceLayer.Log4net - ---Executing GetAllPatientTypesByPId() in EmarService----
2022-11-18 06:48:15,092 [27] DEBUG LTCPro.ServiceLayer.Log4net - ---Executed Successfully GetAllPatientTypesByPId() in ResidentDemographicController----
2022-11-18 06:48:16,824 [36] DEBUG LTCPro.ServiceLayer.Log4net - ---Executing GetUserToken() in UserService----
2022-11-18 06:48:16,830 [36] DEBUG LTCPro.ServiceLayer.Log4net - ---Executing GetOutboundHLSevenConfigs() in HLSevenSegmentController----
2022-11-18 06:48:16,830 [36] DEBUG LTCPro.ServiceLayer.Log4net - ---Executing GetOutboundHLSevenConfigs() in HLSevenSegmentService----
2022-11-18 06:48:16,839 [36] DEBUG LTCPro.ServiceLayer.Log4net - ---Executed Successfully GetOutboundHLSevenConfigs() in HLSevenSegmentController----
2022-11-18 06:48:16,877 [19] DEBUG LTCPro.ServiceLayer.Log4net - ---Executing GetUserToken() in UserService----
2022-11-18 06:48:16,883 [19] DEBUG LTCPro.ServiceLayer.Log4net - ---Executing UserFacilityDrop() in FacilityController----
2022-11-18 06:48:16,883 [19] DEBUG LTCPro.ServiceLayer.Log4net - ---Executing UserFacilityDrop() in FacilityService----
2022-11-18 06:48:16,889 [19] DEBUG LTCPro.ServiceLayer.Log4net - ---Executed Successfully UserFacilityDrop() in FacilityController----
2022-11-18 06:48:16,909 [25] DEBUG LTCPro.ServiceLayer.Log4net - ---Executing GetUserToken() in UserService----
2022-11-18 06:48:16,914 [25] DEBUG LTCPro.ServiceLayer.Log4net - ---Executing GetResidentAdmitvisitInfoData() in ResidentDemographicController----
2022-11-18 06:48:16,914 [25] DEBUG LTCPro.ServiceLayer.Log4net - ---Executing  VisitInfoEntity()  in GetResidentAdmitvisitInfoData----
2022-11-18 06:48:16,927 [25] DEBUG LTCPro.ServiceLayer.Log4net - ---Executed Successfully GetResidentAdmitvisitInfoData() in ResidentDemographicController----
2022-11-18 06:48:16,946 [25] DEBUG LTCPro.ServiceLayer.Log4net - ---Executing GetUserToken() in UserService----
2022-11-18 06:48:16,947 [19] DEBUG LTCPro.ServiceLayer.Log4net - ---Executing GetUserToken() in UserService----
2022-11-18 06:48:16,953 [19] DEBUG LTCPro.ServiceLayer.Log4net - ---Executing UserFacilityDrop() in FacilityController----
2022-11-18 06:48:16,953 [19] DEBUG LTCPro.ServiceLayer.Log4net - ---Executing UserFacilityDrop() in FacilityService----
2022-11-18 06:48:16,953 [25] DEBUG LTCPro.ServiceLayer.Log4net - ---Executing GetCompanyToBedFlagByFacId() in FacilityController----
2022-11-18 06:48:16,953 [25] DEBUG LTCPro.ServiceLayer.Log4net - ---Executing GetCompanyToBedFlagByFacId() in FacilityService----
2022-11-18 06:48:16,959 [19] DEBUG LTCPro.ServiceLayer.Log4net - ---Executed Successfully UserFacilityDrop() in FacilityController----
2022-11-18 06:48:16,986 [25] DEBUG LTCPro.ServiceLayer.Log4net - ---Executed Successfully GetCompanyToBedFlagByFacId() in FacilityController----
2022-11-18 06:48:17,001 [36] DEBUG LTCPro.ServiceLayer.Log4net - ---Executing GetUserToken() in UserService----
2022-11-18 06:48:17,006 [36] DEBUG LTCPro.ServiceLayer.Log4net - ---Executing UserNurseStationDrop() in FacilityController----
2022-11-18 06:48:17,006 [36] DEBUG LTCPro.ServiceLayer.Log4net - ---Executing UserNurseStationDrop() in FacilityService----
2022-11-18 06:48:17,012 [36] DEBUG LTCPro.ServiceLayer.Log4net - ---Executed Successfully UserNurseStationDrop() in FacilityController----
2022-11-18 06:48:17,021 [19] DEBUG LTCPro.ServiceLayer.Log4net - ---Executing GetUserToken() in UserService----
2022-11-18 06:48:17,026 [19] DEBUG LTCPro.ServiceLayer.Log4net - ---Executing GetNurseStationHierarchyDetailsbyNsId() in CompanyController----
2022-11-18 06:48:17,026 [19] DEBUG LTCPro.ServiceLayer.Log4net - ---Executing GetNurseStationHierarchyDetailsbyNsId() in CompanyService----
2022-11-18 06:48:17,031 [19] DEBUG LTCPro.ServiceLayer.Log4net - ---Executed Successfully GetNurseStationHierarchyDetailsbyNsId() in CompanyController----
2022-11-18 06:50:59,326 [30] DEBUG LTCPro.ServiceLayer.Log4net - ---Executing GetUserToken() in UserService----
2022-11-18 06:50:59,333 [34] DEBUG LTCPro.ServiceLayer.Log4net - ---Executing GetUserToken() in UserService----
2022-11-18 06:50:59,367 [30] DEBUG LTCPro.ServiceLayer.Log4net - ---Executing GetOutboundErrorDetails() in CommonController----
2022-11-18 06:50:59,367 [30] DEBUG LTCPro.ServiceLayer.Log4net - ---Executing GetOutboundErrorDetails() in CommonService----
2022-11-18 06:50:59,371 [34] DEBUG LTCPro.ServiceLayer.Log4net - ---Executing GetAlertsDetails() in MailboxController----
2022-11-18 06:50:59,371 [34] DEBUG LTCPro.ServiceLayer.Log4net - ---Executing GetAlertsDetails() in MailboxService----
2022-11-18 06:50:59,375 [29] DEBUG LTCPro.ServiceLayer.Log4net - ---Executing GetUserToken() in UserService----
2022-11-18 06:50:59,377 [35] DEBUG LTCPro.ServiceLayer.Log4net - ---Executing GetUserToken() in UserService----
2022-11-18 06:50:59,391 [29] DEBUG LTCPro.ServiceLayer.Log4net - ---Executing GetDueMARAlertData() in EmarController----
2022-11-18 06:50:59,391 [29] DEBUG LTCPro.ServiceLayer.Log4net - ---Executing GetDueMARAlertData() in EmarService----
2022-11-18 06:50:59,393 [35] DEBUG LTCPro.ServiceLayer.Log4net - ---Executing GetReadMailsCount() in MailboxController----
2022-11-18 06:50:59,393 [35] DEBUG LTCPro.ServiceLayer.Log4net - ---Executing GetReadMailsCount() in MailboxService----
2022-11-18 06:50:59,408 [36] DEBUG LTCPro.ServiceLayer.Log4net - ---Executing GetUserToken() in UserService----
2022-11-18 06:50:59,418 [35] DEBUG LTCPro.ServiceLayer.Log4net - ---Executed successfully GetReadMailsCount() in MailboxController----
2022-11-18 06:50:59,421 [36] DEBUG LTCPro.ServiceLayer.Log4net - ---Executing GetUserPassedDueFlag() in UserController----
2022-11-18 06:50:59,421 [36] DEBUG LTCPro.ServiceLayer.Log4net - ---Executing GetUserPassedDueFlag() in UserService----
2022-11-18 06:50:59,437 [36] DEBUG LTCPro.ServiceLayer.Log4net - ---Executed Successfully GetUserPassedDueFlag() in UserController----
2022-11-18 06:50:59,445 [34] DEBUG LTCPro.ServiceLayer.Log4net - ---Executed successfully GetAlertsDetails() in MailboxController----
2022-11-18 06:50:59,446 [35] DEBUG LTCPro.ServiceLayer.Log4net - ---Executing GetUserToken() in UserService----
2022-11-18 06:50:59,447 [25] DEBUG LTCPro.ServiceLayer.Log4net - ---Executing GetUserToken() in UserService----
2022-11-18 06:50:59,455 [35] DEBUG LTCPro.ServiceLayer.Log4net - ---Executing GetUserRecentFacNs() in UserController----
2022-11-18 06:50:59,455 [35] DEBUG LTCPro.ServiceLayer.Log4net - ---Executing GetUserRecentFacNs() in UserService----
2022-11-18 06:50:59,466 [26] DEBUG LTCPro.ServiceLayer.Log4net - ---Executing GetUserToken() in UserService----
2022-11-18 06:50:59,474 [25] DEBUG LTCPro.ServiceLayer.Log4net - ---Executing GetPendingDosesList() in CommonController----
2022-11-18 06:50:59,474 [25] DEBUG LTCPro.ServiceLayer.Log4net - ---Executing GetPendingDosesList() in CommonService----
2022-11-18 06:50:59,475 [26] DEBUG LTCPro.ServiceLayer.Log4net - ---Executing InsertUserActivityDetails() in CompanyController----
2022-11-18 06:50:59,476 [26] DEBUG LTCPro.ServiceLayer.Log4net - ---Executing InsertUserActivityDetails() in UserActivityService----
2022-11-18 06:50:59,485 [35] DEBUG LTCPro.ServiceLayer.Log4net - ---Executed Successfully GetUserRecentFacNs() in UserController----
2022-11-18 06:50:59,486 [26] DEBUG LTCPro.ServiceLayer.Log4net - ---Executed Successfully InsertUserActivityDetails() in CompanyController----
2022-11-18 06:50:59,494 [34] DEBUG LTCPro.ServiceLayer.Log4net - ---Executing GetUserToken() in UserService----
2022-11-18 06:50:59,502 [34] DEBUG LTCPro.ServiceLayer.Log4net - ---Executing GetUserRecentFacNs() in UserController----
2022-11-18 06:50:59,502 [34] DEBUG LTCPro.ServiceLayer.Log4net - ---Executing GetUserRecentFacNs() in UserService----
2022-11-18 06:50:59,515 [19] DEBUG LTCPro.ServiceLayer.Log4net - ---Executing GetUserToken() in UserService----
2022-11-18 06:50:59,521 [34] DEBUG LTCPro.ServiceLayer.Log4net - ---Executed Successfully GetUserRecentFacNs() in UserController----
2022-11-18 06:50:59,526 [19] DEBUG LTCPro.ServiceLayer.Log4net - ---Executing GetUserAccessFacilityNurseStaions() in FacilityController----
2022-11-18 06:50:59,527 [19] DEBUG LTCPro.ServiceLayer.Log4net - ---Executing GetUserAccessFacilityNurseStaions() in FacilityService----
2022-11-18 06:50:59,537 [36] DEBUG LTCPro.ServiceLayer.Log4net - ---Executing GetUserToken() in UserService----
2022-11-18 06:50:59,544 [36] DEBUG LTCPro.ServiceLayer.Log4net - ---Executing GetUserAccessFacilityNurseStaions() in FacilityController----
2022-11-18 06:50:59,544 [36] DEBUG LTCPro.ServiceLayer.Log4net - ---Executing GetUserAccessFacilityNurseStaions() in FacilityService----
2022-11-18 06:50:59,547 [19] DEBUG LTCPro.ServiceLayer.Log4net - ---Executed Successfully GetUserAccessFacilityNurseStaions() in FacilityController----
2022-11-18 06:50:59,560 [36] DEBUG LTCPro.ServiceLayer.Log4net - ---Executed Successfully GetUserAccessFacilityNurseStaions() in FacilityController----
2022-11-18 06:50:59,695 [25] DEBUG LTCPro.ServiceLayer.Log4net - ---Executed Successfully GetPendingDosesList() in CommonController----
2022-11-18 06:50:59,707 [19] DEBUG LTCPro.ServiceLayer.Log4net - ---Executing GetUserToken() in UserService----
2022-11-18 06:50:59,713 [19] DEBUG LTCPro.ServiceLayer.Log4net - ---Executing UserNurseStationDrop() in FacilityController----
2022-11-18 06:50:59,713 [19] DEBUG LTCPro.ServiceLayer.Log4net - ---Executing UserNurseStationDrop() in FacilityService----
2022-11-18 06:50:59,720 [19] DEBUG LTCPro.ServiceLayer.Log4net - ---Executed Successfully UserNurseStationDrop() in FacilityController----
2022-11-18 06:50:59,752 [17] DEBUG LTCPro.ServiceLayer.Log4net - ---Executing GetUserToken() in UserService----
2022-11-18 06:50:59,763 [17] DEBUG LTCPro.ServiceLayer.Log4net - ---Executing GetCompanyToBedFlagByFacId() in FacilityController----
2022-11-18 06:50:59,763 [17] DEBUG LTCPro.ServiceLayer.Log4net - ---Executing GetCompanyToBedFlagByFacId() in FacilityService----
2022-11-18 06:50:59,785 [26] DEBUG LTCPro.ServiceLayer.Log4net - ---Executing GetUserToken() in UserService----
2022-11-18 06:50:59,801 [26] DEBUG LTCPro.ServiceLayer.Log4net - ---Executing GetResidentsByCompanyBed() in ResidentDemographicController----
2022-11-18 06:50:59,802 [26] DEBUG LTCPro.ServiceLayer.Log4net - ---Executing GetResidentsByCompanyBed() in ResidentDemographicService----
2022-11-18 06:50:59,894 [17] DEBUG LTCPro.ServiceLayer.Log4net - ---Executed Successfully GetCompanyToBedFlagByFacId() in FacilityController----
2022-11-18 06:50:59,943 [25] DEBUG LTCPro.ServiceLayer.Log4net - ---Executing GetUserToken() in UserService----
2022-11-18 06:50:59,950 [25] DEBUG LTCPro.ServiceLayer.Log4net - ---Executing GetNurseStationHierarchyDetailsbyNsId() in CompanyController----
2022-11-18 06:50:59,950 [25] DEBUG LTCPro.ServiceLayer.Log4net - ---Executing GetNurseStationHierarchyDetailsbyNsId() in CompanyService----
2022-11-18 06:50:59,956 [25] DEBUG LTCPro.ServiceLayer.Log4net - ---Executed Successfully GetNurseStationHierarchyDetailsbyNsId() in CompanyController----
2022-11-18 06:51:00,351 [29] DEBUG LTCPro.ServiceLayer.Log4net - ---Executed Successfully GetDueMARAlertData() in EmarController----
2022-11-18 06:51:00,532 [30] DEBUG LTCPro.ServiceLayer.Log4net - ---Executed Successfully GetOutboundErrorDetails() in CommonController----
2022-11-18 06:51:01,501 [26] DEBUG LTCPro.ServiceLayer.Log4net - ---Executed Successfully GetResidentsByCompanyBed() in ResidentDemographicController----
2022-11-18 06:51:45,001 [35] DEBUG LTCPro.ServiceLayer.Log4net - ---Executing GetUserToken() in UserService----
2022-11-18 06:51:45,012 [35] DEBUG LTCPro.ServiceLayer.Log4net - ---Executing GetAlertsDetails() in MailboxController----
2022-11-18 06:51:45,012 [35] DEBUG LTCPro.ServiceLayer.Log4net - ---Executing GetAlertsDetails() in MailboxService----
2022-11-18 06:51:45,012 [30] DEBUG LTCPro.ServiceLayer.Log4net - ---Executing GetUserToken() in UserService----
2022-11-18 06:51:45,024 [19] DEBUG LTCPro.ServiceLayer.Log4net - ---Executing GetUserToken() in UserService----
2022-11-18 06:51:45,025 [30] DEBUG LTCPro.ServiceLayer.Log4net - ---Executing GetReadMailsCount() in MailboxController----
2022-11-18 06:51:45,025 [30] DEBUG LTCPro.ServiceLayer.Log4net - ---Executing GetReadMailsCount() in MailboxService----
2022-11-18 06:51:45,111 [30] DEBUG LTCPro.ServiceLayer.Log4net - ---Executed successfully GetReadMailsCount() in MailboxController----
2022-11-18 06:51:45,111 [19] DEBUG LTCPro.ServiceLayer.Log4net - ---Executing GetDueMARAlertData() in EmarController----
2022-11-18 06:51:45,111 [19] DEBUG LTCPro.ServiceLayer.Log4net - ---Executing GetDueMARAlertData() in EmarService----
2022-11-18 06:51:45,112 [35] DEBUG LTCPro.ServiceLayer.Log4net - ---Executed successfully GetAlertsDetails() in MailboxController----
2022-11-18 06:51:45,113 [36] DEBUG LTCPro.ServiceLayer.Log4net - ---Executing GetUserToken() in UserService----
2022-11-18 06:51:45,118 [36] DEBUG LTCPro.ServiceLayer.Log4net - ---Executing GetUserPassedDueFlag() in UserController----
2022-11-18 06:51:45,118 [36] DEBUG LTCPro.ServiceLayer.Log4net - ---Executing GetUserPassedDueFlag() in UserService----
2022-11-18 06:51:45,124 [36] DEBUG LTCPro.ServiceLayer.Log4net - ---Executed Successfully GetUserPassedDueFlag() in UserController----
2022-11-18 06:51:45,131 [30] DEBUG LTCPro.ServiceLayer.Log4net - ---Executing GetUserToken() in UserService----
2022-11-18 06:51:45,131 [35] DEBUG LTCPro.ServiceLayer.Log4net - ---Executing GetUserToken() in UserService----
2022-11-18 06:51:45,144 [35] DEBUG LTCPro.ServiceLayer.Log4net - ---Executing GetOutboundErrorDetails() in CommonController----
2022-11-18 06:51:45,144 [35] DEBUG LTCPro.ServiceLayer.Log4net - ---Executing GetOutboundErrorDetails() in CommonService----
2022-11-18 06:51:45,144 [30] DEBUG LTCPro.ServiceLayer.Log4net - ---Executing GetPendingDosesList() in CommonController----
2022-11-18 06:51:45,144 [30] DEBUG LTCPro.ServiceLayer.Log4net - ---Executing GetPendingDosesList() in CommonService----
2022-11-18 06:51:45,151 [36] DEBUG LTCPro.ServiceLayer.Log4net - ---Executing GetUserToken() in UserService----
2022-11-18 06:51:45,159 [36] DEBUG LTCPro.ServiceLayer.Log4net - ---Executing InsertUserActivityDetails() in CompanyController----
2022-11-18 06:51:45,159 [36] DEBUG LTCPro.ServiceLayer.Log4net - ---Executing InsertUserActivityDetails() in UserActivityService----
2022-11-18 06:51:45,172 [36] DEBUG LTCPro.ServiceLayer.Log4net - ---Executed Successfully InsertUserActivityDetails() in CompanyController----
2022-11-18 06:51:45,192 [36] DEBUG LTCPro.ServiceLayer.Log4net - ---Executing GetUserToken() in UserService----
2022-11-18 06:51:45,192 [14] DEBUG LTCPro.ServiceLayer.Log4net - ---Executing GetUserToken() in UserService----
2022-11-18 06:51:45,199 [36] DEBUG LTCPro.ServiceLayer.Log4net - ---Executing GetUserRecentFacNs() in UserController----
2022-11-18 06:51:45,199 [36] DEBUG LTCPro.ServiceLayer.Log4net - ---Executing GetUserRecentFacNs() in UserService----
2022-11-18 06:51:45,200 [14] DEBUG LTCPro.ServiceLayer.Log4net - ---Executing GetUserRecentFacNs() in UserController----
2022-11-18 06:51:45,200 [14] DEBUG LTCPro.ServiceLayer.Log4net - ---Executing GetUserRecentFacNs() in UserService----
2022-11-18 06:51:45,211 [36] DEBUG LTCPro.ServiceLayer.Log4net - ---Executed Successfully GetUserRecentFacNs() in UserController----
2022-11-18 06:51:45,216 [14] DEBUG LTCPro.ServiceLayer.Log4net - ---Executed Successfully GetUserRecentFacNs() in UserController----
2022-11-18 06:51:45,237 [36] DEBUG LTCPro.ServiceLayer.Log4net - ---Executing GetUserToken() in UserService----
2022-11-18 06:51:45,239 [14] DEBUG LTCPro.ServiceLayer.Log4net - ---Executing GetUserToken() in UserService----
2022-11-18 06:51:45,245 [36] DEBUG LTCPro.ServiceLayer.Log4net - ---Executing GetUserAccessFacilityNurseStaions() in FacilityController----
2022-11-18 06:51:45,245 [36] DEBUG LTCPro.ServiceLayer.Log4net - ---Executing GetUserAccessFacilityNurseStaions() in FacilityService----
2022-11-18 06:51:45,248 [14] DEBUG LTCPro.ServiceLayer.Log4net - ---Executing GetUserAccessFacilityNurseStaions() in FacilityController----
2022-11-18 06:51:45,248 [14] DEBUG LTCPro.ServiceLayer.Log4net - ---Executing GetUserAccessFacilityNurseStaions() in FacilityService----
2022-11-18 06:51:45,255 [36] DEBUG LTCPro.ServiceLayer.Log4net - ---Executed Successfully GetUserAccessFacilityNurseStaions() in FacilityController----
2022-11-18 06:51:45,258 [14] DEBUG LTCPro.ServiceLayer.Log4net - ---Executed Successfully GetUserAccessFacilityNurseStaions() in FacilityController----
2022-11-18 06:51:45,287 [31] DEBUG LTCPro.ServiceLayer.Log4net - ---Executing GetUserToken() in UserService----
2022-11-18 06:51:45,297 [31] DEBUG LTCPro.ServiceLayer.Log4net - ---Executing UserNurseStationDrop() in FacilityController----
2022-11-18 06:51:45,297 [31] DEBUG LTCPro.ServiceLayer.Log4net - ---Executing UserNurseStationDrop() in FacilityService----
2022-11-18 06:51:45,304 [31] DEBUG LTCPro.ServiceLayer.Log4net - ---Executed Successfully UserNurseStationDrop() in FacilityController----
2022-11-18 06:51:45,328 [35] DEBUG LTCPro.ServiceLayer.Log4net - ---Executed Successfully GetOutboundErrorDetails() in CommonController----
2022-11-18 06:51:45,332 [30] DEBUG LTCPro.ServiceLayer.Log4net - ---Executed Successfully GetPendingDosesList() in CommonController----
2022-11-18 06:51:45,335 [15] DEBUG LTCPro.ServiceLayer.Log4net - ---Executing GetUserToken() in UserService----
2022-11-18 06:51:45,340 [15] DEBUG LTCPro.ServiceLayer.Log4net - ---Executing GetCompanyToBedFlagByFacId() in FacilityController----
2022-11-18 06:51:45,340 [15] DEBUG LTCPro.ServiceLayer.Log4net - ---Executing GetCompanyToBedFlagByFacId() in FacilityService----
2022-11-18 06:51:45,367 [31] DEBUG LTCPro.ServiceLayer.Log4net - ---Executing GetUserToken() in UserService----
2022-11-18 06:51:45,372 [31] DEBUG LTCPro.ServiceLayer.Log4net - ---Executing GetResidentsByCompanyBed() in ResidentDemographicController----
2022-11-18 06:51:45,372 [31] DEBUG LTCPro.ServiceLayer.Log4net - ---Executing GetResidentsByCompanyBed() in ResidentDemographicService----
2022-11-18 06:51:45,374 [15] DEBUG LTCPro.ServiceLayer.Log4net - ---Executed Successfully GetCompanyToBedFlagByFacId() in FacilityController----
2022-11-18 06:51:45,412 [36] DEBUG LTCPro.ServiceLayer.Log4net - ---Executing GetUserToken() in UserService----
2022-11-18 06:51:45,417 [36] DEBUG LTCPro.ServiceLayer.Log4net - ---Executing GetNurseStationHierarchyDetailsbyNsId() in CompanyController----
2022-11-18 06:51:45,417 [36] DEBUG LTCPro.ServiceLayer.Log4net - ---Executing GetNurseStationHierarchyDetailsbyNsId() in CompanyService----
2022-11-18 06:51:45,422 [36] DEBUG LTCPro.ServiceLayer.Log4net - ---Executed Successfully GetNurseStationHierarchyDetailsbyNsId() in CompanyController----
2022-11-18 06:51:45,941 [19] DEBUG LTCPro.ServiceLayer.Log4net - ---Executed Successfully GetDueMARAlertData() in EmarController----
2022-11-18 06:51:46,973 [31] DEBUG LTCPro.ServiceLayer.Log4net - ---Executed Successfully GetResidentsByCompanyBed() in ResidentDemographicController----
2022-11-18 06:51:48,215 [11] DEBUG LTCPro.ServiceLayer.Log4net - ---Executing GetUserToken() in UserService----
2022-11-18 06:51:48,223 [11] DEBUG LTCPro.ServiceLayer.Log4net - ---Executing InsertUserActivityDetails() in CompanyController----
2022-11-18 06:51:48,223 [11] DEBUG LTCPro.ServiceLayer.Log4net - ---Executing InsertUserActivityDetails() in UserActivityService----
2022-11-18 06:51:48,236 [11] DEBUG LTCPro.ServiceLayer.Log4net - ---Executed Successfully InsertUserActivityDetails() in CompanyController----
2022-11-18 06:51:48,251 [12] DEBUG LTCPro.ServiceLayer.Log4net - ---Executing GetUserToken() in UserService----
2022-11-18 06:51:48,252 [13] DEBUG LTCPro.ServiceLayer.Log4net - ---Executing GetUserToken() in UserService----
2022-11-18 06:51:48,263 [12] DEBUG LTCPro.ServiceLayer.Log4net - ---Executing GetFacilityNSResidentsDataByPId() in ResidentDemographicController----
2022-11-18 06:51:48,263 [12] DEBUG LTCPro.ServiceLayer.Log4net - ---Executing GetFacilityNSResidentsDataByPId() in ResidentDemographicService----
2022-11-18 06:51:48,275 [36] DEBUG LTCPro.ServiceLayer.Log4net - ---Executing GetUserToken() in UserService----
2022-11-18 06:51:48,275 [13] DEBUG LTCPro.ServiceLayer.Log4net - ---Executing GetResidentAdmitDischargeData() in ResidentDemographicController----
2022-11-18 06:51:48,275 [13] DEBUG LTCPro.ServiceLayer.Log4net - ---Executing GetResidentAdmitDischargeData() in ResidentDemographicService----
2022-11-18 06:51:48,279 [30] DEBUG LTCPro.ServiceLayer.Log4net - ---Executing GetUserToken() in UserService----
2022-11-18 06:51:48,310 [36] DEBUG LTCPro.ServiceLayer.Log4net - ---Executing GetResidentAdmitDischargeData() in ResidentDemographicController----
2022-11-18 06:51:48,311 [36] DEBUG LTCPro.ServiceLayer.Log4net - ---Executing GetResidentAdmitDischargeData() in ResidentDemographicService----
2022-11-18 06:51:48,315 [13] DEBUG LTCPro.ServiceLayer.Log4net - ---Executed Successfully GetResidentAdmitDischargeData() in ResidentDemographicController----
2022-11-18 06:51:48,316 [30] DEBUG LTCPro.ServiceLayer.Log4net - ---Executing InsertUserActivityDetails() in CompanyController----
2022-11-18 06:51:48,316 [30] DEBUG LTCPro.ServiceLayer.Log4net - ---Executing InsertUserActivityDetails() in UserActivityService----
2022-11-18 06:51:48,319 [11] DEBUG LTCPro.ServiceLayer.Log4net - ---Executing GetUserToken() in UserService----
2022-11-18 06:51:48,321 [36] DEBUG LTCPro.ServiceLayer.Log4net - ---Executed Successfully GetResidentAdmitDischargeData() in ResidentDemographicController----
2022-11-18 06:51:48,326 [11] DEBUG LTCPro.ServiceLayer.Log4net - ---Executing InsertUserActivityDetails() in CompanyController----
2022-11-18 06:51:48,326 [11] DEBUG LTCPro.ServiceLayer.Log4net - ---Executing InsertUserActivityDetails() in UserActivityService----
2022-11-18 06:51:48,346 [30] DEBUG LTCPro.ServiceLayer.Log4net - ---Executed Successfully InsertUserActivityDetails() in CompanyController----
2022-11-18 06:51:48,348 [11] DEBUG LTCPro.ServiceLayer.Log4net - ---Executed Successfully InsertUserActivityDetails() in CompanyController----
2022-11-18 06:51:48,378 [14] DEBUG LTCPro.ServiceLayer.Log4net - ---Executing GetUserToken() in UserService----
2022-11-18 06:51:48,424 [11] DEBUG LTCPro.ServiceLayer.Log4net - ---Executing GetUserToken() in UserService----
2022-11-18 06:51:48,440 [13] DEBUG LTCPro.ServiceLayer.Log4net - ---Executing GetUserToken() in UserService----
2022-11-18 06:51:48,443 [17] DEBUG LTCPro.ServiceLayer.Log4net - ---Executing GetUserToken() in UserService----
2022-11-18 06:51:48,466 [17] DEBUG LTCPro.ServiceLayer.Log4net - ---Executing GetResidentDiagnosisInfo() in ResidentDemographicController----
2022-11-18 06:51:48,466 [17] DEBUG LTCPro.ServiceLayer.Log4net - ---Executing GetResidentDiagnosisInfo() in DiagnosisInfoService----
2022-11-18 06:51:48,467 [11] DEBUG LTCPro.ServiceLayer.Log4net - ---Executing GetResidentAllergies() in ResidentDemographicController----
2022-11-18 06:51:48,467 [11] DEBUG LTCPro.ServiceLayer.Log4net - ---Executing GetResidentAllergies() in AllergyInfoService----
2022-11-18 06:51:48,467 [13] DEBUG LTCPro.ServiceLayer.Log4net - ---Executing GetResidentInformation() in ResidentDemographicController----
2022-11-18 06:51:48,467 [13] DEBUG LTCPro.ServiceLayer.Log4net - ---Executing GetResidentInformation() in ResidentDemographicService----
2022-11-18 06:51:48,469 [12] DEBUG LTCPro.ServiceLayer.Log4net - ---Executed Successfully GetFacilityNSResidentsDataByPId() in ResidentDemographicController----
2022-11-18 06:51:48,469 [14] DEBUG LTCPro.ServiceLayer.Log4net - ---Executing InsertUserActivityDetails() in CompanyController----
2022-11-18 06:51:48,469 [14] DEBUG LTCPro.ServiceLayer.Log4net - ---Executing InsertUserActivityDetails() in UserActivityService----
2022-11-18 06:51:48,473 [17] DEBUG LTCPro.ServiceLayer.Log4net - ---Executed Successfully GetResidentDiagnosisInfo() in ResidentDemographicController----
2022-11-18 06:51:48,475 [11] DEBUG LTCPro.ServiceLayer.Log4net - ---Executed Successfully GetResidentAllergies() in ResidentDemographicController----
2022-11-18 06:51:48,481 [14] DEBUG LTCPro.ServiceLayer.Log4net - ---Executed Successfully InsertUserActivityDetails() in CompanyController----
2022-11-18 06:51:48,529 [31] DEBUG LTCPro.ServiceLayer.Log4net - ---Executing GetUserToken() in UserService----
2022-11-18 06:51:48,534 [31] DEBUG LTCPro.ServiceLayer.Log4net - ---Executing GetResidentInformation() in ResidentDemographicController----
2022-11-18 06:51:48,534 [31] DEBUG LTCPro.ServiceLayer.Log4net - ---Executing GetResidentInformation() in ResidentDemographicService----
2022-11-18 06:51:48,618 [13] DEBUG LTCPro.ServiceLayer.Log4net - ---Executed Successfully GetResidentInformation() in ResidentDemographicController----
2022-11-18 06:51:48,674 [31] DEBUG LTCPro.ServiceLayer.Log4net - ---Executed Successfully GetResidentInformation() in ResidentDemographicController----
2022-11-18 06:51:48,723 [30] DEBUG LTCPro.ServiceLayer.Log4net - ---Executing GetUserToken() in UserService----
2022-11-18 06:51:48,723 [36] DEBUG LTCPro.ServiceLayer.Log4net - ---Executing GetUserToken() in UserService----
2022-11-18 06:51:48,726 [19] DEBUG LTCPro.ServiceLayer.Log4net - ---Executing GetUserToken() in UserService----
2022-11-18 06:51:48,748 [36] DEBUG LTCPro.ServiceLayer.Log4net - ---Executing GetResidentAllergies() in ResidentDemographicController----
2022-11-18 06:51:48,748 [36] DEBUG LTCPro.ServiceLayer.Log4net - ---Executing GetResidentAllergies() in AllergyInfoService----
2022-11-18 06:51:48,749 [35] DEBUG LTCPro.ServiceLayer.Log4net - ---Executing GetUserToken() in UserService----
2022-11-18 06:51:48,751 [30] DEBUG LTCPro.ServiceLayer.Log4net - ---Executing GetResidentAdmitDischargeData() in ResidentDemographicController----
2022-11-18 06:51:48,751 [30] DEBUG LTCPro.ServiceLayer.Log4net - ---Executing GetResidentAdmitDischargeData() in ResidentDemographicService----
2022-11-18 06:51:48,756 [36] DEBUG LTCPro.ServiceLayer.Log4net - ---Executed Successfully GetResidentAllergies() in ResidentDemographicController----
2022-11-18 06:51:48,760 [35] DEBUG LTCPro.ServiceLayer.Log4net - ---Executing GetResidentDiagnosisInfo() in ResidentDemographicController----
2022-11-18 06:51:48,760 [35] DEBUG LTCPro.ServiceLayer.Log4net - ---Executing GetResidentDiagnosisInfo() in DiagnosisInfoService----
2022-11-18 06:51:48,768 [30] DEBUG LTCPro.ServiceLayer.Log4net - ---Executed Successfully GetResidentAdmitDischargeData() in ResidentDemographicController----
2022-11-18 06:51:48,769 [35] DEBUG LTCPro.ServiceLayer.Log4net - ---Executed Successfully GetResidentDiagnosisInfo() in ResidentDemographicController----
2022-11-18 06:51:48,771 [19] DEBUG LTCPro.ServiceLayer.Log4net - ---Executing GetResidentInformation() in ResidentDemographicController----
2022-11-18 06:51:48,771 [19] DEBUG LTCPro.ServiceLayer.Log4net - ---Executing GetResidentInformation() in ResidentDemographicService----
2022-11-18 06:51:48,792 [15] DEBUG LTCPro.ServiceLayer.Log4net - ---Executing GetUserToken() in UserService----
2022-11-18 06:51:48,798 [15] DEBUG LTCPro.ServiceLayer.Log4net - ---Executing GetPatientTypeByID() in CommonController----
2022-11-18 06:51:48,798 [15] DEBUG LTCPro.ServiceLayer.Log4net - ---Executing GetPatientTypeDrop() in CommonService----
2022-11-18 06:51:48,827 [15] DEBUG LTCPro.ServiceLayer.Log4net - ---Executed Successfully GetPatientTypeDrop() in CommonController----
2022-11-18 06:51:48,875 [19] DEBUG LTCPro.ServiceLayer.Log4net - ---Executed Successfully GetResidentInformation() in ResidentDemographicController----
2022-11-18 06:51:48,882 [36] DEBUG LTCPro.ServiceLayer.Log4net - ---Executing GetUserToken() in UserService----
2022-11-18 06:51:48,887 [36] DEBUG LTCPro.ServiceLayer.Log4net - ---Executing GetAllPatientTypesByPId() in ResidentDemographicController----
2022-11-18 06:51:48,887 [36] DEBUG LTCPro.ServiceLayer.Log4net - ---Executing GetAllPatientTypesByPId() in EmarService----
2022-11-18 06:51:48,892 [36] DEBUG LTCPro.ServiceLayer.Log4net - ---Executed Successfully GetAllPatientTypesByPId() in ResidentDemographicController----
2022-11-18 06:51:50,646 [36] DEBUG LTCPro.ServiceLayer.Log4net - ---Executing GetUserToken() in UserService----
2022-11-18 06:51:50,652 [36] DEBUG LTCPro.ServiceLayer.Log4net - ---Executing GetOutboundHLSevenConfigs() in HLSevenSegmentController----
2022-11-18 06:51:50,652 [36] DEBUG LTCPro.ServiceLayer.Log4net - ---Executing GetOutboundHLSevenConfigs() in HLSevenSegmentService----
2022-11-18 06:51:50,660 [36] DEBUG LTCPro.ServiceLayer.Log4net - ---Executed Successfully GetOutboundHLSevenConfigs() in HLSevenSegmentController----
2022-11-18 06:51:50,708 [30] DEBUG LTCPro.ServiceLayer.Log4net - ---Executing GetUserToken() in UserService----
2022-11-18 06:51:50,714 [30] DEBUG LTCPro.ServiceLayer.Log4net - ---Executing UserFacilityDrop() in FacilityController----
2022-11-18 06:51:50,714 [30] DEBUG LTCPro.ServiceLayer.Log4net - ---Executing UserFacilityDrop() in FacilityService----
2022-11-18 06:51:50,720 [30] DEBUG LTCPro.ServiceLayer.Log4net - ---Executed Successfully UserFacilityDrop() in FacilityController----
2022-11-18 06:51:50,736 [19] DEBUG LTCPro.ServiceLayer.Log4net - ---Executing GetUserToken() in UserService----
2022-11-18 06:51:50,742 [19] DEBUG LTCPro.ServiceLayer.Log4net - ---Executing GetResidentAdmitvisitInfoData() in ResidentDemographicController----
2022-11-18 06:51:50,742 [19] DEBUG LTCPro.ServiceLayer.Log4net - ---Executing  VisitInfoEntity()  in GetResidentAdmitvisitInfoData----
2022-11-18 06:51:50,755 [19] DEBUG LTCPro.ServiceLayer.Log4net - ---Executed Successfully GetResidentAdmitvisitInfoData() in ResidentDemographicController----
2022-11-18 06:51:50,772 [11] DEBUG LTCPro.ServiceLayer.Log4net - ---Executing GetUserToken() in UserService----
2022-11-18 06:51:50,775 [19] DEBUG LTCPro.ServiceLayer.Log4net - ---Executing GetUserToken() in UserService----
2022-11-18 06:51:50,778 [11] DEBUG LTCPro.ServiceLayer.Log4net - ---Executing UserFacilityDrop() in FacilityController----
2022-11-18 06:51:50,778 [11] DEBUG LTCPro.ServiceLayer.Log4net - ---Executing UserFacilityDrop() in FacilityService----
2022-11-18 06:51:50,792 [19] DEBUG LTCPro.ServiceLayer.Log4net - ---Executing GetCompanyToBedFlagByFacId() in FacilityController----
2022-11-18 06:51:50,792 [19] DEBUG LTCPro.ServiceLayer.Log4net - ---Executing GetCompanyToBedFlagByFacId() in FacilityService----
2022-11-18 06:51:50,796 [11] DEBUG LTCPro.ServiceLayer.Log4net - ---Executed Successfully UserFacilityDrop() in FacilityController----
2022-11-18 06:51:50,824 [19] DEBUG LTCPro.ServiceLayer.Log4net - ---Executed Successfully GetCompanyToBedFlagByFacId() in FacilityController----
2022-11-18 06:51:50,845 [36] DEBUG LTCPro.ServiceLayer.Log4net - ---Executing GetUserToken() in UserService----
2022-11-18 06:51:50,851 [36] DEBUG LTCPro.ServiceLayer.Log4net - ---Executing UserNurseStationDrop() in FacilityController----
2022-11-18 06:51:50,851 [36] DEBUG LTCPro.ServiceLayer.Log4net - ---Executing UserNurseStationDrop() in FacilityService----
2022-11-18 06:51:50,858 [36] DEBUG LTCPro.ServiceLayer.Log4net - ---Executed Successfully UserNurseStationDrop() in FacilityController----
2022-11-18 06:51:50,867 [35] DEBUG LTCPro.ServiceLayer.Log4net - ---Executing GetUserToken() in UserService----
2022-11-18 06:51:50,872 [35] DEBUG LTCPro.ServiceLayer.Log4net - ---Executing GetNurseStationHierarchyDetailsbyNsId() in CompanyController----
2022-11-18 06:51:50,872 [35] DEBUG LTCPro.ServiceLayer.Log4net - ---Executing GetNurseStationHierarchyDetailsbyNsId() in CompanyService----
2022-11-18 06:51:50,877 [35] DEBUG LTCPro.ServiceLayer.Log4net - ---Executed Successfully GetNurseStationHierarchyDetailsbyNsId() in CompanyController----
2022-11-18 06:53:19,149 [14] DEBUG LTCPro.ServiceLayer.Log4net - ---Executing GetUserToken() in UserService----
2022-11-18 06:53:19,155 [14] DEBUG LTCPro.ServiceLayer.Log4net - ---Executing InsertResidentVisitInfo() in AdminApprovalController----
2022-11-18 06:53:19,155 [14] DEBUG LTCPro.ServiceLayer.Log4net - ---Executing InsertResidentVisitInfo() in AdminApprovalService----
2022-11-18 06:53:19,280 [14] DEBUG LTCPro.ServiceLayer.Log4net - ---Executing GenerateOutboundFile() Discharge in AdminApprovalService----
2022-11-18 06:53:19,289 [14] DEBUG LTCPro.ServiceLayer.Log4net - ---Generating OutboundFile Discharge in AdminApprovalService----
2022-11-18 06:53:19,323 [14] DEBUG LTCPro.ServiceLayer.Log4net - ---Generated OutboundFile Download Start D:/Promantra/OutboundLive/Pending//Discharge_11182022052233.hl7 in AdminApprovalService----
2022-11-18 06:53:19,324 [14] DEBUG LTCPro.ServiceLayer.Log4net - ---Generated OutboundFile Download Completed D:/Promantra/OutboundLive/Pending//Discharge_11182022052233.hl7 in AdminApprovalService----
2022-11-18 06:53:19,324 [14] DEBUG LTCPro.ServiceLayer.Log4net - ---Executed GenerateOutboundFile() Discharge in AdminApprovalService----
2022-11-18 06:53:19,478 [14] DEBUG LTCPro.ServiceLayer.Log4net - ---Executed Successfully InsertResidentVisitInfo() in AdminApprovalController----
2022-11-18 06:53:19,586 [13] DEBUG LTCPro.ServiceLayer.Log4net - ---Executing GetUserToken() in UserService----
2022-11-18 06:53:19,599 [13] DEBUG LTCPro.ServiceLayer.Log4net - ---Executing GetApprovalFlag() in CompanyController----
2022-11-18 06:53:19,599 [13] DEBUG LTCPro.ServiceLayer.Log4net - ---Executing GetApprovalFlag() in CompanyService----
2022-11-18 06:53:19,687 [26] DEBUG LTCPro.ServiceLayer.Log4net - ---Executing GetUserToken() in UserService----
2022-11-18 06:53:19,687 [14] DEBUG LTCPro.ServiceLayer.Log4net - ---Executing GetUserToken() in UserService----
2022-11-18 06:53:19,692 [14] DEBUG LTCPro.ServiceLayer.Log4net - ---Executing GetFacilityNSResidentsDataByPId() in ResidentDemographicController----
2022-11-18 06:53:19,692 [14] DEBUG LTCPro.ServiceLayer.Log4net - ---Executing GetFacilityNSResidentsDataByPId() in ResidentDemographicService----
2022-11-18 06:53:19,694 [26] DEBUG LTCPro.ServiceLayer.Log4net - ---Executing GetResidentAdmitDischargeData() in ResidentDemographicController----
2022-11-18 06:53:19,694 [26] DEBUG LTCPro.ServiceLayer.Log4net - ---Executing GetResidentAdmitDischargeData() in ResidentDemographicService----
2022-11-18 06:53:19,701 [26] DEBUG LTCPro.ServiceLayer.Log4net - ---Executed Successfully GetResidentAdmitDischargeData() in ResidentDemographicController----
2022-11-18 06:53:19,729 [14] DEBUG LTCPro.ServiceLayer.Log4net - ---Executed Successfully GetFacilityNSResidentsDataByPId() in ResidentDemographicController----
2022-11-18 06:53:19,778 [13] DEBUG LTCPro.ServiceLayer.Log4net - ---Executing GetUserToken() in UserService----
2022-11-18 06:53:19,783 [13] DEBUG LTCPro.ServiceLayer.Log4net - ---Executing GetResidentInformation() in ResidentDemographicController----
2022-11-18 06:53:19,783 [13] DEBUG LTCPro.ServiceLayer.Log4net - ---Executing GetResidentInformation() in ResidentDemographicService----
2022-11-18 06:53:19,877 [13] DEBUG LTCPro.ServiceLayer.Log4net - ---Executed Successfully GetResidentInformation() in ResidentDemographicController----
2022-11-18 06:53:19,955 [13] DEBUG LTCPro.ServiceLayer.Log4net - ---Executing GetUserToken() in UserService----
2022-11-18 06:53:19,955 [26] DEBUG LTCPro.ServiceLayer.Log4net - ---Executing GetUserToken() in UserService----
2022-11-18 06:53:19,965 [12] DEBUG LTCPro.ServiceLayer.Log4net - ---Executing GetUserToken() in UserService----
2022-11-18 06:53:19,965 [8] DEBUG LTCPro.ServiceLayer.Log4net - ---Executing GetUserToken() in UserService----
2022-11-18 06:53:19,967 [26] DEBUG LTCPro.ServiceLayer.Log4net - ---Executing GetResidentAllergies() in ResidentDemographicController----
2022-11-18 06:53:19,967 [26] DEBUG LTCPro.ServiceLayer.Log4net - ---Executing GetResidentAllergies() in AllergyInfoService----
2022-11-18 06:53:19,967 [13] DEBUG LTCPro.ServiceLayer.Log4net - ---Executing GetPatientTypeByID() in CommonController----
2022-11-18 06:53:19,967 [13] DEBUG LTCPro.ServiceLayer.Log4net - ---Executing GetPatientTypeDrop() in CommonService----
2022-11-18 06:53:19,972 [12] DEBUG LTCPro.ServiceLayer.Log4net - ---Executing GetResidentInformation() in ResidentDemographicController----
2022-11-18 06:53:19,972 [12] DEBUG LTCPro.ServiceLayer.Log4net - ---Executing GetResidentInformation() in ResidentDemographicService----
2022-11-18 06:53:19,974 [26] DEBUG LTCPro.ServiceLayer.Log4net - ---Executed Successfully GetResidentAllergies() in ResidentDemographicController----
2022-11-18 06:53:19,975 [8] DEBUG LTCPro.ServiceLayer.Log4net - ---Executing GetResidentAdmitDischargeData() in ResidentDemographicController----
2022-11-18 06:53:19,976 [8] DEBUG LTCPro.ServiceLayer.Log4net - ---Executing GetResidentAdmitDischargeData() in ResidentDemographicService----
2022-11-18 06:53:19,987 [8] DEBUG LTCPro.ServiceLayer.Log4net - ---Executed Successfully GetResidentAdmitDischargeData() in ResidentDemographicController----
2022-11-18 06:53:20,077 [26] DEBUG LTCPro.ServiceLayer.Log4net - ---Executing GetUserToken() in UserService----
2022-11-18 06:53:20,105 [13] DEBUG LTCPro.ServiceLayer.Log4net - ---Executed Successfully GetPatientTypeDrop() in CommonController----
2022-11-18 06:53:20,105 [26] DEBUG LTCPro.ServiceLayer.Log4net - ---Executing GetResidentDiagnosisInfo() in ResidentDemographicController----
2022-11-18 06:53:20,110 [26] DEBUG LTCPro.ServiceLayer.Log4net - ---Executing GetResidentDiagnosisInfo() in DiagnosisInfoService----
2022-11-18 06:53:20,144 [26] DEBUG LTCPro.ServiceLayer.Log4net - ---Executed Successfully GetResidentDiagnosisInfo() in ResidentDemographicController----
2022-11-18 06:53:20,280 [8] DEBUG LTCPro.ServiceLayer.Log4net - ---Executing GetUserToken() in UserService----
2022-11-18 06:53:20,289 [8] DEBUG LTCPro.ServiceLayer.Log4net - ---Executing GetAllPatientTypesByPId() in ResidentDemographicController----
2022-11-18 06:53:20,289 [8] DEBUG LTCPro.ServiceLayer.Log4net - ---Executing GetAllPatientTypesByPId() in EmarService----
2022-11-18 06:53:20,294 [12] DEBUG LTCPro.ServiceLayer.Log4net - ---Executed Successfully GetResidentInformation() in ResidentDemographicController----
2022-11-18 06:53:20,296 [8] DEBUG LTCPro.ServiceLayer.Log4net - ---Executed Successfully GetAllPatientTypesByPId() in ResidentDemographicController----
2022-11-18 06:53:33,548 [13] DEBUG LTCPro.ServiceLayer.Log4net - ---Executing GetUserToken() in UserService----
2022-11-18 06:53:33,550 [8] DEBUG LTCPro.ServiceLayer.Log4net - ---Executing GetUserToken() in UserService----
2022-11-18 06:53:33,558 [26] DEBUG LTCPro.ServiceLayer.Log4net - ---Executing GetUserToken() in UserService----
2022-11-18 06:53:33,567 [8] DEBUG LTCPro.ServiceLayer.Log4net - ---Executing GetAlertsDetails() in MailboxController----
2022-11-18 06:53:33,567 [8] DEBUG LTCPro.ServiceLayer.Log4net - ---Executing GetAlertsDetails() in MailboxService----
2022-11-18 06:53:33,571 [26] DEBUG LTCPro.ServiceLayer.Log4net - ---Executing GetReadMailsCount() in MailboxController----
2022-11-18 06:53:33,571 [26] DEBUG LTCPro.ServiceLayer.Log4net - ---Executing GetReadMailsCount() in MailboxService----
2022-11-18 06:53:33,577 [13] DEBUG LTCPro.ServiceLayer.Log4net - ---Executing GetUserPassedDueFlag() in UserController----
2022-11-18 06:53:33,577 [13] DEBUG LTCPro.ServiceLayer.Log4net - ---Executing GetUserPassedDueFlag() in UserService----
2022-11-18 06:53:33,582 [26] DEBUG LTCPro.ServiceLayer.Log4net - ---Executed successfully GetReadMailsCount() in MailboxController----
2022-11-18 06:53:33,586 [13] DEBUG LTCPro.ServiceLayer.Log4net - ---Executed Successfully GetUserPassedDueFlag() in UserController----
2022-11-18 06:53:33,595 [17] DEBUG LTCPro.ServiceLayer.Log4net - ---Executing GetUserToken() in UserService----
2022-11-18 06:53:33,602 [7] DEBUG LTCPro.ServiceLayer.Log4net - ---Executing GetUserToken() in UserService----
2022-11-18 06:53:33,608 [17] DEBUG LTCPro.ServiceLayer.Log4net - ---Executing GetDueMARAlertData() in EmarController----
2022-11-18 06:53:33,608 [17] DEBUG LTCPro.ServiceLayer.Log4net - ---Executing GetDueMARAlertData() in EmarService----
2022-11-18 06:53:33,612 [7] DEBUG LTCPro.ServiceLayer.Log4net - ---Executing GetOutboundErrorDetails() in CommonController----
2022-11-18 06:53:33,612 [7] DEBUG LTCPro.ServiceLayer.Log4net - ---Executing GetOutboundErrorDetails() in CommonService----
2022-11-18 06:53:33,625 [12] DEBUG LTCPro.ServiceLayer.Log4net - ---Executing GetUserToken() in UserService----
2022-11-18 06:53:33,644 [41] DEBUG LTCPro.ServiceLayer.Log4net - ---Executing GetUserToken() in UserService----
2022-11-18 06:53:33,651 [8] DEBUG LTCPro.ServiceLayer.Log4net - ---Executed successfully GetAlertsDetails() in MailboxController----
2022-11-18 06:53:33,655 [37] DEBUG LTCPro.ServiceLayer.Log4net - ---Executing GetUserToken() in UserService----
2022-11-18 06:53:33,658 [41] DEBUG LTCPro.ServiceLayer.Log4net - ---Executing GetUserRecentFacNs() in UserController----
2022-11-18 06:53:33,658 [41] DEBUG LTCPro.ServiceLayer.Log4net - ---Executing GetUserRecentFacNs() in UserService----
2022-11-18 06:53:33,659 [12] DEBUG LTCPro.ServiceLayer.Log4net - ---Executing GetUserRecentFacNs() in UserController----
2022-11-18 06:53:33,659 [12] DEBUG LTCPro.ServiceLayer.Log4net - ---Executing GetUserRecentFacNs() in UserService----
2022-11-18 06:53:33,673 [37] DEBUG LTCPro.ServiceLayer.Log4net - ---Executing GetPendingDosesList() in CommonController----
2022-11-18 06:53:33,673 [37] DEBUG LTCPro.ServiceLayer.Log4net - ---Executing GetPendingDosesList() in CommonService----
2022-11-18 06:53:33,673 [41] DEBUG LTCPro.ServiceLayer.Log4net - ---Executed Successfully GetUserRecentFacNs() in UserController----
2022-11-18 06:53:33,688 [12] DEBUG LTCPro.ServiceLayer.Log4net - ---Executed Successfully GetUserRecentFacNs() in UserController----
2022-11-18 06:53:33,705 [8] DEBUG LTCPro.ServiceLayer.Log4net - ---Executing GetUserToken() in UserService----
2022-11-18 06:53:33,710 [12] DEBUG LTCPro.ServiceLayer.Log4net - ---Executing GetUserToken() in UserService----
2022-11-18 06:53:33,710 [5] DEBUG LTCPro.ServiceLayer.Log4net - ---Executing GetUserToken() in UserService----
2022-11-18 06:53:33,715 [8] DEBUG LTCPro.ServiceLayer.Log4net - ---Executing InsertUserActivityDetails() in CompanyController----
2022-11-18 06:53:33,715 [8] DEBUG LTCPro.ServiceLayer.Log4net - ---Executing InsertUserActivityDetails() in UserActivityService----
2022-11-18 06:53:33,719 [12] DEBUG LTCPro.ServiceLayer.Log4net - ---Executing GetUserAccessFacilityNurseStaions() in FacilityController----
2022-11-18 06:53:33,719 [12] DEBUG LTCPro.ServiceLayer.Log4net - ---Executing GetUserAccessFacilityNurseStaions() in FacilityService----
2022-11-18 06:53:33,726 [8] DEBUG LTCPro.ServiceLayer.Log4net - ---Executed Successfully InsertUserActivityDetails() in CompanyController----
2022-11-18 06:53:33,732 [5] DEBUG LTCPro.ServiceLayer.Log4net - ---Executing GetUserAccessFacilityNurseStaions() in FacilityController----
2022-11-18 06:53:33,732 [5] DEBUG LTCPro.ServiceLayer.Log4net - ---Executing GetUserAccessFacilityNurseStaions() in FacilityService----
2022-11-18 06:53:33,739 [12] DEBUG LTCPro.ServiceLayer.Log4net - ---Executed Successfully GetUserAccessFacilityNurseStaions() in FacilityController----
2022-11-18 06:53:33,744 [5] DEBUG LTCPro.ServiceLayer.Log4net - ---Executed Successfully GetUserAccessFacilityNurseStaions() in FacilityController----
2022-11-18 06:53:33,774 [14] DEBUG LTCPro.ServiceLayer.Log4net - ---Executing GetUserToken() in UserService----
2022-11-18 06:53:33,779 [14] DEBUG LTCPro.ServiceLayer.Log4net - ---Executing UserNurseStationDrop() in FacilityController----
2022-11-18 06:53:33,779 [14] DEBUG LTCPro.ServiceLayer.Log4net - ---Executing UserNurseStationDrop() in FacilityService----
2022-11-18 06:53:33,786 [14] DEBUG LTCPro.ServiceLayer.Log4net - ---Executed Successfully UserNurseStationDrop() in FacilityController----
2022-11-18 06:53:33,821 [14] DEBUG LTCPro.ServiceLayer.Log4net - ---Executing GetUserToken() in UserService----
2022-11-18 06:53:33,831 [14] DEBUG LTCPro.ServiceLayer.Log4net - ---Executing GetCompanyToBedFlagByFacId() in FacilityController----
2022-11-18 06:53:33,831 [14] DEBUG LTCPro.ServiceLayer.Log4net - ---Executing GetCompanyToBedFlagByFacId() in FacilityService----
2022-11-18 06:53:33,840 [7] DEBUG LTCPro.ServiceLayer.Log4net - ---Executed Successfully GetOutboundErrorDetails() in CommonController----
2022-11-18 06:53:33,853 [37] DEBUG LTCPro.ServiceLayer.Log4net - ---Executed Successfully GetPendingDosesList() in CommonController----
2022-11-18 06:53:33,874 [18] DEBUG LTCPro.ServiceLayer.Log4net - ---Executing GetUserToken() in UserService----
2022-11-18 06:53:33,876 [14] DEBUG LTCPro.ServiceLayer.Log4net - ---Executed Successfully GetCompanyToBedFlagByFacId() in FacilityController----
2022-11-18 06:53:33,880 [18] DEBUG LTCPro.ServiceLayer.Log4net - ---Executing GetResidentsByCompanyBed() in ResidentDemographicController----
2022-11-18 06:53:33,880 [18] DEBUG LTCPro.ServiceLayer.Log4net - ---Executing GetResidentsByCompanyBed() in ResidentDemographicService----
2022-11-18 06:53:33,957 [13] DEBUG LTCPro.ServiceLayer.Log4net - ---Executing GetUserToken() in UserService----
2022-11-18 06:53:33,962 [13] DEBUG LTCPro.ServiceLayer.Log4net - ---Executing GetNurseStationHierarchyDetailsbyNsId() in CompanyController----
2022-11-18 06:53:33,962 [13] DEBUG LTCPro.ServiceLayer.Log4net - ---Executing GetNurseStationHierarchyDetailsbyNsId() in CompanyService----
2022-11-18 06:53:33,969 [13] DEBUG LTCPro.ServiceLayer.Log4net - ---Executed Successfully GetNurseStationHierarchyDetailsbyNsId() in CompanyController----
2022-11-18 06:53:34,370 [17] DEBUG LTCPro.ServiceLayer.Log4net - ---Executed Successfully GetDueMARAlertData() in EmarController----
2022-11-18 06:53:35,409 [18] DEBUG LTCPro.ServiceLayer.Log4net - ---Executed Successfully GetResidentsByCompanyBed() in ResidentDemographicController----
2022-11-18 06:54:00,061 [38] DEBUG LTCPro.ServiceLayer.Log4net - ---Executing GetUserToken() in UserService----
2022-11-18 06:54:00,112 [41] DEBUG LTCPro.ServiceLayer.Log4net - ---Executing GetUserToken() in UserService----
2022-11-18 06:54:00,113 [40] DEBUG LTCPro.ServiceLayer.Log4net - ---Executing GetUserToken() in UserService----
2022-11-18 06:54:00,129 [41] DEBUG LTCPro.ServiceLayer.Log4net - ---Executing GetResidentAdmitDischargeData() in ResidentDemographicController----
2022-11-18 06:54:00,129 [41] DEBUG LTCPro.ServiceLayer.Log4net - ---Executing GetResidentAdmitDischargeData() in ResidentDemographicService----
2022-11-18 06:54:00,130 [38] DEBUG LTCPro.ServiceLayer.Log4net - ---Executing InsertUserActivityDetails() in CompanyController----
2022-11-18 06:54:00,130 [38] DEBUG LTCPro.ServiceLayer.Log4net - ---Executing InsertUserActivityDetails() in UserActivityService----
2022-11-18 06:54:00,135 [40] DEBUG LTCPro.ServiceLayer.Log4net - ---Executing GetFacilityNSResidentsDataByPId() in ResidentDemographicController----
2022-11-18 06:54:00,135 [40] DEBUG LTCPro.ServiceLayer.Log4net - ---Executing GetFacilityNSResidentsDataByPId() in ResidentDemographicService----
2022-11-18 06:54:00,139 [41] DEBUG LTCPro.ServiceLayer.Log4net - ---Executed Successfully GetResidentAdmitDischargeData() in ResidentDemographicController----
2022-11-18 06:54:00,145 [37] DEBUG LTCPro.ServiceLayer.Log4net - ---Executing GetUserToken() in UserService----
2022-11-18 06:54:00,160 [39] DEBUG LTCPro.ServiceLayer.Log4net - ---Executing GetUserToken() in UserService----
2022-11-18 06:54:00,173 [39] DEBUG LTCPro.ServiceLayer.Log4net - ---Executing InsertUserActivityDetails() in CompanyController----
2022-11-18 06:54:00,173 [39] DEBUG LTCPro.ServiceLayer.Log4net - ---Executing InsertUserActivityDetails() in UserActivityService----
2022-11-18 06:54:00,175 [38] DEBUG LTCPro.ServiceLayer.Log4net - ---Executed Successfully InsertUserActivityDetails() in CompanyController----
2022-11-18 06:54:00,177 [37] DEBUG LTCPro.ServiceLayer.Log4net - ---Executing GetResidentAdmitDischargeData() in ResidentDemographicController----
2022-11-18 06:54:00,177 [37] DEBUG LTCPro.ServiceLayer.Log4net - ---Executing GetResidentAdmitDischargeData() in ResidentDemographicService----
2022-11-18 06:54:00,188 [37] DEBUG LTCPro.ServiceLayer.Log4net - ---Executed Successfully GetResidentAdmitDischargeData() in ResidentDemographicController----
2022-11-18 06:54:00,196 [38] DEBUG LTCPro.ServiceLayer.Log4net - ---Executing GetUserToken() in UserService----
2022-11-18 06:54:00,201 [41] DEBUG LTCPro.ServiceLayer.Log4net - ---Executing GetUserToken() in UserService----
2022-11-18 06:54:00,203 [39] DEBUG LTCPro.ServiceLayer.Log4net - ---Executed Successfully InsertUserActivityDetails() in CompanyController----
2022-11-18 06:54:00,212 [38] DEBUG LTCPro.ServiceLayer.Log4net - ---Executing InsertUserActivityDetails() in CompanyController----
2022-11-18 06:54:00,212 [38] DEBUG LTCPro.ServiceLayer.Log4net - ---Executing InsertUserActivityDetails() in UserActivityService----
2022-11-18 06:54:00,212 [41] DEBUG LTCPro.ServiceLayer.Log4net - ---Executing InsertUserActivityDetails() in CompanyController----
2022-11-18 06:54:00,212 [41] DEBUG LTCPro.ServiceLayer.Log4net - ---Executing InsertUserActivityDetails() in UserActivityService----
2022-11-18 06:54:00,220 [40] DEBUG LTCPro.ServiceLayer.Log4net - ---Executed Successfully GetFacilityNSResidentsDataByPId() in ResidentDemographicController----
2022-11-18 06:54:00,221 [38] DEBUG LTCPro.ServiceLayer.Log4net - ---Executed Successfully InsertUserActivityDetails() in CompanyController----
2022-11-18 06:54:00,221 [41] DEBUG LTCPro.ServiceLayer.Log4net - ---Executed Successfully InsertUserActivityDetails() in CompanyController----
2022-11-18 06:54:00,253 [37] DEBUG LTCPro.ServiceLayer.Log4net - ---Executing GetUserToken() in UserService----
2022-11-18 06:54:00,256 [39] DEBUG LTCPro.ServiceLayer.Log4net - ---Executing GetUserToken() in UserService----
2022-11-18 06:54:00,264 [37] DEBUG LTCPro.ServiceLayer.Log4net - ---Executing GetResidentInformation() in ResidentDemographicController----
2022-11-18 06:54:00,264 [37] DEBUG LTCPro.ServiceLayer.Log4net - ---Executing GetResidentInformation() in ResidentDemographicService----
2022-11-18 06:54:00,265 [39] DEBUG LTCPro.ServiceLayer.Log4net - ---Executing GetResidentAllergies() in ResidentDemographicController----
2022-11-18 06:54:00,266 [39] DEBUG LTCPro.ServiceLayer.Log4net - ---Executing GetResidentAllergies() in AllergyInfoService----
2022-11-18 06:54:00,274 [39] DEBUG LTCPro.ServiceLayer.Log4net - ---Executed Successfully GetResidentAllergies() in ResidentDemographicController----
2022-11-18 06:54:00,296 [41] DEBUG LTCPro.ServiceLayer.Log4net - ---Executing GetUserToken() in UserService----
2022-11-18 06:54:00,307 [41] DEBUG LTCPro.ServiceLayer.Log4net - ---Executing GetResidentDiagnosisInfo() in ResidentDemographicController----
2022-11-18 06:54:00,307 [41] DEBUG LTCPro.ServiceLayer.Log4net - ---Executing GetResidentDiagnosisInfo() in DiagnosisInfoService----
2022-11-18 06:54:00,309 [38] DEBUG LTCPro.ServiceLayer.Log4net - ---Executing GetUserToken() in UserService----
2022-11-18 06:54:00,313 [41] DEBUG LTCPro.ServiceLayer.Log4net - ---Executed Successfully GetResidentDiagnosisInfo() in ResidentDemographicController----
2022-11-18 06:54:00,315 [38] DEBUG LTCPro.ServiceLayer.Log4net - ---Executing GetResidentInformation() in ResidentDemographicController----
2022-11-18 06:54:00,315 [38] DEBUG LTCPro.ServiceLayer.Log4net - ---Executing GetResidentInformation() in ResidentDemographicService----
2022-11-18 06:54:00,410 [37] DEBUG LTCPro.ServiceLayer.Log4net - ---Executed Successfully GetResidentInformation() in ResidentDemographicController----
2022-11-18 06:54:00,438 [38] DEBUG LTCPro.ServiceLayer.Log4net - ---Executed Successfully GetResidentInformation() in ResidentDemographicController----
2022-11-18 06:54:00,464 [39] DEBUG LTCPro.ServiceLayer.Log4net - ---Executing GetUserToken() in UserService----
2022-11-18 06:54:00,472 [39] DEBUG LTCPro.ServiceLayer.Log4net - ---Executing GetPatientTypeByID() in CommonController----
2022-11-18 06:54:00,472 [39] DEBUG LTCPro.ServiceLayer.Log4net - ---Executing GetPatientTypeDrop() in CommonService----
2022-11-18 06:54:00,493 [38] DEBUG LTCPro.ServiceLayer.Log4net - ---Executing GetUserToken() in UserService----
2022-11-18 06:54:00,507 [38] DEBUG LTCPro.ServiceLayer.Log4net - ---Executing GetResidentInformation() in ResidentDemographicController----
2022-11-18 06:54:00,507 [38] DEBUG LTCPro.ServiceLayer.Log4net - ---Executing GetResidentInformation() in ResidentDemographicService----
2022-11-18 06:54:00,519 [41] DEBUG LTCPro.ServiceLayer.Log4net - ---Executing GetUserToken() in UserService----
2022-11-18 06:54:00,529 [41] DEBUG LTCPro.ServiceLayer.Log4net - ---Executing GetResidentDiagnosisInfo() in ResidentDemographicController----
2022-11-18 06:54:00,529 [41] DEBUG LTCPro.ServiceLayer.Log4net - ---Executing GetResidentDiagnosisInfo() in DiagnosisInfoService----
2022-11-18 06:54:00,535 [41] DEBUG LTCPro.ServiceLayer.Log4net - ---Executed Successfully GetResidentDiagnosisInfo() in ResidentDemographicController----
2022-11-18 06:54:00,546 [39] DEBUG LTCPro.ServiceLayer.Log4net - ---Executed Successfully GetPatientTypeDrop() in CommonController----
2022-11-18 06:54:00,558 [37] DEBUG LTCPro.ServiceLayer.Log4net - ---Executing GetUserToken() in UserService----
2022-11-18 06:54:00,564 [37] DEBUG LTCPro.ServiceLayer.Log4net - ---Executing GetResidentAdmitDischargeData() in ResidentDemographicController----
2022-11-18 06:54:00,564 [37] DEBUG LTCPro.ServiceLayer.Log4net - ---Executing GetResidentAdmitDischargeData() in ResidentDemographicService----
2022-11-18 06:54:00,578 [37] DEBUG LTCPro.ServiceLayer.Log4net - ---Executed Successfully GetResidentAdmitDischargeData() in ResidentDemographicController----
2022-11-18 06:54:00,604 [41] DEBUG LTCPro.ServiceLayer.Log4net - ---Executing GetUserToken() in UserService----
2022-11-18 06:54:00,612 [39] DEBUG LTCPro.ServiceLayer.Log4net - ---Executing GetUserToken() in UserService----
2022-11-18 06:54:00,613 [41] DEBUG LTCPro.ServiceLayer.Log4net - ---Executing GetResidentAllergies() in ResidentDemographicController----
2022-11-18 06:54:00,613 [41] DEBUG LTCPro.ServiceLayer.Log4net - ---Executing GetResidentAllergies() in AllergyInfoService----
2022-11-18 06:54:00,619 [39] DEBUG LTCPro.ServiceLayer.Log4net - ---Executing GetAllPatientTypesByPId() in ResidentDemographicController----
2022-11-18 06:54:00,619 [39] DEBUG LTCPro.ServiceLayer.Log4net - ---Executing GetAllPatientTypesByPId() in EmarService----
2022-11-18 06:54:00,619 [41] DEBUG LTCPro.ServiceLayer.Log4net - ---Executed Successfully GetResidentAllergies() in ResidentDemographicController----
2022-11-18 06:54:00,626 [39] DEBUG LTCPro.ServiceLayer.Log4net - ---Executed Successfully GetAllPatientTypesByPId() in ResidentDemographicController----
2022-11-18 06:54:00,662 [38] DEBUG LTCPro.ServiceLayer.Log4net - ---Executed Successfully GetResidentInformation() in ResidentDemographicController----
2022-11-18 06:54:01,884 [38] DEBUG LTCPro.ServiceLayer.Log4net - ---Executing GetUserToken() in UserService----
2022-11-18 06:54:01,890 [38] DEBUG LTCPro.ServiceLayer.Log4net - ---Executing GetOutboundHLSevenConfigs() in HLSevenSegmentController----
2022-11-18 06:54:01,891 [38] DEBUG LTCPro.ServiceLayer.Log4net - ---Executing GetOutboundHLSevenConfigs() in HLSevenSegmentService----
2022-11-18 06:54:01,899 [38] DEBUG LTCPro.ServiceLayer.Log4net - ---Executed Successfully GetOutboundHLSevenConfigs() in HLSevenSegmentController----
2022-11-18 06:54:01,940 [41] DEBUG LTCPro.ServiceLayer.Log4net - ---Executing GetUserToken() in UserService----
2022-11-18 06:54:01,946 [41] DEBUG LTCPro.ServiceLayer.Log4net - ---Executing UserFacilityDrop() in FacilityController----
2022-11-18 06:54:01,946 [41] DEBUG LTCPro.ServiceLayer.Log4net - ---Executing UserFacilityDrop() in FacilityService----
2022-11-18 06:54:01,953 [41] DEBUG LTCPro.ServiceLayer.Log4net - ---Executed Successfully UserFacilityDrop() in FacilityController----
2022-11-18 06:54:01,971 [37] DEBUG LTCPro.ServiceLayer.Log4net - ---Executing GetUserToken() in UserService----
2022-11-18 06:54:01,977 [37] DEBUG LTCPro.ServiceLayer.Log4net - ---Executing GetResidentAdmitvisitInfoData() in ResidentDemographicController----
2022-11-18 06:54:01,977 [37] DEBUG LTCPro.ServiceLayer.Log4net - ---Executing  VisitInfoEntity()  in GetResidentAdmitvisitInfoData----
2022-11-18 06:54:01,991 [37] DEBUG LTCPro.ServiceLayer.Log4net - ---Executed Successfully GetResidentAdmitvisitInfoData() in ResidentDemographicController----
2022-11-18 06:54:02,013 [41] DEBUG LTCPro.ServiceLayer.Log4net - ---Executing GetUserToken() in UserService----
2022-11-18 06:54:02,017 [39] DEBUG LTCPro.ServiceLayer.Log4net - ---Executing GetUserToken() in UserService----
2022-11-18 06:54:02,019 [41] DEBUG LTCPro.ServiceLayer.Log4net - ---Executing UserFacilityDrop() in FacilityController----
2022-11-18 06:54:02,019 [41] DEBUG LTCPro.ServiceLayer.Log4net - ---Executing UserFacilityDrop() in FacilityService----
2022-11-18 06:54:02,022 [39] DEBUG LTCPro.ServiceLayer.Log4net - ---Executing GetCompanyToBedFlagByFacId() in FacilityController----
2022-11-18 06:54:02,022 [39] DEBUG LTCPro.ServiceLayer.Log4net - ---Executing GetCompanyToBedFlagByFacId() in FacilityService----
2022-11-18 06:54:02,024 [41] DEBUG LTCPro.ServiceLayer.Log4net - ---Executed Successfully UserFacilityDrop() in FacilityController----
2022-11-18 06:54:02,059 [39] DEBUG LTCPro.ServiceLayer.Log4net - ---Executed Successfully GetCompanyToBedFlagByFacId() in FacilityController----
2022-11-18 06:54:02,079 [38] DEBUG LTCPro.ServiceLayer.Log4net - ---Executing GetUserToken() in UserService----
2022-11-18 06:54:02,085 [38] DEBUG LTCPro.ServiceLayer.Log4net - ---Executing UserNurseStationDrop() in FacilityController----
2022-11-18 06:54:02,085 [38] DEBUG LTCPro.ServiceLayer.Log4net - ---Executing UserNurseStationDrop() in FacilityService----
2022-11-18 06:54:02,091 [38] DEBUG LTCPro.ServiceLayer.Log4net - ---Executed Successfully UserNurseStationDrop() in FacilityController----
2022-11-18 06:54:02,099 [41] DEBUG LTCPro.ServiceLayer.Log4net - ---Executing GetUserToken() in UserService----
2022-11-18 06:54:02,105 [41] DEBUG LTCPro.ServiceLayer.Log4net - ---Executing GetNurseStationHierarchyDetailsbyNsId() in CompanyController----
2022-11-18 06:54:02,105 [41] DEBUG LTCPro.ServiceLayer.Log4net - ---Executing GetNurseStationHierarchyDetailsbyNsId() in CompanyService----
2022-11-18 06:54:02,109 [41] DEBUG LTCPro.ServiceLayer.Log4net - ---Executed Successfully GetNurseStationHierarchyDetailsbyNsId() in CompanyController----
2022-11-18 06:54:28,567 [39] DEBUG LTCPro.ServiceLayer.Log4net - ---Executing GetUserToken() in UserService----
2022-11-18 06:54:28,574 [39] DEBUG LTCPro.ServiceLayer.Log4net - ---Executing InsertResidentVisitInfo() in AdminApprovalController----
2022-11-18 06:54:28,574 [39] DEBUG LTCPro.ServiceLayer.Log4net - ---Executing InsertResidentVisitInfo() in AdminApprovalService----
2022-11-18 06:54:28,703 [39] DEBUG LTCPro.ServiceLayer.Log4net - ---Executing GenerateOutboundFile() Discharge in AdminApprovalService----
2022-11-18 06:54:28,711 [39] DEBUG LTCPro.ServiceLayer.Log4net - ---Generating OutboundFile Discharge in AdminApprovalService----
2022-11-18 06:54:28,744 [39] DEBUG LTCPro.ServiceLayer.Log4net - ---Generated OutboundFile Download Start D:/Promantra/OutboundLive/Pending//Discharge_11182022052342.hl7 in AdminApprovalService----
2022-11-18 06:54:28,745 [39] DEBUG LTCPro.ServiceLayer.Log4net - ---Generated OutboundFile Download Completed D:/Promantra/OutboundLive/Pending//Discharge_11182022052342.hl7 in AdminApprovalService----
2022-11-18 06:54:28,745 [39] DEBUG LTCPro.ServiceLayer.Log4net - ---Executed GenerateOutboundFile() Discharge in AdminApprovalService----
2022-11-18 06:54:28,747 [39] DEBUG LTCPro.ServiceLayer.Log4net - ---Executed Successfully InsertResidentVisitInfo() in AdminApprovalController----
2022-11-18 06:54:28,786 [37] DEBUG LTCPro.ServiceLayer.Log4net - ---Executing GetUserToken() in UserService----
2022-11-18 06:54:28,792 [37] DEBUG LTCPro.ServiceLayer.Log4net - ---Executing GetApprovalFlag() in CompanyController----
2022-11-18 06:54:28,792 [37] DEBUG LTCPro.ServiceLayer.Log4net - ---Executing GetApprovalFlag() in CompanyService----
2022-11-18 06:54:28,873 [41] DEBUG LTCPro.ServiceLayer.Log4net - ---Executing GetUserToken() in UserService----
2022-11-18 06:54:28,881 [41] DEBUG LTCPro.ServiceLayer.Log4net - ---Executing GetResidentAdmitDischargeData() in ResidentDemographicController----
2022-11-18 06:54:28,881 [41] DEBUG LTCPro.ServiceLayer.Log4net - ---Executing GetResidentAdmitDischargeData() in ResidentDemographicService----
2022-11-18 06:54:28,881 [15] DEBUG LTCPro.ServiceLayer.Log4net - ---Executing GetUserToken() in UserService----
2022-11-18 06:54:28,887 [15] DEBUG LTCPro.ServiceLayer.Log4net - ---Executing GetFacilityNSResidentsDataByPId() in ResidentDemographicController----
2022-11-18 06:54:28,887 [15] DEBUG LTCPro.ServiceLayer.Log4net - ---Executing GetFacilityNSResidentsDataByPId() in ResidentDemographicService----
2022-11-18 06:54:28,891 [41] DEBUG LTCPro.ServiceLayer.Log4net - ---Executed Successfully GetResidentAdmitDischargeData() in ResidentDemographicController----
2022-11-18 06:54:28,931 [15] DEBUG LTCPro.ServiceLayer.Log4net - ---Executed Successfully GetFacilityNSResidentsDataByPId() in ResidentDemographicController----
2022-11-18 06:54:29,032 [37] DEBUG LTCPro.ServiceLayer.Log4net - ---Executing GetUserToken() in UserService----
2022-11-18 06:54:29,038 [37] DEBUG LTCPro.ServiceLayer.Log4net - ---Executing GetResidentInformation() in ResidentDemographicController----
2022-11-18 06:54:29,038 [37] DEBUG LTCPro.ServiceLayer.Log4net - ---Executing GetResidentInformation() in ResidentDemographicService----
2022-11-18 06:54:29,154 [37] DEBUG LTCPro.ServiceLayer.Log4net - ---Executed Successfully GetResidentInformation() in ResidentDemographicController----
2022-11-18 06:54:29,183 [39] DEBUG LTCPro.ServiceLayer.Log4net - ---Executing GetUserToken() in UserService----
2022-11-18 06:54:29,202 [39] DEBUG LTCPro.ServiceLayer.Log4net - ---Executing GetPatientTypeByID() in CommonController----
2022-11-18 06:54:29,202 [39] DEBUG LTCPro.ServiceLayer.Log4net - ---Executing GetPatientTypeDrop() in CommonService----
2022-11-18 06:54:29,213 [41] DEBUG LTCPro.ServiceLayer.Log4net - ---Executing GetUserToken() in UserService----
2022-11-18 06:54:29,215 [6] DEBUG LTCPro.ServiceLayer.Log4net - ---Executing GetUserToken() in UserService----
2022-11-18 06:54:29,221 [41] DEBUG LTCPro.ServiceLayer.Log4net - ---Executing GetResidentInformation() in ResidentDemographicController----
2022-11-18 06:54:29,221 [41] DEBUG LTCPro.ServiceLayer.Log4net - ---Executing GetResidentInformation() in ResidentDemographicService----
2022-11-18 06:54:29,222 [6] DEBUG LTCPro.ServiceLayer.Log4net - ---Executing GetResidentAdmitDischargeData() in ResidentDemographicController----
2022-11-18 06:54:29,222 [6] DEBUG LTCPro.ServiceLayer.Log4net - ---Executing GetResidentAdmitDischargeData() in ResidentDemographicService----
2022-11-18 06:54:29,234 [6] DEBUG LTCPro.ServiceLayer.Log4net - ---Executed Successfully GetResidentAdmitDischargeData() in ResidentDemographicController----
2022-11-18 06:54:29,270 [16] DEBUG LTCPro.ServiceLayer.Log4net - ---Executing GetUserToken() in UserService----
2022-11-18 06:54:29,272 [39] DEBUG LTCPro.ServiceLayer.Log4net - ---Executed Successfully GetPatientTypeDrop() in CommonController----
2022-11-18 06:54:29,276 [16] DEBUG LTCPro.ServiceLayer.Log4net - ---Executing GetResidentAllergies() in ResidentDemographicController----
2022-11-18 06:54:29,276 [16] DEBUG LTCPro.ServiceLayer.Log4net - ---Executing GetResidentAllergies() in AllergyInfoService----
2022-11-18 06:54:29,281 [16] DEBUG LTCPro.ServiceLayer.Log4net - ---Executed Successfully GetResidentAllergies() in ResidentDemographicController----
2022-11-18 06:54:29,283 [38] DEBUG LTCPro.ServiceLayer.Log4net - ---Executing GetUserToken() in UserService----
2022-11-18 06:54:29,288 [38] DEBUG LTCPro.ServiceLayer.Log4net - ---Executing GetResidentDiagnosisInfo() in ResidentDemographicController----
2022-11-18 06:54:29,288 [38] DEBUG LTCPro.ServiceLayer.Log4net - ---Executing GetResidentDiagnosisInfo() in DiagnosisInfoService----
2022-11-18 06:54:29,298 [38] DEBUG LTCPro.ServiceLayer.Log4net - ---Executed Successfully GetResidentDiagnosisInfo() in ResidentDemographicController----
2022-11-18 06:54:29,330 [15] DEBUG LTCPro.ServiceLayer.Log4net - ---Executing GetUserToken() in UserService----
2022-11-18 06:54:29,336 [15] DEBUG LTCPro.ServiceLayer.Log4net - ---Executing GetAllPatientTypesByPId() in ResidentDemographicController----
2022-11-18 06:54:29,336 [15] DEBUG LTCPro.ServiceLayer.Log4net - ---Executing GetAllPatientTypesByPId() in EmarService----
2022-11-18 06:54:29,341 [15] DEBUG LTCPro.ServiceLayer.Log4net - ---Executed Successfully GetAllPatientTypesByPId() in ResidentDemographicController----
2022-11-18 06:54:29,378 [41] DEBUG LTCPro.ServiceLayer.Log4net - ---Executed Successfully GetResidentInformation() in ResidentDemographicController----
2022-11-18 06:54:31,993 [39] DEBUG LTCPro.ServiceLayer.Log4net - ---Executing GetUserToken() in UserService----
2022-11-18 06:54:32,000 [39] DEBUG LTCPro.ServiceLayer.Log4net - ---Executing InsertUserActivityDetails() in CompanyController----
2022-11-18 06:54:32,000 [39] DEBUG LTCPro.ServiceLayer.Log4net - ---Executing InsertUserActivityDetails() in UserActivityService----
2022-11-18 06:54:32,001 [41] DEBUG LTCPro.ServiceLayer.Log4net - ---Executing GetUserToken() in UserService----
2022-11-18 06:54:32,016 [41] DEBUG LTCPro.ServiceLayer.Log4net - ---Executing GetUserRecentFacNs() in UserController----
2022-11-18 06:54:32,016 [41] DEBUG LTCPro.ServiceLayer.Log4net - ---Executing GetUserRecentFacNs() in UserService----
2022-11-18 06:54:32,019 [39] DEBUG LTCPro.ServiceLayer.Log4net - ---Executed Successfully InsertUserActivityDetails() in CompanyController----
2022-11-18 06:54:32,026 [41] DEBUG LTCPro.ServiceLayer.Log4net - ---Executed Successfully GetUserRecentFacNs() in UserController----
2022-11-18 06:54:32,044 [39] DEBUG LTCPro.ServiceLayer.Log4net - ---Executing GetUserToken() in UserService----
2022-11-18 06:54:32,049 [39] DEBUG LTCPro.ServiceLayer.Log4net - ---Executing GetUserAccessFacilityNurseStaions() in FacilityController----
2022-11-18 06:54:32,050 [39] DEBUG LTCPro.ServiceLayer.Log4net - ---Executing GetUserAccessFacilityNurseStaions() in FacilityService----
2022-11-18 06:54:32,060 [39] DEBUG LTCPro.ServiceLayer.Log4net - ---Executed Successfully GetUserAccessFacilityNurseStaions() in FacilityController----
2022-11-18 06:54:32,080 [37] DEBUG LTCPro.ServiceLayer.Log4net - ---Executing GetUserToken() in UserService----
2022-11-18 06:54:32,085 [37] DEBUG LTCPro.ServiceLayer.Log4net - ---Executing UserNurseStationDrop() in FacilityController----
2022-11-18 06:54:32,085 [37] DEBUG LTCPro.ServiceLayer.Log4net - ---Executing UserNurseStationDrop() in FacilityService----
2022-11-18 06:54:32,092 [37] DEBUG LTCPro.ServiceLayer.Log4net - ---Executed Successfully UserNurseStationDrop() in FacilityController----
2022-11-18 06:54:32,118 [37] DEBUG LTCPro.ServiceLayer.Log4net - ---Executing GetUserToken() in UserService----
2022-11-18 06:54:32,123 [37] DEBUG LTCPro.ServiceLayer.Log4net - ---Executing GetCompanyToBedFlagByFacId() in FacilityController----
2022-11-18 06:54:32,123 [37] DEBUG LTCPro.ServiceLayer.Log4net - ---Executing GetCompanyToBedFlagByFacId() in FacilityService----
2022-11-18 06:54:32,148 [39] DEBUG LTCPro.ServiceLayer.Log4net - ---Executing GetUserToken() in UserService----
2022-11-18 06:54:32,153 [39] DEBUG LTCPro.ServiceLayer.Log4net - ---Executing GetResidentsByCompanyBed() in ResidentDemographicController----
2022-11-18 06:54:32,153 [39] DEBUG LTCPro.ServiceLayer.Log4net - ---Executing GetResidentsByCompanyBed() in ResidentDemographicService----
2022-11-18 06:54:32,154 [37] DEBUG LTCPro.ServiceLayer.Log4net - ---Executed Successfully GetCompanyToBedFlagByFacId() in FacilityController----
2022-11-18 06:54:32,190 [37] DEBUG LTCPro.ServiceLayer.Log4net - ---Executing GetUserToken() in UserService----
2022-11-18 06:54:32,196 [37] DEBUG LTCPro.ServiceLayer.Log4net - ---Executing GetNurseStationHierarchyDetailsbyNsId() in CompanyController----
2022-11-18 06:54:32,196 [37] DEBUG LTCPro.ServiceLayer.Log4net - ---Executing GetNurseStationHierarchyDetailsbyNsId() in CompanyService----
2022-11-18 06:54:32,201 [37] DEBUG LTCPro.ServiceLayer.Log4net - ---Executed Successfully GetNurseStationHierarchyDetailsbyNsId() in CompanyController----
2022-11-18 06:54:33,646 [39] DEBUG LTCPro.ServiceLayer.Log4net - ---Executed Successfully GetResidentsByCompanyBed() in ResidentDemographicController----
2022-11-18 06:54:34,651 [38] DEBUG LTCPro.ServiceLayer.Log4net - ---Executing GetUserToken() in UserService----
2022-11-18 06:54:34,656 [38] DEBUG LTCPro.ServiceLayer.Log4net - ---Executing GetOrdersGridData() in OrdersController----
2022-11-18 06:54:34,656 [38] DEBUG LTCPro.ServiceLayer.Log4net - ---Executing GetOrdersGridData() in OrdersService----
2022-11-18 06:54:34,665 [38] DEBUG LTCPro.ServiceLayer.Log4net - ---Executed Successfully GetOrdersGridData() in OrdersController----
2022-11-18 06:54:47,227 [37] DEBUG LTCPro.ServiceLayer.Log4net - ---Executing GetUserToken() in UserService----
2022-11-18 06:54:47,243 [37] DEBUG LTCPro.ServiceLayer.Log4net - ---Executing InsertUserActivityDetails() in CompanyController----
2022-11-18 06:54:47,243 [37] DEBUG LTCPro.ServiceLayer.Log4net - ---Executing InsertUserActivityDetails() in UserActivityService----
2022-11-18 06:54:47,262 [16] DEBUG LTCPro.ServiceLayer.Log4net - ---Executing GetUserToken() in UserService----
2022-11-18 06:54:47,270 [37] DEBUG LTCPro.ServiceLayer.Log4net - ---Executed Successfully InsertUserActivityDetails() in CompanyController----
2022-11-18 06:54:47,271 [16] DEBUG LTCPro.ServiceLayer.Log4net - ---Executing InsertUserActivityDetails() in CompanyController----
2022-11-18 06:54:47,271 [16] DEBUG LTCPro.ServiceLayer.Log4net - ---Executing InsertUserActivityDetails() in UserActivityService----
2022-11-18 06:54:47,272 [6] DEBUG LTCPro.ServiceLayer.Log4net - ---Executing GetUserToken() in UserService----
2022-11-18 06:54:47,272 [38] DEBUG LTCPro.ServiceLayer.Log4net - ---Executing GetUserToken() in UserService----
2022-11-18 06:54:47,286 [38] DEBUG LTCPro.ServiceLayer.Log4net - ---Executing GetFacilityNSResidentsDataByPId() in ResidentDemographicController----
2022-11-18 06:54:47,286 [38] DEBUG LTCPro.ServiceLayer.Log4net - ---Executing GetFacilityNSResidentsDataByPId() in ResidentDemographicService----
2022-11-18 06:54:47,286 [41] DEBUG LTCPro.ServiceLayer.Log4net - ---Executing GetUserToken() in UserService----
2022-11-18 06:54:47,289 [6] DEBUG LTCPro.ServiceLayer.Log4net - ---Executing GetResidentAdmitDischargeData() in ResidentDemographicController----
2022-11-18 06:54:47,289 [6] DEBUG LTCPro.ServiceLayer.Log4net - ---Executing GetResidentAdmitDischargeData() in ResidentDemographicService----
2022-11-18 06:54:47,294 [41] DEBUG LTCPro.ServiceLayer.Log4net - ---Executing InsertUserActivityDetails() in CompanyController----
2022-11-18 06:54:47,294 [41] DEBUG LTCPro.ServiceLayer.Log4net - ---Executing InsertUserActivityDetails() in UserActivityService----
2022-11-18 06:54:47,296 [6] DEBUG LTCPro.ServiceLayer.Log4net - ---Executed Successfully GetResidentAdmitDischargeData() in ResidentDemographicController----
2022-11-18 06:54:47,299 [16] DEBUG LTCPro.ServiceLayer.Log4net - ---Executed Successfully InsertUserActivityDetails() in CompanyController----
2022-11-18 06:54:47,315 [41] DEBUG LTCPro.ServiceLayer.Log4net - ---Executed Successfully InsertUserActivityDetails() in CompanyController----
2022-11-18 06:54:47,325 [6] DEBUG LTCPro.ServiceLayer.Log4net - ---Executing GetUserToken() in UserService----
2022-11-18 06:54:47,334 [6] DEBUG LTCPro.ServiceLayer.Log4net - ---Executing InsertUserActivityDetails() in CompanyController----
2022-11-18 06:54:47,334 [6] DEBUG LTCPro.ServiceLayer.Log4net - ---Executing InsertUserActivityDetails() in UserActivityService----
2022-11-18 06:54:47,337 [38] DEBUG LTCPro.ServiceLayer.Log4net - ---Executed Successfully GetFacilityNSResidentsDataByPId() in ResidentDemographicController----
2022-11-18 06:54:47,349 [6] DEBUG LTCPro.ServiceLayer.Log4net - ---Executed Successfully InsertUserActivityDetails() in CompanyController----
2022-11-18 06:54:47,369 [41] DEBUG LTCPro.ServiceLayer.Log4net - ---Executing GetUserToken() in UserService----
2022-11-18 06:54:47,375 [41] DEBUG LTCPro.ServiceLayer.Log4net - ---Executing GetResidentInformation() in ResidentDemographicController----
2022-11-18 06:54:47,375 [41] DEBUG LTCPro.ServiceLayer.Log4net - ---Executing GetResidentInformation() in ResidentDemographicService----
2022-11-18 06:54:47,381 [16] DEBUG LTCPro.ServiceLayer.Log4net - ---Executing GetUserToken() in UserService----
2022-11-18 06:54:47,387 [16] DEBUG LTCPro.ServiceLayer.Log4net - ---Executing GetResidentAdmitDischargeData() in ResidentDemographicController----
2022-11-18 06:54:47,388 [16] DEBUG LTCPro.ServiceLayer.Log4net - ---Executing GetResidentAdmitDischargeData() in ResidentDemographicService----
2022-11-18 06:54:47,397 [16] DEBUG LTCPro.ServiceLayer.Log4net - ---Executed Successfully GetResidentAdmitDischargeData() in ResidentDemographicController----
2022-11-18 06:54:47,415 [38] DEBUG LTCPro.ServiceLayer.Log4net - ---Executing GetUserToken() in UserService----
2022-11-18 06:54:47,418 [6] DEBUG LTCPro.ServiceLayer.Log4net - ---Executing GetUserToken() in UserService----
2022-11-18 06:54:47,424 [38] DEBUG LTCPro.ServiceLayer.Log4net - ---Executing GetResidentAllergies() in ResidentDemographicController----
2022-11-18 06:54:47,424 [38] DEBUG LTCPro.ServiceLayer.Log4net - ---Executing GetResidentAllergies() in AllergyInfoService----
2022-11-18 06:54:47,444 [16] DEBUG LTCPro.ServiceLayer.Log4net - ---Executing GetUserToken() in UserService----
2022-11-18 06:54:47,455 [6] DEBUG LTCPro.ServiceLayer.Log4net - ---Executing GetResidentDiagnosisInfo() in ResidentDemographicController----
2022-11-18 06:54:47,455 [6] DEBUG LTCPro.ServiceLayer.Log4net - ---Executing GetResidentDiagnosisInfo() in DiagnosisInfoService----
2022-11-18 06:54:47,455 [16] DEBUG LTCPro.ServiceLayer.Log4net - ---Executing GetResidentInformation() in ResidentDemographicController----
2022-11-18 06:54:47,455 [16] DEBUG LTCPro.ServiceLayer.Log4net - ---Executing GetResidentInformation() in ResidentDemographicService----
2022-11-18 06:54:47,455 [38] DEBUG LTCPro.ServiceLayer.Log4net - ---Executed Successfully GetResidentAllergies() in ResidentDemographicController----
2022-11-18 06:54:47,462 [6] DEBUG LTCPro.ServiceLayer.Log4net - ---Executed Successfully GetResidentDiagnosisInfo() in ResidentDemographicController----
2022-11-18 06:54:47,574 [41] DEBUG LTCPro.ServiceLayer.Log4net - ---Executed Successfully GetResidentInformation() in ResidentDemographicController----
2022-11-18 06:54:47,601 [16] DEBUG LTCPro.ServiceLayer.Log4net - ---Executed Successfully GetResidentInformation() in ResidentDemographicController----
2022-11-18 06:54:47,655 [6] DEBUG LTCPro.ServiceLayer.Log4net - ---Executing GetUserToken() in UserService----
2022-11-18 06:54:47,661 [6] DEBUG LTCPro.ServiceLayer.Log4net - ---Executing GetResidentAdmitDischargeData() in ResidentDemographicController----
2022-11-18 06:54:47,661 [6] DEBUG LTCPro.ServiceLayer.Log4net - ---Executing GetResidentAdmitDischargeData() in ResidentDemographicService----
2022-11-18 06:54:47,663 [16] DEBUG LTCPro.ServiceLayer.Log4net - ---Executing GetUserToken() in UserService----
2022-11-18 06:54:47,670 [6] DEBUG LTCPro.ServiceLayer.Log4net - ---Executed Successfully GetResidentAdmitDischargeData() in ResidentDemographicController----
2022-11-18 06:54:47,670 [41] DEBUG LTCPro.ServiceLayer.Log4net - ---Executing GetUserToken() in UserService----
2022-11-18 06:54:47,671 [16] DEBUG LTCPro.ServiceLayer.Log4net - ---Executing GetResidentAllergies() in ResidentDemographicController----
2022-11-18 06:54:47,671 [16] DEBUG LTCPro.ServiceLayer.Log4net - ---Executing GetResidentAllergies() in AllergyInfoService----
2022-11-18 06:54:47,673 [38] DEBUG LTCPro.ServiceLayer.Log4net - ---Executing GetUserToken() in UserService----
2022-11-18 06:54:47,681 [16] DEBUG LTCPro.ServiceLayer.Log4net - ---Executed Successfully GetResidentAllergies() in ResidentDemographicController----
2022-11-18 06:54:47,682 [41] DEBUG LTCPro.ServiceLayer.Log4net - ---Executing GetResidentInformation() in ResidentDemographicController----
2022-11-18 06:54:47,682 [41] DEBUG LTCPro.ServiceLayer.Log4net - ---Executing GetResidentInformation() in ResidentDemographicService----
2022-11-18 06:54:47,682 [38] DEBUG LTCPro.ServiceLayer.Log4net - ---Executing GetResidentDiagnosisInfo() in ResidentDemographicController----
2022-11-18 06:54:47,682 [38] DEBUG LTCPro.ServiceLayer.Log4net - ---Executing GetResidentDiagnosisInfo() in DiagnosisInfoService----
2022-11-18 06:54:47,688 [38] DEBUG LTCPro.ServiceLayer.Log4net - ---Executed Successfully GetResidentDiagnosisInfo() in ResidentDemographicController----
2022-11-18 06:54:47,695 [6] DEBUG LTCPro.ServiceLayer.Log4net - ---Executing GetUserToken() in UserService----
2022-11-18 06:54:47,700 [6] DEBUG LTCPro.ServiceLayer.Log4net - ---Executing GetPatientTypeByID() in CommonController----
2022-11-18 06:54:47,700 [6] DEBUG LTCPro.ServiceLayer.Log4net - ---Executing GetPatientTypeDrop() in CommonService----
2022-11-18 06:54:47,721 [6] DEBUG LTCPro.ServiceLayer.Log4net - ---Executed Successfully GetPatientTypeDrop() in CommonController----
2022-11-18 06:54:47,789 [41] DEBUG LTCPro.ServiceLayer.Log4net - ---Executed Successfully GetResidentInformation() in ResidentDemographicController----
2022-11-18 06:54:47,796 [6] DEBUG LTCPro.ServiceLayer.Log4net - ---Executing GetUserToken() in UserService----
2022-11-18 06:54:47,801 [6] DEBUG LTCPro.ServiceLayer.Log4net - ---Executing GetAllPatientTypesByPId() in ResidentDemographicController----
2022-11-18 06:54:47,801 [6] DEBUG LTCPro.ServiceLayer.Log4net - ---Executing GetAllPatientTypesByPId() in EmarService----
2022-11-18 06:54:47,805 [6] DEBUG LTCPro.ServiceLayer.Log4net - ---Executed Successfully GetAllPatientTypesByPId() in ResidentDemographicController----
2022-11-18 06:54:49,400 [41] DEBUG LTCPro.ServiceLayer.Log4net - ---Executing GetUserToken() in UserService----
2022-11-18 06:54:49,406 [41] DEBUG LTCPro.ServiceLayer.Log4net - ---Executing GetOutboundHLSevenConfigs() in HLSevenSegmentController----
2022-11-18 06:54:49,406 [41] DEBUG LTCPro.ServiceLayer.Log4net - ---Executing GetOutboundHLSevenConfigs() in HLSevenSegmentService----
2022-11-18 06:54:49,413 [41] DEBUG LTCPro.ServiceLayer.Log4net - ---Executed Successfully GetOutboundHLSevenConfigs() in HLSevenSegmentController----
2022-11-18 06:54:49,442 [41] DEBUG LTCPro.ServiceLayer.Log4net - ---Executing GetUserToken() in UserService----
2022-11-18 06:54:49,448 [41] DEBUG LTCPro.ServiceLayer.Log4net - ---Executing UserFacilityDrop() in FacilityController----
2022-11-18 06:54:49,448 [41] DEBUG LTCPro.ServiceLayer.Log4net - ---Executing UserFacilityDrop() in FacilityService----
2022-11-18 06:54:49,456 [41] DEBUG LTCPro.ServiceLayer.Log4net - ---Executed Successfully UserFacilityDrop() in FacilityController----
2022-11-18 06:54:49,474 [38] DEBUG LTCPro.ServiceLayer.Log4net - ---Executing GetUserToken() in UserService----
2022-11-18 06:54:49,481 [38] DEBUG LTCPro.ServiceLayer.Log4net - ---Executing GetResidentAdmitvisitInfoData() in ResidentDemographicController----
2022-11-18 06:54:49,481 [38] DEBUG LTCPro.ServiceLayer.Log4net - ---Executing  VisitInfoEntity()  in GetResidentAdmitvisitInfoData----
2022-11-18 06:54:49,493 [38] DEBUG LTCPro.ServiceLayer.Log4net - ---Executed Successfully GetResidentAdmitvisitInfoData() in ResidentDemographicController----
2022-11-18 06:54:49,536 [16] DEBUG LTCPro.ServiceLayer.Log4net - ---Executing GetUserToken() in UserService----
2022-11-18 06:54:49,541 [16] DEBUG LTCPro.ServiceLayer.Log4net - ---Executing UserFacilityDrop() in FacilityController----
2022-11-18 06:54:49,541 [16] DEBUG LTCPro.ServiceLayer.Log4net - ---Executing UserFacilityDrop() in FacilityService----
2022-11-18 06:54:49,548 [16] DEBUG LTCPro.ServiceLayer.Log4net - ---Executed Successfully UserFacilityDrop() in FacilityController----
2022-11-18 06:54:49,551 [38] DEBUG LTCPro.ServiceLayer.Log4net - ---Executing GetUserToken() in UserService----
2022-11-18 06:54:59,731 [38] DEBUG LTCPro.ServiceLayer.Log4net - ---Executing UsersConfigNurseStationDrop() in FacilityController----
2022-11-18 06:54:59,731 [38] DEBUG LTCPro.ServiceLayer.Log4net - ---Executing UsersConfigNurseStationDrop() in FacilityService----
2022-11-18 06:54:59,743 [38] DEBUG LTCPro.ServiceLayer.Log4net - ---Executed Successfully UsersConfigNurseStationDrop() in FacilityController----
2022-11-18 06:54:59,812 [37] DEBUG LTCPro.ServiceLayer.Log4net - ---Executing GetProcessKeyMasterList() in FacilityController----
2022-11-18 06:54:59,813 [37] DEBUG LTCPro.ServiceLayer.Log4net - ---Executing GetProcessKeyMasterList() in FacilityService----
2022-11-18 06:54:59,818 [37] DEBUG LTCPro.ServiceLayer.Log4net - ---Executed Successfully GetProcessKeyMasterList() in FacilityController----
2022-11-18 06:55:02,411 [38] DEBUG LTCPro.ServiceLayer.Log4net - ---Executing GetProcessKeyMasterList() in FacilityController----
2022-11-18 06:55:02,411 [38] DEBUG LTCPro.ServiceLayer.Log4net - ---Executing GetProcessKeyMasterList() in FacilityService----
2022-11-18 06:55:02,417 [38] DEBUG LTCPro.ServiceLayer.Log4net - ---Executed Successfully GetProcessKeyMasterList() in FacilityController----
2022-11-18 06:55:03,038 [38] DEBUG LTCPro.ServiceLayer.Log4net - ---Executing CheckUser() in UserService----
2022-11-18 06:55:03,060 [38] DEBUG LTCPro.ServiceLayer.Log4net - ---Executing FindUser() in UserService----
2022-11-18 06:55:03,074 [38] DEBUG LTCPro.ServiceLayer.Log4net - ---Executing InsertUserSession() in UserService----
2022-11-18 06:55:03,089 [38] DEBUG LTCPro.ServiceLayer.Log4net - ---Executing InsertUserToken() in UserService----
2022-11-18 06:55:03,217 [37] DEBUG LTCPro.ServiceLayer.Log4net - ---Executing InsertUpdateUserRecentFacNs() in UserController----
2022-11-18 06:55:03,217 [37] DEBUG LTCPro.ServiceLayer.Log4net - ---Executing GetUserRecentFacNs() in UserService----
2022-11-18 06:55:03,228 [37] DEBUG LTCPro.ServiceLayer.Log4net - ---Executing InsertUpdateUserRecentFacNs() in CommonService----
2022-11-18 06:55:03,237 [37] DEBUG LTCPro.ServiceLayer.Log4net - ---Executed Successfully InsertUpdateUserRecentFacNs() in UserController----
2022-11-18 06:55:03,269 [38] DEBUG LTCPro.ServiceLayer.Log4net - ---Executing GetScreenPermissionsForLoggedInUser() in RoleController----
2022-11-18 06:55:03,269 [38] DEBUG LTCPro.ServiceLayer.Log4net - ---Executing GetScreenPermissionsForLoggedInUser() in RoleService----
2022-11-18 06:55:03,276 [38] DEBUG LTCPro.ServiceLayer.Log4net - ---Executed Successfully GetScreenPermissionsForLoggedInUser() in RoleController----
2022-11-18 06:55:03,375 [6] DEBUG LTCPro.ServiceLayer.Log4net - ---Executing GetUserToken() in UserService----
2022-11-18 06:55:03,376 [40] DEBUG LTCPro.ServiceLayer.Log4net - ---Executing GetUserToken() in UserService----
2022-11-18 06:55:03,378 [15] DEBUG LTCPro.ServiceLayer.Log4net - ---Executing GetUserToken() in UserService----
2022-11-18 06:55:03,384 [8] DEBUG LTCPro.ServiceLayer.Log4net - ---Executing GetUserToken() in UserService----
2022-11-18 06:55:03,393 [15] DEBUG LTCPro.ServiceLayer.Log4net - ---Executing GetPendingDosesList() in CommonController----
2022-11-18 06:55:03,393 [15] DEBUG LTCPro.ServiceLayer.Log4net - ---Executing GetPendingDosesList() in CommonService----
2022-11-18 06:55:03,395 [6] DEBUG LTCPro.ServiceLayer.Log4net - ---Executing GetReadMailsCount() in MailboxController----
2022-11-18 06:55:03,395 [6] DEBUG LTCPro.ServiceLayer.Log4net - ---Executing GetReadMailsCount() in MailboxService----
2022-11-18 06:55:03,395 [40] DEBUG LTCPro.ServiceLayer.Log4net - ---Executing GetAlertsDetails() in MailboxController----
2022-11-18 06:55:03,395 [40] DEBUG LTCPro.ServiceLayer.Log4net - ---Executing GetAlertsDetails() in MailboxService----
2022-11-18 06:55:03,395 [8] DEBUG LTCPro.ServiceLayer.Log4net - ---Executing GetDueMARAlertData() in EmarController----
2022-11-18 06:55:03,395 [8] DEBUG LTCPro.ServiceLayer.Log4net - ---Executing GetDueMARAlertData() in EmarService----
2022-11-18 06:55:03,400 [6] DEBUG LTCPro.ServiceLayer.Log4net - ---Executed successfully GetReadMailsCount() in MailboxController----
2022-11-18 06:55:03,411 [29] DEBUG LTCPro.ServiceLayer.Log4net - ---Executing GetUserToken() in UserService----
2022-11-18 06:55:03,413 [38] DEBUG LTCPro.ServiceLayer.Log4net - ---Executing GetUserToken() in UserService----
2022-11-18 06:55:03,416 [29] DEBUG LTCPro.ServiceLayer.Log4net - ---Executing GetOutboundErrorDetails() in CommonController----
2022-11-18 06:55:03,416 [29] DEBUG LTCPro.ServiceLayer.Log4net - ---Executing GetOutboundErrorDetails() in CommonService----
2022-11-18 06:55:03,418 [38] DEBUG LTCPro.ServiceLayer.Log4net - ---Executing GetUserRecentFacNs() in UserController----
2022-11-18 06:55:03,418 [38] DEBUG LTCPro.ServiceLayer.Log4net - ---Executing GetUserRecentFacNs() in UserService----
2022-11-18 06:55:03,420 [34] DEBUG LTCPro.ServiceLayer.Log4net - ---Executing GetUserToken() in UserService----
2022-11-18 06:55:03,428 [34] DEBUG LTCPro.ServiceLayer.Log4net - ---Executing GetUserPassedDueFlag() in UserController----
2022-11-18 06:55:03,428 [34] DEBUG LTCPro.ServiceLayer.Log4net - ---Executing GetUserPassedDueFlag() in UserService----
2022-11-18 06:55:03,432 [38] DEBUG LTCPro.ServiceLayer.Log4net - ---Executed Successfully GetUserRecentFacNs() in UserController----
2022-11-18 06:55:03,433 [34] DEBUG LTCPro.ServiceLayer.Log4net - ---Executed Successfully GetUserPassedDueFlag() in UserController----
2022-11-18 06:55:03,444 [16] DEBUG LTCPro.ServiceLayer.Log4net - ---Executing GetUserToken() in UserService----
2022-11-18 06:55:03,449 [16] DEBUG LTCPro.ServiceLayer.Log4net - ---Executing InsertUserActivityDetails() in CompanyController----
2022-11-18 06:55:03,450 [16] DEBUG LTCPro.ServiceLayer.Log4net - ---Executing InsertUserActivityDetails() in UserActivityService----
2022-11-18 06:55:03,459 [16] DEBUG LTCPro.ServiceLayer.Log4net - ---Executed Successfully InsertUserActivityDetails() in CompanyController----
2022-11-18 06:55:03,470 [37] DEBUG LTCPro.ServiceLayer.Log4net - ---Executing GetUserToken() in UserService----
2022-11-18 06:55:03,475 [37] DEBUG LTCPro.ServiceLayer.Log4net - ---Executing GetUserActiveCompanyMasterList() in CompanyController----
2022-11-18 06:55:03,475 [37] DEBUG LTCPro.ServiceLayer.Log4net - ---Executing GetActiveCompanyMasterList() in CompanyService----
2022-11-18 06:55:03,478 [6] DEBUG LTCPro.ServiceLayer.Log4net - ---Executing GetUserToken() in UserService----
2022-11-18 06:55:03,483 [6] DEBUG LTCPro.ServiceLayer.Log4net - ---Executing GetUserAccessFacilityNurseStaions() in FacilityController----
2022-11-18 06:55:03,484 [6] DEBUG LTCPro.ServiceLayer.Log4net - ---Executing GetUserAccessFacilityNurseStaions() in FacilityService----
2022-11-18 06:55:03,494 [6] DEBUG LTCPro.ServiceLayer.Log4net - ---Executed Successfully GetUserAccessFacilityNurseStaions() in FacilityController----
2022-11-18 06:55:03,503 [40] DEBUG LTCPro.ServiceLayer.Log4net - ---Executed successfully GetAlertsDetails() in MailboxController----
2022-11-18 06:55:03,506 [37] DEBUG LTCPro.ServiceLayer.Log4net - ---Executed Successfully GetUserActiveCompanyMasterList() in CompanyController----
2022-11-18 06:55:03,586 [29] DEBUG LTCPro.ServiceLayer.Log4net - ---Executed Successfully GetOutboundErrorDetails() in CommonController----
2022-11-18 06:55:03,606 [15] DEBUG LTCPro.ServiceLayer.Log4net - ---Executed Successfully GetPendingDosesList() in CommonController----
2022-11-18 06:55:04,187 [8] DEBUG LTCPro.ServiceLayer.Log4net - ---Executed Successfully GetDueMARAlertData() in EmarController----
2022-11-18 06:55:05,971 [37] DEBUG LTCPro.ServiceLayer.Log4net - ---Executing GetUserToken() in UserService----
2022-11-18 06:55:05,981 [38] DEBUG LTCPro.ServiceLayer.Log4net - ---Executing GetUserToken() in UserService----
2022-11-18 06:55:05,982 [37] DEBUG LTCPro.ServiceLayer.Log4net - ---Executing InsertUserActivityDetails() in CompanyController----
2022-11-18 06:55:05,982 [37] DEBUG LTCPro.ServiceLayer.Log4net - ---Executing InsertUserActivityDetails() in UserActivityService----
2022-11-18 06:55:05,987 [38] DEBUG LTCPro.ServiceLayer.Log4net - ---Executing GetUserRecentFacNs() in UserController----
2022-11-18 06:55:05,989 [38] DEBUG LTCPro.ServiceLayer.Log4net - ---Executing GetUserRecentFacNs() in UserService----
2022-11-18 06:55:05,995 [37] DEBUG LTCPro.ServiceLayer.Log4net - ---Executed Successfully InsertUserActivityDetails() in CompanyController----
2022-11-18 06:55:05,999 [38] DEBUG LTCPro.ServiceLayer.Log4net - ---Executed Successfully GetUserRecentFacNs() in UserController----
2022-11-18 06:55:06,013 [8] DEBUG LTCPro.ServiceLayer.Log4net - ---Executing GetUserToken() in UserService----
2022-11-18 06:55:06,020 [8] DEBUG LTCPro.ServiceLayer.Log4net - ---Executing GetUserAccessFacilityNurseStaions() in FacilityController----
2022-11-18 06:55:06,020 [8] DEBUG LTCPro.ServiceLayer.Log4net - ---Executing GetUserAccessFacilityNurseStaions() in FacilityService----
2022-11-18 06:55:06,035 [8] DEBUG LTCPro.ServiceLayer.Log4net - ---Executed Successfully GetUserAccessFacilityNurseStaions() in FacilityController----
2022-11-18 06:55:06,065 [37] DEBUG LTCPro.ServiceLayer.Log4net - ---Executing GetUserToken() in UserService----
2022-11-18 06:55:06,074 [37] DEBUG LTCPro.ServiceLayer.Log4net - ---Executing UserNurseStationDrop() in FacilityController----
2022-11-18 06:55:06,074 [37] DEBUG LTCPro.ServiceLayer.Log4net - ---Executing UserNurseStationDrop() in FacilityService----
2022-11-18 06:55:06,081 [37] DEBUG LTCPro.ServiceLayer.Log4net - ---Executed Successfully UserNurseStationDrop() in FacilityController----
2022-11-18 06:55:06,108 [8] DEBUG LTCPro.ServiceLayer.Log4net - ---Executing GetUserToken() in UserService----
2022-11-18 06:55:06,114 [8] DEBUG LTCPro.ServiceLayer.Log4net - ---Executing GetCompanyToBedFlagByFacId() in FacilityController----
2022-11-18 06:55:06,114 [8] DEBUG LTCPro.ServiceLayer.Log4net - ---Executing GetCompanyToBedFlagByFacId() in FacilityService----
2022-11-18 06:55:06,137 [34] DEBUG LTCPro.ServiceLayer.Log4net - ---Executing GetUserToken() in UserService----
2022-11-18 06:55:06,165 [34] DEBUG LTCPro.ServiceLayer.Log4net - ---Executing GetResidentsByCompanyBed() in ResidentDemographicController----
2022-11-18 06:55:06,165 [34] DEBUG LTCPro.ServiceLayer.Log4net - ---Executing GetResidentsByCompanyBed() in ResidentDemographicService----
2022-11-18 06:55:06,175 [8] DEBUG LTCPro.ServiceLayer.Log4net - ---Executed Successfully GetCompanyToBedFlagByFacId() in FacilityController----
2022-11-18 06:55:06,215 [37] DEBUG LTCPro.ServiceLayer.Log4net - ---Executing GetUserToken() in UserService----
2022-11-18 06:55:06,220 [37] DEBUG LTCPro.ServiceLayer.Log4net - ---Executing GetNurseStationHierarchyDetailsbyNsId() in CompanyController----
2022-11-18 06:55:06,220 [37] DEBUG LTCPro.ServiceLayer.Log4net - ---Executing GetNurseStationHierarchyDetailsbyNsId() in CompanyService----
2022-11-18 06:55:06,225 [37] DEBUG LTCPro.ServiceLayer.Log4net - ---Executed Successfully GetNurseStationHierarchyDetailsbyNsId() in CompanyController----
2022-11-18 06:55:07,686 [34] DEBUG LTCPro.ServiceLayer.Log4net - ---Executed Successfully GetResidentsByCompanyBed() in ResidentDemographicController----
2022-11-18 06:55:08,682 [38] DEBUG LTCPro.ServiceLayer.Log4net - ---Executing GetUserToken() in UserService----
2022-11-18 06:55:08,713 [41] DEBUG LTCPro.ServiceLayer.Log4net - ---Executing GetUserToken() in UserService----
2022-11-18 06:55:08,742 [40] DEBUG LTCPro.ServiceLayer.Log4net - ---Executing GetUserToken() in UserService----
2022-11-18 06:55:08,759 [38] DEBUG LTCPro.ServiceLayer.Log4net - ---Executing InsertUserActivityDetails() in CompanyController----
2022-11-18 06:55:08,760 [38] DEBUG LTCPro.ServiceLayer.Log4net - ---Executing InsertUserActivityDetails() in UserActivityService----
2022-11-18 06:55:08,761 [41] DEBUG LTCPro.ServiceLayer.Log4net - ---Executing GetResidentAdmitDischargeData() in ResidentDemographicController----
2022-11-18 06:55:08,761 [41] DEBUG LTCPro.ServiceLayer.Log4net - ---Executing GetResidentAdmitDischargeData() in ResidentDemographicService----
2022-11-18 06:55:08,775 [40] DEBUG LTCPro.ServiceLayer.Log4net - ---Executing GetFacilityNSResidentsDataByPId() in ResidentDemographicController----
2022-11-18 06:55:08,775 [40] DEBUG LTCPro.ServiceLayer.Log4net - ---Executing GetFacilityNSResidentsDataByPId() in ResidentDemographicService----
2022-11-18 06:55:08,776 [38] DEBUG LTCPro.ServiceLayer.Log4net - ---Executed Successfully InsertUserActivityDetails() in CompanyController----
2022-11-18 06:55:08,779 [41] DEBUG LTCPro.ServiceLayer.Log4net - ---Executed Successfully GetResidentAdmitDischargeData() in ResidentDemographicController----
2022-11-18 06:55:08,789 [16] DEBUG LTCPro.ServiceLayer.Log4net - ---Executing GetUserToken() in UserService----
2022-11-18 06:55:08,792 [37] DEBUG LTCPro.ServiceLayer.Log4net - ---Executing GetUserToken() in UserService----
2022-11-18 06:55:08,798 [8] DEBUG LTCPro.ServiceLayer.Log4net - ---Executing GetUserToken() in UserService----
2022-11-18 06:55:08,805 [16] DEBUG LTCPro.ServiceLayer.Log4net - ---Executing GetResidentAdmitDischargeData() in ResidentDemographicController----
2022-11-18 06:55:08,805 [16] DEBUG LTCPro.ServiceLayer.Log4net - ---Executing GetResidentAdmitDischargeData() in ResidentDemographicService----
2022-11-18 06:55:08,810 [8] DEBUG LTCPro.ServiceLayer.Log4net - ---Executing InsertUserActivityDetails() in CompanyController----
2022-11-18 06:55:08,810 [8] DEBUG LTCPro.ServiceLayer.Log4net - ---Executing InsertUserActivityDetails() in UserActivityService----
2022-11-18 06:55:08,849 [16] DEBUG LTCPro.ServiceLayer.Log4net - ---Executed Successfully GetResidentAdmitDischargeData() in ResidentDemographicController----
2022-11-18 06:55:08,856 [34] DEBUG LTCPro.ServiceLayer.Log4net - ---Executing GetUserToken() in UserService----
2022-11-18 06:55:08,857 [37] DEBUG LTCPro.ServiceLayer.Log4net - ---Executing InsertUserActivityDetails() in CompanyController----
2022-11-18 06:55:08,857 [37] DEBUG LTCPro.ServiceLayer.Log4net - ---Executing InsertUserActivityDetails() in UserActivityService----
2022-11-18 06:55:08,858 [8] DEBUG LTCPro.ServiceLayer.Log4net - ---Executed Successfully InsertUserActivityDetails() in CompanyController----
2022-11-18 06:55:08,865 [34] DEBUG LTCPro.ServiceLayer.Log4net - ---Executing InsertUserActivityDetails() in CompanyController----
2022-11-18 06:55:08,865 [34] DEBUG LTCPro.ServiceLayer.Log4net - ---Executing InsertUserActivityDetails() in UserActivityService----
2022-11-18 06:55:08,870 [37] DEBUG LTCPro.ServiceLayer.Log4net - ---Executed Successfully InsertUserActivityDetails() in CompanyController----
2022-11-18 06:55:08,875 [34] DEBUG LTCPro.ServiceLayer.Log4net - ---Executed Successfully InsertUserActivityDetails() in CompanyController----
2022-11-18 06:55:08,889 [29] DEBUG LTCPro.ServiceLayer.Log4net - ---Executing GetUserToken() in UserService----
2022-11-18 06:55:08,904 [40] DEBUG LTCPro.ServiceLayer.Log4net - ---Executed Successfully GetFacilityNSResidentsDataByPId() in ResidentDemographicController----
2022-11-18 06:55:08,913 [15] DEBUG LTCPro.ServiceLayer.Log4net - ---Executing GetUserToken() in UserService----
2022-11-18 06:55:08,913 [38] DEBUG LTCPro.ServiceLayer.Log4net - ---Executing GetUserToken() in UserService----
2022-11-18 06:55:08,913 [29] DEBUG LTCPro.ServiceLayer.Log4net - ---Executing GetResidentInformation() in ResidentDemographicController----
2022-11-18 06:55:08,913 [29] DEBUG LTCPro.ServiceLayer.Log4net - ---Executing GetResidentInformation() in ResidentDemographicService----
2022-11-18 06:55:08,919 [38] DEBUG LTCPro.ServiceLayer.Log4net - ---Executing GetResidentDiagnosisInfo() in ResidentDemographicController----
2022-11-18 06:55:08,919 [38] DEBUG LTCPro.ServiceLayer.Log4net - ---Executing GetResidentDiagnosisInfo() in DiagnosisInfoService----
2022-11-18 06:55:08,922 [15] DEBUG LTCPro.ServiceLayer.Log4net - ---Executing GetResidentAllergies() in ResidentDemographicController----
2022-11-18 06:55:08,922 [15] DEBUG LTCPro.ServiceLayer.Log4net - ---Executing GetResidentAllergies() in AllergyInfoService----
2022-11-18 06:55:08,926 [38] DEBUG LTCPro.ServiceLayer.Log4net - ---Executed Successfully GetResidentDiagnosisInfo() in ResidentDemographicController----
2022-11-18 06:55:08,930 [15] DEBUG LTCPro.ServiceLayer.Log4net - ---Executed Successfully GetResidentAllergies() in ResidentDemographicController----
2022-11-18 06:55:08,965 [16] DEBUG LTCPro.ServiceLayer.Log4net - ---Executing GetUserToken() in UserService----
2022-11-18 06:55:08,971 [16] DEBUG LTCPro.ServiceLayer.Log4net - ---Executing GetResidentInformation() in ResidentDemographicController----
2022-11-18 06:55:08,971 [16] DEBUG LTCPro.ServiceLayer.Log4net - ---Executing GetResidentInformation() in ResidentDemographicService----
2022-11-18 06:55:09,059 [29] DEBUG LTCPro.ServiceLayer.Log4net - ---Executed Successfully GetResidentInformation() in ResidentDemographicController----
2022-11-18 06:55:09,106 [16] DEBUG LTCPro.ServiceLayer.Log4net - ---Executed Successfully GetResidentInformation() in ResidentDemographicController----
2022-11-18 06:55:09,155 [37] DEBUG LTCPro.ServiceLayer.Log4net - ---Executing GetUserToken() in UserService----
2022-11-18 06:55:09,155 [16] DEBUG LTCPro.ServiceLayer.Log4net - ---Executing GetUserToken() in UserService----
2022-11-18 06:55:09,172 [34] DEBUG LTCPro.ServiceLayer.Log4net - ---Executing GetUserToken() in UserService----
2022-11-18 06:55:09,173 [37] DEBUG LTCPro.ServiceLayer.Log4net - ---Executing GetResidentInformation() in ResidentDemographicController----
2022-11-18 06:55:09,173 [37] DEBUG LTCPro.ServiceLayer.Log4net - ---Executing GetResidentInformation() in ResidentDemographicService----
2022-11-18 06:55:09,173 [16] DEBUG LTCPro.ServiceLayer.Log4net - ---Executing GetResidentAdmitDischargeData() in ResidentDemographicController----
2022-11-18 06:55:09,174 [16] DEBUG LTCPro.ServiceLayer.Log4net - ---Executing GetResidentAdmitDischargeData() in ResidentDemographicService----
2022-11-18 06:55:09,179 [34] DEBUG LTCPro.ServiceLayer.Log4net - ---Executing GetResidentDiagnosisInfo() in ResidentDemographicController----
2022-11-18 06:55:09,179 [34] DEBUG LTCPro.ServiceLayer.Log4net - ---Executing GetResidentDiagnosisInfo() in DiagnosisInfoService----
2022-11-18 06:55:09,191 [16] DEBUG LTCPro.ServiceLayer.Log4net - ---Executed Successfully GetResidentAdmitDischargeData() in ResidentDemographicController----
2022-11-18 06:55:09,193 [34] DEBUG LTCPro.ServiceLayer.Log4net - ---Executed Successfully GetResidentDiagnosisInfo() in ResidentDemographicController----
2022-11-18 06:55:09,208 [34] DEBUG LTCPro.ServiceLayer.Log4net - ---Executing GetUserToken() in UserService----
2022-11-18 06:55:09,216 [34] DEBUG LTCPro.ServiceLayer.Log4net - ---Executing GetPatientTypeByID() in CommonController----
2022-11-18 06:55:09,216 [34] DEBUG LTCPro.ServiceLayer.Log4net - ---Executing GetPatientTypeDrop() in CommonService----
2022-11-18 06:55:09,228 [38] DEBUG LTCPro.ServiceLayer.Log4net - ---Executing GetUserToken() in UserService----
2022-11-18 06:55:09,236 [38] DEBUG LTCPro.ServiceLayer.Log4net - ---Executing GetResidentAllergies() in ResidentDemographicController----
2022-11-18 06:55:09,236 [38] DEBUG LTCPro.ServiceLayer.Log4net - ---Executing GetResidentAllergies() in AllergyInfoService----
2022-11-18 06:55:09,243 [34] DEBUG LTCPro.ServiceLayer.Log4net - ---Executed Successfully GetPatientTypeDrop() in CommonController----
2022-11-18 06:55:09,243 [38] DEBUG LTCPro.ServiceLayer.Log4net - ---Executed Successfully GetResidentAllergies() in ResidentDemographicController----
2022-11-18 06:55:09,283 [37] DEBUG LTCPro.ServiceLayer.Log4net - ---Executed Successfully GetResidentInformation() in ResidentDemographicController----
2022-11-18 06:55:09,300 [34] DEBUG LTCPro.ServiceLayer.Log4net - ---Executing GetUserToken() in UserService----
2022-11-18 06:55:09,306 [34] DEBUG LTCPro.ServiceLayer.Log4net - ---Executing GetAllPatientTypesByPId() in ResidentDemographicController----
2022-11-18 06:55:09,306 [34] DEBUG LTCPro.ServiceLayer.Log4net - ---Executing GetAllPatientTypesByPId() in EmarService----
2022-11-18 06:55:09,311 [34] DEBUG LTCPro.ServiceLayer.Log4net - ---Executed Successfully GetAllPatientTypesByPId() in ResidentDemographicController----
2022-11-18 06:55:11,121 [38] DEBUG LTCPro.ServiceLayer.Log4net - ---Executing GetUserToken() in UserService----
2022-11-18 06:55:11,128 [38] DEBUG LTCPro.ServiceLayer.Log4net - ---Executing GetOutboundHLSevenConfigs() in HLSevenSegmentController----
2022-11-18 06:55:11,128 [38] DEBUG LTCPro.ServiceLayer.Log4net - ---Executing GetOutboundHLSevenConfigs() in HLSevenSegmentService----
2022-11-18 06:55:11,142 [38] DEBUG LTCPro.ServiceLayer.Log4net - ---Executed Successfully GetOutboundHLSevenConfigs() in HLSevenSegmentController----
2022-11-18 06:55:11,171 [38] DEBUG LTCPro.ServiceLayer.Log4net - ---Executing GetUserToken() in UserService----
2022-11-18 06:55:11,180 [38] DEBUG LTCPro.ServiceLayer.Log4net - ---Executing UserFacilityDrop() in FacilityController----
2022-11-18 06:55:11,180 [38] DEBUG LTCPro.ServiceLayer.Log4net - ---Executing UserFacilityDrop() in FacilityService----
2022-11-18 06:55:11,186 [38] DEBUG LTCPro.ServiceLayer.Log4net - ---Executed Successfully UserFacilityDrop() in FacilityController----
2022-11-18 06:55:11,200 [34] DEBUG LTCPro.ServiceLayer.Log4net - ---Executing GetUserToken() in UserService----
2022-11-18 06:55:11,206 [34] DEBUG LTCPro.ServiceLayer.Log4net - ---Executing GetResidentAdmitvisitInfoData() in ResidentDemographicController----
2022-11-18 06:55:11,206 [34] DEBUG LTCPro.ServiceLayer.Log4net - ---Executing  VisitInfoEntity()  in GetResidentAdmitvisitInfoData----
2022-11-18 06:55:11,218 [34] DEBUG LTCPro.ServiceLayer.Log4net - ---Executed Successfully GetResidentAdmitvisitInfoData() in ResidentDemographicController----
2022-11-18 06:55:11,236 [37] DEBUG LTCPro.ServiceLayer.Log4net - ---Executing GetUserToken() in UserService----
2022-11-18 06:55:11,240 [38] DEBUG LTCPro.ServiceLayer.Log4net - ---Executing GetUserToken() in UserService----
2022-11-18 06:55:11,246 [37] DEBUG LTCPro.ServiceLayer.Log4net - ---Executing UserFacilityDrop() in FacilityController----
2022-11-18 06:55:11,246 [37] DEBUG LTCPro.ServiceLayer.Log4net - ---Executing UserFacilityDrop() in FacilityService----
2022-11-18 06:55:11,302 [37] DEBUG LTCPro.ServiceLayer.Log4net - ---Executed Successfully UserFacilityDrop() in FacilityController----
2022-11-18 06:55:53,944 [37] DEBUG LTCPro.ServiceLayer.Log4net - ---Executing UsersConfigNurseStationDrop() in FacilityController----
2022-11-18 06:55:53,944 [37] DEBUG LTCPro.ServiceLayer.Log4net - ---Executing UsersConfigNurseStationDrop() in FacilityService----
2022-11-18 06:55:53,957 [37] DEBUG LTCPro.ServiceLayer.Log4net - ---Executed Successfully UsersConfigNurseStationDrop() in FacilityController----
2022-11-18 06:55:54,040 [37] DEBUG LTCPro.ServiceLayer.Log4net - ---Executing GetProcessKeyMasterList() in FacilityController----
2022-11-18 06:55:54,040 [37] DEBUG LTCPro.ServiceLayer.Log4net - ---Executing GetProcessKeyMasterList() in FacilityService----
2022-11-18 06:55:54,045 [37] DEBUG LTCPro.ServiceLayer.Log4net - ---Executed Successfully GetProcessKeyMasterList() in FacilityController----
2022-11-18 06:55:56,259 [37] DEBUG LTCPro.ServiceLayer.Log4net - ---Executing GetProcessKeyMasterList() in FacilityController----
2022-11-18 06:55:56,259 [37] DEBUG LTCPro.ServiceLayer.Log4net - ---Executing GetProcessKeyMasterList() in FacilityService----
2022-11-18 06:55:56,265 [37] DEBUG LTCPro.ServiceLayer.Log4net - ---Executed Successfully GetProcessKeyMasterList() in FacilityController----
2022-11-18 06:55:56,797 [37] DEBUG LTCPro.ServiceLayer.Log4net - ---Executing CheckUser() in UserService----
2022-11-18 06:55:56,851 [37] DEBUG LTCPro.ServiceLayer.Log4net - ---Executing FindUser() in UserService----
2022-11-18 06:55:56,866 [37] DEBUG LTCPro.ServiceLayer.Log4net - ---Executing InsertUserSession() in UserService----
2022-11-18 06:55:57,058 [37] DEBUG LTCPro.ServiceLayer.Log4net - ---Executing InsertUserToken() in UserService----
2022-11-18 06:55:57,126 [6] DEBUG LTCPro.ServiceLayer.Log4net - ---Executing InsertUpdateUserRecentFacNs() in UserController----
2022-11-18 06:55:57,126 [6] DEBUG LTCPro.ServiceLayer.Log4net - ---Executing GetUserRecentFacNs() in UserService----
2022-11-18 06:55:57,134 [6] DEBUG LTCPro.ServiceLayer.Log4net - ---Executing InsertUpdateUserRecentFacNs() in CommonService----
2022-11-18 06:55:57,143 [6] DEBUG LTCPro.ServiceLayer.Log4net - ---Executed Successfully InsertUpdateUserRecentFacNs() in UserController----
2022-11-18 06:55:57,180 [41] DEBUG LTCPro.ServiceLayer.Log4net - ---Executing GetScreenPermissionsForLoggedInUser() in RoleController----
2022-11-18 06:55:57,180 [41] DEBUG LTCPro.ServiceLayer.Log4net - ---Executing GetScreenPermissionsForLoggedInUser() in RoleService----
2022-11-18 06:55:57,188 [41] DEBUG LTCPro.ServiceLayer.Log4net - ---Executed Successfully GetScreenPermissionsForLoggedInUser() in RoleController----
2022-11-18 06:55:57,261 [34] DEBUG LTCPro.ServiceLayer.Log4net - ---Executing GetUserToken() in UserService----
2022-11-18 06:55:57,275 [15] DEBUG LTCPro.ServiceLayer.Log4net - ---Executing GetUserToken() in UserService----
2022-11-18 06:55:57,277 [34] DEBUG LTCPro.ServiceLayer.Log4net - ---Executing GetAlertsDetails() in MailboxController----
2022-11-18 06:55:57,277 [34] DEBUG LTCPro.ServiceLayer.Log4net - ---Executing GetAlertsDetails() in MailboxService----
2022-11-18 06:55:57,280 [6] DEBUG LTCPro.ServiceLayer.Log4net - ---Executing GetUserToken() in UserService----
2022-11-18 06:55:57,282 [15] DEBUG LTCPro.ServiceLayer.Log4net - ---Executing GetReadMailsCount() in MailboxController----
2022-11-18 06:55:57,282 [15] DEBUG LTCPro.ServiceLayer.Log4net - ---Executing GetReadMailsCount() in MailboxService----
2022-11-18 06:55:57,290 [41] DEBUG LTCPro.ServiceLayer.Log4net - ---Executing GetUserToken() in UserService----
2022-11-18 06:55:57,293 [15] DEBUG LTCPro.ServiceLayer.Log4net - ---Executed successfully GetReadMailsCount() in MailboxController----
2022-11-18 06:55:57,294 [38] DEBUG LTCPro.ServiceLayer.Log4net - ---Executing GetUserToken() in UserService----
2022-11-18 06:55:57,295 [6] DEBUG LTCPro.ServiceLayer.Log4net - ---Executing GetDueMARAlertData() in EmarController----
2022-11-18 06:55:57,295 [6] DEBUG LTCPro.ServiceLayer.Log4net - ---Executing GetDueMARAlertData() in EmarService----
2022-11-18 06:55:57,298 [41] DEBUG LTCPro.ServiceLayer.Log4net - ---Executing GetOutboundErrorDetails() in CommonController----
2022-11-18 06:55:57,299 [41] DEBUG LTCPro.ServiceLayer.Log4net - ---Executing GetOutboundErrorDetails() in CommonService----
2022-11-18 06:55:57,300 [16] DEBUG LTCPro.ServiceLayer.Log4net - ---Executing GetUserToken() in UserService----
2022-11-18 06:55:57,302 [38] DEBUG LTCPro.ServiceLayer.Log4net - ---Executing GetUserPassedDueFlag() in UserController----
2022-11-18 06:55:57,302 [38] DEBUG LTCPro.ServiceLayer.Log4net - ---Executing GetUserPassedDueFlag() in UserService----
2022-11-18 06:55:57,307 [38] DEBUG LTCPro.ServiceLayer.Log4net - ---Executed Successfully GetUserPassedDueFlag() in UserController----
2022-11-18 06:55:57,307 [16] DEBUG LTCPro.ServiceLayer.Log4net - ---Executing GetPendingDosesList() in CommonController----
2022-11-18 06:55:57,307 [16] DEBUG LTCPro.ServiceLayer.Log4net - ---Executing GetPendingDosesList() in CommonService----
2022-11-18 06:55:57,323 [37] DEBUG LTCPro.ServiceLayer.Log4net - ---Executing GetUserToken() in UserService----
2022-11-18 06:55:57,326 [38] DEBUG LTCPro.ServiceLayer.Log4net - ---Executing GetUserToken() in UserService----
2022-11-18 06:55:57,329 [37] DEBUG LTCPro.ServiceLayer.Log4net - ---Executing InsertUserActivityDetails() in CompanyController----
2022-11-18 06:55:57,329 [37] DEBUG LTCPro.ServiceLayer.Log4net - ---Executing InsertUserActivityDetails() in UserActivityService----
2022-11-18 06:55:57,334 [38] DEBUG LTCPro.ServiceLayer.Log4net - ---Executing GetUserRecentFacNs() in UserController----
2022-11-18 06:55:57,334 [38] DEBUG LTCPro.ServiceLayer.Log4net - ---Executing GetUserRecentFacNs() in UserService----
2022-11-18 06:55:57,338 [34] DEBUG LTCPro.ServiceLayer.Log4net - ---Executed successfully GetAlertsDetails() in MailboxController----
2022-11-18 06:55:57,347 [38] DEBUG LTCPro.ServiceLayer.Log4net - ---Executed Successfully GetUserRecentFacNs() in UserController----
2022-11-18 06:55:57,356 [37] DEBUG LTCPro.ServiceLayer.Log4net - ---Executed Successfully InsertUserActivityDetails() in CompanyController----
2022-11-18 06:55:57,370 [20] DEBUG LTCPro.ServiceLayer.Log4net - ---Executing GetUserToken() in UserService----
2022-11-18 06:55:57,375 [20] DEBUG LTCPro.ServiceLayer.Log4net - ---Executing GetUserAccessFacilityNurseStaions() in FacilityController----
2022-11-18 06:55:57,375 [20] DEBUG LTCPro.ServiceLayer.Log4net - ---Executing GetUserAccessFacilityNurseStaions() in FacilityService----
2022-11-18 06:55:57,382 [34] DEBUG LTCPro.ServiceLayer.Log4net - ---Executing GetUserToken() in UserService----
2022-11-18 06:55:57,388 [34] DEBUG LTCPro.ServiceLayer.Log4net - ---Executing GetUserActiveCompanyMasterList() in CompanyController----
2022-11-18 06:55:57,388 [34] DEBUG LTCPro.ServiceLayer.Log4net - ---Executing GetActiveCompanyMasterList() in CompanyService----
2022-11-18 06:55:57,389 [20] DEBUG LTCPro.ServiceLayer.Log4net - ---Executed Successfully GetUserAccessFacilityNurseStaions() in FacilityController----
2022-11-18 06:55:57,436 [34] DEBUG LTCPro.ServiceLayer.Log4net - ---Executed Successfully GetUserActiveCompanyMasterList() in CompanyController----
2022-11-18 06:55:57,476 [41] DEBUG LTCPro.ServiceLayer.Log4net - ---Executed Successfully GetOutboundErrorDetails() in CommonController----
2022-11-18 06:55:57,481 [16] DEBUG LTCPro.ServiceLayer.Log4net - ---Executed Successfully GetPendingDosesList() in CommonController----
2022-11-18 06:55:58,064 [6] DEBUG LTCPro.ServiceLayer.Log4net - ---Executed Successfully GetDueMARAlertData() in EmarController----
2022-11-18 06:55:58,217 [38] DEBUG LTCPro.ServiceLayer.Log4net - ---Executing GetUserToken() in UserService----
2022-11-18 06:55:58,224 [38] DEBUG LTCPro.ServiceLayer.Log4net - ---Executing InsertUserActivityDetails() in CompanyController----
2022-11-18 06:55:58,224 [38] DEBUG LTCPro.ServiceLayer.Log4net - ---Executing InsertUserActivityDetails() in UserActivityService----
2022-11-18 06:55:58,227 [6] DEBUG LTCPro.ServiceLayer.Log4net - ---Executing GetUserToken() in UserService----
2022-11-18 06:55:58,236 [6] DEBUG LTCPro.ServiceLayer.Log4net - ---Executing GetUserRecentFacNs() in UserController----
2022-11-18 06:55:58,236 [6] DEBUG LTCPro.ServiceLayer.Log4net - ---Executing GetUserRecentFacNs() in UserService----
2022-11-18 06:55:58,238 [38] DEBUG LTCPro.ServiceLayer.Log4net - ---Executed Successfully InsertUserActivityDetails() in CompanyController----
2022-11-18 06:55:58,247 [6] DEBUG LTCPro.ServiceLayer.Log4net - ---Executed Successfully GetUserRecentFacNs() in UserController----
2022-11-18 06:55:58,264 [37] DEBUG LTCPro.ServiceLayer.Log4net - ---Executing GetUserToken() in UserService----
2022-11-18 06:55:58,270 [37] DEBUG LTCPro.ServiceLayer.Log4net - ---Executing GetUserAccessFacilityNurseStaions() in FacilityController----
2022-11-18 06:55:58,270 [37] DEBUG LTCPro.ServiceLayer.Log4net - ---Executing GetUserAccessFacilityNurseStaions() in FacilityService----
2022-11-18 06:55:58,282 [37] DEBUG LTCPro.ServiceLayer.Log4net - ---Executed Successfully GetUserAccessFacilityNurseStaions() in FacilityController----
2022-11-18 06:55:58,302 [38] DEBUG LTCPro.ServiceLayer.Log4net - ---Executing GetUserToken() in UserService----
2022-11-18 06:55:58,308 [38] DEBUG LTCPro.ServiceLayer.Log4net - ---Executing UserNurseStationDrop() in FacilityController----
2022-11-18 06:55:58,308 [38] DEBUG LTCPro.ServiceLayer.Log4net - ---Executing UserNurseStationDrop() in FacilityService----
2022-11-18 06:55:58,314 [38] DEBUG LTCPro.ServiceLayer.Log4net - ---Executed Successfully UserNurseStationDrop() in FacilityController----
2022-11-18 06:55:58,338 [6] DEBUG LTCPro.ServiceLayer.Log4net - ---Executing GetUserToken() in UserService----
2022-11-18 06:55:58,344 [6] DEBUG LTCPro.ServiceLayer.Log4net - ---Executing GetCompanyToBedFlagByFacId() in FacilityController----
2022-11-18 06:55:58,344 [6] DEBUG LTCPro.ServiceLayer.Log4net - ---Executing GetCompanyToBedFlagByFacId() in FacilityService----
2022-11-18 06:55:58,372 [41] DEBUG LTCPro.ServiceLayer.Log4net - ---Executing GetUserToken() in UserService----
2022-11-18 06:55:58,377 [6] DEBUG LTCPro.ServiceLayer.Log4net - ---Executed Successfully GetCompanyToBedFlagByFacId() in FacilityController----
2022-11-18 06:55:58,378 [41] DEBUG LTCPro.ServiceLayer.Log4net - ---Executing GetResidentsByCompanyBed() in ResidentDemographicController----
2022-11-18 06:55:58,378 [41] DEBUG LTCPro.ServiceLayer.Log4net - ---Executing GetResidentsByCompanyBed() in ResidentDemographicService----
2022-11-18 06:55:58,462 [38] DEBUG LTCPro.ServiceLayer.Log4net - ---Executing GetUserToken() in UserService----
2022-11-18 06:55:58,467 [38] DEBUG LTCPro.ServiceLayer.Log4net - ---Executing GetNurseStationHierarchyDetailsbyNsId() in CompanyController----
2022-11-18 06:55:58,467 [38] DEBUG LTCPro.ServiceLayer.Log4net - ---Executing GetNurseStationHierarchyDetailsbyNsId() in CompanyService----
2022-11-18 06:55:58,472 [38] DEBUG LTCPro.ServiceLayer.Log4net - ---Executed Successfully GetNurseStationHierarchyDetailsbyNsId() in CompanyController----
2022-11-18 06:55:59,949 [41] DEBUG LTCPro.ServiceLayer.Log4net - ---Executed Successfully GetResidentsByCompanyBed() in ResidentDemographicController----
2022-11-18 06:56:01,336 [6] DEBUG LTCPro.ServiceLayer.Log4net - ---Executing GetUserToken() in UserService----
2022-11-18 06:56:01,341 [16] DEBUG LTCPro.ServiceLayer.Log4net - ---Executing GetUserToken() in UserService----
2022-11-18 06:56:01,344 [6] DEBUG LTCPro.ServiceLayer.Log4net - ---Executing InsertUserActivityDetails() in CompanyController----
2022-11-18 06:56:01,344 [6] DEBUG LTCPro.ServiceLayer.Log4net - ---Executing InsertUserActivityDetails() in UserActivityService----
2022-11-18 06:56:01,351 [16] DEBUG LTCPro.ServiceLayer.Log4net - ---Executing InsertUserActivityDetails() in CompanyController----
2022-11-18 06:56:01,351 [16] DEBUG LTCPro.ServiceLayer.Log4net - ---Executing InsertUserActivityDetails() in UserActivityService----
2022-11-18 06:56:01,358 [6] DEBUG LTCPro.ServiceLayer.Log4net - ---Executed Successfully InsertUserActivityDetails() in CompanyController----
2022-11-18 06:56:01,378 [41] DEBUG LTCPro.ServiceLayer.Log4net - ---Executing GetUserToken() in UserService----
2022-11-18 06:56:01,387 [16] DEBUG LTCPro.ServiceLayer.Log4net - ---Executed Successfully InsertUserActivityDetails() in CompanyController----
2022-11-18 06:56:01,391 [41] DEBUG LTCPro.ServiceLayer.Log4net - ---Executing GetFacilityNSResidentsDataByPId() in ResidentDemographicController----
2022-11-18 06:56:01,391 [41] DEBUG LTCPro.ServiceLayer.Log4net - ---Executing GetFacilityNSResidentsDataByPId() in ResidentDemographicService----
2022-11-18 06:56:01,396 [38] DEBUG LTCPro.ServiceLayer.Log4net - ---Executing GetUserToken() in UserService----
2022-11-18 06:56:01,404 [38] DEBUG LTCPro.ServiceLayer.Log4net - ---Executing GetResidentAdmitDischargeData() in ResidentDemographicController----
2022-11-18 06:56:01,404 [38] DEBUG LTCPro.ServiceLayer.Log4net - ---Executing GetResidentAdmitDischargeData() in ResidentDemographicService----
2022-11-18 06:56:01,410 [16] DEBUG LTCPro.ServiceLayer.Log4net - ---Executing GetUserToken() in UserService----
2022-11-18 06:56:01,411 [38] DEBUG LTCPro.ServiceLayer.Log4net - ---Executed Successfully GetResidentAdmitDischargeData() in ResidentDemographicController----
2022-11-18 06:56:01,419 [6] DEBUG LTCPro.ServiceLayer.Log4net - ---Executing GetUserToken() in UserService----
2022-11-18 06:56:01,419 [16] DEBUG LTCPro.ServiceLayer.Log4net - ---Executing InsertUserActivityDetails() in CompanyController----
2022-11-18 06:56:01,419 [16] DEBUG LTCPro.ServiceLayer.Log4net - ---Executing InsertUserActivityDetails() in UserActivityService----
2022-11-18 06:56:01,426 [6] DEBUG LTCPro.ServiceLayer.Log4net - ---Executing GetResidentAdmitDischargeData() in ResidentDemographicController----
2022-11-18 06:56:01,426 [6] DEBUG LTCPro.ServiceLayer.Log4net - ---Executing GetResidentAdmitDischargeData() in ResidentDemographicService----
2022-11-18 06:56:01,429 [38] DEBUG LTCPro.ServiceLayer.Log4net - ---Executing GetUserToken() in UserService----
2022-11-18 06:56:01,431 [16] DEBUG LTCPro.ServiceLayer.Log4net - ---Executed Successfully InsertUserActivityDetails() in CompanyController----
2022-11-18 06:56:01,432 [6] DEBUG LTCPro.ServiceLayer.Log4net - ---Executed Successfully GetResidentAdmitDischargeData() in ResidentDemographicController----
2022-11-18 06:56:01,437 [38] DEBUG LTCPro.ServiceLayer.Log4net - ---Executing InsertUserActivityDetails() in CompanyController----
2022-11-18 06:56:01,437 [38] DEBUG LTCPro.ServiceLayer.Log4net - ---Executing InsertUserActivityDetails() in UserActivityService----
2022-11-18 06:56:01,441 [41] DEBUG LTCPro.ServiceLayer.Log4net - ---Executed Successfully GetFacilityNSResidentsDataByPId() in ResidentDemographicController----
2022-11-18 06:56:01,457 [38] DEBUG LTCPro.ServiceLayer.Log4net - ---Executed Successfully InsertUserActivityDetails() in CompanyController----
2022-11-18 06:56:01,491 [16] DEBUG LTCPro.ServiceLayer.Log4net - ---Executing GetUserToken() in UserService----
2022-11-18 06:56:01,492 [6] DEBUG LTCPro.ServiceLayer.Log4net - ---Executing GetUserToken() in UserService----
2022-11-18 06:56:01,497 [41] DEBUG LTCPro.ServiceLayer.Log4net - ---Executing GetUserToken() in UserService----
2022-11-18 06:56:01,498 [16] DEBUG LTCPro.ServiceLayer.Log4net - ---Executing GetResidentDiagnosisInfo() in ResidentDemographicController----
2022-11-18 06:56:01,498 [16] DEBUG LTCPro.ServiceLayer.Log4net - ---Executing GetResidentDiagnosisInfo() in DiagnosisInfoService----
2022-11-18 06:56:01,499 [6] DEBUG LTCPro.ServiceLayer.Log4net - ---Executing GetResidentInformation() in ResidentDemographicController----
2022-11-18 06:56:01,499 [6] DEBUG LTCPro.ServiceLayer.Log4net - ---Executing GetResidentInformation() in ResidentDemographicService----
2022-11-18 06:56:01,506 [16] DEBUG LTCPro.ServiceLayer.Log4net - ---Executed Successfully GetResidentDiagnosisInfo() in ResidentDemographicController----
2022-11-18 06:56:01,507 [41] DEBUG LTCPro.ServiceLayer.Log4net - ---Executing GetResidentAllergies() in ResidentDemographicController----
2022-11-18 06:56:01,510 [41] DEBUG LTCPro.ServiceLayer.Log4net - ---Executing GetResidentAllergies() in AllergyInfoService----
2022-11-18 06:56:01,520 [41] DEBUG LTCPro.ServiceLayer.Log4net - ---Executed Successfully GetResidentAllergies() in ResidentDemographicController----
2022-11-18 06:56:01,533 [38] DEBUG LTCPro.ServiceLayer.Log4net - ---Executing GetUserToken() in UserService----
2022-11-18 06:56:01,540 [38] DEBUG LTCPro.ServiceLayer.Log4net - ---Executing GetResidentInformation() in ResidentDemographicController----
2022-11-18 06:56:01,540 [38] DEBUG LTCPro.ServiceLayer.Log4net - ---Executing GetResidentInformation() in ResidentDemographicService----
2022-11-18 06:56:01,613 [6] DEBUG LTCPro.ServiceLayer.Log4net - ---Executed Successfully GetResidentInformation() in ResidentDemographicController----
2022-11-18 06:56:01,641 [38] DEBUG LTCPro.ServiceLayer.Log4net - ---Executed Successfully GetResidentInformation() in ResidentDemographicController----
2022-11-18 06:56:01,691 [6] DEBUG LTCPro.ServiceLayer.Log4net - ---Executing GetUserToken() in UserService----
2022-11-18 06:56:01,694 [16] DEBUG LTCPro.ServiceLayer.Log4net - ---Executing GetUserToken() in UserService----
2022-11-18 06:56:01,696 [6] DEBUG LTCPro.ServiceLayer.Log4net - ---Executing GetResidentAdmitDischargeData() in ResidentDemographicController----
2022-11-18 06:56:01,696 [6] DEBUG LTCPro.ServiceLayer.Log4net - ---Executing GetResidentAdmitDischargeData() in ResidentDemographicService----
2022-11-18 06:56:01,701 [16] DEBUG LTCPro.ServiceLayer.Log4net - ---Executing GetResidentAllergies() in ResidentDemographicController----
2022-11-18 06:56:01,701 [16] DEBUG LTCPro.ServiceLayer.Log4net - ---Executing GetResidentAllergies() in AllergyInfoService----
2022-11-18 06:56:01,702 [6] DEBUG LTCPro.ServiceLayer.Log4net - ---Executed Successfully GetResidentAdmitDischargeData() in ResidentDemographicController----
2022-11-18 06:56:01,710 [41] DEBUG LTCPro.ServiceLayer.Log4net - ---Executing GetUserToken() in UserService----
2022-11-18 06:56:01,715 [41] DEBUG LTCPro.ServiceLayer.Log4net - ---Executing GetResidentInformation() in ResidentDemographicController----
2022-11-18 06:56:01,715 [41] DEBUG LTCPro.ServiceLayer.Log4net - ---Executing GetResidentInformation() in ResidentDemographicService----
2022-11-18 06:56:01,715 [16] DEBUG LTCPro.ServiceLayer.Log4net - ---Executed Successfully GetResidentAllergies() in ResidentDemographicController----
2022-11-18 06:56:01,724 [38] DEBUG LTCPro.ServiceLayer.Log4net - ---Executing GetUserToken() in UserService----
2022-11-18 06:56:01,725 [6] DEBUG LTCPro.ServiceLayer.Log4net - ---Executing GetUserToken() in UserService----
2022-11-18 06:56:01,735 [38] DEBUG LTCPro.ServiceLayer.Log4net - ---Executing GetResidentDiagnosisInfo() in ResidentDemographicController----
2022-11-18 06:56:01,735 [38] DEBUG LTCPro.ServiceLayer.Log4net - ---Executing GetResidentDiagnosisInfo() in DiagnosisInfoService----
2022-11-18 06:56:01,735 [6] DEBUG LTCPro.ServiceLayer.Log4net - ---Executing GetPatientTypeByID() in CommonController----
2022-11-18 06:56:01,735 [6] DEBUG LTCPro.ServiceLayer.Log4net - ---Executing GetPatientTypeDrop() in CommonService----
2022-11-18 06:56:01,740 [38] DEBUG LTCPro.ServiceLayer.Log4net - ---Executed Successfully GetResidentDiagnosisInfo() in ResidentDemographicController----
2022-11-18 06:56:01,770 [6] DEBUG LTCPro.ServiceLayer.Log4net - ---Executed Successfully GetPatientTypeDrop() in CommonController----
2022-11-18 06:56:01,831 [41] DEBUG LTCPro.ServiceLayer.Log4net - ---Executed Successfully GetResidentInformation() in ResidentDemographicController----
2022-11-18 06:56:01,834 [38] DEBUG LTCPro.ServiceLayer.Log4net - ---Executing GetUserToken() in UserService----
2022-11-18 06:56:01,839 [38] DEBUG LTCPro.ServiceLayer.Log4net - ---Executing GetAllPatientTypesByPId() in ResidentDemographicController----
2022-11-18 06:56:01,839 [38] DEBUG LTCPro.ServiceLayer.Log4net - ---Executing GetAllPatientTypesByPId() in EmarService----
2022-11-18 06:56:01,844 [38] DEBUG LTCPro.ServiceLayer.Log4net - ---Executed Successfully GetAllPatientTypesByPId() in ResidentDemographicController----
2022-11-18 06:56:03,222 [6] DEBUG LTCPro.ServiceLayer.Log4net - ---Executing GetUserToken() in UserService----
2022-11-18 06:56:03,230 [6] DEBUG LTCPro.ServiceLayer.Log4net - ---Executing GetOutboundHLSevenConfigs() in HLSevenSegmentController----
2022-11-18 06:56:03,230 [6] DEBUG LTCPro.ServiceLayer.Log4net - ---Executing GetOutboundHLSevenConfigs() in HLSevenSegmentService----
2022-11-18 06:56:03,238 [6] DEBUG LTCPro.ServiceLayer.Log4net - ---Executed Successfully GetOutboundHLSevenConfigs() in HLSevenSegmentController----
2022-11-18 06:56:03,262 [38] DEBUG LTCPro.ServiceLayer.Log4net - ---Executing GetUserToken() in UserService----
2022-11-18 06:56:03,270 [38] DEBUG LTCPro.ServiceLayer.Log4net - ---Executing UserFacilityDrop() in FacilityController----
2022-11-18 06:56:03,270 [38] DEBUG LTCPro.ServiceLayer.Log4net - ---Executing UserFacilityDrop() in FacilityService----
2022-11-18 06:56:03,276 [38] DEBUG LTCPro.ServiceLayer.Log4net - ---Executed Successfully UserFacilityDrop() in FacilityController----
2022-11-18 06:56:03,348 [6] DEBUG LTCPro.ServiceLayer.Log4net - ---Executing GetUserToken() in UserService----
2022-11-18 06:56:03,353 [6] DEBUG LTCPro.ServiceLayer.Log4net - ---Executing GetResidentAdmitvisitInfoData() in ResidentDemographicController----
2022-11-18 06:56:03,353 [6] DEBUG LTCPro.ServiceLayer.Log4net - ---Executing  VisitInfoEntity()  in GetResidentAdmitvisitInfoData----
2022-11-18 06:56:03,366 [6] DEBUG LTCPro.ServiceLayer.Log4net - ---Executed Successfully GetResidentAdmitvisitInfoData() in ResidentDemographicController----
2022-11-18 06:56:03,381 [6] DEBUG LTCPro.ServiceLayer.Log4net - ---Executing GetUserToken() in UserService----
2022-11-18 06:56:03,384 [41] DEBUG LTCPro.ServiceLayer.Log4net - ---Executing GetUserToken() in UserService----
2022-11-18 06:56:03,387 [6] DEBUG LTCPro.ServiceLayer.Log4net - ---Executing UserFacilityDrop() in FacilityController----
2022-11-18 06:56:03,387 [6] DEBUG LTCPro.ServiceLayer.Log4net - ---Executing UserFacilityDrop() in FacilityService----
2022-11-18 06:56:03,389 [41] DEBUG LTCPro.ServiceLayer.Log4net - ---Executing GetCompanyToBedFlagByFacId() in FacilityController----
2022-11-18 06:56:03,389 [41] DEBUG LTCPro.ServiceLayer.Log4net - ---Executing GetCompanyToBedFlagByFacId() in FacilityService----
2022-11-18 06:56:03,393 [6] DEBUG LTCPro.ServiceLayer.Log4net - ---Executed Successfully UserFacilityDrop() in FacilityController----
2022-11-18 06:56:03,422 [41] DEBUG LTCPro.ServiceLayer.Log4net - ---Executed Successfully GetCompanyToBedFlagByFacId() in FacilityController----
2022-11-18 06:56:03,443 [41] DEBUG LTCPro.ServiceLayer.Log4net - ---Executing GetUserToken() in UserService----
2022-11-18 06:56:03,449 [41] DEBUG LTCPro.ServiceLayer.Log4net - ---Executing UserNurseStationDrop() in FacilityController----
2022-11-18 06:56:03,449 [41] DEBUG LTCPro.ServiceLayer.Log4net - ---Executing UserNurseStationDrop() in FacilityService----
2022-11-18 06:56:03,455 [41] DEBUG LTCPro.ServiceLayer.Log4net - ---Executed Successfully UserNurseStationDrop() in FacilityController----
2022-11-18 06:56:03,464 [38] DEBUG LTCPro.ServiceLayer.Log4net - ---Executing GetUserToken() in UserService----
2022-11-18 06:56:03,469 [38] DEBUG LTCPro.ServiceLayer.Log4net - ---Executing GetNurseStationHierarchyDetailsbyNsId() in CompanyController----
2022-11-18 06:56:03,469 [38] DEBUG LTCPro.ServiceLayer.Log4net - ---Executing GetNurseStationHierarchyDetailsbyNsId() in CompanyService----
2022-11-18 06:56:03,474 [38] DEBUG LTCPro.ServiceLayer.Log4net - ---Executed Successfully GetNurseStationHierarchyDetailsbyNsId() in CompanyController----
2022-11-18 06:57:41,402 [32] DEBUG LTCPro.ServiceLayer.Log4net - ---Executing GetUserToken() in UserService----
2022-11-18 06:57:41,409 [32] DEBUG LTCPro.ServiceLayer.Log4net - ---Executing InsertResidentVisitInfo() in AdminApprovalController----
2022-11-18 06:57:41,409 [32] DEBUG LTCPro.ServiceLayer.Log4net - ---Executing InsertResidentVisitInfo() in AdminApprovalService----
2022-11-18 06:57:41,664 [32] DEBUG LTCPro.ServiceLayer.Log4net - ---Executing GenerateOutboundFile() Discharge in AdminApprovalService----
2022-11-18 06:57:41,674 [32] DEBUG LTCPro.ServiceLayer.Log4net - ---Generating OutboundFile Discharge in AdminApprovalService----
2022-11-18 06:57:41,711 [32] DEBUG LTCPro.ServiceLayer.Log4net - ---Generated OutboundFile Download Start D:/Promantra/OutboundLive/Pending//Discharge_11182022052655.hl7 in AdminApprovalService----
2022-11-18 06:57:41,742 [32] DEBUG LTCPro.ServiceLayer.Log4net - ---Generated OutboundFile Download Completed D:/Promantra/OutboundLive/Pending//Discharge_11182022052655.hl7 in AdminApprovalService----
2022-11-18 06:57:41,742 [32] DEBUG LTCPro.ServiceLayer.Log4net - ---Executed GenerateOutboundFile() Discharge in AdminApprovalService----
2022-11-18 06:57:41,858 [32] DEBUG LTCPro.ServiceLayer.Log4net - ---Executed Successfully InsertResidentVisitInfo() in AdminApprovalController----
2022-11-18 06:57:41,969 [32] DEBUG LTCPro.ServiceLayer.Log4net - ---Executing GetUserToken() in UserService----
2022-11-18 06:57:41,974 [32] DEBUG LTCPro.ServiceLayer.Log4net - ---Executing GetApprovalFlag() in CompanyController----
2022-11-18 06:57:41,974 [32] DEBUG LTCPro.ServiceLayer.Log4net - ---Executing GetApprovalFlag() in CompanyService----
2022-11-18 06:57:42,074 [32] DEBUG LTCPro.ServiceLayer.Log4net - ---Executing GetUserToken() in UserService----
2022-11-18 06:57:42,080 [23] DEBUG LTCPro.ServiceLayer.Log4net - ---Executing GetUserToken() in UserService----
2022-11-18 06:57:42,082 [32] DEBUG LTCPro.ServiceLayer.Log4net - ---Executing GetFacilityNSResidentsDataByPId() in ResidentDemographicController----
2022-11-18 06:57:42,082 [32] DEBUG LTCPro.ServiceLayer.Log4net - ---Executing GetFacilityNSResidentsDataByPId() in ResidentDemographicService----
2022-11-18 06:57:42,088 [23] DEBUG LTCPro.ServiceLayer.Log4net - ---Executing GetResidentAdmitDischargeData() in ResidentDemographicController----
2022-11-18 06:57:42,088 [23] DEBUG LTCPro.ServiceLayer.Log4net - ---Executing GetResidentAdmitDischargeData() in ResidentDemographicService----
2022-11-18 06:57:42,102 [23] DEBUG LTCPro.ServiceLayer.Log4net - ---Executed Successfully GetResidentAdmitDischargeData() in ResidentDemographicController----
2022-11-18 06:57:42,173 [32] DEBUG LTCPro.ServiceLayer.Log4net - ---Executed Successfully GetFacilityNSResidentsDataByPId() in ResidentDemographicController----
2022-11-18 06:57:42,239 [23] DEBUG LTCPro.ServiceLayer.Log4net - ---Executing GetUserToken() in UserService----
2022-11-18 06:57:42,249 [23] DEBUG LTCPro.ServiceLayer.Log4net - ---Executing GetResidentInformation() in ResidentDemographicController----
2022-11-18 06:57:42,249 [23] DEBUG LTCPro.ServiceLayer.Log4net - ---Executing GetResidentInformation() in ResidentDemographicService----
2022-11-18 06:57:42,425 [23] DEBUG LTCPro.ServiceLayer.Log4net - ---Executed Successfully GetResidentInformation() in ResidentDemographicController----
2022-11-18 06:57:42,491 [21] DEBUG LTCPro.ServiceLayer.Log4net - ---Executing GetUserToken() in UserService----
2022-11-18 06:57:42,514 [40] DEBUG LTCPro.ServiceLayer.Log4net - ---Executing GetUserToken() in UserService----
2022-11-18 06:57:42,516 [21] DEBUG LTCPro.ServiceLayer.Log4net - ---Executing GetResidentAdmitDischargeData() in ResidentDemographicController----
2022-11-18 06:57:42,516 [21] DEBUG LTCPro.ServiceLayer.Log4net - ---Executing GetResidentAdmitDischargeData() in ResidentDemographicService----
2022-11-18 06:57:42,530 [23] DEBUG LTCPro.ServiceLayer.Log4net - ---Executing GetUserToken() in UserService----
2022-11-18 06:57:42,531 [40] DEBUG LTCPro.ServiceLayer.Log4net - ---Executing GetResidentInformation() in ResidentDemographicController----
2022-11-18 06:57:42,531 [40] DEBUG LTCPro.ServiceLayer.Log4net - ---Executing GetResidentInformation() in ResidentDemographicService----
2022-11-18 06:57:42,534 [21] DEBUG LTCPro.ServiceLayer.Log4net - ---Executed Successfully GetResidentAdmitDischargeData() in ResidentDemographicController----
2022-11-18 06:57:42,549 [23] DEBUG LTCPro.ServiceLayer.Log4net - ---Executing GetResidentDiagnosisInfo() in ResidentDemographicController----
2022-11-18 06:57:42,549 [23] DEBUG LTCPro.ServiceLayer.Log4net - ---Executing GetResidentDiagnosisInfo() in DiagnosisInfoService----
2022-11-18 06:57:42,560 [32] DEBUG LTCPro.ServiceLayer.Log4net - ---Executing GetUserToken() in UserService----
2022-11-18 06:57:42,567 [21] DEBUG LTCPro.ServiceLayer.Log4net - ---Executing GetUserToken() in UserService----
2022-11-18 06:57:42,588 [23] DEBUG LTCPro.ServiceLayer.Log4net - ---Executed Successfully GetResidentDiagnosisInfo() in ResidentDemographicController----
2022-11-18 06:57:42,590 [32] DEBUG LTCPro.ServiceLayer.Log4net - ---Executing GetResidentAllergies() in ResidentDemographicController----
2022-11-18 06:57:42,591 [32] DEBUG LTCPro.ServiceLayer.Log4net - ---Executing GetResidentAllergies() in AllergyInfoService----
2022-11-18 06:57:42,595 [21] DEBUG LTCPro.ServiceLayer.Log4net - ---Executing GetPatientTypeByID() in CommonController----
2022-11-18 06:57:42,595 [21] DEBUG LTCPro.ServiceLayer.Log4net - ---Executing GetPatientTypeDrop() in CommonService----
2022-11-18 06:57:42,653 [32] DEBUG LTCPro.ServiceLayer.Log4net - ---Executed Successfully GetResidentAllergies() in ResidentDemographicController----
2022-11-18 06:57:42,720 [21] DEBUG LTCPro.ServiceLayer.Log4net - ---Executed Successfully GetPatientTypeDrop() in CommonController----
2022-11-18 06:57:42,811 [21] DEBUG LTCPro.ServiceLayer.Log4net - ---Executing GetUserToken() in UserService----
2022-11-18 06:57:42,838 [21] DEBUG LTCPro.ServiceLayer.Log4net - ---Executing GetAllPatientTypesByPId() in ResidentDemographicController----
2022-11-18 06:57:42,838 [21] DEBUG LTCPro.ServiceLayer.Log4net - ---Executing GetAllPatientTypesByPId() in EmarService----
2022-11-18 06:57:42,875 [21] DEBUG LTCPro.ServiceLayer.Log4net - ---Executed Successfully GetAllPatientTypesByPId() in ResidentDemographicController----
2022-11-18 06:57:42,892 [40] DEBUG LTCPro.ServiceLayer.Log4net - ---Executed Successfully GetResidentInformation() in ResidentDemographicController----
2022-11-18 06:58:00,176 [32] DEBUG LTCPro.ServiceLayer.Log4net - ---Executing GetUserToken() in UserService----
2022-11-18 06:58:00,176 [21] DEBUG LTCPro.ServiceLayer.Log4net - ---Executing GetUserToken() in UserService----
2022-11-18 06:58:00,182 [21] DEBUG LTCPro.ServiceLayer.Log4net - ---Executing GetUserPassedDueFlag() in UserController----
2022-11-18 06:58:00,183 [21] DEBUG LTCPro.ServiceLayer.Log4net - ---Executing GetUserPassedDueFlag() in UserService----
2022-11-18 06:58:00,185 [28] DEBUG LTCPro.ServiceLayer.Log4net - ---Executing GetUserToken() in UserService----
2022-11-18 06:58:00,194 [23] DEBUG LTCPro.ServiceLayer.Log4net - ---Executing GetUserToken() in UserService----
2022-11-18 06:58:00,194 [21] DEBUG LTCPro.ServiceLayer.Log4net - ---Executed Successfully GetUserPassedDueFlag() in UserController----
2022-11-18 06:58:00,199 [28] DEBUG LTCPro.ServiceLayer.Log4net - ---Executing GetOutboundErrorDetails() in CommonController----
2022-11-18 06:58:00,199 [28] DEBUG LTCPro.ServiceLayer.Log4net - ---Executing GetOutboundErrorDetails() in CommonService----
2022-11-18 06:58:00,227 [23] DEBUG LTCPro.ServiceLayer.Log4net - ---Executing GetReadMailsCount() in MailboxController----
2022-11-18 06:58:00,227 [23] DEBUG LTCPro.ServiceLayer.Log4net - ---Executing GetReadMailsCount() in MailboxService----
2022-11-18 06:58:00,233 [42] DEBUG LTCPro.ServiceLayer.Log4net - ---Executing GetUserToken() in UserService----
2022-11-18 06:58:00,234 [32] DEBUG LTCPro.ServiceLayer.Log4net - ---Executing GetAlertsDetails() in MailboxController----
2022-11-18 06:58:00,234 [32] DEBUG LTCPro.ServiceLayer.Log4net - ---Executing GetAlertsDetails() in MailboxService----
2022-11-18 06:58:00,235 [23] DEBUG LTCPro.ServiceLayer.Log4net - ---Executed successfully GetReadMailsCount() in MailboxController----
2022-11-18 06:58:00,240 [42] DEBUG LTCPro.ServiceLayer.Log4net - ---Executing GetDueMARAlertData() in EmarController----
2022-11-18 06:58:00,241 [42] DEBUG LTCPro.ServiceLayer.Log4net - ---Executing GetDueMARAlertData() in EmarService----
2022-11-18 06:58:00,241 [43] DEBUG LTCPro.ServiceLayer.Log4net - ---Executing GetUserToken() in UserService----
2022-11-18 06:58:00,247 [43] DEBUG LTCPro.ServiceLayer.Log4net - ---Executing GetPendingDosesList() in CommonController----
2022-11-18 06:58:00,247 [43] DEBUG LTCPro.ServiceLayer.Log4net - ---Executing GetPendingDosesList() in CommonService----
2022-11-18 06:58:00,262 [23] DEBUG LTCPro.ServiceLayer.Log4net - ---Executing GetUserToken() in UserService----
2022-11-18 06:58:00,266 [40] DEBUG LTCPro.ServiceLayer.Log4net - ---Executing GetUserToken() in UserService----
2022-11-18 06:58:00,269 [23] DEBUG LTCPro.ServiceLayer.Log4net - ---Executing GetUserRecentFacNs() in UserController----
2022-11-18 06:58:00,269 [23] DEBUG LTCPro.ServiceLayer.Log4net - ---Executing GetUserRecentFacNs() in UserService----
2022-11-18 06:58:00,275 [40] DEBUG LTCPro.ServiceLayer.Log4net - ---Executing GetUserRecentFacNs() in UserController----
2022-11-18 06:58:00,275 [40] DEBUG LTCPro.ServiceLayer.Log4net - ---Executing GetUserRecentFacNs() in UserService----
2022-11-18 06:58:00,304 [23] DEBUG LTCPro.ServiceLayer.Log4net - ---Executed Successfully GetUserRecentFacNs() in UserController----
2022-11-18 06:58:00,306 [40] DEBUG LTCPro.ServiceLayer.Log4net - ---Executed Successfully GetUserRecentFacNs() in UserController----
2022-11-18 06:58:00,319 [32] DEBUG LTCPro.ServiceLayer.Log4net - ---Executed successfully GetAlertsDetails() in MailboxController----
2022-11-18 06:58:00,342 [32] DEBUG LTCPro.ServiceLayer.Log4net - ---Executing GetUserToken() in UserService----
2022-11-18 06:58:00,346 [32] DEBUG LTCPro.ServiceLayer.Log4net - ---Executing InsertUserActivityDetails() in CompanyController----
2022-11-18 06:58:00,346 [32] DEBUG LTCPro.ServiceLayer.Log4net - ---Executing InsertUserActivityDetails() in UserActivityService----
2022-11-18 06:58:00,348 [23] DEBUG LTCPro.ServiceLayer.Log4net - ---Executing GetUserToken() in UserService----
2022-11-18 06:58:00,348 [40] DEBUG LTCPro.ServiceLayer.Log4net - ---Executing GetUserToken() in UserService----
2022-11-18 06:58:00,358 [23] DEBUG LTCPro.ServiceLayer.Log4net - ---Executing GetUserAccessFacilityNurseStaions() in FacilityController----
2022-11-18 06:58:00,358 [23] DEBUG LTCPro.ServiceLayer.Log4net - ---Executing GetUserAccessFacilityNurseStaions() in FacilityService----
2022-11-18 06:58:00,358 [40] DEBUG LTCPro.ServiceLayer.Log4net - ---Executing GetUserAccessFacilityNurseStaions() in FacilityController----
2022-11-18 06:58:00,358 [40] DEBUG LTCPro.ServiceLayer.Log4net - ---Executing GetUserAccessFacilityNurseStaions() in FacilityService----
2022-11-18 06:58:00,363 [32] DEBUG LTCPro.ServiceLayer.Log4net - ---Executed Successfully InsertUserActivityDetails() in CompanyController----
2022-11-18 06:58:00,377 [23] DEBUG LTCPro.ServiceLayer.Log4net - ---Executed Successfully GetUserAccessFacilityNurseStaions() in FacilityController----
2022-11-18 06:58:00,379 [40] DEBUG LTCPro.ServiceLayer.Log4net - ---Executed Successfully GetUserAccessFacilityNurseStaions() in FacilityController----
2022-11-18 06:58:00,395 [28] DEBUG LTCPro.ServiceLayer.Log4net - ---Executed Successfully GetOutboundErrorDetails() in CommonController----
2022-11-18 06:58:00,411 [28] DEBUG LTCPro.ServiceLayer.Log4net - ---Executing GetUserToken() in UserService----
2022-11-18 06:58:00,417 [28] DEBUG LTCPro.ServiceLayer.Log4net - ---Executing UserNurseStationDrop() in FacilityController----
2022-11-18 06:58:00,417 [28] DEBUG LTCPro.ServiceLayer.Log4net - ---Executing UserNurseStationDrop() in FacilityService----
2022-11-18 06:58:00,422 [43] DEBUG LTCPro.ServiceLayer.Log4net - ---Executed Successfully GetPendingDosesList() in CommonController----
2022-11-18 06:58:00,423 [28] DEBUG LTCPro.ServiceLayer.Log4net - ---Executed Successfully UserNurseStationDrop() in FacilityController----
2022-11-18 06:58:00,463 [40] DEBUG LTCPro.ServiceLayer.Log4net - ---Executing GetUserToken() in UserService----
2022-11-18 06:58:00,469 [40] DEBUG LTCPro.ServiceLayer.Log4net - ---Executing GetCompanyToBedFlagByFacId() in FacilityController----
2022-11-18 06:58:00,469 [40] DEBUG LTCPro.ServiceLayer.Log4net - ---Executing GetCompanyToBedFlagByFacId() in FacilityService----
2022-11-18 06:58:00,493 [32] DEBUG LTCPro.ServiceLayer.Log4net - ---Executing GetUserToken() in UserService----
2022-11-18 06:58:00,502 [32] DEBUG LTCPro.ServiceLayer.Log4net - ---Executing GetResidentsByCompanyBed() in ResidentDemographicController----
2022-11-18 06:58:00,502 [32] DEBUG LTCPro.ServiceLayer.Log4net - ---Executing GetResidentsByCompanyBed() in ResidentDemographicService----
2022-11-18 06:58:00,506 [40] DEBUG LTCPro.ServiceLayer.Log4net - ---Executed Successfully GetCompanyToBedFlagByFacId() in FacilityController----
2022-11-18 06:58:00,559 [21] DEBUG LTCPro.ServiceLayer.Log4net - ---Executing GetUserToken() in UserService----
2022-11-18 06:58:00,565 [21] DEBUG LTCPro.ServiceLayer.Log4net - ---Executing GetNurseStationHierarchyDetailsbyNsId() in CompanyController----
2022-11-18 06:58:00,565 [21] DEBUG LTCPro.ServiceLayer.Log4net - ---Executing GetNurseStationHierarchyDetailsbyNsId() in CompanyService----
2022-11-18 06:58:00,570 [21] DEBUG LTCPro.ServiceLayer.Log4net - ---Executed Successfully GetNurseStationHierarchyDetailsbyNsId() in CompanyController----
2022-11-18 06:58:01,081 [42] DEBUG LTCPro.ServiceLayer.Log4net - ---Executed Successfully GetDueMARAlertData() in EmarController----
2022-11-18 06:58:02,085 [32] DEBUG LTCPro.ServiceLayer.Log4net - ---Executed Successfully GetResidentsByCompanyBed() in ResidentDemographicController----
2022-11-18 06:58:04,509 [23] DEBUG LTCPro.ServiceLayer.Log4net - ---Executing GetUserToken() in UserService----
2022-11-18 06:58:04,514 [23] DEBUG LTCPro.ServiceLayer.Log4net - ---Executing GetOrdersGridData() in OrdersController----
2022-11-18 06:58:04,514 [23] DEBUG LTCPro.ServiceLayer.Log4net - ---Executing GetOrdersGridData() in OrdersService----
2022-11-18 06:58:04,522 [23] DEBUG LTCPro.ServiceLayer.Log4net - ---Executed Successfully GetOrdersGridData() in OrdersController----
2022-11-18 06:58:04,951 [32] DEBUG LTCPro.ServiceLayer.Log4net - ---Executing GetUserToken() in UserService----
2022-11-18 06:58:04,961 [32] DEBUG LTCPro.ServiceLayer.Log4net - ---Executing InsertUserActivityDetails() in CompanyController----
2022-11-18 06:58:04,961 [32] DEBUG LTCPro.ServiceLayer.Log4net - ---Executing InsertUserActivityDetails() in UserActivityService----
2022-11-18 06:58:04,977 [32] DEBUG LTCPro.ServiceLayer.Log4net - ---Executed Successfully InsertUserActivityDetails() in CompanyController----
2022-11-18 06:58:04,991 [23] DEBUG LTCPro.ServiceLayer.Log4net - ---Executing GetUserToken() in UserService----
2022-11-18 06:58:05,006 [43] DEBUG LTCPro.ServiceLayer.Log4net - ---Executing GetUserToken() in UserService----
2022-11-18 06:58:05,012 [23] DEBUG LTCPro.ServiceLayer.Log4net - ---Executing InsertUserActivityDetails() in CompanyController----
2022-11-18 06:58:05,012 [23] DEBUG LTCPro.ServiceLayer.Log4net - ---Executing InsertUserActivityDetails() in UserActivityService----
2022-11-18 06:58:05,019 [43] DEBUG LTCPro.ServiceLayer.Log4net - ---Executing GetFacilityNSResidentsDataByPId() in ResidentDemographicController----
2022-11-18 06:58:05,019 [43] DEBUG LTCPro.ServiceLayer.Log4net - ---Executing GetFacilityNSResidentsDataByPId() in ResidentDemographicService----
2022-11-18 06:58:05,026 [23] DEBUG LTCPro.ServiceLayer.Log4net - ---Executed Successfully InsertUserActivityDetails() in CompanyController----
2022-11-18 06:58:05,028 [28] DEBUG LTCPro.ServiceLayer.Log4net - ---Executing GetUserToken() in UserService----
2022-11-18 06:58:05,067 [42] DEBUG LTCPro.ServiceLayer.Log4net - ---Executing GetUserToken() in UserService----
2022-11-18 06:58:05,070 [28] DEBUG LTCPro.ServiceLayer.Log4net - ---Executing GetResidentAdmitDischargeData() in ResidentDemographicController----
2022-11-18 06:58:05,070 [28] DEBUG LTCPro.ServiceLayer.Log4net - ---Executing GetResidentAdmitDischargeData() in ResidentDemographicService----
2022-11-18 06:58:05,079 [47] DEBUG LTCPro.ServiceLayer.Log4net - ---Executing GetUserToken() in UserService----
2022-11-18 06:58:05,081 [42] DEBUG LTCPro.ServiceLayer.Log4net - ---Executing InsertUserActivityDetails() in CompanyController----
2022-11-18 06:58:05,081 [42] DEBUG LTCPro.ServiceLayer.Log4net - ---Executing InsertUserActivityDetails() in UserActivityService----
2022-11-18 06:58:05,112 [28] DEBUG LTCPro.ServiceLayer.Log4net - ---Executed Successfully GetResidentAdmitDischargeData() in ResidentDemographicController----
2022-11-18 06:58:05,115 [47] DEBUG LTCPro.ServiceLayer.Log4net - ---Executing InsertUserActivityDetails() in CompanyController----
2022-11-18 06:58:05,115 [47] DEBUG LTCPro.ServiceLayer.Log4net - ---Executing InsertUserActivityDetails() in UserActivityService----
2022-11-18 06:58:05,122 [42] DEBUG LTCPro.ServiceLayer.Log4net - ---Executed Successfully InsertUserActivityDetails() in CompanyController----
2022-11-18 06:58:05,176 [43] DEBUG LTCPro.ServiceLayer.Log4net - ---Executed Successfully GetFacilityNSResidentsDataByPId() in ResidentDemographicController----
2022-11-18 06:58:05,178 [47] DEBUG LTCPro.ServiceLayer.Log4net - ---Executed Successfully InsertUserActivityDetails() in CompanyController----
2022-11-18 06:58:05,229 [28] DEBUG LTCPro.ServiceLayer.Log4net - ---Executing GetUserToken() in UserService----
2022-11-18 06:58:05,244 [28] DEBUG LTCPro.ServiceLayer.Log4net - ---Executing GetResidentAllergies() in ResidentDemographicController----
2022-11-18 06:58:05,244 [28] DEBUG LTCPro.ServiceLayer.Log4net - ---Executing GetResidentAllergies() in AllergyInfoService----
2022-11-18 06:58:05,251 [21] DEBUG LTCPro.ServiceLayer.Log4net - ---Executing GetUserToken() in UserService----
2022-11-18 06:58:05,252 [28] DEBUG LTCPro.ServiceLayer.Log4net - ---Executed Successfully GetResidentAllergies() in ResidentDemographicController----
2022-11-18 06:58:05,256 [40] DEBUG LTCPro.ServiceLayer.Log4net - ---Executing GetUserToken() in UserService----
2022-11-18 06:58:05,271 [40] DEBUG LTCPro.ServiceLayer.Log4net - ---Executing GetResidentAdmitDischargeData() in ResidentDemographicController----
2022-11-18 06:58:05,271 [40] DEBUG LTCPro.ServiceLayer.Log4net - ---Executing GetResidentAdmitDischargeData() in ResidentDemographicService----
2022-11-18 06:58:05,272 [29] DEBUG LTCPro.ServiceLayer.Log4net - ---Executing GetUserToken() in UserService----
2022-11-18 06:58:05,272 [21] DEBUG LTCPro.ServiceLayer.Log4net - ---Executing GetResidentInformation() in ResidentDemographicController----
2022-11-18 06:58:05,272 [21] DEBUG LTCPro.ServiceLayer.Log4net - ---Executing GetResidentInformation() in ResidentDemographicService----
2022-11-18 06:58:05,275 [44] DEBUG LTCPro.ServiceLayer.Log4net - ---Executing GetUserToken() in UserService----
2022-11-18 06:58:05,281 [44] DEBUG LTCPro.ServiceLayer.Log4net - ---Executing GetResidentDiagnosisInfo() in ResidentDemographicController----
2022-11-18 06:58:05,281 [44] DEBUG LTCPro.ServiceLayer.Log4net - ---Executing GetResidentDiagnosisInfo() in DiagnosisInfoService----
2022-11-18 06:58:05,284 [40] DEBUG LTCPro.ServiceLayer.Log4net - ---Executed Successfully GetResidentAdmitDischargeData() in ResidentDemographicController----
2022-11-18 06:58:05,285 [29] DEBUG LTCPro.ServiceLayer.Log4net - ---Executing GetResidentInformation() in ResidentDemographicController----
2022-11-18 06:58:05,285 [29] DEBUG LTCPro.ServiceLayer.Log4net - ---Executing GetResidentInformation() in ResidentDemographicService----
2022-11-18 06:58:05,289 [44] DEBUG LTCPro.ServiceLayer.Log4net - ---Executed Successfully GetResidentDiagnosisInfo() in ResidentDemographicController----
2022-11-18 06:58:05,374 [21] DEBUG LTCPro.ServiceLayer.Log4net - ---Executed Successfully GetResidentInformation() in ResidentDemographicController----
2022-11-18 06:58:05,382 [29] DEBUG LTCPro.ServiceLayer.Log4net - ---Executed Successfully GetResidentInformation() in ResidentDemographicController----
2022-11-18 06:58:05,432 [32] DEBUG LTCPro.ServiceLayer.Log4net - ---Executing GetUserToken() in UserService----
2022-11-18 06:58:05,447 [28] DEBUG LTCPro.ServiceLayer.Log4net - ---Executing GetUserToken() in UserService----
2022-11-18 06:58:05,448 [32] DEBUG LTCPro.ServiceLayer.Log4net - ---Executing GetResidentInformation() in ResidentDemographicController----
2022-11-18 06:58:05,448 [32] DEBUG LTCPro.ServiceLayer.Log4net - ---Executing GetResidentInformation() in ResidentDemographicService----
2022-11-18 06:58:05,449 [21] DEBUG LTCPro.ServiceLayer.Log4net - ---Executing GetUserToken() in UserService----
2022-11-18 06:58:05,450 [23] DEBUG LTCPro.ServiceLayer.Log4net - ---Executing GetUserToken() in UserService----
2022-11-18 06:58:05,453 [28] DEBUG LTCPro.ServiceLayer.Log4net - ---Executing GetResidentAdmitDischargeData() in ResidentDemographicController----
2022-11-18 06:58:05,453 [28] DEBUG LTCPro.ServiceLayer.Log4net - ---Executing GetResidentAdmitDischargeData() in ResidentDemographicService----
2022-11-18 06:58:05,457 [21] DEBUG LTCPro.ServiceLayer.Log4net - ---Executing GetResidentDiagnosisInfo() in ResidentDemographicController----
2022-11-18 06:58:05,457 [21] DEBUG LTCPro.ServiceLayer.Log4net - ---Executing GetResidentDiagnosisInfo() in DiagnosisInfoService----
2022-11-18 06:58:05,460 [23] DEBUG LTCPro.ServiceLayer.Log4net - ---Executing GetResidentAllergies() in ResidentDemographicController----
2022-11-18 06:58:05,460 [23] DEBUG LTCPro.ServiceLayer.Log4net - ---Executing GetResidentAllergies() in AllergyInfoService----
2022-11-18 06:58:05,460 [28] DEBUG LTCPro.ServiceLayer.Log4net - ---Executed Successfully GetResidentAdmitDischargeData() in ResidentDemographicController----
2022-11-18 06:58:05,467 [21] DEBUG LTCPro.ServiceLayer.Log4net - ---Executed Successfully GetResidentDiagnosisInfo() in ResidentDemographicController----
2022-11-18 06:58:05,467 [40] DEBUG LTCPro.ServiceLayer.Log4net - ---Executing GetUserToken() in UserService----
2022-11-18 06:58:05,471 [23] DEBUG LTCPro.ServiceLayer.Log4net - ---Executed Successfully GetResidentAllergies() in ResidentDemographicController----
2022-11-18 06:58:05,475 [40] DEBUG LTCPro.ServiceLayer.Log4net - ---Executing GetPatientTypeByID() in CommonController----
2022-11-18 06:58:05,475 [40] DEBUG LTCPro.ServiceLayer.Log4net - ---Executing GetPatientTypeDrop() in CommonService----
2022-11-18 06:58:05,513 [40] DEBUG LTCPro.ServiceLayer.Log4net - ---Executed Successfully GetPatientTypeDrop() in CommonController----
2022-11-18 06:58:05,566 [32] DEBUG LTCPro.ServiceLayer.Log4net - ---Executed Successfully GetResidentInformation() in ResidentDemographicController----
2022-11-18 06:58:05,573 [40] DEBUG LTCPro.ServiceLayer.Log4net - ---Executing GetUserToken() in UserService----
2022-11-18 06:58:05,579 [40] DEBUG LTCPro.ServiceLayer.Log4net - ---Executing GetAllPatientTypesByPId() in ResidentDemographicController----
2022-11-18 06:58:05,579 [40] DEBUG LTCPro.ServiceLayer.Log4net - ---Executing GetAllPatientTypesByPId() in EmarService----
2022-11-18 06:58:05,584 [40] DEBUG LTCPro.ServiceLayer.Log4net - ---Executed Successfully GetAllPatientTypesByPId() in ResidentDemographicController----
2022-11-18 06:58:07,828 [21] DEBUG LTCPro.ServiceLayer.Log4net - ---Executing GetUserToken() in UserService----
2022-11-18 06:58:07,835 [21] DEBUG LTCPro.ServiceLayer.Log4net - ---Executing GetOutboundHLSevenConfigs() in HLSevenSegmentController----
2022-11-18 06:58:07,835 [21] DEBUG LTCPro.ServiceLayer.Log4net - ---Executing GetOutboundHLSevenConfigs() in HLSevenSegmentService----
2022-11-18 06:58:07,842 [21] DEBUG LTCPro.ServiceLayer.Log4net - ---Executed Successfully GetOutboundHLSevenConfigs() in HLSevenSegmentController----
2022-11-18 06:58:07,878 [32] DEBUG LTCPro.ServiceLayer.Log4net - ---Executing GetUserToken() in UserService----
2022-11-18 06:58:07,912 [32] DEBUG LTCPro.ServiceLayer.Log4net - ---Executing UserFacilityDrop() in FacilityController----
2022-11-18 06:58:07,912 [32] DEBUG LTCPro.ServiceLayer.Log4net - ---Executing UserFacilityDrop() in FacilityService----
2022-11-18 06:58:07,943 [32] DEBUG LTCPro.ServiceLayer.Log4net - ---Executed Successfully UserFacilityDrop() in FacilityController----
2022-11-18 06:58:07,959 [47] DEBUG LTCPro.ServiceLayer.Log4net - ---Executing GetUserToken() in UserService----
2022-11-18 06:58:07,965 [47] DEBUG LTCPro.ServiceLayer.Log4net - ---Executing GetResidentAdmitvisitInfoData() in ResidentDemographicController----
2022-11-18 06:58:07,965 [47] DEBUG LTCPro.ServiceLayer.Log4net - ---Executing  VisitInfoEntity()  in GetResidentAdmitvisitInfoData----
2022-11-18 06:58:07,978 [47] DEBUG LTCPro.ServiceLayer.Log4net - ---Executed Successfully GetResidentAdmitvisitInfoData() in ResidentDemographicController----
2022-11-18 06:58:08,000 [40] DEBUG LTCPro.ServiceLayer.Log4net - ---Executing GetUserToken() in UserService----
2022-11-18 06:58:08,004 [47] DEBUG LTCPro.ServiceLayer.Log4net - ---Executing GetUserToken() in UserService----
2022-11-18 06:58:08,006 [40] DEBUG LTCPro.ServiceLayer.Log4net - ---Executing UserFacilityDrop() in FacilityController----
2022-11-18 06:58:08,006 [40] DEBUG LTCPro.ServiceLayer.Log4net - ---Executing UserFacilityDrop() in FacilityService----
2022-11-18 06:58:08,012 [40] DEBUG LTCPro.ServiceLayer.Log4net - ---Executed Successfully UserFacilityDrop() in FacilityController----
2022-11-18 06:58:16,252 [40] DEBUG LTCPro.ServiceLayer.Log4net - ---Executing UsersConfigNurseStationDrop() in FacilityController----
2022-11-18 06:58:16,252 [40] DEBUG LTCPro.ServiceLayer.Log4net - ---Executing UsersConfigNurseStationDrop() in FacilityService----
2022-11-18 06:58:16,266 [40] DEBUG LTCPro.ServiceLayer.Log4net - ---Executed Successfully UsersConfigNurseStationDrop() in FacilityController----
2022-11-18 06:58:16,340 [32] DEBUG LTCPro.ServiceLayer.Log4net - ---Executing GetProcessKeyMasterList() in FacilityController----
2022-11-18 06:58:16,340 [32] DEBUG LTCPro.ServiceLayer.Log4net - ---Executing GetProcessKeyMasterList() in FacilityService----
2022-11-18 06:58:16,347 [32] DEBUG LTCPro.ServiceLayer.Log4net - ---Executed Successfully GetProcessKeyMasterList() in FacilityController----
2022-11-18 06:58:18,920 [40] DEBUG LTCPro.ServiceLayer.Log4net - ---Executing GetProcessKeyMasterList() in FacilityController----
2022-11-18 06:58:18,920 [40] DEBUG LTCPro.ServiceLayer.Log4net - ---Executing GetProcessKeyMasterList() in FacilityService----
2022-11-18 06:58:18,926 [40] DEBUG LTCPro.ServiceLayer.Log4net - ---Executed Successfully GetProcessKeyMasterList() in FacilityController----
2022-11-18 06:58:19,450 [23] DEBUG LTCPro.ServiceLayer.Log4net - ---Executing CheckUser() in UserService----
2022-11-18 06:58:19,498 [23] DEBUG LTCPro.ServiceLayer.Log4net - ---Executing FindUser() in UserService----
2022-11-18 06:58:19,513 [23] DEBUG LTCPro.ServiceLayer.Log4net - ---Executing InsertUserSession() in UserService----
2022-11-18 06:58:19,532 [23] DEBUG LTCPro.ServiceLayer.Log4net - ---Executing InsertUserToken() in UserService----
2022-11-18 06:58:19,578 [23] DEBUG LTCPro.ServiceLayer.Log4net - ---Executing InsertUpdateUserRecentFacNs() in UserController----
2022-11-18 06:58:19,578 [23] DEBUG LTCPro.ServiceLayer.Log4net - ---Executing GetUserRecentFacNs() in UserService----
2022-11-18 06:58:19,588 [23] DEBUG LTCPro.ServiceLayer.Log4net - ---Executing InsertUpdateUserRecentFacNs() in CommonService----
2022-11-18 06:58:19,597 [23] DEBUG LTCPro.ServiceLayer.Log4net - ---Executed Successfully InsertUpdateUserRecentFacNs() in UserController----
2022-11-18 06:58:19,635 [32] DEBUG LTCPro.ServiceLayer.Log4net - ---Executing GetScreenPermissionsForLoggedInUser() in RoleController----
2022-11-18 06:58:19,635 [32] DEBUG LTCPro.ServiceLayer.Log4net - ---Executing GetScreenPermissionsForLoggedInUser() in RoleService----
2022-11-18 06:58:19,642 [32] DEBUG LTCPro.ServiceLayer.Log4net - ---Executed Successfully GetScreenPermissionsForLoggedInUser() in RoleController----
2022-11-18 06:58:19,722 [21] DEBUG LTCPro.ServiceLayer.Log4net - ---Executing GetUserToken() in UserService----
2022-11-18 06:58:19,726 [28] DEBUG LTCPro.ServiceLayer.Log4net - ---Executing GetUserToken() in UserService----
2022-11-18 06:58:19,730 [21] DEBUG LTCPro.ServiceLayer.Log4net - ---Executing GetReadMailsCount() in MailboxController----
2022-11-18 06:58:19,730 [21] DEBUG LTCPro.ServiceLayer.Log4net - ---Executing GetReadMailsCount() in MailboxService----
2022-11-18 06:58:19,747 [43] DEBUG LTCPro.ServiceLayer.Log4net - ---Executing GetUserToken() in UserService----
2022-11-18 06:58:19,747 [23] DEBUG LTCPro.ServiceLayer.Log4net - ---Executing GetUserToken() in UserService----
2022-11-18 06:58:19,748 [28] DEBUG LTCPro.ServiceLayer.Log4net - ---Executing GetPendingDosesList() in CommonController----
2022-11-18 06:58:19,748 [28] DEBUG LTCPro.ServiceLayer.Log4net - ---Executing GetPendingDosesList() in CommonService----
2022-11-18 06:58:19,749 [40] DEBUG LTCPro.ServiceLayer.Log4net - ---Executing GetUserToken() in UserService----
2022-11-18 06:58:19,751 [42] DEBUG LTCPro.ServiceLayer.Log4net - ---Executing GetUserToken() in UserService----
2022-11-18 06:58:19,753 [23] DEBUG LTCPro.ServiceLayer.Log4net - ---Executing GetAlertsDetails() in MailboxController----
2022-11-18 06:58:19,753 [23] DEBUG LTCPro.ServiceLayer.Log4net - ---Executing GetAlertsDetails() in MailboxService----
2022-11-18 06:58:19,754 [43] DEBUG LTCPro.ServiceLayer.Log4net - ---Executing GetOutboundErrorDetails() in CommonController----
2022-11-18 06:58:19,754 [43] DEBUG LTCPro.ServiceLayer.Log4net - ---Executing GetOutboundErrorDetails() in CommonService----
2022-11-18 06:58:19,754 [21] DEBUG LTCPro.ServiceLayer.Log4net - ---Executed successfully GetReadMailsCount() in MailboxController----
2022-11-18 06:58:19,758 [42] DEBUG LTCPro.ServiceLayer.Log4net - ---Executing GetDueMARAlertData() in EmarController----
2022-11-18 06:58:19,758 [42] DEBUG LTCPro.ServiceLayer.Log4net - ---Executing GetDueMARAlertData() in EmarService----
2022-11-18 06:58:19,759 [40] DEBUG LTCPro.ServiceLayer.Log4net - ---Executing GetUserPassedDueFlag() in UserController----
2022-11-18 06:58:19,759 [40] DEBUG LTCPro.ServiceLayer.Log4net - ---Executing GetUserPassedDueFlag() in UserService----
2022-11-18 06:58:19,766 [40] DEBUG LTCPro.ServiceLayer.Log4net - ---Executed Successfully GetUserPassedDueFlag() in UserController----
2022-11-18 06:58:19,773 [32] DEBUG LTCPro.ServiceLayer.Log4net - ---Executing GetUserToken() in UserService----
2022-11-18 06:58:19,780 [32] DEBUG LTCPro.ServiceLayer.Log4net - ---Executing GetUserRecentFacNs() in UserController----
2022-11-18 06:58:19,780 [32] DEBUG LTCPro.ServiceLayer.Log4net - ---Executing GetUserRecentFacNs() in UserService----
2022-11-18 06:58:19,798 [32] DEBUG LTCPro.ServiceLayer.Log4net - ---Executed Successfully GetUserRecentFacNs() in UserController----
2022-11-18 06:58:19,804 [8] DEBUG LTCPro.ServiceLayer.Log4net - ---Executing GetUserToken() in UserService----
2022-11-18 06:58:19,810 [8] DEBUG LTCPro.ServiceLayer.Log4net - ---Executing GetUserActiveCompanyMasterList() in CompanyController----
2022-11-18 06:58:19,810 [8] DEBUG LTCPro.ServiceLayer.Log4net - ---Executing GetActiveCompanyMasterList() in CompanyService----
2022-11-18 06:58:19,812 [40] DEBUG LTCPro.ServiceLayer.Log4net - ---Executing GetUserToken() in UserService----
2022-11-18 06:58:19,819 [40] DEBUG LTCPro.ServiceLayer.Log4net - ---Executing InsertUserActivityDetails() in CompanyController----
2022-11-18 06:58:19,819 [40] DEBUG LTCPro.ServiceLayer.Log4net - ---Executing InsertUserActivityDetails() in UserActivityService----
2022-11-18 06:58:19,825 [23] DEBUG LTCPro.ServiceLayer.Log4net - ---Executed successfully GetAlertsDetails() in MailboxController----
2022-11-18 06:58:19,830 [40] DEBUG LTCPro.ServiceLayer.Log4net - ---Executed Successfully InsertUserActivityDetails() in CompanyController----
2022-11-18 06:58:19,848 [21] DEBUG LTCPro.ServiceLayer.Log4net - ---Executing GetUserToken() in UserService----
2022-11-18 06:58:19,848 [8] DEBUG LTCPro.ServiceLayer.Log4net - ---Executed Successfully GetUserActiveCompanyMasterList() in CompanyController----
2022-11-18 06:58:19,854 [21] DEBUG LTCPro.ServiceLayer.Log4net - ---Executing GetUserAccessFacilityNurseStaions() in FacilityController----
2022-11-18 06:58:19,854 [21] DEBUG LTCPro.ServiceLayer.Log4net - ---Executing GetUserAccessFacilityNurseStaions() in FacilityService----
2022-11-18 06:58:19,871 [21] DEBUG LTCPro.ServiceLayer.Log4net - ---Executed Successfully GetUserAccessFacilityNurseStaions() in FacilityController----
2022-11-18 06:58:19,932 [28] DEBUG LTCPro.ServiceLayer.Log4net - ---Executed Successfully GetPendingDosesList() in CommonController----
2022-11-18 06:58:20,596 [42] DEBUG LTCPro.ServiceLayer.Log4net - ---Executed Successfully GetDueMARAlertData() in EmarController----
2022-11-18 06:58:20,715 [28] DEBUG LTCPro.ServiceLayer.Log4net - ---Executing GetUserToken() in UserService----
2022-11-18 06:58:20,723 [28] DEBUG LTCPro.ServiceLayer.Log4net - ---Executing InsertUserActivityDetails() in CompanyController----
2022-11-18 06:58:20,723 [28] DEBUG LTCPro.ServiceLayer.Log4net - ---Executing InsertUserActivityDetails() in UserActivityService----
2022-11-18 06:58:20,725 [32] DEBUG LTCPro.ServiceLayer.Log4net - ---Executing GetUserToken() in UserService----
2022-11-18 06:58:20,733 [32] DEBUG LTCPro.ServiceLayer.Log4net - ---Executing GetUserRecentFacNs() in UserController----
2022-11-18 06:58:20,734 [32] DEBUG LTCPro.ServiceLayer.Log4net - ---Executing GetUserRecentFacNs() in UserService----
2022-11-18 06:58:20,740 [28] DEBUG LTCPro.ServiceLayer.Log4net - ---Executed Successfully InsertUserActivityDetails() in CompanyController----
2022-11-18 06:58:20,745 [32] DEBUG LTCPro.ServiceLayer.Log4net - ---Executed Successfully GetUserRecentFacNs() in UserController----
2022-11-18 06:58:20,759 [42] DEBUG LTCPro.ServiceLayer.Log4net - ---Executing GetUserToken() in UserService----
2022-11-18 06:58:20,765 [42] DEBUG LTCPro.ServiceLayer.Log4net - ---Executing GetUserAccessFacilityNurseStaions() in FacilityController----
2022-11-18 06:58:20,766 [42] DEBUG LTCPro.ServiceLayer.Log4net - ---Executing GetUserAccessFacilityNurseStaions() in FacilityService----
2022-11-18 06:58:20,776 [42] DEBUG LTCPro.ServiceLayer.Log4net - ---Executed Successfully GetUserAccessFacilityNurseStaions() in FacilityController----
2022-11-18 06:58:20,794 [32] DEBUG LTCPro.ServiceLayer.Log4net - ---Executing GetUserToken() in UserService----
2022-11-18 06:58:20,799 [32] DEBUG LTCPro.ServiceLayer.Log4net - ---Executing UserNurseStationDrop() in FacilityController----
2022-11-18 06:58:20,799 [32] DEBUG LTCPro.ServiceLayer.Log4net - ---Executing UserNurseStationDrop() in FacilityService----
2022-11-18 06:58:20,805 [32] DEBUG LTCPro.ServiceLayer.Log4net - ---Executed Successfully UserNurseStationDrop() in FacilityController----
2022-11-18 06:58:20,825 [40] DEBUG LTCPro.ServiceLayer.Log4net - ---Executing GetUserToken() in UserService----
2022-11-18 06:58:20,829 [43] DEBUG LTCPro.ServiceLayer.Log4net - ---Executed Successfully GetOutboundErrorDetails() in CommonController----
2022-11-18 06:58:20,831 [40] DEBUG LTCPro.ServiceLayer.Log4net - ---Executing GetCompanyToBedFlagByFacId() in FacilityController----
2022-11-18 06:58:20,831 [40] DEBUG LTCPro.ServiceLayer.Log4net - ---Executing GetCompanyToBedFlagByFacId() in FacilityService----
2022-11-18 06:58:20,860 [32] DEBUG LTCPro.ServiceLayer.Log4net - ---Executing GetUserToken() in UserService----
2022-11-18 06:58:20,865 [40] DEBUG LTCPro.ServiceLayer.Log4net - ---Executed Successfully GetCompanyToBedFlagByFacId() in FacilityController----
2022-11-18 06:58:20,867 [32] DEBUG LTCPro.ServiceLayer.Log4net - ---Executing GetResidentsByCompanyBed() in ResidentDemographicController----
2022-11-18 06:58:20,867 [32] DEBUG LTCPro.ServiceLayer.Log4net - ---Executing GetResidentsByCompanyBed() in ResidentDemographicService----
2022-11-18 06:58:20,905 [40] DEBUG LTCPro.ServiceLayer.Log4net - ---Executing GetUserToken() in UserService----
2022-11-18 06:58:20,910 [40] DEBUG LTCPro.ServiceLayer.Log4net - ---Executing GetNurseStationHierarchyDetailsbyNsId() in CompanyController----
2022-11-18 06:58:20,910 [40] DEBUG LTCPro.ServiceLayer.Log4net - ---Executing GetNurseStationHierarchyDetailsbyNsId() in CompanyService----
2022-11-18 06:58:20,915 [40] DEBUG LTCPro.ServiceLayer.Log4net - ---Executed Successfully GetNurseStationHierarchyDetailsbyNsId() in CompanyController----
2022-11-18 06:58:22,396 [32] DEBUG LTCPro.ServiceLayer.Log4net - ---Executed Successfully GetResidentsByCompanyBed() in ResidentDemographicController----
2022-11-18 06:58:23,784 [23] DEBUG LTCPro.ServiceLayer.Log4net - ---Executing GetUserToken() in UserService----
2022-11-18 06:58:23,823 [40] DEBUG LTCPro.ServiceLayer.Log4net - ---Executing GetUserToken() in UserService----
2022-11-18 06:58:23,826 [47] DEBUG LTCPro.ServiceLayer.Log4net - ---Executing GetUserToken() in UserService----
2022-11-18 06:58:23,827 [32] DEBUG LTCPro.ServiceLayer.Log4net - ---Executing GetUserToken() in UserService----
2022-11-18 06:58:23,838 [23] DEBUG LTCPro.ServiceLayer.Log4net - ---Executing InsertUserActivityDetails() in CompanyController----
2022-11-18 06:58:23,838 [23] DEBUG LTCPro.ServiceLayer.Log4net - ---Executing InsertUserActivityDetails() in UserActivityService----
2022-11-18 06:58:23,840 [32] DEBUG LTCPro.ServiceLayer.Log4net - ---Executing GetResidentAdmitDischargeData() in ResidentDemographicController----
2022-11-18 06:58:23,840 [32] DEBUG LTCPro.ServiceLayer.Log4net - ---Executing GetResidentAdmitDischargeData() in ResidentDemographicService----
2022-11-18 06:58:23,842 [47] DEBUG LTCPro.ServiceLayer.Log4net - ---Executing GetResidentAdmitDischargeData() in ResidentDemographicController----
2022-11-18 06:58:23,842 [47] DEBUG LTCPro.ServiceLayer.Log4net - ---Executing GetResidentAdmitDischargeData() in ResidentDemographicService----
2022-11-18 06:58:23,845 [40] DEBUG LTCPro.ServiceLayer.Log4net - ---Executing GetFacilityNSResidentsDataByPId() in ResidentDemographicController----
2022-11-18 06:58:23,845 [40] DEBUG LTCPro.ServiceLayer.Log4net - ---Executing GetFacilityNSResidentsDataByPId() in ResidentDemographicService----
2022-11-18 06:58:23,848 [32] DEBUG LTCPro.ServiceLayer.Log4net - ---Executed Successfully GetResidentAdmitDischargeData() in ResidentDemographicController----
2022-11-18 06:58:23,852 [47] DEBUG LTCPro.ServiceLayer.Log4net - ---Executed Successfully GetResidentAdmitDischargeData() in ResidentDemographicController----
2022-11-18 06:58:23,859 [23] DEBUG LTCPro.ServiceLayer.Log4net - ---Executed Successfully InsertUserActivityDetails() in CompanyController----
2022-11-18 06:58:23,860 [28] DEBUG LTCPro.ServiceLayer.Log4net - ---Executing GetUserToken() in UserService----
2022-11-18 06:58:23,927 [28] DEBUG LTCPro.ServiceLayer.Log4net - ---Executing InsertUserActivityDetails() in CompanyController----
2022-11-18 06:58:23,927 [28] DEBUG LTCPro.ServiceLayer.Log4net - ---Executing InsertUserActivityDetails() in UserActivityService----
2022-11-18 06:58:23,929 [21] DEBUG LTCPro.ServiceLayer.Log4net - ---Executing GetUserToken() in UserService----
2022-11-18 06:58:23,933 [32] DEBUG LTCPro.ServiceLayer.Log4net - ---Executing GetUserToken() in UserService----
2022-11-18 06:58:23,940 [28] DEBUG LTCPro.ServiceLayer.Log4net - ---Executed Successfully InsertUserActivityDetails() in CompanyController----
2022-11-18 06:58:23,945 [21] DEBUG LTCPro.ServiceLayer.Log4net - ---Executing InsertUserActivityDetails() in CompanyController----
2022-11-18 06:58:23,945 [21] DEBUG LTCPro.ServiceLayer.Log4net - ---Executing InsertUserActivityDetails() in UserActivityService----
2022-11-18 06:58:23,948 [32] DEBUG LTCPro.ServiceLayer.Log4net - ---Executing InsertUserActivityDetails() in CompanyController----
2022-11-18 06:58:23,948 [32] DEBUG LTCPro.ServiceLayer.Log4net - ---Executing InsertUserActivityDetails() in UserActivityService----
2022-11-18 06:58:23,962 [21] DEBUG LTCPro.ServiceLayer.Log4net - ---Executed Successfully InsertUserActivityDetails() in CompanyController----
2022-11-18 06:58:23,963 [32] DEBUG LTCPro.ServiceLayer.Log4net - ---Executed Successfully InsertUserActivityDetails() in CompanyController----
2022-11-18 06:58:23,982 [45] DEBUG LTCPro.ServiceLayer.Log4net - ---Executing GetUserToken() in UserService----
2022-11-18 06:58:23,989 [45] DEBUG LTCPro.ServiceLayer.Log4net - ---Executing GetResidentInformation() in ResidentDemographicController----
2022-11-18 06:58:23,989 [45] DEBUG LTCPro.ServiceLayer.Log4net - ---Executing GetResidentInformation() in ResidentDemographicService----
2022-11-18 06:58:23,989 [40] DEBUG LTCPro.ServiceLayer.Log4net - ---Executed Successfully GetFacilityNSResidentsDataByPId() in ResidentDemographicController----
2022-11-18 06:58:24,005 [28] DEBUG LTCPro.ServiceLayer.Log4net - ---Executing GetUserToken() in UserService----
2022-11-18 06:58:24,013 [28] DEBUG LTCPro.ServiceLayer.Log4net - ---Executing GetResidentAllergies() in ResidentDemographicController----
2022-11-18 06:58:24,013 [28] DEBUG LTCPro.ServiceLayer.Log4net - ---Executing GetResidentAllergies() in AllergyInfoService----
2022-11-18 06:58:24,019 [28] DEBUG LTCPro.ServiceLayer.Log4net - ---Executed Successfully GetResidentAllergies() in ResidentDemographicController----
2022-11-18 06:58:24,021 [43] DEBUG LTCPro.ServiceLayer.Log4net - ---Executing GetUserToken() in UserService----
2022-11-18 06:58:24,033 [43] DEBUG LTCPro.ServiceLayer.Log4net - ---Executing GetResidentDiagnosisInfo() in ResidentDemographicController----
2022-11-18 06:58:24,033 [43] DEBUG LTCPro.ServiceLayer.Log4net - ---Executing GetResidentDiagnosisInfo() in DiagnosisInfoService----
2022-11-18 06:58:24,040 [43] DEBUG LTCPro.ServiceLayer.Log4net - ---Executed Successfully GetResidentDiagnosisInfo() in ResidentDemographicController----
2022-11-18 06:58:24,071 [32] DEBUG LTCPro.ServiceLayer.Log4net - ---Executing GetUserToken() in UserService----
2022-11-18 06:58:24,076 [32] DEBUG LTCPro.ServiceLayer.Log4net - ---Executing GetResidentInformation() in ResidentDemographicController----
2022-11-18 06:58:24,077 [32] DEBUG LTCPro.ServiceLayer.Log4net - ---Executing GetResidentInformation() in ResidentDemographicService----
2022-11-18 06:58:24,121 [45] DEBUG LTCPro.ServiceLayer.Log4net - ---Executed Successfully GetResidentInformation() in ResidentDemographicController----
2022-11-18 06:58:24,180 [32] DEBUG LTCPro.ServiceLayer.Log4net - ---Executed Successfully GetResidentInformation() in ResidentDemographicController----
2022-11-18 06:58:24,230 [21] DEBUG LTCPro.ServiceLayer.Log4net - ---Executing GetUserToken() in UserService----
2022-11-18 06:58:24,233 [32] DEBUG LTCPro.ServiceLayer.Log4net - ---Executing GetUserToken() in UserService----
2022-11-18 06:58:24,233 [23] DEBUG LTCPro.ServiceLayer.Log4net - ---Executing GetUserToken() in UserService----
2022-11-18 06:58:24,236 [21] DEBUG LTCPro.ServiceLayer.Log4net - ---Executing GetResidentAllergies() in ResidentDemographicController----
2022-11-18 06:58:24,236 [21] DEBUG LTCPro.ServiceLayer.Log4net - ---Executing GetResidentAllergies() in AllergyInfoService----
2022-11-18 06:58:24,241 [23] DEBUG LTCPro.ServiceLayer.Log4net - ---Executing GetResidentAdmitDischargeData() in ResidentDemographicController----
2022-11-18 06:58:24,241 [23] DEBUG LTCPro.ServiceLayer.Log4net - ---Executing GetResidentAdmitDischargeData() in ResidentDemographicService----
2022-11-18 06:58:24,242 [21] DEBUG LTCPro.ServiceLayer.Log4net - ---Executed Successfully GetResidentAllergies() in ResidentDemographicController----
2022-11-18 06:58:24,242 [32] DEBUG LTCPro.ServiceLayer.Log4net - ---Executing GetResidentInformation() in ResidentDemographicController----
2022-11-18 06:58:24,242 [32] DEBUG LTCPro.ServiceLayer.Log4net - ---Executing GetResidentInformation() in ResidentDemographicService----
2022-11-18 06:58:24,256 [23] DEBUG LTCPro.ServiceLayer.Log4net - ---Executed Successfully GetResidentAdmitDischargeData() in ResidentDemographicController----
2022-11-18 06:58:24,263 [42] DEBUG LTCPro.ServiceLayer.Log4net - ---Executing GetUserToken() in UserService----
2022-11-18 06:58:24,269 [42] DEBUG LTCPro.ServiceLayer.Log4net - ---Executing GetPatientTypeByID() in CommonController----
2022-11-18 06:58:24,270 [42] DEBUG LTCPro.ServiceLayer.Log4net - ---Executing GetPatientTypeDrop() in CommonService----
2022-11-18 06:58:24,271 [28] DEBUG LTCPro.ServiceLayer.Log4net - ---Executing GetUserToken() in UserService----
2022-11-18 06:58:24,278 [28] DEBUG LTCPro.ServiceLayer.Log4net - ---Executing GetResidentDiagnosisInfo() in ResidentDemographicController----
2022-11-18 06:58:24,278 [28] DEBUG LTCPro.ServiceLayer.Log4net - ---Executing GetResidentDiagnosisInfo() in DiagnosisInfoService----
2022-11-18 06:58:24,284 [28] DEBUG LTCPro.ServiceLayer.Log4net - ---Executed Successfully GetResidentDiagnosisInfo() in ResidentDemographicController----
2022-11-18 06:58:24,306 [42] DEBUG LTCPro.ServiceLayer.Log4net - ---Executed Successfully GetPatientTypeDrop() in CommonController----
2022-11-18 06:58:24,359 [22] DEBUG LTCPro.ServiceLayer.Log4net - ---Executing GetUserToken() in UserService----
2022-11-18 06:58:24,365 [22] DEBUG LTCPro.ServiceLayer.Log4net - ---Executing GetAllPatientTypesByPId() in ResidentDemographicController----
2022-11-18 06:58:24,365 [22] DEBUG LTCPro.ServiceLayer.Log4net - ---Executing GetAllPatientTypesByPId() in EmarService----
2022-11-18 06:58:24,371 [32] DEBUG LTCPro.ServiceLayer.Log4net - ---Executed Successfully GetResidentInformation() in ResidentDemographicController----
2022-11-18 06:58:24,374 [22] DEBUG LTCPro.ServiceLayer.Log4net - ---Executed Successfully GetAllPatientTypesByPId() in ResidentDemographicController----
2022-11-18 06:58:26,300 [28] DEBUG LTCPro.ServiceLayer.Log4net - ---Executing GetUserToken() in UserService----
2022-11-18 06:58:26,307 [28] DEBUG LTCPro.ServiceLayer.Log4net - ---Executing GetOutboundHLSevenConfigs() in HLSevenSegmentController----
2022-11-18 06:58:26,307 [28] DEBUG LTCPro.ServiceLayer.Log4net - ---Executing GetOutboundHLSevenConfigs() in HLSevenSegmentService----
2022-11-18 06:58:26,323 [28] DEBUG LTCPro.ServiceLayer.Log4net - ---Executed Successfully GetOutboundHLSevenConfigs() in HLSevenSegmentController----
2022-11-18 06:58:26,349 [28] DEBUG LTCPro.ServiceLayer.Log4net - ---Executing GetUserToken() in UserService----
2022-11-18 06:58:26,356 [28] DEBUG LTCPro.ServiceLayer.Log4net - ---Executing UserFacilityDrop() in FacilityController----
2022-11-18 06:58:26,356 [28] DEBUG LTCPro.ServiceLayer.Log4net - ---Executing UserFacilityDrop() in FacilityService----
2022-11-18 06:58:26,362 [28] DEBUG LTCPro.ServiceLayer.Log4net - ---Executed Successfully UserFacilityDrop() in FacilityController----
2022-11-18 06:58:26,380 [42] DEBUG LTCPro.ServiceLayer.Log4net - ---Executing GetUserToken() in UserService----
2022-11-18 06:58:26,386 [42] DEBUG LTCPro.ServiceLayer.Log4net - ---Executing GetResidentAdmitvisitInfoData() in ResidentDemographicController----
2022-11-18 06:58:26,386 [42] DEBUG LTCPro.ServiceLayer.Log4net - ---Executing  VisitInfoEntity()  in GetResidentAdmitvisitInfoData----
2022-11-18 06:58:26,400 [42] DEBUG LTCPro.ServiceLayer.Log4net - ---Executed Successfully GetResidentAdmitvisitInfoData() in ResidentDemographicController----
2022-11-18 06:58:26,417 [42] DEBUG LTCPro.ServiceLayer.Log4net - ---Executing GetUserToken() in UserService----
2022-11-18 06:58:26,420 [22] DEBUG LTCPro.ServiceLayer.Log4net - ---Executing GetUserToken() in UserService----
2022-11-18 06:58:26,423 [42] DEBUG LTCPro.ServiceLayer.Log4net - ---Executing UserFacilityDrop() in FacilityController----
2022-11-18 06:58:26,423 [42] DEBUG LTCPro.ServiceLayer.Log4net - ---Executing UserFacilityDrop() in FacilityService----
2022-11-18 06:58:26,426 [22] DEBUG LTCPro.ServiceLayer.Log4net - ---Executing GetCompanyToBedFlagByFacId() in FacilityController----
2022-11-18 06:58:26,426 [22] DEBUG LTCPro.ServiceLayer.Log4net - ---Executing GetCompanyToBedFlagByFacId() in FacilityService----
2022-11-18 06:58:26,430 [42] DEBUG LTCPro.ServiceLayer.Log4net - ---Executed Successfully UserFacilityDrop() in FacilityController----
2022-11-18 06:58:26,459 [22] DEBUG LTCPro.ServiceLayer.Log4net - ---Executed Successfully GetCompanyToBedFlagByFacId() in FacilityController----
2022-11-18 06:58:26,503 [40] DEBUG LTCPro.ServiceLayer.Log4net - ---Executing GetUserToken() in UserService----
2022-11-18 06:58:26,509 [40] DEBUG LTCPro.ServiceLayer.Log4net - ---Executing UserNurseStationDrop() in FacilityController----
2022-11-18 06:58:26,509 [40] DEBUG LTCPro.ServiceLayer.Log4net - ---Executing UserNurseStationDrop() in FacilityService----
2022-11-18 06:58:26,515 [40] DEBUG LTCPro.ServiceLayer.Log4net - ---Executed Successfully UserNurseStationDrop() in FacilityController----
2022-11-18 06:58:26,526 [28] DEBUG LTCPro.ServiceLayer.Log4net - ---Executing GetUserToken() in UserService----
2022-11-18 06:58:26,531 [28] DEBUG LTCPro.ServiceLayer.Log4net - ---Executing GetNurseStationHierarchyDetailsbyNsId() in CompanyController----
2022-11-18 06:58:26,531 [28] DEBUG LTCPro.ServiceLayer.Log4net - ---Executing GetNurseStationHierarchyDetailsbyNsId() in CompanyService----
2022-11-18 06:58:26,535 [28] DEBUG LTCPro.ServiceLayer.Log4net - ---Executed Successfully GetNurseStationHierarchyDetailsbyNsId() in CompanyController----
2022-11-18 06:59:42,176 [32] DEBUG LTCPro.ServiceLayer.Log4net - ---Executing GetUserToken() in UserService----
2022-11-18 06:59:42,191 [32] DEBUG LTCPro.ServiceLayer.Log4net - ---Executing GetOutboundHLSevenConfigs() in HLSevenSegmentController----
2022-11-18 06:59:42,191 [32] DEBUG LTCPro.ServiceLayer.Log4net - ---Executing GetOutboundHLSevenConfigs() in HLSevenSegmentService----
2022-11-18 06:59:42,200 [32] DEBUG LTCPro.ServiceLayer.Log4net - ---Executed Successfully GetOutboundHLSevenConfigs() in HLSevenSegmentController----
2022-11-18 06:59:42,226 [32] DEBUG LTCPro.ServiceLayer.Log4net - ---Executing GetUserToken() in UserService----
2022-11-18 06:59:42,232 [32] DEBUG LTCPro.ServiceLayer.Log4net - ---Executing UserFacilityDrop() in FacilityController----
2022-11-18 06:59:42,232 [32] DEBUG LTCPro.ServiceLayer.Log4net - ---Executing UserFacilityDrop() in FacilityService----
2022-11-18 06:59:42,239 [32] DEBUG LTCPro.ServiceLayer.Log4net - ---Executed Successfully UserFacilityDrop() in FacilityController----
2022-11-18 06:59:42,256 [40] DEBUG LTCPro.ServiceLayer.Log4net - ---Executing GetUserToken() in UserService----
2022-11-18 06:59:42,262 [40] DEBUG LTCPro.ServiceLayer.Log4net - ---Executing GetResidentAdmitvisitInfoData() in ResidentDemographicController----
2022-11-18 06:59:42,262 [40] DEBUG LTCPro.ServiceLayer.Log4net - ---Executing  VisitInfoEntity()  in GetResidentAdmitvisitInfoData----
2022-11-18 06:59:42,275 [40] DEBUG LTCPro.ServiceLayer.Log4net - ---Executed Successfully GetResidentAdmitvisitInfoData() in ResidentDemographicController----
2022-11-18 06:59:42,296 [42] DEBUG LTCPro.ServiceLayer.Log4net - ---Executing GetUserToken() in UserService----
2022-11-18 06:59:42,302 [42] DEBUG LTCPro.ServiceLayer.Log4net - ---Executing UserFacilityDrop() in FacilityController----
2022-11-18 06:59:42,302 [42] DEBUG LTCPro.ServiceLayer.Log4net - ---Executing UserFacilityDrop() in FacilityService----
2022-11-18 06:59:42,303 [40] DEBUG LTCPro.ServiceLayer.Log4net - ---Executing GetUserToken() in UserService----
2022-11-18 06:59:42,307 [42] DEBUG LTCPro.ServiceLayer.Log4net - ---Executed Successfully UserFacilityDrop() in FacilityController----
2022-11-18 06:59:42,309 [40] DEBUG LTCPro.ServiceLayer.Log4net - ---Executing GetCompanyToBedFlagByFacId() in FacilityController----
2022-11-18 06:59:42,309 [40] DEBUG LTCPro.ServiceLayer.Log4net - ---Executing GetCompanyToBedFlagByFacId() in FacilityService----
2022-11-18 06:59:42,341 [40] DEBUG LTCPro.ServiceLayer.Log4net - ---Executed Successfully GetCompanyToBedFlagByFacId() in FacilityController----
2022-11-18 06:59:42,428 [23] DEBUG LTCPro.ServiceLayer.Log4net - ---Executing GetUserToken() in UserService----
2022-11-18 06:59:42,433 [23] DEBUG LTCPro.ServiceLayer.Log4net - ---Executing UserNurseStationDrop() in FacilityController----
2022-11-18 06:59:42,433 [23] DEBUG LTCPro.ServiceLayer.Log4net - ---Executing UserNurseStationDrop() in FacilityService----
2022-11-18 06:59:42,439 [23] DEBUG LTCPro.ServiceLayer.Log4net - ---Executed Successfully UserNurseStationDrop() in FacilityController----
2022-11-18 06:59:42,448 [40] DEBUG LTCPro.ServiceLayer.Log4net - ---Executing GetUserToken() in UserService----
2022-11-18 06:59:42,454 [40] DEBUG LTCPro.ServiceLayer.Log4net - ---Executing GetNurseStationHierarchyDetailsbyNsId() in CompanyController----
2022-11-18 06:59:42,454 [40] DEBUG LTCPro.ServiceLayer.Log4net - ---Executing GetNurseStationHierarchyDetailsbyNsId() in CompanyService----
2022-11-18 06:59:42,459 [40] DEBUG LTCPro.ServiceLayer.Log4net - ---Executed Successfully GetNurseStationHierarchyDetailsbyNsId() in CompanyController----
2022-11-18 06:59:49,125 [40] DEBUG LTCPro.ServiceLayer.Log4net - ---Executing GetUserToken() in UserService----
2022-11-18 06:59:49,131 [40] DEBUG LTCPro.ServiceLayer.Log4net - ---Executing InsertResidentVisitInfo() in AdminApprovalController----
2022-11-18 06:59:49,131 [40] DEBUG LTCPro.ServiceLayer.Log4net - ---Executing InsertResidentVisitInfo() in AdminApprovalService----
2022-11-18 06:59:49,250 [40] DEBUG LTCPro.ServiceLayer.Log4net - ---Executing GenerateOutboundFile() Discharge in AdminApprovalService----
2022-11-18 06:59:49,259 [40] DEBUG LTCPro.ServiceLayer.Log4net - ---Generating OutboundFile Discharge in AdminApprovalService----
2022-11-18 06:59:49,290 [40] DEBUG LTCPro.ServiceLayer.Log4net - ---Generated OutboundFile Download Start D:/Promantra/OutboundLive/Pending//Discharge_11182022052903.hl7 in AdminApprovalService----
2022-11-18 06:59:49,310 [40] DEBUG LTCPro.ServiceLayer.Log4net - ---Generated OutboundFile Download Completed D:/Promantra/OutboundLive/Pending//Discharge_11182022052903.hl7 in AdminApprovalService----
2022-11-18 06:59:49,310 [40] DEBUG LTCPro.ServiceLayer.Log4net - ---Executed GenerateOutboundFile() Discharge in AdminApprovalService----
2022-11-18 06:59:49,445 [40] DEBUG LTCPro.ServiceLayer.Log4net - ---Executed Successfully InsertResidentVisitInfo() in AdminApprovalController----
2022-11-18 06:59:49,483 [32] DEBUG LTCPro.ServiceLayer.Log4net - ---Executing GetUserToken() in UserService----
2022-11-18 06:59:49,490 [32] DEBUG LTCPro.ServiceLayer.Log4net - ---Executing GetApprovalFlag() in CompanyController----
2022-11-18 06:59:49,490 [32] DEBUG LTCPro.ServiceLayer.Log4net - ---Executing GetApprovalFlag() in CompanyService----
2022-11-18 06:59:49,576 [28] DEBUG LTCPro.ServiceLayer.Log4net - ---Executing GetUserToken() in UserService----
2022-11-18 06:59:49,576 [21] DEBUG LTCPro.ServiceLayer.Log4net - ---Executing GetUserToken() in UserService----
2022-11-18 06:59:49,583 [21] DEBUG LTCPro.ServiceLayer.Log4net - ---Executing GetFacilityNSResidentsDataByPId() in ResidentDemographicController----
2022-11-18 06:59:49,583 [21] DEBUG LTCPro.ServiceLayer.Log4net - ---Executing GetFacilityNSResidentsDataByPId() in ResidentDemographicService----
2022-11-18 06:59:49,583 [28] DEBUG LTCPro.ServiceLayer.Log4net - ---Executing GetResidentAdmitDischargeData() in ResidentDemographicController----
2022-11-18 06:59:49,583 [28] DEBUG LTCPro.ServiceLayer.Log4net - ---Executing GetResidentAdmitDischargeData() in ResidentDemographicService----
2022-11-18 06:59:49,589 [28] DEBUG LTCPro.ServiceLayer.Log4net - ---Executed Successfully GetResidentAdmitDischargeData() in ResidentDemographicController----
2022-11-18 06:59:49,621 [21] DEBUG LTCPro.ServiceLayer.Log4net - ---Executed Successfully GetFacilityNSResidentsDataByPId() in ResidentDemographicController----
2022-11-18 06:59:49,668 [40] DEBUG LTCPro.ServiceLayer.Log4net - ---Executing GetUserToken() in UserService----
2022-11-18 06:59:49,674 [40] DEBUG LTCPro.ServiceLayer.Log4net - ---Executing GetResidentInformation() in ResidentDemographicController----
2022-11-18 06:59:49,674 [40] DEBUG LTCPro.ServiceLayer.Log4net - ---Executing GetResidentInformation() in ResidentDemographicService----
2022-11-18 06:59:49,758 [40] DEBUG LTCPro.ServiceLayer.Log4net - ---Executed Successfully GetResidentInformation() in ResidentDemographicController----
2022-11-18 06:59:49,788 [21] DEBUG LTCPro.ServiceLayer.Log4net - ---Executing GetUserToken() in UserService----
2022-11-18 06:59:49,810 [40] DEBUG LTCPro.ServiceLayer.Log4net - ---Executing GetUserToken() in UserService----
2022-11-18 06:59:49,810 [32] DEBUG LTCPro.ServiceLayer.Log4net - ---Executing GetUserToken() in UserService----
2022-11-18 06:59:49,835 [21] DEBUG LTCPro.ServiceLayer.Log4net - ---Executing GetPatientTypeByID() in CommonController----
2022-11-18 06:59:49,835 [21] DEBUG LTCPro.ServiceLayer.Log4net - ---Executing GetPatientTypeDrop() in CommonService----
2022-11-18 06:59:49,837 [40] DEBUG LTCPro.ServiceLayer.Log4net - ---Executing GetResidentAdmitDischargeData() in ResidentDemographicController----
2022-11-18 06:59:49,837 [40] DEBUG LTCPro.ServiceLayer.Log4net - ---Executing GetResidentAdmitDischargeData() in ResidentDemographicService----
2022-11-18 06:59:49,838 [32] DEBUG LTCPro.ServiceLayer.Log4net - ---Executing GetResidentInformation() in ResidentDemographicController----
2022-11-18 06:59:49,838 [32] DEBUG LTCPro.ServiceLayer.Log4net - ---Executing GetResidentInformation() in ResidentDemographicService----
2022-11-18 06:59:49,866 [40] DEBUG LTCPro.ServiceLayer.Log4net - ---Executed Successfully GetResidentAdmitDischargeData() in ResidentDemographicController----
2022-11-18 06:59:49,892 [20] DEBUG LTCPro.ServiceLayer.Log4net - ---Executing GetUserToken() in UserService----
2022-11-18 06:59:49,899 [20] DEBUG LTCPro.ServiceLayer.Log4net - ---Executing GetResidentAllergies() in ResidentDemographicController----
2022-11-18 06:59:49,899 [20] DEBUG LTCPro.ServiceLayer.Log4net - ---Executing GetResidentAllergies() in AllergyInfoService----
2022-11-18 06:59:49,900 [21] DEBUG LTCPro.ServiceLayer.Log4net - ---Executed Successfully GetPatientTypeDrop() in CommonController----
2022-11-18 06:59:49,910 [20] DEBUG LTCPro.ServiceLayer.Log4net - ---Executed Successfully GetResidentAllergies() in ResidentDemographicController----
2022-11-18 06:59:49,953 [40] DEBUG LTCPro.ServiceLayer.Log4net - ---Executing GetUserToken() in UserService----
2022-11-18 06:59:49,961 [40] DEBUG LTCPro.ServiceLayer.Log4net - ---Executing GetResidentDiagnosisInfo() in ResidentDemographicController----
2022-11-18 06:59:49,961 [40] DEBUG LTCPro.ServiceLayer.Log4net - ---Executing GetResidentDiagnosisInfo() in DiagnosisInfoService----
2022-11-18 06:59:49,970 [40] DEBUG LTCPro.ServiceLayer.Log4net - ---Executed Successfully GetResidentDiagnosisInfo() in ResidentDemographicController----
2022-11-18 06:59:50,044 [20] DEBUG LTCPro.ServiceLayer.Log4net - ---Executing GetUserToken() in UserService----
2022-11-18 06:59:50,050 [20] DEBUG LTCPro.ServiceLayer.Log4net - ---Executing GetAllPatientTypesByPId() in ResidentDemographicController----
2022-11-18 06:59:50,051 [20] DEBUG LTCPro.ServiceLayer.Log4net - ---Executing GetAllPatientTypesByPId() in EmarService----
2022-11-18 06:59:50,057 [20] DEBUG LTCPro.ServiceLayer.Log4net - ---Executed Successfully GetAllPatientTypesByPId() in ResidentDemographicController----
2022-11-18 06:59:50,063 [32] DEBUG LTCPro.ServiceLayer.Log4net - ---Executed Successfully GetResidentInformation() in ResidentDemographicController----
2022-11-18 07:00:25,458 [21] DEBUG LTCPro.ServiceLayer.Log4net - ---Executing GetUserToken() in UserService----
2022-11-18 07:00:25,460 [20] DEBUG LTCPro.ServiceLayer.Log4net - ---Executing GetUserToken() in UserService----
2022-11-18 07:00:25,475 [21] DEBUG LTCPro.ServiceLayer.Log4net - ---Executing GetReadMailsCount() in MailboxController----
2022-11-18 07:00:25,475 [21] DEBUG LTCPro.ServiceLayer.Log4net - ---Executing GetReadMailsCount() in MailboxService----
2022-11-18 07:00:25,477 [20] DEBUG LTCPro.ServiceLayer.Log4net - ---Executing GetOutboundErrorDetails() in CommonController----
2022-11-18 07:00:25,477 [20] DEBUG LTCPro.ServiceLayer.Log4net - ---Executing GetOutboundErrorDetails() in CommonService----
2022-11-18 07:00:25,478 [42] DEBUG LTCPro.ServiceLayer.Log4net - ---Executing GetUserToken() in UserService----
2022-11-18 07:00:25,542 [28] DEBUG LTCPro.ServiceLayer.Log4net - ---Executing GetUserToken() in UserService----
2022-11-18 07:00:25,545 [42] DEBUG LTCPro.ServiceLayer.Log4net - ---Executing GetDueMARAlertData() in EmarController----
2022-11-18 07:00:25,545 [42] DEBUG LTCPro.ServiceLayer.Log4net - ---Executing GetDueMARAlertData() in EmarService----
2022-11-18 07:00:25,548 [21] DEBUG LTCPro.ServiceLayer.Log4net - ---Executed successfully GetReadMailsCount() in MailboxController----
2022-11-18 07:00:25,550 [28] DEBUG LTCPro.ServiceLayer.Log4net - ---Executing GetAlertsDetails() in MailboxController----
2022-11-18 07:00:25,550 [28] DEBUG LTCPro.ServiceLayer.Log4net - ---Executing GetAlertsDetails() in MailboxService----
2022-11-18 07:00:25,552 [40] DEBUG LTCPro.ServiceLayer.Log4net - ---Executing GetUserToken() in UserService----
2022-11-18 07:00:25,558 [23] DEBUG LTCPro.ServiceLayer.Log4net - ---Executing GetUserToken() in UserService----
2022-11-18 07:00:25,564 [40] DEBUG LTCPro.ServiceLayer.Log4net - ---Executing GetUserPassedDueFlag() in UserController----
2022-11-18 07:00:25,564 [40] DEBUG LTCPro.ServiceLayer.Log4net - ---Executing GetUserPassedDueFlag() in UserService----
2022-11-18 07:00:25,567 [23] DEBUG LTCPro.ServiceLayer.Log4net - ---Executing GetUserRecentFacNs() in UserController----
2022-11-18 07:00:25,567 [23] DEBUG LTCPro.ServiceLayer.Log4net - ---Executing GetUserRecentFacNs() in UserService----
2022-11-18 07:00:25,569 [40] DEBUG LTCPro.ServiceLayer.Log4net - ---Executed Successfully GetUserPassedDueFlag() in UserController----
2022-11-18 07:00:25,579 [23] DEBUG LTCPro.ServiceLayer.Log4net - ---Executed Successfully GetUserRecentFacNs() in UserController----
2022-11-18 07:00:25,583 [34] DEBUG LTCPro.ServiceLayer.Log4net - ---Executing GetUserToken() in UserService----
2022-11-18 07:00:25,602 [21] DEBUG LTCPro.ServiceLayer.Log4net - ---Executing GetUserToken() in UserService----
2022-11-18 07:00:25,606 [45] DEBUG LTCPro.ServiceLayer.Log4net - ---Executing GetUserToken() in UserService----
2022-11-18 07:00:25,634 [34] DEBUG LTCPro.ServiceLayer.Log4net - ---Executing GetPendingDosesList() in CommonController----
2022-11-18 07:00:25,634 [34] DEBUG LTCPro.ServiceLayer.Log4net - ---Executing GetPendingDosesList() in CommonService----
2022-11-18 07:00:25,644 [45] DEBUG LTCPro.ServiceLayer.Log4net - ---Executing GetUserRecentFacNs() in UserController----
2022-11-18 07:00:25,644 [45] DEBUG LTCPro.ServiceLayer.Log4net - ---Executing GetUserRecentFacNs() in UserService----
2022-11-18 07:00:25,646 [21] DEBUG LTCPro.ServiceLayer.Log4net - ---Executing InsertUserActivityDetails() in CompanyController----
2022-11-18 07:00:25,647 [21] DEBUG LTCPro.ServiceLayer.Log4net - ---Executing InsertUserActivityDetails() in UserActivityService----
2022-11-18 07:00:25,656 [28] DEBUG LTCPro.ServiceLayer.Log4net - ---Executed successfully GetAlertsDetails() in MailboxController----
2022-11-18 07:00:25,658 [21] DEBUG LTCPro.ServiceLayer.Log4net - ---Executed Successfully InsertUserActivityDetails() in CompanyController----
2022-11-18 07:00:25,668 [45] DEBUG LTCPro.ServiceLayer.Log4net - ---Executed Successfully GetUserRecentFacNs() in UserController----
2022-11-18 07:00:25,691 [28] DEBUG LTCPro.ServiceLayer.Log4net - ---Executing GetUserToken() in UserService----
2022-11-18 07:00:25,692 [45] DEBUG LTCPro.ServiceLayer.Log4net - ---Executing GetUserToken() in UserService----
2022-11-18 07:00:25,699 [28] DEBUG LTCPro.ServiceLayer.Log4net - ---Executing GetUserAccessFacilityNurseStaions() in FacilityController----
2022-11-18 07:00:25,699 [28] DEBUG LTCPro.ServiceLayer.Log4net - ---Executing GetUserAccessFacilityNurseStaions() in FacilityService----
2022-11-18 07:00:25,699 [45] DEBUG LTCPro.ServiceLayer.Log4net - ---Executing GetUserAccessFacilityNurseStaions() in FacilityController----
2022-11-18 07:00:25,699 [45] DEBUG LTCPro.ServiceLayer.Log4net - ---Executing GetUserAccessFacilityNurseStaions() in FacilityService----
2022-11-18 07:00:25,711 [28] DEBUG LTCPro.ServiceLayer.Log4net - ---Executed Successfully GetUserAccessFacilityNurseStaions() in FacilityController----
2022-11-18 07:00:25,719 [45] DEBUG LTCPro.ServiceLayer.Log4net - ---Executed Successfully GetUserAccessFacilityNurseStaions() in FacilityController----
2022-11-18 07:00:25,756 [40] DEBUG LTCPro.ServiceLayer.Log4net - ---Executing GetUserToken() in UserService----
2022-11-18 07:00:25,763 [40] DEBUG LTCPro.ServiceLayer.Log4net - ---Executing UserNurseStationDrop() in FacilityController----
2022-11-18 07:00:25,763 [40] DEBUG LTCPro.ServiceLayer.Log4net - ---Executing UserNurseStationDrop() in FacilityService----
2022-11-18 07:00:25,771 [40] DEBUG LTCPro.ServiceLayer.Log4net - ---Executed Successfully UserNurseStationDrop() in FacilityController----
2022-11-18 07:00:25,794 [40] DEBUG LTCPro.ServiceLayer.Log4net - ---Executing GetUserToken() in UserService----
2022-11-18 07:00:25,802 [40] DEBUG LTCPro.ServiceLayer.Log4net - ---Executing GetCompanyToBedFlagByFacId() in FacilityController----
2022-11-18 07:00:25,802 [40] DEBUG LTCPro.ServiceLayer.Log4net - ---Executing GetCompanyToBedFlagByFacId() in FacilityService----
2022-11-18 07:00:25,825 [23] DEBUG LTCPro.ServiceLayer.Log4net - ---Executing GetUserToken() in UserService----
2022-11-18 07:00:25,829 [23] DEBUG LTCPro.ServiceLayer.Log4net - ---Executing GetResidentsByCompanyBed() in ResidentDemographicController----
2022-11-18 07:00:25,829 [23] DEBUG LTCPro.ServiceLayer.Log4net - ---Executing GetResidentsByCompanyBed() in ResidentDemographicService----
2022-11-18 07:00:25,840 [34] DEBUG LTCPro.ServiceLayer.Log4net - ---Executed Successfully GetPendingDosesList() in CommonController----
2022-11-18 07:00:25,855 [40] DEBUG LTCPro.ServiceLayer.Log4net - ---Executed Successfully GetCompanyToBedFlagByFacId() in FacilityController----
2022-11-18 07:00:25,892 [40] DEBUG LTCPro.ServiceLayer.Log4net - ---Executing GetUserToken() in UserService----
2022-11-18 07:00:25,901 [40] DEBUG LTCPro.ServiceLayer.Log4net - ---Executing GetNurseStationHierarchyDetailsbyNsId() in CompanyController----
2022-11-18 07:00:25,901 [40] DEBUG LTCPro.ServiceLayer.Log4net - ---Executing GetNurseStationHierarchyDetailsbyNsId() in CompanyService----
2022-11-18 07:00:25,909 [40] DEBUG LTCPro.ServiceLayer.Log4net - ---Executed Successfully GetNurseStationHierarchyDetailsbyNsId() in CompanyController----
2022-11-18 07:00:26,391 [42] DEBUG LTCPro.ServiceLayer.Log4net - ---Executed Successfully GetDueMARAlertData() in EmarController----
2022-11-18 07:00:26,436 [20] DEBUG LTCPro.ServiceLayer.Log4net - ---Executed Successfully GetOutboundErrorDetails() in CommonController----
2022-11-18 07:00:27,411 [23] DEBUG LTCPro.ServiceLayer.Log4net - ---Executed Successfully GetResidentsByCompanyBed() in ResidentDemographicController----
2022-11-18 07:00:31,033 [21] DEBUG LTCPro.ServiceLayer.Log4net - ---Executing GetUserToken() in UserService----
2022-11-18 07:00:31,055 [28] DEBUG LTCPro.ServiceLayer.Log4net - ---Executing GetUserToken() in UserService----
2022-11-18 07:00:31,066 [23] DEBUG LTCPro.ServiceLayer.Log4net - ---Executing GetUserToken() in UserService----
2022-11-18 07:00:31,076 [28] DEBUG LTCPro.ServiceLayer.Log4net - ---Executing InsertUserActivityDetails() in CompanyController----
2022-11-18 07:00:31,076 [28] DEBUG LTCPro.ServiceLayer.Log4net - ---Executing InsertUserActivityDetails() in UserActivityService----
2022-11-18 07:00:31,081 [40] DEBUG LTCPro.ServiceLayer.Log4net - ---Executing GetUserToken() in UserService----
2022-11-18 07:00:31,088 [21] DEBUG LTCPro.ServiceLayer.Log4net - ---Executing InsertUserActivityDetails() in CompanyController----
2022-11-18 07:00:31,088 [21] DEBUG LTCPro.ServiceLayer.Log4net - ---Executing InsertUserActivityDetails() in UserActivityService----
2022-11-18 07:00:31,092 [20] DEBUG LTCPro.ServiceLayer.Log4net - ---Executing GetUserToken() in UserService----
2022-11-18 07:00:31,104 [23] DEBUG LTCPro.ServiceLayer.Log4net - ---Executing GetFacilityNSResidentsDataByPId() in ResidentDemographicController----
2022-11-18 07:00:31,104 [23] DEBUG LTCPro.ServiceLayer.Log4net - ---Executing GetFacilityNSResidentsDataByPId() in ResidentDemographicService----
2022-11-18 07:00:31,120 [40] DEBUG LTCPro.ServiceLayer.Log4net - ---Executing GetResidentAdmitDischargeData() in ResidentDemographicController----
2022-11-18 07:00:31,120 [40] DEBUG LTCPro.ServiceLayer.Log4net - ---Executing GetResidentAdmitDischargeData() in ResidentDemographicService----
2022-11-18 07:00:31,127 [32] DEBUG LTCPro.ServiceLayer.Log4net - ---Executing GetUserToken() in UserService----
2022-11-18 07:00:31,135 [20] DEBUG LTCPro.ServiceLayer.Log4net - ---Executing InsertUserActivityDetails() in CompanyController----
2022-11-18 07:00:31,135 [20] DEBUG LTCPro.ServiceLayer.Log4net - ---Executing InsertUserActivityDetails() in UserActivityService----
2022-11-18 07:00:31,137 [40] DEBUG LTCPro.ServiceLayer.Log4net - ---Executed Successfully GetResidentAdmitDischargeData() in ResidentDemographicController----
2022-11-18 07:00:31,141 [32] DEBUG LTCPro.ServiceLayer.Log4net - ---Executing GetResidentAdmitDischargeData() in ResidentDemographicController----
2022-11-18 07:00:31,141 [32] DEBUG LTCPro.ServiceLayer.Log4net - ---Executing GetResidentAdmitDischargeData() in ResidentDemographicService----
2022-11-18 07:00:31,142 [28] DEBUG LTCPro.ServiceLayer.Log4net - ---Executed Successfully InsertUserActivityDetails() in CompanyController----
2022-11-18 07:00:31,143 [21] DEBUG LTCPro.ServiceLayer.Log4net - ---Executed Successfully InsertUserActivityDetails() in CompanyController----
2022-11-18 07:00:31,152 [32] DEBUG LTCPro.ServiceLayer.Log4net - ---Executed Successfully GetResidentAdmitDischargeData() in ResidentDemographicController----
2022-11-18 07:00:31,152 [20] DEBUG LTCPro.ServiceLayer.Log4net - ---Executed Successfully InsertUserActivityDetails() in CompanyController----
2022-11-18 07:00:31,181 [28] DEBUG LTCPro.ServiceLayer.Log4net - ---Executing GetUserToken() in UserService----
2022-11-18 07:00:31,190 [28] DEBUG LTCPro.ServiceLayer.Log4net - ---Executing InsertUserActivityDetails() in CompanyController----
2022-11-18 07:00:31,190 [28] DEBUG LTCPro.ServiceLayer.Log4net - ---Executing InsertUserActivityDetails() in UserActivityService----
2022-11-18 07:00:31,197 [23] DEBUG LTCPro.ServiceLayer.Log4net - ---Executed Successfully GetFacilityNSResidentsDataByPId() in ResidentDemographicController----
2022-11-18 07:00:31,221 [25] DEBUG LTCPro.ServiceLayer.Log4net - ---Executing GetUserToken() in UserService----
2022-11-18 07:00:31,223 [20] DEBUG LTCPro.ServiceLayer.Log4net - ---Executing GetUserToken() in UserService----
2022-11-18 07:00:31,226 [28] DEBUG LTCPro.ServiceLayer.Log4net - ---Executed Successfully InsertUserActivityDetails() in CompanyController----
2022-11-18 07:00:31,227 [45] DEBUG LTCPro.ServiceLayer.Log4net - ---Executing GetUserToken() in UserService----
2022-11-18 07:00:31,231 [25] DEBUG LTCPro.ServiceLayer.Log4net - ---Executing GetResidentAllergies() in ResidentDemographicController----
2022-11-18 07:00:31,231 [25] DEBUG LTCPro.ServiceLayer.Log4net - ---Executing GetResidentAllergies() in AllergyInfoService----
2022-11-18 07:00:31,234 [20] DEBUG LTCPro.ServiceLayer.Log4net - ---Executing GetResidentDiagnosisInfo() in ResidentDemographicController----
2022-11-18 07:00:31,234 [20] DEBUG LTCPro.ServiceLayer.Log4net - ---Executing GetResidentDiagnosisInfo() in DiagnosisInfoService----
2022-11-18 07:00:31,237 [45] DEBUG LTCPro.ServiceLayer.Log4net - ---Executing GetResidentInformation() in ResidentDemographicController----
2022-11-18 07:00:31,238 [45] DEBUG LTCPro.ServiceLayer.Log4net - ---Executing GetResidentInformation() in ResidentDemographicService----
2022-11-18 07:00:31,240 [25] DEBUG LTCPro.ServiceLayer.Log4net - ---Executed Successfully GetResidentAllergies() in ResidentDemographicController----
2022-11-18 07:00:31,240 [20] DEBUG LTCPro.ServiceLayer.Log4net - ---Executed Successfully GetResidentDiagnosisInfo() in ResidentDemographicController----
2022-11-18 07:00:31,293 [42] DEBUG LTCPro.ServiceLayer.Log4net - ---Executing GetUserToken() in UserService----
2022-11-18 07:00:31,299 [42] DEBUG LTCPro.ServiceLayer.Log4net - ---Executing GetResidentInformation() in ResidentDemographicController----
2022-11-18 07:00:31,300 [42] DEBUG LTCPro.ServiceLayer.Log4net - ---Executing GetResidentInformation() in ResidentDemographicService----
2022-11-18 07:00:31,342 [45] DEBUG LTCPro.ServiceLayer.Log4net - ---Executed Successfully GetResidentInformation() in ResidentDemographicController----
2022-11-18 07:00:31,389 [42] DEBUG LTCPro.ServiceLayer.Log4net - ---Executed Successfully GetResidentInformation() in ResidentDemographicController----
2022-11-18 07:00:31,432 [21] DEBUG LTCPro.ServiceLayer.Log4net - ---Executing GetUserToken() in UserService----
2022-11-18 07:00:31,438 [21] DEBUG LTCPro.ServiceLayer.Log4net - ---Executing GetPatientTypeByID() in CommonController----
2022-11-18 07:00:31,438 [21] DEBUG LTCPro.ServiceLayer.Log4net - ---Executing GetPatientTypeDrop() in CommonService----
2022-11-18 07:00:31,446 [23] DEBUG LTCPro.ServiceLayer.Log4net - ---Executing GetUserToken() in UserService----
2022-11-18 07:00:31,447 [40] DEBUG LTCPro.ServiceLayer.Log4net - ---Executing GetUserToken() in UserService----
2022-11-18 07:00:31,455 [23] DEBUG LTCPro.ServiceLayer.Log4net - ---Executing GetResidentDiagnosisInfo() in ResidentDemographicController----
2022-11-18 07:00:31,455 [23] DEBUG LTCPro.ServiceLayer.Log4net - ---Executing GetResidentDiagnosisInfo() in DiagnosisInfoService----
2022-11-18 07:00:31,467 [32] DEBUG LTCPro.ServiceLayer.Log4net - ---Executing GetUserToken() in UserService----
2022-11-18 07:00:31,470 [23] DEBUG LTCPro.ServiceLayer.Log4net - ---Executed Successfully GetResidentDiagnosisInfo() in ResidentDemographicController----
2022-11-18 07:00:31,474 [32] DEBUG LTCPro.ServiceLayer.Log4net - ---Executing GetResidentInformation() in ResidentDemographicController----
2022-11-18 07:00:31,474 [32] DEBUG LTCPro.ServiceLayer.Log4net - ---Executing GetResidentInformation() in ResidentDemographicService----
2022-11-18 07:00:31,476 [40] DEBUG LTCPro.ServiceLayer.Log4net - ---Executing GetResidentAllergies() in ResidentDemographicController----
2022-11-18 07:00:31,476 [40] DEBUG LTCPro.ServiceLayer.Log4net - ---Executing GetResidentAllergies() in AllergyInfoService----
2022-11-18 07:00:31,486 [40] DEBUG LTCPro.ServiceLayer.Log4net - ---Executed Successfully GetResidentAllergies() in ResidentDemographicController----
2022-11-18 07:00:31,489 [28] DEBUG LTCPro.ServiceLayer.Log4net - ---Executing GetUserToken() in UserService----
2022-11-18 07:00:31,492 [21] DEBUG LTCPro.ServiceLayer.Log4net - ---Executed Successfully GetPatientTypeDrop() in CommonController----
2022-11-18 07:00:31,496 [28] DEBUG LTCPro.ServiceLayer.Log4net - ---Executing GetResidentAdmitDischargeData() in ResidentDemographicController----
2022-11-18 07:00:31,496 [28] DEBUG LTCPro.ServiceLayer.Log4net - ---Executing GetResidentAdmitDischargeData() in ResidentDemographicService----
2022-11-18 07:00:31,503 [28] DEBUG LTCPro.ServiceLayer.Log4net - ---Executed Successfully GetResidentAdmitDischargeData() in ResidentDemographicController----
2022-11-18 07:00:31,616 [20] DEBUG LTCPro.ServiceLayer.Log4net - ---Executing GetUserToken() in UserService----
2022-11-18 07:00:31,622 [20] DEBUG LTCPro.ServiceLayer.Log4net - ---Executing GetAllPatientTypesByPId() in ResidentDemographicController----
2022-11-18 07:00:31,622 [20] DEBUG LTCPro.ServiceLayer.Log4net - ---Executing GetAllPatientTypesByPId() in EmarService----
2022-11-18 07:00:31,627 [20] DEBUG LTCPro.ServiceLayer.Log4net - ---Executed Successfully GetAllPatientTypesByPId() in ResidentDemographicController----
2022-11-18 07:00:31,634 [32] DEBUG LTCPro.ServiceLayer.Log4net - ---Executed Successfully GetResidentInformation() in ResidentDemographicController----
2022-11-18 07:00:36,142 [34] DEBUG LTCPro.ServiceLayer.Log4net - ---Executing GetUserToken() in UserService----
2022-11-18 07:00:36,148 [34] DEBUG LTCPro.ServiceLayer.Log4net - ---Executing GetOutboundHLSevenConfigs() in HLSevenSegmentController----
2022-11-18 07:00:36,148 [34] DEBUG LTCPro.ServiceLayer.Log4net - ---Executing GetOutboundHLSevenConfigs() in HLSevenSegmentService----
2022-11-18 07:00:36,156 [34] DEBUG LTCPro.ServiceLayer.Log4net - ---Executed Successfully GetOutboundHLSevenConfigs() in HLSevenSegmentController----
2022-11-18 07:00:36,194 [30] DEBUG LTCPro.ServiceLayer.Log4net - ---Executing GetUserToken() in UserService----
2022-11-18 07:00:36,200 [30] DEBUG LTCPro.ServiceLayer.Log4net - ---Executing UserFacilityDrop() in FacilityController----
2022-11-18 07:00:36,200 [30] DEBUG LTCPro.ServiceLayer.Log4net - ---Executing UserFacilityDrop() in FacilityService----
2022-11-18 07:00:36,206 [30] DEBUG LTCPro.ServiceLayer.Log4net - ---Executed Successfully UserFacilityDrop() in FacilityController----
2022-11-18 07:00:36,223 [25] DEBUG LTCPro.ServiceLayer.Log4net - ---Executing GetUserToken() in UserService----
2022-11-18 07:00:36,229 [25] DEBUG LTCPro.ServiceLayer.Log4net - ---Executing GetResidentAdmitvisitInfoData() in ResidentDemographicController----
2022-11-18 07:00:36,229 [25] DEBUG LTCPro.ServiceLayer.Log4net - ---Executing  VisitInfoEntity()  in GetResidentAdmitvisitInfoData----
2022-11-18 07:00:36,244 [25] DEBUG LTCPro.ServiceLayer.Log4net - ---Executed Successfully GetResidentAdmitvisitInfoData() in ResidentDemographicController----
2022-11-18 07:00:36,263 [30] DEBUG LTCPro.ServiceLayer.Log4net - ---Executing GetUserToken() in UserService----
2022-11-18 07:00:36,266 [25] DEBUG LTCPro.ServiceLayer.Log4net - ---Executing GetUserToken() in UserService----
2022-11-18 07:00:36,269 [30] DEBUG LTCPro.ServiceLayer.Log4net - ---Executing UserFacilityDrop() in FacilityController----
2022-11-18 07:00:36,269 [30] DEBUG LTCPro.ServiceLayer.Log4net - ---Executing UserFacilityDrop() in FacilityService----
2022-11-18 07:00:36,270 [25] DEBUG LTCPro.ServiceLayer.Log4net - ---Executing GetCompanyToBedFlagByFacId() in FacilityController----
2022-11-18 07:00:36,270 [25] DEBUG LTCPro.ServiceLayer.Log4net - ---Executing GetCompanyToBedFlagByFacId() in FacilityService----
2022-11-18 07:00:36,276 [30] DEBUG LTCPro.ServiceLayer.Log4net - ---Executed Successfully UserFacilityDrop() in FacilityController----
2022-11-18 07:00:36,305 [25] DEBUG LTCPro.ServiceLayer.Log4net - ---Executed Successfully GetCompanyToBedFlagByFacId() in FacilityController----
2022-11-18 07:00:36,331 [30] DEBUG LTCPro.ServiceLayer.Log4net - ---Executing GetUserToken() in UserService----
2022-11-18 07:00:36,337 [30] DEBUG LTCPro.ServiceLayer.Log4net - ---Executing UserNurseStationDrop() in FacilityController----
2022-11-18 07:00:36,337 [30] DEBUG LTCPro.ServiceLayer.Log4net - ---Executing UserNurseStationDrop() in FacilityService----
2022-11-18 07:00:36,345 [30] DEBUG LTCPro.ServiceLayer.Log4net - ---Executed Successfully UserNurseStationDrop() in FacilityController----
2022-11-18 07:00:36,355 [16] DEBUG LTCPro.ServiceLayer.Log4net - ---Executing GetUserToken() in UserService----
2022-11-18 07:00:36,362 [16] DEBUG LTCPro.ServiceLayer.Log4net - ---Executing GetNurseStationHierarchyDetailsbyNsId() in CompanyController----
2022-11-18 07:00:36,362 [16] DEBUG LTCPro.ServiceLayer.Log4net - ---Executing GetNurseStationHierarchyDetailsbyNsId() in CompanyService----
2022-11-18 07:00:36,367 [16] DEBUG LTCPro.ServiceLayer.Log4net - ---Executed Successfully GetNurseStationHierarchyDetailsbyNsId() in CompanyController----
2022-11-18 07:00:52,724 [25] DEBUG LTCPro.ServiceLayer.Log4net - ---Executing GetUserToken() in UserService----
2022-11-18 07:00:52,731 [25] DEBUG LTCPro.ServiceLayer.Log4net - ---Executing InsertResidentVisitInfo() in AdminApprovalController----
2022-11-18 07:00:52,731 [25] DEBUG LTCPro.ServiceLayer.Log4net - ---Executing InsertResidentVisitInfo() in AdminApprovalService----
2022-11-18 07:00:52,856 [25] DEBUG LTCPro.ServiceLayer.Log4net - ---Executing GenerateOutboundFile() Discharge in AdminApprovalService----
2022-11-18 07:00:52,866 [25] DEBUG LTCPro.ServiceLayer.Log4net - ---Generating OutboundFile Discharge in AdminApprovalService----
2022-11-18 07:00:52,896 [25] DEBUG LTCPro.ServiceLayer.Log4net - ---Generated OutboundFile Download Start D:/Promantra/OutboundLive/Pending//Discharge_11182022053006.hl7 in AdminApprovalService----
2022-11-18 07:00:52,921 [25] DEBUG LTCPro.ServiceLayer.Log4net - ---Generated OutboundFile Download Completed D:/Promantra/OutboundLive/Pending//Discharge_11182022053006.hl7 in AdminApprovalService----
2022-11-18 07:00:52,921 [25] DEBUG LTCPro.ServiceLayer.Log4net - ---Executed GenerateOutboundFile() Discharge in AdminApprovalService----
2022-11-18 07:00:52,923 [25] DEBUG LTCPro.ServiceLayer.Log4net - ---Executed Successfully InsertResidentVisitInfo() in AdminApprovalController----
2022-11-18 07:00:52,964 [25] DEBUG LTCPro.ServiceLayer.Log4net - ---Executing GetUserToken() in UserService----
2022-11-18 07:00:52,970 [25] DEBUG LTCPro.ServiceLayer.Log4net - ---Executing GetApprovalFlag() in CompanyController----
2022-11-18 07:00:52,970 [25] DEBUG LTCPro.ServiceLayer.Log4net - ---Executing GetApprovalFlag() in CompanyService----
2022-11-18 07:00:53,039 [34] DEBUG LTCPro.ServiceLayer.Log4net - ---Executing GetUserToken() in UserService----
2022-11-18 07:00:53,041 [30] DEBUG LTCPro.ServiceLayer.Log4net - ---Executing GetUserToken() in UserService----
2022-11-18 07:00:53,081 [34] DEBUG LTCPro.ServiceLayer.Log4net - ---Executing GetResidentAdmitDischargeData() in ResidentDemographicController----
2022-11-18 07:00:53,081 [34] DEBUG LTCPro.ServiceLayer.Log4net - ---Executing GetResidentAdmitDischargeData() in ResidentDemographicService----
2022-11-18 07:00:53,082 [30] DEBUG LTCPro.ServiceLayer.Log4net - ---Executing GetFacilityNSResidentsDataByPId() in ResidentDemographicController----
2022-11-18 07:00:53,082 [30] DEBUG LTCPro.ServiceLayer.Log4net - ---Executing GetFacilityNSResidentsDataByPId() in ResidentDemographicService----
2022-11-18 07:00:53,112 [34] DEBUG LTCPro.ServiceLayer.Log4net - ---Executed Successfully GetResidentAdmitDischargeData() in ResidentDemographicController----
2022-11-18 07:00:53,146 [30] DEBUG LTCPro.ServiceLayer.Log4net - ---Executed Successfully GetFacilityNSResidentsDataByPId() in ResidentDemographicController----
2022-11-18 07:00:53,197 [30] DEBUG LTCPro.ServiceLayer.Log4net - ---Executing GetUserToken() in UserService----
2022-11-18 07:00:53,203 [30] DEBUG LTCPro.ServiceLayer.Log4net - ---Executing GetResidentInformation() in ResidentDemographicController----
2022-11-18 07:00:53,203 [30] DEBUG LTCPro.ServiceLayer.Log4net - ---Executing GetResidentInformation() in ResidentDemographicService----
2022-11-18 07:00:53,291 [30] DEBUG LTCPro.ServiceLayer.Log4net - ---Executed Successfully GetResidentInformation() in ResidentDemographicController----
2022-11-18 07:00:53,324 [16] DEBUG LTCPro.ServiceLayer.Log4net - ---Executing GetUserToken() in UserService----
2022-11-18 07:00:53,340 [16] DEBUG LTCPro.ServiceLayer.Log4net - ---Executing GetPatientTypeByID() in CommonController----
2022-11-18 07:00:53,340 [16] DEBUG LTCPro.ServiceLayer.Log4net - ---Executing GetPatientTypeDrop() in CommonService----
2022-11-18 07:00:53,357 [25] DEBUG LTCPro.ServiceLayer.Log4net - ---Executing GetUserToken() in UserService----
2022-11-18 07:00:53,357 [30] DEBUG LTCPro.ServiceLayer.Log4net - ---Executing GetUserToken() in UserService----
2022-11-18 07:00:53,359 [34] DEBUG LTCPro.ServiceLayer.Log4net - ---Executing GetUserToken() in UserService----
2022-11-18 07:00:53,366 [25] DEBUG LTCPro.ServiceLayer.Log4net - ---Executing GetResidentInformation() in ResidentDemographicController----
2022-11-18 07:00:53,366 [25] DEBUG LTCPro.ServiceLayer.Log4net - ---Executing GetResidentInformation() in ResidentDemographicService----
2022-11-18 07:00:53,378 [34] DEBUG LTCPro.ServiceLayer.Log4net - ---Executing GetResidentAdmitDischargeData() in ResidentDemographicController----
2022-11-18 07:00:53,378 [34] DEBUG LTCPro.ServiceLayer.Log4net - ---Executing GetResidentAdmitDischargeData() in ResidentDemographicService----
2022-11-18 07:00:53,379 [30] DEBUG LTCPro.ServiceLayer.Log4net - ---Executing GetResidentDiagnosisInfo() in ResidentDemographicController----
2022-11-18 07:00:53,379 [30] DEBUG LTCPro.ServiceLayer.Log4net - ---Executing GetResidentDiagnosisInfo() in DiagnosisInfoService----
2022-11-18 07:00:53,384 [34] DEBUG LTCPro.ServiceLayer.Log4net - ---Executed Successfully GetResidentAdmitDischargeData() in ResidentDemographicController----
2022-11-18 07:00:53,386 [32] DEBUG LTCPro.ServiceLayer.Log4net - ---Executing GetUserToken() in UserService----
2022-11-18 07:00:53,397 [30] DEBUG LTCPro.ServiceLayer.Log4net - ---Executed Successfully GetResidentDiagnosisInfo() in ResidentDemographicController----
2022-11-18 07:00:53,402 [32] DEBUG LTCPro.ServiceLayer.Log4net - ---Executing GetResidentAllergies() in ResidentDemographicController----
2022-11-18 07:00:53,402 [32] DEBUG LTCPro.ServiceLayer.Log4net - ---Executing GetResidentAllergies() in AllergyInfoService----
2022-11-18 07:00:53,409 [32] DEBUG LTCPro.ServiceLayer.Log4net - ---Executed Successfully GetResidentAllergies() in ResidentDemographicController----
2022-11-18 07:00:53,411 [16] DEBUG LTCPro.ServiceLayer.Log4net - ---Executed Successfully GetPatientTypeDrop() in CommonController----
2022-11-18 07:00:53,483 [23] DEBUG LTCPro.ServiceLayer.Log4net - ---Executing GetUserToken() in UserService----
2022-11-18 07:00:53,488 [23] DEBUG LTCPro.ServiceLayer.Log4net - ---Executing GetAllPatientTypesByPId() in ResidentDemographicController----
2022-11-18 07:00:53,488 [23] DEBUG LTCPro.ServiceLayer.Log4net - ---Executing GetAllPatientTypesByPId() in EmarService----
2022-11-18 07:00:53,493 [23] DEBUG LTCPro.ServiceLayer.Log4net - ---Executed Successfully GetAllPatientTypesByPId() in ResidentDemographicController----
2022-11-18 07:00:53,503 [25] DEBUG LTCPro.ServiceLayer.Log4net - ---Executed Successfully GetResidentInformation() in ResidentDemographicController----
2022-11-18 07:01:18,312 [40] DEBUG LTCPro.ServiceLayer.Log4net - ---Executing GetUserToken() in UserService----
2022-11-18 07:01:18,318 [40] DEBUG LTCPro.ServiceLayer.Log4net - ---Executing PatientReAdmission() in AdminApprovalController----
2022-11-18 07:01:18,318 [40] DEBUG LTCPro.ServiceLayer.Log4net - ---Executing PatientReAdmission() in AdminApprovalService----
2022-11-18 07:01:18,418 [40] DEBUG LTCPro.ServiceLayer.Log4net - ---Executing GenerateOutboundFile() NewResident in AdminApprovalService----
2022-11-18 07:01:18,426 [40] DEBUG LTCPro.ServiceLayer.Log4net - ---Generating OutboundFile NewResident in AdminApprovalService----
2022-11-18 07:01:18,456 [40] DEBUG LTCPro.ServiceLayer.Log4net - ---Generated OutboundFile Download Start D:/Promantra/OutboundLive/Pending//NewResident_11182022053032.hl7 in AdminApprovalService----
2022-11-18 07:01:18,472 [40] DEBUG LTCPro.ServiceLayer.Log4net - ---Generated OutboundFile Download Completed D:/Promantra/OutboundLive/Pending//NewResident_11182022053032.hl7 in AdminApprovalService----
2022-11-18 07:01:18,472 [40] DEBUG LTCPro.ServiceLayer.Log4net - ---Executed GenerateOutboundFile() NewResident in AdminApprovalService----
2022-11-18 07:01:18,474 [40] DEBUG LTCPro.ServiceLayer.Log4net - ---Executed Successfully PatientReAdmission() in AdminApprovalController----
2022-11-18 07:01:18,522 [32] DEBUG LTCPro.ServiceLayer.Log4net - ---Executing GetUserToken() in UserService----
2022-11-18 07:01:18,529 [32] DEBUG LTCPro.ServiceLayer.Log4net - ---Executing GetResidentInformation() in ResidentDemographicController----
2022-11-18 07:01:18,529 [32] DEBUG LTCPro.ServiceLayer.Log4net - ---Executing GetResidentInformation() in ResidentDemographicService----
2022-11-18 07:01:18,616 [32] DEBUG LTCPro.ServiceLayer.Log4net - ---Executed Successfully GetResidentInformation() in ResidentDemographicController----
2022-11-18 07:01:18,672 [21] DEBUG LTCPro.ServiceLayer.Log4net - ---Executing GetUserToken() in UserService----
2022-11-18 07:01:18,680 [21] DEBUG LTCPro.ServiceLayer.Log4net - ---Executing GetPatientTypeByID() in CommonController----
2022-11-18 07:01:18,680 [21] DEBUG LTCPro.ServiceLayer.Log4net - ---Executing GetPatientTypeDrop() in CommonService----
2022-11-18 07:01:18,695 [32] DEBUG LTCPro.ServiceLayer.Log4net - ---Executing GetUserToken() in UserService----
2022-11-18 07:01:18,701 [32] DEBUG LTCPro.ServiceLayer.Log4net - ---Executing GetResidentInformation() in ResidentDemographicController----
2022-11-18 07:01:18,701 [32] DEBUG LTCPro.ServiceLayer.Log4net - ---Executing GetResidentInformation() in ResidentDemographicService----
2022-11-18 07:01:18,705 [34] DEBUG LTCPro.ServiceLayer.Log4net - ---Executing GetUserToken() in UserService----
2022-11-18 07:01:18,711 [28] DEBUG LTCPro.ServiceLayer.Log4net - ---Executing GetUserToken() in UserService----
2022-11-18 07:01:18,713 [34] DEBUG LTCPro.ServiceLayer.Log4net - ---Executing GetResidentAdmitDischargeData() in ResidentDemographicController----
2022-11-18 07:01:18,713 [34] DEBUG LTCPro.ServiceLayer.Log4net - ---Executing GetResidentAdmitDischargeData() in ResidentDemographicService----
2022-11-18 07:01:18,719 [28] DEBUG LTCPro.ServiceLayer.Log4net - ---Executing GetResidentAllergies() in ResidentDemographicController----
2022-11-18 07:01:18,719 [28] DEBUG LTCPro.ServiceLayer.Log4net - ---Executing GetResidentAllergies() in AllergyInfoService----
2022-11-18 07:01:18,720 [34] DEBUG LTCPro.ServiceLayer.Log4net - ---Executed Successfully GetResidentAdmitDischargeData() in ResidentDemographicController----
2022-11-18 07:01:18,726 [28] DEBUG LTCPro.ServiceLayer.Log4net - ---Executed Successfully GetResidentAllergies() in ResidentDemographicController----
2022-11-18 07:01:18,738 [21] DEBUG LTCPro.ServiceLayer.Log4net - ---Executed Successfully GetPatientTypeDrop() in CommonController----
2022-11-18 07:01:18,739 [23] DEBUG LTCPro.ServiceLayer.Log4net - ---Executing GetUserToken() in UserService----
2022-11-18 07:01:18,749 [23] DEBUG LTCPro.ServiceLayer.Log4net - ---Executing GetResidentDiagnosisInfo() in ResidentDemographicController----
2022-11-18 07:01:18,749 [23] DEBUG LTCPro.ServiceLayer.Log4net - ---Executing GetResidentDiagnosisInfo() in DiagnosisInfoService----
2022-11-18 07:01:18,754 [23] DEBUG LTCPro.ServiceLayer.Log4net - ---Executed Successfully GetResidentDiagnosisInfo() in ResidentDemographicController----
2022-11-18 07:01:18,796 [34] DEBUG LTCPro.ServiceLayer.Log4net - ---Executing GetUserToken() in UserService----
2022-11-18 07:01:18,803 [34] DEBUG LTCPro.ServiceLayer.Log4net - ---Executing GetAllPatientTypesByPId() in ResidentDemographicController----
2022-11-18 07:01:18,803 [34] DEBUG LTCPro.ServiceLayer.Log4net - ---Executing GetAllPatientTypesByPId() in EmarService----
2022-11-18 07:01:18,810 [34] DEBUG LTCPro.ServiceLayer.Log4net - ---Executed Successfully GetAllPatientTypesByPId() in ResidentDemographicController----
2022-11-18 07:01:18,813 [32] DEBUG LTCPro.ServiceLayer.Log4net - ---Executed Successfully GetResidentInformation() in ResidentDemographicController----
2022-11-18 07:01:20,260 [40] DEBUG LTCPro.ServiceLayer.Log4net - ---Executing GetUserToken() in UserService----
2022-11-18 07:01:20,266 [40] DEBUG LTCPro.ServiceLayer.Log4net - ---Executing GetOutboundHLSevenConfigs() in HLSevenSegmentController----
2022-11-18 07:01:20,266 [40] DEBUG LTCPro.ServiceLayer.Log4net - ---Executing GetOutboundHLSevenConfigs() in HLSevenSegmentService----
2022-11-18 07:01:20,275 [40] DEBUG LTCPro.ServiceLayer.Log4net - ---Executed Successfully GetOutboundHLSevenConfigs() in HLSevenSegmentController----
2022-11-18 07:01:20,311 [40] DEBUG LTCPro.ServiceLayer.Log4net - ---Executing GetUserToken() in UserService----
2022-11-18 07:01:20,320 [40] DEBUG LTCPro.ServiceLayer.Log4net - ---Executing UserFacilityDrop() in FacilityController----
2022-11-18 07:01:20,320 [40] DEBUG LTCPro.ServiceLayer.Log4net - ---Executing UserFacilityDrop() in FacilityService----
2022-11-18 07:01:20,327 [40] DEBUG LTCPro.ServiceLayer.Log4net - ---Executed Successfully UserFacilityDrop() in FacilityController----
2022-11-18 07:01:20,347 [23] DEBUG LTCPro.ServiceLayer.Log4net - ---Executing GetUserToken() in UserService----
2022-11-18 07:01:20,353 [23] DEBUG LTCPro.ServiceLayer.Log4net - ---Executing GetResidentAdmitvisitInfoData() in ResidentDemographicController----
2022-11-18 07:01:20,353 [23] DEBUG LTCPro.ServiceLayer.Log4net - ---Executing  VisitInfoEntity()  in GetResidentAdmitvisitInfoData----
2022-11-18 07:01:20,366 [23] DEBUG LTCPro.ServiceLayer.Log4net - ---Executed Successfully GetResidentAdmitvisitInfoData() in ResidentDemographicController----
2022-11-18 07:01:20,382 [40] DEBUG LTCPro.ServiceLayer.Log4net - ---Executing GetUserToken() in UserService----
2022-11-18 07:01:20,385 [32] DEBUG LTCPro.ServiceLayer.Log4net - ---Executing GetUserToken() in UserService----
2022-11-18 07:01:20,389 [40] DEBUG LTCPro.ServiceLayer.Log4net - ---Executing UserFacilityDrop() in FacilityController----
2022-11-18 07:01:20,389 [40] DEBUG LTCPro.ServiceLayer.Log4net - ---Executing UserFacilityDrop() in FacilityService----
2022-11-18 07:01:20,390 [32] DEBUG LTCPro.ServiceLayer.Log4net - ---Executing GetCompanyToBedFlagByFacId() in FacilityController----
2022-11-18 07:01:20,390 [32] DEBUG LTCPro.ServiceLayer.Log4net - ---Executing GetCompanyToBedFlagByFacId() in FacilityService----
2022-11-18 07:01:20,394 [40] DEBUG LTCPro.ServiceLayer.Log4net - ---Executed Successfully UserFacilityDrop() in FacilityController----
2022-11-18 07:01:20,435 [32] DEBUG LTCPro.ServiceLayer.Log4net - ---Executed Successfully GetCompanyToBedFlagByFacId() in FacilityController----
2022-11-18 07:01:20,455 [32] DEBUG LTCPro.ServiceLayer.Log4net - ---Executing GetUserToken() in UserService----
2022-11-18 07:01:20,468 [32] DEBUG LTCPro.ServiceLayer.Log4net - ---Executing UserNurseStationDrop() in FacilityController----
2022-11-18 07:01:20,468 [32] DEBUG LTCPro.ServiceLayer.Log4net - ---Executing UserNurseStationDrop() in FacilityService----
2022-11-18 07:01:20,475 [32] DEBUG LTCPro.ServiceLayer.Log4net - ---Executed Successfully UserNurseStationDrop() in FacilityController----
2022-11-18 07:01:20,478 [40] DEBUG LTCPro.ServiceLayer.Log4net - ---Executing GetUserToken() in UserService----
2022-11-18 07:01:20,484 [40] DEBUG LTCPro.ServiceLayer.Log4net - ---Executing GetNurseStationHierarchyDetailsbyNsId() in CompanyController----
2022-11-18 07:01:20,484 [40] DEBUG LTCPro.ServiceLayer.Log4net - ---Executing GetNurseStationHierarchyDetailsbyNsId() in CompanyService----
2022-11-18 07:01:20,489 [40] DEBUG LTCPro.ServiceLayer.Log4net - ---Executed Successfully GetNurseStationHierarchyDetailsbyNsId() in CompanyController----
2022-11-18 07:01:27,800 [23] DEBUG LTCPro.ServiceLayer.Log4net - ---Executing GetUserToken() in UserService----
2022-11-18 07:01:27,805 [23] DEBUG LTCPro.ServiceLayer.Log4net - ---Executing InsertResidentVisitInfo() in AdminApprovalController----
2022-11-18 07:01:27,805 [23] DEBUG LTCPro.ServiceLayer.Log4net - ---Executing InsertResidentVisitInfo() in AdminApprovalService----
2022-11-18 07:01:27,928 [23] DEBUG LTCPro.ServiceLayer.Log4net - ---Executing GenerateOutboundFile() Discharge in AdminApprovalService----
2022-11-18 07:01:27,937 [23] DEBUG LTCPro.ServiceLayer.Log4net - ---Generating OutboundFile Discharge in AdminApprovalService----
2022-11-18 07:01:27,966 [23] DEBUG LTCPro.ServiceLayer.Log4net - ---Generated OutboundFile Download Start D:/Promantra/OutboundLive/Pending//Discharge_11182022053041.hl7 in AdminApprovalService----
2022-11-18 07:01:27,967 [23] DEBUG LTCPro.ServiceLayer.Log4net - ---Generated OutboundFile Download Completed D:/Promantra/OutboundLive/Pending//Discharge_11182022053041.hl7 in AdminApprovalService----
2022-11-18 07:01:27,967 [23] DEBUG LTCPro.ServiceLayer.Log4net - ---Executed GenerateOutboundFile() Discharge in AdminApprovalService----
2022-11-18 07:01:27,970 [23] DEBUG LTCPro.ServiceLayer.Log4net - ---Executed Successfully InsertResidentVisitInfo() in AdminApprovalController----
2022-11-18 07:01:28,006 [32] DEBUG LTCPro.ServiceLayer.Log4net - ---Executing GetUserToken() in UserService----
2022-11-18 07:01:28,012 [32] DEBUG LTCPro.ServiceLayer.Log4net - ---Executing GetApprovalFlag() in CompanyController----
2022-11-18 07:01:28,012 [32] DEBUG LTCPro.ServiceLayer.Log4net - ---Executing GetApprovalFlag() in CompanyService----
2022-11-18 07:01:28,085 [32] DEBUG LTCPro.ServiceLayer.Log4net - ---Executing GetUserToken() in UserService----
2022-11-18 07:01:28,086 [40] DEBUG LTCPro.ServiceLayer.Log4net - ---Executing GetUserToken() in UserService----
2022-11-18 07:01:28,090 [32] DEBUG LTCPro.ServiceLayer.Log4net - ---Executing GetFacilityNSResidentsDataByPId() in ResidentDemographicController----
2022-11-18 07:01:28,090 [32] DEBUG LTCPro.ServiceLayer.Log4net - ---Executing GetFacilityNSResidentsDataByPId() in ResidentDemographicService----
2022-11-18 07:01:28,091 [40] DEBUG LTCPro.ServiceLayer.Log4net - ---Executing GetResidentAdmitDischargeData() in ResidentDemographicController----
2022-11-18 07:01:28,091 [40] DEBUG LTCPro.ServiceLayer.Log4net - ---Executing GetResidentAdmitDischargeData() in ResidentDemographicService----
2022-11-18 07:01:28,097 [40] DEBUG LTCPro.ServiceLayer.Log4net - ---Executed Successfully GetResidentAdmitDischargeData() in ResidentDemographicController----
2022-11-18 07:01:28,134 [32] DEBUG LTCPro.ServiceLayer.Log4net - ---Executed Successfully GetFacilityNSResidentsDataByPId() in ResidentDemographicController----
2022-11-18 07:01:28,181 [32] DEBUG LTCPro.ServiceLayer.Log4net - ---Executing GetUserToken() in UserService----
2022-11-18 07:01:28,186 [32] DEBUG LTCPro.ServiceLayer.Log4net - ---Executing GetResidentInformation() in ResidentDemographicController----
2022-11-18 07:01:28,186 [32] DEBUG LTCPro.ServiceLayer.Log4net - ---Executing GetResidentInformation() in ResidentDemographicService----
2022-11-18 07:01:28,273 [32] DEBUG LTCPro.ServiceLayer.Log4net - ---Executed Successfully GetResidentInformation() in ResidentDemographicController----
2022-11-18 07:01:28,326 [40] DEBUG LTCPro.ServiceLayer.Log4net - ---Executing GetUserToken() in UserService----
2022-11-18 07:01:28,352 [40] DEBUG LTCPro.ServiceLayer.Log4net - ---Executing GetResidentInformation() in ResidentDemographicController----
2022-11-18 07:01:28,352 [40] DEBUG LTCPro.ServiceLayer.Log4net - ---Executing GetResidentInformation() in ResidentDemographicService----
2022-11-18 07:01:28,373 [34] DEBUG LTCPro.ServiceLayer.Log4net - ---Executing GetUserToken() in UserService----
2022-11-18 07:01:28,379 [34] DEBUG LTCPro.ServiceLayer.Log4net - ---Executing GetPatientTypeByID() in CommonController----
2022-11-18 07:01:28,380 [34] DEBUG LTCPro.ServiceLayer.Log4net - ---Executing GetPatientTypeDrop() in CommonService----
2022-11-18 07:01:28,380 [23] DEBUG LTCPro.ServiceLayer.Log4net - ---Executing GetUserToken() in UserService----
2022-11-18 07:01:28,394 [23] DEBUG LTCPro.ServiceLayer.Log4net - ---Executing GetResidentAdmitDischargeData() in ResidentDemographicController----
2022-11-18 07:01:28,394 [23] DEBUG LTCPro.ServiceLayer.Log4net - ---Executing GetResidentAdmitDischargeData() in ResidentDemographicService----
2022-11-18 07:01:28,403 [23] DEBUG LTCPro.ServiceLayer.Log4net - ---Executed Successfully GetResidentAdmitDischargeData() in ResidentDemographicController----
2022-11-18 07:01:28,405 [28] DEBUG LTCPro.ServiceLayer.Log4net - ---Executing GetUserToken() in UserService----
2022-11-18 07:01:28,414 [28] DEBUG LTCPro.ServiceLayer.Log4net - ---Executing GetResidentAllergies() in ResidentDemographicController----
2022-11-18 07:01:28,414 [28] DEBUG LTCPro.ServiceLayer.Log4net - ---Executing GetResidentAllergies() in AllergyInfoService----
2022-11-18 07:01:28,425 [28] DEBUG LTCPro.ServiceLayer.Log4net - ---Executed Successfully GetResidentAllergies() in ResidentDemographicController----
2022-11-18 07:01:28,431 [34] DEBUG LTCPro.ServiceLayer.Log4net - ---Executed Successfully GetPatientTypeDrop() in CommonController----
2022-11-18 07:01:28,439 [21] DEBUG LTCPro.ServiceLayer.Log4net - ---Executing GetUserToken() in UserService----
2022-11-18 07:01:28,447 [21] DEBUG LTCPro.ServiceLayer.Log4net - ---Executing GetResidentDiagnosisInfo() in ResidentDemographicController----
2022-11-18 07:01:28,447 [21] DEBUG LTCPro.ServiceLayer.Log4net - ---Executing GetResidentDiagnosisInfo() in DiagnosisInfoService----
2022-11-18 07:01:28,453 [21] DEBUG LTCPro.ServiceLayer.Log4net - ---Executed Successfully GetResidentDiagnosisInfo() in ResidentDemographicController----
2022-11-18 07:01:28,487 [40] DEBUG LTCPro.ServiceLayer.Log4net - ---Executed Successfully GetResidentInformation() in ResidentDemographicController----
2022-11-18 07:01:28,495 [34] DEBUG LTCPro.ServiceLayer.Log4net - ---Executing GetUserToken() in UserService----
2022-11-18 07:01:28,500 [34] DEBUG LTCPro.ServiceLayer.Log4net - ---Executing GetAllPatientTypesByPId() in ResidentDemographicController----
2022-11-18 07:01:28,500 [34] DEBUG LTCPro.ServiceLayer.Log4net - ---Executing GetAllPatientTypesByPId() in EmarService----
2022-11-18 07:01:28,505 [34] DEBUG LTCPro.ServiceLayer.Log4net - ---Executed Successfully GetAllPatientTypesByPId() in ResidentDemographicController----
2022-11-18 07:01:37,177 [34] DEBUG LTCPro.ServiceLayer.Log4net - ---Executing GetUserToken() in UserService----
2022-11-18 07:01:37,184 [34] DEBUG LTCPro.ServiceLayer.Log4net - ---Executing PatientReAdmission() in AdminApprovalController----
2022-11-18 07:01:37,184 [34] DEBUG LTCPro.ServiceLayer.Log4net - ---Executing PatientReAdmission() in AdminApprovalService----
2022-11-18 07:01:37,280 [34] DEBUG LTCPro.ServiceLayer.Log4net - ---Executing GenerateOutboundFile() NewResident in AdminApprovalService----
2022-11-18 07:01:37,288 [34] DEBUG LTCPro.ServiceLayer.Log4net - ---Generating OutboundFile NewResident in AdminApprovalService----
2022-11-18 07:01:37,318 [34] DEBUG LTCPro.ServiceLayer.Log4net - ---Generated OutboundFile Download Start D:/Promantra/OutboundLive/Pending//NewResident_11182022053051.hl7 in AdminApprovalService----
2022-11-18 07:01:37,319 [34] DEBUG LTCPro.ServiceLayer.Log4net - ---Generated OutboundFile Download Completed D:/Promantra/OutboundLive/Pending//NewResident_11182022053051.hl7 in AdminApprovalService----
2022-11-18 07:01:37,319 [34] DEBUG LTCPro.ServiceLayer.Log4net - ---Executed GenerateOutboundFile() NewResident in AdminApprovalService----
2022-11-18 07:01:37,321 [34] DEBUG LTCPro.ServiceLayer.Log4net - ---Executed Successfully PatientReAdmission() in AdminApprovalController----
2022-11-18 07:01:37,369 [40] DEBUG LTCPro.ServiceLayer.Log4net - ---Executing GetUserToken() in UserService----
2022-11-18 07:01:37,375 [40] DEBUG LTCPro.ServiceLayer.Log4net - ---Executing GetResidentInformation() in ResidentDemographicController----
2022-11-18 07:01:37,375 [40] DEBUG LTCPro.ServiceLayer.Log4net - ---Executing GetResidentInformation() in ResidentDemographicService----
2022-11-18 07:01:37,465 [40] DEBUG LTCPro.ServiceLayer.Log4net - ---Executed Successfully GetResidentInformation() in ResidentDemographicController----
2022-11-18 07:01:37,524 [34] DEBUG LTCPro.ServiceLayer.Log4net - ---Executing GetUserToken() in UserService----
2022-11-18 07:01:37,526 [21] DEBUG LTCPro.ServiceLayer.Log4net - ---Executing GetUserToken() in UserService----
2022-11-18 07:01:37,532 [34] DEBUG LTCPro.ServiceLayer.Log4net - ---Executing GetPatientTypeByID() in CommonController----
2022-11-18 07:01:37,532 [34] DEBUG LTCPro.ServiceLayer.Log4net - ---Executing GetPatientTypeDrop() in CommonService----
2022-11-18 07:01:37,532 [21] DEBUG LTCPro.ServiceLayer.Log4net - ---Executing GetResidentInformation() in ResidentDemographicController----
2022-11-18 07:01:37,532 [21] DEBUG LTCPro.ServiceLayer.Log4net - ---Executing GetResidentInformation() in ResidentDemographicService----
2022-11-18 07:01:37,546 [16] DEBUG LTCPro.ServiceLayer.Log4net - ---Executing GetUserToken() in UserService----
2022-11-18 07:01:37,547 [40] DEBUG LTCPro.ServiceLayer.Log4net - ---Executing GetUserToken() in UserService----
2022-11-18 07:01:37,554 [16] DEBUG LTCPro.ServiceLayer.Log4net - ---Executing GetResidentAdmitDischargeData() in ResidentDemographicController----
2022-11-18 07:01:37,554 [16] DEBUG LTCPro.ServiceLayer.Log4net - ---Executing GetResidentAdmitDischargeData() in ResidentDemographicService----
2022-11-18 07:01:37,555 [40] DEBUG LTCPro.ServiceLayer.Log4net - ---Executing GetResidentAllergies() in ResidentDemographicController----
2022-11-18 07:01:37,555 [40] DEBUG LTCPro.ServiceLayer.Log4net - ---Executing GetResidentAllergies() in AllergyInfoService----
2022-11-18 07:01:37,583 [40] DEBUG LTCPro.ServiceLayer.Log4net - ---Executed Successfully GetResidentAllergies() in ResidentDemographicController----
2022-11-18 07:01:37,584 [16] DEBUG LTCPro.ServiceLayer.Log4net - ---Executed Successfully GetResidentAdmitDischargeData() in ResidentDemographicController----
2022-11-18 07:01:37,584 [34] DEBUG LTCPro.ServiceLayer.Log4net - ---Executed Successfully GetPatientTypeDrop() in CommonController----
2022-11-18 07:01:37,645 [34] DEBUG LTCPro.ServiceLayer.Log4net - ---Executing GetUserToken() in UserService----
2022-11-18 07:01:37,652 [34] DEBUG LTCPro.ServiceLayer.Log4net - ---Executing GetResidentDiagnosisInfo() in ResidentDemographicController----
2022-11-18 07:01:37,652 [34] DEBUG LTCPro.ServiceLayer.Log4net - ---Executing GetResidentDiagnosisInfo() in DiagnosisInfoService----
2022-11-18 07:01:37,659 [34] DEBUG LTCPro.ServiceLayer.Log4net - ---Executed Successfully GetResidentDiagnosisInfo() in ResidentDemographicController----
2022-11-18 07:01:37,664 [16] DEBUG LTCPro.ServiceLayer.Log4net - ---Executing GetUserToken() in UserService----
2022-11-18 07:01:37,670 [16] DEBUG LTCPro.ServiceLayer.Log4net - ---Executing GetAllPatientTypesByPId() in ResidentDemographicController----
2022-11-18 07:01:37,670 [16] DEBUG LTCPro.ServiceLayer.Log4net - ---Executing GetAllPatientTypesByPId() in EmarService----
2022-11-18 07:01:37,671 [21] DEBUG LTCPro.ServiceLayer.Log4net - ---Executed Successfully GetResidentInformation() in ResidentDemographicController----
2022-11-18 07:01:37,675 [16] DEBUG LTCPro.ServiceLayer.Log4net - ---Executed Successfully GetAllPatientTypesByPId() in ResidentDemographicController----
2022-11-18 07:01:38,700 [40] DEBUG LTCPro.ServiceLayer.Log4net - ---Executing GetUserToken() in UserService----
2022-11-18 07:01:38,706 [40] DEBUG LTCPro.ServiceLayer.Log4net - ---Executing GetOutboundHLSevenConfigs() in HLSevenSegmentController----
2022-11-18 07:01:38,706 [40] DEBUG LTCPro.ServiceLayer.Log4net - ---Executing GetOutboundHLSevenConfigs() in HLSevenSegmentService----
2022-11-18 07:01:38,715 [40] DEBUG LTCPro.ServiceLayer.Log4net - ---Executed Successfully GetOutboundHLSevenConfigs() in HLSevenSegmentController----
2022-11-18 07:01:38,740 [40] DEBUG LTCPro.ServiceLayer.Log4net - ---Executing GetUserToken() in UserService----
2022-11-18 07:01:38,746 [40] DEBUG LTCPro.ServiceLayer.Log4net - ---Executing UserFacilityDrop() in FacilityController----
2022-11-18 07:01:38,746 [40] DEBUG LTCPro.ServiceLayer.Log4net - ---Executing UserFacilityDrop() in FacilityService----
2022-11-18 07:01:38,751 [40] DEBUG LTCPro.ServiceLayer.Log4net - ---Executed Successfully UserFacilityDrop() in FacilityController----
2022-11-18 07:01:38,769 [21] DEBUG LTCPro.ServiceLayer.Log4net - ---Executing GetUserToken() in UserService----
2022-11-18 07:01:38,776 [21] DEBUG LTCPro.ServiceLayer.Log4net - ---Executing GetResidentAdmitvisitInfoData() in ResidentDemographicController----
2022-11-18 07:01:38,776 [21] DEBUG LTCPro.ServiceLayer.Log4net - ---Executing  VisitInfoEntity()  in GetResidentAdmitvisitInfoData----
2022-11-18 07:01:38,788 [21] DEBUG LTCPro.ServiceLayer.Log4net - ---Executed Successfully GetResidentAdmitvisitInfoData() in ResidentDemographicController----
2022-11-18 07:01:38,806 [40] DEBUG LTCPro.ServiceLayer.Log4net - ---Executing GetUserToken() in UserService----
2022-11-18 07:01:38,810 [32] DEBUG LTCPro.ServiceLayer.Log4net - ---Executing GetUserToken() in UserService----
2022-11-18 07:01:38,812 [40] DEBUG LTCPro.ServiceLayer.Log4net - ---Executing UserFacilityDrop() in FacilityController----
2022-11-18 07:01:38,812 [40] DEBUG LTCPro.ServiceLayer.Log4net - ---Executing UserFacilityDrop() in FacilityService----
2022-11-18 07:01:38,816 [32] DEBUG LTCPro.ServiceLayer.Log4net - ---Executing GetCompanyToBedFlagByFacId() in FacilityController----
2022-11-18 07:01:38,816 [32] DEBUG LTCPro.ServiceLayer.Log4net - ---Executing GetCompanyToBedFlagByFacId() in FacilityService----
2022-11-18 07:01:38,818 [40] DEBUG LTCPro.ServiceLayer.Log4net - ---Executed Successfully UserFacilityDrop() in FacilityController----
2022-11-18 07:01:38,849 [32] DEBUG LTCPro.ServiceLayer.Log4net - ---Executed Successfully GetCompanyToBedFlagByFacId() in FacilityController----
2022-11-18 07:01:38,869 [21] DEBUG LTCPro.ServiceLayer.Log4net - ---Executing GetUserToken() in UserService----
2022-11-18 07:01:38,875 [21] DEBUG LTCPro.ServiceLayer.Log4net - ---Executing UserNurseStationDrop() in FacilityController----
2022-11-18 07:01:38,875 [21] DEBUG LTCPro.ServiceLayer.Log4net - ---Executing UserNurseStationDrop() in FacilityService----
2022-11-18 07:01:38,881 [21] DEBUG LTCPro.ServiceLayer.Log4net - ---Executed Successfully UserNurseStationDrop() in FacilityController----
2022-11-18 07:01:38,889 [32] DEBUG LTCPro.ServiceLayer.Log4net - ---Executing GetUserToken() in UserService----
2022-11-18 07:01:38,896 [32] DEBUG LTCPro.ServiceLayer.Log4net - ---Executing GetNurseStationHierarchyDetailsbyNsId() in CompanyController----
2022-11-18 07:01:38,896 [32] DEBUG LTCPro.ServiceLayer.Log4net - ---Executing GetNurseStationHierarchyDetailsbyNsId() in CompanyService----
2022-11-18 07:01:38,900 [32] DEBUG LTCPro.ServiceLayer.Log4net - ---Executed Successfully GetNurseStationHierarchyDetailsbyNsId() in CompanyController----
2022-11-18 07:02:50,378 [40] DEBUG LTCPro.ServiceLayer.Log4net - ---Executing GetUserToken() in UserService----
2022-11-18 07:02:50,384 [40] DEBUG LTCPro.ServiceLayer.Log4net - ---Executing InsertResidentVisitInfo() in AdminApprovalController----
2022-11-18 07:02:50,384 [40] DEBUG LTCPro.ServiceLayer.Log4net - ---Executing InsertResidentVisitInfo() in AdminApprovalService----
2022-11-18 07:02:50,498 [40] DEBUG LTCPro.ServiceLayer.Log4net - ---Executing GenerateOutboundFile() Discharge in AdminApprovalService----
2022-11-18 07:02:50,506 [40] DEBUG LTCPro.ServiceLayer.Log4net - ---Generating OutboundFile Discharge in AdminApprovalService----
2022-11-18 07:02:50,536 [40] DEBUG LTCPro.ServiceLayer.Log4net - ---Generated OutboundFile Download Start D:/Promantra/OutboundLive/Pending//Discharge_11182022053204.hl7 in AdminApprovalService----
2022-11-18 07:02:50,545 [40] DEBUG LTCPro.ServiceLayer.Log4net - ---Generated OutboundFile Download Completed D:/Promantra/OutboundLive/Pending//Discharge_11182022053204.hl7 in AdminApprovalService----
2022-11-18 07:02:50,545 [40] DEBUG LTCPro.ServiceLayer.Log4net - ---Executed GenerateOutboundFile() Discharge in AdminApprovalService----
2022-11-18 07:02:50,694 [40] DEBUG LTCPro.ServiceLayer.Log4net - ---Executed Successfully InsertResidentVisitInfo() in AdminApprovalController----
2022-11-18 07:02:50,737 [40] DEBUG LTCPro.ServiceLayer.Log4net - ---Executing GetUserToken() in UserService----
2022-11-18 07:02:50,743 [40] DEBUG LTCPro.ServiceLayer.Log4net - ---Executing GetApprovalFlag() in CompanyController----
2022-11-18 07:02:50,743 [40] DEBUG LTCPro.ServiceLayer.Log4net - ---Executing GetApprovalFlag() in CompanyService----
2022-11-18 07:02:50,816 [40] DEBUG LTCPro.ServiceLayer.Log4net - ---Executing GetUserToken() in UserService----
2022-11-18 07:02:50,816 [34] DEBUG LTCPro.ServiceLayer.Log4net - ---Executing GetUserToken() in UserService----
2022-11-18 07:02:50,821 [34] DEBUG LTCPro.ServiceLayer.Log4net - ---Executing GetResidentAdmitDischargeData() in ResidentDemographicController----
2022-11-18 07:02:50,821 [34] DEBUG LTCPro.ServiceLayer.Log4net - ---Executing GetResidentAdmitDischargeData() in ResidentDemographicService----
2022-11-18 07:02:50,821 [40] DEBUG LTCPro.ServiceLayer.Log4net - ---Executing GetFacilityNSResidentsDataByPId() in ResidentDemographicController----
2022-11-18 07:02:50,821 [40] DEBUG LTCPro.ServiceLayer.Log4net - ---Executing GetFacilityNSResidentsDataByPId() in ResidentDemographicService----
2022-11-18 07:02:50,829 [34] DEBUG LTCPro.ServiceLayer.Log4net - ---Executed Successfully GetResidentAdmitDischargeData() in ResidentDemographicController----
2022-11-18 07:02:50,862 [40] DEBUG LTCPro.ServiceLayer.Log4net - ---Executed Successfully GetFacilityNSResidentsDataByPId() in ResidentDemographicController----
2022-11-18 07:02:50,966 [40] DEBUG LTCPro.ServiceLayer.Log4net - ---Executing GetUserToken() in UserService----
2022-11-18 07:02:50,971 [40] DEBUG LTCPro.ServiceLayer.Log4net - ---Executing GetResidentInformation() in ResidentDemographicController----
2022-11-18 07:02:50,972 [40] DEBUG LTCPro.ServiceLayer.Log4net - ---Executing GetResidentInformation() in ResidentDemographicService----
2022-11-18 07:02:51,055 [40] DEBUG LTCPro.ServiceLayer.Log4net - ---Executed Successfully GetResidentInformation() in ResidentDemographicController----
2022-11-18 07:02:51,099 [40] DEBUG LTCPro.ServiceLayer.Log4net - ---Executing GetUserToken() in UserService----
2022-11-18 07:02:51,105 [40] DEBUG LTCPro.ServiceLayer.Log4net - ---Executing GetPatientTypeByID() in CommonController----
2022-11-18 07:02:51,105 [40] DEBUG LTCPro.ServiceLayer.Log4net - ---Executing GetPatientTypeDrop() in CommonService----
2022-11-18 07:02:51,109 [21] DEBUG LTCPro.ServiceLayer.Log4net - ---Executing GetUserToken() in UserService----
2022-11-18 07:02:51,111 [34] DEBUG LTCPro.ServiceLayer.Log4net - ---Executing GetUserToken() in UserService----
2022-11-18 07:02:51,117 [21] DEBUG LTCPro.ServiceLayer.Log4net - ---Executing GetResidentAdmitDischargeData() in ResidentDemographicController----
2022-11-18 07:02:51,117 [21] DEBUG LTCPro.ServiceLayer.Log4net - ---Executing GetResidentAdmitDischargeData() in ResidentDemographicService----
2022-11-18 07:02:51,125 [34] DEBUG LTCPro.ServiceLayer.Log4net - ---Executing GetResidentInformation() in ResidentDemographicController----
2022-11-18 07:02:51,125 [34] DEBUG LTCPro.ServiceLayer.Log4net - ---Executing GetResidentInformation() in ResidentDemographicService----
2022-11-18 07:02:51,127 [21] DEBUG LTCPro.ServiceLayer.Log4net - ---Executed Successfully GetResidentAdmitDischargeData() in ResidentDemographicController----
2022-11-18 07:02:51,137 [23] DEBUG LTCPro.ServiceLayer.Log4net - ---Executing GetUserToken() in UserService----
2022-11-18 07:02:51,143 [23] DEBUG LTCPro.ServiceLayer.Log4net - ---Executing GetResidentDiagnosisInfo() in ResidentDemographicController----
2022-11-18 07:02:51,143 [23] DEBUG LTCPro.ServiceLayer.Log4net - ---Executing GetResidentDiagnosisInfo() in DiagnosisInfoService----
2022-11-18 07:02:51,149 [23] DEBUG LTCPro.ServiceLayer.Log4net - ---Executed Successfully GetResidentDiagnosisInfo() in ResidentDemographicController----
2022-11-18 07:02:51,152 [40] DEBUG LTCPro.ServiceLayer.Log4net - ---Executed Successfully GetPatientTypeDrop() in CommonController----
2022-11-18 07:02:51,163 [15] DEBUG LTCPro.ServiceLayer.Log4net - ---Executing GetUserToken() in UserService----
2022-11-18 07:02:51,171 [15] DEBUG LTCPro.ServiceLayer.Log4net - ---Executing GetResidentAllergies() in ResidentDemographicController----
2022-11-18 07:02:51,171 [15] DEBUG LTCPro.ServiceLayer.Log4net - ---Executing GetResidentAllergies() in AllergyInfoService----
2022-11-18 07:02:51,177 [15] DEBUG LTCPro.ServiceLayer.Log4net - ---Executed Successfully GetResidentAllergies() in ResidentDemographicController----
2022-11-18 07:02:51,244 [40] DEBUG LTCPro.ServiceLayer.Log4net - ---Executing GetUserToken() in UserService----
2022-11-18 07:02:51,250 [40] DEBUG LTCPro.ServiceLayer.Log4net - ---Executing GetAllPatientTypesByPId() in ResidentDemographicController----
2022-11-18 07:02:51,250 [40] DEBUG LTCPro.ServiceLayer.Log4net - ---Executing GetAllPatientTypesByPId() in EmarService----
2022-11-18 07:02:51,255 [34] DEBUG LTCPro.ServiceLayer.Log4net - ---Executed Successfully GetResidentInformation() in ResidentDemographicController----
2022-11-18 07:02:51,256 [40] DEBUG LTCPro.ServiceLayer.Log4net - ---Executed Successfully GetAllPatientTypesByPId() in ResidentDemographicController----
2022-11-18 07:03:19,352 [15] DEBUG LTCPro.ServiceLayer.Log4net - ---Executing GetUserToken() in UserService----
2022-11-18 07:03:19,355 [38] DEBUG LTCPro.ServiceLayer.Log4net - ---Executing GetUserToken() in UserService----
2022-11-18 07:03:19,361 [6] DEBUG LTCPro.ServiceLayer.Log4net - ---Executing GetUserToken() in UserService----
2022-11-18 07:03:19,369 [34] DEBUG LTCPro.ServiceLayer.Log4net - ---Executing GetUserToken() in UserService----
2022-11-18 07:03:19,369 [39] DEBUG LTCPro.ServiceLayer.Log4net - ---Executing GetUserToken() in UserService----
2022-11-18 07:03:19,373 [6] DEBUG LTCPro.ServiceLayer.Log4net - ---Executing GetDueMARAlertData() in EmarController----
2022-11-18 07:03:19,373 [6] DEBUG LTCPro.ServiceLayer.Log4net - ---Executing GetDueMARAlertData() in EmarService----
2022-11-18 07:03:19,374 [15] DEBUG LTCPro.ServiceLayer.Log4net - ---Executing GetAlertsDetails() in MailboxController----
2022-11-18 07:03:19,374 [15] DEBUG LTCPro.ServiceLayer.Log4net - ---Executing GetAlertsDetails() in MailboxService----
2022-11-18 07:03:19,375 [21] DEBUG LTCPro.ServiceLayer.Log4net - ---Executing GetUserToken() in UserService----
2022-11-18 07:03:19,378 [38] DEBUG LTCPro.ServiceLayer.Log4net - ---Executing GetPendingDosesList() in CommonController----
2022-11-18 07:03:19,378 [38] DEBUG LTCPro.ServiceLayer.Log4net - ---Executing GetPendingDosesList() in CommonService----
2022-11-18 07:03:19,381 [34] DEBUG LTCPro.ServiceLayer.Log4net - ---Executing GetUserPassedDueFlag() in UserController----
2022-11-18 07:03:19,381 [34] DEBUG LTCPro.ServiceLayer.Log4net - ---Executing GetUserPassedDueFlag() in UserService----
2022-11-18 07:03:19,381 [39] DEBUG LTCPro.ServiceLayer.Log4net - ---Executing GetOutboundErrorDetails() in CommonController----
2022-11-18 07:03:19,381 [39] DEBUG LTCPro.ServiceLayer.Log4net - ---Executing GetOutboundErrorDetails() in CommonService----
2022-11-18 07:03:19,383 [21] DEBUG LTCPro.ServiceLayer.Log4net - ---Executing GetReadMailsCount() in MailboxController----
2022-11-18 07:03:19,383 [21] DEBUG LTCPro.ServiceLayer.Log4net - ---Executing GetReadMailsCount() in MailboxService----
2022-11-18 07:03:19,388 [21] DEBUG LTCPro.ServiceLayer.Log4net - ---Executed successfully GetReadMailsCount() in MailboxController----
2022-11-18 07:03:19,391 [34] DEBUG LTCPro.ServiceLayer.Log4net - ---Executed Successfully GetUserPassedDueFlag() in UserController----
2022-11-18 07:03:19,410 [40] DEBUG LTCPro.ServiceLayer.Log4net - ---Executing GetUserToken() in UserService----
2022-11-18 07:03:19,419 [40] DEBUG LTCPro.ServiceLayer.Log4net - ---Executing GetUserRecentFacNs() in UserController----
2022-11-18 07:03:19,419 [40] DEBUG LTCPro.ServiceLayer.Log4net - ---Executing GetUserRecentFacNs() in UserService----
2022-11-18 07:03:19,434 [40] DEBUG LTCPro.ServiceLayer.Log4net - ---Executed Successfully GetUserRecentFacNs() in UserController----
2022-11-18 07:03:19,439 [21] DEBUG LTCPro.ServiceLayer.Log4net - ---Executing GetUserToken() in UserService----
2022-11-18 07:03:19,465 [21] DEBUG LTCPro.ServiceLayer.Log4net - ---Executing GetUserRecentFacNs() in UserController----
2022-11-18 07:03:19,465 [21] DEBUG LTCPro.ServiceLayer.Log4net - ---Executing GetUserRecentFacNs() in UserService----
2022-11-18 07:03:19,475 [15] DEBUG LTCPro.ServiceLayer.Log4net - ---Executed successfully GetAlertsDetails() in MailboxController----
2022-11-18 07:03:19,481 [21] DEBUG LTCPro.ServiceLayer.Log4net - ---Executed Successfully GetUserRecentFacNs() in UserController----
2022-11-18 07:03:19,486 [18] DEBUG LTCPro.ServiceLayer.Log4net - ---Executing GetUserToken() in UserService----
2022-11-18 07:03:19,504 [18] DEBUG LTCPro.ServiceLayer.Log4net - ---Executing InsertUserActivityDetails() in CompanyController----
2022-11-18 07:03:19,504 [18] DEBUG LTCPro.ServiceLayer.Log4net - ---Executing InsertUserActivityDetails() in UserActivityService----
2022-11-18 07:03:19,541 [18] DEBUG LTCPro.ServiceLayer.Log4net - ---Executed Successfully InsertUserActivityDetails() in CompanyController----
2022-11-18 07:03:19,545 [38] DEBUG LTCPro.ServiceLayer.Log4net - ---Executed Successfully GetPendingDosesList() in CommonController----
2022-11-18 07:03:19,549 [40] DEBUG LTCPro.ServiceLayer.Log4net - ---Executing GetUserToken() in UserService----
2022-11-18 07:03:19,549 [23] DEBUG LTCPro.ServiceLayer.Log4net - ---Executing GetUserToken() in UserService----
2022-11-18 07:03:19,554 [40] DEBUG LTCPro.ServiceLayer.Log4net - ---Executing GetUserAccessFacilityNurseStaions() in FacilityController----
2022-11-18 07:03:19,554 [40] DEBUG LTCPro.ServiceLayer.Log4net - ---Executing GetUserAccessFacilityNurseStaions() in FacilityService----
2022-11-18 07:03:19,556 [23] DEBUG LTCPro.ServiceLayer.Log4net - ---Executing GetUserAccessFacilityNurseStaions() in FacilityController----
2022-11-18 07:03:19,556 [23] DEBUG LTCPro.ServiceLayer.Log4net - ---Executing GetUserAccessFacilityNurseStaions() in FacilityService----
2022-11-18 07:03:19,566 [40] DEBUG LTCPro.ServiceLayer.Log4net - ---Executed Successfully GetUserAccessFacilityNurseStaions() in FacilityController----
2022-11-18 07:03:19,567 [23] DEBUG LTCPro.ServiceLayer.Log4net - ---Executed Successfully GetUserAccessFacilityNurseStaions() in FacilityController----
2022-11-18 07:03:19,589 [40] DEBUG LTCPro.ServiceLayer.Log4net - ---Executing GetUserToken() in UserService----
2022-11-18 07:03:19,593 [40] DEBUG LTCPro.ServiceLayer.Log4net - ---Executing UserNurseStationDrop() in FacilityController----
2022-11-18 07:03:19,593 [40] DEBUG LTCPro.ServiceLayer.Log4net - ---Executing UserNurseStationDrop() in FacilityService----
2022-11-18 07:03:19,599 [40] DEBUG LTCPro.ServiceLayer.Log4net - ---Executed Successfully UserNurseStationDrop() in FacilityController----
2022-11-18 07:03:19,606 [39] DEBUG LTCPro.ServiceLayer.Log4net - ---Executed Successfully GetOutboundErrorDetails() in CommonController----
2022-11-18 07:03:19,650 [15] DEBUG LTCPro.ServiceLayer.Log4net - ---Executing GetUserToken() in UserService----
2022-11-18 07:03:19,656 [15] DEBUG LTCPro.ServiceLayer.Log4net - ---Executing GetCompanyToBedFlagByFacId() in FacilityController----
2022-11-18 07:03:19,656 [15] DEBUG LTCPro.ServiceLayer.Log4net - ---Executing GetCompanyToBedFlagByFacId() in FacilityService----
2022-11-18 07:03:19,687 [38] DEBUG LTCPro.ServiceLayer.Log4net - ---Executing GetUserToken() in UserService----
2022-11-18 07:03:19,692 [38] DEBUG LTCPro.ServiceLayer.Log4net - ---Executing GetResidentsByCompanyBed() in ResidentDemographicController----
2022-11-18 07:03:19,693 [38] DEBUG LTCPro.ServiceLayer.Log4net - ---Executing GetResidentsByCompanyBed() in ResidentDemographicService----
2022-11-18 07:03:19,693 [15] DEBUG LTCPro.ServiceLayer.Log4net - ---Executed Successfully GetCompanyToBedFlagByFacId() in FacilityController----
2022-11-18 07:03:19,733 [40] DEBUG LTCPro.ServiceLayer.Log4net - ---Executing GetUserToken() in UserService----
2022-11-18 07:03:19,739 [40] DEBUG LTCPro.ServiceLayer.Log4net - ---Executing GetNurseStationHierarchyDetailsbyNsId() in CompanyController----
2022-11-18 07:03:19,739 [40] DEBUG LTCPro.ServiceLayer.Log4net - ---Executing GetNurseStationHierarchyDetailsbyNsId() in CompanyService----
2022-11-18 07:03:19,744 [40] DEBUG LTCPro.ServiceLayer.Log4net - ---Executed Successfully GetNurseStationHierarchyDetailsbyNsId() in CompanyController----
2022-11-18 07:03:20,137 [6] DEBUG LTCPro.ServiceLayer.Log4net - ---Executed Successfully GetDueMARAlertData() in EmarController----
2022-11-18 07:03:21,319 [38] DEBUG LTCPro.ServiceLayer.Log4net - ---Executed Successfully GetResidentsByCompanyBed() in ResidentDemographicController----
2022-11-18 07:03:22,507 [37] DEBUG LTCPro.ServiceLayer.Log4net - ---Executing GetUserToken() in UserService----
2022-11-18 07:03:22,523 [37] DEBUG LTCPro.ServiceLayer.Log4net - ---Executing InsertUserActivityDetails() in CompanyController----
2022-11-18 07:03:22,523 [37] DEBUG LTCPro.ServiceLayer.Log4net - ---Executing InsertUserActivityDetails() in UserActivityService----
2022-11-18 07:03:22,549 [6] DEBUG LTCPro.ServiceLayer.Log4net - ---Executing GetUserToken() in UserService----
2022-11-18 07:03:22,550 [39] DEBUG LTCPro.ServiceLayer.Log4net - ---Executing GetUserToken() in UserService----
2022-11-18 07:03:22,556 [6] DEBUG LTCPro.ServiceLayer.Log4net - ---Executing GetResidentAdmitDischargeData() in ResidentDemographicController----
2022-11-18 07:03:22,556 [6] DEBUG LTCPro.ServiceLayer.Log4net - ---Executing GetResidentAdmitDischargeData() in ResidentDemographicService----
2022-11-18 07:03:22,556 [37] DEBUG LTCPro.ServiceLayer.Log4net - ---Executed Successfully InsertUserActivityDetails() in CompanyController----
2022-11-18 07:03:22,561 [39] DEBUG LTCPro.ServiceLayer.Log4net - ---Executing GetFacilityNSResidentsDataByPId() in ResidentDemographicController----
2022-11-18 07:03:22,561 [39] DEBUG LTCPro.ServiceLayer.Log4net - ---Executing GetFacilityNSResidentsDataByPId() in ResidentDemographicService----
2022-11-18 07:03:22,563 [6] DEBUG LTCPro.ServiceLayer.Log4net - ---Executed Successfully GetResidentAdmitDischargeData() in ResidentDemographicController----
2022-11-18 07:03:22,564 [23] DEBUG LTCPro.ServiceLayer.Log4net - ---Executing GetUserToken() in UserService----
2022-11-18 07:03:22,590 [21] DEBUG LTCPro.ServiceLayer.Log4net - ---Executing GetUserToken() in UserService----
2022-11-18 07:03:22,592 [23] DEBUG LTCPro.ServiceLayer.Log4net - ---Executing InsertUserActivityDetails() in CompanyController----
2022-11-18 07:03:22,592 [23] DEBUG LTCPro.ServiceLayer.Log4net - ---Executing InsertUserActivityDetails() in UserActivityService----
2022-11-18 07:03:22,596 [21] DEBUG LTCPro.ServiceLayer.Log4net - ---Executing GetResidentInformation() in ResidentDemographicController----
2022-11-18 07:03:22,597 [21] DEBUG LTCPro.ServiceLayer.Log4net - ---Executing GetResidentInformation() in ResidentDemographicService----
2022-11-18 07:03:22,599 [38] DEBUG LTCPro.ServiceLayer.Log4net - ---Executing GetUserToken() in UserService----
2022-11-18 07:03:22,609 [23] DEBUG LTCPro.ServiceLayer.Log4net - ---Executed Successfully InsertUserActivityDetails() in CompanyController----
2022-11-18 07:03:22,620 [38] DEBUG LTCPro.ServiceLayer.Log4net - ---Executing InsertUserActivityDetails() in CompanyController----
2022-11-18 07:03:22,620 [38] DEBUG LTCPro.ServiceLayer.Log4net - ---Executing InsertUserActivityDetails() in UserActivityService----
2022-11-18 07:03:22,631 [38] DEBUG LTCPro.ServiceLayer.Log4net - ---Executed Successfully InsertUserActivityDetails() in CompanyController----
2022-11-18 07:03:22,643 [15] DEBUG LTCPro.ServiceLayer.Log4net - ---Executing GetUserToken() in UserService----
2022-11-18 07:03:22,648 [39] DEBUG LTCPro.ServiceLayer.Log4net - ---Executed Successfully GetFacilityNSResidentsDataByPId() in ResidentDemographicController----
2022-11-18 07:03:22,651 [15] DEBUG LTCPro.ServiceLayer.Log4net - ---Executing InsertUserActivityDetails() in CompanyController----
2022-11-18 07:03:22,651 [15] DEBUG LTCPro.ServiceLayer.Log4net - ---Executing InsertUserActivityDetails() in UserActivityService----
2022-11-18 07:03:22,659 [40] DEBUG LTCPro.ServiceLayer.Log4net - ---Executing GetUserToken() in UserService----
2022-11-18 07:03:22,665 [15] DEBUG LTCPro.ServiceLayer.Log4net - ---Executed Successfully InsertUserActivityDetails() in CompanyController----
2022-11-18 07:03:22,675 [40] DEBUG LTCPro.ServiceLayer.Log4net - ---Executing GetResidentAdmitDischargeData() in ResidentDemographicController----
2022-11-18 07:03:22,675 [40] DEBUG LTCPro.ServiceLayer.Log4net - ---Executing GetResidentAdmitDischargeData() in ResidentDemographicService----
2022-11-18 07:03:22,698 [6] DEBUG LTCPro.ServiceLayer.Log4net - ---Executing GetUserToken() in UserService----
2022-11-18 07:03:22,700 [40] DEBUG LTCPro.ServiceLayer.Log4net - ---Executed Successfully GetResidentAdmitDischargeData() in ResidentDemographicController----
2022-11-18 07:03:22,711 [37] DEBUG LTCPro.ServiceLayer.Log4net - ---Executing GetUserToken() in UserService----
2022-11-18 07:03:22,713 [6] DEBUG LTCPro.ServiceLayer.Log4net - ---Executing GetResidentAllergies() in ResidentDemographicController----
2022-11-18 07:03:22,713 [6] DEBUG LTCPro.ServiceLayer.Log4net - ---Executing GetResidentAllergies() in AllergyInfoService----
2022-11-18 07:03:22,717 [37] DEBUG LTCPro.ServiceLayer.Log4net - ---Executing GetResidentDiagnosisInfo() in ResidentDemographicController----
2022-11-18 07:03:22,717 [37] DEBUG LTCPro.ServiceLayer.Log4net - ---Executing GetResidentDiagnosisInfo() in DiagnosisInfoService----
2022-11-18 07:03:22,722 [6] DEBUG LTCPro.ServiceLayer.Log4net - ---Executed Successfully GetResidentAllergies() in ResidentDemographicController----
2022-11-18 07:03:22,725 [37] DEBUG LTCPro.ServiceLayer.Log4net - ---Executed Successfully GetResidentDiagnosisInfo() in ResidentDemographicController----
2022-11-18 07:03:22,738 [23] DEBUG LTCPro.ServiceLayer.Log4net - ---Executing GetUserToken() in UserService----
2022-11-18 07:03:22,744 [23] DEBUG LTCPro.ServiceLayer.Log4net - ---Executing GetResidentInformation() in ResidentDemographicController----
2022-11-18 07:03:22,744 [23] DEBUG LTCPro.ServiceLayer.Log4net - ---Executing GetResidentInformation() in ResidentDemographicService----
2022-11-18 07:03:22,779 [21] DEBUG LTCPro.ServiceLayer.Log4net - ---Executed Successfully GetResidentInformation() in ResidentDemographicController----
2022-11-18 07:03:22,829 [23] DEBUG LTCPro.ServiceLayer.Log4net - ---Executed Successfully GetResidentInformation() in ResidentDemographicController----
2022-11-18 07:03:22,894 [23] DEBUG LTCPro.ServiceLayer.Log4net - ---Executing GetUserToken() in UserService----
2022-11-18 07:03:22,902 [21] DEBUG LTCPro.ServiceLayer.Log4net - ---Executing GetUserToken() in UserService----
2022-11-18 07:03:22,904 [40] DEBUG LTCPro.ServiceLayer.Log4net - ---Executing GetUserToken() in UserService----
2022-11-18 07:03:22,904 [34] DEBUG LTCPro.ServiceLayer.Log4net - ---Executing GetUserToken() in UserService----
2022-11-18 07:03:22,905 [23] DEBUG LTCPro.ServiceLayer.Log4net - ---Executing GetResidentDiagnosisInfo() in ResidentDemographicController----
2022-11-18 07:03:22,905 [23] DEBUG LTCPro.ServiceLayer.Log4net - ---Executing GetResidentDiagnosisInfo() in DiagnosisInfoService----
2022-11-18 07:03:22,910 [21] DEBUG LTCPro.ServiceLayer.Log4net - ---Executing GetResidentAdmitDischargeData() in ResidentDemographicController----
2022-11-18 07:03:22,910 [21] DEBUG LTCPro.ServiceLayer.Log4net - ---Executing GetResidentAdmitDischargeData() in ResidentDemographicService----
2022-11-18 07:03:22,911 [34] DEBUG LTCPro.ServiceLayer.Log4net - ---Executing GetResidentAllergies() in ResidentDemographicController----
2022-11-18 07:03:22,911 [34] DEBUG LTCPro.ServiceLayer.Log4net - ---Executing GetResidentAllergies() in AllergyInfoService----
2022-11-18 07:03:22,913 [40] DEBUG LTCPro.ServiceLayer.Log4net - ---Executing GetResidentInformation() in ResidentDemographicController----
2022-11-18 07:03:22,913 [40] DEBUG LTCPro.ServiceLayer.Log4net - ---Executing GetResidentInformation() in ResidentDemographicService----
2022-11-18 07:03:22,920 [15] DEBUG LTCPro.ServiceLayer.Log4net - ---Executing GetUserToken() in UserService----
2022-11-18 07:03:22,923 [34] DEBUG LTCPro.ServiceLayer.Log4net - ---Executed Successfully GetResidentAllergies() in ResidentDemographicController----
2022-11-18 07:03:22,929 [21] DEBUG LTCPro.ServiceLayer.Log4net - ---Executed Successfully GetResidentAdmitDischargeData() in ResidentDemographicController----
2022-11-18 07:03:22,929 [15] DEBUG LTCPro.ServiceLayer.Log4net - ---Executing GetPatientTypeByID() in CommonController----
2022-11-18 07:03:22,930 [15] DEBUG LTCPro.ServiceLayer.Log4net - ---Executing GetPatientTypeDrop() in CommonService----
2022-11-18 07:03:22,932 [23] DEBUG LTCPro.ServiceLayer.Log4net - ---Executed Successfully GetResidentDiagnosisInfo() in ResidentDemographicController----
2022-11-18 07:03:22,955 [15] DEBUG LTCPro.ServiceLayer.Log4net - ---Executed Successfully GetPatientTypeDrop() in CommonController----
2022-11-18 07:03:23,011 [21] DEBUG LTCPro.ServiceLayer.Log4net - ---Executing GetUserToken() in UserService----
2022-11-18 07:03:23,014 [40] DEBUG LTCPro.ServiceLayer.Log4net - ---Executed Successfully GetResidentInformation() in ResidentDemographicController----
2022-11-18 07:03:23,023 [21] DEBUG LTCPro.ServiceLayer.Log4net - ---Executing GetAllPatientTypesByPId() in ResidentDemographicController----
2022-11-18 07:03:23,023 [21] DEBUG LTCPro.ServiceLayer.Log4net - ---Executing GetAllPatientTypesByPId() in EmarService----
2022-11-18 07:03:23,030 [21] DEBUG LTCPro.ServiceLayer.Log4net - ---Executed Successfully GetAllPatientTypesByPId() in ResidentDemographicController----
2022-11-18 07:03:25,339 [21] DEBUG LTCPro.ServiceLayer.Log4net - ---Executing GetUserToken() in UserService----
2022-11-18 07:03:25,346 [21] DEBUG LTCPro.ServiceLayer.Log4net - ---Executing GetOutboundHLSevenConfigs() in HLSevenSegmentController----
2022-11-18 07:03:25,346 [21] DEBUG LTCPro.ServiceLayer.Log4net - ---Executing GetOutboundHLSevenConfigs() in HLSevenSegmentService----
2022-11-18 07:03:25,355 [21] DEBUG LTCPro.ServiceLayer.Log4net - ---Executed Successfully GetOutboundHLSevenConfigs() in HLSevenSegmentController----
2022-11-18 07:03:25,395 [18] DEBUG LTCPro.ServiceLayer.Log4net - ---Executing GetUserToken() in UserService----
2022-11-18 07:03:25,402 [18] DEBUG LTCPro.ServiceLayer.Log4net - ---Executing UserFacilityDrop() in FacilityController----
2022-11-18 07:03:25,402 [18] DEBUG LTCPro.ServiceLayer.Log4net - ---Executing UserFacilityDrop() in FacilityService----
2022-11-18 07:03:25,407 [18] DEBUG LTCPro.ServiceLayer.Log4net - ---Executed Successfully UserFacilityDrop() in FacilityController----
2022-11-18 07:03:25,426 [23] DEBUG LTCPro.ServiceLayer.Log4net - ---Executing GetUserToken() in UserService----
2022-11-18 07:03:25,431 [23] DEBUG LTCPro.ServiceLayer.Log4net - ---Executing GetResidentAdmitvisitInfoData() in ResidentDemographicController----
2022-11-18 07:03:25,431 [23] DEBUG LTCPro.ServiceLayer.Log4net - ---Executing  VisitInfoEntity()  in GetResidentAdmitvisitInfoData----
2022-11-18 07:03:25,444 [23] DEBUG LTCPro.ServiceLayer.Log4net - ---Executed Successfully GetResidentAdmitvisitInfoData() in ResidentDemographicController----
2022-11-18 07:03:25,462 [40] DEBUG LTCPro.ServiceLayer.Log4net - ---Executing GetUserToken() in UserService----
2022-11-18 07:03:25,499 [40] DEBUG LTCPro.ServiceLayer.Log4net - ---Executing UserFacilityDrop() in FacilityController----
2022-11-18 07:03:25,499 [40] DEBUG LTCPro.ServiceLayer.Log4net - ---Executing UserFacilityDrop() in FacilityService----
2022-11-18 07:03:25,500 [18] DEBUG LTCPro.ServiceLayer.Log4net - ---Executing GetUserToken() in UserService----
2022-11-18 07:03:25,505 [40] DEBUG LTCPro.ServiceLayer.Log4net - ---Executed Successfully UserFacilityDrop() in FacilityController----
2022-11-18 07:03:34,787 [21] DEBUG LTCPro.ServiceLayer.Log4net - ---Executing UsersConfigNurseStationDrop() in FacilityController----
2022-11-18 07:03:34,787 [21] DEBUG LTCPro.ServiceLayer.Log4net - ---Executing UsersConfigNurseStationDrop() in FacilityService----
2022-11-18 07:03:34,800 [21] DEBUG LTCPro.ServiceLayer.Log4net - ---Executed Successfully UsersConfigNurseStationDrop() in FacilityController----
2022-11-18 07:03:34,877 [21] DEBUG LTCPro.ServiceLayer.Log4net - ---Executing GetProcessKeyMasterList() in FacilityController----
2022-11-18 07:03:34,877 [21] DEBUG LTCPro.ServiceLayer.Log4net - ---Executing GetProcessKeyMasterList() in FacilityService----
2022-11-18 07:03:34,882 [21] DEBUG LTCPro.ServiceLayer.Log4net - ---Executed Successfully GetProcessKeyMasterList() in FacilityController----
2022-11-18 07:03:37,284 [40] DEBUG LTCPro.ServiceLayer.Log4net - ---Executing GetProcessKeyMasterList() in FacilityController----
2022-11-18 07:03:37,284 [40] DEBUG LTCPro.ServiceLayer.Log4net - ---Executing GetProcessKeyMasterList() in FacilityService----
2022-11-18 07:03:37,290 [40] DEBUG LTCPro.ServiceLayer.Log4net - ---Executed Successfully GetProcessKeyMasterList() in FacilityController----
2022-11-18 07:03:37,843 [23] DEBUG LTCPro.ServiceLayer.Log4net - ---Executing CheckUser() in UserService----
2022-11-18 07:03:37,893 [23] DEBUG LTCPro.ServiceLayer.Log4net - ---Executing FindUser() in UserService----
2022-11-18 07:03:37,909 [23] DEBUG LTCPro.ServiceLayer.Log4net - ---Executing InsertUserSession() in UserService----
2022-11-18 07:03:37,927 [23] DEBUG LTCPro.ServiceLayer.Log4net - ---Executing InsertUserToken() in UserService----
2022-11-18 07:03:37,972 [23] DEBUG LTCPro.ServiceLayer.Log4net - ---Executing InsertUpdateUserRecentFacNs() in UserController----
2022-11-18 07:03:37,972 [23] DEBUG LTCPro.ServiceLayer.Log4net - ---Executing GetUserRecentFacNs() in UserService----
2022-11-18 07:03:37,981 [23] DEBUG LTCPro.ServiceLayer.Log4net - ---Executing InsertUpdateUserRecentFacNs() in CommonService----
2022-11-18 07:03:37,988 [23] DEBUG LTCPro.ServiceLayer.Log4net - ---Executed Successfully InsertUpdateUserRecentFacNs() in UserController----
2022-11-18 07:03:38,023 [40] DEBUG LTCPro.ServiceLayer.Log4net - ---Executing GetScreenPermissionsForLoggedInUser() in RoleController----
2022-11-18 07:03:38,024 [40] DEBUG LTCPro.ServiceLayer.Log4net - ---Executing GetScreenPermissionsForLoggedInUser() in RoleService----
2022-11-18 07:03:38,031 [40] DEBUG LTCPro.ServiceLayer.Log4net - ---Executed Successfully GetScreenPermissionsForLoggedInUser() in RoleController----
2022-11-18 07:03:38,146 [18] DEBUG LTCPro.ServiceLayer.Log4net - ---Executing GetUserToken() in UserService----
2022-11-18 07:03:38,147 [21] DEBUG LTCPro.ServiceLayer.Log4net - ---Executing GetUserToken() in UserService----
2022-11-18 07:03:38,154 [18] DEBUG LTCPro.ServiceLayer.Log4net - ---Executing GetPendingDosesList() in CommonController----
2022-11-18 07:03:38,154 [18] DEBUG LTCPro.ServiceLayer.Log4net - ---Executing GetPendingDosesList() in CommonService----
2022-11-18 07:03:38,156 [38] DEBUG LTCPro.ServiceLayer.Log4net - ---Executing GetUserToken() in UserService----
2022-11-18 07:03:38,158 [21] DEBUG LTCPro.ServiceLayer.Log4net - ---Executing GetAlertsDetails() in MailboxController----
2022-11-18 07:03:38,158 [21] DEBUG LTCPro.ServiceLayer.Log4net - ---Executing GetAlertsDetails() in MailboxService----
2022-11-18 07:03:38,163 [38] DEBUG LTCPro.ServiceLayer.Log4net - ---Executing GetReadMailsCount() in MailboxController----
2022-11-18 07:03:38,163 [38] DEBUG LTCPro.ServiceLayer.Log4net - ---Executing GetReadMailsCount() in MailboxService----
2022-11-18 07:03:38,170 [6] DEBUG LTCPro.ServiceLayer.Log4net - ---Executing GetUserToken() in UserService----
2022-11-18 07:03:38,172 [15] DEBUG LTCPro.ServiceLayer.Log4net - ---Executing GetUserToken() in UserService----
2022-11-18 07:03:38,172 [38] DEBUG LTCPro.ServiceLayer.Log4net - ---Executed successfully GetReadMailsCount() in MailboxController----
2022-11-18 07:03:38,174 [34] DEBUG LTCPro.ServiceLayer.Log4net - ---Executing GetUserToken() in UserService----
2022-11-18 07:03:38,179 [15] DEBUG LTCPro.ServiceLayer.Log4net - ---Executing GetUserPassedDueFlag() in UserController----
2022-11-18 07:03:38,179 [15] DEBUG LTCPro.ServiceLayer.Log4net - ---Executing GetUserPassedDueFlag() in UserService----
2022-11-18 07:03:38,180 [6] DEBUG LTCPro.ServiceLayer.Log4net - ---Executing GetDueMARAlertData() in EmarController----
2022-11-18 07:03:38,180 [34] DEBUG LTCPro.ServiceLayer.Log4net - ---Executing GetUserRecentFacNs() in UserController----
2022-11-18 07:03:38,180 [34] DEBUG LTCPro.ServiceLayer.Log4net - ---Executing GetUserRecentFacNs() in UserService----
2022-11-18 07:03:38,180 [6] DEBUG LTCPro.ServiceLayer.Log4net - ---Executing GetDueMARAlertData() in EmarService----
2022-11-18 07:03:38,186 [15] DEBUG LTCPro.ServiceLayer.Log4net - ---Executed Successfully GetUserPassedDueFlag() in UserController----
2022-11-18 07:03:38,193 [34] DEBUG LTCPro.ServiceLayer.Log4net - ---Executed Successfully GetUserRecentFacNs() in UserController----
2022-11-18 07:03:38,199 [23] DEBUG LTCPro.ServiceLayer.Log4net - ---Executing GetUserToken() in UserService----
2022-11-18 07:03:38,199 [40] DEBUG LTCPro.ServiceLayer.Log4net - ---Executing GetUserToken() in UserService----
2022-11-18 07:03:38,207 [23] DEBUG LTCPro.ServiceLayer.Log4net - ---Executing InsertUserActivityDetails() in CompanyController----
2022-11-18 07:03:38,207 [40] DEBUG LTCPro.ServiceLayer.Log4net - ---Executing GetOutboundErrorDetails() in CommonController----
2022-11-18 07:03:38,207 [40] DEBUG LTCPro.ServiceLayer.Log4net - ---Executing GetOutboundErrorDetails() in CommonService----
2022-11-18 07:03:38,207 [23] DEBUG LTCPro.ServiceLayer.Log4net - ---Executing InsertUserActivityDetails() in UserActivityService----
2022-11-18 07:03:38,268 [21] DEBUG LTCPro.ServiceLayer.Log4net - ---Executed successfully GetAlertsDetails() in MailboxController----
2022-11-18 07:03:38,270 [23] DEBUG LTCPro.ServiceLayer.Log4net - ---Executed Successfully InsertUserActivityDetails() in CompanyController----
2022-11-18 07:03:38,285 [15] DEBUG LTCPro.ServiceLayer.Log4net - ---Executing GetUserToken() in UserService----
2022-11-18 07:03:38,287 [39] DEBUG LTCPro.ServiceLayer.Log4net - ---Executing GetUserToken() in UserService----
2022-11-18 07:03:38,291 [15] DEBUG LTCPro.ServiceLayer.Log4net - ---Executing GetUserActiveCompanyMasterList() in CompanyController----
2022-11-18 07:03:38,292 [15] DEBUG LTCPro.ServiceLayer.Log4net - ---Executing GetActiveCompanyMasterList() in CompanyService----
2022-11-18 07:03:38,295 [39] DEBUG LTCPro.ServiceLayer.Log4net - ---Executing GetUserAccessFacilityNurseStaions() in FacilityController----
2022-11-18 07:03:38,295 [39] DEBUG LTCPro.ServiceLayer.Log4net - ---Executing GetUserAccessFacilityNurseStaions() in FacilityService----
2022-11-18 07:03:38,306 [39] DEBUG LTCPro.ServiceLayer.Log4net - ---Executed Successfully GetUserAccessFacilityNurseStaions() in FacilityController----
2022-11-18 07:03:38,326 [15] DEBUG LTCPro.ServiceLayer.Log4net - ---Executed Successfully GetUserActiveCompanyMasterList() in CompanyController----
2022-11-18 07:03:38,370 [18] DEBUG LTCPro.ServiceLayer.Log4net - ---Executed Successfully GetPendingDosesList() in CommonController----
2022-11-18 07:03:39,009 [6] DEBUG LTCPro.ServiceLayer.Log4net - ---Executed Successfully GetDueMARAlertData() in EmarController----
2022-11-18 07:03:39,223 [40] DEBUG LTCPro.ServiceLayer.Log4net - ---Executed Successfully GetOutboundErrorDetails() in CommonController----
2022-11-18 07:03:41,170 [34] DEBUG LTCPro.ServiceLayer.Log4net - ---Executing GetUserToken() in UserService----
2022-11-18 07:03:41,179 [34] DEBUG LTCPro.ServiceLayer.Log4net - ---Executing InsertUserActivityDetails() in CompanyController----
2022-11-18 07:03:41,179 [34] DEBUG LTCPro.ServiceLayer.Log4net - ---Executing InsertUserActivityDetails() in UserActivityService----
2022-11-18 07:03:41,183 [40] DEBUG LTCPro.ServiceLayer.Log4net - ---Executing GetUserToken() in UserService----
2022-11-18 07:03:41,189 [34] DEBUG LTCPro.ServiceLayer.Log4net - ---Executed Successfully InsertUserActivityDetails() in CompanyController----
2022-11-18 07:03:41,191 [40] DEBUG LTCPro.ServiceLayer.Log4net - ---Executing GetUserRecentFacNs() in UserController----
2022-11-18 07:03:41,191 [40] DEBUG LTCPro.ServiceLayer.Log4net - ---Executing GetUserRecentFacNs() in UserService----
2022-11-18 07:03:41,200 [40] DEBUG LTCPro.ServiceLayer.Log4net - ---Executed Successfully GetUserRecentFacNs() in UserController----
2022-11-18 07:03:41,216 [38] DEBUG LTCPro.ServiceLayer.Log4net - ---Executing GetUserToken() in UserService----
2022-11-18 07:03:41,222 [38] DEBUG LTCPro.ServiceLayer.Log4net - ---Executing GetUserAccessFacilityNurseStaions() in FacilityController----
2022-11-18 07:03:41,222 [38] DEBUG LTCPro.ServiceLayer.Log4net - ---Executing GetUserAccessFacilityNurseStaions() in FacilityService----
2022-11-18 07:03:41,233 [38] DEBUG LTCPro.ServiceLayer.Log4net - ---Executed Successfully GetUserAccessFacilityNurseStaions() in FacilityController----
2022-11-18 07:03:41,251 [40] DEBUG LTCPro.ServiceLayer.Log4net - ---Executing GetUserToken() in UserService----
2022-11-18 07:03:41,256 [40] DEBUG LTCPro.ServiceLayer.Log4net - ---Executing UserNurseStationDrop() in FacilityController----
2022-11-18 07:03:41,256 [40] DEBUG LTCPro.ServiceLayer.Log4net - ---Executing UserNurseStationDrop() in FacilityService----
2022-11-18 07:03:41,265 [40] DEBUG LTCPro.ServiceLayer.Log4net - ---Executed Successfully UserNurseStationDrop() in FacilityController----
2022-11-18 07:03:41,287 [37] DEBUG LTCPro.ServiceLayer.Log4net - ---Executing GetUserToken() in UserService----
2022-11-18 07:03:41,292 [37] DEBUG LTCPro.ServiceLayer.Log4net - ---Executing GetCompanyToBedFlagByFacId() in FacilityController----
2022-11-18 07:03:41,293 [37] DEBUG LTCPro.ServiceLayer.Log4net - ---Executing GetCompanyToBedFlagByFacId() in FacilityService----
2022-11-18 07:03:41,318 [38] DEBUG LTCPro.ServiceLayer.Log4net - ---Executing GetUserToken() in UserService----
2022-11-18 07:03:41,326 [38] DEBUG LTCPro.ServiceLayer.Log4net - ---Executing GetResidentsByCompanyBed() in ResidentDemographicController----
2022-11-18 07:03:41,326 [38] DEBUG LTCPro.ServiceLayer.Log4net - ---Executing GetResidentsByCompanyBed() in ResidentDemographicService----
2022-11-18 07:03:41,333 [37] DEBUG LTCPro.ServiceLayer.Log4net - ---Executed Successfully GetCompanyToBedFlagByFacId() in FacilityController----
2022-11-18 07:03:41,369 [40] DEBUG LTCPro.ServiceLayer.Log4net - ---Executing GetUserToken() in UserService----
2022-11-18 07:03:41,375 [40] DEBUG LTCPro.ServiceLayer.Log4net - ---Executing GetNurseStationHierarchyDetailsbyNsId() in CompanyController----
2022-11-18 07:03:41,375 [40] DEBUG LTCPro.ServiceLayer.Log4net - ---Executing GetNurseStationHierarchyDetailsbyNsId() in CompanyService----
2022-11-18 07:03:41,380 [40] DEBUG LTCPro.ServiceLayer.Log4net - ---Executed Successfully GetNurseStationHierarchyDetailsbyNsId() in CompanyController----
2022-11-18 07:03:42,872 [38] DEBUG LTCPro.ServiceLayer.Log4net - ---Executed Successfully GetResidentsByCompanyBed() in ResidentDemographicController----
2022-11-18 07:03:44,296 [39] DEBUG LTCPro.ServiceLayer.Log4net - ---Executing GetUserToken() in UserService----
2022-11-18 07:03:44,303 [39] DEBUG LTCPro.ServiceLayer.Log4net - ---Executing GetOrdersGridData() in OrdersController----
2022-11-18 07:03:44,303 [39] DEBUG LTCPro.ServiceLayer.Log4net - ---Executing GetOrdersGridData() in OrdersService----
2022-11-18 07:03:44,312 [39] DEBUG LTCPro.ServiceLayer.Log4net - ---Executed Successfully GetOrdersGridData() in OrdersController----
2022-11-18 07:03:44,863 [34] DEBUG LTCPro.ServiceLayer.Log4net - ---Executing GetUserToken() in UserService----
2022-11-18 07:03:44,923 [6] DEBUG LTCPro.ServiceLayer.Log4net - ---Executing GetUserToken() in UserService----
2022-11-18 07:03:44,935 [40] DEBUG LTCPro.ServiceLayer.Log4net - ---Executing GetUserToken() in UserService----
2022-11-18 07:03:44,940 [15] DEBUG LTCPro.ServiceLayer.Log4net - ---Executing GetUserToken() in UserService----
2022-11-18 07:03:44,956 [15] DEBUG LTCPro.ServiceLayer.Log4net - ---Executing GetResidentAdmitDischargeData() in ResidentDemographicController----
2022-11-18 07:03:44,956 [15] DEBUG LTCPro.ServiceLayer.Log4net - ---Executing GetResidentAdmitDischargeData() in ResidentDemographicService----
2022-11-18 07:03:44,956 [34] DEBUG LTCPro.ServiceLayer.Log4net - ---Executing InsertUserActivityDetails() in CompanyController----
2022-11-18 07:03:44,956 [34] DEBUG LTCPro.ServiceLayer.Log4net - ---Executing InsertUserActivityDetails() in UserActivityService----
2022-11-18 07:03:44,959 [6] DEBUG LTCPro.ServiceLayer.Log4net - ---Executing InsertUserActivityDetails() in CompanyController----
2022-11-18 07:03:44,959 [6] DEBUG LTCPro.ServiceLayer.Log4net - ---Executing InsertUserActivityDetails() in UserActivityService----
2022-11-18 07:03:44,962 [40] DEBUG LTCPro.ServiceLayer.Log4net - ---Executing GetFacilityNSResidentsDataByPId() in ResidentDemographicController----
2022-11-18 07:03:44,964 [40] DEBUG LTCPro.ServiceLayer.Log4net - ---Executing GetFacilityNSResidentsDataByPId() in ResidentDemographicService----
2022-11-18 07:03:44,967 [15] DEBUG LTCPro.ServiceLayer.Log4net - ---Executed Successfully GetResidentAdmitDischargeData() in ResidentDemographicController----
2022-11-18 07:03:44,970 [34] DEBUG LTCPro.ServiceLayer.Log4net - ---Executed Successfully InsertUserActivityDetails() in CompanyController----
2022-11-18 07:03:44,976 [6] DEBUG LTCPro.ServiceLayer.Log4net - ---Executed Successfully InsertUserActivityDetails() in CompanyController----
2022-11-18 07:03:44,977 [21] DEBUG LTCPro.ServiceLayer.Log4net - ---Executing GetUserToken() in UserService----
2022-11-18 07:03:44,987 [38] DEBUG LTCPro.ServiceLayer.Log4net - ---Executing GetUserToken() in UserService----
2022-11-18 07:03:45,015 [38] DEBUG LTCPro.ServiceLayer.Log4net - ---Executing InsertUserActivityDetails() in CompanyController----
2022-11-18 07:03:45,015 [38] DEBUG LTCPro.ServiceLayer.Log4net - ---Executing InsertUserActivityDetails() in UserActivityService----
2022-11-18 07:03:45,017 [21] DEBUG LTCPro.ServiceLayer.Log4net - ---Executing GetResidentAdmitDischargeData() in ResidentDemographicController----
2022-11-18 07:03:45,017 [21] DEBUG LTCPro.ServiceLayer.Log4net - ---Executing GetResidentAdmitDischargeData() in ResidentDemographicService----
2022-11-18 07:03:45,024 [37] DEBUG LTCPro.ServiceLayer.Log4net - ---Executing GetUserToken() in UserService----
2022-11-18 07:03:45,026 [38] DEBUG LTCPro.ServiceLayer.Log4net - ---Executed Successfully InsertUserActivityDetails() in CompanyController----
2022-11-18 07:03:45,027 [21] DEBUG LTCPro.ServiceLayer.Log4net - ---Executed Successfully GetResidentAdmitDischargeData() in ResidentDemographicController----
2022-11-18 07:03:45,039 [37] DEBUG LTCPro.ServiceLayer.Log4net - ---Executing InsertUserActivityDetails() in CompanyController----
2022-11-18 07:03:45,039 [37] DEBUG LTCPro.ServiceLayer.Log4net - ---Executing InsertUserActivityDetails() in UserActivityService----
2022-11-18 07:03:45,049 [37] DEBUG LTCPro.ServiceLayer.Log4net - ---Executed Successfully InsertUserActivityDetails() in CompanyController----
2022-11-18 07:03:45,052 [40] DEBUG LTCPro.ServiceLayer.Log4net - ---Executed Successfully GetFacilityNSResidentsDataByPId() in ResidentDemographicController----
2022-11-18 07:03:45,064 [18] DEBUG LTCPro.ServiceLayer.Log4net - ---Executing GetUserToken() in UserService----
2022-11-18 07:03:45,072 [15] DEBUG LTCPro.ServiceLayer.Log4net - ---Executing GetUserToken() in UserService----
2022-11-18 07:03:45,079 [18] DEBUG LTCPro.ServiceLayer.Log4net - ---Executing GetResidentInformation() in ResidentDemographicController----
2022-11-18 07:03:45,079 [18] DEBUG LTCPro.ServiceLayer.Log4net - ---Executing GetResidentInformation() in ResidentDemographicService----
2022-11-18 07:03:45,083 [15] DEBUG LTCPro.ServiceLayer.Log4net - ---Executing GetResidentAllergies() in ResidentDemographicController----
2022-11-18 07:03:45,083 [15] DEBUG LTCPro.ServiceLayer.Log4net - ---Executing GetResidentAllergies() in AllergyInfoService----
2022-11-18 07:03:45,089 [15] DEBUG LTCPro.ServiceLayer.Log4net - ---Executed Successfully GetResidentAllergies() in ResidentDemographicController----
2022-11-18 07:03:45,092 [38] DEBUG LTCPro.ServiceLayer.Log4net - ---Executing GetUserToken() in UserService----
2022-11-18 07:03:45,097 [38] DEBUG LTCPro.ServiceLayer.Log4net - ---Executing GetResidentDiagnosisInfo() in ResidentDemographicController----
2022-11-18 07:03:45,097 [38] DEBUG LTCPro.ServiceLayer.Log4net - ---Executing GetResidentDiagnosisInfo() in DiagnosisInfoService----
2022-11-18 07:03:45,105 [38] DEBUG LTCPro.ServiceLayer.Log4net - ---Executed Successfully GetResidentDiagnosisInfo() in ResidentDemographicController----
2022-11-18 07:03:45,124 [37] DEBUG LTCPro.ServiceLayer.Log4net - ---Executing GetUserToken() in UserService----
2022-11-18 07:03:45,130 [37] DEBUG LTCPro.ServiceLayer.Log4net - ---Executing GetResidentInformation() in ResidentDemographicController----
2022-11-18 07:03:45,130 [37] DEBUG LTCPro.ServiceLayer.Log4net - ---Executing GetResidentInformation() in ResidentDemographicService----
2022-11-18 07:03:45,255 [18] DEBUG LTCPro.ServiceLayer.Log4net - ---Executed Successfully GetResidentInformation() in ResidentDemographicController----
2022-11-18 07:03:45,290 [37] DEBUG LTCPro.ServiceLayer.Log4net - ---Executed Successfully GetResidentInformation() in ResidentDemographicController----
2022-11-18 07:03:45,344 [38] DEBUG LTCPro.ServiceLayer.Log4net - ---Executing GetUserToken() in UserService----
2022-11-18 07:03:45,344 [37] DEBUG LTCPro.ServiceLayer.Log4net - ---Executing GetUserToken() in UserService----
2022-11-18 07:03:45,350 [38] DEBUG LTCPro.ServiceLayer.Log4net - ---Executing GetResidentInformation() in ResidentDemographicController----
2022-11-18 07:03:45,350 [38] DEBUG LTCPro.ServiceLayer.Log4net - ---Executing GetResidentInformation() in ResidentDemographicService----
2022-11-18 07:03:45,351 [37] DEBUG LTCPro.ServiceLayer.Log4net - ---Executing GetResidentAdmitDischargeData() in ResidentDemographicController----
2022-11-18 07:03:45,351 [37] DEBUG LTCPro.ServiceLayer.Log4net - ---Executing GetResidentAdmitDischargeData() in ResidentDemographicService----
2022-11-18 07:03:45,360 [37] DEBUG LTCPro.ServiceLayer.Log4net - ---Executed Successfully GetResidentAdmitDischargeData() in ResidentDemographicController----
2022-11-18 07:03:45,370 [25] DEBUG LTCPro.ServiceLayer.Log4net - ---Executing GetUserToken() in UserService----
2022-11-18 07:03:45,373 [39] DEBUG LTCPro.ServiceLayer.Log4net - ---Executing GetUserToken() in UserService----
2022-11-18 07:03:45,377 [25] DEBUG LTCPro.ServiceLayer.Log4net - ---Executing GetResidentAllergies() in ResidentDemographicController----
2022-11-18 07:03:45,378 [25] DEBUG LTCPro.ServiceLayer.Log4net - ---Executing GetResidentAllergies() in AllergyInfoService----
2022-11-18 07:03:45,379 [39] DEBUG LTCPro.ServiceLayer.Log4net - ---Executing GetResidentDiagnosisInfo() in ResidentDemographicController----
2022-11-18 07:03:45,379 [39] DEBUG LTCPro.ServiceLayer.Log4net - ---Executing GetResidentDiagnosisInfo() in DiagnosisInfoService----
2022-11-18 07:03:45,382 [37] DEBUG LTCPro.ServiceLayer.Log4net - ---Executing GetUserToken() in UserService----
2022-11-18 07:03:45,385 [25] DEBUG LTCPro.ServiceLayer.Log4net - ---Executed Successfully GetResidentAllergies() in ResidentDemographicController----
2022-11-18 07:03:45,386 [39] DEBUG LTCPro.ServiceLayer.Log4net - ---Executed Successfully GetResidentDiagnosisInfo() in ResidentDemographicController----
2022-11-18 07:03:45,393 [37] DEBUG LTCPro.ServiceLayer.Log4net - ---Executing GetPatientTypeByID() in CommonController----
2022-11-18 07:03:45,393 [37] DEBUG LTCPro.ServiceLayer.Log4net - ---Executing GetPatientTypeDrop() in CommonService----
2022-11-18 07:03:45,421 [37] DEBUG LTCPro.ServiceLayer.Log4net - ---Executed Successfully GetPatientTypeDrop() in CommonController----
2022-11-18 07:03:45,480 [39] DEBUG LTCPro.ServiceLayer.Log4net - ---Executing GetUserToken() in UserService----
2022-11-18 07:03:45,485 [38] DEBUG LTCPro.ServiceLayer.Log4net - ---Executed Successfully GetResidentInformation() in ResidentDemographicController----
2022-11-18 07:03:45,486 [39] DEBUG LTCPro.ServiceLayer.Log4net - ---Executing GetAllPatientTypesByPId() in ResidentDemographicController----
2022-11-18 07:03:45,486 [39] DEBUG LTCPro.ServiceLayer.Log4net - ---Executing GetAllPatientTypesByPId() in EmarService----
2022-11-18 07:03:45,490 [39] DEBUG LTCPro.ServiceLayer.Log4net - ---Executed Successfully GetAllPatientTypesByPId() in ResidentDemographicController----
2022-11-18 07:03:46,522 [38] DEBUG LTCPro.ServiceLayer.Log4net - ---Executing GetUserToken() in UserService----
2022-11-18 07:03:46,532 [38] DEBUG LTCPro.ServiceLayer.Log4net - ---Executing GetOutboundHLSevenConfigs() in HLSevenSegmentController----
2022-11-18 07:03:46,532 [38] DEBUG LTCPro.ServiceLayer.Log4net - ---Executing GetOutboundHLSevenConfigs() in HLSevenSegmentService----
2022-11-18 07:03:46,542 [38] DEBUG LTCPro.ServiceLayer.Log4net - ---Executed Successfully GetOutboundHLSevenConfigs() in HLSevenSegmentController----
2022-11-18 07:03:46,571 [25] DEBUG LTCPro.ServiceLayer.Log4net - ---Executing GetUserToken() in UserService----
2022-11-18 07:03:46,577 [25] DEBUG LTCPro.ServiceLayer.Log4net - ---Executing UserFacilityDrop() in FacilityController----
2022-11-18 07:03:46,577 [25] DEBUG LTCPro.ServiceLayer.Log4net - ---Executing UserFacilityDrop() in FacilityService----
2022-11-18 07:03:46,584 [25] DEBUG LTCPro.ServiceLayer.Log4net - ---Executed Successfully UserFacilityDrop() in FacilityController----
2022-11-18 07:03:46,602 [39] DEBUG LTCPro.ServiceLayer.Log4net - ---Executing GetUserToken() in UserService----
2022-11-18 07:03:46,607 [39] DEBUG LTCPro.ServiceLayer.Log4net - ---Executing GetResidentAdmitvisitInfoData() in ResidentDemographicController----
2022-11-18 07:03:46,607 [39] DEBUG LTCPro.ServiceLayer.Log4net - ---Executing  VisitInfoEntity()  in GetResidentAdmitvisitInfoData----
2022-11-18 07:03:46,619 [39] DEBUG LTCPro.ServiceLayer.Log4net - ---Executed Successfully GetResidentAdmitvisitInfoData() in ResidentDemographicController----
2022-11-18 07:03:46,637 [39] DEBUG LTCPro.ServiceLayer.Log4net - ---Executing GetUserToken() in UserService----
2022-11-18 07:03:46,640 [37] DEBUG LTCPro.ServiceLayer.Log4net - ---Executing GetUserToken() in UserService----
2022-11-18 07:03:46,643 [39] DEBUG LTCPro.ServiceLayer.Log4net - ---Executing UserFacilityDrop() in FacilityController----
2022-11-18 07:03:46,643 [39] DEBUG LTCPro.ServiceLayer.Log4net - ---Executing UserFacilityDrop() in FacilityService----
2022-11-18 07:03:46,645 [37] DEBUG LTCPro.ServiceLayer.Log4net - ---Executing GetCompanyToBedFlagByFacId() in FacilityController----
2022-11-18 07:03:46,645 [37] DEBUG LTCPro.ServiceLayer.Log4net - ---Executing GetCompanyToBedFlagByFacId() in FacilityService----
2022-11-18 07:03:46,648 [39] DEBUG LTCPro.ServiceLayer.Log4net - ---Executed Successfully UserFacilityDrop() in FacilityController----
2022-11-18 07:03:46,678 [37] DEBUG LTCPro.ServiceLayer.Log4net - ---Executed Successfully GetCompanyToBedFlagByFacId() in FacilityController----
2022-11-18 07:03:46,699 [39] DEBUG LTCPro.ServiceLayer.Log4net - ---Executing GetUserToken() in UserService----
2022-11-18 07:03:46,705 [39] DEBUG LTCPro.ServiceLayer.Log4net - ---Executing UserNurseStationDrop() in FacilityController----
2022-11-18 07:03:46,705 [39] DEBUG LTCPro.ServiceLayer.Log4net - ---Executing UserNurseStationDrop() in FacilityService----
2022-11-18 07:03:46,712 [39] DEBUG LTCPro.ServiceLayer.Log4net - ---Executed Successfully UserNurseStationDrop() in FacilityController----
2022-11-18 07:03:46,720 [37] DEBUG LTCPro.ServiceLayer.Log4net - ---Executing GetUserToken() in UserService----
2022-11-18 07:03:46,726 [37] DEBUG LTCPro.ServiceLayer.Log4net - ---Executing GetNurseStationHierarchyDetailsbyNsId() in CompanyController----
2022-11-18 07:03:46,726 [37] DEBUG LTCPro.ServiceLayer.Log4net - ---Executing GetNurseStationHierarchyDetailsbyNsId() in CompanyService----
2022-11-18 07:03:46,731 [37] DEBUG LTCPro.ServiceLayer.Log4net - ---Executed Successfully GetNurseStationHierarchyDetailsbyNsId() in CompanyController----
2022-11-18 07:04:13,979 [23] DEBUG LTCPro.ServiceLayer.Log4net - ---Executing GetUserToken() in UserService----
2022-11-18 07:04:13,985 [23] DEBUG LTCPro.ServiceLayer.Log4net - ---Executing InsertResidentVisitInfo() in AdminApprovalController----
2022-11-18 07:04:13,985 [23] DEBUG LTCPro.ServiceLayer.Log4net - ---Executing InsertResidentVisitInfo() in AdminApprovalService----
2022-11-18 07:04:14,116 [23] DEBUG LTCPro.ServiceLayer.Log4net - ---Executing GenerateOutboundFile() Discharge in AdminApprovalService----
2022-11-18 07:04:14,123 [23] DEBUG LTCPro.ServiceLayer.Log4net - ---Generating OutboundFile Discharge in AdminApprovalService----
2022-11-18 07:04:14,150 [23] DEBUG LTCPro.ServiceLayer.Log4net - ---Generated OutboundFile Download Start D:/Promantra/OutboundLive/Pending//Discharge_11182022053328.hl7 in AdminApprovalService----
2022-11-18 07:04:14,151 [23] DEBUG LTCPro.ServiceLayer.Log4net - ---Generated OutboundFile Download Completed D:/Promantra/OutboundLive/Pending//Discharge_11182022053328.hl7 in AdminApprovalService----
2022-11-18 07:04:14,151 [23] DEBUG LTCPro.ServiceLayer.Log4net - ---Executed GenerateOutboundFile() Discharge in AdminApprovalService----
2022-11-18 07:04:14,153 [23] DEBUG LTCPro.ServiceLayer.Log4net - ---Executed Successfully InsertResidentVisitInfo() in AdminApprovalController----
2022-11-18 07:04:14,190 [40] DEBUG LTCPro.ServiceLayer.Log4net - ---Executing GetUserToken() in UserService----
2022-11-18 07:04:14,203 [40] DEBUG LTCPro.ServiceLayer.Log4net - ---Executing GetApprovalFlag() in CompanyController----
2022-11-18 07:04:14,203 [40] DEBUG LTCPro.ServiceLayer.Log4net - ---Executing GetApprovalFlag() in CompanyService----
2022-11-18 07:04:14,326 [23] DEBUG LTCPro.ServiceLayer.Log4net - ---Executing GetUserToken() in UserService----
2022-11-18 07:04:14,332 [23] DEBUG LTCPro.ServiceLayer.Log4net - ---Executing GetFacilityNSResidentsDataByPId() in ResidentDemographicController----
2022-11-18 07:04:14,332 [23] DEBUG LTCPro.ServiceLayer.Log4net - ---Executing GetFacilityNSResidentsDataByPId() in ResidentDemographicService----
2022-11-18 07:04:14,334 [40] DEBUG LTCPro.ServiceLayer.Log4net - ---Executing GetUserToken() in UserService----
2022-11-18 07:04:14,338 [40] DEBUG LTCPro.ServiceLayer.Log4net - ---Executing GetResidentAdmitDischargeData() in ResidentDemographicController----
2022-11-18 07:04:14,339 [40] DEBUG LTCPro.ServiceLayer.Log4net - ---Executing GetResidentAdmitDischargeData() in ResidentDemographicService----
2022-11-18 07:04:14,344 [40] DEBUG LTCPro.ServiceLayer.Log4net - ---Executed Successfully GetResidentAdmitDischargeData() in ResidentDemographicController----
2022-11-18 07:04:14,371 [23] DEBUG LTCPro.ServiceLayer.Log4net - ---Executed Successfully GetFacilityNSResidentsDataByPId() in ResidentDemographicController----
2022-11-18 07:04:14,416 [23] DEBUG LTCPro.ServiceLayer.Log4net - ---Executing GetUserToken() in UserService----
2022-11-18 07:04:14,422 [23] DEBUG LTCPro.ServiceLayer.Log4net - ---Executing GetResidentInformation() in ResidentDemographicController----
2022-11-18 07:04:14,422 [23] DEBUG LTCPro.ServiceLayer.Log4net - ---Executing GetResidentInformation() in ResidentDemographicService----
2022-11-18 07:04:14,529 [23] DEBUG LTCPro.ServiceLayer.Log4net - ---Executed Successfully GetResidentInformation() in ResidentDemographicController----
2022-11-18 07:04:14,566 [23] DEBUG LTCPro.ServiceLayer.Log4net - ---Executing GetUserToken() in UserService----
2022-11-18 07:04:14,597 [38] DEBUG LTCPro.ServiceLayer.Log4net - ---Executing GetUserToken() in UserService----
2022-11-18 07:04:14,598 [23] DEBUG LTCPro.ServiceLayer.Log4net - ---Executing GetPatientTypeByID() in CommonController----
2022-11-18 07:04:14,599 [23] DEBUG LTCPro.ServiceLayer.Log4net - ---Executing GetPatientTypeDrop() in CommonService----
2022-11-18 07:04:14,605 [38] DEBUG LTCPro.ServiceLayer.Log4net - ---Executing GetResidentInformation() in ResidentDemographicController----
2022-11-18 07:04:14,605 [38] DEBUG LTCPro.ServiceLayer.Log4net - ---Executing GetResidentInformation() in ResidentDemographicService----
2022-11-18 07:04:14,608 [25] DEBUG LTCPro.ServiceLayer.Log4net - ---Executing GetUserToken() in UserService----
2022-11-18 07:04:14,608 [39] DEBUG LTCPro.ServiceLayer.Log4net - ---Executing GetUserToken() in UserService----
2022-11-18 07:04:14,615 [25] DEBUG LTCPro.ServiceLayer.Log4net - ---Executing GetResidentAllergies() in ResidentDemographicController----
2022-11-18 07:04:14,616 [25] DEBUG LTCPro.ServiceLayer.Log4net - ---Executing GetResidentAllergies() in AllergyInfoService----
2022-11-18 07:04:14,616 [39] DEBUG LTCPro.ServiceLayer.Log4net - ---Executing GetResidentDiagnosisInfo() in ResidentDemographicController----
2022-11-18 07:04:14,616 [39] DEBUG LTCPro.ServiceLayer.Log4net - ---Executing GetResidentDiagnosisInfo() in DiagnosisInfoService----
2022-11-18 07:04:14,621 [25] DEBUG LTCPro.ServiceLayer.Log4net - ---Executed Successfully GetResidentAllergies() in ResidentDemographicController----
2022-11-18 07:04:14,647 [39] DEBUG LTCPro.ServiceLayer.Log4net - ---Executed Successfully GetResidentDiagnosisInfo() in ResidentDemographicController----
2022-11-18 07:04:14,652 [21] DEBUG LTCPro.ServiceLayer.Log4net - ---Executing GetUserToken() in UserService----
2022-11-18 07:04:14,675 [21] DEBUG LTCPro.ServiceLayer.Log4net - ---Executing GetResidentAdmitDischargeData() in ResidentDemographicController----
2022-11-18 07:04:14,676 [21] DEBUG LTCPro.ServiceLayer.Log4net - ---Executing GetResidentAdmitDischargeData() in ResidentDemographicService----
2022-11-18 07:04:14,676 [23] DEBUG LTCPro.ServiceLayer.Log4net - ---Executed Successfully GetPatientTypeDrop() in CommonController----
2022-11-18 07:04:14,687 [21] DEBUG LTCPro.ServiceLayer.Log4net - ---Executed Successfully GetResidentAdmitDischargeData() in ResidentDemographicController----
2022-11-18 07:04:14,752 [25] DEBUG LTCPro.ServiceLayer.Log4net - ---Executing GetUserToken() in UserService----
2022-11-18 07:04:14,803 [25] DEBUG LTCPro.ServiceLayer.Log4net - ---Executing GetAllPatientTypesByPId() in ResidentDemographicController----
2022-11-18 07:04:14,803 [25] DEBUG LTCPro.ServiceLayer.Log4net - ---Executing GetAllPatientTypesByPId() in EmarService----
2022-11-18 07:04:14,810 [25] DEBUG LTCPro.ServiceLayer.Log4net - ---Executed Successfully GetAllPatientTypesByPId() in ResidentDemographicController----
2022-11-18 07:04:14,838 [38] DEBUG LTCPro.ServiceLayer.Log4net - ---Executed Successfully GetResidentInformation() in ResidentDemographicController----
2022-11-18 07:04:22,022 [23] DEBUG LTCPro.ServiceLayer.Log4net - ---Executing GetUserToken() in UserService----
2022-11-18 07:04:22,028 [23] DEBUG LTCPro.ServiceLayer.Log4net - ---Executing PatientReAdmission() in AdminApprovalController----
2022-11-18 07:04:22,028 [23] DEBUG LTCPro.ServiceLayer.Log4net - ---Executing PatientReAdmission() in AdminApprovalService----
2022-11-18 07:04:22,133 [23] DEBUG LTCPro.ServiceLayer.Log4net - ---Executing GenerateOutboundFile() NewResident in AdminApprovalService----
2022-11-18 07:04:22,144 [23] DEBUG LTCPro.ServiceLayer.Log4net - ---Generating OutboundFile NewResident in AdminApprovalService----
2022-11-18 07:04:22,178 [23] DEBUG LTCPro.ServiceLayer.Log4net - ---Generated OutboundFile Download Start D:/Promantra/OutboundLive/Pending//NewResident_11182022053336.hl7 in AdminApprovalService----
2022-11-18 07:04:22,179 [23] DEBUG LTCPro.ServiceLayer.Log4net - ---Generated OutboundFile Download Completed D:/Promantra/OutboundLive/Pending//NewResident_11182022053336.hl7 in AdminApprovalService----
2022-11-18 07:04:22,179 [23] DEBUG LTCPro.ServiceLayer.Log4net - ---Executed GenerateOutboundFile() NewResident in AdminApprovalService----
2022-11-18 07:04:22,181 [23] DEBUG LTCPro.ServiceLayer.Log4net - ---Executed Successfully PatientReAdmission() in AdminApprovalController----
2022-11-18 07:04:22,227 [44] DEBUG LTCPro.ServiceLayer.Log4net - ---Executing GetUserToken() in UserService----
2022-11-18 07:04:22,233 [44] DEBUG LTCPro.ServiceLayer.Log4net - ---Executing GetResidentInformation() in ResidentDemographicController----
2022-11-18 07:04:22,234 [44] DEBUG LTCPro.ServiceLayer.Log4net - ---Executing GetResidentInformation() in ResidentDemographicService----
2022-11-18 07:04:22,345 [44] DEBUG LTCPro.ServiceLayer.Log4net - ---Executed Successfully GetResidentInformation() in ResidentDemographicController----
2022-11-18 07:04:22,413 [44] DEBUG LTCPro.ServiceLayer.Log4net - ---Executing GetUserToken() in UserService----
2022-11-18 07:04:22,416 [8] DEBUG LTCPro.ServiceLayer.Log4net - ---Executing GetUserToken() in UserService----
2022-11-18 07:04:22,423 [44] DEBUG LTCPro.ServiceLayer.Log4net - ---Executing GetResidentInformation() in ResidentDemographicController----
2022-11-18 07:04:22,423 [44] DEBUG LTCPro.ServiceLayer.Log4net - ---Executing GetResidentInformation() in ResidentDemographicService----
2022-11-18 07:04:22,427 [8] DEBUG LTCPro.ServiceLayer.Log4net - ---Executing GetResidentAllergies() in ResidentDemographicController----
2022-11-18 07:04:22,427 [8] DEBUG LTCPro.ServiceLayer.Log4net - ---Executing GetResidentAllergies() in AllergyInfoService----
2022-11-18 07:04:22,437 [8] DEBUG LTCPro.ServiceLayer.Log4net - ---Executed Successfully GetResidentAllergies() in ResidentDemographicController----
2022-11-18 07:04:22,444 [23] DEBUG LTCPro.ServiceLayer.Log4net - ---Executing GetUserToken() in UserService----
2022-11-18 07:04:22,465 [29] DEBUG LTCPro.ServiceLayer.Log4net - ---Executing GetUserToken() in UserService----
2022-11-18 07:04:22,467 [23] DEBUG LTCPro.ServiceLayer.Log4net - ---Executing GetPatientTypeByID() in CommonController----
2022-11-18 07:04:22,467 [23] DEBUG LTCPro.ServiceLayer.Log4net - ---Executing GetPatientTypeDrop() in CommonService----
2022-11-18 07:04:22,472 [29] DEBUG LTCPro.ServiceLayer.Log4net - ---Executing GetResidentAdmitDischargeData() in ResidentDemographicController----
2022-11-18 07:04:22,472 [29] DEBUG LTCPro.ServiceLayer.Log4net - ---Executing GetResidentAdmitDischargeData() in ResidentDemographicService----
2022-11-18 07:04:22,481 [29] DEBUG LTCPro.ServiceLayer.Log4net - ---Executed Successfully GetResidentAdmitDischargeData() in ResidentDemographicController----
2022-11-18 07:04:22,486 [40] DEBUG LTCPro.ServiceLayer.Log4net - ---Executing GetUserToken() in UserService----
2022-11-18 07:04:22,495 [40] DEBUG LTCPro.ServiceLayer.Log4net - ---Executing GetResidentDiagnosisInfo() in ResidentDemographicController----
2022-11-18 07:04:22,495 [40] DEBUG LTCPro.ServiceLayer.Log4net - ---Executing GetResidentDiagnosisInfo() in DiagnosisInfoService----
2022-11-18 07:04:22,503 [40] DEBUG LTCPro.ServiceLayer.Log4net - ---Executed Successfully GetResidentDiagnosisInfo() in ResidentDemographicController----
2022-11-18 07:04:22,505 [23] DEBUG LTCPro.ServiceLayer.Log4net - ---Executed Successfully GetPatientTypeDrop() in CommonController----
2022-11-18 07:04:22,593 [23] DEBUG LTCPro.ServiceLayer.Log4net - ---Executing GetUserToken() in UserService----
2022-11-18 07:04:22,598 [23] DEBUG LTCPro.ServiceLayer.Log4net - ---Executing GetAllPatientTypesByPId() in ResidentDemographicController----
2022-11-18 07:04:22,598 [23] DEBUG LTCPro.ServiceLayer.Log4net - ---Executing GetAllPatientTypesByPId() in EmarService----
2022-11-18 07:04:22,602 [44] DEBUG LTCPro.ServiceLayer.Log4net - ---Executed Successfully GetResidentInformation() in ResidentDemographicController----
2022-11-18 07:04:22,604 [23] DEBUG LTCPro.ServiceLayer.Log4net - ---Executed Successfully GetAllPatientTypesByPId() in ResidentDemographicController----
2022-11-18 07:04:25,041 [40] DEBUG LTCPro.ServiceLayer.Log4net - ---Executing GetUserToken() in UserService----
2022-11-18 07:04:25,049 [40] DEBUG LTCPro.ServiceLayer.Log4net - ---Executing GetOutboundHLSevenConfigs() in HLSevenSegmentController----
2022-11-18 07:04:25,049 [40] DEBUG LTCPro.ServiceLayer.Log4net - ---Executing GetOutboundHLSevenConfigs() in HLSevenSegmentService----
2022-11-18 07:04:25,058 [40] DEBUG LTCPro.ServiceLayer.Log4net - ---Executed Successfully GetOutboundHLSevenConfigs() in HLSevenSegmentController----
2022-11-18 07:04:25,082 [23] DEBUG LTCPro.ServiceLayer.Log4net - ---Executing GetUserToken() in UserService----
2022-11-18 07:04:25,088 [23] DEBUG LTCPro.ServiceLayer.Log4net - ---Executing UserFacilityDrop() in FacilityController----
2022-11-18 07:04:25,088 [23] DEBUG LTCPro.ServiceLayer.Log4net - ---Executing UserFacilityDrop() in FacilityService----
2022-11-18 07:04:25,095 [23] DEBUG LTCPro.ServiceLayer.Log4net - ---Executed Successfully UserFacilityDrop() in FacilityController----
2022-11-18 07:04:25,112 [44] DEBUG LTCPro.ServiceLayer.Log4net - ---Executing GetUserToken() in UserService----
2022-11-18 07:04:25,118 [44] DEBUG LTCPro.ServiceLayer.Log4net - ---Executing GetResidentAdmitvisitInfoData() in ResidentDemographicController----
2022-11-18 07:04:25,119 [44] DEBUG LTCPro.ServiceLayer.Log4net - ---Executing  VisitInfoEntity()  in GetResidentAdmitvisitInfoData----
2022-11-18 07:04:25,131 [44] DEBUG LTCPro.ServiceLayer.Log4net - ---Executed Successfully GetResidentAdmitvisitInfoData() in ResidentDemographicController----
2022-11-18 07:04:25,149 [44] DEBUG LTCPro.ServiceLayer.Log4net - ---Executing GetUserToken() in UserService----
2022-11-18 07:04:25,154 [44] DEBUG LTCPro.ServiceLayer.Log4net - ---Executing UserFacilityDrop() in FacilityController----
2022-11-18 07:04:25,154 [44] DEBUG LTCPro.ServiceLayer.Log4net - ---Executing UserFacilityDrop() in FacilityService----
2022-11-18 07:04:25,155 [40] DEBUG LTCPro.ServiceLayer.Log4net - ---Executing GetUserToken() in UserService----
2022-11-18 07:04:25,160 [40] DEBUG LTCPro.ServiceLayer.Log4net - ---Executing GetCompanyToBedFlagByFacId() in FacilityController----
2022-11-18 07:04:25,160 [40] DEBUG LTCPro.ServiceLayer.Log4net - ---Executing GetCompanyToBedFlagByFacId() in FacilityService----
2022-11-18 07:04:25,161 [44] DEBUG LTCPro.ServiceLayer.Log4net - ---Executed Successfully UserFacilityDrop() in FacilityController----
2022-11-18 07:04:25,192 [40] DEBUG LTCPro.ServiceLayer.Log4net - ---Executed Successfully GetCompanyToBedFlagByFacId() in FacilityController----
2022-11-18 07:04:25,214 [44] DEBUG LTCPro.ServiceLayer.Log4net - ---Executing GetUserToken() in UserService----
2022-11-18 07:04:25,219 [44] DEBUG LTCPro.ServiceLayer.Log4net - ---Executing UserNurseStationDrop() in FacilityController----
2022-11-18 07:04:25,219 [44] DEBUG LTCPro.ServiceLayer.Log4net - ---Executing UserNurseStationDrop() in FacilityService----
2022-11-18 07:04:25,226 [44] DEBUG LTCPro.ServiceLayer.Log4net - ---Executed Successfully UserNurseStationDrop() in FacilityController----
2022-11-18 07:04:25,235 [40] DEBUG LTCPro.ServiceLayer.Log4net - ---Executing GetUserToken() in UserService----
2022-11-18 07:04:25,241 [40] DEBUG LTCPro.ServiceLayer.Log4net - ---Executing GetNurseStationHierarchyDetailsbyNsId() in CompanyController----
2022-11-18 07:04:25,241 [40] DEBUG LTCPro.ServiceLayer.Log4net - ---Executing GetNurseStationHierarchyDetailsbyNsId() in CompanyService----
2022-11-18 07:04:25,246 [40] DEBUG LTCPro.ServiceLayer.Log4net - ---Executed Successfully GetNurseStationHierarchyDetailsbyNsId() in CompanyController----
2022-11-18 07:04:34,169 [23] DEBUG LTCPro.ServiceLayer.Log4net - ---Executing GetUserToken() in UserService----
2022-11-18 07:04:34,176 [23] DEBUG LTCPro.ServiceLayer.Log4net - ---Executing InsertResidentVisitInfo() in AdminApprovalController----
2022-11-18 07:04:34,176 [23] DEBUG LTCPro.ServiceLayer.Log4net - ---Executing InsertResidentVisitInfo() in AdminApprovalService----
2022-11-18 07:04:34,307 [23] DEBUG LTCPro.ServiceLayer.Log4net - ---Executing GenerateOutboundFile() Discharge in AdminApprovalService----
2022-11-18 07:04:34,316 [23] DEBUG LTCPro.ServiceLayer.Log4net - ---Generating OutboundFile Discharge in AdminApprovalService----
2022-11-18 07:04:34,352 [23] DEBUG LTCPro.ServiceLayer.Log4net - ---Generated OutboundFile Download Start D:/Promantra/OutboundLive/Pending//Discharge_11182022053348.hl7 in AdminApprovalService----
2022-11-18 07:04:34,353 [23] DEBUG LTCPro.ServiceLayer.Log4net - ---Generated OutboundFile Download Completed D:/Promantra/OutboundLive/Pending//Discharge_11182022053348.hl7 in AdminApprovalService----
2022-11-18 07:04:34,353 [23] DEBUG LTCPro.ServiceLayer.Log4net - ---Executed GenerateOutboundFile() Discharge in AdminApprovalService----
2022-11-18 07:04:34,355 [23] DEBUG LTCPro.ServiceLayer.Log4net - ---Executed Successfully InsertResidentVisitInfo() in AdminApprovalController----
2022-11-18 07:04:34,392 [40] DEBUG LTCPro.ServiceLayer.Log4net - ---Executing GetUserToken() in UserService----
2022-11-18 07:04:34,398 [40] DEBUG LTCPro.ServiceLayer.Log4net - ---Executing GetApprovalFlag() in CompanyController----
2022-11-18 07:04:34,398 [40] DEBUG LTCPro.ServiceLayer.Log4net - ---Executing GetApprovalFlag() in CompanyService----
2022-11-18 07:04:34,471 [40] DEBUG LTCPro.ServiceLayer.Log4net - ---Executing GetUserToken() in UserService----
2022-11-18 07:04:34,472 [8] DEBUG LTCPro.ServiceLayer.Log4net - ---Executing GetUserToken() in UserService----
2022-11-18 07:04:34,478 [40] DEBUG LTCPro.ServiceLayer.Log4net - ---Executing GetResidentAdmitDischargeData() in ResidentDemographicController----
2022-11-18 07:04:34,478 [40] DEBUG LTCPro.ServiceLayer.Log4net - ---Executing GetResidentAdmitDischargeData() in ResidentDemographicService----
2022-11-18 07:04:34,478 [8] DEBUG LTCPro.ServiceLayer.Log4net - ---Executing GetFacilityNSResidentsDataByPId() in ResidentDemographicController----
2022-11-18 07:04:34,478 [8] DEBUG LTCPro.ServiceLayer.Log4net - ---Executing GetFacilityNSResidentsDataByPId() in ResidentDemographicService----
2022-11-18 07:04:34,484 [40] DEBUG LTCPro.ServiceLayer.Log4net - ---Executed Successfully GetResidentAdmitDischargeData() in ResidentDemographicController----
2022-11-18 07:04:34,521 [8] DEBUG LTCPro.ServiceLayer.Log4net - ---Executed Successfully GetFacilityNSResidentsDataByPId() in ResidentDemographicController----
2022-11-18 07:04:34,566 [23] DEBUG LTCPro.ServiceLayer.Log4net - ---Executing GetUserToken() in UserService----
2022-11-18 07:04:34,574 [23] DEBUG LTCPro.ServiceLayer.Log4net - ---Executing GetResidentInformation() in ResidentDemographicController----
2022-11-18 07:04:34,574 [23] DEBUG LTCPro.ServiceLayer.Log4net - ---Executing GetResidentInformation() in ResidentDemographicService----
2022-11-18 07:04:34,681 [23] DEBUG LTCPro.ServiceLayer.Log4net - ---Executed Successfully GetResidentInformation() in ResidentDemographicController----
2022-11-18 07:04:34,721 [21] DEBUG LTCPro.ServiceLayer.Log4net - ---Executing GetUserToken() in UserService----
2022-11-18 07:04:34,736 [44] DEBUG LTCPro.ServiceLayer.Log4net - ---Executing GetUserToken() in UserService----
2022-11-18 07:04:34,739 [21] DEBUG LTCPro.ServiceLayer.Log4net - ---Executing GetPatientTypeByID() in CommonController----
2022-11-18 07:04:34,739 [21] DEBUG LTCPro.ServiceLayer.Log4net - ---Executing GetPatientTypeDrop() in CommonService----
2022-11-18 07:04:34,742 [44] DEBUG LTCPro.ServiceLayer.Log4net - ---Executing GetResidentInformation() in ResidentDemographicController----
2022-11-18 07:04:34,742 [44] DEBUG LTCPro.ServiceLayer.Log4net - ---Executing GetResidentInformation() in ResidentDemographicService----
2022-11-18 07:04:34,748 [8] DEBUG LTCPro.ServiceLayer.Log4net - ---Executing GetUserToken() in UserService----
2022-11-18 07:04:34,755 [8] DEBUG LTCPro.ServiceLayer.Log4net - ---Executing GetResidentAdmitDischargeData() in ResidentDemographicController----
2022-11-18 07:04:34,755 [8] DEBUG LTCPro.ServiceLayer.Log4net - ---Executing GetResidentAdmitDischargeData() in ResidentDemographicService----
2022-11-18 07:04:34,763 [8] DEBUG LTCPro.ServiceLayer.Log4net - ---Executed Successfully GetResidentAdmitDischargeData() in ResidentDemographicController----
2022-11-18 07:04:34,770 [39] DEBUG LTCPro.ServiceLayer.Log4net - ---Executing GetUserToken() in UserService----
2022-11-18 07:04:34,779 [39] DEBUG LTCPro.ServiceLayer.Log4net - ---Executing GetResidentDiagnosisInfo() in ResidentDemographicController----
2022-11-18 07:04:34,779 [39] DEBUG LTCPro.ServiceLayer.Log4net - ---Executing GetResidentDiagnosisInfo() in DiagnosisInfoService----
2022-11-18 07:04:34,785 [23] DEBUG LTCPro.ServiceLayer.Log4net - ---Executing GetUserToken() in UserService----
2022-11-18 07:04:34,787 [39] DEBUG LTCPro.ServiceLayer.Log4net - ---Executed Successfully GetResidentDiagnosisInfo() in ResidentDemographicController----
2022-11-18 07:04:34,790 [21] DEBUG LTCPro.ServiceLayer.Log4net - ---Executed Successfully GetPatientTypeDrop() in CommonController----
2022-11-18 07:04:34,797 [23] DEBUG LTCPro.ServiceLayer.Log4net - ---Executing GetResidentAllergies() in ResidentDemographicController----
2022-11-18 07:04:34,797 [23] DEBUG LTCPro.ServiceLayer.Log4net - ---Executing GetResidentAllergies() in AllergyInfoService----
2022-11-18 07:04:34,805 [23] DEBUG LTCPro.ServiceLayer.Log4net - ---Executed Successfully GetResidentAllergies() in ResidentDemographicController----
2022-11-18 07:04:34,919 [39] DEBUG LTCPro.ServiceLayer.Log4net - ---Executing GetUserToken() in UserService----
2022-11-18 07:04:34,924 [39] DEBUG LTCPro.ServiceLayer.Log4net - ---Executing GetAllPatientTypesByPId() in ResidentDemographicController----
2022-11-18 07:04:34,924 [39] DEBUG LTCPro.ServiceLayer.Log4net - ---Executing GetAllPatientTypesByPId() in EmarService----
2022-11-18 07:04:34,928 [39] DEBUG LTCPro.ServiceLayer.Log4net - ---Executed Successfully GetAllPatientTypesByPId() in ResidentDemographicController----
2022-11-18 07:04:34,944 [44] DEBUG LTCPro.ServiceLayer.Log4net - ---Executed Successfully GetResidentInformation() in ResidentDemographicController----
2022-11-18 07:04:38,919 [23] DEBUG LTCPro.ServiceLayer.Log4net - ---Executing GetUserToken() in UserService----
2022-11-18 07:04:38,925 [23] DEBUG LTCPro.ServiceLayer.Log4net - ---Executing PatientReAdmission() in AdminApprovalController----
2022-11-18 07:04:38,925 [23] DEBUG LTCPro.ServiceLayer.Log4net - ---Executing PatientReAdmission() in AdminApprovalService----
2022-11-18 07:04:39,027 [23] DEBUG LTCPro.ServiceLayer.Log4net - ---Executing GenerateOutboundFile() NewResident in AdminApprovalService----
2022-11-18 07:04:39,036 [23] DEBUG LTCPro.ServiceLayer.Log4net - ---Generating OutboundFile NewResident in AdminApprovalService----
2022-11-18 07:04:39,066 [23] DEBUG LTCPro.ServiceLayer.Log4net - ---Generated OutboundFile Download Start D:/Promantra/OutboundLive/Pending//NewResident_11182022053353.hl7 in AdminApprovalService----
2022-11-18 07:04:39,079 [23] DEBUG LTCPro.ServiceLayer.Log4net - ---Generated OutboundFile Download Completed D:/Promantra/OutboundLive/Pending//NewResident_11182022053353.hl7 in AdminApprovalService----
2022-11-18 07:04:39,079 [23] DEBUG LTCPro.ServiceLayer.Log4net - ---Executed GenerateOutboundFile() NewResident in AdminApprovalService----
2022-11-18 07:04:39,082 [23] DEBUG LTCPro.ServiceLayer.Log4net - ---Executed Successfully PatientReAdmission() in AdminApprovalController----
2022-11-18 07:04:39,124 [37] DEBUG LTCPro.ServiceLayer.Log4net - ---Executing GetUserToken() in UserService----
2022-11-18 07:04:39,130 [37] DEBUG LTCPro.ServiceLayer.Log4net - ---Executing GetResidentInformation() in ResidentDemographicController----
2022-11-18 07:04:39,130 [37] DEBUG LTCPro.ServiceLayer.Log4net - ---Executing GetResidentInformation() in ResidentDemographicService----
2022-11-18 07:04:39,247 [37] DEBUG LTCPro.ServiceLayer.Log4net - ---Executed Successfully GetResidentInformation() in ResidentDemographicController----
2022-11-18 07:04:39,271 [21] DEBUG LTCPro.ServiceLayer.Log4net - ---Executing GetUserToken() in UserService----
2022-11-18 07:04:39,282 [21] DEBUG LTCPro.ServiceLayer.Log4net - ---Executing GetPatientTypeByID() in CommonController----
2022-11-18 07:04:39,282 [21] DEBUG LTCPro.ServiceLayer.Log4net - ---Executing GetPatientTypeDrop() in CommonService----
2022-11-18 07:04:39,311 [39] DEBUG LTCPro.ServiceLayer.Log4net - ---Executing GetUserToken() in UserService----
2022-11-18 07:04:39,312 [40] DEBUG LTCPro.ServiceLayer.Log4net - ---Executing GetUserToken() in UserService----
2022-11-18 07:04:39,318 [39] DEBUG LTCPro.ServiceLayer.Log4net - ---Executing GetResidentAllergies() in ResidentDemographicController----
2022-11-18 07:04:39,318 [39] DEBUG LTCPro.ServiceLayer.Log4net - ---Executing GetResidentAllergies() in AllergyInfoService----
2022-11-18 07:04:39,321 [40] DEBUG LTCPro.ServiceLayer.Log4net - ---Executing GetResidentAdmitDischargeData() in ResidentDemographicController----
2022-11-18 07:04:39,321 [40] DEBUG LTCPro.ServiceLayer.Log4net - ---Executing GetResidentAdmitDischargeData() in ResidentDemographicService----
2022-11-18 07:04:39,322 [23] DEBUG LTCPro.ServiceLayer.Log4net - ---Executing GetUserToken() in UserService----
2022-11-18 07:04:39,325 [39] DEBUG LTCPro.ServiceLayer.Log4net - ---Executed Successfully GetResidentAllergies() in ResidentDemographicController----
2022-11-18 07:04:39,329 [23] DEBUG LTCPro.ServiceLayer.Log4net - ---Executing GetResidentInformation() in ResidentDemographicController----
2022-11-18 07:04:39,329 [23] DEBUG LTCPro.ServiceLayer.Log4net - ---Executing GetResidentInformation() in ResidentDemographicService----
2022-11-18 07:04:39,336 [21] DEBUG LTCPro.ServiceLayer.Log4net - ---Executed Successfully GetPatientTypeDrop() in CommonController----
2022-11-18 07:04:39,340 [38] DEBUG LTCPro.ServiceLayer.Log4net - ---Executing GetUserToken() in UserService----
2022-11-18 07:04:39,342 [40] DEBUG LTCPro.ServiceLayer.Log4net - ---Executed Successfully GetResidentAdmitDischargeData() in ResidentDemographicController----
2022-11-18 07:04:39,347 [38] DEBUG LTCPro.ServiceLayer.Log4net - ---Executing GetResidentDiagnosisInfo() in ResidentDemographicController----
2022-11-18 07:04:39,347 [38] DEBUG LTCPro.ServiceLayer.Log4net - ---Executing GetResidentDiagnosisInfo() in DiagnosisInfoService----
2022-11-18 07:04:39,352 [38] DEBUG LTCPro.ServiceLayer.Log4net - ---Executed Successfully GetResidentDiagnosisInfo() in ResidentDemographicController----
2022-11-18 07:04:39,393 [37] DEBUG LTCPro.ServiceLayer.Log4net - ---Executing GetUserToken() in UserService----
2022-11-18 07:04:39,399 [37] DEBUG LTCPro.ServiceLayer.Log4net - ---Executing GetAllPatientTypesByPId() in ResidentDemographicController----
2022-11-18 07:04:39,400 [37] DEBUG LTCPro.ServiceLayer.Log4net - ---Executing GetAllPatientTypesByPId() in EmarService----
2022-11-18 07:04:39,406 [37] DEBUG LTCPro.ServiceLayer.Log4net - ---Executed Successfully GetAllPatientTypesByPId() in ResidentDemographicController----
2022-11-18 07:04:39,480 [23] DEBUG LTCPro.ServiceLayer.Log4net - ---Executed Successfully GetResidentInformation() in ResidentDemographicController----
2022-11-18 07:04:41,062 [21] DEBUG LTCPro.ServiceLayer.Log4net - ---Executing GetUserToken() in UserService----
2022-11-18 07:04:41,068 [21] DEBUG LTCPro.ServiceLayer.Log4net - ---Executing GetOutboundHLSevenConfigs() in HLSevenSegmentController----
2022-11-18 07:04:41,068 [21] DEBUG LTCPro.ServiceLayer.Log4net - ---Executing GetOutboundHLSevenConfigs() in HLSevenSegmentService----
2022-11-18 07:04:41,076 [21] DEBUG LTCPro.ServiceLayer.Log4net - ---Executed Successfully GetOutboundHLSevenConfigs() in HLSevenSegmentController----
2022-11-18 07:04:41,104 [21] DEBUG LTCPro.ServiceLayer.Log4net - ---Executing GetUserToken() in UserService----
2022-11-18 07:04:41,110 [21] DEBUG LTCPro.ServiceLayer.Log4net - ---Executing UserFacilityDrop() in FacilityController----
2022-11-18 07:04:41,110 [21] DEBUG LTCPro.ServiceLayer.Log4net - ---Executing UserFacilityDrop() in FacilityService----
2022-11-18 07:04:41,115 [21] DEBUG LTCPro.ServiceLayer.Log4net - ---Executed Successfully UserFacilityDrop() in FacilityController----
2022-11-18 07:04:41,131 [23] DEBUG LTCPro.ServiceLayer.Log4net - ---Executing GetUserToken() in UserService----
2022-11-18 07:04:41,137 [23] DEBUG LTCPro.ServiceLayer.Log4net - ---Executing GetResidentAdmitvisitInfoData() in ResidentDemographicController----
2022-11-18 07:04:41,137 [23] DEBUG LTCPro.ServiceLayer.Log4net - ---Executing  VisitInfoEntity()  in GetResidentAdmitvisitInfoData----
2022-11-18 07:04:41,152 [23] DEBUG LTCPro.ServiceLayer.Log4net - ---Executed Successfully GetResidentAdmitvisitInfoData() in ResidentDemographicController----
2022-11-18 07:04:41,170 [21] DEBUG LTCPro.ServiceLayer.Log4net - ---Executing GetUserToken() in UserService----
2022-11-18 07:04:41,172 [8] DEBUG LTCPro.ServiceLayer.Log4net - ---Executing GetUserToken() in UserService----
2022-11-18 07:04:41,176 [21] DEBUG LTCPro.ServiceLayer.Log4net - ---Executing UserFacilityDrop() in FacilityController----
2022-11-18 07:04:41,177 [21] DEBUG LTCPro.ServiceLayer.Log4net - ---Executing UserFacilityDrop() in FacilityService----
2022-11-18 07:04:41,178 [8] DEBUG LTCPro.ServiceLayer.Log4net - ---Executing GetCompanyToBedFlagByFacId() in FacilityController----
2022-11-18 07:04:41,178 [8] DEBUG LTCPro.ServiceLayer.Log4net - ---Executing GetCompanyToBedFlagByFacId() in FacilityService----
2022-11-18 07:04:41,208 [21] DEBUG LTCPro.ServiceLayer.Log4net - ---Executed Successfully UserFacilityDrop() in FacilityController----
2022-11-18 07:04:41,238 [8] DEBUG LTCPro.ServiceLayer.Log4net - ---Executed Successfully GetCompanyToBedFlagByFacId() in FacilityController----
2022-11-18 07:04:41,257 [21] DEBUG LTCPro.ServiceLayer.Log4net - ---Executing GetUserToken() in UserService----
2022-11-18 07:04:41,263 [21] DEBUG LTCPro.ServiceLayer.Log4net - ---Executing UserNurseStationDrop() in FacilityController----
2022-11-18 07:04:41,263 [21] DEBUG LTCPro.ServiceLayer.Log4net - ---Executing UserNurseStationDrop() in FacilityService----
2022-11-18 07:04:41,269 [21] DEBUG LTCPro.ServiceLayer.Log4net - ---Executed Successfully UserNurseStationDrop() in FacilityController----
2022-11-18 07:04:41,278 [44] DEBUG LTCPro.ServiceLayer.Log4net - ---Executing GetUserToken() in UserService----
2022-11-18 07:04:41,283 [44] DEBUG LTCPro.ServiceLayer.Log4net - ---Executing GetNurseStationHierarchyDetailsbyNsId() in CompanyController----
2022-11-18 07:04:41,283 [44] DEBUG LTCPro.ServiceLayer.Log4net - ---Executing GetNurseStationHierarchyDetailsbyNsId() in CompanyService----
2022-11-18 07:04:41,289 [44] DEBUG LTCPro.ServiceLayer.Log4net - ---Executed Successfully GetNurseStationHierarchyDetailsbyNsId() in CompanyController----
2022-11-18 07:04:55,919 [21] DEBUG LTCPro.ServiceLayer.Log4net - ---Executing GetUserToken() in UserService----
2022-11-18 07:04:55,926 [21] DEBUG LTCPro.ServiceLayer.Log4net - ---Executing InsertResidentVisitInfo() in AdminApprovalController----
2022-11-18 07:04:55,926 [21] DEBUG LTCPro.ServiceLayer.Log4net - ---Executing InsertResidentVisitInfo() in AdminApprovalService----
2022-11-18 07:04:56,041 [21] DEBUG LTCPro.ServiceLayer.Log4net - ---Executing GenerateOutboundFile() Discharge in AdminApprovalService----
2022-11-18 07:04:56,049 [21] DEBUG LTCPro.ServiceLayer.Log4net - ---Generating OutboundFile Discharge in AdminApprovalService----
2022-11-18 07:04:56,081 [21] DEBUG LTCPro.ServiceLayer.Log4net - ---Generated OutboundFile Download Start D:/Promantra/OutboundLive/Pending//Discharge_11182022053410.hl7 in AdminApprovalService----
2022-11-18 07:04:56,082 [21] DEBUG LTCPro.ServiceLayer.Log4net - ---Generated OutboundFile Download Completed D:/Promantra/OutboundLive/Pending//Discharge_11182022053410.hl7 in AdminApprovalService----
2022-11-18 07:04:56,082 [21] DEBUG LTCPro.ServiceLayer.Log4net - ---Executed GenerateOutboundFile() Discharge in AdminApprovalService----
2022-11-18 07:04:56,084 [21] DEBUG LTCPro.ServiceLayer.Log4net - ---Executed Successfully InsertResidentVisitInfo() in AdminApprovalController----
2022-11-18 07:04:56,121 [40] DEBUG LTCPro.ServiceLayer.Log4net - ---Executing GetUserToken() in UserService----
2022-11-18 07:04:56,127 [40] DEBUG LTCPro.ServiceLayer.Log4net - ---Executing GetApprovalFlag() in CompanyController----
2022-11-18 07:04:56,127 [40] DEBUG LTCPro.ServiceLayer.Log4net - ---Executing GetApprovalFlag() in CompanyService----
2022-11-18 07:04:56,195 [8] DEBUG LTCPro.ServiceLayer.Log4net - ---Executing GetUserToken() in UserService----
2022-11-18 07:04:56,195 [21] DEBUG LTCPro.ServiceLayer.Log4net - ---Executing GetUserToken() in UserService----
2022-11-18 07:04:56,202 [8] DEBUG LTCPro.ServiceLayer.Log4net - ---Executing GetResidentAdmitDischargeData() in ResidentDemographicController----
2022-11-18 07:04:56,202 [8] DEBUG LTCPro.ServiceLayer.Log4net - ---Executing GetResidentAdmitDischargeData() in ResidentDemographicService----
2022-11-18 07:04:56,202 [21] DEBUG LTCPro.ServiceLayer.Log4net - ---Executing GetFacilityNSResidentsDataByPId() in ResidentDemographicController----
2022-11-18 07:04:56,202 [21] DEBUG LTCPro.ServiceLayer.Log4net - ---Executing GetFacilityNSResidentsDataByPId() in ResidentDemographicService----
2022-11-18 07:04:56,209 [8] DEBUG LTCPro.ServiceLayer.Log4net - ---Executed Successfully GetResidentAdmitDischargeData() in ResidentDemographicController----
2022-11-18 07:04:56,240 [21] DEBUG LTCPro.ServiceLayer.Log4net - ---Executed Successfully GetFacilityNSResidentsDataByPId() in ResidentDemographicController----
2022-11-18 07:04:56,296 [40] DEBUG LTCPro.ServiceLayer.Log4net - ---Executing GetUserToken() in UserService----
2022-11-18 07:04:56,301 [40] DEBUG LTCPro.ServiceLayer.Log4net - ---Executing GetResidentInformation() in ResidentDemographicController----
2022-11-18 07:04:56,301 [40] DEBUG LTCPro.ServiceLayer.Log4net - ---Executing GetResidentInformation() in ResidentDemographicService----
2022-11-18 07:04:56,405 [40] DEBUG LTCPro.ServiceLayer.Log4net - ---Executed Successfully GetResidentInformation() in ResidentDemographicController----
2022-11-18 07:04:56,434 [21] DEBUG LTCPro.ServiceLayer.Log4net - ---Executing GetUserToken() in UserService----
2022-11-18 07:04:56,442 [21] DEBUG LTCPro.ServiceLayer.Log4net - ---Executing GetPatientTypeByID() in CommonController----
2022-11-18 07:04:56,442 [21] DEBUG LTCPro.ServiceLayer.Log4net - ---Executing GetPatientTypeDrop() in CommonService----
2022-11-18 07:04:56,462 [23] DEBUG LTCPro.ServiceLayer.Log4net - ---Executing GetUserToken() in UserService----
2022-11-18 07:04:56,468 [23] DEBUG LTCPro.ServiceLayer.Log4net - ---Executing GetResidentInformation() in ResidentDemographicController----
2022-11-18 07:04:56,468 [23] DEBUG LTCPro.ServiceLayer.Log4net - ---Executing GetResidentInformation() in ResidentDemographicService----
2022-11-18 07:04:56,484 [8] DEBUG LTCPro.ServiceLayer.Log4net - ---Executing GetUserToken() in UserService----
2022-11-18 07:04:56,485 [21] DEBUG LTCPro.ServiceLayer.Log4net - ---Executed Successfully GetPatientTypeDrop() in CommonController----
2022-11-18 07:04:56,487 [39] DEBUG LTCPro.ServiceLayer.Log4net - ---Executing GetUserToken() in UserService----
2022-11-18 07:04:56,496 [8] DEBUG LTCPro.ServiceLayer.Log4net - ---Executing GetResidentDiagnosisInfo() in ResidentDemographicController----
2022-11-18 07:04:56,496 [8] DEBUG LTCPro.ServiceLayer.Log4net - ---Executing GetResidentDiagnosisInfo() in DiagnosisInfoService----
2022-11-18 07:04:56,502 [39] DEBUG LTCPro.ServiceLayer.Log4net - ---Executing GetResidentAllergies() in ResidentDemographicController----
2022-11-18 07:04:56,502 [39] DEBUG LTCPro.ServiceLayer.Log4net - ---Executing GetResidentAllergies() in AllergyInfoService----
2022-11-18 07:04:56,502 [8] DEBUG LTCPro.ServiceLayer.Log4net - ---Executed Successfully GetResidentDiagnosisInfo() in ResidentDemographicController----
2022-11-18 07:04:56,511 [40] DEBUG LTCPro.ServiceLayer.Log4net - ---Executing GetUserToken() in UserService----
2022-11-18 07:04:56,511 [39] DEBUG LTCPro.ServiceLayer.Log4net - ---Executed Successfully GetResidentAllergies() in ResidentDemographicController----
2022-11-18 07:04:56,523 [40] DEBUG LTCPro.ServiceLayer.Log4net - ---Executing GetResidentAdmitDischargeData() in ResidentDemographicController----
2022-11-18 07:04:56,523 [40] DEBUG LTCPro.ServiceLayer.Log4net - ---Executing GetResidentAdmitDischargeData() in ResidentDemographicService----
2022-11-18 07:04:56,530 [40] DEBUG LTCPro.ServiceLayer.Log4net - ---Executed Successfully GetResidentAdmitDischargeData() in ResidentDemographicController----
2022-11-18 07:04:56,569 [8] DEBUG LTCPro.ServiceLayer.Log4net - ---Executing GetUserToken() in UserService----
2022-11-18 07:04:56,573 [8] DEBUG LTCPro.ServiceLayer.Log4net - ---Executing GetAllPatientTypesByPId() in ResidentDemographicController----
2022-11-18 07:04:56,574 [8] DEBUG LTCPro.ServiceLayer.Log4net - ---Executing GetAllPatientTypesByPId() in EmarService----
2022-11-18 07:04:56,578 [8] DEBUG LTCPro.ServiceLayer.Log4net - ---Executed Successfully GetAllPatientTypesByPId() in ResidentDemographicController----
2022-11-18 07:04:56,617 [23] DEBUG LTCPro.ServiceLayer.Log4net - ---Executed Successfully GetResidentInformation() in ResidentDemographicController----
2022-11-18 07:04:59,353 [40] DEBUG LTCPro.ServiceLayer.Log4net - ---Executing GetUserToken() in UserService----
2022-11-18 07:04:59,359 [40] DEBUG LTCPro.ServiceLayer.Log4net - ---Executing GetOutboundHLSevenConfigs() in HLSevenSegmentController----
2022-11-18 07:04:59,360 [40] DEBUG LTCPro.ServiceLayer.Log4net - ---Executing GetOutboundHLSevenConfigs() in HLSevenSegmentService----
2022-11-18 07:04:59,375 [40] DEBUG LTCPro.ServiceLayer.Log4net - ---Executed Successfully GetOutboundHLSevenConfigs() in HLSevenSegmentController----
2022-11-18 07:04:59,399 [40] DEBUG LTCPro.ServiceLayer.Log4net - ---Executing GetUserToken() in UserService----
2022-11-18 07:04:59,405 [40] DEBUG LTCPro.ServiceLayer.Log4net - ---Executing UserFacilityDrop() in FacilityController----
2022-11-18 07:04:59,405 [40] DEBUG LTCPro.ServiceLayer.Log4net - ---Executing UserFacilityDrop() in FacilityService----
2022-11-18 07:04:59,410 [40] DEBUG LTCPro.ServiceLayer.Log4net - ---Executed Successfully UserFacilityDrop() in FacilityController----
2022-11-18 07:04:59,430 [23] DEBUG LTCPro.ServiceLayer.Log4net - ---Executing GetUserToken() in UserService----
2022-11-18 07:04:59,435 [23] DEBUG LTCPro.ServiceLayer.Log4net - ---Executing GetResidentAdmitvisitInfoData() in ResidentDemographicController----
2022-11-18 07:04:59,435 [23] DEBUG LTCPro.ServiceLayer.Log4net - ---Executing  VisitInfoEntity()  in GetResidentAdmitvisitInfoData----
2022-11-18 07:04:59,447 [23] DEBUG LTCPro.ServiceLayer.Log4net - ---Executed Successfully GetResidentAdmitvisitInfoData() in ResidentDemographicController----
2022-11-18 07:04:59,465 [23] DEBUG LTCPro.ServiceLayer.Log4net - ---Executing GetUserToken() in UserService----
2022-11-18 07:04:59,467 [39] DEBUG LTCPro.ServiceLayer.Log4net - ---Executing GetUserToken() in UserService----
2022-11-18 07:04:59,470 [23] DEBUG LTCPro.ServiceLayer.Log4net - ---Executing UserFacilityDrop() in FacilityController----
2022-11-18 07:04:59,471 [23] DEBUG LTCPro.ServiceLayer.Log4net - ---Executing UserFacilityDrop() in FacilityService----
2022-11-18 07:04:59,473 [39] DEBUG LTCPro.ServiceLayer.Log4net - ---Executing GetCompanyToBedFlagByFacId() in FacilityController----
2022-11-18 07:04:59,473 [39] DEBUG LTCPro.ServiceLayer.Log4net - ---Executing GetCompanyToBedFlagByFacId() in FacilityService----
2022-11-18 07:04:59,475 [23] DEBUG LTCPro.ServiceLayer.Log4net - ---Executed Successfully UserFacilityDrop() in FacilityController----
2022-11-18 07:04:59,503 [39] DEBUG LTCPro.ServiceLayer.Log4net - ---Executed Successfully GetCompanyToBedFlagByFacId() in FacilityController----
2022-11-18 07:04:59,605 [39] DEBUG LTCPro.ServiceLayer.Log4net - ---Executing GetUserToken() in UserService----
2022-11-18 07:04:59,611 [39] DEBUG LTCPro.ServiceLayer.Log4net - ---Executing UserNurseStationDrop() in FacilityController----
2022-11-18 07:04:59,611 [39] DEBUG LTCPro.ServiceLayer.Log4net - ---Executing UserNurseStationDrop() in FacilityService----
2022-11-18 07:04:59,618 [39] DEBUG LTCPro.ServiceLayer.Log4net - ---Executed Successfully UserNurseStationDrop() in FacilityController----
2022-11-18 07:04:59,627 [21] DEBUG LTCPro.ServiceLayer.Log4net - ---Executing GetUserToken() in UserService----
2022-11-18 07:04:59,633 [21] DEBUG LTCPro.ServiceLayer.Log4net - ---Executing GetNurseStationHierarchyDetailsbyNsId() in CompanyController----
2022-11-18 07:04:59,633 [21] DEBUG LTCPro.ServiceLayer.Log4net - ---Executing GetNurseStationHierarchyDetailsbyNsId() in CompanyService----
2022-11-18 07:04:59,639 [21] DEBUG LTCPro.ServiceLayer.Log4net - ---Executed Successfully GetNurseStationHierarchyDetailsbyNsId() in CompanyController----
2022-11-18 07:05:12,882 [23] DEBUG LTCPro.ServiceLayer.Log4net - ---Executing GetUserToken() in UserService----
2022-11-18 07:05:12,888 [23] DEBUG LTCPro.ServiceLayer.Log4net - ---Executing PatientReAdmission() in AdminApprovalController----
2022-11-18 07:05:12,888 [23] DEBUG LTCPro.ServiceLayer.Log4net - ---Executing PatientReAdmission() in AdminApprovalService----
2022-11-18 07:05:12,981 [23] DEBUG LTCPro.ServiceLayer.Log4net - ---Executing GenerateOutboundFile() NewResident in AdminApprovalService----
2022-11-18 07:05:12,991 [23] DEBUG LTCPro.ServiceLayer.Log4net - ---Generating OutboundFile NewResident in AdminApprovalService----
2022-11-18 07:05:13,022 [23] DEBUG LTCPro.ServiceLayer.Log4net - ---Generated OutboundFile Download Start D:/Promantra/OutboundLive/Pending//NewResident_11182022053426.hl7 in AdminApprovalService----
2022-11-18 07:05:13,034 [23] DEBUG LTCPro.ServiceLayer.Log4net - ---Generated OutboundFile Download Completed D:/Promantra/OutboundLive/Pending//NewResident_11182022053426.hl7 in AdminApprovalService----
2022-11-18 07:05:13,034 [23] DEBUG LTCPro.ServiceLayer.Log4net - ---Executed GenerateOutboundFile() NewResident in AdminApprovalService----
2022-11-18 07:05:13,036 [23] DEBUG LTCPro.ServiceLayer.Log4net - ---Executed Successfully PatientReAdmission() in AdminApprovalController----
2022-11-18 07:05:13,095 [38] DEBUG LTCPro.ServiceLayer.Log4net - ---Executing GetUserToken() in UserService----
2022-11-18 07:05:13,101 [38] DEBUG LTCPro.ServiceLayer.Log4net - ---Executing GetResidentInformation() in ResidentDemographicController----
2022-11-18 07:05:13,101 [38] DEBUG LTCPro.ServiceLayer.Log4net - ---Executing GetResidentInformation() in ResidentDemographicService----
2022-11-18 07:05:13,218 [38] DEBUG LTCPro.ServiceLayer.Log4net - ---Executed Successfully GetResidentInformation() in ResidentDemographicController----
2022-11-18 07:05:13,256 [44] DEBUG LTCPro.ServiceLayer.Log4net - ---Executing GetUserToken() in UserService----
2022-11-18 07:05:13,264 [44] DEBUG LTCPro.ServiceLayer.Log4net - ---Executing GetPatientTypeByID() in CommonController----
2022-11-18 07:05:13,264 [44] DEBUG LTCPro.ServiceLayer.Log4net - ---Executing GetPatientTypeDrop() in CommonService----
2022-11-18 07:05:13,285 [23] DEBUG LTCPro.ServiceLayer.Log4net - ---Executing GetUserToken() in UserService----
2022-11-18 07:05:13,289 [39] DEBUG LTCPro.ServiceLayer.Log4net - ---Executing GetUserToken() in UserService----
2022-11-18 07:05:13,296 [23] DEBUG LTCPro.ServiceLayer.Log4net - ---Executing GetResidentInformation() in ResidentDemographicController----
2022-11-18 07:05:13,296 [23] DEBUG LTCPro.ServiceLayer.Log4net - ---Executing GetResidentInformation() in ResidentDemographicService----
2022-11-18 07:05:13,308 [38] DEBUG LTCPro.ServiceLayer.Log4net - ---Executing GetUserToken() in UserService----
2022-11-18 07:05:13,309 [39] DEBUG LTCPro.ServiceLayer.Log4net - ---Executing GetResidentAdmitDischargeData() in ResidentDemographicController----
2022-11-18 07:05:13,309 [39] DEBUG LTCPro.ServiceLayer.Log4net - ---Executing GetResidentAdmitDischargeData() in ResidentDemographicService----
2022-11-18 07:05:13,316 [38] DEBUG LTCPro.ServiceLayer.Log4net - ---Executing GetResidentAllergies() in ResidentDemographicController----
2022-11-18 07:05:13,316 [38] DEBUG LTCPro.ServiceLayer.Log4net - ---Executing GetResidentAllergies() in AllergyInfoService----
2022-11-18 07:05:13,317 [39] DEBUG LTCPro.ServiceLayer.Log4net - ---Executed Successfully GetResidentAdmitDischargeData() in ResidentDemographicController----
2022-11-18 07:05:13,325 [32] DEBUG LTCPro.ServiceLayer.Log4net - ---Executing GetUserToken() in UserService----
2022-11-18 07:05:13,333 [44] DEBUG LTCPro.ServiceLayer.Log4net - ---Executed Successfully GetPatientTypeDrop() in CommonController----
2022-11-18 07:05:13,341 [38] DEBUG LTCPro.ServiceLayer.Log4net - ---Executed Successfully GetResidentAllergies() in ResidentDemographicController----
2022-11-18 07:05:13,343 [32] DEBUG LTCPro.ServiceLayer.Log4net - ---Executing GetResidentDiagnosisInfo() in ResidentDemographicController----
2022-11-18 07:05:13,344 [32] DEBUG LTCPro.ServiceLayer.Log4net - ---Executing GetResidentDiagnosisInfo() in DiagnosisInfoService----
2022-11-18 07:05:13,376 [32] DEBUG LTCPro.ServiceLayer.Log4net - ---Executed Successfully GetResidentDiagnosisInfo() in ResidentDemographicController----
2022-11-18 07:05:13,422 [21] DEBUG LTCPro.ServiceLayer.Log4net - ---Executing GetUserToken() in UserService----
2022-11-18 07:05:13,427 [21] DEBUG LTCPro.ServiceLayer.Log4net - ---Executing GetAllPatientTypesByPId() in ResidentDemographicController----
2022-11-18 07:05:13,428 [21] DEBUG LTCPro.ServiceLayer.Log4net - ---Executing GetAllPatientTypesByPId() in EmarService----
2022-11-18 07:05:13,434 [21] DEBUG LTCPro.ServiceLayer.Log4net - ---Executed Successfully GetAllPatientTypesByPId() in ResidentDemographicController----
2022-11-18 07:05:13,463 [23] DEBUG LTCPro.ServiceLayer.Log4net - ---Executed Successfully GetResidentInformation() in ResidentDemographicController----
2022-11-18 07:05:15,801 [23] DEBUG LTCPro.ServiceLayer.Log4net - ---Executing GetUserToken() in UserService----
2022-11-18 07:05:15,808 [23] DEBUG LTCPro.ServiceLayer.Log4net - ---Executing GetOutboundHLSevenConfigs() in HLSevenSegmentController----
2022-11-18 07:05:15,808 [23] DEBUG LTCPro.ServiceLayer.Log4net - ---Executing GetOutboundHLSevenConfigs() in HLSevenSegmentService----
2022-11-18 07:05:15,816 [23] DEBUG LTCPro.ServiceLayer.Log4net - ---Executed Successfully GetOutboundHLSevenConfigs() in HLSevenSegmentController----
2022-11-18 07:05:15,848 [23] DEBUG LTCPro.ServiceLayer.Log4net - ---Executing GetUserToken() in UserService----
2022-11-18 07:05:15,855 [23] DEBUG LTCPro.ServiceLayer.Log4net - ---Executing UserFacilityDrop() in FacilityController----
2022-11-18 07:05:15,855 [23] DEBUG LTCPro.ServiceLayer.Log4net - ---Executing UserFacilityDrop() in FacilityService----
2022-11-18 07:05:15,861 [23] DEBUG LTCPro.ServiceLayer.Log4net - ---Executed Successfully UserFacilityDrop() in FacilityController----
2022-11-18 07:05:15,879 [38] DEBUG LTCPro.ServiceLayer.Log4net - ---Executing GetUserToken() in UserService----
2022-11-18 07:05:15,885 [38] DEBUG LTCPro.ServiceLayer.Log4net - ---Executing GetResidentAdmitvisitInfoData() in ResidentDemographicController----
2022-11-18 07:05:15,885 [38] DEBUG LTCPro.ServiceLayer.Log4net - ---Executing  VisitInfoEntity()  in GetResidentAdmitvisitInfoData----
2022-11-18 07:05:15,900 [38] DEBUG LTCPro.ServiceLayer.Log4net - ---Executed Successfully GetResidentAdmitvisitInfoData() in ResidentDemographicController----
2022-11-18 07:05:15,921 [23] DEBUG LTCPro.ServiceLayer.Log4net - ---Executing GetUserToken() in UserService----
2022-11-18 07:05:15,924 [21] DEBUG LTCPro.ServiceLayer.Log4net - ---Executing GetUserToken() in UserService----
2022-11-18 07:05:15,928 [23] DEBUG LTCPro.ServiceLayer.Log4net - ---Executing UserFacilityDrop() in FacilityController----
2022-11-18 07:05:15,928 [23] DEBUG LTCPro.ServiceLayer.Log4net - ---Executing UserFacilityDrop() in FacilityService----
2022-11-18 07:05:15,929 [21] DEBUG LTCPro.ServiceLayer.Log4net - ---Executing GetCompanyToBedFlagByFacId() in FacilityController----
2022-11-18 07:05:15,929 [21] DEBUG LTCPro.ServiceLayer.Log4net - ---Executing GetCompanyToBedFlagByFacId() in FacilityService----
2022-11-18 07:05:15,933 [23] DEBUG LTCPro.ServiceLayer.Log4net - ---Executed Successfully UserFacilityDrop() in FacilityController----
2022-11-18 07:05:15,962 [21] DEBUG LTCPro.ServiceLayer.Log4net - ---Executed Successfully GetCompanyToBedFlagByFacId() in FacilityController----
2022-11-18 07:05:15,983 [21] DEBUG LTCPro.ServiceLayer.Log4net - ---Executing GetUserToken() in UserService----
2022-11-18 07:05:15,989 [21] DEBUG LTCPro.ServiceLayer.Log4net - ---Executing UserNurseStationDrop() in FacilityController----
2022-11-18 07:05:15,990 [21] DEBUG LTCPro.ServiceLayer.Log4net - ---Executing UserNurseStationDrop() in FacilityService----
2022-11-18 07:05:15,996 [21] DEBUG LTCPro.ServiceLayer.Log4net - ---Executed Successfully UserNurseStationDrop() in FacilityController----
2022-11-18 07:05:16,002 [32] DEBUG LTCPro.ServiceLayer.Log4net - ---Executing GetUserToken() in UserService----
2022-11-18 07:05:16,008 [32] DEBUG LTCPro.ServiceLayer.Log4net - ---Executing GetNurseStationHierarchyDetailsbyNsId() in CompanyController----
2022-11-18 07:05:16,008 [32] DEBUG LTCPro.ServiceLayer.Log4net - ---Executing GetNurseStationHierarchyDetailsbyNsId() in CompanyService----
2022-11-18 07:05:16,013 [32] DEBUG LTCPro.ServiceLayer.Log4net - ---Executed Successfully GetNurseStationHierarchyDetailsbyNsId() in CompanyController----
2022-11-18 07:05:48,293 [23] DEBUG LTCPro.ServiceLayer.Log4net - ---Executing GetUserToken() in UserService----
2022-11-18 07:05:48,298 [23] DEBUG LTCPro.ServiceLayer.Log4net - ---Executing InsertResidentVisitInfo() in AdminApprovalController----
2022-11-18 07:05:48,299 [23] DEBUG LTCPro.ServiceLayer.Log4net - ---Executing InsertResidentVisitInfo() in AdminApprovalService----
2022-11-18 07:05:48,412 [23] DEBUG LTCPro.ServiceLayer.Log4net - ---Executing GenerateOutboundFile() Discharge in AdminApprovalService----
2022-11-18 07:05:48,420 [23] DEBUG LTCPro.ServiceLayer.Log4net - ---Generating OutboundFile Discharge in AdminApprovalService----
2022-11-18 07:05:48,451 [23] DEBUG LTCPro.ServiceLayer.Log4net - ---Generated OutboundFile Download Start D:/Promantra/OutboundLive/Pending//Discharge_11182022053502.hl7 in AdminApprovalService----
2022-11-18 07:05:48,452 [23] DEBUG LTCPro.ServiceLayer.Log4net - ---Generated OutboundFile Download Completed D:/Promantra/OutboundLive/Pending//Discharge_11182022053502.hl7 in AdminApprovalService----
2022-11-18 07:05:48,452 [23] DEBUG LTCPro.ServiceLayer.Log4net - ---Executed GenerateOutboundFile() Discharge in AdminApprovalService----
2022-11-18 07:05:48,606 [23] DEBUG LTCPro.ServiceLayer.Log4net - ---Executed Successfully InsertResidentVisitInfo() in AdminApprovalController----
2022-11-18 07:05:48,646 [40] DEBUG LTCPro.ServiceLayer.Log4net - ---Executing GetUserToken() in UserService----
2022-11-18 07:05:48,658 [40] DEBUG LTCPro.ServiceLayer.Log4net - ---Executing GetApprovalFlag() in CompanyController----
2022-11-18 07:05:48,658 [40] DEBUG LTCPro.ServiceLayer.Log4net - ---Executing GetApprovalFlag() in CompanyService----
2022-11-18 07:05:48,780 [23] DEBUG LTCPro.ServiceLayer.Log4net - ---Executing GetUserToken() in UserService----
2022-11-18 07:05:48,780 [21] DEBUG LTCPro.ServiceLayer.Log4net - ---Executing GetUserToken() in UserService----
2022-11-18 07:05:48,786 [23] DEBUG LTCPro.ServiceLayer.Log4net - ---Executing GetResidentAdmitDischargeData() in ResidentDemographicController----
2022-11-18 07:05:48,786 [23] DEBUG LTCPro.ServiceLayer.Log4net - ---Executing GetResidentAdmitDischargeData() in ResidentDemographicService----
2022-11-18 07:05:48,786 [21] DEBUG LTCPro.ServiceLayer.Log4net - ---Executing GetFacilityNSResidentsDataByPId() in ResidentDemographicController----
2022-11-18 07:05:48,786 [21] DEBUG LTCPro.ServiceLayer.Log4net - ---Executing GetFacilityNSResidentsDataByPId() in ResidentDemographicService----
2022-11-18 07:05:48,822 [23] DEBUG LTCPro.ServiceLayer.Log4net - ---Executed Successfully GetResidentAdmitDischargeData() in ResidentDemographicController----
2022-11-18 07:05:48,854 [21] DEBUG LTCPro.ServiceLayer.Log4net - ---Executed Successfully GetFacilityNSResidentsDataByPId() in ResidentDemographicController----
2022-11-18 07:05:48,906 [40] DEBUG LTCPro.ServiceLayer.Log4net - ---Executing GetUserToken() in UserService----
2022-11-18 07:05:48,910 [40] DEBUG LTCPro.ServiceLayer.Log4net - ---Executing GetResidentInformation() in ResidentDemographicController----
2022-11-18 07:05:48,910 [40] DEBUG LTCPro.ServiceLayer.Log4net - ---Executing GetResidentInformation() in ResidentDemographicService----
2022-11-18 07:05:49,015 [40] DEBUG LTCPro.ServiceLayer.Log4net - ---Executed Successfully GetResidentInformation() in ResidentDemographicController----
2022-11-18 07:05:49,052 [39] DEBUG LTCPro.ServiceLayer.Log4net - ---Executing GetUserToken() in UserService----
2022-11-18 07:05:49,059 [39] DEBUG LTCPro.ServiceLayer.Log4net - ---Executing GetPatientTypeByID() in CommonController----
2022-11-18 07:05:49,059 [39] DEBUG LTCPro.ServiceLayer.Log4net - ---Executing GetPatientTypeDrop() in CommonService----
2022-11-18 07:05:49,081 [21] DEBUG LTCPro.ServiceLayer.Log4net - ---Executing GetUserToken() in UserService----
2022-11-18 07:05:49,082 [38] DEBUG LTCPro.ServiceLayer.Log4net - ---Executing GetUserToken() in UserService----
2022-11-18 07:05:49,087 [40] DEBUG LTCPro.ServiceLayer.Log4net - ---Executing GetUserToken() in UserService----
2022-11-18 07:05:49,089 [21] DEBUG LTCPro.ServiceLayer.Log4net - ---Executing GetResidentInformation() in ResidentDemographicController----
2022-11-18 07:05:49,090 [21] DEBUG LTCPro.ServiceLayer.Log4net - ---Executing GetResidentInformation() in ResidentDemographicService----
2022-11-18 07:05:49,120 [38] DEBUG LTCPro.ServiceLayer.Log4net - ---Executing GetResidentAdmitDischargeData() in ResidentDemographicController----
2022-11-18 07:05:49,120 [38] DEBUG LTCPro.ServiceLayer.Log4net - ---Executing GetResidentAdmitDischargeData() in ResidentDemographicService----
2022-11-18 07:05:49,121 [39] DEBUG LTCPro.ServiceLayer.Log4net - ---Executed Successfully GetPatientTypeDrop() in CommonController----
2022-11-18 07:05:49,125 [40] DEBUG LTCPro.ServiceLayer.Log4net - ---Executing GetResidentAllergies() in ResidentDemographicController----
2022-11-18 07:05:49,125 [40] DEBUG LTCPro.ServiceLayer.Log4net - ---Executing GetResidentAllergies() in AllergyInfoService----
2022-11-18 07:05:49,137 [38] DEBUG LTCPro.ServiceLayer.Log4net - ---Executed Successfully GetResidentAdmitDischargeData() in ResidentDemographicController----
2022-11-18 07:05:49,145 [40] DEBUG LTCPro.ServiceLayer.Log4net - ---Executed Successfully GetResidentAllergies() in ResidentDemographicController----
2022-11-18 07:05:49,222 [38] DEBUG LTCPro.ServiceLayer.Log4net - ---Executing GetUserToken() in UserService----
2022-11-18 07:05:49,258 [38] DEBUG LTCPro.ServiceLayer.Log4net - ---Executing GetAllPatientTypesByPId() in ResidentDemographicController----
2022-11-18 07:05:49,258 [38] DEBUG LTCPro.ServiceLayer.Log4net - ---Executing GetAllPatientTypesByPId() in EmarService----
2022-11-18 07:05:49,268 [39] DEBUG LTCPro.ServiceLayer.Log4net - ---Executing GetUserToken() in UserService----
2022-11-18 07:05:49,277 [38] DEBUG LTCPro.ServiceLayer.Log4net - ---Executed Successfully GetAllPatientTypesByPId() in ResidentDemographicController----
2022-11-18 07:05:49,279 [39] DEBUG LTCPro.ServiceLayer.Log4net - ---Executing GetResidentDiagnosisInfo() in ResidentDemographicController----
2022-11-18 07:05:49,279 [39] DEBUG LTCPro.ServiceLayer.Log4net - ---Executing GetResidentDiagnosisInfo() in DiagnosisInfoService----
2022-11-18 07:05:49,285 [39] DEBUG LTCPro.ServiceLayer.Log4net - ---Executed Successfully GetResidentDiagnosisInfo() in ResidentDemographicController----
2022-11-18 07:05:49,353 [21] DEBUG LTCPro.ServiceLayer.Log4net - ---Executed Successfully GetResidentInformation() in ResidentDemographicController----
2022-11-18 07:06:19,127 [39] DEBUG LTCPro.ServiceLayer.Log4net - ---Executing GetUserToken() in UserService----
2022-11-18 07:06:19,135 [20] DEBUG LTCPro.ServiceLayer.Log4net - ---Executing GetUserToken() in UserService----
2022-11-18 07:06:19,140 [41] DEBUG LTCPro.ServiceLayer.Log4net - ---Executing GetUserToken() in UserService----
2022-11-18 07:06:19,150 [39] DEBUG LTCPro.ServiceLayer.Log4net - ---Executing GetAlertsDetails() in MailboxController----
2022-11-18 07:06:19,150 [39] DEBUG LTCPro.ServiceLayer.Log4net - ---Executing GetAlertsDetails() in MailboxService----
2022-11-18 07:06:19,152 [20] DEBUG LTCPro.ServiceLayer.Log4net - ---Executing GetDueMARAlertData() in EmarController----
2022-11-18 07:06:19,152 [20] DEBUG LTCPro.ServiceLayer.Log4net - ---Executing GetDueMARAlertData() in EmarService----
2022-11-18 07:06:19,155 [41] DEBUG LTCPro.ServiceLayer.Log4net - ---Executing GetUserPassedDueFlag() in UserController----
2022-11-18 07:06:19,155 [41] DEBUG LTCPro.ServiceLayer.Log4net - ---Executing GetUserPassedDueFlag() in UserService----
2022-11-18 07:06:19,171 [28] DEBUG LTCPro.ServiceLayer.Log4net - ---Executing GetUserToken() in UserService----
2022-11-18 07:06:19,178 [41] DEBUG LTCPro.ServiceLayer.Log4net - ---Executed Successfully GetUserPassedDueFlag() in UserController----
2022-11-18 07:06:19,180 [21] DEBUG LTCPro.ServiceLayer.Log4net - ---Executing GetUserToken() in UserService----
2022-11-18 07:06:19,180 [28] DEBUG LTCPro.ServiceLayer.Log4net - ---Executing GetPendingDosesList() in CommonController----
2022-11-18 07:06:19,180 [28] DEBUG LTCPro.ServiceLayer.Log4net - ---Executing GetPendingDosesList() in CommonService----
2022-11-18 07:06:19,198 [40] DEBUG LTCPro.ServiceLayer.Log4net - ---Executing GetUserToken() in UserService----
2022-11-18 07:06:19,204 [21] DEBUG LTCPro.ServiceLayer.Log4net - ---Executing GetReadMailsCount() in MailboxController----
2022-11-18 07:06:19,204 [21] DEBUG LTCPro.ServiceLayer.Log4net - ---Executing GetReadMailsCount() in MailboxService----
2022-11-18 07:06:19,213 [40] DEBUG LTCPro.ServiceLayer.Log4net - ---Executing GetOutboundErrorDetails() in CommonController----
2022-11-18 07:06:19,213 [40] DEBUG LTCPro.ServiceLayer.Log4net - ---Executing GetOutboundErrorDetails() in CommonService----
2022-11-18 07:06:19,221 [21] DEBUG LTCPro.ServiceLayer.Log4net - ---Executed successfully GetReadMailsCount() in MailboxController----
2022-11-18 07:06:19,230 [39] DEBUG LTCPro.ServiceLayer.Log4net - ---Executed successfully GetAlertsDetails() in MailboxController----
2022-11-18 07:06:19,243 [41] DEBUG LTCPro.ServiceLayer.Log4net - ---Executing GetUserToken() in UserService----
2022-11-18 07:06:19,249 [41] DEBUG LTCPro.ServiceLayer.Log4net - ---Executing GetUserRecentFacNs() in UserController----
2022-11-18 07:06:19,250 [41] DEBUG LTCPro.ServiceLayer.Log4net - ---Executing GetUserRecentFacNs() in UserService----
2022-11-18 07:06:19,258 [41] DEBUG LTCPro.ServiceLayer.Log4net - ---Executed Successfully GetUserRecentFacNs() in UserController----
2022-11-18 07:06:19,261 [21] DEBUG LTCPro.ServiceLayer.Log4net - ---Executing GetUserToken() in UserService----
2022-11-18 07:06:19,262 [30] DEBUG LTCPro.ServiceLayer.Log4net - ---Executing GetUserToken() in UserService----
2022-11-18 07:06:19,268 [21] DEBUG LTCPro.ServiceLayer.Log4net - ---Executing InsertUserActivityDetails() in CompanyController----
2022-11-18 07:06:19,268 [21] DEBUG LTCPro.ServiceLayer.Log4net - ---Executing InsertUserActivityDetails() in UserActivityService----
2022-11-18 07:06:19,269 [30] DEBUG LTCPro.ServiceLayer.Log4net - ---Executing GetUserRecentFacNs() in UserController----
2022-11-18 07:06:19,269 [30] DEBUG LTCPro.ServiceLayer.Log4net - ---Executing GetUserRecentFacNs() in UserService----
2022-11-18 07:06:19,277 [21] DEBUG LTCPro.ServiceLayer.Log4net - ---Executed Successfully InsertUserActivityDetails() in CompanyController----
2022-11-18 07:06:19,278 [30] DEBUG LTCPro.ServiceLayer.Log4net - ---Executed Successfully GetUserRecentFacNs() in UserController----
2022-11-18 07:06:19,288 [39] DEBUG LTCPro.ServiceLayer.Log4net - ---Executing GetUserToken() in UserService----
2022-11-18 07:06:19,295 [39] DEBUG LTCPro.ServiceLayer.Log4net - ---Executing GetUserAccessFacilityNurseStaions() in FacilityController----
2022-11-18 07:06:19,295 [39] DEBUG LTCPro.ServiceLayer.Log4net - ---Executing GetUserAccessFacilityNurseStaions() in FacilityService----
2022-11-18 07:06:19,300 [21] DEBUG LTCPro.ServiceLayer.Log4net - ---Executing GetUserToken() in UserService----
2022-11-18 07:06:19,305 [21] DEBUG LTCPro.ServiceLayer.Log4net - ---Executing GetUserAccessFacilityNurseStaions() in FacilityController----
2022-11-18 07:06:19,305 [21] DEBUG LTCPro.ServiceLayer.Log4net - ---Executing GetUserAccessFacilityNurseStaions() in FacilityService----
2022-11-18 07:06:19,305 [39] DEBUG LTCPro.ServiceLayer.Log4net - ---Executed Successfully GetUserAccessFacilityNurseStaions() in FacilityController----
2022-11-18 07:06:19,315 [21] DEBUG LTCPro.ServiceLayer.Log4net - ---Executed Successfully GetUserAccessFacilityNurseStaions() in FacilityController----
2022-11-18 07:06:19,351 [28] DEBUG LTCPro.ServiceLayer.Log4net - ---Executed Successfully GetPendingDosesList() in CommonController----
2022-11-18 07:06:19,353 [41] DEBUG LTCPro.ServiceLayer.Log4net - ---Executing GetUserToken() in UserService----
2022-11-18 07:06:19,360 [41] DEBUG LTCPro.ServiceLayer.Log4net - ---Executing UserNurseStationDrop() in FacilityController----
2022-11-18 07:06:19,361 [41] DEBUG LTCPro.ServiceLayer.Log4net - ---Executing UserNurseStationDrop() in FacilityService----
2022-11-18 07:06:19,366 [41] DEBUG LTCPro.ServiceLayer.Log4net - ---Executed Successfully UserNurseStationDrop() in FacilityController----
2022-11-18 07:06:19,399 [38] DEBUG LTCPro.ServiceLayer.Log4net - ---Executing GetUserToken() in UserService----
2022-11-18 07:06:19,404 [38] DEBUG LTCPro.ServiceLayer.Log4net - ---Executing GetCompanyToBedFlagByFacId() in FacilityController----
2022-11-18 07:06:19,404 [38] DEBUG LTCPro.ServiceLayer.Log4net - ---Executing GetCompanyToBedFlagByFacId() in FacilityService----
2022-11-18 07:06:19,428 [41] DEBUG LTCPro.ServiceLayer.Log4net - ---Executing GetUserToken() in UserService----
2022-11-18 07:06:19,432 [41] DEBUG LTCPro.ServiceLayer.Log4net - ---Executing GetResidentsByCompanyBed() in ResidentDemographicController----
2022-11-18 07:06:19,432 [41] DEBUG LTCPro.ServiceLayer.Log4net - ---Executing GetResidentsByCompanyBed() in ResidentDemographicService----
2022-11-18 07:06:19,435 [38] DEBUG LTCPro.ServiceLayer.Log4net - ---Executed Successfully GetCompanyToBedFlagByFacId() in FacilityController----
2022-11-18 07:06:19,474 [21] DEBUG LTCPro.ServiceLayer.Log4net - ---Executing GetUserToken() in UserService----
2022-11-18 07:06:19,480 [21] DEBUG LTCPro.ServiceLayer.Log4net - ---Executing GetNurseStationHierarchyDetailsbyNsId() in CompanyController----
2022-11-18 07:06:19,480 [21] DEBUG LTCPro.ServiceLayer.Log4net - ---Executing GetNurseStationHierarchyDetailsbyNsId() in CompanyService----
2022-11-18 07:06:19,485 [21] DEBUG LTCPro.ServiceLayer.Log4net - ---Executed Successfully GetNurseStationHierarchyDetailsbyNsId() in CompanyController----
2022-11-18 07:06:19,918 [20] DEBUG LTCPro.ServiceLayer.Log4net - ---Executed Successfully GetDueMARAlertData() in EmarController----
2022-11-18 07:06:20,275 [40] DEBUG LTCPro.ServiceLayer.Log4net - ---Executed Successfully GetOutboundErrorDetails() in CommonController----
2022-11-18 07:06:21,013 [41] DEBUG LTCPro.ServiceLayer.Log4net - ---Executed Successfully GetResidentsByCompanyBed() in ResidentDemographicController----
2022-11-18 07:06:24,170 [30] DEBUG LTCPro.ServiceLayer.Log4net - ---Executing GetUserToken() in UserService----
2022-11-18 07:06:24,187 [39] DEBUG LTCPro.ServiceLayer.Log4net - ---Executing GetUserToken() in UserService----
2022-11-18 07:06:24,207 [30] DEBUG LTCPro.ServiceLayer.Log4net - ---Executing InsertUserActivityDetails() in CompanyController----
2022-11-18 07:06:24,207 [30] DEBUG LTCPro.ServiceLayer.Log4net - ---Executing InsertUserActivityDetails() in UserActivityService----
2022-11-18 07:06:24,212 [39] DEBUG LTCPro.ServiceLayer.Log4net - ---Executing InsertUserActivityDetails() in CompanyController----
2022-11-18 07:06:24,212 [39] DEBUG LTCPro.ServiceLayer.Log4net - ---Executing InsertUserActivityDetails() in UserActivityService----
2022-11-18 07:06:24,234 [21] DEBUG LTCPro.ServiceLayer.Log4net - ---Executing GetUserToken() in UserService----
2022-11-18 07:06:24,244 [21] DEBUG LTCPro.ServiceLayer.Log4net - ---Executing GetResidentAdmitDischargeData() in ResidentDemographicController----
2022-11-18 07:06:24,244 [21] DEBUG LTCPro.ServiceLayer.Log4net - ---Executing GetResidentAdmitDischargeData() in ResidentDemographicService----
2022-11-18 07:06:24,251 [30] DEBUG LTCPro.ServiceLayer.Log4net - ---Executed Successfully InsertUserActivityDetails() in CompanyController----
2022-11-18 07:06:24,270 [21] DEBUG LTCPro.ServiceLayer.Log4net - ---Executed Successfully GetResidentAdmitDischargeData() in ResidentDemographicController----
2022-11-18 07:06:24,274 [39] DEBUG LTCPro.ServiceLayer.Log4net - ---Executed Successfully InsertUserActivityDetails() in CompanyController----
2022-11-18 07:06:24,286 [40] DEBUG LTCPro.ServiceLayer.Log4net - ---Executing GetUserToken() in UserService----
2022-11-18 07:06:24,287 [38] DEBUG LTCPro.ServiceLayer.Log4net - ---Executing GetUserToken() in UserService----
2022-11-18 07:06:24,297 [43] DEBUG LTCPro.ServiceLayer.Log4net - ---Executing GetUserToken() in UserService----
2022-11-18 07:06:24,304 [40] DEBUG LTCPro.ServiceLayer.Log4net - ---Executing GetFacilityNSResidentsDataByPId() in ResidentDemographicController----
2022-11-18 07:06:24,304 [40] DEBUG LTCPro.ServiceLayer.Log4net - ---Executing GetFacilityNSResidentsDataByPId() in ResidentDemographicService----
2022-11-18 07:06:24,304 [43] DEBUG LTCPro.ServiceLayer.Log4net - ---Executing GetResidentAdmitDischargeData() in ResidentDemographicController----
2022-11-18 07:06:24,304 [43] DEBUG LTCPro.ServiceLayer.Log4net - ---Executing GetResidentAdmitDischargeData() in ResidentDemographicService----
2022-11-18 07:06:24,371 [38] DEBUG LTCPro.ServiceLayer.Log4net - ---Executing InsertUserActivityDetails() in CompanyController----
2022-11-18 07:06:24,371 [38] DEBUG LTCPro.ServiceLayer.Log4net - ---Executing InsertUserActivityDetails() in UserActivityService----
2022-11-18 07:06:24,376 [43] DEBUG LTCPro.ServiceLayer.Log4net - ---Executed Successfully GetResidentAdmitDischargeData() in ResidentDemographicController----
2022-11-18 07:06:24,380 [41] DEBUG LTCPro.ServiceLayer.Log4net - ---Executing GetUserToken() in UserService----
2022-11-18 07:06:24,409 [41] DEBUG LTCPro.ServiceLayer.Log4net - ---Executing InsertUserActivityDetails() in CompanyController----
2022-11-18 07:06:24,409 [41] DEBUG LTCPro.ServiceLayer.Log4net - ---Executing InsertUserActivityDetails() in UserActivityService----
2022-11-18 07:06:24,412 [38] DEBUG LTCPro.ServiceLayer.Log4net - ---Executed Successfully InsertUserActivityDetails() in CompanyController----
2022-11-18 07:06:24,419 [30] DEBUG LTCPro.ServiceLayer.Log4net - ---Executing GetUserToken() in UserService----
2022-11-18 07:06:24,427 [30] DEBUG LTCPro.ServiceLayer.Log4net - ---Executing GetResidentAllergies() in ResidentDemographicController----
2022-11-18 07:06:24,427 [30] DEBUG LTCPro.ServiceLayer.Log4net - ---Executing GetResidentAllergies() in AllergyInfoService----
2022-11-18 07:06:24,429 [20] DEBUG LTCPro.ServiceLayer.Log4net - ---Executing GetUserToken() in UserService----
2022-11-18 07:06:24,432 [30] DEBUG LTCPro.ServiceLayer.Log4net - ---Executed Successfully GetResidentAllergies() in ResidentDemographicController----
2022-11-18 07:06:24,444 [41] DEBUG LTCPro.ServiceLayer.Log4net - ---Executed Successfully InsertUserActivityDetails() in CompanyController----
2022-11-18 07:06:24,457 [20] DEBUG LTCPro.ServiceLayer.Log4net - ---Executing GetResidentInformation() in ResidentDemographicController----
2022-11-18 07:06:24,458 [20] DEBUG LTCPro.ServiceLayer.Log4net - ---Executing GetResidentInformation() in ResidentDemographicService----
2022-11-18 07:06:24,468 [40] DEBUG LTCPro.ServiceLayer.Log4net - ---Executed Successfully GetFacilityNSResidentsDataByPId() in ResidentDemographicController----
2022-11-18 07:06:24,491 [7] DEBUG LTCPro.ServiceLayer.Log4net - ---Executing GetUserToken() in UserService----
2022-11-18 07:06:24,498 [7] DEBUG LTCPro.ServiceLayer.Log4net - ---Executing GetResidentDiagnosisInfo() in ResidentDemographicController----
2022-11-18 07:06:24,498 [7] DEBUG LTCPro.ServiceLayer.Log4net - ---Executing GetResidentDiagnosisInfo() in DiagnosisInfoService----
2022-11-18 07:06:24,503 [7] DEBUG LTCPro.ServiceLayer.Log4net - ---Executed Successfully GetResidentDiagnosisInfo() in ResidentDemographicController----
2022-11-18 07:06:24,537 [39] DEBUG LTCPro.ServiceLayer.Log4net - ---Executing GetUserToken() in UserService----
2022-11-18 07:06:24,542 [39] DEBUG LTCPro.ServiceLayer.Log4net - ---Executing GetResidentInformation() in ResidentDemographicController----
2022-11-18 07:06:24,543 [39] DEBUG LTCPro.ServiceLayer.Log4net - ---Executing GetResidentInformation() in ResidentDemographicService----
2022-11-18 07:06:24,607 [20] DEBUG LTCPro.ServiceLayer.Log4net - ---Executed Successfully GetResidentInformation() in ResidentDemographicController----
2022-11-18 07:06:24,669 [39] DEBUG LTCPro.ServiceLayer.Log4net - ---Executed Successfully GetResidentInformation() in ResidentDemographicController----
2022-11-18 07:06:24,726 [39] DEBUG LTCPro.ServiceLayer.Log4net - ---Executing GetUserToken() in UserService----
2022-11-18 07:06:24,737 [20] DEBUG LTCPro.ServiceLayer.Log4net - ---Executing GetUserToken() in UserService----
2022-11-18 07:06:24,739 [11] DEBUG LTCPro.ServiceLayer.Log4net - ---Executing GetUserToken() in UserService----
2022-11-18 07:06:24,739 [39] DEBUG LTCPro.ServiceLayer.Log4net - ---Executing GetResidentAllergies() in ResidentDemographicController----
2022-11-18 07:06:24,739 [39] DEBUG LTCPro.ServiceLayer.Log4net - ---Executing GetResidentAllergies() in AllergyInfoService----
2022-11-18 07:06:24,780 [20] DEBUG LTCPro.ServiceLayer.Log4net - ---Executing GetResidentInformation() in ResidentDemographicController----
2022-11-18 07:06:24,780 [20] DEBUG LTCPro.ServiceLayer.Log4net - ---Executing GetResidentInformation() in ResidentDemographicService----
2022-11-18 07:06:24,781 [11] DEBUG LTCPro.ServiceLayer.Log4net - ---Executing GetResidentDiagnosisInfo() in ResidentDemographicController----
2022-11-18 07:06:24,781 [11] DEBUG LTCPro.ServiceLayer.Log4net - ---Executing GetResidentDiagnosisInfo() in DiagnosisInfoService----
2022-11-18 07:06:24,782 [39] DEBUG LTCPro.ServiceLayer.Log4net - ---Executed Successfully GetResidentAllergies() in ResidentDemographicController----
2022-11-18 07:06:24,785 [40] DEBUG LTCPro.ServiceLayer.Log4net - ---Executing GetUserToken() in UserService----
2022-11-18 07:06:24,787 [11] DEBUG LTCPro.ServiceLayer.Log4net - ---Executed Successfully GetResidentDiagnosisInfo() in ResidentDemographicController----
2022-11-18 07:06:24,804 [40] DEBUG LTCPro.ServiceLayer.Log4net - ---Executing GetResidentAdmitDischargeData() in ResidentDemographicController----
2022-11-18 07:06:24,804 [40] DEBUG LTCPro.ServiceLayer.Log4net - ---Executing GetResidentAdmitDischargeData() in ResidentDemographicService----
2022-11-18 07:06:24,813 [40] DEBUG LTCPro.ServiceLayer.Log4net - ---Executed Successfully GetResidentAdmitDischargeData() in ResidentDemographicController----
2022-11-18 07:06:24,818 [39] DEBUG LTCPro.ServiceLayer.Log4net - ---Executing GetUserToken() in UserService----
2022-11-18 07:06:24,827 [39] DEBUG LTCPro.ServiceLayer.Log4net - ---Executing GetPatientTypeByID() in CommonController----
2022-11-18 07:06:24,827 [39] DEBUG LTCPro.ServiceLayer.Log4net - ---Executing GetPatientTypeDrop() in CommonService----
2022-11-18 07:06:24,859 [39] DEBUG LTCPro.ServiceLayer.Log4net - ---Executed Successfully GetPatientTypeDrop() in CommonController----
2022-11-18 07:06:24,917 [40] DEBUG LTCPro.ServiceLayer.Log4net - ---Executing GetUserToken() in UserService----
2022-11-18 07:06:24,922 [20] DEBUG LTCPro.ServiceLayer.Log4net - ---Executed Successfully GetResidentInformation() in ResidentDemographicController----
2022-11-18 07:06:24,924 [40] DEBUG LTCPro.ServiceLayer.Log4net - ---Executing GetAllPatientTypesByPId() in ResidentDemographicController----
2022-11-18 07:06:24,924 [40] DEBUG LTCPro.ServiceLayer.Log4net - ---Executing GetAllPatientTypesByPId() in EmarService----
2022-11-18 07:06:24,930 [40] DEBUG LTCPro.ServiceLayer.Log4net - ---Executed Successfully GetAllPatientTypesByPId() in ResidentDemographicController----
2022-11-18 07:06:25,979 [20] DEBUG LTCPro.ServiceLayer.Log4net - ---Executing GetUserToken() in UserService----
2022-11-18 07:06:25,985 [20] DEBUG LTCPro.ServiceLayer.Log4net - ---Executing GetOutboundHLSevenConfigs() in HLSevenSegmentController----
2022-11-18 07:06:25,985 [20] DEBUG LTCPro.ServiceLayer.Log4net - ---Executing GetOutboundHLSevenConfigs() in HLSevenSegmentService----
2022-11-18 07:06:26,001 [20] DEBUG LTCPro.ServiceLayer.Log4net - ---Executed Successfully GetOutboundHLSevenConfigs() in HLSevenSegmentController----
2022-11-18 07:06:26,066 [20] DEBUG LTCPro.ServiceLayer.Log4net - ---Executing GetUserToken() in UserService----
2022-11-18 07:06:26,074 [20] DEBUG LTCPro.ServiceLayer.Log4net - ---Executing UserFacilityDrop() in FacilityController----
2022-11-18 07:06:26,074 [20] DEBUG LTCPro.ServiceLayer.Log4net - ---Executing UserFacilityDrop() in FacilityService----
2022-11-18 07:06:26,083 [20] DEBUG LTCPro.ServiceLayer.Log4net - ---Executed Successfully UserFacilityDrop() in FacilityController----
2022-11-18 07:06:26,094 [39] DEBUG LTCPro.ServiceLayer.Log4net - ---Executing GetUserToken() in UserService----
2022-11-18 07:06:26,100 [39] DEBUG LTCPro.ServiceLayer.Log4net - ---Executing GetResidentAdmitvisitInfoData() in ResidentDemographicController----
2022-11-18 07:06:26,100 [39] DEBUG LTCPro.ServiceLayer.Log4net - ---Executing  VisitInfoEntity()  in GetResidentAdmitvisitInfoData----
2022-11-18 07:06:26,115 [39] DEBUG LTCPro.ServiceLayer.Log4net - ---Executed Successfully GetResidentAdmitvisitInfoData() in ResidentDemographicController----
2022-11-18 07:06:26,132 [39] DEBUG LTCPro.ServiceLayer.Log4net - ---Executing GetUserToken() in UserService----
2022-11-18 07:06:26,134 [40] DEBUG LTCPro.ServiceLayer.Log4net - ---Executing GetUserToken() in UserService----
2022-11-18 07:06:26,139 [39] DEBUG LTCPro.ServiceLayer.Log4net - ---Executing UserFacilityDrop() in FacilityController----
2022-11-18 07:06:26,139 [39] DEBUG LTCPro.ServiceLayer.Log4net - ---Executing UserFacilityDrop() in FacilityService----
2022-11-18 07:06:26,139 [40] DEBUG LTCPro.ServiceLayer.Log4net - ---Executing GetCompanyToBedFlagByFacId() in FacilityController----
2022-11-18 07:06:26,139 [40] DEBUG LTCPro.ServiceLayer.Log4net - ---Executing GetCompanyToBedFlagByFacId() in FacilityService----
2022-11-18 07:06:26,145 [39] DEBUG LTCPro.ServiceLayer.Log4net - ---Executed Successfully UserFacilityDrop() in FacilityController----
2022-11-18 07:06:26,177 [40] DEBUG LTCPro.ServiceLayer.Log4net - ---Executed Successfully GetCompanyToBedFlagByFacId() in FacilityController----
2022-11-18 07:06:26,198 [40] DEBUG LTCPro.ServiceLayer.Log4net - ---Executing GetUserToken() in UserService----
2022-11-18 07:06:26,204 [40] DEBUG LTCPro.ServiceLayer.Log4net - ---Executing UserNurseStationDrop() in FacilityController----
2022-11-18 07:06:26,204 [40] DEBUG LTCPro.ServiceLayer.Log4net - ---Executing UserNurseStationDrop() in FacilityService----
2022-11-18 07:06:26,211 [40] DEBUG LTCPro.ServiceLayer.Log4net - ---Executed Successfully UserNurseStationDrop() in FacilityController----
2022-11-18 07:06:26,219 [20] DEBUG LTCPro.ServiceLayer.Log4net - ---Executing GetUserToken() in UserService----
2022-11-18 07:06:26,225 [20] DEBUG LTCPro.ServiceLayer.Log4net - ---Executing GetNurseStationHierarchyDetailsbyNsId() in CompanyController----
2022-11-18 07:06:26,225 [20] DEBUG LTCPro.ServiceLayer.Log4net - ---Executing GetNurseStationHierarchyDetailsbyNsId() in CompanyService----
2022-11-18 07:06:26,230 [20] DEBUG LTCPro.ServiceLayer.Log4net - ---Executed Successfully GetNurseStationHierarchyDetailsbyNsId() in CompanyController----
2022-11-18 07:06:32,888 [40] DEBUG LTCPro.ServiceLayer.Log4net - ---Executing GetUserToken() in UserService----
2022-11-18 07:06:32,896 [40] DEBUG LTCPro.ServiceLayer.Log4net - ---Executing GetOutboundHLSevenConfigs() in HLSevenSegmentController----
2022-11-18 07:06:32,896 [40] DEBUG LTCPro.ServiceLayer.Log4net - ---Executing GetOutboundHLSevenConfigs() in HLSevenSegmentService----
2022-11-18 07:06:32,904 [40] DEBUG LTCPro.ServiceLayer.Log4net - ---Executed Successfully GetOutboundHLSevenConfigs() in HLSevenSegmentController----
2022-11-18 07:06:32,940 [39] DEBUG LTCPro.ServiceLayer.Log4net - ---Executing GetUserToken() in UserService----
2022-11-18 07:06:32,946 [39] DEBUG LTCPro.ServiceLayer.Log4net - ---Executing UserFacilityDrop() in FacilityController----
2022-11-18 07:06:32,946 [39] DEBUG LTCPro.ServiceLayer.Log4net - ---Executing UserFacilityDrop() in FacilityService----
2022-11-18 07:06:32,952 [39] DEBUG LTCPro.ServiceLayer.Log4net - ---Executed Successfully UserFacilityDrop() in FacilityController----
2022-11-18 07:06:32,971 [28] DEBUG LTCPro.ServiceLayer.Log4net - ---Executing GetUserToken() in UserService----
2022-11-18 07:06:32,976 [28] DEBUG LTCPro.ServiceLayer.Log4net - ---Executing GetResidentAdmitvisitInfoData() in ResidentDemographicController----
2022-11-18 07:06:32,977 [28] DEBUG LTCPro.ServiceLayer.Log4net - ---Executing  VisitInfoEntity()  in GetResidentAdmitvisitInfoData----
2022-11-18 07:06:32,991 [28] DEBUG LTCPro.ServiceLayer.Log4net - ---Executed Successfully GetResidentAdmitvisitInfoData() in ResidentDemographicController----
2022-11-18 07:06:33,008 [11] DEBUG LTCPro.ServiceLayer.Log4net - ---Executing GetUserToken() in UserService----
2022-11-18 07:06:33,011 [40] DEBUG LTCPro.ServiceLayer.Log4net - ---Executing GetUserToken() in UserService----
2022-11-18 07:06:33,013 [11] DEBUG LTCPro.ServiceLayer.Log4net - ---Executing UserFacilityDrop() in FacilityController----
2022-11-18 07:06:33,013 [11] DEBUG LTCPro.ServiceLayer.Log4net - ---Executing UserFacilityDrop() in FacilityService----
2022-11-18 07:06:33,016 [40] DEBUG LTCPro.ServiceLayer.Log4net - ---Executing GetCompanyToBedFlagByFacId() in FacilityController----
2022-11-18 07:06:33,016 [40] DEBUG LTCPro.ServiceLayer.Log4net - ---Executing GetCompanyToBedFlagByFacId() in FacilityService----
2022-11-18 07:06:33,019 [11] DEBUG LTCPro.ServiceLayer.Log4net - ---Executed Successfully UserFacilityDrop() in FacilityController----
2022-11-18 07:06:33,048 [40] DEBUG LTCPro.ServiceLayer.Log4net - ---Executed Successfully GetCompanyToBedFlagByFacId() in FacilityController----
2022-11-18 07:06:33,071 [38] DEBUG LTCPro.ServiceLayer.Log4net - ---Executing GetUserToken() in UserService----
2022-11-18 07:06:33,077 [38] DEBUG LTCPro.ServiceLayer.Log4net - ---Executing UserNurseStationDrop() in FacilityController----
2022-11-18 07:06:33,077 [38] DEBUG LTCPro.ServiceLayer.Log4net - ---Executing UserNurseStationDrop() in FacilityService----
2022-11-18 07:06:33,083 [38] DEBUG LTCPro.ServiceLayer.Log4net - ---Executed Successfully UserNurseStationDrop() in FacilityController----
2022-11-18 07:06:33,093 [40] DEBUG LTCPro.ServiceLayer.Log4net - ---Executing GetUserToken() in UserService----
2022-11-18 07:06:33,099 [40] DEBUG LTCPro.ServiceLayer.Log4net - ---Executing GetNurseStationHierarchyDetailsbyNsId() in CompanyController----
2022-11-18 07:06:33,099 [40] DEBUG LTCPro.ServiceLayer.Log4net - ---Executing GetNurseStationHierarchyDetailsbyNsId() in CompanyService----
2022-11-18 07:06:33,104 [40] DEBUG LTCPro.ServiceLayer.Log4net - ---Executed Successfully GetNurseStationHierarchyDetailsbyNsId() in CompanyController----
2022-11-18 07:07:33,404 [21] DEBUG LTCPro.ServiceLayer.Log4net - ---Executing GetUserToken() in UserService----
2022-11-18 07:07:33,410 [21] DEBUG LTCPro.ServiceLayer.Log4net - ---Executing InsertResidentVisitInfo() in AdminApprovalController----
2022-11-18 07:07:33,410 [21] DEBUG LTCPro.ServiceLayer.Log4net - ---Executing InsertResidentVisitInfo() in AdminApprovalService----
2022-11-18 07:07:33,537 [21] DEBUG LTCPro.ServiceLayer.Log4net - ---Executing GenerateOutboundFile() Discharge in AdminApprovalService----
2022-11-18 07:07:33,545 [21] DEBUG LTCPro.ServiceLayer.Log4net - ---Generating OutboundFile Discharge in AdminApprovalService----
2022-11-18 07:07:33,580 [21] DEBUG LTCPro.ServiceLayer.Log4net - ---Generated OutboundFile Download Start D:/Promantra/OutboundLive/Pending//Discharge_11182022053647.hl7 in AdminApprovalService----
2022-11-18 07:07:33,581 [21] DEBUG LTCPro.ServiceLayer.Log4net - ---Generated OutboundFile Download Completed D:/Promantra/OutboundLive/Pending//Discharge_11182022053647.hl7 in AdminApprovalService----
2022-11-18 07:07:33,581 [21] DEBUG LTCPro.ServiceLayer.Log4net - ---Executed GenerateOutboundFile() Discharge in AdminApprovalService----
2022-11-18 07:07:33,733 [21] DEBUG LTCPro.ServiceLayer.Log4net - ---Executed Successfully InsertResidentVisitInfo() in AdminApprovalController----
2022-11-18 07:07:33,789 [39] DEBUG LTCPro.ServiceLayer.Log4net - ---Executing GetUserToken() in UserService----
2022-11-18 07:07:33,867 [39] DEBUG LTCPro.ServiceLayer.Log4net - ---Executing GetApprovalFlag() in CompanyController----
2022-11-18 07:07:33,867 [39] DEBUG LTCPro.ServiceLayer.Log4net - ---Executing GetApprovalFlag() in CompanyService----
2022-11-18 07:07:33,954 [39] DEBUG LTCPro.ServiceLayer.Log4net - ---Executing GetUserToken() in UserService----
2022-11-18 07:07:33,959 [39] DEBUG LTCPro.ServiceLayer.Log4net - ---Executing GetFacilityNSResidentsDataByPId() in ResidentDemographicController----
2022-11-18 07:07:33,960 [39] DEBUG LTCPro.ServiceLayer.Log4net - ---Executing GetFacilityNSResidentsDataByPId() in ResidentDemographicService----
2022-11-18 07:07:33,971 [21] DEBUG LTCPro.ServiceLayer.Log4net - ---Executing GetUserToken() in UserService----
2022-11-18 07:07:33,981 [21] DEBUG LTCPro.ServiceLayer.Log4net - ---Executing GetResidentAdmitDischargeData() in ResidentDemographicController----
2022-11-18 07:07:33,981 [21] DEBUG LTCPro.ServiceLayer.Log4net - ---Executing GetResidentAdmitDischargeData() in ResidentDemographicService----
2022-11-18 07:07:33,992 [21] DEBUG LTCPro.ServiceLayer.Log4net - ---Executed Successfully GetResidentAdmitDischargeData() in ResidentDemographicController----
2022-11-18 07:07:34,011 [39] DEBUG LTCPro.ServiceLayer.Log4net - ---Executed Successfully GetFacilityNSResidentsDataByPId() in ResidentDemographicController----
2022-11-18 07:07:34,105 [40] DEBUG LTCPro.ServiceLayer.Log4net - ---Executing GetUserToken() in UserService----
2022-11-18 07:07:34,111 [40] DEBUG LTCPro.ServiceLayer.Log4net - ---Executing GetResidentInformation() in ResidentDemographicController----
2022-11-18 07:07:34,111 [40] DEBUG LTCPro.ServiceLayer.Log4net - ---Executing GetResidentInformation() in ResidentDemographicService----
2022-11-18 07:07:34,230 [40] DEBUG LTCPro.ServiceLayer.Log4net - ---Executed Successfully GetResidentInformation() in ResidentDemographicController----
2022-11-18 07:07:34,279 [21] DEBUG LTCPro.ServiceLayer.Log4net - ---Executing GetUserToken() in UserService----
2022-11-18 07:07:34,286 [21] DEBUG LTCPro.ServiceLayer.Log4net - ---Executing GetPatientTypeByID() in CommonController----
2022-11-18 07:07:34,286 [21] DEBUG LTCPro.ServiceLayer.Log4net - ---Executing GetPatientTypeDrop() in CommonService----
2022-11-18 07:07:34,289 [26] DEBUG LTCPro.ServiceLayer.Log4net - ---Executing GetUserToken() in UserService----
2022-11-18 07:07:34,291 [39] DEBUG LTCPro.ServiceLayer.Log4net - ---Executing GetUserToken() in UserService----
2022-11-18 07:07:34,295 [26] DEBUG LTCPro.ServiceLayer.Log4net - ---Executing GetResidentAdmitDischargeData() in ResidentDemographicController----
2022-11-18 07:07:34,295 [26] DEBUG LTCPro.ServiceLayer.Log4net - ---Executing GetResidentAdmitDischargeData() in ResidentDemographicService----
2022-11-18 07:07:34,298 [39] DEBUG LTCPro.ServiceLayer.Log4net - ---Executing GetResidentInformation() in ResidentDemographicController----
2022-11-18 07:07:34,299 [39] DEBUG LTCPro.ServiceLayer.Log4net - ---Executing GetResidentInformation() in ResidentDemographicService----
2022-11-18 07:07:34,303 [26] DEBUG LTCPro.ServiceLayer.Log4net - ---Executed Successfully GetResidentAdmitDischargeData() in ResidentDemographicController----
2022-11-18 07:07:34,316 [40] DEBUG LTCPro.ServiceLayer.Log4net - ---Executing GetUserToken() in UserService----
2022-11-18 07:07:34,321 [40] DEBUG LTCPro.ServiceLayer.Log4net - ---Executing GetResidentAllergies() in ResidentDemographicController----
2022-11-18 07:07:34,321 [40] DEBUG LTCPro.ServiceLayer.Log4net - ---Executing GetResidentAllergies() in AllergyInfoService----
2022-11-18 07:07:34,332 [21] DEBUG LTCPro.ServiceLayer.Log4net - ---Executed Successfully GetPatientTypeDrop() in CommonController----
2022-11-18 07:07:34,334 [40] DEBUG LTCPro.ServiceLayer.Log4net - ---Executed Successfully GetResidentAllergies() in ResidentDemographicController----
2022-11-18 07:07:34,369 [26] DEBUG LTCPro.ServiceLayer.Log4net - ---Executing GetUserToken() in UserService----
2022-11-18 07:07:34,375 [26] DEBUG LTCPro.ServiceLayer.Log4net - ---Executing GetResidentDiagnosisInfo() in ResidentDemographicController----
2022-11-18 07:07:34,375 [26] DEBUG LTCPro.ServiceLayer.Log4net - ---Executing GetResidentDiagnosisInfo() in DiagnosisInfoService----
2022-11-18 07:07:34,379 [26] DEBUG LTCPro.ServiceLayer.Log4net - ---Executed Successfully GetResidentDiagnosisInfo() in ResidentDemographicController----
2022-11-18 07:07:34,401 [40] DEBUG LTCPro.ServiceLayer.Log4net - ---Executing GetUserToken() in UserService----
2022-11-18 07:07:34,406 [40] DEBUG LTCPro.ServiceLayer.Log4net - ---Executing GetAllPatientTypesByPId() in ResidentDemographicController----
2022-11-18 07:07:34,406 [40] DEBUG LTCPro.ServiceLayer.Log4net - ---Executing GetAllPatientTypesByPId() in EmarService----
2022-11-18 07:07:34,412 [40] DEBUG LTCPro.ServiceLayer.Log4net - ---Executed Successfully GetAllPatientTypesByPId() in ResidentDemographicController----
2022-11-18 07:07:34,449 [39] DEBUG LTCPro.ServiceLayer.Log4net - ---Executed Successfully GetResidentInformation() in ResidentDemographicController----
2022-11-18 07:09:40,372 [32] DEBUG LTCPro.ServiceLayer.Log4net - ---Executing GetUserToken() in UserService----
2022-11-18 07:09:40,372 [15] DEBUG LTCPro.ServiceLayer.Log4net - ---Executing GetUserToken() in UserService----
2022-11-18 07:09:40,376 [23] DEBUG LTCPro.ServiceLayer.Log4net - ---Executing GetUserToken() in UserService----
2022-11-18 07:09:40,376 [26] DEBUG LTCPro.ServiceLayer.Log4net - ---Executing GetUserToken() in UserService----
2022-11-18 07:09:40,396 [23] DEBUG LTCPro.ServiceLayer.Log4net - ---Executing GetAlertsDetails() in MailboxController----
2022-11-18 07:09:40,396 [23] DEBUG LTCPro.ServiceLayer.Log4net - ---Executing GetAlertsDetails() in MailboxService----
2022-11-18 07:09:40,399 [15] DEBUG LTCPro.ServiceLayer.Log4net - ---Executing GetReadMailsCount() in MailboxController----
2022-11-18 07:09:40,399 [15] DEBUG LTCPro.ServiceLayer.Log4net - ---Executing GetReadMailsCount() in MailboxService----
2022-11-18 07:09:40,400 [34] DEBUG LTCPro.ServiceLayer.Log4net - ---Executing GetUserToken() in UserService----
2022-11-18 07:09:40,402 [32] DEBUG LTCPro.ServiceLayer.Log4net - ---Executing GetOutboundErrorDetails() in CommonController----
2022-11-18 07:09:40,403 [32] DEBUG LTCPro.ServiceLayer.Log4net - ---Executing GetOutboundErrorDetails() in CommonService----
2022-11-18 07:09:40,405 [26] DEBUG LTCPro.ServiceLayer.Log4net - ---Executing GetPendingDosesList() in CommonController----
2022-11-18 07:09:40,405 [26] DEBUG LTCPro.ServiceLayer.Log4net - ---Executing GetPendingDosesList() in CommonService----
2022-11-18 07:09:40,406 [15] DEBUG LTCPro.ServiceLayer.Log4net - ---Executed successfully GetReadMailsCount() in MailboxController----
2022-11-18 07:09:40,408 [34] DEBUG LTCPro.ServiceLayer.Log4net - ---Executing GetUserPassedDueFlag() in UserController----
2022-11-18 07:09:40,408 [34] DEBUG LTCPro.ServiceLayer.Log4net - ---Executing GetUserPassedDueFlag() in UserService----
2022-11-18 07:09:40,414 [34] DEBUG LTCPro.ServiceLayer.Log4net - ---Executed Successfully GetUserPassedDueFlag() in UserController----
2022-11-18 07:09:40,417 [42] DEBUG LTCPro.ServiceLayer.Log4net - ---Executing GetUserToken() in UserService----
2022-11-18 07:09:40,423 [42] DEBUG LTCPro.ServiceLayer.Log4net - ---Executing GetDueMARAlertData() in EmarController----
2022-11-18 07:09:40,423 [42] DEBUG LTCPro.ServiceLayer.Log4net - ---Executing GetDueMARAlertData() in EmarService----
2022-11-18 07:09:40,430 [7] DEBUG LTCPro.ServiceLayer.Log4net - ---Executing GetUserToken() in UserService----
2022-11-18 07:09:40,435 [7] DEBUG LTCPro.ServiceLayer.Log4net - ---Executing GetUserRecentFacNs() in UserController----
2022-11-18 07:09:40,435 [7] DEBUG LTCPro.ServiceLayer.Log4net - ---Executing GetUserRecentFacNs() in UserService----
2022-11-18 07:09:40,446 [7] DEBUG LTCPro.ServiceLayer.Log4net - ---Executed Successfully GetUserRecentFacNs() in UserController----
2022-11-18 07:09:40,452 [34] DEBUG LTCPro.ServiceLayer.Log4net - ---Executing GetUserToken() in UserService----
2022-11-18 07:09:40,462 [23] DEBUG LTCPro.ServiceLayer.Log4net - ---Executed successfully GetAlertsDetails() in MailboxController----
2022-11-18 07:09:40,464 [34] DEBUG LTCPro.ServiceLayer.Log4net - ---Executing GetUserRecentFacNs() in UserController----
2022-11-18 07:09:40,465 [34] DEBUG LTCPro.ServiceLayer.Log4net - ---Executing GetUserRecentFacNs() in UserService----
2022-11-18 07:09:40,475 [34] DEBUG LTCPro.ServiceLayer.Log4net - ---Executed Successfully GetUserRecentFacNs() in UserController----
2022-11-18 07:09:40,478 [23] DEBUG LTCPro.ServiceLayer.Log4net - ---Executing GetUserToken() in UserService----
2022-11-18 07:09:40,490 [23] DEBUG LTCPro.ServiceLayer.Log4net - ---Executing InsertUserActivityDetails() in CompanyController----
2022-11-18 07:09:40,490 [23] DEBUG LTCPro.ServiceLayer.Log4net - ---Executing InsertUserActivityDetails() in UserActivityService----
2022-11-18 07:09:40,500 [23] DEBUG LTCPro.ServiceLayer.Log4net - ---Executed Successfully InsertUserActivityDetails() in CompanyController----
2022-11-18 07:09:40,645 [15] DEBUG LTCPro.ServiceLayer.Log4net - ---Executing GetUserToken() in UserService----
2022-11-18 07:09:40,650 [26] DEBUG LTCPro.ServiceLayer.Log4net - ---Executed Successfully GetPendingDosesList() in CommonController----
2022-11-18 07:09:40,650 [7] DEBUG LTCPro.ServiceLayer.Log4net - ---Executing GetUserToken() in UserService----
2022-11-18 07:09:40,651 [15] DEBUG LTCPro.ServiceLayer.Log4net - ---Executing GetUserAccessFacilityNurseStaions() in FacilityController----
2022-11-18 07:09:40,651 [15] DEBUG LTCPro.ServiceLayer.Log4net - ---Executing GetUserAccessFacilityNurseStaions() in FacilityService----
2022-11-18 07:09:40,658 [7] DEBUG LTCPro.ServiceLayer.Log4net - ---Executing GetUserAccessFacilityNurseStaions() in FacilityController----
2022-11-18 07:09:40,658 [7] DEBUG LTCPro.ServiceLayer.Log4net - ---Executing GetUserAccessFacilityNurseStaions() in FacilityService----
2022-11-18 07:09:40,663 [15] DEBUG LTCPro.ServiceLayer.Log4net - ---Executed Successfully GetUserAccessFacilityNurseStaions() in FacilityController----
2022-11-18 07:09:40,686 [7] DEBUG LTCPro.ServiceLayer.Log4net - ---Executed Successfully GetUserAccessFacilityNurseStaions() in FacilityController----
2022-11-18 07:09:40,707 [7] DEBUG LTCPro.ServiceLayer.Log4net - ---Executing GetUserToken() in UserService----
2022-11-18 07:09:40,712 [7] DEBUG LTCPro.ServiceLayer.Log4net - ---Executing UserNurseStationDrop() in FacilityController----
2022-11-18 07:09:40,712 [7] DEBUG LTCPro.ServiceLayer.Log4net - ---Executing UserNurseStationDrop() in FacilityService----
2022-11-18 07:09:40,718 [7] DEBUG LTCPro.ServiceLayer.Log4net - ---Executed Successfully UserNurseStationDrop() in FacilityController----
2022-11-18 07:09:40,732 [32] DEBUG LTCPro.ServiceLayer.Log4net - ---Executed Successfully GetOutboundErrorDetails() in CommonController----
2022-11-18 07:09:40,746 [32] DEBUG LTCPro.ServiceLayer.Log4net - ---Executing GetUserToken() in UserService----
2022-11-18 07:09:40,754 [32] DEBUG LTCPro.ServiceLayer.Log4net - ---Executing GetCompanyToBedFlagByFacId() in FacilityController----
2022-11-18 07:09:40,754 [32] DEBUG LTCPro.ServiceLayer.Log4net - ---Executing GetCompanyToBedFlagByFacId() in FacilityService----
2022-11-18 07:09:40,775 [37] DEBUG LTCPro.ServiceLayer.Log4net - ---Executing GetUserToken() in UserService----
2022-11-18 07:09:40,781 [37] DEBUG LTCPro.ServiceLayer.Log4net - ---Executing GetResidentsByCompanyBed() in ResidentDemographicController----
2022-11-18 07:09:40,781 [37] DEBUG LTCPro.ServiceLayer.Log4net - ---Executing GetResidentsByCompanyBed() in ResidentDemographicService----
2022-11-18 07:09:40,823 [32] DEBUG LTCPro.ServiceLayer.Log4net - ---Executed Successfully GetCompanyToBedFlagByFacId() in FacilityController----
2022-11-18 07:09:40,868 [26] DEBUG LTCPro.ServiceLayer.Log4net - ---Executing GetUserToken() in UserService----
2022-11-18 07:09:40,873 [26] DEBUG LTCPro.ServiceLayer.Log4net - ---Executing GetNurseStationHierarchyDetailsbyNsId() in CompanyController----
2022-11-18 07:09:40,873 [26] DEBUG LTCPro.ServiceLayer.Log4net - ---Executing GetNurseStationHierarchyDetailsbyNsId() in CompanyService----
2022-11-18 07:09:40,878 [26] DEBUG LTCPro.ServiceLayer.Log4net - ---Executed Successfully GetNurseStationHierarchyDetailsbyNsId() in CompanyController----
2022-11-18 07:09:41,004 [42] DEBUG LTCPro.ServiceLayer.Log4net - ---Executed Successfully GetDueMARAlertData() in EmarController----
2022-11-18 07:09:42,383 [37] DEBUG LTCPro.ServiceLayer.Log4net - ---Executed Successfully GetResidentsByCompanyBed() in ResidentDemographicController----
2022-11-18 07:11:14,007 [34] DEBUG LTCPro.ServiceLayer.Log4net - ---Executing GetUserToken() in UserService----
2022-11-18 07:11:14,015 [17] DEBUG LTCPro.ServiceLayer.Log4net - ---Executing GetUserToken() in UserService----
2022-11-18 07:11:14,016 [41] DEBUG LTCPro.ServiceLayer.Log4net - ---Executing GetUserToken() in UserService----
2022-11-18 07:11:14,022 [18] DEBUG LTCPro.ServiceLayer.Log4net - ---Executing GetUserToken() in UserService----
2022-11-18 07:11:14,029 [5] DEBUG LTCPro.ServiceLayer.Log4net - ---Executing GetUserToken() in UserService----
2022-11-18 07:11:14,033 [17] DEBUG LTCPro.ServiceLayer.Log4net - ---Executing GetPendingDosesList() in CommonController----
2022-11-18 07:11:14,033 [17] DEBUG LTCPro.ServiceLayer.Log4net - ---Executing GetPendingDosesList() in CommonService----
2022-11-18 07:11:14,038 [5] DEBUG LTCPro.ServiceLayer.Log4net - ---Executing GetUserPassedDueFlag() in UserController----
2022-11-18 07:11:14,038 [5] DEBUG LTCPro.ServiceLayer.Log4net - ---Executing GetUserPassedDueFlag() in UserService----
2022-11-18 07:11:14,038 [18] DEBUG LTCPro.ServiceLayer.Log4net - ---Executing GetReadMailsCount() in MailboxController----
2022-11-18 07:11:14,038 [18] DEBUG LTCPro.ServiceLayer.Log4net - ---Executing GetReadMailsCount() in MailboxService----
2022-11-18 07:11:14,038 [34] DEBUG LTCPro.ServiceLayer.Log4net - ---Executing GetAlertsDetails() in MailboxController----
2022-11-18 07:11:14,040 [34] DEBUG LTCPro.ServiceLayer.Log4net - ---Executing GetAlertsDetails() in MailboxService----
2022-11-18 07:11:14,040 [41] DEBUG LTCPro.ServiceLayer.Log4net - ---Executing GetUserRecentFacNs() in UserController----
2022-11-18 07:11:14,040 [41] DEBUG LTCPro.ServiceLayer.Log4net - ---Executing GetUserRecentFacNs() in UserService----
2022-11-18 07:11:14,044 [5] DEBUG LTCPro.ServiceLayer.Log4net - ---Executed Successfully GetUserPassedDueFlag() in UserController----
2022-11-18 07:11:14,049 [18] DEBUG LTCPro.ServiceLayer.Log4net - ---Executed successfully GetReadMailsCount() in MailboxController----
2022-11-18 07:11:14,051 [6] DEBUG LTCPro.ServiceLayer.Log4net - ---Executing GetUserToken() in UserService----
2022-11-18 07:11:14,058 [41] DEBUG LTCPro.ServiceLayer.Log4net - ---Executed Successfully GetUserRecentFacNs() in UserController----
2022-11-18 07:11:14,059 [6] DEBUG LTCPro.ServiceLayer.Log4net - ---Executing GetDueMARAlertData() in EmarController----
2022-11-18 07:11:14,059 [6] DEBUG LTCPro.ServiceLayer.Log4net - ---Executing GetDueMARAlertData() in EmarService----
2022-11-18 07:11:14,101 [34] DEBUG LTCPro.ServiceLayer.Log4net - ---Executed successfully GetAlertsDetails() in MailboxController----
2022-11-18 07:11:14,119 [30] DEBUG LTCPro.ServiceLayer.Log4net - ---Executing GetUserToken() in UserService----
2022-11-18 07:11:14,119 [12] DEBUG LTCPro.ServiceLayer.Log4net - ---Executing GetUserToken() in UserService----
2022-11-18 07:11:14,124 [30] DEBUG LTCPro.ServiceLayer.Log4net - ---Executing GetUserRecentFacNs() in UserController----
2022-11-18 07:11:14,124 [30] DEBUG LTCPro.ServiceLayer.Log4net - ---Executing GetUserRecentFacNs() in UserService----
2022-11-18 07:11:14,127 [12] DEBUG LTCPro.ServiceLayer.Log4net - ---Executing GetOutboundErrorDetails() in CommonController----
2022-11-18 07:11:14,127 [12] DEBUG LTCPro.ServiceLayer.Log4net - ---Executing GetOutboundErrorDetails() in CommonService----
2022-11-18 07:11:14,131 [31] DEBUG LTCPro.ServiceLayer.Log4net - ---Executing GetUserToken() in UserService----
2022-11-18 07:11:14,134 [18] DEBUG LTCPro.ServiceLayer.Log4net - ---Executing GetUserToken() in UserService----
2022-11-18 07:11:14,137 [30] DEBUG LTCPro.ServiceLayer.Log4net - ---Executed Successfully GetUserRecentFacNs() in UserController----
2022-11-18 07:11:14,161 [31] DEBUG LTCPro.ServiceLayer.Log4net - ---Executing InsertUserActivityDetails() in CompanyController----
2022-11-18 07:11:14,162 [31] DEBUG LTCPro.ServiceLayer.Log4net - ---Executing InsertUserActivityDetails() in UserActivityService----
2022-11-18 07:11:14,174 [31] DEBUG LTCPro.ServiceLayer.Log4net - ---Executed Successfully InsertUserActivityDetails() in CompanyController----
2022-11-18 07:11:14,182 [18] DEBUG LTCPro.ServiceLayer.Log4net - ---Executing GetUserAccessFacilityNurseStaions() in FacilityController----
2022-11-18 07:11:14,182 [18] DEBUG LTCPro.ServiceLayer.Log4net - ---Executing GetUserAccessFacilityNurseStaions() in FacilityService----
2022-11-18 07:11:14,186 [30] DEBUG LTCPro.ServiceLayer.Log4net - ---Executing GetUserToken() in UserService----
2022-11-18 07:11:14,191 [30] DEBUG LTCPro.ServiceLayer.Log4net - ---Executing GetUserAccessFacilityNurseStaions() in FacilityController----
2022-11-18 07:11:14,192 [30] DEBUG LTCPro.ServiceLayer.Log4net - ---Executing GetUserAccessFacilityNurseStaions() in FacilityService----
2022-11-18 07:11:14,193 [18] DEBUG LTCPro.ServiceLayer.Log4net - ---Executed Successfully GetUserAccessFacilityNurseStaions() in FacilityController----
2022-11-18 07:11:14,215 [17] DEBUG LTCPro.ServiceLayer.Log4net - ---Executed Successfully GetPendingDosesList() in CommonController----
2022-11-18 07:11:14,220 [30] DEBUG LTCPro.ServiceLayer.Log4net - ---Executed Successfully GetUserAccessFacilityNurseStaions() in FacilityController----
2022-11-18 07:11:14,264 [41] DEBUG LTCPro.ServiceLayer.Log4net - ---Executing GetUserToken() in UserService----
2022-11-18 07:11:14,271 [41] DEBUG LTCPro.ServiceLayer.Log4net - ---Executing UserNurseStationDrop() in FacilityController----
2022-11-18 07:11:14,271 [41] DEBUG LTCPro.ServiceLayer.Log4net - ---Executing UserNurseStationDrop() in FacilityService----
2022-11-18 07:11:14,280 [41] DEBUG LTCPro.ServiceLayer.Log4net - ---Executed Successfully UserNurseStationDrop() in FacilityController----
2022-11-18 07:11:14,326 [37] DEBUG LTCPro.ServiceLayer.Log4net - ---Executing GetUserToken() in UserService----
2022-11-18 07:11:14,344 [37] DEBUG LTCPro.ServiceLayer.Log4net - ---Executing GetCompanyToBedFlagByFacId() in FacilityController----
2022-11-18 07:11:14,344 [37] DEBUG LTCPro.ServiceLayer.Log4net - ---Executing GetCompanyToBedFlagByFacId() in FacilityService----
2022-11-18 07:11:14,361 [34] DEBUG LTCPro.ServiceLayer.Log4net - ---Executing GetUserToken() in UserService----
2022-11-18 07:11:14,368 [34] DEBUG LTCPro.ServiceLayer.Log4net - ---Executing GetResidentsByCompanyBed() in ResidentDemographicController----
2022-11-18 07:11:14,368 [34] DEBUG LTCPro.ServiceLayer.Log4net - ---Executing GetResidentsByCompanyBed() in ResidentDemographicService----
2022-11-18 07:11:14,382 [37] DEBUG LTCPro.ServiceLayer.Log4net - ---Executed Successfully GetCompanyToBedFlagByFacId() in FacilityController----
2022-11-18 07:11:14,460 [37] DEBUG LTCPro.ServiceLayer.Log4net - ---Executing GetUserToken() in UserService----
2022-11-18 07:11:14,466 [37] DEBUG LTCPro.ServiceLayer.Log4net - ---Executing GetNurseStationHierarchyDetailsbyNsId() in CompanyController----
2022-11-18 07:11:14,466 [37] DEBUG LTCPro.ServiceLayer.Log4net - ---Executing GetNurseStationHierarchyDetailsbyNsId() in CompanyService----
2022-11-18 07:11:14,470 [37] DEBUG LTCPro.ServiceLayer.Log4net - ---Executed Successfully GetNurseStationHierarchyDetailsbyNsId() in CompanyController----
2022-11-18 07:11:14,827 [12] DEBUG LTCPro.ServiceLayer.Log4net - ---Executed Successfully GetOutboundErrorDetails() in CommonController----
2022-11-18 07:11:15,180 [6] DEBUG LTCPro.ServiceLayer.Log4net - ---Executed Successfully GetDueMARAlertData() in EmarController----
2022-11-18 07:11:15,926 [34] DEBUG LTCPro.ServiceLayer.Log4net - ---Executed Successfully GetResidentsByCompanyBed() in ResidentDemographicController----
2022-11-18 07:12:12,759 [41] DEBUG LTCPro.ServiceLayer.Log4net - ---Executing GetUserToken() in UserService----
2022-11-18 07:12:12,771 [18] DEBUG LTCPro.ServiceLayer.Log4net - ---Executing GetUserToken() in UserService----
2022-11-18 07:12:12,771 [6] DEBUG LTCPro.ServiceLayer.Log4net - ---Executing GetUserToken() in UserService----
2022-11-18 07:12:12,774 [41] DEBUG LTCPro.ServiceLayer.Log4net - ---Executing GetReadMailsCount() in MailboxController----
2022-11-18 07:12:12,774 [41] DEBUG LTCPro.ServiceLayer.Log4net - ---Executing GetReadMailsCount() in MailboxService----
2022-11-18 07:12:12,778 [18] DEBUG LTCPro.ServiceLayer.Log4net - ---Executing GetAlertsDetails() in MailboxController----
2022-11-18 07:12:12,778 [18] DEBUG LTCPro.ServiceLayer.Log4net - ---Executing GetAlertsDetails() in MailboxService----
2022-11-18 07:12:12,779 [6] DEBUG LTCPro.ServiceLayer.Log4net - ---Executing GetUserPassedDueFlag() in UserController----
2022-11-18 07:12:12,779 [6] DEBUG LTCPro.ServiceLayer.Log4net - ---Executing GetUserPassedDueFlag() in UserService----
2022-11-18 07:12:12,808 [41] DEBUG LTCPro.ServiceLayer.Log4net - ---Executed successfully GetReadMailsCount() in MailboxController----
2022-11-18 07:12:12,812 [6] DEBUG LTCPro.ServiceLayer.Log4net - ---Executed Successfully GetUserPassedDueFlag() in UserController----
2022-11-18 07:12:12,828 [37] DEBUG LTCPro.ServiceLayer.Log4net - ---Executing GetUserToken() in UserService----
2022-11-18 07:12:12,828 [6] DEBUG LTCPro.ServiceLayer.Log4net - ---Executing GetUserToken() in UserService----
2022-11-18 07:12:12,833 [41] DEBUG LTCPro.ServiceLayer.Log4net - ---Executing GetUserToken() in UserService----
2022-11-18 07:12:12,844 [6] DEBUG LTCPro.ServiceLayer.Log4net - ---Executing GetPendingDosesList() in CommonController----
2022-11-18 07:12:12,844 [6] DEBUG LTCPro.ServiceLayer.Log4net - ---Executing GetPendingDosesList() in CommonService----
2022-11-18 07:12:12,846 [41] DEBUG LTCPro.ServiceLayer.Log4net - ---Executing GetDueMARAlertData() in EmarController----
2022-11-18 07:12:12,846 [41] DEBUG LTCPro.ServiceLayer.Log4net - ---Executing GetDueMARAlertData() in EmarService----
2022-11-18 07:12:12,847 [37] DEBUG LTCPro.ServiceLayer.Log4net - ---Executing GetOutboundErrorDetails() in CommonController----
2022-11-18 07:12:12,847 [37] DEBUG LTCPro.ServiceLayer.Log4net - ---Executing GetOutboundErrorDetails() in CommonService----
2022-11-18 07:12:12,849 [18] DEBUG LTCPro.ServiceLayer.Log4net - ---Executed successfully GetAlertsDetails() in MailboxController----
2022-11-18 07:12:12,912 [8] DEBUG LTCPro.ServiceLayer.Log4net - ---Executing GetUserToken() in UserService----
2022-11-18 07:12:12,914 [18] DEBUG LTCPro.ServiceLayer.Log4net - ---Executing GetUserToken() in UserService----
2022-11-18 07:12:12,945 [8] DEBUG LTCPro.ServiceLayer.Log4net - ---Executing GetUserRecentFacNs() in UserController----
2022-11-18 07:12:12,945 [8] DEBUG LTCPro.ServiceLayer.Log4net - ---Executing GetUserRecentFacNs() in UserService----
2022-11-18 07:12:12,946 [18] DEBUG LTCPro.ServiceLayer.Log4net - ---Executing InsertUserActivityDetails() in CompanyController----
2022-11-18 07:12:12,946 [18] DEBUG LTCPro.ServiceLayer.Log4net - ---Executing InsertUserActivityDetails() in UserActivityService----
2022-11-18 07:12:12,955 [8] DEBUG LTCPro.ServiceLayer.Log4net - ---Executed Successfully GetUserRecentFacNs() in UserController----
2022-11-18 07:12:12,959 [18] DEBUG LTCPro.ServiceLayer.Log4net - ---Executed Successfully InsertUserActivityDetails() in CompanyController----
2022-11-18 07:12:12,962 [29] DEBUG LTCPro.ServiceLayer.Log4net - ---Executing GetUserToken() in UserService----
2022-11-18 07:12:12,971 [29] DEBUG LTCPro.ServiceLayer.Log4net - ---Executing GetUserRecentFacNs() in UserController----
2022-11-18 07:12:12,971 [29] DEBUG LTCPro.ServiceLayer.Log4net - ---Executing GetUserRecentFacNs() in UserService----
2022-11-18 07:12:13,038 [29] DEBUG LTCPro.ServiceLayer.Log4net - ---Executed Successfully GetUserRecentFacNs() in UserController----
2022-11-18 07:12:13,046 [37] DEBUG LTCPro.ServiceLayer.Log4net - ---Executed Successfully GetOutboundErrorDetails() in CommonController----
2022-11-18 07:12:13,048 [6] DEBUG LTCPro.ServiceLayer.Log4net - ---Executed Successfully GetPendingDosesList() in CommonController----
2022-11-18 07:12:13,204 [24] DEBUG LTCPro.ServiceLayer.Log4net - ---Executing GetUserToken() in UserService----
2022-11-18 07:12:13,211 [33] DEBUG LTCPro.ServiceLayer.Log4net - ---Executing GetUserToken() in UserService----
2022-11-18 07:12:13,216 [24] DEBUG LTCPro.ServiceLayer.Log4net - ---Executing GetUserAccessFacilityNurseStaions() in FacilityController----
2022-11-18 07:12:13,217 [24] DEBUG LTCPro.ServiceLayer.Log4net - ---Executing GetUserAccessFacilityNurseStaions() in FacilityService----
2022-11-18 07:12:13,219 [33] DEBUG LTCPro.ServiceLayer.Log4net - ---Executing GetUserAccessFacilityNurseStaions() in FacilityController----
2022-11-18 07:12:13,219 [33] DEBUG LTCPro.ServiceLayer.Log4net - ---Executing GetUserAccessFacilityNurseStaions() in FacilityService----
2022-11-18 07:12:13,245 [33] DEBUG LTCPro.ServiceLayer.Log4net - ---Executed Successfully GetUserAccessFacilityNurseStaions() in FacilityController----
2022-11-18 07:12:13,246 [24] DEBUG LTCPro.ServiceLayer.Log4net - ---Executed Successfully GetUserAccessFacilityNurseStaions() in FacilityController----
2022-11-18 07:12:13,286 [24] DEBUG LTCPro.ServiceLayer.Log4net - ---Executing GetUserToken() in UserService----
2022-11-18 07:12:13,295 [24] DEBUG LTCPro.ServiceLayer.Log4net - ---Executing UserNurseStationDrop() in FacilityController----
2022-11-18 07:12:13,295 [24] DEBUG LTCPro.ServiceLayer.Log4net - ---Executing UserNurseStationDrop() in FacilityService----
2022-11-18 07:12:13,303 [24] DEBUG LTCPro.ServiceLayer.Log4net - ---Executed Successfully UserNurseStationDrop() in FacilityController----
2022-11-18 07:12:13,342 [14] DEBUG LTCPro.ServiceLayer.Log4net - ---Executing GetUserToken() in UserService----
2022-11-18 07:12:13,352 [14] DEBUG LTCPro.ServiceLayer.Log4net - ---Executing GetCompanyToBedFlagByFacId() in FacilityController----
2022-11-18 07:12:13,352 [14] DEBUG LTCPro.ServiceLayer.Log4net - ---Executing GetCompanyToBedFlagByFacId() in FacilityService----
2022-11-18 07:12:13,389 [18] DEBUG LTCPro.ServiceLayer.Log4net - ---Executing GetUserToken() in UserService----
2022-11-18 07:12:13,424 [18] DEBUG LTCPro.ServiceLayer.Log4net - ---Executing GetResidentsByCompanyBed() in ResidentDemographicController----
2022-11-18 07:12:13,424 [18] DEBUG LTCPro.ServiceLayer.Log4net - ---Executing GetResidentsByCompanyBed() in ResidentDemographicService----
2022-11-18 07:12:13,457 [14] DEBUG LTCPro.ServiceLayer.Log4net - ---Executed Successfully GetCompanyToBedFlagByFacId() in FacilityController----
2022-11-18 07:12:13,537 [8] DEBUG LTCPro.ServiceLayer.Log4net - ---Executing GetUserToken() in UserService----
2022-11-18 07:12:13,571 [8] DEBUG LTCPro.ServiceLayer.Log4net - ---Executing GetNurseStationHierarchyDetailsbyNsId() in CompanyController----
2022-11-18 07:12:13,571 [8] DEBUG LTCPro.ServiceLayer.Log4net - ---Executing GetNurseStationHierarchyDetailsbyNsId() in CompanyService----
2022-11-18 07:12:13,584 [8] DEBUG LTCPro.ServiceLayer.Log4net - ---Executed Successfully GetNurseStationHierarchyDetailsbyNsId() in CompanyController----
2022-11-18 07:12:13,691 [41] DEBUG LTCPro.ServiceLayer.Log4net - ---Executed Successfully GetDueMARAlertData() in EmarController----
2022-11-18 07:12:15,132 [18] DEBUG LTCPro.ServiceLayer.Log4net - ---Executed Successfully GetResidentsByCompanyBed() in ResidentDemographicController----
2022-11-18 07:12:28,773 [38] DEBUG LTCPro.ServiceLayer.Log4net - ---Executing GetUserToken() in UserService----
2022-11-18 07:12:28,775 [25] DEBUG LTCPro.ServiceLayer.Log4net - ---Executing GetUserToken() in UserService----
2022-11-18 07:12:28,857 [14] DEBUG LTCPro.ServiceLayer.Log4net - ---Executing GetUserToken() in UserService----
2022-11-18 07:12:28,859 [41] DEBUG LTCPro.ServiceLayer.Log4net - ---Executing GetUserToken() in UserService----
2022-11-18 07:12:28,861 [25] DEBUG LTCPro.ServiceLayer.Log4net - ---Executing GetOutboundErrorDetails() in CommonController----
2022-11-18 07:12:28,861 [25] DEBUG LTCPro.ServiceLayer.Log4net - ---Executing GetOutboundErrorDetails() in CommonService----
2022-11-18 07:12:28,865 [38] DEBUG LTCPro.ServiceLayer.Log4net - ---Executing GetPendingDosesList() in CommonController----
2022-11-18 07:12:28,865 [38] DEBUG LTCPro.ServiceLayer.Log4net - ---Executing GetPendingDosesList() in CommonService----
2022-11-18 07:12:28,869 [41] DEBUG LTCPro.ServiceLayer.Log4net - ---Executing GetAlertsDetails() in MailboxController----
2022-11-18 07:12:28,869 [41] DEBUG LTCPro.ServiceLayer.Log4net - ---Executing GetAlertsDetails() in MailboxService----
2022-11-18 07:12:28,871 [14] DEBUG LTCPro.ServiceLayer.Log4net - ---Executing GetReadMailsCount() in MailboxController----
2022-11-18 07:12:28,871 [14] DEBUG LTCPro.ServiceLayer.Log4net - ---Executing GetReadMailsCount() in MailboxService----
2022-11-18 07:12:28,885 [8] DEBUG LTCPro.ServiceLayer.Log4net - ---Executing GetUserToken() in UserService----
2022-11-18 07:12:28,888 [29] DEBUG LTCPro.ServiceLayer.Log4net - ---Executing GetUserToken() in UserService----
2022-11-18 07:12:28,888 [14] DEBUG LTCPro.ServiceLayer.Log4net - ---Executed successfully GetReadMailsCount() in MailboxController----
2022-11-18 07:12:28,898 [29] DEBUG LTCPro.ServiceLayer.Log4net - ---Executing GetUserPassedDueFlag() in UserController----
2022-11-18 07:12:28,898 [29] DEBUG LTCPro.ServiceLayer.Log4net - ---Executing GetUserPassedDueFlag() in UserService----
2022-11-18 07:12:28,912 [8] DEBUG LTCPro.ServiceLayer.Log4net - ---Executing GetUserRecentFacNs() in UserController----
2022-11-18 07:12:28,912 [8] DEBUG LTCPro.ServiceLayer.Log4net - ---Executing GetUserRecentFacNs() in UserService----
2022-11-18 07:12:28,913 [29] DEBUG LTCPro.ServiceLayer.Log4net - ---Executed Successfully GetUserPassedDueFlag() in UserController----
2022-11-18 07:12:28,936 [41] DEBUG LTCPro.ServiceLayer.Log4net - ---Executed successfully GetAlertsDetails() in MailboxController----
2022-11-18 07:12:28,942 [8] DEBUG LTCPro.ServiceLayer.Log4net - ---Executed Successfully GetUserRecentFacNs() in UserController----
2022-11-18 07:12:28,943 [14] DEBUG LTCPro.ServiceLayer.Log4net - ---Executing GetUserToken() in UserService----
2022-11-18 07:12:28,954 [14] DEBUG LTCPro.ServiceLayer.Log4net - ---Executing GetUserRecentFacNs() in UserController----
2022-11-18 07:12:28,954 [14] DEBUG LTCPro.ServiceLayer.Log4net - ---Executing GetUserRecentFacNs() in UserService----
2022-11-18 07:12:28,958 [8] DEBUG LTCPro.ServiceLayer.Log4net - ---Executing GetUserToken() in UserService----
2022-11-18 07:12:28,965 [8] DEBUG LTCPro.ServiceLayer.Log4net - ---Executing InsertUserActivityDetails() in CompanyController----
2022-11-18 07:12:28,965 [8] DEBUG LTCPro.ServiceLayer.Log4net - ---Executing InsertUserActivityDetails() in UserActivityService----
2022-11-18 07:12:28,967 [21] DEBUG LTCPro.ServiceLayer.Log4net - ---Executing GetUserToken() in UserService----
2022-11-18 07:12:28,968 [14] DEBUG LTCPro.ServiceLayer.Log4net - ---Executed Successfully GetUserRecentFacNs() in UserController----
2022-11-18 07:12:28,976 [8] DEBUG LTCPro.ServiceLayer.Log4net - ---Executed Successfully InsertUserActivityDetails() in CompanyController----
2022-11-18 07:12:28,979 [6] DEBUG LTCPro.ServiceLayer.Log4net - ---Executing GetUserToken() in UserService----
2022-11-18 07:12:28,981 [21] DEBUG LTCPro.ServiceLayer.Log4net - ---Executing GetDueMARAlertData() in EmarController----
2022-11-18 07:12:28,981 [21] DEBUG LTCPro.ServiceLayer.Log4net - ---Executing GetDueMARAlertData() in EmarService----
2022-11-18 07:12:28,985 [6] DEBUG LTCPro.ServiceLayer.Log4net - ---Executing GetUserAccessFacilityNurseStaions() in FacilityController----
2022-11-18 07:12:28,985 [6] DEBUG LTCPro.ServiceLayer.Log4net - ---Executing GetUserAccessFacilityNurseStaions() in FacilityService----
2022-11-18 07:12:28,993 [37] DEBUG LTCPro.ServiceLayer.Log4net - ---Executing GetUserToken() in UserService----
2022-11-18 07:12:28,997 [6] DEBUG LTCPro.ServiceLayer.Log4net - ---Executed Successfully GetUserAccessFacilityNurseStaions() in FacilityController----
2022-11-18 07:12:29,007 [37] DEBUG LTCPro.ServiceLayer.Log4net - ---Executing GetUserAccessFacilityNurseStaions() in FacilityController----
2022-11-18 07:12:29,007 [37] DEBUG LTCPro.ServiceLayer.Log4net - ---Executing GetUserAccessFacilityNurseStaions() in FacilityService----
2022-11-18 07:12:29,033 [37] DEBUG LTCPro.ServiceLayer.Log4net - ---Executed Successfully GetUserAccessFacilityNurseStaions() in FacilityController----
2022-11-18 07:12:29,033 [38] DEBUG LTCPro.ServiceLayer.Log4net - ---Executed Successfully GetPendingDosesList() in CommonController----
2022-11-18 07:12:29,058 [25] DEBUG LTCPro.ServiceLayer.Log4net - ---Executed Successfully GetOutboundErrorDetails() in CommonController----
2022-11-18 07:12:29,074 [38] DEBUG LTCPro.ServiceLayer.Log4net - ---Executing GetUserToken() in UserService----
2022-11-18 07:12:29,079 [38] DEBUG LTCPro.ServiceLayer.Log4net - ---Executing UserNurseStationDrop() in FacilityController----
2022-11-18 07:12:29,079 [38] DEBUG LTCPro.ServiceLayer.Log4net - ---Executing UserNurseStationDrop() in FacilityService----
2022-11-18 07:12:29,091 [38] DEBUG LTCPro.ServiceLayer.Log4net - ---Executed Successfully UserNurseStationDrop() in FacilityController----
2022-11-18 07:12:29,121 [41] DEBUG LTCPro.ServiceLayer.Log4net - ---Executing GetUserToken() in UserService----
2022-11-18 07:12:29,126 [41] DEBUG LTCPro.ServiceLayer.Log4net - ---Executing GetCompanyToBedFlagByFacId() in FacilityController----
2022-11-18 07:12:29,126 [41] DEBUG LTCPro.ServiceLayer.Log4net - ---Executing GetCompanyToBedFlagByFacId() in FacilityService----
2022-11-18 07:12:29,156 [18] DEBUG LTCPro.ServiceLayer.Log4net - ---Executing GetUserToken() in UserService----
2022-11-18 07:12:29,161 [41] DEBUG LTCPro.ServiceLayer.Log4net - ---Executed Successfully GetCompanyToBedFlagByFacId() in FacilityController----
2022-11-18 07:12:29,163 [18] DEBUG LTCPro.ServiceLayer.Log4net - ---Executing GetResidentsByCompanyBed() in ResidentDemographicController----
2022-11-18 07:12:29,163 [18] DEBUG LTCPro.ServiceLayer.Log4net - ---Executing GetResidentsByCompanyBed() in ResidentDemographicService----
2022-11-18 07:12:29,211 [41] DEBUG LTCPro.ServiceLayer.Log4net - ---Executing GetUserToken() in UserService----
2022-11-18 07:12:29,216 [41] DEBUG LTCPro.ServiceLayer.Log4net - ---Executing GetNurseStationHierarchyDetailsbyNsId() in CompanyController----
2022-11-18 07:12:29,216 [41] DEBUG LTCPro.ServiceLayer.Log4net - ---Executing GetNurseStationHierarchyDetailsbyNsId() in CompanyService----
2022-11-18 07:12:29,221 [41] DEBUG LTCPro.ServiceLayer.Log4net - ---Executed Successfully GetNurseStationHierarchyDetailsbyNsId() in CompanyController----
2022-11-18 07:12:29,764 [21] DEBUG LTCPro.ServiceLayer.Log4net - ---Executed Successfully GetDueMARAlertData() in EmarController----
2022-11-18 07:12:30,756 [18] DEBUG LTCPro.ServiceLayer.Log4net - ---Executed Successfully GetResidentsByCompanyBed() in ResidentDemographicController----
2022-11-18 07:12:34,508 [6] DEBUG LTCPro.ServiceLayer.Log4net - ---Executing GetUserToken() in UserService----
2022-11-18 07:12:34,540 [21] DEBUG LTCPro.ServiceLayer.Log4net - ---Executing GetUserToken() in UserService----
2022-11-18 07:12:34,585 [6] DEBUG LTCPro.ServiceLayer.Log4net - ---Executing InsertUserActivityDetails() in CompanyController----
2022-11-18 07:12:34,585 [6] DEBUG LTCPro.ServiceLayer.Log4net - ---Executing InsertUserActivityDetails() in UserActivityService----
2022-11-18 07:12:34,614 [6] DEBUG LTCPro.ServiceLayer.Log4net - ---Executed Successfully InsertUserActivityDetails() in CompanyController----
2022-11-18 07:12:34,616 [40] DEBUG LTCPro.ServiceLayer.Log4net - ---Executing GetUserToken() in UserService----
2022-11-18 07:12:34,622 [21] DEBUG LTCPro.ServiceLayer.Log4net - ---Executing GetFacilityNSResidentsDataByPId() in ResidentDemographicController----
2022-11-18 07:12:34,622 [21] DEBUG LTCPro.ServiceLayer.Log4net - ---Executing GetFacilityNSResidentsDataByPId() in ResidentDemographicService----
2022-11-18 07:12:34,623 [40] DEBUG LTCPro.ServiceLayer.Log4net - ---Executing GetResidentAdmitDischargeData() in ResidentDemographicController----
2022-11-18 07:12:34,623 [40] DEBUG LTCPro.ServiceLayer.Log4net - ---Executing GetResidentAdmitDischargeData() in ResidentDemographicService----
2022-11-18 07:12:34,629 [40] DEBUG LTCPro.ServiceLayer.Log4net - ---Executed Successfully GetResidentAdmitDischargeData() in ResidentDemographicController----
2022-11-18 07:12:34,630 [6] DEBUG LTCPro.ServiceLayer.Log4net - ---Executing GetUserToken() in UserService----
2022-11-18 07:12:34,658 [6] DEBUG LTCPro.ServiceLayer.Log4net - ---Executing InsertUserActivityDetails() in CompanyController----
2022-11-18 07:12:34,658 [6] DEBUG LTCPro.ServiceLayer.Log4net - ---Executing InsertUserActivityDetails() in UserActivityService----
2022-11-18 07:12:34,677 [6] DEBUG LTCPro.ServiceLayer.Log4net - ---Executed Successfully InsertUserActivityDetails() in CompanyController----
2022-11-18 07:12:34,678 [41] DEBUG LTCPro.ServiceLayer.Log4net - ---Executing GetUserToken() in UserService----
2022-11-18 07:12:34,690 [40] DEBUG LTCPro.ServiceLayer.Log4net - ---Executing GetUserToken() in UserService----
2022-11-18 07:12:34,704 [40] DEBUG LTCPro.ServiceLayer.Log4net - ---Executing InsertUserActivityDetails() in CompanyController----
2022-11-18 07:12:34,704 [40] DEBUG LTCPro.ServiceLayer.Log4net - ---Executing InsertUserActivityDetails() in UserActivityService----
2022-11-18 07:12:34,704 [41] DEBUG LTCPro.ServiceLayer.Log4net - ---Executing GetResidentAdmitDischargeData() in ResidentDemographicController----
2022-11-18 07:12:34,704 [41] DEBUG LTCPro.ServiceLayer.Log4net - ---Executing GetResidentAdmitDischargeData() in ResidentDemographicService----
2022-11-18 07:12:34,710 [21] DEBUG LTCPro.ServiceLayer.Log4net - ---Executed Successfully GetFacilityNSResidentsDataByPId() in ResidentDemographicController----
2022-11-18 07:12:34,712 [41] DEBUG LTCPro.ServiceLayer.Log4net - ---Executed Successfully GetResidentAdmitDischargeData() in ResidentDemographicController----
2022-11-18 07:12:34,719 [40] DEBUG LTCPro.ServiceLayer.Log4net - ---Executed Successfully InsertUserActivityDetails() in CompanyController----
2022-11-18 07:12:34,723 [6] DEBUG LTCPro.ServiceLayer.Log4net - ---Executing GetUserToken() in UserService----
2022-11-18 07:12:34,731 [6] DEBUG LTCPro.ServiceLayer.Log4net - ---Executing InsertUserActivityDetails() in CompanyController----
2022-11-18 07:12:34,731 [6] DEBUG LTCPro.ServiceLayer.Log4net - ---Executing InsertUserActivityDetails() in UserActivityService----
2022-11-18 07:12:34,745 [6] DEBUG LTCPro.ServiceLayer.Log4net - ---Executed Successfully InsertUserActivityDetails() in CompanyController----
2022-11-18 07:12:34,819 [21] DEBUG LTCPro.ServiceLayer.Log4net - ---Executing GetUserToken() in UserService----
2022-11-18 07:12:34,830 [40] DEBUG LTCPro.ServiceLayer.Log4net - ---Executing GetUserToken() in UserService----
2022-11-18 07:12:34,840 [6] DEBUG LTCPro.ServiceLayer.Log4net - ---Executing GetUserToken() in UserService----
2022-11-18 07:12:34,841 [21] DEBUG LTCPro.ServiceLayer.Log4net - ---Executing GetResidentAllergies() in ResidentDemographicController----
2022-11-18 07:12:34,841 [21] DEBUG LTCPro.ServiceLayer.Log4net - ---Executing GetResidentAllergies() in AllergyInfoService----
2022-11-18 07:12:34,843 [40] DEBUG LTCPro.ServiceLayer.Log4net - ---Executing GetResidentInformation() in ResidentDemographicController----
2022-11-18 07:12:34,843 [40] DEBUG LTCPro.ServiceLayer.Log4net - ---Executing GetResidentInformation() in ResidentDemographicService----
2022-11-18 07:12:34,844 [41] DEBUG LTCPro.ServiceLayer.Log4net - ---Executing GetUserToken() in UserService----
2022-11-18 07:12:34,846 [6] DEBUG LTCPro.ServiceLayer.Log4net - ---Executing GetResidentDiagnosisInfo() in ResidentDemographicController----
2022-11-18 07:12:34,846 [6] DEBUG LTCPro.ServiceLayer.Log4net - ---Executing GetResidentDiagnosisInfo() in DiagnosisInfoService----
2022-11-18 07:12:34,847 [21] DEBUG LTCPro.ServiceLayer.Log4net - ---Executed Successfully GetResidentAllergies() in ResidentDemographicController----
2022-11-18 07:12:34,850 [41] DEBUG LTCPro.ServiceLayer.Log4net - ---Executing GetResidentInformation() in ResidentDemographicController----
2022-11-18 07:12:34,850 [41] DEBUG LTCPro.ServiceLayer.Log4net - ---Executing GetResidentInformation() in ResidentDemographicService----
2022-11-18 07:12:34,887 [6] DEBUG LTCPro.ServiceLayer.Log4net - ---Executed Successfully GetResidentDiagnosisInfo() in ResidentDemographicController----
2022-11-18 07:12:35,006 [40] DEBUG LTCPro.ServiceLayer.Log4net - ---Executed Successfully GetResidentInformation() in ResidentDemographicController----
2022-11-18 07:12:35,012 [41] DEBUG LTCPro.ServiceLayer.Log4net - ---Executed Successfully GetResidentInformation() in ResidentDemographicController----
2022-11-18 07:12:35,131 [21] DEBUG LTCPro.ServiceLayer.Log4net - ---Executing GetUserToken() in UserService----
2022-11-18 07:12:35,144 [18] DEBUG LTCPro.ServiceLayer.Log4net - ---Executing GetUserToken() in UserService----
2022-11-18 07:12:35,158 [41] DEBUG LTCPro.ServiceLayer.Log4net - ---Executing GetUserToken() in UserService----
2022-11-18 07:12:35,161 [21] DEBUG LTCPro.ServiceLayer.Log4net - ---Executing GetResidentAdmitDischargeData() in ResidentDemographicController----
2022-11-18 07:12:35,161 [21] DEBUG LTCPro.ServiceLayer.Log4net - ---Executing GetResidentAdmitDischargeData() in ResidentDemographicService----
2022-11-18 07:12:35,165 [41] DEBUG LTCPro.ServiceLayer.Log4net - ---Executing GetResidentAllergies() in ResidentDemographicController----
2022-11-18 07:12:35,165 [41] DEBUG LTCPro.ServiceLayer.Log4net - ---Executing GetResidentAllergies() in AllergyInfoService----
2022-11-18 07:12:35,170 [18] DEBUG LTCPro.ServiceLayer.Log4net - ---Executing GetResidentInformation() in ResidentDemographicController----
2022-11-18 07:12:35,170 [18] DEBUG LTCPro.ServiceLayer.Log4net - ---Executing GetResidentInformation() in ResidentDemographicService----
2022-11-18 07:12:35,174 [6] DEBUG LTCPro.ServiceLayer.Log4net - ---Executing GetUserToken() in UserService----
2022-11-18 07:12:35,180 [21] DEBUG LTCPro.ServiceLayer.Log4net - ---Executed Successfully GetResidentAdmitDischargeData() in ResidentDemographicController----
2022-11-18 07:12:35,182 [40] DEBUG LTCPro.ServiceLayer.Log4net - ---Executing GetUserToken() in UserService----
2022-11-18 07:12:35,193 [6] DEBUG LTCPro.ServiceLayer.Log4net - ---Executing GetResidentDiagnosisInfo() in ResidentDemographicController----
2022-11-18 07:12:35,193 [6] DEBUG LTCPro.ServiceLayer.Log4net - ---Executing GetResidentDiagnosisInfo() in DiagnosisInfoService----
2022-11-18 07:12:35,195 [41] DEBUG LTCPro.ServiceLayer.Log4net - ---Executed Successfully GetResidentAllergies() in ResidentDemographicController----
2022-11-18 07:12:35,212 [40] DEBUG LTCPro.ServiceLayer.Log4net - ---Executing GetPatientTypeByID() in CommonController----
2022-11-18 07:12:35,212 [40] DEBUG LTCPro.ServiceLayer.Log4net - ---Executing GetPatientTypeDrop() in CommonService----
2022-11-18 07:12:35,216 [6] DEBUG LTCPro.ServiceLayer.Log4net - ---Executed Successfully GetResidentDiagnosisInfo() in ResidentDemographicController----
2022-11-18 07:12:35,245 [40] DEBUG LTCPro.ServiceLayer.Log4net - ---Executed Successfully GetPatientTypeDrop() in CommonController----
2022-11-18 07:12:35,341 [37] DEBUG LTCPro.ServiceLayer.Log4net - ---Executing GetUserToken() in UserService----
2022-11-18 07:12:35,346 [18] DEBUG LTCPro.ServiceLayer.Log4net - ---Executed Successfully GetResidentInformation() in ResidentDemographicController----
2022-11-18 07:12:35,348 [37] DEBUG LTCPro.ServiceLayer.Log4net - ---Executing GetAllPatientTypesByPId() in ResidentDemographicController----
2022-11-18 07:12:35,348 [37] DEBUG LTCPro.ServiceLayer.Log4net - ---Executing GetAllPatientTypesByPId() in EmarService----
2022-11-18 07:12:35,353 [37] DEBUG LTCPro.ServiceLayer.Log4net - ---Executed Successfully GetAllPatientTypesByPId() in ResidentDemographicController----
2022-11-18 07:12:37,211 [37] DEBUG LTCPro.ServiceLayer.Log4net - ---Executing GetUserToken() in UserService----
2022-11-18 07:12:37,218 [37] DEBUG LTCPro.ServiceLayer.Log4net - ---Executing GetOutboundHLSevenConfigs() in HLSevenSegmentController----
2022-11-18 07:12:37,218 [37] DEBUG LTCPro.ServiceLayer.Log4net - ---Executing GetOutboundHLSevenConfigs() in HLSevenSegmentService----
2022-11-18 07:12:37,225 [37] DEBUG LTCPro.ServiceLayer.Log4net - ---Executed Successfully GetOutboundHLSevenConfigs() in HLSevenSegmentController----
2022-11-18 07:12:37,282 [18] DEBUG LTCPro.ServiceLayer.Log4net - ---Executing GetUserToken() in UserService----
2022-11-18 07:12:37,288 [18] DEBUG LTCPro.ServiceLayer.Log4net - ---Executing UserFacilityDrop() in FacilityController----
2022-11-18 07:12:37,288 [18] DEBUG LTCPro.ServiceLayer.Log4net - ---Executing UserFacilityDrop() in FacilityService----
2022-11-18 07:12:37,309 [18] DEBUG LTCPro.ServiceLayer.Log4net - ---Executed Successfully UserFacilityDrop() in FacilityController----
2022-11-18 07:12:37,320 [6] DEBUG LTCPro.ServiceLayer.Log4net - ---Executing GetUserToken() in UserService----
2022-11-18 07:12:37,333 [6] DEBUG LTCPro.ServiceLayer.Log4net - ---Executing GetResidentAdmitvisitInfoData() in ResidentDemographicController----
2022-11-18 07:12:37,333 [6] DEBUG LTCPro.ServiceLayer.Log4net - ---Executing  VisitInfoEntity()  in GetResidentAdmitvisitInfoData----
2022-11-18 07:12:37,347 [6] DEBUG LTCPro.ServiceLayer.Log4net - ---Executed Successfully GetResidentAdmitvisitInfoData() in ResidentDemographicController----
2022-11-18 07:12:37,373 [14] DEBUG LTCPro.ServiceLayer.Log4net - ---Executing GetUserToken() in UserService----
2022-11-18 07:12:37,374 [37] DEBUG LTCPro.ServiceLayer.Log4net - ---Executing GetUserToken() in UserService----
2022-11-18 07:12:37,378 [14] DEBUG LTCPro.ServiceLayer.Log4net - ---Executing UserFacilityDrop() in FacilityController----
2022-11-18 07:12:37,378 [14] DEBUG LTCPro.ServiceLayer.Log4net - ---Executing UserFacilityDrop() in FacilityService----
2022-11-18 07:12:37,380 [37] DEBUG LTCPro.ServiceLayer.Log4net - ---Executing GetCompanyToBedFlagByFacId() in FacilityController----
2022-11-18 07:12:37,380 [37] DEBUG LTCPro.ServiceLayer.Log4net - ---Executing GetCompanyToBedFlagByFacId() in FacilityService----
2022-11-18 07:12:37,385 [14] DEBUG LTCPro.ServiceLayer.Log4net - ---Executed Successfully UserFacilityDrop() in FacilityController----
2022-11-18 07:12:37,412 [37] DEBUG LTCPro.ServiceLayer.Log4net - ---Executed Successfully GetCompanyToBedFlagByFacId() in FacilityController----
2022-11-18 07:12:37,434 [6] DEBUG LTCPro.ServiceLayer.Log4net - ---Executing GetUserToken() in UserService----
2022-11-18 07:12:37,439 [6] DEBUG LTCPro.ServiceLayer.Log4net - ---Executing UserNurseStationDrop() in FacilityController----
2022-11-18 07:12:37,439 [6] DEBUG LTCPro.ServiceLayer.Log4net - ---Executing UserNurseStationDrop() in FacilityService----
2022-11-18 07:12:37,445 [6] DEBUG LTCPro.ServiceLayer.Log4net - ---Executed Successfully UserNurseStationDrop() in FacilityController----
2022-11-18 07:12:37,456 [37] DEBUG LTCPro.ServiceLayer.Log4net - ---Executing GetUserToken() in UserService----
2022-11-18 07:12:37,462 [37] DEBUG LTCPro.ServiceLayer.Log4net - ---Executing GetNurseStationHierarchyDetailsbyNsId() in CompanyController----
2022-11-18 07:12:37,462 [37] DEBUG LTCPro.ServiceLayer.Log4net - ---Executing GetNurseStationHierarchyDetailsbyNsId() in CompanyService----
2022-11-18 07:12:37,467 [37] DEBUG LTCPro.ServiceLayer.Log4net - ---Executed Successfully GetNurseStationHierarchyDetailsbyNsId() in CompanyController----
2022-11-18 07:13:06,656 [37] DEBUG LTCPro.ServiceLayer.Log4net - ---Executing GetUserToken() in UserService----
2022-11-18 07:13:06,662 [37] DEBUG LTCPro.ServiceLayer.Log4net - ---Executing InsertResidentVisitInfo() in AdminApprovalController----
2022-11-18 07:13:06,662 [37] DEBUG LTCPro.ServiceLayer.Log4net - ---Executing InsertResidentVisitInfo() in AdminApprovalService----
2022-11-18 07:13:06,778 [37] DEBUG LTCPro.ServiceLayer.Log4net - ---Executing GenerateOutboundFile() Discharge in AdminApprovalService----
2022-11-18 07:13:06,786 [37] DEBUG LTCPro.ServiceLayer.Log4net - ---Generating OutboundFile Discharge in AdminApprovalService----
2022-11-18 07:13:06,815 [37] DEBUG LTCPro.ServiceLayer.Log4net - ---Generated OutboundFile Download Start D:/Promantra/OutboundLive/Pending//Discharge_11182022054220.hl7 in AdminApprovalService----
2022-11-18 07:13:06,816 [37] DEBUG LTCPro.ServiceLayer.Log4net - ---Generated OutboundFile Download Completed D:/Promantra/OutboundLive/Pending//Discharge_11182022054220.hl7 in AdminApprovalService----
2022-11-18 07:13:06,816 [37] DEBUG LTCPro.ServiceLayer.Log4net - ---Executed GenerateOutboundFile() Discharge in AdminApprovalService----
2022-11-18 07:13:06,973 [37] DEBUG LTCPro.ServiceLayer.Log4net - ---Executed Successfully InsertResidentVisitInfo() in AdminApprovalController----
2022-11-18 07:13:07,027 [14] DEBUG LTCPro.ServiceLayer.Log4net - ---Executing GetUserToken() in UserService----
2022-11-18 07:13:07,033 [14] DEBUG LTCPro.ServiceLayer.Log4net - ---Executing GetApprovalFlag() in CompanyController----
2022-11-18 07:13:07,033 [14] DEBUG LTCPro.ServiceLayer.Log4net - ---Executing GetApprovalFlag() in CompanyService----
2022-11-18 07:13:07,107 [14] DEBUG LTCPro.ServiceLayer.Log4net - ---Executing GetUserToken() in UserService----
2022-11-18 07:13:07,109 [8] DEBUG LTCPro.ServiceLayer.Log4net - ---Executing GetUserToken() in UserService----
2022-11-18 07:13:07,112 [14] DEBUG LTCPro.ServiceLayer.Log4net - ---Executing GetResidentAdmitDischargeData() in ResidentDemographicController----
2022-11-18 07:13:07,112 [14] DEBUG LTCPro.ServiceLayer.Log4net - ---Executing GetResidentAdmitDischargeData() in ResidentDemographicService----
2022-11-18 07:13:07,115 [8] DEBUG LTCPro.ServiceLayer.Log4net - ---Executing GetFacilityNSResidentsDataByPId() in ResidentDemographicController----
2022-11-18 07:13:07,115 [8] DEBUG LTCPro.ServiceLayer.Log4net - ---Executing GetFacilityNSResidentsDataByPId() in ResidentDemographicService----
2022-11-18 07:13:07,119 [14] DEBUG LTCPro.ServiceLayer.Log4net - ---Executed Successfully GetResidentAdmitDischargeData() in ResidentDemographicController----
2022-11-18 07:13:07,151 [8] DEBUG LTCPro.ServiceLayer.Log4net - ---Executed Successfully GetFacilityNSResidentsDataByPId() in ResidentDemographicController----
2022-11-18 07:13:07,199 [37] DEBUG LTCPro.ServiceLayer.Log4net - ---Executing GetUserToken() in UserService----
2022-11-18 07:13:07,204 [37] DEBUG LTCPro.ServiceLayer.Log4net - ---Executing GetResidentInformation() in ResidentDemographicController----
2022-11-18 07:13:07,204 [37] DEBUG LTCPro.ServiceLayer.Log4net - ---Executing GetResidentInformation() in ResidentDemographicService----
2022-11-18 07:13:07,285 [37] DEBUG LTCPro.ServiceLayer.Log4net - ---Executed Successfully GetResidentInformation() in ResidentDemographicController----
2022-11-18 07:13:07,310 [8] DEBUG LTCPro.ServiceLayer.Log4net - ---Executing GetUserToken() in UserService----
2022-11-18 07:13:07,320 [8] DEBUG LTCPro.ServiceLayer.Log4net - ---Executing GetPatientTypeByID() in CommonController----
2022-11-18 07:13:07,320 [8] DEBUG LTCPro.ServiceLayer.Log4net - ---Executing GetPatientTypeDrop() in CommonService----
2022-11-18 07:13:07,349 [14] DEBUG LTCPro.ServiceLayer.Log4net - ---Executing GetUserToken() in UserService----
2022-11-18 07:13:07,364 [37] DEBUG LTCPro.ServiceLayer.Log4net - ---Executing GetUserToken() in UserService----
2022-11-18 07:13:07,366 [14] DEBUG LTCPro.ServiceLayer.Log4net - ---Executing GetResidentInformation() in ResidentDemographicController----
2022-11-18 07:13:07,366 [14] DEBUG LTCPro.ServiceLayer.Log4net - ---Executing GetResidentInformation() in ResidentDemographicService----
2022-11-18 07:13:07,372 [29] DEBUG LTCPro.ServiceLayer.Log4net - ---Executing GetUserToken() in UserService----
2022-11-18 07:13:07,374 [37] DEBUG LTCPro.ServiceLayer.Log4net - ---Executing GetResidentAdmitDischargeData() in ResidentDemographicController----
2022-11-18 07:13:07,374 [37] DEBUG LTCPro.ServiceLayer.Log4net - ---Executing GetResidentAdmitDischargeData() in ResidentDemographicService----
2022-11-18 07:13:07,410 [8] DEBUG LTCPro.ServiceLayer.Log4net - ---Executed Successfully GetPatientTypeDrop() in CommonController----
2022-11-18 07:13:07,412 [29] DEBUG LTCPro.ServiceLayer.Log4net - ---Executing GetResidentAllergies() in ResidentDemographicController----
2022-11-18 07:13:07,412 [29] DEBUG LTCPro.ServiceLayer.Log4net - ---Executing GetResidentAllergies() in AllergyInfoService----
2022-11-18 07:13:07,412 [37] DEBUG LTCPro.ServiceLayer.Log4net - ---Executed Successfully GetResidentAdmitDischargeData() in ResidentDemographicController----
2022-11-18 07:13:07,441 [29] DEBUG LTCPro.ServiceLayer.Log4net - ---Executed Successfully GetResidentAllergies() in ResidentDemographicController----
2022-11-18 07:13:07,495 [37] DEBUG LTCPro.ServiceLayer.Log4net - ---Executing GetUserToken() in UserService----
2022-11-18 07:13:07,500 [37] DEBUG LTCPro.ServiceLayer.Log4net - ---Executing GetResidentDiagnosisInfo() in ResidentDemographicController----
2022-11-18 07:13:07,500 [37] DEBUG LTCPro.ServiceLayer.Log4net - ---Executing GetResidentDiagnosisInfo() in DiagnosisInfoService----
2022-11-18 07:13:07,506 [37] DEBUG LTCPro.ServiceLayer.Log4net - ---Executed Successfully GetResidentDiagnosisInfo() in ResidentDemographicController----
2022-11-18 07:13:07,506 [29] DEBUG LTCPro.ServiceLayer.Log4net - ---Executing GetUserToken() in UserService----
2022-11-18 07:13:07,512 [29] DEBUG LTCPro.ServiceLayer.Log4net - ---Executing GetAllPatientTypesByPId() in ResidentDemographicController----
2022-11-18 07:13:07,512 [29] DEBUG LTCPro.ServiceLayer.Log4net - ---Executing GetAllPatientTypesByPId() in EmarService----
2022-11-18 07:13:07,518 [29] DEBUG LTCPro.ServiceLayer.Log4net - ---Executed Successfully GetAllPatientTypesByPId() in ResidentDemographicController----
2022-11-18 07:13:07,532 [14] DEBUG LTCPro.ServiceLayer.Log4net - ---Executed Successfully GetResidentInformation() in ResidentDemographicController----
2022-11-18 07:13:13,122 [37] DEBUG LTCPro.ServiceLayer.Log4net - ---Executing GetUserToken() in UserService----
2022-11-18 07:13:13,129 [37] DEBUG LTCPro.ServiceLayer.Log4net - ---Executing PatientReAdmission() in AdminApprovalController----
2022-11-18 07:13:13,129 [37] DEBUG LTCPro.ServiceLayer.Log4net - ---Executing PatientReAdmission() in AdminApprovalService----
2022-11-18 07:13:13,347 [37] DEBUG LTCPro.ServiceLayer.Log4net - ---Executing GenerateOutboundFile() NewResident in AdminApprovalService----
2022-11-18 07:13:13,359 [37] DEBUG LTCPro.ServiceLayer.Log4net - ---Generating OutboundFile NewResident in AdminApprovalService----
2022-11-18 07:13:13,392 [37] DEBUG LTCPro.ServiceLayer.Log4net - ---Generated OutboundFile Download Start D:/Promantra/OutboundLive/Pending//NewResident_11182022054227.hl7 in AdminApprovalService----
2022-11-18 07:13:13,406 [37] DEBUG LTCPro.ServiceLayer.Log4net - ---Generated OutboundFile Download Completed D:/Promantra/OutboundLive/Pending//NewResident_11182022054227.hl7 in AdminApprovalService----
2022-11-18 07:13:13,406 [37] DEBUG LTCPro.ServiceLayer.Log4net - ---Executed GenerateOutboundFile() NewResident in AdminApprovalService----
2022-11-18 07:13:13,409 [37] DEBUG LTCPro.ServiceLayer.Log4net - ---Executed Successfully PatientReAdmission() in AdminApprovalController----
2022-11-18 07:13:13,522 [14] DEBUG LTCPro.ServiceLayer.Log4net - ---Executing GetUserToken() in UserService----
2022-11-18 07:13:13,527 [14] DEBUG LTCPro.ServiceLayer.Log4net - ---Executing GetResidentInformation() in ResidentDemographicController----
2022-11-18 07:13:13,527 [14] DEBUG LTCPro.ServiceLayer.Log4net - ---Executing GetResidentInformation() in ResidentDemographicService----
2022-11-18 07:13:13,608 [14] DEBUG LTCPro.ServiceLayer.Log4net - ---Executed Successfully GetResidentInformation() in ResidentDemographicController----
2022-11-18 07:13:13,643 [29] DEBUG LTCPro.ServiceLayer.Log4net - ---Executing GetUserToken() in UserService----
2022-11-18 07:13:13,678 [27] DEBUG LTCPro.ServiceLayer.Log4net - ---Executing GetUserToken() in UserService----
2022-11-18 07:13:13,679 [29] DEBUG LTCPro.ServiceLayer.Log4net - ---Executing GetPatientTypeByID() in CommonController----
2022-11-18 07:13:13,679 [29] DEBUG LTCPro.ServiceLayer.Log4net - ---Executing GetPatientTypeDrop() in CommonService----
2022-11-18 07:13:13,682 [8] DEBUG LTCPro.ServiceLayer.Log4net - ---Executing GetUserToken() in UserService----
2022-11-18 07:13:13,685 [27] DEBUG LTCPro.ServiceLayer.Log4net - ---Executing GetResidentAdmitDischargeData() in ResidentDemographicController----
2022-11-18 07:13:13,685 [27] DEBUG LTCPro.ServiceLayer.Log4net - ---Executing GetResidentAdmitDischargeData() in ResidentDemographicService----
2022-11-18 07:13:13,686 [37] DEBUG LTCPro.ServiceLayer.Log4net - ---Executing GetUserToken() in UserService----
2022-11-18 07:13:13,688 [8] DEBUG LTCPro.ServiceLayer.Log4net - ---Executing GetResidentDiagnosisInfo() in ResidentDemographicController----
2022-11-18 07:13:13,688 [8] DEBUG LTCPro.ServiceLayer.Log4net - ---Executing GetResidentDiagnosisInfo() in DiagnosisInfoService----
2022-11-18 07:13:13,693 [37] DEBUG LTCPro.ServiceLayer.Log4net - ---Executing GetResidentAllergies() in ResidentDemographicController----
2022-11-18 07:13:13,695 [37] DEBUG LTCPro.ServiceLayer.Log4net - ---Executing GetResidentAllergies() in AllergyInfoService----
2022-11-18 07:13:13,696 [8] DEBUG LTCPro.ServiceLayer.Log4net - ---Executed Successfully GetResidentDiagnosisInfo() in ResidentDemographicController----
2022-11-18 07:13:13,695 [27] DEBUG LTCPro.ServiceLayer.Log4net - ---Executed Successfully GetResidentAdmitDischargeData() in ResidentDemographicController----
2022-11-18 07:13:13,704 [37] DEBUG LTCPro.ServiceLayer.Log4net - ---Executed Successfully GetResidentAllergies() in ResidentDemographicController----
2022-11-18 07:13:13,721 [14] DEBUG LTCPro.ServiceLayer.Log4net - ---Executing GetUserToken() in UserService----
2022-11-18 07:13:13,725 [14] DEBUG LTCPro.ServiceLayer.Log4net - ---Executing GetResidentInformation() in ResidentDemographicController----
2022-11-18 07:13:13,725 [14] DEBUG LTCPro.ServiceLayer.Log4net - ---Executing GetResidentInformation() in ResidentDemographicService----
2022-11-18 07:13:13,731 [29] DEBUG LTCPro.ServiceLayer.Log4net - ---Executed Successfully GetPatientTypeDrop() in CommonController----
2022-11-18 07:13:13,815 [37] DEBUG LTCPro.ServiceLayer.Log4net - ---Executing GetUserToken() in UserService----
2022-11-18 07:13:13,820 [37] DEBUG LTCPro.ServiceLayer.Log4net - ---Executing GetAllPatientTypesByPId() in ResidentDemographicController----
2022-11-18 07:13:13,820 [37] DEBUG LTCPro.ServiceLayer.Log4net - ---Executing GetAllPatientTypesByPId() in EmarService----
2022-11-18 07:13:13,827 [37] DEBUG LTCPro.ServiceLayer.Log4net - ---Executed Successfully GetAllPatientTypesByPId() in ResidentDemographicController----
2022-11-18 07:13:13,833 [14] DEBUG LTCPro.ServiceLayer.Log4net - ---Executed Successfully GetResidentInformation() in ResidentDemographicController----
2022-11-18 07:13:14,943 [37] DEBUG LTCPro.ServiceLayer.Log4net - ---Executing GetUserToken() in UserService----
2022-11-18 07:13:14,959 [37] DEBUG LTCPro.ServiceLayer.Log4net - ---Executing GetOutboundHLSevenConfigs() in HLSevenSegmentController----
2022-11-18 07:13:14,959 [37] DEBUG LTCPro.ServiceLayer.Log4net - ---Executing GetOutboundHLSevenConfigs() in HLSevenSegmentService----
2022-11-18 07:13:14,965 [37] DEBUG LTCPro.ServiceLayer.Log4net - ---Executed Successfully GetOutboundHLSevenConfigs() in HLSevenSegmentController----
2022-11-18 07:13:14,988 [37] DEBUG LTCPro.ServiceLayer.Log4net - ---Executing GetUserToken() in UserService----
2022-11-18 07:13:14,994 [37] DEBUG LTCPro.ServiceLayer.Log4net - ---Executing UserFacilityDrop() in FacilityController----
2022-11-18 07:13:14,994 [37] DEBUG LTCPro.ServiceLayer.Log4net - ---Executing UserFacilityDrop() in FacilityService----
2022-11-18 07:13:14,999 [37] DEBUG LTCPro.ServiceLayer.Log4net - ---Executed Successfully UserFacilityDrop() in FacilityController----
2022-11-18 07:13:15,017 [14] DEBUG LTCPro.ServiceLayer.Log4net - ---Executing GetUserToken() in UserService----
2022-11-18 07:13:15,022 [14] DEBUG LTCPro.ServiceLayer.Log4net - ---Executing GetResidentAdmitvisitInfoData() in ResidentDemographicController----
2022-11-18 07:13:15,022 [14] DEBUG LTCPro.ServiceLayer.Log4net - ---Executing  VisitInfoEntity()  in GetResidentAdmitvisitInfoData----
2022-11-18 07:13:15,034 [14] DEBUG LTCPro.ServiceLayer.Log4net - ---Executed Successfully GetResidentAdmitvisitInfoData() in ResidentDemographicController----
2022-11-18 07:13:15,051 [12] DEBUG LTCPro.ServiceLayer.Log4net - ---Executing GetUserToken() in UserService----
2022-11-18 07:13:15,054 [37] DEBUG LTCPro.ServiceLayer.Log4net - ---Executing GetUserToken() in UserService----
2022-11-18 07:13:15,059 [12] DEBUG LTCPro.ServiceLayer.Log4net - ---Executing UserFacilityDrop() in FacilityController----
2022-11-18 07:13:15,059 [12] DEBUG LTCPro.ServiceLayer.Log4net - ---Executing UserFacilityDrop() in FacilityService----
2022-11-18 07:13:15,064 [37] DEBUG LTCPro.ServiceLayer.Log4net - ---Executing GetCompanyToBedFlagByFacId() in FacilityController----
2022-11-18 07:13:15,064 [37] DEBUG LTCPro.ServiceLayer.Log4net - ---Executing GetCompanyToBedFlagByFacId() in FacilityService----
2022-11-18 07:13:15,068 [12] DEBUG LTCPro.ServiceLayer.Log4net - ---Executed Successfully UserFacilityDrop() in FacilityController----
2022-11-18 07:13:15,099 [37] DEBUG LTCPro.ServiceLayer.Log4net - ---Executed Successfully GetCompanyToBedFlagByFacId() in FacilityController----
2022-11-18 07:13:15,122 [36] DEBUG LTCPro.ServiceLayer.Log4net - ---Executing GetUserToken() in UserService----
2022-11-18 07:13:15,128 [36] DEBUG LTCPro.ServiceLayer.Log4net - ---Executing UserNurseStationDrop() in FacilityController----
2022-11-18 07:13:15,128 [36] DEBUG LTCPro.ServiceLayer.Log4net - ---Executing UserNurseStationDrop() in FacilityService----
2022-11-18 07:13:15,135 [36] DEBUG LTCPro.ServiceLayer.Log4net - ---Executed Successfully UserNurseStationDrop() in FacilityController----
2022-11-18 07:13:15,143 [27] DEBUG LTCPro.ServiceLayer.Log4net - ---Executing GetUserToken() in UserService----
2022-11-18 07:13:15,149 [27] DEBUG LTCPro.ServiceLayer.Log4net - ---Executing GetNurseStationHierarchyDetailsbyNsId() in CompanyController----
2022-11-18 07:13:15,149 [27] DEBUG LTCPro.ServiceLayer.Log4net - ---Executing GetNurseStationHierarchyDetailsbyNsId() in CompanyService----
2022-11-18 07:13:15,153 [27] DEBUG LTCPro.ServiceLayer.Log4net - ---Executed Successfully GetNurseStationHierarchyDetailsbyNsId() in CompanyController----
2022-11-18 07:14:54,124 [29] DEBUG LTCPro.ServiceLayer.Log4net - ---Executing GetUserToken() in UserService----
2022-11-18 07:14:54,129 [29] DEBUG LTCPro.ServiceLayer.Log4net - ---Executing InsertResidentVisitInfo() in AdminApprovalController----
2022-11-18 07:14:54,129 [29] DEBUG LTCPro.ServiceLayer.Log4net - ---Executing InsertResidentVisitInfo() in AdminApprovalService----
2022-11-18 07:14:54,251 [29] DEBUG LTCPro.ServiceLayer.Log4net - ---Executing GenerateOutboundFile() Discharge in AdminApprovalService----
2022-11-18 07:14:54,259 [29] DEBUG LTCPro.ServiceLayer.Log4net - ---Generating OutboundFile Discharge in AdminApprovalService----
2022-11-18 07:14:54,286 [29] DEBUG LTCPro.ServiceLayer.Log4net - ---Generated OutboundFile Download Start D:/Promantra/OutboundLive/Pending//Discharge_11182022054408.hl7 in AdminApprovalService----
2022-11-18 07:14:54,307 [29] DEBUG LTCPro.ServiceLayer.Log4net - ---Generated OutboundFile Download Completed D:/Promantra/OutboundLive/Pending//Discharge_11182022054408.hl7 in AdminApprovalService----
2022-11-18 07:14:54,307 [29] DEBUG LTCPro.ServiceLayer.Log4net - ---Executed GenerateOutboundFile() Discharge in AdminApprovalService----
2022-11-18 07:14:54,451 [29] DEBUG LTCPro.ServiceLayer.Log4net - ---Executed Successfully InsertResidentVisitInfo() in AdminApprovalController----
2022-11-18 07:14:54,492 [36] DEBUG LTCPro.ServiceLayer.Log4net - ---Executing GetUserToken() in UserService----
2022-11-18 07:14:54,499 [36] DEBUG LTCPro.ServiceLayer.Log4net - ---Executing GetApprovalFlag() in CompanyController----
2022-11-18 07:14:54,499 [36] DEBUG LTCPro.ServiceLayer.Log4net - ---Executing GetApprovalFlag() in CompanyService----
2022-11-18 07:14:54,582 [19] DEBUG LTCPro.ServiceLayer.Log4net - ---Executing GetUserToken() in UserService----
2022-11-18 07:14:54,584 [27] DEBUG LTCPro.ServiceLayer.Log4net - ---Executing GetUserToken() in UserService----
2022-11-18 07:14:54,589 [19] DEBUG LTCPro.ServiceLayer.Log4net - ---Executing GetResidentAdmitDischargeData() in ResidentDemographicController----
2022-11-18 07:14:54,589 [19] DEBUG LTCPro.ServiceLayer.Log4net - ---Executing GetResidentAdmitDischargeData() in ResidentDemographicService----
2022-11-18 07:14:54,589 [27] DEBUG LTCPro.ServiceLayer.Log4net - ---Executing GetFacilityNSResidentsDataByPId() in ResidentDemographicController----
2022-11-18 07:14:54,589 [27] DEBUG LTCPro.ServiceLayer.Log4net - ---Executing GetFacilityNSResidentsDataByPId() in ResidentDemographicService----
2022-11-18 07:14:54,595 [19] DEBUG LTCPro.ServiceLayer.Log4net - ---Executed Successfully GetResidentAdmitDischargeData() in ResidentDemographicController----
2022-11-18 07:14:54,627 [27] DEBUG LTCPro.ServiceLayer.Log4net - ---Executed Successfully GetFacilityNSResidentsDataByPId() in ResidentDemographicController----
2022-11-18 07:14:54,676 [29] DEBUG LTCPro.ServiceLayer.Log4net - ---Executing GetUserToken() in UserService----
2022-11-18 07:14:54,682 [29] DEBUG LTCPro.ServiceLayer.Log4net - ---Executing GetResidentInformation() in ResidentDemographicController----
2022-11-18 07:14:54,682 [29] DEBUG LTCPro.ServiceLayer.Log4net - ---Executing GetResidentInformation() in ResidentDemographicService----
2022-11-18 07:14:54,766 [29] DEBUG LTCPro.ServiceLayer.Log4net - ---Executed Successfully GetResidentInformation() in ResidentDemographicController----
2022-11-18 07:14:54,827 [29] DEBUG LTCPro.ServiceLayer.Log4net - ---Executing GetUserToken() in UserService----
2022-11-18 07:14:54,829 [35] DEBUG LTCPro.ServiceLayer.Log4net - ---Executing GetUserToken() in UserService----
2022-11-18 07:14:54,836 [29] DEBUG LTCPro.ServiceLayer.Log4net - ---Executing GetResidentInformation() in ResidentDemographicController----
2022-11-18 07:14:54,836 [29] DEBUG LTCPro.ServiceLayer.Log4net - ---Executing GetResidentInformation() in ResidentDemographicService----
2022-11-18 07:14:54,837 [35] DEBUG LTCPro.ServiceLayer.Log4net - ---Executing GetResidentAdmitDischargeData() in ResidentDemographicController----
2022-11-18 07:14:54,837 [35] DEBUG LTCPro.ServiceLayer.Log4net - ---Executing GetResidentAdmitDischargeData() in ResidentDemographicService----
2022-11-18 07:14:54,838 [36] DEBUG LTCPro.ServiceLayer.Log4net - ---Executing GetUserToken() in UserService----
2022-11-18 07:14:54,845 [35] DEBUG LTCPro.ServiceLayer.Log4net - ---Executed Successfully GetResidentAdmitDischargeData() in ResidentDemographicController----
2022-11-18 07:14:54,847 [36] DEBUG LTCPro.ServiceLayer.Log4net - ---Executing GetPatientTypeByID() in CommonController----
2022-11-18 07:14:54,847 [36] DEBUG LTCPro.ServiceLayer.Log4net - ---Executing GetPatientTypeDrop() in CommonService----
2022-11-18 07:14:54,874 [19] DEBUG LTCPro.ServiceLayer.Log4net - ---Executing GetUserToken() in UserService----
2022-11-18 07:14:54,878 [36] DEBUG LTCPro.ServiceLayer.Log4net - ---Executed Successfully GetPatientTypeDrop() in CommonController----
2022-11-18 07:14:54,881 [19] DEBUG LTCPro.ServiceLayer.Log4net - ---Executing GetResidentAllergies() in ResidentDemographicController----
2022-11-18 07:14:54,881 [19] DEBUG LTCPro.ServiceLayer.Log4net - ---Executing GetResidentAllergies() in AllergyInfoService----
2022-11-18 07:14:54,895 [19] DEBUG LTCPro.ServiceLayer.Log4net - ---Executed Successfully GetResidentAllergies() in ResidentDemographicController----
2022-11-18 07:14:54,901 [27] DEBUG LTCPro.ServiceLayer.Log4net - ---Executing GetUserToken() in UserService----
2022-11-18 07:14:54,908 [27] DEBUG LTCPro.ServiceLayer.Log4net - ---Executing GetResidentDiagnosisInfo() in ResidentDemographicController----
2022-11-18 07:14:54,908 [27] DEBUG LTCPro.ServiceLayer.Log4net - ---Executing GetResidentDiagnosisInfo() in DiagnosisInfoService----
2022-11-18 07:14:54,913 [27] DEBUG LTCPro.ServiceLayer.Log4net - ---Executed Successfully GetResidentDiagnosisInfo() in ResidentDemographicController----
2022-11-18 07:14:54,951 [29] DEBUG LTCPro.ServiceLayer.Log4net - ---Executed Successfully GetResidentInformation() in ResidentDemographicController----
2022-11-18 07:14:54,954 [36] DEBUG LTCPro.ServiceLayer.Log4net - ---Executing GetUserToken() in UserService----
2022-11-18 07:14:54,960 [36] DEBUG LTCPro.ServiceLayer.Log4net - ---Executing GetAllPatientTypesByPId() in ResidentDemographicController----
2022-11-18 07:14:54,960 [36] DEBUG LTCPro.ServiceLayer.Log4net - ---Executing GetAllPatientTypesByPId() in EmarService----
2022-11-18 07:14:54,964 [36] DEBUG LTCPro.ServiceLayer.Log4net - ---Executed Successfully GetAllPatientTypesByPId() in ResidentDemographicController----
2022-11-18 07:15:55,280 [29] DEBUG LTCPro.ServiceLayer.Log4net - ---Executing GetUserToken() in UserService----
2022-11-18 07:15:55,286 [31] DEBUG LTCPro.ServiceLayer.Log4net - ---Executing GetUserToken() in UserService----
2022-11-18 07:15:55,293 [36] DEBUG LTCPro.ServiceLayer.Log4net - ---Executing GetUserToken() in UserService----
2022-11-18 07:15:55,297 [31] DEBUG LTCPro.ServiceLayer.Log4net - ---Executing GetPendingDosesList() in CommonController----
2022-11-18 07:15:55,297 [31] DEBUG LTCPro.ServiceLayer.Log4net - ---Executing GetPendingDosesList() in CommonService----
2022-11-18 07:15:55,299 [29] DEBUG LTCPro.ServiceLayer.Log4net - ---Executing GetAlertsDetails() in MailboxController----
2022-11-18 07:15:55,299 [29] DEBUG LTCPro.ServiceLayer.Log4net - ---Executing GetAlertsDetails() in MailboxService----
2022-11-18 07:15:55,300 [36] DEBUG LTCPro.ServiceLayer.Log4net - ---Executing GetReadMailsCount() in MailboxController----
2022-11-18 07:15:55,300 [36] DEBUG LTCPro.ServiceLayer.Log4net - ---Executing GetReadMailsCount() in MailboxService----
2022-11-18 07:15:55,304 [27] DEBUG LTCPro.ServiceLayer.Log4net - ---Executing GetUserToken() in UserService----
2022-11-18 07:15:55,306 [36] DEBUG LTCPro.ServiceLayer.Log4net - ---Executed successfully GetReadMailsCount() in MailboxController----
2022-11-18 07:15:55,306 [19] DEBUG LTCPro.ServiceLayer.Log4net - ---Executing GetUserToken() in UserService----
2022-11-18 07:15:55,347 [19] DEBUG LTCPro.ServiceLayer.Log4net - ---Executing GetDueMARAlertData() in EmarController----
2022-11-18 07:15:55,347 [19] DEBUG LTCPro.ServiceLayer.Log4net - ---Executing GetDueMARAlertData() in EmarService----
2022-11-18 07:15:55,347 [27] DEBUG LTCPro.ServiceLayer.Log4net - ---Executing GetUserRecentFacNs() in UserController----
2022-11-18 07:15:55,347 [27] DEBUG LTCPro.ServiceLayer.Log4net - ---Executing GetUserRecentFacNs() in UserService----
2022-11-18 07:15:55,368 [36] DEBUG LTCPro.ServiceLayer.Log4net - ---Executing GetUserToken() in UserService----
2022-11-18 07:15:55,370 [27] DEBUG LTCPro.ServiceLayer.Log4net - ---Executed Successfully GetUserRecentFacNs() in UserController----
2022-11-18 07:15:55,371 [29] DEBUG LTCPro.ServiceLayer.Log4net - ---Executed successfully GetAlertsDetails() in MailboxController----
2022-11-18 07:15:55,377 [36] DEBUG LTCPro.ServiceLayer.Log4net - ---Executing GetOutboundErrorDetails() in CommonController----
2022-11-18 07:15:55,377 [36] DEBUG LTCPro.ServiceLayer.Log4net - ---Executing GetOutboundErrorDetails() in CommonService----
2022-11-18 07:15:55,396 [27] DEBUG LTCPro.ServiceLayer.Log4net - ---Executing GetUserToken() in UserService----
2022-11-18 07:15:55,403 [27] DEBUG LTCPro.ServiceLayer.Log4net - ---Executing GetUserPassedDueFlag() in UserController----
2022-11-18 07:15:55,403 [27] DEBUG LTCPro.ServiceLayer.Log4net - ---Executing GetUserPassedDueFlag() in UserService----
2022-11-18 07:15:55,403 [29] DEBUG LTCPro.ServiceLayer.Log4net - ---Executing GetUserToken() in UserService----
2022-11-18 07:15:55,409 [27] DEBUG LTCPro.ServiceLayer.Log4net - ---Executed Successfully GetUserPassedDueFlag() in UserController----
2022-11-18 07:15:55,420 [29] DEBUG LTCPro.ServiceLayer.Log4net - ---Executing GetUserRecentFacNs() in UserController----
2022-11-18 07:15:55,420 [29] DEBUG LTCPro.ServiceLayer.Log4net - ---Executing GetUserRecentFacNs() in UserService----
2022-11-18 07:15:55,426 [27] DEBUG LTCPro.ServiceLayer.Log4net - ---Executing GetUserToken() in UserService----
2022-11-18 07:15:55,429 [29] DEBUG LTCPro.ServiceLayer.Log4net - ---Executed Successfully GetUserRecentFacNs() in UserController----
2022-11-18 07:15:55,432 [27] DEBUG LTCPro.ServiceLayer.Log4net - ---Executing InsertUserActivityDetails() in CompanyController----
2022-11-18 07:15:55,432 [27] DEBUG LTCPro.ServiceLayer.Log4net - ---Executing InsertUserActivityDetails() in UserActivityService----
2022-11-18 07:15:55,444 [27] DEBUG LTCPro.ServiceLayer.Log4net - ---Executed Successfully InsertUserActivityDetails() in CompanyController----
2022-11-18 07:15:55,477 [27] DEBUG LTCPro.ServiceLayer.Log4net - ---Executing GetUserToken() in UserService----
2022-11-18 07:15:55,482 [27] DEBUG LTCPro.ServiceLayer.Log4net - ---Executing GetUserAccessFacilityNurseStaions() in FacilityController----
2022-11-18 07:15:55,482 [27] DEBUG LTCPro.ServiceLayer.Log4net - ---Executing GetUserAccessFacilityNurseStaions() in FacilityService----
2022-11-18 07:15:55,491 [27] DEBUG LTCPro.ServiceLayer.Log4net - ---Executed Successfully GetUserAccessFacilityNurseStaions() in FacilityController----
2022-11-18 07:15:55,503 [27] DEBUG LTCPro.ServiceLayer.Log4net - ---Executing GetUserToken() in UserService----
2022-11-18 07:15:55,507 [27] DEBUG LTCPro.ServiceLayer.Log4net - ---Executing GetUserAccessFacilityNurseStaions() in FacilityController----
2022-11-18 07:15:55,507 [27] DEBUG LTCPro.ServiceLayer.Log4net - ---Executing GetUserAccessFacilityNurseStaions() in FacilityService----
2022-11-18 07:15:55,517 [27] DEBUG LTCPro.ServiceLayer.Log4net - ---Executed Successfully GetUserAccessFacilityNurseStaions() in FacilityController----
2022-11-18 07:15:55,533 [31] DEBUG LTCPro.ServiceLayer.Log4net - ---Executed Successfully GetPendingDosesList() in CommonController----
2022-11-18 07:15:55,542 [27] DEBUG LTCPro.ServiceLayer.Log4net - ---Executing GetUserToken() in UserService----
2022-11-18 07:15:55,548 [27] DEBUG LTCPro.ServiceLayer.Log4net - ---Executing UserNurseStationDrop() in FacilityController----
2022-11-18 07:15:55,548 [27] DEBUG LTCPro.ServiceLayer.Log4net - ---Executing UserNurseStationDrop() in FacilityService----
2022-11-18 07:15:55,554 [27] DEBUG LTCPro.ServiceLayer.Log4net - ---Executed Successfully UserNurseStationDrop() in FacilityController----
2022-11-18 07:15:55,596 [31] DEBUG LTCPro.ServiceLayer.Log4net - ---Executing GetUserToken() in UserService----
2022-11-18 07:15:55,659 [36] DEBUG LTCPro.ServiceLayer.Log4net - ---Executed Successfully GetOutboundErrorDetails() in CommonController----
2022-11-18 07:15:55,659 [31] DEBUG LTCPro.ServiceLayer.Log4net - ---Executing GetCompanyToBedFlagByFacId() in FacilityController----
2022-11-18 07:15:55,659 [31] DEBUG LTCPro.ServiceLayer.Log4net - ---Executing GetCompanyToBedFlagByFacId() in FacilityService----
2022-11-18 07:15:55,686 [27] DEBUG LTCPro.ServiceLayer.Log4net - ---Executing GetUserToken() in UserService----
2022-11-18 07:15:55,718 [27] DEBUG LTCPro.ServiceLayer.Log4net - ---Executing GetResidentsByCompanyBed() in ResidentDemographicController----
2022-11-18 07:15:55,718 [27] DEBUG LTCPro.ServiceLayer.Log4net - ---Executing GetResidentsByCompanyBed() in ResidentDemographicService----
2022-11-18 07:15:55,723 [31] DEBUG LTCPro.ServiceLayer.Log4net - ---Executed Successfully GetCompanyToBedFlagByFacId() in FacilityController----
2022-11-18 07:15:55,764 [31] DEBUG LTCPro.ServiceLayer.Log4net - ---Executing GetUserToken() in UserService----
2022-11-18 07:15:55,770 [31] DEBUG LTCPro.ServiceLayer.Log4net - ---Executing GetNurseStationHierarchyDetailsbyNsId() in CompanyController----
2022-11-18 07:15:55,770 [31] DEBUG LTCPro.ServiceLayer.Log4net - ---Executing GetNurseStationHierarchyDetailsbyNsId() in CompanyService----
2022-11-18 07:15:55,774 [31] DEBUG LTCPro.ServiceLayer.Log4net - ---Executed Successfully GetNurseStationHierarchyDetailsbyNsId() in CompanyController----
2022-11-18 07:15:56,052 [19] DEBUG LTCPro.ServiceLayer.Log4net - ---Executed Successfully GetDueMARAlertData() in EmarController----
2022-11-18 07:15:57,219 [27] DEBUG LTCPro.ServiceLayer.Log4net - ---Executed Successfully GetResidentsByCompanyBed() in ResidentDemographicController----
2022-11-18 07:15:58,276 [31] DEBUG LTCPro.ServiceLayer.Log4net - ---Executing GetUserToken() in UserService----
2022-11-18 07:15:58,284 [31] DEBUG LTCPro.ServiceLayer.Log4net - ---Executing GetOrdersGridData() in OrdersController----
2022-11-18 07:15:58,284 [31] DEBUG LTCPro.ServiceLayer.Log4net - ---Executing GetOrdersGridData() in OrdersService----
2022-11-18 07:15:58,293 [31] DEBUG LTCPro.ServiceLayer.Log4net - ---Executed Successfully GetOrdersGridData() in OrdersController----
2022-11-18 07:15:59,511 [19] DEBUG LTCPro.ServiceLayer.Log4net - ---Executing GetUserToken() in UserService----
2022-11-18 07:15:59,524 [19] DEBUG LTCPro.ServiceLayer.Log4net - ---Executing InsertUserActivityDetails() in CompanyController----
2022-11-18 07:15:59,524 [19] DEBUG LTCPro.ServiceLayer.Log4net - ---Executing InsertUserActivityDetails() in UserActivityService----
2022-11-18 07:15:59,534 [19] DEBUG LTCPro.ServiceLayer.Log4net - ---Executed Successfully InsertUserActivityDetails() in CompanyController----
2022-11-18 07:15:59,543 [19] DEBUG LTCPro.ServiceLayer.Log4net - ---Executing GetUserToken() in UserService----
2022-11-18 07:15:59,557 [27] DEBUG LTCPro.ServiceLayer.Log4net - ---Executing GetUserToken() in UserService----
2022-11-18 07:15:59,563 [36] DEBUG LTCPro.ServiceLayer.Log4net - ---Executing GetUserToken() in UserService----
2022-11-18 07:15:59,564 [19] DEBUG LTCPro.ServiceLayer.Log4net - ---Executing InsertUserActivityDetails() in CompanyController----
2022-11-18 07:15:59,564 [19] DEBUG LTCPro.ServiceLayer.Log4net - ---Executing InsertUserActivityDetails() in UserActivityService----
2022-11-18 07:15:59,566 [27] DEBUG LTCPro.ServiceLayer.Log4net - ---Executing GetFacilityNSResidentsDataByPId() in ResidentDemographicController----
2022-11-18 07:15:59,566 [27] DEBUG LTCPro.ServiceLayer.Log4net - ---Executing GetFacilityNSResidentsDataByPId() in ResidentDemographicService----
2022-11-18 07:15:59,570 [36] DEBUG LTCPro.ServiceLayer.Log4net - ---Executing GetResidentAdmitDischargeData() in ResidentDemographicController----
2022-11-18 07:15:59,570 [36] DEBUG LTCPro.ServiceLayer.Log4net - ---Executing GetResidentAdmitDischargeData() in ResidentDemographicService----
2022-11-18 07:15:59,578 [19] DEBUG LTCPro.ServiceLayer.Log4net - ---Executed Successfully InsertUserActivityDetails() in CompanyController----
2022-11-18 07:15:59,580 [36] DEBUG LTCPro.ServiceLayer.Log4net - ---Executed Successfully GetResidentAdmitDischargeData() in ResidentDemographicController----
2022-11-18 07:15:59,583 [31] DEBUG LTCPro.ServiceLayer.Log4net - ---Executing GetUserToken() in UserService----
2022-11-18 07:15:59,590 [31] DEBUG LTCPro.ServiceLayer.Log4net - ---Executing GetResidentAdmitDischargeData() in ResidentDemographicController----
2022-11-18 07:15:59,590 [31] DEBUG LTCPro.ServiceLayer.Log4net - ---Executing GetResidentAdmitDischargeData() in ResidentDemographicService----
2022-11-18 07:15:59,618 [31] DEBUG LTCPro.ServiceLayer.Log4net - ---Executed Successfully GetResidentAdmitDischargeData() in ResidentDemographicController----
2022-11-18 07:15:59,710 [36] DEBUG LTCPro.ServiceLayer.Log4net - ---Executing GetUserToken() in UserService----
2022-11-18 07:15:59,711 [19] DEBUG LTCPro.ServiceLayer.Log4net - ---Executing GetUserToken() in UserService----
2022-11-18 07:15:59,739 [19] DEBUG LTCPro.ServiceLayer.Log4net - ---Executing InsertUserActivityDetails() in CompanyController----
2022-11-18 07:15:59,739 [19] DEBUG LTCPro.ServiceLayer.Log4net - ---Executing InsertUserActivityDetails() in UserActivityService----
2022-11-18 07:15:59,739 [36] DEBUG LTCPro.ServiceLayer.Log4net - ---Executing InsertUserActivityDetails() in CompanyController----
2022-11-18 07:15:59,740 [36] DEBUG LTCPro.ServiceLayer.Log4net - ---Executing InsertUserActivityDetails() in UserActivityService----
2022-11-18 07:15:59,740 [27] DEBUG LTCPro.ServiceLayer.Log4net - ---Executed Successfully GetFacilityNSResidentsDataByPId() in ResidentDemographicController----
2022-11-18 07:15:59,768 [31] DEBUG LTCPro.ServiceLayer.Log4net - ---Executing GetUserToken() in UserService----
2022-11-18 07:15:59,773 [31] DEBUG LTCPro.ServiceLayer.Log4net - ---Executing GetResidentInformation() in ResidentDemographicController----
2022-11-18 07:15:59,773 [31] DEBUG LTCPro.ServiceLayer.Log4net - ---Executing GetResidentInformation() in ResidentDemographicService----
2022-11-18 07:15:59,788 [27] DEBUG LTCPro.ServiceLayer.Log4net - ---Executing GetUserToken() in UserService----
2022-11-18 07:15:59,793 [27] DEBUG LTCPro.ServiceLayer.Log4net - ---Executing GetResidentAllergies() in ResidentDemographicController----
2022-11-18 07:15:59,793 [27] DEBUG LTCPro.ServiceLayer.Log4net - ---Executing GetResidentAllergies() in AllergyInfoService----
2022-11-18 07:15:59,798 [27] DEBUG LTCPro.ServiceLayer.Log4net - ---Executed Successfully GetResidentAllergies() in ResidentDemographicController----
2022-11-18 07:15:59,845 [27] DEBUG LTCPro.ServiceLayer.Log4net - ---Executing GetUserToken() in UserService----
2022-11-18 07:15:59,850 [27] DEBUG LTCPro.ServiceLayer.Log4net - ---Executing GetResidentDiagnosisInfo() in ResidentDemographicController----
2022-11-18 07:15:59,850 [27] DEBUG LTCPro.ServiceLayer.Log4net - ---Executing GetResidentDiagnosisInfo() in DiagnosisInfoService----
2022-11-18 07:15:59,854 [27] DEBUG LTCPro.ServiceLayer.Log4net - ---Executed Successfully GetResidentDiagnosisInfo() in ResidentDemographicController----
2022-11-18 07:15:59,858 [19] DEBUG LTCPro.ServiceLayer.Log4net - ---Executed Successfully InsertUserActivityDetails() in CompanyController----
2022-11-18 07:15:59,895 [27] DEBUG LTCPro.ServiceLayer.Log4net - ---Executing GetUserToken() in UserService----
2022-11-18 07:15:59,900 [27] DEBUG LTCPro.ServiceLayer.Log4net - ---Executing GetResidentInformation() in ResidentDemographicController----
2022-11-18 07:15:59,900 [27] DEBUG LTCPro.ServiceLayer.Log4net - ---Executing GetResidentInformation() in ResidentDemographicService----
2022-11-18 07:15:59,909 [36] DEBUG LTCPro.ServiceLayer.Log4net - ---Executed Successfully InsertUserActivityDetails() in CompanyController----
2022-11-18 07:15:59,988 [31] DEBUG LTCPro.ServiceLayer.Log4net - ---Executed Successfully GetResidentInformation() in ResidentDemographicController----
2022-11-18 07:16:00,075 [27] DEBUG LTCPro.ServiceLayer.Log4net - ---Executed Successfully GetResidentInformation() in ResidentDemographicController----
2022-11-18 07:16:00,123 [27] DEBUG LTCPro.ServiceLayer.Log4net - ---Executing GetUserToken() in UserService----
2022-11-18 07:16:00,127 [31] DEBUG LTCPro.ServiceLayer.Log4net - ---Executing GetUserToken() in UserService----
2022-11-18 07:16:00,128 [29] DEBUG LTCPro.ServiceLayer.Log4net - ---Executing GetUserToken() in UserService----
2022-11-18 07:16:00,144 [19] DEBUG LTCPro.ServiceLayer.Log4net - ---Executing GetUserToken() in UserService----
2022-11-18 07:16:00,145 [27] DEBUG LTCPro.ServiceLayer.Log4net - ---Executing GetResidentInformation() in ResidentDemographicController----
2022-11-18 07:16:00,145 [27] DEBUG LTCPro.ServiceLayer.Log4net - ---Executing GetResidentInformation() in ResidentDemographicService----
2022-11-18 07:16:00,145 [36] DEBUG LTCPro.ServiceLayer.Log4net - ---Executing GetUserToken() in UserService----
2022-11-18 07:16:00,147 [31] DEBUG LTCPro.ServiceLayer.Log4net - ---Executing GetResidentAllergies() in ResidentDemographicController----
2022-11-18 07:16:00,147 [31] DEBUG LTCPro.ServiceLayer.Log4net - ---Executing GetResidentAllergies() in AllergyInfoService----
2022-11-18 07:16:00,147 [29] DEBUG LTCPro.ServiceLayer.Log4net - ---Executing GetPatientTypeByID() in CommonController----
2022-11-18 07:16:00,147 [29] DEBUG LTCPro.ServiceLayer.Log4net - ---Executing GetPatientTypeDrop() in CommonService----
2022-11-18 07:16:00,149 [19] DEBUG LTCPro.ServiceLayer.Log4net - ---Executing GetResidentDiagnosisInfo() in ResidentDemographicController----
2022-11-18 07:16:00,149 [19] DEBUG LTCPro.ServiceLayer.Log4net - ---Executing GetResidentDiagnosisInfo() in DiagnosisInfoService----
2022-11-18 07:16:00,155 [31] DEBUG LTCPro.ServiceLayer.Log4net - ---Executed Successfully GetResidentAllergies() in ResidentDemographicController----
2022-11-18 07:16:00,155 [36] DEBUG LTCPro.ServiceLayer.Log4net - ---Executing GetResidentAdmitDischargeData() in ResidentDemographicController----
2022-11-18 07:16:00,155 [36] DEBUG LTCPro.ServiceLayer.Log4net - ---Executing GetResidentAdmitDischargeData() in ResidentDemographicService----
2022-11-18 07:16:00,156 [19] DEBUG LTCPro.ServiceLayer.Log4net - ---Executed Successfully GetResidentDiagnosisInfo() in ResidentDemographicController----
2022-11-18 07:16:00,169 [36] DEBUG LTCPro.ServiceLayer.Log4net - ---Executed Successfully GetResidentAdmitDischargeData() in ResidentDemographicController----
2022-11-18 07:16:00,193 [29] DEBUG LTCPro.ServiceLayer.Log4net - ---Executed Successfully GetPatientTypeDrop() in CommonController----
2022-11-18 07:16:00,250 [19] DEBUG LTCPro.ServiceLayer.Log4net - ---Executing GetUserToken() in UserService----
2022-11-18 07:16:00,254 [19] DEBUG LTCPro.ServiceLayer.Log4net - ---Executing GetAllPatientTypesByPId() in ResidentDemographicController----
2022-11-18 07:16:00,254 [19] DEBUG LTCPro.ServiceLayer.Log4net - ---Executing GetAllPatientTypesByPId() in EmarService----
2022-11-18 07:16:00,259 [19] DEBUG LTCPro.ServiceLayer.Log4net - ---Executed Successfully GetAllPatientTypesByPId() in ResidentDemographicController----
2022-11-18 07:16:00,321 [27] DEBUG LTCPro.ServiceLayer.Log4net - ---Executed Successfully GetResidentInformation() in ResidentDemographicController----
2022-11-18 07:16:01,728 [27] DEBUG LTCPro.ServiceLayer.Log4net - ---Executing GetUserToken() in UserService----
2022-11-18 07:16:01,735 [27] DEBUG LTCPro.ServiceLayer.Log4net - ---Executing GetOutboundHLSevenConfigs() in HLSevenSegmentController----
2022-11-18 07:16:01,735 [27] DEBUG LTCPro.ServiceLayer.Log4net - ---Executing GetOutboundHLSevenConfigs() in HLSevenSegmentService----
2022-11-18 07:16:01,742 [27] DEBUG LTCPro.ServiceLayer.Log4net - ---Executed Successfully GetOutboundHLSevenConfigs() in HLSevenSegmentController----
2022-11-18 07:16:01,780 [29] DEBUG LTCPro.ServiceLayer.Log4net - ---Executing GetUserToken() in UserService----
2022-11-18 07:16:01,786 [29] DEBUG LTCPro.ServiceLayer.Log4net - ---Executing UserFacilityDrop() in FacilityController----
2022-11-18 07:16:01,786 [29] DEBUG LTCPro.ServiceLayer.Log4net - ---Executing UserFacilityDrop() in FacilityService----
2022-11-18 07:16:01,793 [29] DEBUG LTCPro.ServiceLayer.Log4net - ---Executed Successfully UserFacilityDrop() in FacilityController----
2022-11-18 07:16:01,814 [19] DEBUG LTCPro.ServiceLayer.Log4net - ---Executing GetUserToken() in UserService----
2022-11-18 07:16:01,820 [19] DEBUG LTCPro.ServiceLayer.Log4net - ---Executing GetResidentAdmitvisitInfoData() in ResidentDemographicController----
2022-11-18 07:16:01,820 [19] DEBUG LTCPro.ServiceLayer.Log4net - ---Executing  VisitInfoEntity()  in GetResidentAdmitvisitInfoData----
2022-11-18 07:16:01,834 [19] DEBUG LTCPro.ServiceLayer.Log4net - ---Executed Successfully GetResidentAdmitvisitInfoData() in ResidentDemographicController----
2022-11-18 07:16:01,851 [29] DEBUG LTCPro.ServiceLayer.Log4net - ---Executing GetUserToken() in UserService----
2022-11-18 07:16:01,854 [27] DEBUG LTCPro.ServiceLayer.Log4net - ---Executing GetUserToken() in UserService----
2022-11-18 07:16:01,857 [29] DEBUG LTCPro.ServiceLayer.Log4net - ---Executing UserFacilityDrop() in FacilityController----
2022-11-18 07:16:01,857 [29] DEBUG LTCPro.ServiceLayer.Log4net - ---Executing UserFacilityDrop() in FacilityService----
2022-11-18 07:16:01,860 [27] DEBUG LTCPro.ServiceLayer.Log4net - ---Executing GetCompanyToBedFlagByFacId() in FacilityController----
2022-11-18 07:16:01,860 [27] DEBUG LTCPro.ServiceLayer.Log4net - ---Executing GetCompanyToBedFlagByFacId() in FacilityService----
2022-11-18 07:16:01,862 [29] DEBUG LTCPro.ServiceLayer.Log4net - ---Executed Successfully UserFacilityDrop() in FacilityController----
2022-11-18 07:16:01,898 [27] DEBUG LTCPro.ServiceLayer.Log4net - ---Executed Successfully GetCompanyToBedFlagByFacId() in FacilityController----
2022-11-18 07:16:01,918 [29] DEBUG LTCPro.ServiceLayer.Log4net - ---Executing GetUserToken() in UserService----
2022-11-18 07:16:01,923 [29] DEBUG LTCPro.ServiceLayer.Log4net - ---Executing UserNurseStationDrop() in FacilityController----
2022-11-18 07:16:01,923 [29] DEBUG LTCPro.ServiceLayer.Log4net - ---Executing UserNurseStationDrop() in FacilityService----
2022-11-18 07:16:01,930 [29] DEBUG LTCPro.ServiceLayer.Log4net - ---Executed Successfully UserNurseStationDrop() in FacilityController----
2022-11-18 07:16:01,938 [27] DEBUG LTCPro.ServiceLayer.Log4net - ---Executing GetUserToken() in UserService----
2022-11-18 07:16:01,944 [27] DEBUG LTCPro.ServiceLayer.Log4net - ---Executing GetNurseStationHierarchyDetailsbyNsId() in CompanyController----
2022-11-18 07:16:01,944 [27] DEBUG LTCPro.ServiceLayer.Log4net - ---Executing GetNurseStationHierarchyDetailsbyNsId() in CompanyService----
2022-11-18 07:16:01,949 [27] DEBUG LTCPro.ServiceLayer.Log4net - ---Executed Successfully GetNurseStationHierarchyDetailsbyNsId() in CompanyController----
2022-11-18 07:16:06,577 [36] DEBUG LTCPro.ServiceLayer.Log4net - ---Executing GetUserToken() in UserService----
2022-11-18 07:16:06,605 [36] DEBUG LTCPro.ServiceLayer.Log4net - ---Executing GetOutboundHLSevenConfigs() in HLSevenSegmentController----
2022-11-18 07:16:06,605 [36] DEBUG LTCPro.ServiceLayer.Log4net - ---Executing GetOutboundHLSevenConfigs() in HLSevenSegmentService----
2022-11-18 07:16:06,612 [36] DEBUG LTCPro.ServiceLayer.Log4net - ---Executed Successfully GetOutboundHLSevenConfigs() in HLSevenSegmentController----
2022-11-18 07:16:06,633 [19] DEBUG LTCPro.ServiceLayer.Log4net - ---Executing GetUserToken() in UserService----
2022-11-18 07:16:06,645 [19] DEBUG LTCPro.ServiceLayer.Log4net - ---Executing UserFacilityDrop() in FacilityController----
2022-11-18 07:16:06,645 [19] DEBUG LTCPro.ServiceLayer.Log4net - ---Executing UserFacilityDrop() in FacilityService----
2022-11-18 07:16:06,654 [19] DEBUG LTCPro.ServiceLayer.Log4net - ---Executed Successfully UserFacilityDrop() in FacilityController----
2022-11-18 07:16:06,667 [31] DEBUG LTCPro.ServiceLayer.Log4net - ---Executing GetUserToken() in UserService----
2022-11-18 07:16:06,674 [31] DEBUG LTCPro.ServiceLayer.Log4net - ---Executing GetResidentAdmitvisitInfoData() in ResidentDemographicController----
2022-11-18 07:16:06,674 [31] DEBUG LTCPro.ServiceLayer.Log4net - ---Executing  VisitInfoEntity()  in GetResidentAdmitvisitInfoData----
2022-11-18 07:16:06,690 [31] DEBUG LTCPro.ServiceLayer.Log4net - ---Executed Successfully GetResidentAdmitvisitInfoData() in ResidentDemographicController----
2022-11-18 07:16:06,706 [14] DEBUG LTCPro.ServiceLayer.Log4net - ---Executing GetUserToken() in UserService----
2022-11-18 07:16:06,706 [29] DEBUG LTCPro.ServiceLayer.Log4net - ---Executing GetUserToken() in UserService----
2022-11-18 07:16:06,713 [29] DEBUG LTCPro.ServiceLayer.Log4net - ---Executing GetCompanyToBedFlagByFacId() in FacilityController----
2022-11-18 07:16:06,713 [29] DEBUG LTCPro.ServiceLayer.Log4net - ---Executing GetCompanyToBedFlagByFacId() in FacilityService----
2022-11-18 07:16:06,713 [14] DEBUG LTCPro.ServiceLayer.Log4net - ---Executing UserFacilityDrop() in FacilityController----
2022-11-18 07:16:06,713 [14] DEBUG LTCPro.ServiceLayer.Log4net - ---Executing UserFacilityDrop() in FacilityService----
2022-11-18 07:16:06,717 [14] DEBUG LTCPro.ServiceLayer.Log4net - ---Executed Successfully UserFacilityDrop() in FacilityController----
2022-11-18 07:16:06,747 [29] DEBUG LTCPro.ServiceLayer.Log4net - ---Executed Successfully GetCompanyToBedFlagByFacId() in FacilityController----
2022-11-18 07:16:06,764 [14] DEBUG LTCPro.ServiceLayer.Log4net - ---Executing GetUserToken() in UserService----
2022-11-18 07:16:06,769 [14] DEBUG LTCPro.ServiceLayer.Log4net - ---Executing UserNurseStationDrop() in FacilityController----
2022-11-18 07:16:06,769 [14] DEBUG LTCPro.ServiceLayer.Log4net - ---Executing UserNurseStationDrop() in FacilityService----
2022-11-18 07:16:06,775 [14] DEBUG LTCPro.ServiceLayer.Log4net - ---Executed Successfully UserNurseStationDrop() in FacilityController----
2022-11-18 07:16:06,785 [33] DEBUG LTCPro.ServiceLayer.Log4net - ---Executing GetUserToken() in UserService----
2022-11-18 07:16:06,790 [33] DEBUG LTCPro.ServiceLayer.Log4net - ---Executing GetNurseStationHierarchyDetailsbyNsId() in CompanyController----
2022-11-18 07:16:06,790 [33] DEBUG LTCPro.ServiceLayer.Log4net - ---Executing GetNurseStationHierarchyDetailsbyNsId() in CompanyService----
2022-11-18 07:16:06,797 [33] DEBUG LTCPro.ServiceLayer.Log4net - ---Executed Successfully GetNurseStationHierarchyDetailsbyNsId() in CompanyController----
2022-11-18 07:16:15,334 [27] DEBUG LTCPro.ServiceLayer.Log4net - ---Executing GetUserToken() in UserService----
2022-11-18 07:16:15,340 [27] DEBUG LTCPro.ServiceLayer.Log4net - ---Executing InsertResidentVisitInfo() in AdminApprovalController----
2022-11-18 07:16:15,340 [27] DEBUG LTCPro.ServiceLayer.Log4net - ---Executing InsertResidentVisitInfo() in AdminApprovalService----
2022-11-18 07:16:15,482 [27] DEBUG LTCPro.ServiceLayer.Log4net - ---Executing GenerateOutboundFile() Discharge in AdminApprovalService----
2022-11-18 07:16:15,493 [27] DEBUG LTCPro.ServiceLayer.Log4net - ---Generating OutboundFile Discharge in AdminApprovalService----
2022-11-18 07:16:15,527 [27] DEBUG LTCPro.ServiceLayer.Log4net - ---Generated OutboundFile Download Start D:/Promantra/OutboundLive/Pending//Discharge_11182022054529.hl7 in AdminApprovalService----
2022-11-18 07:16:15,528 [27] DEBUG LTCPro.ServiceLayer.Log4net - ---Generated OutboundFile Download Completed D:/Promantra/OutboundLive/Pending//Discharge_11182022054529.hl7 in AdminApprovalService----
2022-11-18 07:16:15,528 [27] DEBUG LTCPro.ServiceLayer.Log4net - ---Executed GenerateOutboundFile() Discharge in AdminApprovalService----
2022-11-18 07:16:15,531 [27] DEBUG LTCPro.ServiceLayer.Log4net - ---Executed Successfully InsertResidentVisitInfo() in AdminApprovalController----
2022-11-18 07:16:15,612 [29] DEBUG LTCPro.ServiceLayer.Log4net - ---Executing GetUserToken() in UserService----
2022-11-18 07:16:15,618 [29] DEBUG LTCPro.ServiceLayer.Log4net - ---Executing GetApprovalFlag() in CompanyController----
2022-11-18 07:16:15,618 [29] DEBUG LTCPro.ServiceLayer.Log4net - ---Executing GetApprovalFlag() in CompanyService----
2022-11-18 07:16:15,690 [27] DEBUG LTCPro.ServiceLayer.Log4net - ---Executing GetUserToken() in UserService----
2022-11-18 07:16:15,690 [29] DEBUG LTCPro.ServiceLayer.Log4net - ---Executing GetUserToken() in UserService----
2022-11-18 07:16:15,705 [27] DEBUG LTCPro.ServiceLayer.Log4net - ---Executing GetResidentAdmitDischargeData() in ResidentDemographicController----
2022-11-18 07:16:15,705 [27] DEBUG LTCPro.ServiceLayer.Log4net - ---Executing GetResidentAdmitDischargeData() in ResidentDemographicService----
2022-11-18 07:16:15,705 [29] DEBUG LTCPro.ServiceLayer.Log4net - ---Executing GetFacilityNSResidentsDataByPId() in ResidentDemographicController----
2022-11-18 07:16:15,705 [29] DEBUG LTCPro.ServiceLayer.Log4net - ---Executing GetFacilityNSResidentsDataByPId() in ResidentDemographicService----
2022-11-18 07:16:15,713 [27] DEBUG LTCPro.ServiceLayer.Log4net - ---Executed Successfully GetResidentAdmitDischargeData() in ResidentDemographicController----
2022-11-18 07:16:15,752 [29] DEBUG LTCPro.ServiceLayer.Log4net - ---Executed Successfully GetFacilityNSResidentsDataByPId() in ResidentDemographicController----
2022-11-18 07:16:15,796 [29] DEBUG LTCPro.ServiceLayer.Log4net - ---Executing GetUserToken() in UserService----
2022-11-18 07:16:15,801 [29] DEBUG LTCPro.ServiceLayer.Log4net - ---Executing GetResidentInformation() in ResidentDemographicController----
2022-11-18 07:16:15,801 [29] DEBUG LTCPro.ServiceLayer.Log4net - ---Executing GetResidentInformation() in ResidentDemographicService----
2022-11-18 07:16:15,952 [29] DEBUG LTCPro.ServiceLayer.Log4net - ---Executed Successfully GetResidentInformation() in ResidentDemographicController----
2022-11-18 07:16:16,035 [19] DEBUG LTCPro.ServiceLayer.Log4net - ---Executing GetUserToken() in UserService----
2022-11-18 07:16:16,059 [36] DEBUG LTCPro.ServiceLayer.Log4net - ---Executing GetUserToken() in UserService----
2022-11-18 07:16:16,060 [19] DEBUG LTCPro.ServiceLayer.Log4net - ---Executing GetPatientTypeByID() in CommonController----
2022-11-18 07:16:16,060 [19] DEBUG LTCPro.ServiceLayer.Log4net - ---Executing GetPatientTypeDrop() in CommonService----
2022-11-18 07:16:16,064 [27] DEBUG LTCPro.ServiceLayer.Log4net - ---Executing GetUserToken() in UserService----
2022-11-18 07:16:16,067 [36] DEBUG LTCPro.ServiceLayer.Log4net - ---Executing GetResidentAdmitDischargeData() in ResidentDemographicController----
2022-11-18 07:16:16,067 [36] DEBUG LTCPro.ServiceLayer.Log4net - ---Executing GetResidentAdmitDischargeData() in ResidentDemographicService----
2022-11-18 07:16:16,070 [31] DEBUG LTCPro.ServiceLayer.Log4net - ---Executing GetUserToken() in UserService----
2022-11-18 07:16:16,071 [27] DEBUG LTCPro.ServiceLayer.Log4net - ---Executing GetResidentInformation() in ResidentDemographicController----
2022-11-18 07:16:16,071 [27] DEBUG LTCPro.ServiceLayer.Log4net - ---Executing GetResidentInformation() in ResidentDemographicService----
2022-11-18 07:16:16,072 [29] DEBUG LTCPro.ServiceLayer.Log4net - ---Executing GetUserToken() in UserService----
2022-11-18 07:16:16,074 [36] DEBUG LTCPro.ServiceLayer.Log4net - ---Executed Successfully GetResidentAdmitDischargeData() in ResidentDemographicController----
2022-11-18 07:16:16,078 [31] DEBUG LTCPro.ServiceLayer.Log4net - ---Executing GetResidentDiagnosisInfo() in ResidentDemographicController----
2022-11-18 07:16:16,078 [31] DEBUG LTCPro.ServiceLayer.Log4net - ---Executing GetResidentDiagnosisInfo() in DiagnosisInfoService----
2022-11-18 07:16:16,092 [31] DEBUG LTCPro.ServiceLayer.Log4net - ---Executed Successfully GetResidentDiagnosisInfo() in ResidentDemographicController----
2022-11-18 07:16:16,093 [29] DEBUG LTCPro.ServiceLayer.Log4net - ---Executing GetResidentAllergies() in ResidentDemographicController----
2022-11-18 07:16:16,093 [29] DEBUG LTCPro.ServiceLayer.Log4net - ---Executing GetResidentAllergies() in AllergyInfoService----
2022-11-18 07:16:16,100 [29] DEBUG LTCPro.ServiceLayer.Log4net - ---Executed Successfully GetResidentAllergies() in ResidentDemographicController----
2022-11-18 07:16:16,116 [19] DEBUG LTCPro.ServiceLayer.Log4net - ---Executed Successfully GetPatientTypeDrop() in CommonController----
2022-11-18 07:16:16,171 [29] DEBUG LTCPro.ServiceLayer.Log4net - ---Executing GetUserToken() in UserService----
2022-11-18 07:16:16,177 [29] DEBUG LTCPro.ServiceLayer.Log4net - ---Executing GetAllPatientTypesByPId() in ResidentDemographicController----
2022-11-18 07:16:16,177 [29] DEBUG LTCPro.ServiceLayer.Log4net - ---Executing GetAllPatientTypesByPId() in EmarService----
2022-11-18 07:16:16,182 [29] DEBUG LTCPro.ServiceLayer.Log4net - ---Executed Successfully GetAllPatientTypesByPId() in ResidentDemographicController----
2022-11-18 07:16:16,244 [27] DEBUG LTCPro.ServiceLayer.Log4net - ---Executed Successfully GetResidentInformation() in ResidentDemographicController----
2022-11-18 07:16:34,237 [27] DEBUG LTCPro.ServiceLayer.Log4net - ---Executing GetUserToken() in UserService----
2022-11-18 07:16:34,243 [27] DEBUG LTCPro.ServiceLayer.Log4net - ---Executing PatientReAdmission() in AdminApprovalController----
2022-11-18 07:16:34,243 [27] DEBUG LTCPro.ServiceLayer.Log4net - ---Executing PatientReAdmission() in AdminApprovalService----
2022-11-18 07:16:34,376 [27] DEBUG LTCPro.ServiceLayer.Log4net - ---Executing GenerateOutboundFile() NewResident in AdminApprovalService----
2022-11-18 07:16:34,388 [27] DEBUG LTCPro.ServiceLayer.Log4net - ---Generating OutboundFile NewResident in AdminApprovalService----
2022-11-18 07:16:34,431 [27] DEBUG LTCPro.ServiceLayer.Log4net - ---Generated OutboundFile Download Start D:/Promantra/OutboundLive/Pending//NewResident_11182022054548.hl7 in AdminApprovalService----
2022-11-18 07:16:34,432 [27] DEBUG LTCPro.ServiceLayer.Log4net - ---Generated OutboundFile Download Completed D:/Promantra/OutboundLive/Pending//NewResident_11182022054548.hl7 in AdminApprovalService----
2022-11-18 07:16:34,432 [27] DEBUG LTCPro.ServiceLayer.Log4net - ---Executed GenerateOutboundFile() NewResident in AdminApprovalService----
2022-11-18 07:16:34,438 [27] DEBUG LTCPro.ServiceLayer.Log4net - ---Executed Successfully PatientReAdmission() in AdminApprovalController----
2022-11-18 07:16:34,494 [19] DEBUG LTCPro.ServiceLayer.Log4net - ---Executing GetUserToken() in UserService----
2022-11-18 07:16:34,499 [19] DEBUG LTCPro.ServiceLayer.Log4net - ---Executing GetResidentInformation() in ResidentDemographicController----
2022-11-18 07:16:34,499 [19] DEBUG LTCPro.ServiceLayer.Log4net - ---Executing GetResidentInformation() in ResidentDemographicService----
2022-11-18 07:16:34,651 [19] DEBUG LTCPro.ServiceLayer.Log4net - ---Executed Successfully GetResidentInformation() in ResidentDemographicController----
2022-11-18 07:16:34,683 [19] DEBUG LTCPro.ServiceLayer.Log4net - ---Executing GetUserToken() in UserService----
2022-11-18 07:16:34,708 [19] DEBUG LTCPro.ServiceLayer.Log4net - ---Executing GetPatientTypeByID() in CommonController----
2022-11-18 07:16:34,708 [19] DEBUG LTCPro.ServiceLayer.Log4net - ---Executing GetPatientTypeDrop() in CommonService----
2022-11-18 07:16:34,714 [34] DEBUG LTCPro.ServiceLayer.Log4net - ---Executing GetUserToken() in UserService----
2022-11-18 07:16:34,717 [36] DEBUG LTCPro.ServiceLayer.Log4net - ---Executing GetUserToken() in UserService----
2022-11-18 07:16:34,720 [27] DEBUG LTCPro.ServiceLayer.Log4net - ---Executing GetUserToken() in UserService----
2022-11-18 07:16:34,722 [34] DEBUG LTCPro.ServiceLayer.Log4net - ---Executing GetResidentInformation() in ResidentDemographicController----
2022-11-18 07:16:34,722 [34] DEBUG LTCPro.ServiceLayer.Log4net - ---Executing GetResidentInformation() in ResidentDemographicService----
2022-11-18 07:16:34,724 [36] DEBUG LTCPro.ServiceLayer.Log4net - ---Executing GetResidentAllergies() in ResidentDemographicController----
2022-11-18 07:16:34,724 [36] DEBUG LTCPro.ServiceLayer.Log4net - ---Executing GetResidentAllergies() in AllergyInfoService----
2022-11-18 07:16:34,727 [27] DEBUG LTCPro.ServiceLayer.Log4net - ---Executing GetResidentAdmitDischargeData() in ResidentDemographicController----
2022-11-18 07:16:34,728 [27] DEBUG LTCPro.ServiceLayer.Log4net - ---Executing GetResidentAdmitDischargeData() in ResidentDemographicService----
2022-11-18 07:16:34,732 [36] DEBUG LTCPro.ServiceLayer.Log4net - ---Executed Successfully GetResidentAllergies() in ResidentDemographicController----
2022-11-18 07:16:34,748 [27] DEBUG LTCPro.ServiceLayer.Log4net - ---Executed Successfully GetResidentAdmitDischargeData() in ResidentDemographicController----
2022-11-18 07:16:34,769 [19] DEBUG LTCPro.ServiceLayer.Log4net - ---Executed Successfully GetPatientTypeDrop() in CommonController----
2022-11-18 07:16:34,779 [29] DEBUG LTCPro.ServiceLayer.Log4net - ---Executing GetUserToken() in UserService----
2022-11-18 07:16:34,784 [29] DEBUG LTCPro.ServiceLayer.Log4net - ---Executing GetResidentDiagnosisInfo() in ResidentDemographicController----
2022-11-18 07:16:34,785 [29] DEBUG LTCPro.ServiceLayer.Log4net - ---Executing GetResidentDiagnosisInfo() in DiagnosisInfoService----
2022-11-18 07:16:34,792 [29] DEBUG LTCPro.ServiceLayer.Log4net - ---Executed Successfully GetResidentDiagnosisInfo() in ResidentDemographicController----
2022-11-18 07:16:34,828 [27] DEBUG LTCPro.ServiceLayer.Log4net - ---Executing GetUserToken() in UserService----
2022-11-18 07:16:34,835 [27] DEBUG LTCPro.ServiceLayer.Log4net - ---Executing GetAllPatientTypesByPId() in ResidentDemographicController----
2022-11-18 07:16:34,835 [27] DEBUG LTCPro.ServiceLayer.Log4net - ---Executing GetAllPatientTypesByPId() in EmarService----
2022-11-18 07:16:34,839 [27] DEBUG LTCPro.ServiceLayer.Log4net - ---Executed Successfully GetAllPatientTypesByPId() in ResidentDemographicController----
2022-11-18 07:16:34,905 [34] DEBUG LTCPro.ServiceLayer.Log4net - ---Executed Successfully GetResidentInformation() in ResidentDemographicController----
2022-11-18 07:16:36,104 [29] DEBUG LTCPro.ServiceLayer.Log4net - ---Executing GetUserToken() in UserService----
2022-11-18 07:16:36,109 [29] DEBUG LTCPro.ServiceLayer.Log4net - ---Executing GetOutboundHLSevenConfigs() in HLSevenSegmentController----
2022-11-18 07:16:36,109 [29] DEBUG LTCPro.ServiceLayer.Log4net - ---Executing GetOutboundHLSevenConfigs() in HLSevenSegmentService----
2022-11-18 07:16:36,117 [29] DEBUG LTCPro.ServiceLayer.Log4net - ---Executed Successfully GetOutboundHLSevenConfigs() in HLSevenSegmentController----
2022-11-18 07:16:36,144 [31] DEBUG LTCPro.ServiceLayer.Log4net - ---Executing GetUserToken() in UserService----
2022-11-18 07:16:36,151 [31] DEBUG LTCPro.ServiceLayer.Log4net - ---Executing UserFacilityDrop() in FacilityController----
2022-11-18 07:16:36,151 [31] DEBUG LTCPro.ServiceLayer.Log4net - ---Executing UserFacilityDrop() in FacilityService----
2022-11-18 07:16:36,156 [31] DEBUG LTCPro.ServiceLayer.Log4net - ---Executed Successfully UserFacilityDrop() in FacilityController----
2022-11-18 07:16:36,174 [36] DEBUG LTCPro.ServiceLayer.Log4net - ---Executing GetUserToken() in UserService----
2022-11-18 07:16:36,182 [36] DEBUG LTCPro.ServiceLayer.Log4net - ---Executing GetResidentAdmitvisitInfoData() in ResidentDemographicController----
2022-11-18 07:16:36,182 [36] DEBUG LTCPro.ServiceLayer.Log4net - ---Executing  VisitInfoEntity()  in GetResidentAdmitvisitInfoData----
2022-11-18 07:16:36,203 [36] DEBUG LTCPro.ServiceLayer.Log4net - ---Executed Successfully GetResidentAdmitvisitInfoData() in ResidentDemographicController----
2022-11-18 07:16:36,221 [36] DEBUG LTCPro.ServiceLayer.Log4net - ---Executing GetUserToken() in UserService----
2022-11-18 07:16:36,223 [29] DEBUG LTCPro.ServiceLayer.Log4net - ---Executing GetUserToken() in UserService----
2022-11-18 07:16:36,227 [36] DEBUG LTCPro.ServiceLayer.Log4net - ---Executing UserFacilityDrop() in FacilityController----
2022-11-18 07:16:36,227 [36] DEBUG LTCPro.ServiceLayer.Log4net - ---Executing UserFacilityDrop() in FacilityService----
2022-11-18 07:16:36,229 [29] DEBUG LTCPro.ServiceLayer.Log4net - ---Executing GetCompanyToBedFlagByFacId() in FacilityController----
2022-11-18 07:16:36,229 [29] DEBUG LTCPro.ServiceLayer.Log4net - ---Executing GetCompanyToBedFlagByFacId() in FacilityService----
2022-11-18 07:16:36,234 [36] DEBUG LTCPro.ServiceLayer.Log4net - ---Executed Successfully UserFacilityDrop() in FacilityController----
2022-11-18 07:16:36,264 [29] DEBUG LTCPro.ServiceLayer.Log4net - ---Executed Successfully GetCompanyToBedFlagByFacId() in FacilityController----
2022-11-18 07:16:36,352 [29] DEBUG LTCPro.ServiceLayer.Log4net - ---Executing GetUserToken() in UserService----
2022-11-18 07:16:36,359 [29] DEBUG LTCPro.ServiceLayer.Log4net - ---Executing UserNurseStationDrop() in FacilityController----
2022-11-18 07:16:36,359 [29] DEBUG LTCPro.ServiceLayer.Log4net - ---Executing UserNurseStationDrop() in FacilityService----
2022-11-18 07:16:36,365 [29] DEBUG LTCPro.ServiceLayer.Log4net - ---Executed Successfully UserNurseStationDrop() in FacilityController----
2022-11-18 07:16:36,374 [27] DEBUG LTCPro.ServiceLayer.Log4net - ---Executing GetUserToken() in UserService----
2022-11-18 07:16:36,381 [27] DEBUG LTCPro.ServiceLayer.Log4net - ---Executing GetNurseStationHierarchyDetailsbyNsId() in CompanyController----
2022-11-18 07:16:36,381 [27] DEBUG LTCPro.ServiceLayer.Log4net - ---Executing GetNurseStationHierarchyDetailsbyNsId() in CompanyService----
2022-11-18 07:16:36,386 [27] DEBUG LTCPro.ServiceLayer.Log4net - ---Executed Successfully GetNurseStationHierarchyDetailsbyNsId() in CompanyController----
2022-11-18 07:16:42,501 [27] DEBUG LTCPro.ServiceLayer.Log4net - ---Executing GetUserToken() in UserService----
2022-11-18 07:16:42,506 [27] DEBUG LTCPro.ServiceLayer.Log4net - ---Executing InsertResidentVisitInfo() in AdminApprovalController----
2022-11-18 07:16:42,506 [27] DEBUG LTCPro.ServiceLayer.Log4net - ---Executing InsertResidentVisitInfo() in AdminApprovalService----
2022-11-18 07:16:42,647 [27] DEBUG LTCPro.ServiceLayer.Log4net - ---Executing GenerateOutboundFile() Discharge in AdminApprovalService----
2022-11-18 07:16:42,655 [27] DEBUG LTCPro.ServiceLayer.Log4net - ---Generating OutboundFile Discharge in AdminApprovalService----
2022-11-18 07:16:42,689 [27] DEBUG LTCPro.ServiceLayer.Log4net - ---Generated OutboundFile Download Start D:/Promantra/OutboundLive/Pending//Discharge_11182022054556.hl7 in AdminApprovalService----
2022-11-18 07:16:42,707 [27] DEBUG LTCPro.ServiceLayer.Log4net - ---Generated OutboundFile Download Completed D:/Promantra/OutboundLive/Pending//Discharge_11182022054556.hl7 in AdminApprovalService----
2022-11-18 07:16:42,707 [27] DEBUG LTCPro.ServiceLayer.Log4net - ---Executed GenerateOutboundFile() Discharge in AdminApprovalService----
2022-11-18 07:16:42,710 [27] DEBUG LTCPro.ServiceLayer.Log4net - ---Executed Successfully InsertResidentVisitInfo() in AdminApprovalController----
2022-11-18 07:16:42,767 [27] DEBUG LTCPro.ServiceLayer.Log4net - ---Executing GetUserToken() in UserService----
2022-11-18 07:16:42,773 [27] DEBUG LTCPro.ServiceLayer.Log4net - ---Executing GetApprovalFlag() in CompanyController----
2022-11-18 07:16:42,773 [27] DEBUG LTCPro.ServiceLayer.Log4net - ---Executing GetApprovalFlag() in CompanyService----
2022-11-18 07:16:42,859 [14] DEBUG LTCPro.ServiceLayer.Log4net - ---Executing GetUserToken() in UserService----
2022-11-18 07:16:42,865 [14] DEBUG LTCPro.ServiceLayer.Log4net - ---Executing GetResidentAdmitDischargeData() in ResidentDemographicController----
2022-11-18 07:16:42,866 [14] DEBUG LTCPro.ServiceLayer.Log4net - ---Executing GetResidentAdmitDischargeData() in ResidentDemographicService----
2022-11-18 07:16:42,867 [29] DEBUG LTCPro.ServiceLayer.Log4net - ---Executing GetUserToken() in UserService----
2022-11-18 07:16:42,872 [29] DEBUG LTCPro.ServiceLayer.Log4net - ---Executing GetFacilityNSResidentsDataByPId() in ResidentDemographicController----
2022-11-18 07:16:42,872 [29] DEBUG LTCPro.ServiceLayer.Log4net - ---Executing GetFacilityNSResidentsDataByPId() in ResidentDemographicService----
2022-11-18 07:16:42,874 [14] DEBUG LTCPro.ServiceLayer.Log4net - ---Executed Successfully GetResidentAdmitDischargeData() in ResidentDemographicController----
2022-11-18 07:16:42,911 [29] DEBUG LTCPro.ServiceLayer.Log4net - ---Executed Successfully GetFacilityNSResidentsDataByPId() in ResidentDemographicController----
2022-11-18 07:16:42,958 [29] DEBUG LTCPro.ServiceLayer.Log4net - ---Executing GetUserToken() in UserService----
2022-11-18 07:16:42,964 [29] DEBUG LTCPro.ServiceLayer.Log4net - ---Executing GetResidentInformation() in ResidentDemographicController----
2022-11-18 07:16:42,964 [29] DEBUG LTCPro.ServiceLayer.Log4net - ---Executing GetResidentInformation() in ResidentDemographicService----
2022-11-18 07:16:43,096 [29] DEBUG LTCPro.ServiceLayer.Log4net - ---Executed Successfully GetResidentInformation() in ResidentDemographicController----
2022-11-18 07:16:43,148 [29] DEBUG LTCPro.ServiceLayer.Log4net - ---Executing GetUserToken() in UserService----
2022-11-18 07:16:43,154 [29] DEBUG LTCPro.ServiceLayer.Log4net - ---Executing GetResidentInformation() in ResidentDemographicController----
2022-11-18 07:16:43,154 [29] DEBUG LTCPro.ServiceLayer.Log4net - ---Executing GetResidentInformation() in ResidentDemographicService----
2022-11-18 07:16:43,154 [27] DEBUG LTCPro.ServiceLayer.Log4net - ---Executing GetUserToken() in UserService----
2022-11-18 07:16:43,156 [19] DEBUG LTCPro.ServiceLayer.Log4net - ---Executing GetUserToken() in UserService----
2022-11-18 07:16:43,163 [27] DEBUG LTCPro.ServiceLayer.Log4net - ---Executing GetPatientTypeByID() in CommonController----
2022-11-18 07:16:43,163 [27] DEBUG LTCPro.ServiceLayer.Log4net - ---Executing GetPatientTypeDrop() in CommonService----
2022-11-18 07:16:43,164 [19] DEBUG LTCPro.ServiceLayer.Log4net - ---Executing GetResidentAdmitDischargeData() in ResidentDemographicController----
2022-11-18 07:16:43,164 [19] DEBUG LTCPro.ServiceLayer.Log4net - ---Executing GetResidentAdmitDischargeData() in ResidentDemographicService----
2022-11-18 07:16:43,172 [19] DEBUG LTCPro.ServiceLayer.Log4net - ---Executed Successfully GetResidentAdmitDischargeData() in ResidentDemographicController----
2022-11-18 07:16:43,175 [34] DEBUG LTCPro.ServiceLayer.Log4net - ---Executing GetUserToken() in UserService----
2022-11-18 07:16:43,183 [34] DEBUG LTCPro.ServiceLayer.Log4net - ---Executing GetResidentAllergies() in ResidentDemographicController----
2022-11-18 07:16:43,183 [34] DEBUG LTCPro.ServiceLayer.Log4net - ---Executing GetResidentAllergies() in AllergyInfoService----
2022-11-18 07:16:43,191 [34] DEBUG LTCPro.ServiceLayer.Log4net - ---Executed Successfully GetResidentAllergies() in ResidentDemographicController----
2022-11-18 07:16:43,212 [36] DEBUG LTCPro.ServiceLayer.Log4net - ---Executing GetUserToken() in UserService----
2022-11-18 07:16:43,212 [27] DEBUG LTCPro.ServiceLayer.Log4net - ---Executed Successfully GetPatientTypeDrop() in CommonController----
2022-11-18 07:16:43,220 [36] DEBUG LTCPro.ServiceLayer.Log4net - ---Executing GetResidentDiagnosisInfo() in ResidentDemographicController----
2022-11-18 07:16:43,220 [36] DEBUG LTCPro.ServiceLayer.Log4net - ---Executing GetResidentDiagnosisInfo() in DiagnosisInfoService----
2022-11-18 07:16:43,228 [36] DEBUG LTCPro.ServiceLayer.Log4net - ---Executed Successfully GetResidentDiagnosisInfo() in ResidentDemographicController----
2022-11-18 07:16:43,276 [34] DEBUG LTCPro.ServiceLayer.Log4net - ---Executing GetUserToken() in UserService----
2022-11-18 07:16:43,282 [34] DEBUG LTCPro.ServiceLayer.Log4net - ---Executing GetAllPatientTypesByPId() in ResidentDemographicController----
2022-11-18 07:16:43,282 [34] DEBUG LTCPro.ServiceLayer.Log4net - ---Executing GetAllPatientTypesByPId() in EmarService----
2022-11-18 07:16:43,286 [34] DEBUG LTCPro.ServiceLayer.Log4net - ---Executed Successfully GetAllPatientTypesByPId() in ResidentDemographicController----
2022-11-18 07:16:43,324 [29] DEBUG LTCPro.ServiceLayer.Log4net - ---Executed Successfully GetResidentInformation() in ResidentDemographicController----
2022-11-18 07:16:46,797 [36] DEBUG LTCPro.ServiceLayer.Log4net - ---Executing GetUserToken() in UserService----
2022-11-18 07:16:46,803 [36] DEBUG LTCPro.ServiceLayer.Log4net - ---Executing GetOutboundHLSevenConfigs() in HLSevenSegmentController----
2022-11-18 07:16:46,803 [36] DEBUG LTCPro.ServiceLayer.Log4net - ---Executing GetOutboundHLSevenConfigs() in HLSevenSegmentService----
2022-11-18 07:16:46,811 [36] DEBUG LTCPro.ServiceLayer.Log4net - ---Executed Successfully GetOutboundHLSevenConfigs() in HLSevenSegmentController----
2022-11-18 07:16:46,840 [15] DEBUG LTCPro.ServiceLayer.Log4net - ---Executing GetUserToken() in UserService----
2022-11-18 07:16:46,846 [15] DEBUG LTCPro.ServiceLayer.Log4net - ---Executing UserFacilityDrop() in FacilityController----
2022-11-18 07:16:46,846 [15] DEBUG LTCPro.ServiceLayer.Log4net - ---Executing UserFacilityDrop() in FacilityService----
2022-11-18 07:16:46,851 [15] DEBUG LTCPro.ServiceLayer.Log4net - ---Executed Successfully UserFacilityDrop() in FacilityController----
2022-11-18 07:16:46,870 [34] DEBUG LTCPro.ServiceLayer.Log4net - ---Executing GetUserToken() in UserService----
2022-11-18 07:16:46,876 [34] DEBUG LTCPro.ServiceLayer.Log4net - ---Executing GetResidentAdmitvisitInfoData() in ResidentDemographicController----
2022-11-18 07:16:46,876 [34] DEBUG LTCPro.ServiceLayer.Log4net - ---Executing  VisitInfoEntity()  in GetResidentAdmitvisitInfoData----
2022-11-18 07:16:46,890 [34] DEBUG LTCPro.ServiceLayer.Log4net - ---Executed Successfully GetResidentAdmitvisitInfoData() in ResidentDemographicController----
2022-11-18 07:16:46,906 [15] DEBUG LTCPro.ServiceLayer.Log4net - ---Executing GetUserToken() in UserService----
2022-11-18 07:16:46,909 [36] DEBUG LTCPro.ServiceLayer.Log4net - ---Executing GetUserToken() in UserService----
2022-11-18 07:16:46,913 [15] DEBUG LTCPro.ServiceLayer.Log4net - ---Executing UserFacilityDrop() in FacilityController----
2022-11-18 07:16:46,913 [15] DEBUG LTCPro.ServiceLayer.Log4net - ---Executing UserFacilityDrop() in FacilityService----
2022-11-18 07:16:46,914 [36] DEBUG LTCPro.ServiceLayer.Log4net - ---Executing GetCompanyToBedFlagByFacId() in FacilityController----
2022-11-18 07:16:46,914 [36] DEBUG LTCPro.ServiceLayer.Log4net - ---Executing GetCompanyToBedFlagByFacId() in FacilityService----
2022-11-18 07:16:46,919 [15] DEBUG LTCPro.ServiceLayer.Log4net - ---Executed Successfully UserFacilityDrop() in FacilityController----
2022-11-18 07:16:46,948 [36] DEBUG LTCPro.ServiceLayer.Log4net - ---Executed Successfully GetCompanyToBedFlagByFacId() in FacilityController----
2022-11-18 07:16:46,971 [34] DEBUG LTCPro.ServiceLayer.Log4net - ---Executing GetUserToken() in UserService----
2022-11-18 07:16:46,976 [34] DEBUG LTCPro.ServiceLayer.Log4net - ---Executing UserNurseStationDrop() in FacilityController----
2022-11-18 07:16:46,977 [34] DEBUG LTCPro.ServiceLayer.Log4net - ---Executing UserNurseStationDrop() in FacilityService----
2022-11-18 07:16:46,984 [34] DEBUG LTCPro.ServiceLayer.Log4net - ---Executed Successfully UserNurseStationDrop() in FacilityController----
2022-11-18 07:16:46,993 [15] DEBUG LTCPro.ServiceLayer.Log4net - ---Executing GetUserToken() in UserService----
2022-11-18 07:16:46,999 [15] DEBUG LTCPro.ServiceLayer.Log4net - ---Executing GetNurseStationHierarchyDetailsbyNsId() in CompanyController----
2022-11-18 07:16:46,999 [15] DEBUG LTCPro.ServiceLayer.Log4net - ---Executing GetNurseStationHierarchyDetailsbyNsId() in CompanyService----
2022-11-18 07:16:47,004 [15] DEBUG LTCPro.ServiceLayer.Log4net - ---Executed Successfully GetNurseStationHierarchyDetailsbyNsId() in CompanyController----
2022-11-18 07:16:58,259 [29] DEBUG LTCPro.ServiceLayer.Log4net - ---Executing GetUserToken() in UserService----
2022-11-18 07:16:58,265 [29] DEBUG LTCPro.ServiceLayer.Log4net - ---Executing PatientReAdmission() in AdminApprovalController----
2022-11-18 07:16:58,265 [29] DEBUG LTCPro.ServiceLayer.Log4net - ---Executing PatientReAdmission() in AdminApprovalService----
2022-11-18 07:16:58,371 [29] DEBUG LTCPro.ServiceLayer.Log4net - ---Executing GenerateOutboundFile() NewResident in AdminApprovalService----
2022-11-18 07:16:58,379 [29] DEBUG LTCPro.ServiceLayer.Log4net - ---Generating OutboundFile NewResident in AdminApprovalService----
2022-11-18 07:16:58,411 [29] DEBUG LTCPro.ServiceLayer.Log4net - ---Generated OutboundFile Download Start D:/Promantra/OutboundLive/Pending//NewResident_11182022054612.hl7 in AdminApprovalService----
2022-11-18 07:16:58,412 [29] DEBUG LTCPro.ServiceLayer.Log4net - ---Generated OutboundFile Download Completed D:/Promantra/OutboundLive/Pending//NewResident_11182022054612.hl7 in AdminApprovalService----
2022-11-18 07:16:58,412 [29] DEBUG LTCPro.ServiceLayer.Log4net - ---Executed GenerateOutboundFile() NewResident in AdminApprovalService----
2022-11-18 07:16:58,415 [29] DEBUG LTCPro.ServiceLayer.Log4net - ---Executed Successfully PatientReAdmission() in AdminApprovalController----
2022-11-18 07:16:58,462 [36] DEBUG LTCPro.ServiceLayer.Log4net - ---Executing GetUserToken() in UserService----
2022-11-18 07:16:58,468 [36] DEBUG LTCPro.ServiceLayer.Log4net - ---Executing GetResidentInformation() in ResidentDemographicController----
2022-11-18 07:16:58,468 [36] DEBUG LTCPro.ServiceLayer.Log4net - ---Executing GetResidentInformation() in ResidentDemographicService----
2022-11-18 07:16:58,616 [36] DEBUG LTCPro.ServiceLayer.Log4net - ---Executed Successfully GetResidentInformation() in ResidentDemographicController----
2022-11-18 07:16:58,736 [34] DEBUG LTCPro.ServiceLayer.Log4net - ---Executing GetUserToken() in UserService----
2022-11-18 07:16:58,747 [29] DEBUG LTCPro.ServiceLayer.Log4net - ---Executing GetUserToken() in UserService----
2022-11-18 07:16:58,748 [34] DEBUG LTCPro.ServiceLayer.Log4net - ---Executing GetPatientTypeByID() in CommonController----
2022-11-18 07:16:58,748 [34] DEBUG LTCPro.ServiceLayer.Log4net - ---Executing GetPatientTypeDrop() in CommonService----
2022-11-18 07:16:58,753 [29] DEBUG LTCPro.ServiceLayer.Log4net - ---Executing GetResidentDiagnosisInfo() in ResidentDemographicController----
2022-11-18 07:16:58,753 [29] DEBUG LTCPro.ServiceLayer.Log4net - ---Executing GetResidentDiagnosisInfo() in DiagnosisInfoService----
2022-11-18 07:16:58,756 [15] DEBUG LTCPro.ServiceLayer.Log4net - ---Executing GetUserToken() in UserService----
2022-11-18 07:16:58,758 [29] DEBUG LTCPro.ServiceLayer.Log4net - ---Executed Successfully GetResidentDiagnosisInfo() in ResidentDemographicController----
2022-11-18 07:16:58,758 [31] DEBUG LTCPro.ServiceLayer.Log4net - ---Executing GetUserToken() in UserService----
2022-11-18 07:16:58,762 [15] DEBUG LTCPro.ServiceLayer.Log4net - ---Executing GetResidentAllergies() in ResidentDemographicController----
2022-11-18 07:16:58,762 [15] DEBUG LTCPro.ServiceLayer.Log4net - ---Executing GetResidentAllergies() in AllergyInfoService----
2022-11-18 07:16:58,766 [31] DEBUG LTCPro.ServiceLayer.Log4net - ---Executing GetResidentAdmitDischargeData() in ResidentDemographicController----
2022-11-18 07:16:58,766 [31] DEBUG LTCPro.ServiceLayer.Log4net - ---Executing GetResidentAdmitDischargeData() in ResidentDemographicService----
2022-11-18 07:16:58,769 [15] DEBUG LTCPro.ServiceLayer.Log4net - ---Executed Successfully GetResidentAllergies() in ResidentDemographicController----
2022-11-18 07:16:58,776 [31] DEBUG LTCPro.ServiceLayer.Log4net - ---Executed Successfully GetResidentAdmitDischargeData() in ResidentDemographicController----
2022-11-18 07:16:58,787 [19] DEBUG LTCPro.ServiceLayer.Log4net - ---Executing GetUserToken() in UserService----
2022-11-18 07:16:58,787 [34] DEBUG LTCPro.ServiceLayer.Log4net - ---Executed Successfully GetPatientTypeDrop() in CommonController----
2022-11-18 07:16:58,793 [19] DEBUG LTCPro.ServiceLayer.Log4net - ---Executing GetResidentInformation() in ResidentDemographicController----
2022-11-18 07:16:58,793 [19] DEBUG LTCPro.ServiceLayer.Log4net - ---Executing GetResidentInformation() in ResidentDemographicService----
2022-11-18 07:16:58,841 [27] DEBUG LTCPro.ServiceLayer.Log4net - ---Executing GetUserToken() in UserService----
2022-11-18 07:16:58,847 [27] DEBUG LTCPro.ServiceLayer.Log4net - ---Executing GetAllPatientTypesByPId() in ResidentDemographicController----
2022-11-18 07:16:58,847 [27] DEBUG LTCPro.ServiceLayer.Log4net - ---Executing GetAllPatientTypesByPId() in EmarService----
2022-11-18 07:16:58,852 [27] DEBUG LTCPro.ServiceLayer.Log4net - ---Executed Successfully GetAllPatientTypesByPId() in ResidentDemographicController----
2022-11-18 07:16:58,951 [19] DEBUG LTCPro.ServiceLayer.Log4net - ---Executed Successfully GetResidentInformation() in ResidentDemographicController----
2022-11-18 07:16:59,670 [27] DEBUG LTCPro.ServiceLayer.Log4net - ---Executing GetUserToken() in UserService----
2022-11-18 07:16:59,682 [27] DEBUG LTCPro.ServiceLayer.Log4net - ---Executing GetOutboundHLSevenConfigs() in HLSevenSegmentController----
2022-11-18 07:16:59,683 [27] DEBUG LTCPro.ServiceLayer.Log4net - ---Executing GetOutboundHLSevenConfigs() in HLSevenSegmentService----
2022-11-18 07:16:59,691 [27] DEBUG LTCPro.ServiceLayer.Log4net - ---Executed Successfully GetOutboundHLSevenConfigs() in HLSevenSegmentController----
2022-11-18 07:16:59,716 [29] DEBUG LTCPro.ServiceLayer.Log4net - ---Executing GetUserToken() in UserService----
2022-11-18 07:16:59,722 [29] DEBUG LTCPro.ServiceLayer.Log4net - ---Executing UserFacilityDrop() in FacilityController----
2022-11-18 07:16:59,722 [29] DEBUG LTCPro.ServiceLayer.Log4net - ---Executing UserFacilityDrop() in FacilityService----
2022-11-18 07:16:59,730 [29] DEBUG LTCPro.ServiceLayer.Log4net - ---Executed Successfully UserFacilityDrop() in FacilityController----
2022-11-18 07:16:59,750 [27] DEBUG LTCPro.ServiceLayer.Log4net - ---Executing GetUserToken() in UserService----
2022-11-18 07:16:59,755 [27] DEBUG LTCPro.ServiceLayer.Log4net - ---Executing GetResidentAdmitvisitInfoData() in ResidentDemographicController----
2022-11-18 07:16:59,755 [27] DEBUG LTCPro.ServiceLayer.Log4net - ---Executing  VisitInfoEntity()  in GetResidentAdmitvisitInfoData----
2022-11-18 07:16:59,770 [27] DEBUG LTCPro.ServiceLayer.Log4net - ---Executed Successfully GetResidentAdmitvisitInfoData() in ResidentDemographicController----
2022-11-18 07:16:59,786 [36] DEBUG LTCPro.ServiceLayer.Log4net - ---Executing GetUserToken() in UserService----
2022-11-18 07:16:59,789 [29] DEBUG LTCPro.ServiceLayer.Log4net - ---Executing GetUserToken() in UserService----
2022-11-18 07:16:59,792 [36] DEBUG LTCPro.ServiceLayer.Log4net - ---Executing UserFacilityDrop() in FacilityController----
2022-11-18 07:16:59,792 [36] DEBUG LTCPro.ServiceLayer.Log4net - ---Executing UserFacilityDrop() in FacilityService----
2022-11-18 07:16:59,794 [29] DEBUG LTCPro.ServiceLayer.Log4net - ---Executing GetCompanyToBedFlagByFacId() in FacilityController----
2022-11-18 07:16:59,794 [29] DEBUG LTCPro.ServiceLayer.Log4net - ---Executing GetCompanyToBedFlagByFacId() in FacilityService----
2022-11-18 07:16:59,799 [36] DEBUG LTCPro.ServiceLayer.Log4net - ---Executed Successfully UserFacilityDrop() in FacilityController----
2022-11-18 07:16:59,826 [29] DEBUG LTCPro.ServiceLayer.Log4net - ---Executed Successfully GetCompanyToBedFlagByFacId() in FacilityController----
2022-11-18 07:16:59,846 [29] DEBUG LTCPro.ServiceLayer.Log4net - ---Executing GetUserToken() in UserService----
2022-11-18 07:16:59,852 [29] DEBUG LTCPro.ServiceLayer.Log4net - ---Executing UserNurseStationDrop() in FacilityController----
2022-11-18 07:16:59,852 [29] DEBUG LTCPro.ServiceLayer.Log4net - ---Executing UserNurseStationDrop() in FacilityService----
2022-11-18 07:16:59,859 [29] DEBUG LTCPro.ServiceLayer.Log4net - ---Executed Successfully UserNurseStationDrop() in FacilityController----
2022-11-18 07:16:59,867 [27] DEBUG LTCPro.ServiceLayer.Log4net - ---Executing GetUserToken() in UserService----
2022-11-18 07:16:59,872 [27] DEBUG LTCPro.ServiceLayer.Log4net - ---Executing GetNurseStationHierarchyDetailsbyNsId() in CompanyController----
2022-11-18 07:16:59,873 [27] DEBUG LTCPro.ServiceLayer.Log4net - ---Executing GetNurseStationHierarchyDetailsbyNsId() in CompanyService----
2022-11-18 07:16:59,878 [27] DEBUG LTCPro.ServiceLayer.Log4net - ---Executed Successfully GetNurseStationHierarchyDetailsbyNsId() in CompanyController----
2022-11-18 07:17:12,757 [27] DEBUG LTCPro.ServiceLayer.Log4net - ---Executing GetUserToken() in UserService----
2022-11-18 07:17:12,762 [27] DEBUG LTCPro.ServiceLayer.Log4net - ---Executing InsertResidentVisitInfo() in AdminApprovalController----
2022-11-18 07:17:12,762 [27] DEBUG LTCPro.ServiceLayer.Log4net - ---Executing InsertResidentVisitInfo() in AdminApprovalService----
2022-11-18 07:17:12,924 [27] DEBUG LTCPro.ServiceLayer.Log4net - ---Executing GenerateOutboundFile() Discharge in AdminApprovalService----
2022-11-18 07:17:12,935 [27] DEBUG LTCPro.ServiceLayer.Log4net - ---Generating OutboundFile Discharge in AdminApprovalService----
2022-11-18 07:17:12,978 [27] DEBUG LTCPro.ServiceLayer.Log4net - ---Generated OutboundFile Download Start D:/Promantra/OutboundLive/Pending//Discharge_11182022054626.hl7 in AdminApprovalService----
2022-11-18 07:17:12,980 [27] DEBUG LTCPro.ServiceLayer.Log4net - ---Generated OutboundFile Download Completed D:/Promantra/OutboundLive/Pending//Discharge_11182022054626.hl7 in AdminApprovalService----
2022-11-18 07:17:12,980 [27] DEBUG LTCPro.ServiceLayer.Log4net - ---Executed GenerateOutboundFile() Discharge in AdminApprovalService----
2022-11-18 07:17:12,987 [27] DEBUG LTCPro.ServiceLayer.Log4net - ---Executed Successfully InsertResidentVisitInfo() in AdminApprovalController----
2022-11-18 07:17:13,026 [29] DEBUG LTCPro.ServiceLayer.Log4net - ---Executing GetUserToken() in UserService----
2022-11-18 07:17:13,032 [29] DEBUG LTCPro.ServiceLayer.Log4net - ---Executing GetApprovalFlag() in CompanyController----
2022-11-18 07:17:13,032 [29] DEBUG LTCPro.ServiceLayer.Log4net - ---Executing GetApprovalFlag() in CompanyService----
2022-11-18 07:17:13,148 [19] DEBUG LTCPro.ServiceLayer.Log4net - ---Executing GetUserToken() in UserService----
2022-11-18 07:17:13,148 [31] DEBUG LTCPro.ServiceLayer.Log4net - ---Executing GetUserToken() in UserService----
2022-11-18 07:17:13,154 [19] DEBUG LTCPro.ServiceLayer.Log4net - ---Executing GetFacilityNSResidentsDataByPId() in ResidentDemographicController----
2022-11-18 07:17:13,154 [19] DEBUG LTCPro.ServiceLayer.Log4net - ---Executing GetFacilityNSResidentsDataByPId() in ResidentDemographicService----
2022-11-18 07:17:13,154 [31] DEBUG LTCPro.ServiceLayer.Log4net - ---Executing GetResidentAdmitDischargeData() in ResidentDemographicController----
2022-11-18 07:17:13,154 [31] DEBUG LTCPro.ServiceLayer.Log4net - ---Executing GetResidentAdmitDischargeData() in ResidentDemographicService----
2022-11-18 07:17:13,161 [31] DEBUG LTCPro.ServiceLayer.Log4net - ---Executed Successfully GetResidentAdmitDischargeData() in ResidentDemographicController----
2022-11-18 07:17:13,198 [19] DEBUG LTCPro.ServiceLayer.Log4net - ---Executed Successfully GetFacilityNSResidentsDataByPId() in ResidentDemographicController----
2022-11-18 07:17:13,257 [29] DEBUG LTCPro.ServiceLayer.Log4net - ---Executing GetUserToken() in UserService----
2022-11-18 07:17:13,262 [29] DEBUG LTCPro.ServiceLayer.Log4net - ---Executing GetResidentInformation() in ResidentDemographicController----
2022-11-18 07:17:13,262 [29] DEBUG LTCPro.ServiceLayer.Log4net - ---Executing GetResidentInformation() in ResidentDemographicService----
2022-11-18 07:17:13,400 [29] DEBUG LTCPro.ServiceLayer.Log4net - ---Executed Successfully GetResidentInformation() in ResidentDemographicController----
2022-11-18 07:17:13,460 [19] DEBUG LTCPro.ServiceLayer.Log4net - ---Executing GetUserToken() in UserService----
2022-11-18 07:17:13,463 [31] DEBUG LTCPro.ServiceLayer.Log4net - ---Executing GetUserToken() in UserService----
2022-11-18 07:17:13,467 [19] DEBUG LTCPro.ServiceLayer.Log4net - ---Executing GetResidentInformation() in ResidentDemographicController----
2022-11-18 07:17:13,467 [19] DEBUG LTCPro.ServiceLayer.Log4net - ---Executing GetResidentInformation() in ResidentDemographicService----
2022-11-18 07:17:13,471 [31] DEBUG LTCPro.ServiceLayer.Log4net - ---Executing GetResidentAdmitDischargeData() in ResidentDemographicController----
2022-11-18 07:17:13,471 [31] DEBUG LTCPro.ServiceLayer.Log4net - ---Executing GetResidentAdmitDischargeData() in ResidentDemographicService----
2022-11-18 07:17:13,486 [31] DEBUG LTCPro.ServiceLayer.Log4net - ---Executed Successfully GetResidentAdmitDischargeData() in ResidentDemographicController----
2022-11-18 07:17:13,487 [29] DEBUG LTCPro.ServiceLayer.Log4net - ---Executing GetUserToken() in UserService----
2022-11-18 07:17:13,498 [29] DEBUG LTCPro.ServiceLayer.Log4net - ---Executing GetPatientTypeByID() in CommonController----
2022-11-18 07:17:13,498 [29] DEBUG LTCPro.ServiceLayer.Log4net - ---Executing GetPatientTypeDrop() in CommonService----
2022-11-18 07:17:13,500 [34] DEBUG LTCPro.ServiceLayer.Log4net - ---Executing GetUserToken() in UserService----
2022-11-18 07:17:13,518 [34] DEBUG LTCPro.ServiceLayer.Log4net - ---Executing GetResidentAllergies() in ResidentDemographicController----
2022-11-18 07:17:13,518 [34] DEBUG LTCPro.ServiceLayer.Log4net - ---Executing GetResidentAllergies() in AllergyInfoService----
2022-11-18 07:17:13,519 [36] DEBUG LTCPro.ServiceLayer.Log4net - ---Executing GetUserToken() in UserService----
2022-11-18 07:17:13,528 [34] DEBUG LTCPro.ServiceLayer.Log4net - ---Executed Successfully GetResidentAllergies() in ResidentDemographicController----
2022-11-18 07:17:13,531 [36] DEBUG LTCPro.ServiceLayer.Log4net - ---Executing GetResidentDiagnosisInfo() in ResidentDemographicController----
2022-11-18 07:17:13,531 [36] DEBUG LTCPro.ServiceLayer.Log4net - ---Executing GetResidentDiagnosisInfo() in DiagnosisInfoService----
2022-11-18 07:17:13,539 [36] DEBUG LTCPro.ServiceLayer.Log4net - ---Executed Successfully GetResidentDiagnosisInfo() in ResidentDemographicController----
2022-11-18 07:17:13,546 [29] DEBUG LTCPro.ServiceLayer.Log4net - ---Executed Successfully GetPatientTypeDrop() in CommonController----
2022-11-18 07:17:13,602 [36] DEBUG LTCPro.ServiceLayer.Log4net - ---Executing GetUserToken() in UserService----
2022-11-18 07:17:13,606 [36] DEBUG LTCPro.ServiceLayer.Log4net - ---Executing GetAllPatientTypesByPId() in ResidentDemographicController----
2022-11-18 07:17:13,606 [36] DEBUG LTCPro.ServiceLayer.Log4net - ---Executing GetAllPatientTypesByPId() in EmarService----
2022-11-18 07:17:13,611 [36] DEBUG LTCPro.ServiceLayer.Log4net - ---Executed Successfully GetAllPatientTypesByPId() in ResidentDemographicController----
2022-11-18 07:17:13,649 [19] DEBUG LTCPro.ServiceLayer.Log4net - ---Executed Successfully GetResidentInformation() in ResidentDemographicController----
2022-11-18 07:18:16,502 [36] DEBUG LTCPro.ServiceLayer.Log4net - ---Executing GetUserToken() in UserService----
2022-11-18 07:18:16,505 [32] DEBUG LTCPro.ServiceLayer.Log4net - ---Executing GetUserToken() in UserService----
2022-11-18 07:18:16,505 [26] DEBUG LTCPro.ServiceLayer.Log4net - ---Executing GetUserToken() in UserService----
2022-11-18 07:18:16,511 [36] DEBUG LTCPro.ServiceLayer.Log4net - ---Executing GetReadMailsCount() in MailboxController----
2022-11-18 07:18:16,511 [36] DEBUG LTCPro.ServiceLayer.Log4net - ---Executing GetReadMailsCount() in MailboxService----
2022-11-18 07:18:16,512 [26] DEBUG LTCPro.ServiceLayer.Log4net - ---Executing GetAlertsDetails() in MailboxController----
2022-11-18 07:18:16,512 [26] DEBUG LTCPro.ServiceLayer.Log4net - ---Executing GetAlertsDetails() in MailboxService----
2022-11-18 07:18:16,513 [32] DEBUG LTCPro.ServiceLayer.Log4net - ---Executing GetPendingDosesList() in CommonController----
2022-11-18 07:18:16,513 [32] DEBUG LTCPro.ServiceLayer.Log4net - ---Executing GetPendingDosesList() in CommonService----
2022-11-18 07:18:16,520 [19] DEBUG LTCPro.ServiceLayer.Log4net - ---Executing GetUserToken() in UserService----
2022-11-18 07:18:16,521 [36] DEBUG LTCPro.ServiceLayer.Log4net - ---Executed successfully GetReadMailsCount() in MailboxController----
2022-11-18 07:18:16,525 [19] DEBUG LTCPro.ServiceLayer.Log4net - ---Executing GetOutboundErrorDetails() in CommonController----
2022-11-18 07:18:16,526 [19] DEBUG LTCPro.ServiceLayer.Log4net - ---Executing GetOutboundErrorDetails() in CommonService----
2022-11-18 07:18:16,529 [29] DEBUG LTCPro.ServiceLayer.Log4net - ---Executing GetUserToken() in UserService----
2022-11-18 07:18:16,538 [29] DEBUG LTCPro.ServiceLayer.Log4net - ---Executing GetUserPassedDueFlag() in UserController----
2022-11-18 07:18:16,538 [29] DEBUG LTCPro.ServiceLayer.Log4net - ---Executing GetUserPassedDueFlag() in UserService----
2022-11-18 07:18:16,546 [29] DEBUG LTCPro.ServiceLayer.Log4net - ---Executed Successfully GetUserPassedDueFlag() in UserController----
2022-11-18 07:18:16,573 [29] DEBUG LTCPro.ServiceLayer.Log4net - ---Executing GetUserToken() in UserService----
2022-11-18 07:18:16,596 [26] DEBUG LTCPro.ServiceLayer.Log4net - ---Executed successfully GetAlertsDetails() in MailboxController----
2022-11-18 07:18:16,596 [29] DEBUG LTCPro.ServiceLayer.Log4net - ---Executing GetDueMARAlertData() in EmarController----
2022-11-18 07:18:16,596 [29] DEBUG LTCPro.ServiceLayer.Log4net - ---Executing GetDueMARAlertData() in EmarService----
2022-11-18 07:18:16,664 [26] DEBUG LTCPro.ServiceLayer.Log4net - ---Executing GetUserToken() in UserService----
2022-11-18 07:18:16,670 [26] DEBUG LTCPro.ServiceLayer.Log4net - ---Executing GetUserRecentFacNs() in UserController----
2022-11-18 07:18:16,670 [26] DEBUG LTCPro.ServiceLayer.Log4net - ---Executing GetUserRecentFacNs() in UserService----
2022-11-18 07:18:16,677 [32] DEBUG LTCPro.ServiceLayer.Log4net - ---Executed Successfully GetPendingDosesList() in CommonController----
2022-11-18 07:18:16,679 [26] DEBUG LTCPro.ServiceLayer.Log4net - ---Executed Successfully GetUserRecentFacNs() in UserController----
2022-11-18 07:18:16,695 [32] DEBUG LTCPro.ServiceLayer.Log4net - ---Executing GetUserToken() in UserService----
2022-11-18 07:18:16,697 [26] DEBUG LTCPro.ServiceLayer.Log4net - ---Executing GetUserToken() in UserService----
2022-11-18 07:18:16,700 [32] DEBUG LTCPro.ServiceLayer.Log4net - ---Executing GetUserRecentFacNs() in UserController----
2022-11-18 07:18:16,700 [32] DEBUG LTCPro.ServiceLayer.Log4net - ---Executing GetUserRecentFacNs() in UserService----
2022-11-18 07:18:16,701 [26] DEBUG LTCPro.ServiceLayer.Log4net - ---Executing InsertUserActivityDetails() in CompanyController----
2022-11-18 07:18:16,701 [26] DEBUG LTCPro.ServiceLayer.Log4net - ---Executing InsertUserActivityDetails() in UserActivityService----
2022-11-18 07:18:16,709 [32] DEBUG LTCPro.ServiceLayer.Log4net - ---Executed Successfully GetUserRecentFacNs() in UserController----
2022-11-18 07:18:16,709 [19] DEBUG LTCPro.ServiceLayer.Log4net - ---Executed Successfully GetOutboundErrorDetails() in CommonController----
2022-11-18 07:18:16,716 [26] DEBUG LTCPro.ServiceLayer.Log4net - ---Executed Successfully InsertUserActivityDetails() in CompanyController----
2022-11-18 07:18:16,732 [19] DEBUG LTCPro.ServiceLayer.Log4net - ---Executing GetUserToken() in UserService----
2022-11-18 07:18:16,732 [26] DEBUG LTCPro.ServiceLayer.Log4net - ---Executing GetUserToken() in UserService----
2022-11-18 07:18:16,751 [26] DEBUG LTCPro.ServiceLayer.Log4net - ---Executing GetUserAccessFacilityNurseStaions() in FacilityController----
2022-11-18 07:18:16,752 [26] DEBUG LTCPro.ServiceLayer.Log4net - ---Executing GetUserAccessFacilityNurseStaions() in FacilityService----
2022-11-18 07:18:16,752 [19] DEBUG LTCPro.ServiceLayer.Log4net - ---Executing GetUserAccessFacilityNurseStaions() in FacilityController----
2022-11-18 07:18:16,752 [19] DEBUG LTCPro.ServiceLayer.Log4net - ---Executing GetUserAccessFacilityNurseStaions() in FacilityService----
2022-11-18 07:18:16,762 [26] DEBUG LTCPro.ServiceLayer.Log4net - ---Executed Successfully GetUserAccessFacilityNurseStaions() in FacilityController----
2022-11-18 07:18:16,762 [19] DEBUG LTCPro.ServiceLayer.Log4net - ---Executed Successfully GetUserAccessFacilityNurseStaions() in FacilityController----
2022-11-18 07:18:16,789 [32] DEBUG LTCPro.ServiceLayer.Log4net - ---Executing GetUserToken() in UserService----
2022-11-18 07:18:16,794 [32] DEBUG LTCPro.ServiceLayer.Log4net - ---Executing UserNurseStationDrop() in FacilityController----
2022-11-18 07:18:16,794 [32] DEBUG LTCPro.ServiceLayer.Log4net - ---Executing UserNurseStationDrop() in FacilityService----
2022-11-18 07:18:16,800 [32] DEBUG LTCPro.ServiceLayer.Log4net - ---Executed Successfully UserNurseStationDrop() in FacilityController----
2022-11-18 07:18:16,825 [32] DEBUG LTCPro.ServiceLayer.Log4net - ---Executing GetUserToken() in UserService----
2022-11-18 07:18:16,831 [32] DEBUG LTCPro.ServiceLayer.Log4net - ---Executing GetCompanyToBedFlagByFacId() in FacilityController----
2022-11-18 07:18:16,831 [32] DEBUG LTCPro.ServiceLayer.Log4net - ---Executing GetCompanyToBedFlagByFacId() in FacilityService----
2022-11-18 07:18:16,858 [19] DEBUG LTCPro.ServiceLayer.Log4net - ---Executing GetUserToken() in UserService----
2022-11-18 07:18:16,865 [19] DEBUG LTCPro.ServiceLayer.Log4net - ---Executing GetResidentsByCompanyBed() in ResidentDemographicController----
2022-11-18 07:18:16,865 [19] DEBUG LTCPro.ServiceLayer.Log4net - ---Executing GetResidentsByCompanyBed() in ResidentDemographicService----
2022-11-18 07:18:16,865 [32] DEBUG LTCPro.ServiceLayer.Log4net - ---Executed Successfully GetCompanyToBedFlagByFacId() in FacilityController----
2022-11-18 07:18:16,906 [32] DEBUG LTCPro.ServiceLayer.Log4net - ---Executing GetUserToken() in UserService----
2022-11-18 07:18:16,912 [32] DEBUG LTCPro.ServiceLayer.Log4net - ---Executing GetNurseStationHierarchyDetailsbyNsId() in CompanyController----
2022-11-18 07:18:16,912 [32] DEBUG LTCPro.ServiceLayer.Log4net - ---Executing GetNurseStationHierarchyDetailsbyNsId() in CompanyService----
2022-11-18 07:18:16,917 [32] DEBUG LTCPro.ServiceLayer.Log4net - ---Executed Successfully GetNurseStationHierarchyDetailsbyNsId() in CompanyController----
2022-11-18 07:18:17,283 [29] DEBUG LTCPro.ServiceLayer.Log4net - ---Executed Successfully GetDueMARAlertData() in EmarController----
2022-11-18 07:18:18,480 [19] DEBUG LTCPro.ServiceLayer.Log4net - ---Executed Successfully GetResidentsByCompanyBed() in ResidentDemographicController----
2022-11-18 07:18:48,563 [39] DEBUG LTCPro.ServiceLayer.Log4net - ---Executing GetUserToken() in UserService----
2022-11-18 07:18:48,583 [11] DEBUG LTCPro.ServiceLayer.Log4net - ---Executing GetUserToken() in UserService----
2022-11-18 07:18:48,584 [7] DEBUG LTCPro.ServiceLayer.Log4net - ---Executing GetUserToken() in UserService----
2022-11-18 07:18:48,586 [26] DEBUG LTCPro.ServiceLayer.Log4net - ---Executing GetUserToken() in UserService----
2022-11-18 07:18:48,594 [39] DEBUG LTCPro.ServiceLayer.Log4net - ---Executing GetUserPassedDueFlag() in UserController----
2022-11-18 07:18:48,594 [39] DEBUG LTCPro.ServiceLayer.Log4net - ---Executing GetUserPassedDueFlag() in UserService----
2022-11-18 07:18:48,610 [7] DEBUG LTCPro.ServiceLayer.Log4net - ---Executing GetReadMailsCount() in MailboxController----
2022-11-18 07:18:48,610 [7] DEBUG LTCPro.ServiceLayer.Log4net - ---Executing GetReadMailsCount() in MailboxService----
2022-11-18 07:18:48,625 [26] DEBUG LTCPro.ServiceLayer.Log4net - ---Executing GetOutboundErrorDetails() in CommonController----
2022-11-18 07:18:48,625 [26] DEBUG LTCPro.ServiceLayer.Log4net - ---Executing GetOutboundErrorDetails() in CommonService----
2022-11-18 07:18:48,629 [39] DEBUG LTCPro.ServiceLayer.Log4net - ---Executed Successfully GetUserPassedDueFlag() in UserController----
2022-11-18 07:18:48,632 [11] DEBUG LTCPro.ServiceLayer.Log4net - ---Executing GetPendingDosesList() in CommonController----
2022-11-18 07:18:48,632 [11] DEBUG LTCPro.ServiceLayer.Log4net - ---Executing GetPendingDosesList() in CommonService----
2022-11-18 07:18:48,632 [7] DEBUG LTCPro.ServiceLayer.Log4net - ---Executed successfully GetReadMailsCount() in MailboxController----
2022-11-18 07:18:48,653 [19] DEBUG LTCPro.ServiceLayer.Log4net - ---Executing GetUserToken() in UserService----
2022-11-18 07:18:48,659 [29] DEBUG LTCPro.ServiceLayer.Log4net - ---Executing GetUserToken() in UserService----
2022-11-18 07:18:48,673 [39] DEBUG LTCPro.ServiceLayer.Log4net - ---Executing GetUserToken() in UserService----
2022-11-18 07:18:48,675 [29] DEBUG LTCPro.ServiceLayer.Log4net - ---Executing GetDueMARAlertData() in EmarController----
2022-11-18 07:18:48,675 [29] DEBUG LTCPro.ServiceLayer.Log4net - ---Executing GetDueMARAlertData() in EmarService----
2022-11-18 07:18:48,680 [19] DEBUG LTCPro.ServiceLayer.Log4net - ---Executing GetAlertsDetails() in MailboxController----
2022-11-18 07:18:48,680 [19] DEBUG LTCPro.ServiceLayer.Log4net - ---Executing GetAlertsDetails() in MailboxService----
2022-11-18 07:18:48,682 [20] DEBUG LTCPro.ServiceLayer.Log4net - ---Executing GetUserToken() in UserService----
2022-11-18 07:18:48,688 [39] DEBUG LTCPro.ServiceLayer.Log4net - ---Executing GetUserRecentFacNs() in UserController----
2022-11-18 07:18:48,688 [39] DEBUG LTCPro.ServiceLayer.Log4net - ---Executing GetUserRecentFacNs() in UserService----
2022-11-18 07:18:48,701 [39] DEBUG LTCPro.ServiceLayer.Log4net - ---Executed Successfully GetUserRecentFacNs() in UserController----
2022-11-18 07:18:48,714 [7] DEBUG LTCPro.ServiceLayer.Log4net - ---Executing GetUserToken() in UserService----
2022-11-18 07:18:48,721 [7] DEBUG LTCPro.ServiceLayer.Log4net - ---Executing InsertUserActivityDetails() in CompanyController----
2022-11-18 07:18:48,722 [7] DEBUG LTCPro.ServiceLayer.Log4net - ---Executing InsertUserActivityDetails() in UserActivityService----
2022-11-18 07:18:48,732 [7] DEBUG LTCPro.ServiceLayer.Log4net - ---Executed Successfully InsertUserActivityDetails() in CompanyController----
2022-11-18 07:18:48,736 [20] DEBUG LTCPro.ServiceLayer.Log4net - ---Executing GetUserRecentFacNs() in UserController----
2022-11-18 07:18:48,736 [20] DEBUG LTCPro.ServiceLayer.Log4net - ---Executing GetUserRecentFacNs() in UserService----
2022-11-18 07:18:48,744 [19] DEBUG LTCPro.ServiceLayer.Log4net - ---Executed successfully GetAlertsDetails() in MailboxController----
2022-11-18 07:18:48,745 [20] DEBUG LTCPro.ServiceLayer.Log4net - ---Executed Successfully GetUserRecentFacNs() in UserController----
2022-11-18 07:18:48,753 [32] DEBUG LTCPro.ServiceLayer.Log4net - ---Executing GetUserToken() in UserService----
2022-11-18 07:18:48,758 [32] DEBUG LTCPro.ServiceLayer.Log4net - ---Executing GetUserAccessFacilityNurseStaions() in FacilityController----
2022-11-18 07:18:48,759 [32] DEBUG LTCPro.ServiceLayer.Log4net - ---Executing GetUserAccessFacilityNurseStaions() in FacilityService----
2022-11-18 07:18:48,767 [39] DEBUG LTCPro.ServiceLayer.Log4net - ---Executing GetUserToken() in UserService----
2022-11-18 07:18:48,769 [32] DEBUG LTCPro.ServiceLayer.Log4net - ---Executed Successfully GetUserAccessFacilityNurseStaions() in FacilityController----
2022-11-18 07:18:48,773 [39] DEBUG LTCPro.ServiceLayer.Log4net - ---Executing GetUserAccessFacilityNurseStaions() in FacilityController----
2022-11-18 07:18:48,773 [39] DEBUG LTCPro.ServiceLayer.Log4net - ---Executing GetUserAccessFacilityNurseStaions() in FacilityService----
2022-11-18 07:18:48,785 [39] DEBUG LTCPro.ServiceLayer.Log4net - ---Executed Successfully GetUserAccessFacilityNurseStaions() in FacilityController----
2022-11-18 07:18:48,804 [11] DEBUG LTCPro.ServiceLayer.Log4net - ---Executed Successfully GetPendingDosesList() in CommonController----
2022-11-18 07:18:48,808 [32] DEBUG LTCPro.ServiceLayer.Log4net - ---Executing GetUserToken() in UserService----
2022-11-18 07:18:48,814 [32] DEBUG LTCPro.ServiceLayer.Log4net - ---Executing UserNurseStationDrop() in FacilityController----
2022-11-18 07:18:48,814 [32] DEBUG LTCPro.ServiceLayer.Log4net - ---Executing UserNurseStationDrop() in FacilityService----
2022-11-18 07:18:48,820 [32] DEBUG LTCPro.ServiceLayer.Log4net - ---Executed Successfully UserNurseStationDrop() in FacilityController----
2022-11-18 07:18:48,852 [19] DEBUG LTCPro.ServiceLayer.Log4net - ---Executing GetUserToken() in UserService----
2022-11-18 07:18:48,859 [19] DEBUG LTCPro.ServiceLayer.Log4net - ---Executing GetCompanyToBedFlagByFacId() in FacilityController----
2022-11-18 07:18:48,859 [19] DEBUG LTCPro.ServiceLayer.Log4net - ---Executing GetCompanyToBedFlagByFacId() in FacilityService----
2022-11-18 07:18:48,887 [20] DEBUG LTCPro.ServiceLayer.Log4net - ---Executing GetUserToken() in UserService----
2022-11-18 07:18:48,892 [19] DEBUG LTCPro.ServiceLayer.Log4net - ---Executed Successfully GetCompanyToBedFlagByFacId() in FacilityController----
2022-11-18 07:18:48,893 [20] DEBUG LTCPro.ServiceLayer.Log4net - ---Executing GetResidentsByCompanyBed() in ResidentDemographicController----
2022-11-18 07:18:48,893 [20] DEBUG LTCPro.ServiceLayer.Log4net - ---Executing GetResidentsByCompanyBed() in ResidentDemographicService----
2022-11-18 07:18:48,983 [7] DEBUG LTCPro.ServiceLayer.Log4net - ---Executing GetUserToken() in UserService----
2022-11-18 07:18:48,988 [7] DEBUG LTCPro.ServiceLayer.Log4net - ---Executing GetNurseStationHierarchyDetailsbyNsId() in CompanyController----
2022-11-18 07:18:48,988 [7] DEBUG LTCPro.ServiceLayer.Log4net - ---Executing GetNurseStationHierarchyDetailsbyNsId() in CompanyService----
2022-11-18 07:18:48,993 [7] DEBUG LTCPro.ServiceLayer.Log4net - ---Executed Successfully GetNurseStationHierarchyDetailsbyNsId() in CompanyController----
2022-11-18 07:18:49,102 [26] DEBUG LTCPro.ServiceLayer.Log4net - ---Executed Successfully GetOutboundErrorDetails() in CommonController----
2022-11-18 07:18:49,254 [29] DEBUG LTCPro.ServiceLayer.Log4net - ---Executed Successfully GetDueMARAlertData() in EmarController----
2022-11-18 07:18:50,464 [20] DEBUG LTCPro.ServiceLayer.Log4net - ---Executed Successfully GetResidentsByCompanyBed() in ResidentDemographicController----
2022-11-18 07:18:51,182 [7] DEBUG LTCPro.ServiceLayer.Log4net - ---Executing GetUserToken() in UserService----
2022-11-18 07:18:51,188 [7] DEBUG LTCPro.ServiceLayer.Log4net - ---Executing GetOrdersGridData() in OrdersController----
2022-11-18 07:18:51,188 [7] DEBUG LTCPro.ServiceLayer.Log4net - ---Executing GetOrdersGridData() in OrdersService----
2022-11-18 07:18:51,198 [7] DEBUG LTCPro.ServiceLayer.Log4net - ---Executed Successfully GetOrdersGridData() in OrdersController----
2022-11-18 07:18:52,676 [20] DEBUG LTCPro.ServiceLayer.Log4net - ---Executing GetUserToken() in UserService----
2022-11-18 07:18:52,685 [20] DEBUG LTCPro.ServiceLayer.Log4net - ---Executing InsertUserActivityDetails() in CompanyController----
2022-11-18 07:18:52,685 [20] DEBUG LTCPro.ServiceLayer.Log4net - ---Executing InsertUserActivityDetails() in UserActivityService----
2022-11-18 07:18:52,704 [32] DEBUG LTCPro.ServiceLayer.Log4net - ---Executing GetUserToken() in UserService----
2022-11-18 07:18:52,733 [20] DEBUG LTCPro.ServiceLayer.Log4net - ---Executed Successfully InsertUserActivityDetails() in CompanyController----
2022-11-18 07:18:52,736 [19] DEBUG LTCPro.ServiceLayer.Log4net - ---Executing GetUserToken() in UserService----
2022-11-18 07:18:52,790 [32] DEBUG LTCPro.ServiceLayer.Log4net - ---Executing InsertUserActivityDetails() in CompanyController----
2022-11-18 07:18:52,790 [32] DEBUG LTCPro.ServiceLayer.Log4net - ---Executing InsertUserActivityDetails() in UserActivityService----
2022-11-18 07:18:52,815 [19] DEBUG LTCPro.ServiceLayer.Log4net - ---Executing GetFacilityNSResidentsDataByPId() in ResidentDemographicController----
2022-11-18 07:18:52,815 [19] DEBUG LTCPro.ServiceLayer.Log4net - ---Executing GetFacilityNSResidentsDataByPId() in ResidentDemographicService----
2022-11-18 07:18:52,831 [32] DEBUG LTCPro.ServiceLayer.Log4net - ---Executed Successfully InsertUserActivityDetails() in CompanyController----
2022-11-18 07:18:52,851 [39] DEBUG LTCPro.ServiceLayer.Log4net - ---Executing GetUserToken() in UserService----
2022-11-18 07:18:52,855 [11] DEBUG LTCPro.ServiceLayer.Log4net - ---Executing GetUserToken() in UserService----
2022-11-18 07:18:52,863 [39] DEBUG LTCPro.ServiceLayer.Log4net - ---Executing InsertUserActivityDetails() in CompanyController----
2022-11-18 07:18:52,863 [39] DEBUG LTCPro.ServiceLayer.Log4net - ---Executing InsertUserActivityDetails() in UserActivityService----
2022-11-18 07:18:52,868 [11] DEBUG LTCPro.ServiceLayer.Log4net - ---Executing InsertUserActivityDetails() in CompanyController----
2022-11-18 07:18:52,868 [11] DEBUG LTCPro.ServiceLayer.Log4net - ---Executing InsertUserActivityDetails() in UserActivityService----
2022-11-18 07:18:52,875 [39] DEBUG LTCPro.ServiceLayer.Log4net - ---Executed Successfully InsertUserActivityDetails() in CompanyController----
2022-11-18 07:18:52,880 [11] DEBUG LTCPro.ServiceLayer.Log4net - ---Executed Successfully InsertUserActivityDetails() in CompanyController----
2022-11-18 07:18:52,905 [19] DEBUG LTCPro.ServiceLayer.Log4net - ---Executed Successfully GetFacilityNSResidentsDataByPId() in ResidentDemographicController----
2022-11-18 07:18:52,911 [15] DEBUG LTCPro.ServiceLayer.Log4net - ---Executing GetUserToken() in UserService----
2022-11-18 07:18:52,919 [15] DEBUG LTCPro.ServiceLayer.Log4net - ---Executing GetResidentAdmitDischargeData() in ResidentDemographicController----
2022-11-18 07:18:52,919 [15] DEBUG LTCPro.ServiceLayer.Log4net - ---Executing GetResidentAdmitDischargeData() in ResidentDemographicService----
2022-11-18 07:18:52,922 [39] DEBUG LTCPro.ServiceLayer.Log4net - ---Executing GetUserToken() in UserService----
2022-11-18 07:18:52,939 [15] DEBUG LTCPro.ServiceLayer.Log4net - ---Executed Successfully GetResidentAdmitDischargeData() in ResidentDemographicController----
2022-11-18 07:18:52,939 [11] DEBUG LTCPro.ServiceLayer.Log4net - ---Executing GetUserToken() in UserService----
2022-11-18 07:18:52,940 [39] DEBUG LTCPro.ServiceLayer.Log4net - ---Executing GetResidentAdmitDischargeData() in ResidentDemographicController----
2022-11-18 07:18:52,940 [39] DEBUG LTCPro.ServiceLayer.Log4net - ---Executing GetResidentAdmitDischargeData() in ResidentDemographicService----
2022-11-18 07:18:52,945 [11] DEBUG LTCPro.ServiceLayer.Log4net - ---Executing GetResidentInformation() in ResidentDemographicController----
2022-11-18 07:18:52,946 [11] DEBUG LTCPro.ServiceLayer.Log4net - ---Executing GetResidentInformation() in ResidentDemographicService----
2022-11-18 07:18:52,948 [39] DEBUG LTCPro.ServiceLayer.Log4net - ---Executed Successfully GetResidentAdmitDischargeData() in ResidentDemographicController----
2022-11-18 07:18:52,996 [19] DEBUG LTCPro.ServiceLayer.Log4net - ---Executing GetUserToken() in UserService----
2022-11-18 07:18:52,998 [15] DEBUG LTCPro.ServiceLayer.Log4net - ---Executing GetUserToken() in UserService----
2022-11-18 07:18:53,002 [19] DEBUG LTCPro.ServiceLayer.Log4net - ---Executing GetResidentAllergies() in ResidentDemographicController----
2022-11-18 07:18:53,002 [19] DEBUG LTCPro.ServiceLayer.Log4net - ---Executing GetResidentAllergies() in AllergyInfoService----
2022-11-18 07:18:53,004 [15] DEBUG LTCPro.ServiceLayer.Log4net - ---Executing GetResidentDiagnosisInfo() in ResidentDemographicController----
2022-11-18 07:18:53,004 [15] DEBUG LTCPro.ServiceLayer.Log4net - ---Executing GetResidentDiagnosisInfo() in DiagnosisInfoService----
2022-11-18 07:18:53,009 [19] DEBUG LTCPro.ServiceLayer.Log4net - ---Executed Successfully GetResidentAllergies() in ResidentDemographicController----
2022-11-18 07:18:53,010 [15] DEBUG LTCPro.ServiceLayer.Log4net - ---Executed Successfully GetResidentDiagnosisInfo() in ResidentDemographicController----
2022-11-18 07:18:53,025 [39] DEBUG LTCPro.ServiceLayer.Log4net - ---Executing GetUserToken() in UserService----
2022-11-18 07:18:53,030 [39] DEBUG LTCPro.ServiceLayer.Log4net - ---Executing GetResidentInformation() in ResidentDemographicController----
2022-11-18 07:18:53,030 [39] DEBUG LTCPro.ServiceLayer.Log4net - ---Executing GetResidentInformation() in ResidentDemographicService----
2022-11-18 07:18:53,091 [11] DEBUG LTCPro.ServiceLayer.Log4net - ---Executed Successfully GetResidentInformation() in ResidentDemographicController----
2022-11-18 07:18:53,146 [39] DEBUG LTCPro.ServiceLayer.Log4net - ---Executed Successfully GetResidentInformation() in ResidentDemographicController----
2022-11-18 07:18:53,247 [15] DEBUG LTCPro.ServiceLayer.Log4net - ---Executing GetUserToken() in UserService----
2022-11-18 07:18:53,253 [15] DEBUG LTCPro.ServiceLayer.Log4net - ---Executing GetPatientTypeByID() in CommonController----
2022-11-18 07:18:53,253 [15] DEBUG LTCPro.ServiceLayer.Log4net - ---Executing GetPatientTypeDrop() in CommonService----
2022-11-18 07:18:53,273 [11] DEBUG LTCPro.ServiceLayer.Log4net - ---Executing GetUserToken() in UserService----
2022-11-18 07:18:53,275 [39] DEBUG LTCPro.ServiceLayer.Log4net - ---Executing GetUserToken() in UserService----
2022-11-18 07:18:53,278 [19] DEBUG LTCPro.ServiceLayer.Log4net - ---Executing GetUserToken() in UserService----
2022-11-18 07:18:53,282 [39] DEBUG LTCPro.ServiceLayer.Log4net - ---Executing GetResidentAdmitDischargeData() in ResidentDemographicController----
2022-11-18 07:18:53,282 [39] DEBUG LTCPro.ServiceLayer.Log4net - ---Executing GetResidentAdmitDischargeData() in ResidentDemographicService----
2022-11-18 07:18:53,285 [11] DEBUG LTCPro.ServiceLayer.Log4net - ---Executing GetResidentInformation() in ResidentDemographicController----
2022-11-18 07:18:53,285 [11] DEBUG LTCPro.ServiceLayer.Log4net - ---Executing GetResidentInformation() in ResidentDemographicService----
2022-11-18 07:18:53,285 [19] DEBUG LTCPro.ServiceLayer.Log4net - ---Executing GetResidentDiagnosisInfo() in ResidentDemographicController----
2022-11-18 07:18:53,285 [19] DEBUG LTCPro.ServiceLayer.Log4net - ---Executing GetResidentDiagnosisInfo() in DiagnosisInfoService----
2022-11-18 07:18:53,294 [15] DEBUG LTCPro.ServiceLayer.Log4net - ---Executed Successfully GetPatientTypeDrop() in CommonController----
2022-11-18 07:18:53,295 [39] DEBUG LTCPro.ServiceLayer.Log4net - ---Executed Successfully GetResidentAdmitDischargeData() in ResidentDemographicController----
2022-11-18 07:18:53,316 [19] DEBUG LTCPro.ServiceLayer.Log4net - ---Executed Successfully GetResidentDiagnosisInfo() in ResidentDemographicController----
2022-11-18 07:18:53,363 [39] DEBUG LTCPro.ServiceLayer.Log4net - ---Executing GetUserToken() in UserService----
2022-11-18 07:18:53,369 [39] DEBUG LTCPro.ServiceLayer.Log4net - ---Executing GetResidentAllergies() in ResidentDemographicController----
2022-11-18 07:18:53,369 [39] DEBUG LTCPro.ServiceLayer.Log4net - ---Executing GetResidentAllergies() in AllergyInfoService----
2022-11-18 07:18:53,378 [39] DEBUG LTCPro.ServiceLayer.Log4net - ---Executed Successfully GetResidentAllergies() in ResidentDemographicController----
2022-11-18 07:18:53,382 [19] DEBUG LTCPro.ServiceLayer.Log4net - ---Executing GetUserToken() in UserService----
2022-11-18 07:18:53,390 [19] DEBUG LTCPro.ServiceLayer.Log4net - ---Executing GetAllPatientTypesByPId() in ResidentDemographicController----
2022-11-18 07:18:53,390 [19] DEBUG LTCPro.ServiceLayer.Log4net - ---Executing GetAllPatientTypesByPId() in EmarService----
2022-11-18 07:18:53,397 [19] DEBUG LTCPro.ServiceLayer.Log4net - ---Executed Successfully GetAllPatientTypesByPId() in ResidentDemographicController----
2022-11-18 07:18:53,441 [11] DEBUG LTCPro.ServiceLayer.Log4net - ---Executed Successfully GetResidentInformation() in ResidentDemographicController----
2022-11-18 07:18:55,591 [11] DEBUG LTCPro.ServiceLayer.Log4net - ---Executing GetUserToken() in UserService----
2022-11-18 07:18:55,597 [11] DEBUG LTCPro.ServiceLayer.Log4net - ---Executing GetOutboundHLSevenConfigs() in HLSevenSegmentController----
2022-11-18 07:18:55,597 [11] DEBUG LTCPro.ServiceLayer.Log4net - ---Executing GetOutboundHLSevenConfigs() in HLSevenSegmentService----
2022-11-18 07:18:55,605 [11] DEBUG LTCPro.ServiceLayer.Log4net - ---Executed Successfully GetOutboundHLSevenConfigs() in HLSevenSegmentController----
2022-11-18 07:18:55,648 [11] DEBUG LTCPro.ServiceLayer.Log4net - ---Executing GetUserToken() in UserService----
2022-11-18 07:18:55,654 [11] DEBUG LTCPro.ServiceLayer.Log4net - ---Executing UserFacilityDrop() in FacilityController----
2022-11-18 07:18:55,654 [11] DEBUG LTCPro.ServiceLayer.Log4net - ---Executing UserFacilityDrop() in FacilityService----
2022-11-18 07:18:55,661 [11] DEBUG LTCPro.ServiceLayer.Log4net - ---Executed Successfully UserFacilityDrop() in FacilityController----
2022-11-18 07:18:55,677 [15] DEBUG LTCPro.ServiceLayer.Log4net - ---Executing GetUserToken() in UserService----
2022-11-18 07:18:55,685 [15] DEBUG LTCPro.ServiceLayer.Log4net - ---Executing GetResidentAdmitvisitInfoData() in ResidentDemographicController----
2022-11-18 07:18:55,685 [15] DEBUG LTCPro.ServiceLayer.Log4net - ---Executing  VisitInfoEntity()  in GetResidentAdmitvisitInfoData----
2022-11-18 07:18:55,701 [15] DEBUG LTCPro.ServiceLayer.Log4net - ---Executed Successfully GetResidentAdmitvisitInfoData() in ResidentDemographicController----
2022-11-18 07:18:55,718 [15] DEBUG LTCPro.ServiceLayer.Log4net - ---Executing GetUserToken() in UserService----
2022-11-18 07:18:55,722 [19] DEBUG LTCPro.ServiceLayer.Log4net - ---Executing GetUserToken() in UserService----
2022-11-18 07:18:55,724 [15] DEBUG LTCPro.ServiceLayer.Log4net - ---Executing UserFacilityDrop() in FacilityController----
2022-11-18 07:18:55,724 [15] DEBUG LTCPro.ServiceLayer.Log4net - ---Executing UserFacilityDrop() in FacilityService----
2022-11-18 07:18:55,726 [19] DEBUG LTCPro.ServiceLayer.Log4net - ---Executing GetCompanyToBedFlagByFacId() in FacilityController----
2022-11-18 07:18:55,726 [19] DEBUG LTCPro.ServiceLayer.Log4net - ---Executing GetCompanyToBedFlagByFacId() in FacilityService----
2022-11-18 07:18:55,730 [15] DEBUG LTCPro.ServiceLayer.Log4net - ---Executed Successfully UserFacilityDrop() in FacilityController----
2022-11-18 07:18:55,761 [19] DEBUG LTCPro.ServiceLayer.Log4net - ---Executed Successfully GetCompanyToBedFlagByFacId() in FacilityController----
2022-11-18 07:18:55,782 [19] DEBUG LTCPro.ServiceLayer.Log4net - ---Executing GetUserToken() in UserService----
2022-11-18 07:18:55,788 [19] DEBUG LTCPro.ServiceLayer.Log4net - ---Executing UserNurseStationDrop() in FacilityController----
2022-11-18 07:18:55,788 [19] DEBUG LTCPro.ServiceLayer.Log4net - ---Executing UserNurseStationDrop() in FacilityService----
2022-11-18 07:18:55,797 [19] DEBUG LTCPro.ServiceLayer.Log4net - ---Executed Successfully UserNurseStationDrop() in FacilityController----
2022-11-18 07:18:55,804 [11] DEBUG LTCPro.ServiceLayer.Log4net - ---Executing GetUserToken() in UserService----
2022-11-18 07:18:55,814 [11] DEBUG LTCPro.ServiceLayer.Log4net - ---Executing GetNurseStationHierarchyDetailsbyNsId() in CompanyController----
2022-11-18 07:18:55,814 [11] DEBUG LTCPro.ServiceLayer.Log4net - ---Executing GetNurseStationHierarchyDetailsbyNsId() in CompanyService----
2022-11-18 07:18:55,819 [11] DEBUG LTCPro.ServiceLayer.Log4net - ---Executed Successfully GetNurseStationHierarchyDetailsbyNsId() in CompanyController----
2022-11-18 07:19:27,949 [19] DEBUG LTCPro.ServiceLayer.Log4net - ---Executing GetUserToken() in UserService----
2022-11-18 07:19:27,955 [19] DEBUG LTCPro.ServiceLayer.Log4net - ---Executing GetOutboundHLSevenConfigs() in HLSevenSegmentController----
2022-11-18 07:19:27,955 [19] DEBUG LTCPro.ServiceLayer.Log4net - ---Executing GetOutboundHLSevenConfigs() in HLSevenSegmentService----
2022-11-18 07:19:27,963 [19] DEBUG LTCPro.ServiceLayer.Log4net - ---Executed Successfully GetOutboundHLSevenConfigs() in HLSevenSegmentController----
2022-11-18 07:19:27,998 [11] DEBUG LTCPro.ServiceLayer.Log4net - ---Executing GetUserToken() in UserService----
2022-11-18 07:19:28,005 [11] DEBUG LTCPro.ServiceLayer.Log4net - ---Executing UserFacilityDrop() in FacilityController----
2022-11-18 07:19:28,005 [11] DEBUG LTCPro.ServiceLayer.Log4net - ---Executing UserFacilityDrop() in FacilityService----
2022-11-18 07:19:28,011 [11] DEBUG LTCPro.ServiceLayer.Log4net - ---Executed Successfully UserFacilityDrop() in FacilityController----
2022-11-18 07:19:28,031 [19] DEBUG LTCPro.ServiceLayer.Log4net - ---Executing GetUserToken() in UserService----
2022-11-18 07:19:28,036 [19] DEBUG LTCPro.ServiceLayer.Log4net - ---Executing GetResidentAdmitvisitInfoData() in ResidentDemographicController----
2022-11-18 07:19:28,036 [19] DEBUG LTCPro.ServiceLayer.Log4net - ---Executing  VisitInfoEntity()  in GetResidentAdmitvisitInfoData----
2022-11-18 07:19:28,050 [19] DEBUG LTCPro.ServiceLayer.Log4net - ---Executed Successfully GetResidentAdmitvisitInfoData() in ResidentDemographicController----
2022-11-18 07:19:28,068 [32] DEBUG LTCPro.ServiceLayer.Log4net - ---Executing GetUserToken() in UserService----
2022-11-18 07:19:28,070 [29] DEBUG LTCPro.ServiceLayer.Log4net - ---Executing GetUserToken() in UserService----
2022-11-18 07:19:28,073 [32] DEBUG LTCPro.ServiceLayer.Log4net - ---Executing UserFacilityDrop() in FacilityController----
2022-11-18 07:19:28,073 [32] DEBUG LTCPro.ServiceLayer.Log4net - ---Executing UserFacilityDrop() in FacilityService----
2022-11-18 07:19:28,075 [29] DEBUG LTCPro.ServiceLayer.Log4net - ---Executing GetCompanyToBedFlagByFacId() in FacilityController----
2022-11-18 07:19:28,075 [29] DEBUG LTCPro.ServiceLayer.Log4net - ---Executing GetCompanyToBedFlagByFacId() in FacilityService----
2022-11-18 07:19:28,080 [32] DEBUG LTCPro.ServiceLayer.Log4net - ---Executed Successfully UserFacilityDrop() in FacilityController----
2022-11-18 07:19:28,107 [29] DEBUG LTCPro.ServiceLayer.Log4net - ---Executed Successfully GetCompanyToBedFlagByFacId() in FacilityController----
2022-11-18 07:19:28,127 [32] DEBUG LTCPro.ServiceLayer.Log4net - ---Executing GetUserToken() in UserService----
2022-11-18 07:19:28,132 [32] DEBUG LTCPro.ServiceLayer.Log4net - ---Executing UserNurseStationDrop() in FacilityController----
2022-11-18 07:19:28,132 [32] DEBUG LTCPro.ServiceLayer.Log4net - ---Executing UserNurseStationDrop() in FacilityService----
2022-11-18 07:19:28,138 [32] DEBUG LTCPro.ServiceLayer.Log4net - ---Executed Successfully UserNurseStationDrop() in FacilityController----
2022-11-18 07:19:28,148 [11] DEBUG LTCPro.ServiceLayer.Log4net - ---Executing GetUserToken() in UserService----
2022-11-18 07:19:28,154 [11] DEBUG LTCPro.ServiceLayer.Log4net - ---Executing GetNurseStationHierarchyDetailsbyNsId() in CompanyController----
2022-11-18 07:19:28,154 [11] DEBUG LTCPro.ServiceLayer.Log4net - ---Executing GetNurseStationHierarchyDetailsbyNsId() in CompanyService----
2022-11-18 07:19:28,158 [11] DEBUG LTCPro.ServiceLayer.Log4net - ---Executed Successfully GetNurseStationHierarchyDetailsbyNsId() in CompanyController----
2022-11-18 07:19:34,840 [29] DEBUG LTCPro.ServiceLayer.Log4net - ---Executing GetUserToken() in UserService----
2022-11-18 07:19:34,846 [29] DEBUG LTCPro.ServiceLayer.Log4net - ---Executing InsertResidentVisitInfo() in AdminApprovalController----
2022-11-18 07:19:34,846 [29] DEBUG LTCPro.ServiceLayer.Log4net - ---Executing InsertResidentVisitInfo() in AdminApprovalService----
2022-11-18 07:19:34,977 [29] DEBUG LTCPro.ServiceLayer.Log4net - ---Executing GenerateOutboundFile() Discharge in AdminApprovalService----
2022-11-18 07:19:34,986 [29] DEBUG LTCPro.ServiceLayer.Log4net - ---Generating OutboundFile Discharge in AdminApprovalService----
2022-11-18 07:19:35,019 [29] DEBUG LTCPro.ServiceLayer.Log4net - ---Generated OutboundFile Download Start D:/Promantra/OutboundLive/Pending//Discharge_11182022054848.hl7 in AdminApprovalService----
2022-11-18 07:19:35,020 [29] DEBUG LTCPro.ServiceLayer.Log4net - ---Generated OutboundFile Download Completed D:/Promantra/OutboundLive/Pending//Discharge_11182022054848.hl7 in AdminApprovalService----
2022-11-18 07:19:35,020 [29] DEBUG LTCPro.ServiceLayer.Log4net - ---Executed GenerateOutboundFile() Discharge in AdminApprovalService----
2022-11-18 07:19:35,178 [29] DEBUG LTCPro.ServiceLayer.Log4net - ---Executed Successfully InsertResidentVisitInfo() in AdminApprovalController----
2022-11-18 07:19:35,224 [19] DEBUG LTCPro.ServiceLayer.Log4net - ---Executing GetUserToken() in UserService----
2022-11-18 07:19:35,230 [19] DEBUG LTCPro.ServiceLayer.Log4net - ---Executing GetApprovalFlag() in CompanyController----
2022-11-18 07:19:35,230 [19] DEBUG LTCPro.ServiceLayer.Log4net - ---Executing GetApprovalFlag() in CompanyService----
2022-11-18 07:19:35,301 [32] DEBUG LTCPro.ServiceLayer.Log4net - ---Executing GetUserToken() in UserService----
2022-11-18 07:19:35,308 [29] DEBUG LTCPro.ServiceLayer.Log4net - ---Executing GetUserToken() in UserService----
2022-11-18 07:19:35,309 [32] DEBUG LTCPro.ServiceLayer.Log4net - ---Executing GetResidentAdmitDischargeData() in ResidentDemographicController----
2022-11-18 07:19:35,309 [32] DEBUG LTCPro.ServiceLayer.Log4net - ---Executing GetResidentAdmitDischargeData() in ResidentDemographicService----
2022-11-18 07:19:35,314 [29] DEBUG LTCPro.ServiceLayer.Log4net - ---Executing GetFacilityNSResidentsDataByPId() in ResidentDemographicController----
2022-11-18 07:19:35,314 [29] DEBUG LTCPro.ServiceLayer.Log4net - ---Executing GetFacilityNSResidentsDataByPId() in ResidentDemographicService----
2022-11-18 07:19:35,317 [32] DEBUG LTCPro.ServiceLayer.Log4net - ---Executed Successfully GetResidentAdmitDischargeData() in ResidentDemographicController----
2022-11-18 07:19:35,358 [29] DEBUG LTCPro.ServiceLayer.Log4net - ---Executed Successfully GetFacilityNSResidentsDataByPId() in ResidentDemographicController----
2022-11-18 07:19:35,408 [11] DEBUG LTCPro.ServiceLayer.Log4net - ---Executing GetUserToken() in UserService----
2022-11-18 07:19:35,416 [11] DEBUG LTCPro.ServiceLayer.Log4net - ---Executing GetResidentInformation() in ResidentDemographicController----
2022-11-18 07:19:35,416 [11] DEBUG LTCPro.ServiceLayer.Log4net - ---Executing GetResidentInformation() in ResidentDemographicService----
2022-11-18 07:19:35,529 [11] DEBUG LTCPro.ServiceLayer.Log4net - ---Executed Successfully GetResidentInformation() in ResidentDemographicController----
2022-11-18 07:19:35,570 [15] DEBUG LTCPro.ServiceLayer.Log4net - ---Executing GetUserToken() in UserService----
2022-11-18 07:19:35,580 [19] DEBUG LTCPro.ServiceLayer.Log4net - ---Executing GetUserToken() in UserService----
2022-11-18 07:19:35,582 [15] DEBUG LTCPro.ServiceLayer.Log4net - ---Executing GetPatientTypeByID() in CommonController----
2022-11-18 07:19:35,582 [15] DEBUG LTCPro.ServiceLayer.Log4net - ---Executing GetPatientTypeDrop() in CommonService----
2022-11-18 07:19:35,586 [19] DEBUG LTCPro.ServiceLayer.Log4net - ---Executing GetResidentInformation() in ResidentDemographicController----
2022-11-18 07:19:35,586 [19] DEBUG LTCPro.ServiceLayer.Log4net - ---Executing GetResidentInformation() in ResidentDemographicService----
2022-11-18 07:19:35,589 [11] DEBUG LTCPro.ServiceLayer.Log4net - ---Executing GetUserToken() in UserService----
2022-11-18 07:19:35,599 [11] DEBUG LTCPro.ServiceLayer.Log4net - ---Executing GetResidentAdmitDischargeData() in ResidentDemographicController----
2022-11-18 07:19:35,599 [11] DEBUG LTCPro.ServiceLayer.Log4net - ---Executing GetResidentAdmitDischargeData() in ResidentDemographicService----
2022-11-18 07:19:35,600 [39] DEBUG LTCPro.ServiceLayer.Log4net - ---Executing GetUserToken() in UserService----
2022-11-18 07:19:35,632 [11] DEBUG LTCPro.ServiceLayer.Log4net - ---Executed Successfully GetResidentAdmitDischargeData() in ResidentDemographicController----
2022-11-18 07:19:35,632 [39] DEBUG LTCPro.ServiceLayer.Log4net - ---Executing GetResidentDiagnosisInfo() in ResidentDemographicController----
2022-11-18 07:19:35,632 [39] DEBUG LTCPro.ServiceLayer.Log4net - ---Executing GetResidentDiagnosisInfo() in DiagnosisInfoService----
2022-11-18 07:19:35,641 [39] DEBUG LTCPro.ServiceLayer.Log4net - ---Executed Successfully GetResidentDiagnosisInfo() in ResidentDemographicController----
2022-11-18 07:19:35,677 [15] DEBUG LTCPro.ServiceLayer.Log4net - ---Executed Successfully GetPatientTypeDrop() in CommonController----
2022-11-18 07:19:35,715 [11] DEBUG LTCPro.ServiceLayer.Log4net - ---Executing GetUserToken() in UserService----
2022-11-18 07:19:35,720 [11] DEBUG LTCPro.ServiceLayer.Log4net - ---Executing GetResidentAllergies() in ResidentDemographicController----
2022-11-18 07:19:35,720 [11] DEBUG LTCPro.ServiceLayer.Log4net - ---Executing GetResidentAllergies() in AllergyInfoService----
2022-11-18 07:19:35,725 [11] DEBUG LTCPro.ServiceLayer.Log4net - ---Executed Successfully GetResidentAllergies() in ResidentDemographicController----
2022-11-18 07:19:35,733 [15] DEBUG LTCPro.ServiceLayer.Log4net - ---Executing GetUserToken() in UserService----
2022-11-18 07:19:35,740 [15] DEBUG LTCPro.ServiceLayer.Log4net - ---Executing GetAllPatientTypesByPId() in ResidentDemographicController----
2022-11-18 07:19:35,740 [15] DEBUG LTCPro.ServiceLayer.Log4net - ---Executing GetAllPatientTypesByPId() in EmarService----
2022-11-18 07:19:35,745 [15] DEBUG LTCPro.ServiceLayer.Log4net - ---Executed Successfully GetAllPatientTypesByPId() in ResidentDemographicController----
2022-11-18 07:19:35,776 [19] DEBUG LTCPro.ServiceLayer.Log4net - ---Executed Successfully GetResidentInformation() in ResidentDemographicController----
2022-11-18 07:19:39,609 [39] DEBUG LTCPro.ServiceLayer.Log4net - ---Executing GetUserToken() in UserService----
2022-11-18 07:19:39,614 [39] DEBUG LTCPro.ServiceLayer.Log4net - ---Executing PatientReAdmission() in AdminApprovalController----
2022-11-18 07:19:39,614 [39] DEBUG LTCPro.ServiceLayer.Log4net - ---Executing PatientReAdmission() in AdminApprovalService----
2022-11-18 07:19:39,768 [39] DEBUG LTCPro.ServiceLayer.Log4net - ---Executing GenerateOutboundFile() NewResident in AdminApprovalService----
2022-11-18 07:19:39,781 [39] DEBUG LTCPro.ServiceLayer.Log4net - ---Generating OutboundFile NewResident in AdminApprovalService----
2022-11-18 07:19:39,816 [39] DEBUG LTCPro.ServiceLayer.Log4net - ---Generated OutboundFile Download Start D:/Promantra/OutboundLive/Pending//NewResident_11182022054853.hl7 in AdminApprovalService----
2022-11-18 07:19:39,817 [39] DEBUG LTCPro.ServiceLayer.Log4net - ---Generated OutboundFile Download Completed D:/Promantra/OutboundLive/Pending//NewResident_11182022054853.hl7 in AdminApprovalService----
2022-11-18 07:19:39,817 [39] DEBUG LTCPro.ServiceLayer.Log4net - ---Executed GenerateOutboundFile() NewResident in AdminApprovalService----
2022-11-18 07:19:39,820 [39] DEBUG LTCPro.ServiceLayer.Log4net - ---Executed Successfully PatientReAdmission() in AdminApprovalController----
2022-11-18 07:19:39,921 [39] DEBUG LTCPro.ServiceLayer.Log4net - ---Executing GetUserToken() in UserService----
2022-11-18 07:19:39,926 [39] DEBUG LTCPro.ServiceLayer.Log4net - ---Executing GetResidentInformation() in ResidentDemographicController----
2022-11-18 07:19:39,926 [39] DEBUG LTCPro.ServiceLayer.Log4net - ---Executing GetResidentInformation() in ResidentDemographicService----
2022-11-18 07:19:40,033 [39] DEBUG LTCPro.ServiceLayer.Log4net - ---Executed Successfully GetResidentInformation() in ResidentDemographicController----
2022-11-18 07:19:40,058 [39] DEBUG LTCPro.ServiceLayer.Log4net - ---Executing GetUserToken() in UserService----
2022-11-18 07:19:40,118 [11] DEBUG LTCPro.ServiceLayer.Log4net - ---Executing GetUserToken() in UserService----
2022-11-18 07:19:40,118 [19] DEBUG LTCPro.ServiceLayer.Log4net - ---Executing GetUserToken() in UserService----
2022-11-18 07:19:40,119 [39] DEBUG LTCPro.ServiceLayer.Log4net - ---Executing GetPatientTypeByID() in CommonController----
2022-11-18 07:19:40,119 [39] DEBUG LTCPro.ServiceLayer.Log4net - ---Executing GetPatientTypeDrop() in CommonService----
2022-11-18 07:19:40,128 [11] DEBUG LTCPro.ServiceLayer.Log4net - ---Executing GetResidentAdmitDischargeData() in ResidentDemographicController----
2022-11-18 07:19:40,128 [11] DEBUG LTCPro.ServiceLayer.Log4net - ---Executing GetResidentAdmitDischargeData() in ResidentDemographicService----
2022-11-18 07:19:40,129 [19] DEBUG LTCPro.ServiceLayer.Log4net - ---Executing GetResidentInformation() in ResidentDemographicController----
2022-11-18 07:19:40,129 [19] DEBUG LTCPro.ServiceLayer.Log4net - ---Executing GetResidentInformation() in ResidentDemographicService----
2022-11-18 07:19:40,137 [11] DEBUG LTCPro.ServiceLayer.Log4net - ---Executed Successfully GetResidentAdmitDischargeData() in ResidentDemographicController----
2022-11-18 07:19:40,193 [39] DEBUG LTCPro.ServiceLayer.Log4net - ---Executed Successfully GetPatientTypeDrop() in CommonController----
2022-11-18 07:19:40,202 [15] DEBUG LTCPro.ServiceLayer.Log4net - ---Executing GetUserToken() in UserService----
2022-11-18 07:19:40,218 [15] DEBUG LTCPro.ServiceLayer.Log4net - ---Executing GetResidentDiagnosisInfo() in ResidentDemographicController----
2022-11-18 07:19:40,218 [15] DEBUG LTCPro.ServiceLayer.Log4net - ---Executing GetResidentDiagnosisInfo() in DiagnosisInfoService----
2022-11-18 07:19:40,218 [11] DEBUG LTCPro.ServiceLayer.Log4net - ---Executing GetUserToken() in UserService----
2022-11-18 07:19:40,226 [15] DEBUG LTCPro.ServiceLayer.Log4net - ---Executed Successfully GetResidentDiagnosisInfo() in ResidentDemographicController----
2022-11-18 07:19:40,227 [11] DEBUG LTCPro.ServiceLayer.Log4net - ---Executing GetResidentAllergies() in ResidentDemographicController----
2022-11-18 07:19:40,227 [11] DEBUG LTCPro.ServiceLayer.Log4net - ---Executing GetResidentAllergies() in AllergyInfoService----
2022-11-18 07:19:40,238 [11] DEBUG LTCPro.ServiceLayer.Log4net - ---Executed Successfully GetResidentAllergies() in ResidentDemographicController----
2022-11-18 07:19:40,253 [39] DEBUG LTCPro.ServiceLayer.Log4net - ---Executing GetUserToken() in UserService----
2022-11-18 07:19:40,258 [39] DEBUG LTCPro.ServiceLayer.Log4net - ---Executing GetAllPatientTypesByPId() in ResidentDemographicController----
2022-11-18 07:19:40,258 [39] DEBUG LTCPro.ServiceLayer.Log4net - ---Executing GetAllPatientTypesByPId() in EmarService----
2022-11-18 07:19:40,301 [39] DEBUG LTCPro.ServiceLayer.Log4net - ---Executed Successfully GetAllPatientTypesByPId() in ResidentDemographicController----
2022-11-18 07:19:40,347 [19] DEBUG LTCPro.ServiceLayer.Log4net - ---Executed Successfully GetResidentInformation() in ResidentDemographicController----
2022-11-18 07:19:41,553 [29] DEBUG LTCPro.ServiceLayer.Log4net - ---Executing GetUserToken() in UserService----
2022-11-18 07:19:41,563 [29] DEBUG LTCPro.ServiceLayer.Log4net - ---Executing GetOutboundHLSevenConfigs() in HLSevenSegmentController----
2022-11-18 07:19:41,563 [29] DEBUG LTCPro.ServiceLayer.Log4net - ---Executing GetOutboundHLSevenConfigs() in HLSevenSegmentService----
2022-11-18 07:19:41,572 [29] DEBUG LTCPro.ServiceLayer.Log4net - ---Executed Successfully GetOutboundHLSevenConfigs() in HLSevenSegmentController----
2022-11-18 07:19:41,594 [19] DEBUG LTCPro.ServiceLayer.Log4net - ---Executing GetUserToken() in UserService----
2022-11-18 07:19:41,599 [19] DEBUG LTCPro.ServiceLayer.Log4net - ---Executing UserFacilityDrop() in FacilityController----
2022-11-18 07:19:41,599 [19] DEBUG LTCPro.ServiceLayer.Log4net - ---Executing UserFacilityDrop() in FacilityService----
2022-11-18 07:19:41,606 [19] DEBUG LTCPro.ServiceLayer.Log4net - ---Executed Successfully UserFacilityDrop() in FacilityController----
2022-11-18 07:19:41,624 [26] DEBUG LTCPro.ServiceLayer.Log4net - ---Executing GetUserToken() in UserService----
2022-11-18 07:19:41,629 [26] DEBUG LTCPro.ServiceLayer.Log4net - ---Executing GetResidentAdmitvisitInfoData() in ResidentDemographicController----
2022-11-18 07:19:41,629 [26] DEBUG LTCPro.ServiceLayer.Log4net - ---Executing  VisitInfoEntity()  in GetResidentAdmitvisitInfoData----
2022-11-18 07:19:41,644 [26] DEBUG LTCPro.ServiceLayer.Log4net - ---Executed Successfully GetResidentAdmitvisitInfoData() in ResidentDemographicController----
2022-11-18 07:19:41,661 [29] DEBUG LTCPro.ServiceLayer.Log4net - ---Executing GetUserToken() in UserService----
2022-11-18 07:19:41,663 [26] DEBUG LTCPro.ServiceLayer.Log4net - ---Executing GetUserToken() in UserService----
2022-11-18 07:19:41,667 [29] DEBUG LTCPro.ServiceLayer.Log4net - ---Executing UserFacilityDrop() in FacilityController----
2022-11-18 07:19:41,668 [29] DEBUG LTCPro.ServiceLayer.Log4net - ---Executing UserFacilityDrop() in FacilityService----
2022-11-18 07:19:41,668 [26] DEBUG LTCPro.ServiceLayer.Log4net - ---Executing GetCompanyToBedFlagByFacId() in FacilityController----
2022-11-18 07:19:41,668 [26] DEBUG LTCPro.ServiceLayer.Log4net - ---Executing GetCompanyToBedFlagByFacId() in FacilityService----
2022-11-18 07:19:41,673 [29] DEBUG LTCPro.ServiceLayer.Log4net - ---Executed Successfully UserFacilityDrop() in FacilityController----
2022-11-18 07:19:41,700 [26] DEBUG LTCPro.ServiceLayer.Log4net - ---Executed Successfully GetCompanyToBedFlagByFacId() in FacilityController----
2022-11-18 07:19:41,718 [26] DEBUG LTCPro.ServiceLayer.Log4net - ---Executing GetUserToken() in UserService----
2022-11-18 07:19:41,725 [26] DEBUG LTCPro.ServiceLayer.Log4net - ---Executing UserNurseStationDrop() in FacilityController----
2022-11-18 07:19:41,725 [26] DEBUG LTCPro.ServiceLayer.Log4net - ---Executing UserNurseStationDrop() in FacilityService----
2022-11-18 07:19:41,732 [26] DEBUG LTCPro.ServiceLayer.Log4net - ---Executed Successfully UserNurseStationDrop() in FacilityController----
2022-11-18 07:19:41,752 [32] DEBUG LTCPro.ServiceLayer.Log4net - ---Executing GetUserToken() in UserService----
2022-11-18 07:19:41,757 [32] DEBUG LTCPro.ServiceLayer.Log4net - ---Executing GetNurseStationHierarchyDetailsbyNsId() in CompanyController----
2022-11-18 07:19:41,757 [32] DEBUG LTCPro.ServiceLayer.Log4net - ---Executing GetNurseStationHierarchyDetailsbyNsId() in CompanyService----
2022-11-18 07:19:41,765 [32] DEBUG LTCPro.ServiceLayer.Log4net - ---Executed Successfully GetNurseStationHierarchyDetailsbyNsId() in CompanyController----
2022-11-18 07:20:11,443 [32] DEBUG LTCPro.ServiceLayer.Log4net - ---Executing GetUserToken() in UserService----
2022-11-18 07:20:11,449 [32] DEBUG LTCPro.ServiceLayer.Log4net - ---Executing InsertResidentVisitInfo() in AdminApprovalController----
2022-11-18 07:20:11,449 [32] DEBUG LTCPro.ServiceLayer.Log4net - ---Executing InsertResidentVisitInfo() in AdminApprovalService----
2022-11-18 07:20:11,572 [32] DEBUG LTCPro.ServiceLayer.Log4net - ---Executing GenerateOutboundFile() Discharge in AdminApprovalService----
2022-11-18 07:20:11,580 [32] DEBUG LTCPro.ServiceLayer.Log4net - ---Generating OutboundFile Discharge in AdminApprovalService----
2022-11-18 07:20:11,611 [32] DEBUG LTCPro.ServiceLayer.Log4net - ---Generated OutboundFile Download Start D:/Promantra/OutboundLive/Pending//Discharge_11182022054925.hl7 in AdminApprovalService----
2022-11-18 07:20:11,612 [32] DEBUG LTCPro.ServiceLayer.Log4net - ---Generated OutboundFile Download Completed D:/Promantra/OutboundLive/Pending//Discharge_11182022054925.hl7 in AdminApprovalService----
2022-11-18 07:20:11,612 [32] DEBUG LTCPro.ServiceLayer.Log4net - ---Executed GenerateOutboundFile() Discharge in AdminApprovalService----
2022-11-18 07:20:11,770 [32] DEBUG LTCPro.ServiceLayer.Log4net - ---Executed Successfully InsertResidentVisitInfo() in AdminApprovalController----
2022-11-18 07:20:11,812 [19] DEBUG LTCPro.ServiceLayer.Log4net - ---Executing GetUserToken() in UserService----
2022-11-18 07:20:11,818 [19] DEBUG LTCPro.ServiceLayer.Log4net - ---Executing GetApprovalFlag() in CompanyController----
2022-11-18 07:20:11,818 [19] DEBUG LTCPro.ServiceLayer.Log4net - ---Executing GetApprovalFlag() in CompanyService----
2022-11-18 07:20:11,903 [19] DEBUG LTCPro.ServiceLayer.Log4net - ---Executing GetUserToken() in UserService----
2022-11-18 07:20:11,906 [15] DEBUG LTCPro.ServiceLayer.Log4net - ---Executing GetUserToken() in UserService----
2022-11-18 07:20:11,909 [19] DEBUG LTCPro.ServiceLayer.Log4net - ---Executing GetResidentAdmitDischargeData() in ResidentDemographicController----
2022-11-18 07:20:11,909 [19] DEBUG LTCPro.ServiceLayer.Log4net - ---Executing GetResidentAdmitDischargeData() in ResidentDemographicService----
2022-11-18 07:20:11,911 [15] DEBUG LTCPro.ServiceLayer.Log4net - ---Executing GetFacilityNSResidentsDataByPId() in ResidentDemographicController----
2022-11-18 07:20:11,911 [15] DEBUG LTCPro.ServiceLayer.Log4net - ---Executing GetFacilityNSResidentsDataByPId() in ResidentDemographicService----
2022-11-18 07:20:11,916 [19] DEBUG LTCPro.ServiceLayer.Log4net - ---Executed Successfully GetResidentAdmitDischargeData() in ResidentDemographicController----
2022-11-18 07:20:11,952 [15] DEBUG LTCPro.ServiceLayer.Log4net - ---Executed Successfully GetFacilityNSResidentsDataByPId() in ResidentDemographicController----
2022-11-18 07:20:12,019 [15] DEBUG LTCPro.ServiceLayer.Log4net - ---Executing GetUserToken() in UserService----
2022-11-18 07:20:12,024 [15] DEBUG LTCPro.ServiceLayer.Log4net - ---Executing GetResidentInformation() in ResidentDemographicController----
2022-11-18 07:20:12,024 [15] DEBUG LTCPro.ServiceLayer.Log4net - ---Executing GetResidentInformation() in ResidentDemographicService----
2022-11-18 07:20:12,129 [15] DEBUG LTCPro.ServiceLayer.Log4net - ---Executed Successfully GetResidentInformation() in ResidentDemographicController----
2022-11-18 07:20:12,170 [15] DEBUG LTCPro.ServiceLayer.Log4net - ---Executing GetUserToken() in UserService----
2022-11-18 07:20:12,177 [15] DEBUG LTCPro.ServiceLayer.Log4net - ---Executing GetPatientTypeByID() in CommonController----
2022-11-18 07:20:12,177 [15] DEBUG LTCPro.ServiceLayer.Log4net - ---Executing GetPatientTypeDrop() in CommonService----
2022-11-18 07:20:12,192 [32] DEBUG LTCPro.ServiceLayer.Log4net - ---Executing GetUserToken() in UserService----
2022-11-18 07:20:12,195 [26] DEBUG LTCPro.ServiceLayer.Log4net - ---Executing GetUserToken() in UserService----
2022-11-18 07:20:12,204 [32] DEBUG LTCPro.ServiceLayer.Log4net - ---Executing GetResidentAdmitDischargeData() in ResidentDemographicController----
2022-11-18 07:20:12,204 [32] DEBUG LTCPro.ServiceLayer.Log4net - ---Executing GetResidentAdmitDischargeData() in ResidentDemographicService----
2022-11-18 07:20:12,204 [26] DEBUG LTCPro.ServiceLayer.Log4net - ---Executing GetResidentInformation() in ResidentDemographicController----
2022-11-18 07:20:12,204 [26] DEBUG LTCPro.ServiceLayer.Log4net - ---Executing GetResidentInformation() in ResidentDemographicService----
2022-11-18 07:20:12,248 [32] DEBUG LTCPro.ServiceLayer.Log4net - ---Executed Successfully GetResidentAdmitDischargeData() in ResidentDemographicController----
2022-11-18 07:20:12,258 [39] DEBUG LTCPro.ServiceLayer.Log4net - ---Executing GetUserToken() in UserService----
2022-11-18 07:20:12,266 [39] DEBUG LTCPro.ServiceLayer.Log4net - ---Executing GetResidentAllergies() in ResidentDemographicController----
2022-11-18 07:20:12,266 [39] DEBUG LTCPro.ServiceLayer.Log4net - ---Executing GetResidentAllergies() in AllergyInfoService----
2022-11-18 07:20:12,270 [15] DEBUG LTCPro.ServiceLayer.Log4net - ---Executed Successfully GetPatientTypeDrop() in CommonController----
2022-11-18 07:20:12,273 [39] DEBUG LTCPro.ServiceLayer.Log4net - ---Executed Successfully GetResidentAllergies() in ResidentDemographicController----
2022-11-18 07:20:12,318 [32] DEBUG LTCPro.ServiceLayer.Log4net - ---Executing GetUserToken() in UserService----
2022-11-18 07:20:12,323 [32] DEBUG LTCPro.ServiceLayer.Log4net - ---Executing GetResidentDiagnosisInfo() in ResidentDemographicController----
2022-11-18 07:20:12,323 [32] DEBUG LTCPro.ServiceLayer.Log4net - ---Executing GetResidentDiagnosisInfo() in DiagnosisInfoService----
2022-11-18 07:20:12,329 [32] DEBUG LTCPro.ServiceLayer.Log4net - ---Executed Successfully GetResidentDiagnosisInfo() in ResidentDemographicController----
2022-11-18 07:20:12,361 [39] DEBUG LTCPro.ServiceLayer.Log4net - ---Executing GetUserToken() in UserService----
2022-11-18 07:20:12,368 [39] DEBUG LTCPro.ServiceLayer.Log4net - ---Executing GetAllPatientTypesByPId() in ResidentDemographicController----
2022-11-18 07:20:12,368 [39] DEBUG LTCPro.ServiceLayer.Log4net - ---Executing GetAllPatientTypesByPId() in EmarService----
2022-11-18 07:20:12,373 [39] DEBUG LTCPro.ServiceLayer.Log4net - ---Executed Successfully GetAllPatientTypesByPId() in ResidentDemographicController----
2022-11-18 07:20:12,395 [26] DEBUG LTCPro.ServiceLayer.Log4net - ---Executed Successfully GetResidentInformation() in ResidentDemographicController----
2022-11-18 07:20:13,852 [32] DEBUG LTCPro.ServiceLayer.Log4net - ---Executing GetUserToken() in UserService----
2022-11-18 07:20:13,859 [32] DEBUG LTCPro.ServiceLayer.Log4net - ---Executing GetOutboundHLSevenConfigs() in HLSevenSegmentController----
2022-11-18 07:20:13,859 [32] DEBUG LTCPro.ServiceLayer.Log4net - ---Executing GetOutboundHLSevenConfigs() in HLSevenSegmentService----
2022-11-18 07:20:13,868 [32] DEBUG LTCPro.ServiceLayer.Log4net - ---Executed Successfully GetOutboundHLSevenConfigs() in HLSevenSegmentController----
2022-11-18 07:20:13,894 [32] DEBUG LTCPro.ServiceLayer.Log4net - ---Executing GetUserToken() in UserService----
2022-11-18 07:20:13,900 [32] DEBUG LTCPro.ServiceLayer.Log4net - ---Executing UserFacilityDrop() in FacilityController----
2022-11-18 07:20:13,900 [32] DEBUG LTCPro.ServiceLayer.Log4net - ---Executing UserFacilityDrop() in FacilityService----
2022-11-18 07:20:13,905 [32] DEBUG LTCPro.ServiceLayer.Log4net - ---Executed Successfully UserFacilityDrop() in FacilityController----
2022-11-18 07:20:13,923 [39] DEBUG LTCPro.ServiceLayer.Log4net - ---Executing GetUserToken() in UserService----
2022-11-18 07:20:13,930 [39] DEBUG LTCPro.ServiceLayer.Log4net - ---Executing GetResidentAdmitvisitInfoData() in ResidentDemographicController----
2022-11-18 07:20:13,930 [39] DEBUG LTCPro.ServiceLayer.Log4net - ---Executing  VisitInfoEntity()  in GetResidentAdmitvisitInfoData----
2022-11-18 07:20:13,945 [39] DEBUG LTCPro.ServiceLayer.Log4net - ---Executed Successfully GetResidentAdmitvisitInfoData() in ResidentDemographicController----
2022-11-18 07:20:13,963 [32] DEBUG LTCPro.ServiceLayer.Log4net - ---Executing GetUserToken() in UserService----
2022-11-18 07:20:13,966 [39] DEBUG LTCPro.ServiceLayer.Log4net - ---Executing GetUserToken() in UserService----
2022-11-18 07:20:13,969 [32] DEBUG LTCPro.ServiceLayer.Log4net - ---Executing UserFacilityDrop() in FacilityController----
2022-11-18 07:20:13,969 [32] DEBUG LTCPro.ServiceLayer.Log4net - ---Executing UserFacilityDrop() in FacilityService----
2022-11-18 07:20:13,972 [39] DEBUG LTCPro.ServiceLayer.Log4net - ---Executing GetCompanyToBedFlagByFacId() in FacilityController----
2022-11-18 07:20:13,972 [39] DEBUG LTCPro.ServiceLayer.Log4net - ---Executing GetCompanyToBedFlagByFacId() in FacilityService----
2022-11-18 07:20:13,976 [32] DEBUG LTCPro.ServiceLayer.Log4net - ---Executed Successfully UserFacilityDrop() in FacilityController----
2022-11-18 07:20:14,006 [39] DEBUG LTCPro.ServiceLayer.Log4net - ---Executed Successfully GetCompanyToBedFlagByFacId() in FacilityController----
2022-11-18 07:20:14,026 [39] DEBUG LTCPro.ServiceLayer.Log4net - ---Executing GetUserToken() in UserService----
2022-11-18 07:20:14,031 [39] DEBUG LTCPro.ServiceLayer.Log4net - ---Executing UserNurseStationDrop() in FacilityController----
2022-11-18 07:20:14,031 [39] DEBUG LTCPro.ServiceLayer.Log4net - ---Executing UserNurseStationDrop() in FacilityService----
2022-11-18 07:20:14,038 [39] DEBUG LTCPro.ServiceLayer.Log4net - ---Executed Successfully UserNurseStationDrop() in FacilityController----
2022-11-18 07:20:14,048 [32] DEBUG LTCPro.ServiceLayer.Log4net - ---Executing GetUserToken() in UserService----
2022-11-18 07:20:14,053 [32] DEBUG LTCPro.ServiceLayer.Log4net - ---Executing GetNurseStationHierarchyDetailsbyNsId() in CompanyController----
2022-11-18 07:20:14,053 [32] DEBUG LTCPro.ServiceLayer.Log4net - ---Executing GetNurseStationHierarchyDetailsbyNsId() in CompanyService----
2022-11-18 07:20:14,057 [32] DEBUG LTCPro.ServiceLayer.Log4net - ---Executed Successfully GetNurseStationHierarchyDetailsbyNsId() in CompanyController----
2022-11-18 07:20:17,710 [32] DEBUG LTCPro.ServiceLayer.Log4net - ---Executing GetUserToken() in UserService----
2022-11-18 07:20:17,715 [32] DEBUG LTCPro.ServiceLayer.Log4net - ---Executing PatientReAdmission() in AdminApprovalController----
2022-11-18 07:20:17,715 [32] DEBUG LTCPro.ServiceLayer.Log4net - ---Executing PatientReAdmission() in AdminApprovalService----
2022-11-18 07:20:17,807 [32] DEBUG LTCPro.ServiceLayer.Log4net - ---Executing GenerateOutboundFile() NewResident in AdminApprovalService----
2022-11-18 07:20:17,815 [32] DEBUG LTCPro.ServiceLayer.Log4net - ---Generating OutboundFile NewResident in AdminApprovalService----
2022-11-18 07:20:17,848 [32] DEBUG LTCPro.ServiceLayer.Log4net - ---Generated OutboundFile Download Start D:/Promantra/OutboundLive/Pending//NewResident_11182022054931.hl7 in AdminApprovalService----
2022-11-18 07:20:17,861 [32] DEBUG LTCPro.ServiceLayer.Log4net - ---Generated OutboundFile Download Completed D:/Promantra/OutboundLive/Pending//NewResident_11182022054931.hl7 in AdminApprovalService----
2022-11-18 07:20:17,861 [32] DEBUG LTCPro.ServiceLayer.Log4net - ---Executed GenerateOutboundFile() NewResident in AdminApprovalService----
2022-11-18 07:20:17,864 [32] DEBUG LTCPro.ServiceLayer.Log4net - ---Executed Successfully PatientReAdmission() in AdminApprovalController----
2022-11-18 07:20:17,918 [39] DEBUG LTCPro.ServiceLayer.Log4net - ---Executing GetUserToken() in UserService----
2022-11-18 07:20:17,925 [39] DEBUG LTCPro.ServiceLayer.Log4net - ---Executing GetResidentInformation() in ResidentDemographicController----
2022-11-18 07:20:17,925 [39] DEBUG LTCPro.ServiceLayer.Log4net - ---Executing GetResidentInformation() in ResidentDemographicService----
2022-11-18 07:20:18,038 [39] DEBUG LTCPro.ServiceLayer.Log4net - ---Executed Successfully GetResidentInformation() in ResidentDemographicController----
2022-11-18 07:20:18,086 [26] DEBUG LTCPro.ServiceLayer.Log4net - ---Executing GetUserToken() in UserService----
2022-11-18 07:20:18,092 [39] DEBUG LTCPro.ServiceLayer.Log4net - ---Executing GetUserToken() in UserService----
2022-11-18 07:20:18,094 [26] DEBUG LTCPro.ServiceLayer.Log4net - ---Executing GetPatientTypeByID() in CommonController----
2022-11-18 07:20:18,094 [26] DEBUG LTCPro.ServiceLayer.Log4net - ---Executing GetPatientTypeDrop() in CommonService----
2022-11-18 07:20:18,105 [15] DEBUG LTCPro.ServiceLayer.Log4net - ---Executing GetUserToken() in UserService----
2022-11-18 07:20:18,106 [39] DEBUG LTCPro.ServiceLayer.Log4net - ---Executing GetResidentInformation() in ResidentDemographicController----
2022-11-18 07:20:18,106 [39] DEBUG LTCPro.ServiceLayer.Log4net - ---Executing GetResidentInformation() in ResidentDemographicService----
2022-11-18 07:20:18,112 [15] DEBUG LTCPro.ServiceLayer.Log4net - ---Executing GetResidentAdmitDischargeData() in ResidentDemographicController----
2022-11-18 07:20:18,112 [15] DEBUG LTCPro.ServiceLayer.Log4net - ---Executing GetResidentAdmitDischargeData() in ResidentDemographicService----
2022-11-18 07:20:18,121 [15] DEBUG LTCPro.ServiceLayer.Log4net - ---Executed Successfully GetResidentAdmitDischargeData() in ResidentDemographicController----
2022-11-18 07:20:18,139 [32] DEBUG LTCPro.ServiceLayer.Log4net - ---Executing GetUserToken() in UserService----
2022-11-18 07:20:18,146 [32] DEBUG LTCPro.ServiceLayer.Log4net - ---Executing GetResidentAllergies() in ResidentDemographicController----
2022-11-18 07:20:18,146 [32] DEBUG LTCPro.ServiceLayer.Log4net - ---Executing GetResidentAllergies() in AllergyInfoService----
2022-11-18 07:20:18,154 [32] DEBUG LTCPro.ServiceLayer.Log4net - ---Executed Successfully GetResidentAllergies() in ResidentDemographicController----
2022-11-18 07:20:18,154 [26] DEBUG LTCPro.ServiceLayer.Log4net - ---Executed Successfully GetPatientTypeDrop() in CommonController----
2022-11-18 07:20:18,188 [29] DEBUG LTCPro.ServiceLayer.Log4net - ---Executing GetUserToken() in UserService----
2022-11-18 07:20:18,194 [29] DEBUG LTCPro.ServiceLayer.Log4net - ---Executing GetResidentDiagnosisInfo() in ResidentDemographicController----
2022-11-18 07:20:18,194 [29] DEBUG LTCPro.ServiceLayer.Log4net - ---Executing GetResidentDiagnosisInfo() in DiagnosisInfoService----
2022-11-18 07:20:18,222 [12] DEBUG LTCPro.ServiceLayer.Log4net - ---Executing GetUserToken() in UserService----
2022-11-18 07:20:18,223 [29] DEBUG LTCPro.ServiceLayer.Log4net - ---Executed Successfully GetResidentDiagnosisInfo() in ResidentDemographicController----
2022-11-18 07:20:18,232 [12] DEBUG LTCPro.ServiceLayer.Log4net - ---Executing GetAllPatientTypesByPId() in ResidentDemographicController----
2022-11-18 07:20:18,232 [12] DEBUG LTCPro.ServiceLayer.Log4net - ---Executing GetAllPatientTypesByPId() in EmarService----
2022-11-18 07:20:18,237 [12] DEBUG LTCPro.ServiceLayer.Log4net - ---Executed Successfully GetAllPatientTypesByPId() in ResidentDemographicController----
2022-11-18 07:20:18,276 [39] DEBUG LTCPro.ServiceLayer.Log4net - ---Executed Successfully GetResidentInformation() in ResidentDemographicController----
2022-11-18 07:20:20,077 [26] DEBUG LTCPro.ServiceLayer.Log4net - ---Executing GetUserToken() in UserService----
2022-11-18 07:20:20,084 [26] DEBUG LTCPro.ServiceLayer.Log4net - ---Executing GetOutboundHLSevenConfigs() in HLSevenSegmentController----
2022-11-18 07:20:20,084 [26] DEBUG LTCPro.ServiceLayer.Log4net - ---Executing GetOutboundHLSevenConfigs() in HLSevenSegmentService----
2022-11-18 07:20:20,091 [26] DEBUG LTCPro.ServiceLayer.Log4net - ---Executed Successfully GetOutboundHLSevenConfigs() in HLSevenSegmentController----
2022-11-18 07:20:20,121 [32] DEBUG LTCPro.ServiceLayer.Log4net - ---Executing GetUserToken() in UserService----
2022-11-18 07:20:20,126 [32] DEBUG LTCPro.ServiceLayer.Log4net - ---Executing UserFacilityDrop() in FacilityController----
2022-11-18 07:20:20,126 [32] DEBUG LTCPro.ServiceLayer.Log4net - ---Executing UserFacilityDrop() in FacilityService----
2022-11-18 07:20:20,132 [32] DEBUG LTCPro.ServiceLayer.Log4net - ---Executed Successfully UserFacilityDrop() in FacilityController----
2022-11-18 07:20:20,150 [26] DEBUG LTCPro.ServiceLayer.Log4net - ---Executing GetUserToken() in UserService----
2022-11-18 07:20:20,155 [26] DEBUG LTCPro.ServiceLayer.Log4net - ---Executing GetResidentAdmitvisitInfoData() in ResidentDemographicController----
2022-11-18 07:20:20,155 [26] DEBUG LTCPro.ServiceLayer.Log4net - ---Executing  VisitInfoEntity()  in GetResidentAdmitvisitInfoData----
2022-11-18 07:20:20,169 [26] DEBUG LTCPro.ServiceLayer.Log4net - ---Executed Successfully GetResidentAdmitvisitInfoData() in ResidentDemographicController----
2022-11-18 07:20:20,186 [19] DEBUG LTCPro.ServiceLayer.Log4net - ---Executing GetUserToken() in UserService----
2022-11-18 07:20:20,188 [26] DEBUG LTCPro.ServiceLayer.Log4net - ---Executing GetUserToken() in UserService----
2022-11-18 07:20:20,192 [19] DEBUG LTCPro.ServiceLayer.Log4net - ---Executing UserFacilityDrop() in FacilityController----
2022-11-18 07:20:20,192 [19] DEBUG LTCPro.ServiceLayer.Log4net - ---Executing UserFacilityDrop() in FacilityService----
2022-11-18 07:20:20,195 [26] DEBUG LTCPro.ServiceLayer.Log4net - ---Executing GetCompanyToBedFlagByFacId() in FacilityController----
2022-11-18 07:20:20,195 [26] DEBUG LTCPro.ServiceLayer.Log4net - ---Executing GetCompanyToBedFlagByFacId() in FacilityService----
2022-11-18 07:20:20,198 [19] DEBUG LTCPro.ServiceLayer.Log4net - ---Executed Successfully UserFacilityDrop() in FacilityController----
2022-11-18 07:20:20,231 [26] DEBUG LTCPro.ServiceLayer.Log4net - ---Executed Successfully GetCompanyToBedFlagByFacId() in FacilityController----
2022-11-18 07:20:20,250 [19] DEBUG LTCPro.ServiceLayer.Log4net - ---Executing GetUserToken() in UserService----
2022-11-18 07:20:20,256 [19] DEBUG LTCPro.ServiceLayer.Log4net - ---Executing UserNurseStationDrop() in FacilityController----
2022-11-18 07:20:20,256 [19] DEBUG LTCPro.ServiceLayer.Log4net - ---Executing UserNurseStationDrop() in FacilityService----
2022-11-18 07:20:20,262 [19] DEBUG LTCPro.ServiceLayer.Log4net - ---Executed Successfully UserNurseStationDrop() in FacilityController----
2022-11-18 07:20:20,272 [26] DEBUG LTCPro.ServiceLayer.Log4net - ---Executing GetUserToken() in UserService----
2022-11-18 07:20:20,278 [26] DEBUG LTCPro.ServiceLayer.Log4net - ---Executing GetNurseStationHierarchyDetailsbyNsId() in CompanyController----
2022-11-18 07:20:20,278 [26] DEBUG LTCPro.ServiceLayer.Log4net - ---Executing GetNurseStationHierarchyDetailsbyNsId() in CompanyService----
2022-11-18 07:20:20,283 [26] DEBUG LTCPro.ServiceLayer.Log4net - ---Executed Successfully GetNurseStationHierarchyDetailsbyNsId() in CompanyController----
2022-11-18 07:20:33,294 [26] DEBUG LTCPro.ServiceLayer.Log4net - ---Executing GetUserToken() in UserService----
2022-11-18 07:20:33,300 [26] DEBUG LTCPro.ServiceLayer.Log4net - ---Executing InsertResidentVisitInfo() in AdminApprovalController----
2022-11-18 07:20:33,300 [26] DEBUG LTCPro.ServiceLayer.Log4net - ---Executing InsertResidentVisitInfo() in AdminApprovalService----
2022-11-18 07:20:33,429 [26] DEBUG LTCPro.ServiceLayer.Log4net - ---Executing GenerateOutboundFile() Discharge in AdminApprovalService----
2022-11-18 07:20:33,438 [26] DEBUG LTCPro.ServiceLayer.Log4net - ---Generating OutboundFile Discharge in AdminApprovalService----
2022-11-18 07:20:33,472 [26] DEBUG LTCPro.ServiceLayer.Log4net - ---Generated OutboundFile Download Start D:/Promantra/OutboundLive/Pending//Discharge_11182022054947.hl7 in AdminApprovalService----
2022-11-18 07:20:33,473 [26] DEBUG LTCPro.ServiceLayer.Log4net - ---Generated OutboundFile Download Completed D:/Promantra/OutboundLive/Pending//Discharge_11182022054947.hl7 in AdminApprovalService----
2022-11-18 07:20:33,473 [26] DEBUG LTCPro.ServiceLayer.Log4net - ---Executed GenerateOutboundFile() Discharge in AdminApprovalService----
2022-11-18 07:20:33,475 [26] DEBUG LTCPro.ServiceLayer.Log4net - ---Executed Successfully InsertResidentVisitInfo() in AdminApprovalController----
2022-11-18 07:20:33,512 [29] DEBUG LTCPro.ServiceLayer.Log4net - ---Executing GetUserToken() in UserService----
2022-11-18 07:20:33,518 [29] DEBUG LTCPro.ServiceLayer.Log4net - ---Executing GetApprovalFlag() in CompanyController----
2022-11-18 07:20:33,518 [29] DEBUG LTCPro.ServiceLayer.Log4net - ---Executing GetApprovalFlag() in CompanyService----
2022-11-18 07:20:33,589 [19] DEBUG LTCPro.ServiceLayer.Log4net - ---Executing GetUserToken() in UserService----
2022-11-18 07:20:33,591 [26] DEBUG LTCPro.ServiceLayer.Log4net - ---Executing GetUserToken() in UserService----
2022-11-18 07:20:33,596 [19] DEBUG LTCPro.ServiceLayer.Log4net - ---Executing GetFacilityNSResidentsDataByPId() in ResidentDemographicController----
2022-11-18 07:20:33,596 [19] DEBUG LTCPro.ServiceLayer.Log4net - ---Executing GetFacilityNSResidentsDataByPId() in ResidentDemographicService----
2022-11-18 07:20:33,597 [26] DEBUG LTCPro.ServiceLayer.Log4net - ---Executing GetResidentAdmitDischargeData() in ResidentDemographicController----
2022-11-18 07:20:33,597 [26] DEBUG LTCPro.ServiceLayer.Log4net - ---Executing GetResidentAdmitDischargeData() in ResidentDemographicService----
2022-11-18 07:20:33,605 [26] DEBUG LTCPro.ServiceLayer.Log4net - ---Executed Successfully GetResidentAdmitDischargeData() in ResidentDemographicController----
2022-11-18 07:20:33,641 [19] DEBUG LTCPro.ServiceLayer.Log4net - ---Executed Successfully GetFacilityNSResidentsDataByPId() in ResidentDemographicController----
2022-11-18 07:20:33,687 [29] DEBUG LTCPro.ServiceLayer.Log4net - ---Executing GetUserToken() in UserService----
2022-11-18 07:20:33,693 [29] DEBUG LTCPro.ServiceLayer.Log4net - ---Executing GetResidentInformation() in ResidentDemographicController----
2022-11-18 07:20:33,693 [29] DEBUG LTCPro.ServiceLayer.Log4net - ---Executing GetResidentInformation() in ResidentDemographicService----
2022-11-18 07:20:33,801 [29] DEBUG LTCPro.ServiceLayer.Log4net - ---Executed Successfully GetResidentInformation() in ResidentDemographicController----
2022-11-18 07:20:33,827 [39] DEBUG LTCPro.ServiceLayer.Log4net - ---Executing GetUserToken() in UserService----
2022-11-18 07:20:33,854 [26] DEBUG LTCPro.ServiceLayer.Log4net - ---Executing GetUserToken() in UserService----
2022-11-18 07:20:33,855 [23] DEBUG LTCPro.ServiceLayer.Log4net - ---Executing GetUserToken() in UserService----
2022-11-18 07:20:33,856 [39] DEBUG LTCPro.ServiceLayer.Log4net - ---Executing GetPatientTypeByID() in CommonController----
2022-11-18 07:20:33,856 [39] DEBUG LTCPro.ServiceLayer.Log4net - ---Executing GetPatientTypeDrop() in CommonService----
2022-11-18 07:20:33,863 [26] DEBUG LTCPro.ServiceLayer.Log4net - ---Executing GetResidentAdmitDischargeData() in ResidentDemographicController----
2022-11-18 07:20:33,863 [26] DEBUG LTCPro.ServiceLayer.Log4net - ---Executing GetResidentAdmitDischargeData() in ResidentDemographicService----
2022-11-18 07:20:33,865 [23] DEBUG LTCPro.ServiceLayer.Log4net - ---Executing GetResidentInformation() in ResidentDemographicController----
2022-11-18 07:20:33,865 [23] DEBUG LTCPro.ServiceLayer.Log4net - ---Executing GetResidentInformation() in ResidentDemographicService----
2022-11-18 07:20:33,870 [26] DEBUG LTCPro.ServiceLayer.Log4net - ---Executed Successfully GetResidentAdmitDischargeData() in ResidentDemographicController----
2022-11-18 07:20:33,884 [29] DEBUG LTCPro.ServiceLayer.Log4net - ---Executing GetUserToken() in UserService----
2022-11-18 07:20:33,892 [32] DEBUG LTCPro.ServiceLayer.Log4net - ---Executing GetUserToken() in UserService----
2022-11-18 07:20:33,895 [29] DEBUG LTCPro.ServiceLayer.Log4net - ---Executing GetResidentDiagnosisInfo() in ResidentDemographicController----
2022-11-18 07:20:33,895 [29] DEBUG LTCPro.ServiceLayer.Log4net - ---Executing GetResidentDiagnosisInfo() in DiagnosisInfoService----
2022-11-18 07:20:33,899 [32] DEBUG LTCPro.ServiceLayer.Log4net - ---Executing GetResidentAllergies() in ResidentDemographicController----
2022-11-18 07:20:33,899 [32] DEBUG LTCPro.ServiceLayer.Log4net - ---Executing GetResidentAllergies() in AllergyInfoService----
2022-11-18 07:20:33,905 [29] DEBUG LTCPro.ServiceLayer.Log4net - ---Executed Successfully GetResidentDiagnosisInfo() in ResidentDemographicController----
2022-11-18 07:20:33,906 [32] DEBUG LTCPro.ServiceLayer.Log4net - ---Executed Successfully GetResidentAllergies() in ResidentDemographicController----
2022-11-18 07:20:33,922 [39] DEBUG LTCPro.ServiceLayer.Log4net - ---Executed Successfully GetPatientTypeDrop() in CommonController----
2022-11-18 07:20:33,976 [32] DEBUG LTCPro.ServiceLayer.Log4net - ---Executing GetUserToken() in UserService----
2022-11-18 07:20:33,982 [32] DEBUG LTCPro.ServiceLayer.Log4net - ---Executing GetAllPatientTypesByPId() in ResidentDemographicController----
2022-11-18 07:20:33,982 [32] DEBUG LTCPro.ServiceLayer.Log4net - ---Executing GetAllPatientTypesByPId() in EmarService----
2022-11-18 07:20:33,987 [32] DEBUG LTCPro.ServiceLayer.Log4net - ---Executed Successfully GetAllPatientTypesByPId() in ResidentDemographicController----
2022-11-18 07:20:34,010 [23] DEBUG LTCPro.ServiceLayer.Log4net - ---Executed Successfully GetResidentInformation() in ResidentDemographicController----
2022-11-18 07:20:36,495 [15] DEBUG LTCPro.ServiceLayer.Log4net - ---Executing GetUserToken() in UserService----
2022-11-18 07:20:36,501 [15] DEBUG LTCPro.ServiceLayer.Log4net - ---Executing PatientReAdmission() in AdminApprovalController----
2022-11-18 07:20:36,501 [15] DEBUG LTCPro.ServiceLayer.Log4net - ---Executing PatientReAdmission() in AdminApprovalService----
2022-11-18 07:20:36,685 [15] DEBUG LTCPro.ServiceLayer.Log4net - ---Executing GenerateOutboundFile() NewResident in AdminApprovalService----
2022-11-18 07:20:36,693 [15] DEBUG LTCPro.ServiceLayer.Log4net - ---Generating OutboundFile NewResident in AdminApprovalService----
2022-11-18 07:20:36,725 [15] DEBUG LTCPro.ServiceLayer.Log4net - ---Generated OutboundFile Download Start D:/Promantra/OutboundLive/Pending//NewResident_11182022054950.hl7 in AdminApprovalService----
2022-11-18 07:20:36,726 [15] DEBUG LTCPro.ServiceLayer.Log4net - ---Generated OutboundFile Download Completed D:/Promantra/OutboundLive/Pending//NewResident_11182022054950.hl7 in AdminApprovalService----
2022-11-18 07:20:36,726 [15] DEBUG LTCPro.ServiceLayer.Log4net - ---Executed GenerateOutboundFile() NewResident in AdminApprovalService----
2022-11-18 07:20:36,728 [15] DEBUG LTCPro.ServiceLayer.Log4net - ---Executed Successfully PatientReAdmission() in AdminApprovalController----
2022-11-18 07:20:36,770 [22] DEBUG LTCPro.ServiceLayer.Log4net - ---Executing GetUserToken() in UserService----
2022-11-18 07:20:36,776 [22] DEBUG LTCPro.ServiceLayer.Log4net - ---Executing GetResidentInformation() in ResidentDemographicController----
2022-11-18 07:20:36,776 [22] DEBUG LTCPro.ServiceLayer.Log4net - ---Executing GetResidentInformation() in ResidentDemographicService----
2022-11-18 07:20:36,887 [22] DEBUG LTCPro.ServiceLayer.Log4net - ---Executed Successfully GetResidentInformation() in ResidentDemographicController----
2022-11-18 07:20:36,913 [15] DEBUG LTCPro.ServiceLayer.Log4net - ---Executing GetUserToken() in UserService----
2022-11-18 07:20:36,949 [15] DEBUG LTCPro.ServiceLayer.Log4net - ---Executing GetPatientTypeByID() in CommonController----
2022-11-18 07:20:36,949 [15] DEBUG LTCPro.ServiceLayer.Log4net - ---Executing GetPatientTypeDrop() in CommonService----
2022-11-18 07:20:36,970 [22] DEBUG LTCPro.ServiceLayer.Log4net - ---Executing GetUserToken() in UserService----
2022-11-18 07:20:36,970 [23] DEBUG LTCPro.ServiceLayer.Log4net - ---Executing GetUserToken() in UserService----
2022-11-18 07:20:36,973 [12] DEBUG LTCPro.ServiceLayer.Log4net - ---Executing GetUserToken() in UserService----
2022-11-18 07:20:36,999 [23] DEBUG LTCPro.ServiceLayer.Log4net - ---Executing GetResidentInformation() in ResidentDemographicController----
2022-11-18 07:20:36,999 [23] DEBUG LTCPro.ServiceLayer.Log4net - ---Executing GetResidentInformation() in ResidentDemographicService----
2022-11-18 07:20:37,000 [22] DEBUG LTCPro.ServiceLayer.Log4net - ---Executing GetResidentAdmitDischargeData() in ResidentDemographicController----
2022-11-18 07:20:37,000 [22] DEBUG LTCPro.ServiceLayer.Log4net - ---Executing GetResidentAdmitDischargeData() in ResidentDemographicService----
2022-11-18 07:20:37,003 [12] DEBUG LTCPro.ServiceLayer.Log4net - ---Executing GetResidentAllergies() in ResidentDemographicController----
2022-11-18 07:20:37,003 [12] DEBUG LTCPro.ServiceLayer.Log4net - ---Executing GetResidentAllergies() in AllergyInfoService----
2022-11-18 07:20:37,010 [22] DEBUG LTCPro.ServiceLayer.Log4net - ---Executed Successfully GetResidentAdmitDischargeData() in ResidentDemographicController----
2022-11-18 07:20:37,010 [12] DEBUG LTCPro.ServiceLayer.Log4net - ---Executed Successfully GetResidentAllergies() in ResidentDemographicController----
2022-11-18 07:20:37,018 [15] DEBUG LTCPro.ServiceLayer.Log4net - ---Executed Successfully GetPatientTypeDrop() in CommonController----
2022-11-18 07:20:37,059 [12] DEBUG LTCPro.ServiceLayer.Log4net - ---Executing GetUserToken() in UserService----
2022-11-18 07:20:37,066 [12] DEBUG LTCPro.ServiceLayer.Log4net - ---Executing GetResidentDiagnosisInfo() in ResidentDemographicController----
2022-11-18 07:20:37,066 [12] DEBUG LTCPro.ServiceLayer.Log4net - ---Executing GetResidentDiagnosisInfo() in DiagnosisInfoService----
2022-11-18 07:20:37,072 [12] DEBUG LTCPro.ServiceLayer.Log4net - ---Executed Successfully GetResidentDiagnosisInfo() in ResidentDemographicController----
2022-11-18 07:20:37,111 [22] DEBUG LTCPro.ServiceLayer.Log4net - ---Executing GetUserToken() in UserService----
2022-11-18 07:20:37,116 [22] DEBUG LTCPro.ServiceLayer.Log4net - ---Executing GetAllPatientTypesByPId() in ResidentDemographicController----
2022-11-18 07:20:37,117 [22] DEBUG LTCPro.ServiceLayer.Log4net - ---Executing GetAllPatientTypesByPId() in EmarService----
2022-11-18 07:20:37,121 [22] DEBUG LTCPro.ServiceLayer.Log4net - ---Executed Successfully GetAllPatientTypesByPId() in ResidentDemographicController----
2022-11-18 07:20:37,160 [23] DEBUG LTCPro.ServiceLayer.Log4net - ---Executed Successfully GetResidentInformation() in ResidentDemographicController----
2022-11-18 07:22:18,266 [22] DEBUG LTCPro.ServiceLayer.Log4net - ---Executing GetUserToken() in UserService----
2022-11-18 07:22:18,267 [23] DEBUG LTCPro.ServiceLayer.Log4net - ---Executing GetUserToken() in UserService----
2022-11-18 07:22:18,268 [16] DEBUG LTCPro.ServiceLayer.Log4net - ---Executing GetUserToken() in UserService----
2022-11-18 07:22:18,271 [22] DEBUG LTCPro.ServiceLayer.Log4net - ---Executing GetReadMailsCount() in MailboxController----
2022-11-18 07:22:18,271 [22] DEBUG LTCPro.ServiceLayer.Log4net - ---Executing GetReadMailsCount() in MailboxService----
2022-11-18 07:22:18,274 [23] DEBUG LTCPro.ServiceLayer.Log4net - ---Executing GetAlertsDetails() in MailboxController----
2022-11-18 07:22:18,274 [23] DEBUG LTCPro.ServiceLayer.Log4net - ---Executing GetAlertsDetails() in MailboxService----
2022-11-18 07:22:18,274 [16] DEBUG LTCPro.ServiceLayer.Log4net - ---Executing GetUserPassedDueFlag() in UserController----
2022-11-18 07:22:18,274 [16] DEBUG LTCPro.ServiceLayer.Log4net - ---Executing GetUserPassedDueFlag() in UserService----
2022-11-18 07:22:18,280 [12] DEBUG LTCPro.ServiceLayer.Log4net - ---Executing GetUserToken() in UserService----
2022-11-18 07:22:18,315 [16] DEBUG LTCPro.ServiceLayer.Log4net - ---Executed Successfully GetUserPassedDueFlag() in UserController----
2022-11-18 07:22:18,316 [22] DEBUG LTCPro.ServiceLayer.Log4net - ---Executed successfully GetReadMailsCount() in MailboxController----
2022-11-18 07:22:18,316 [12] DEBUG LTCPro.ServiceLayer.Log4net - ---Executing GetDueMARAlertData() in EmarController----
2022-11-18 07:22:18,316 [12] DEBUG LTCPro.ServiceLayer.Log4net - ---Executing GetDueMARAlertData() in EmarService----
2022-11-18 07:22:18,336 [16] DEBUG LTCPro.ServiceLayer.Log4net - ---Executing GetUserToken() in UserService----
2022-11-18 07:22:18,345 [16] DEBUG LTCPro.ServiceLayer.Log4net - ---Executing GetPendingDosesList() in CommonController----
2022-11-18 07:22:18,345 [16] DEBUG LTCPro.ServiceLayer.Log4net - ---Executing GetPendingDosesList() in CommonService----
2022-11-18 07:22:18,345 [23] DEBUG LTCPro.ServiceLayer.Log4net - ---Executed successfully GetAlertsDetails() in MailboxController----
2022-11-18 07:22:18,349 [22] DEBUG LTCPro.ServiceLayer.Log4net - ---Executing GetUserToken() in UserService----
2022-11-18 07:22:18,366 [22] DEBUG LTCPro.ServiceLayer.Log4net - ---Executing GetOutboundErrorDetails() in CommonController----
2022-11-18 07:22:18,366 [22] DEBUG LTCPro.ServiceLayer.Log4net - ---Executing GetOutboundErrorDetails() in CommonService----
2022-11-18 07:22:18,378 [23] DEBUG LTCPro.ServiceLayer.Log4net - ---Executing GetUserToken() in UserService----
2022-11-18 07:22:18,383 [23] DEBUG LTCPro.ServiceLayer.Log4net - ---Executing GetUserRecentFacNs() in UserController----
2022-11-18 07:22:18,383 [23] DEBUG LTCPro.ServiceLayer.Log4net - ---Executing GetUserRecentFacNs() in UserService----
2022-11-18 07:22:18,394 [23] DEBUG LTCPro.ServiceLayer.Log4net - ---Executed Successfully GetUserRecentFacNs() in UserController----
2022-11-18 07:22:18,418 [7] DEBUG LTCPro.ServiceLayer.Log4net - ---Executing GetUserToken() in UserService----
2022-11-18 07:22:18,419 [34] DEBUG LTCPro.ServiceLayer.Log4net - ---Executing GetUserToken() in UserService----
2022-11-18 07:22:18,424 [7] DEBUG LTCPro.ServiceLayer.Log4net - ---Executing InsertUserActivityDetails() in CompanyController----
2022-11-18 07:22:18,424 [7] DEBUG LTCPro.ServiceLayer.Log4net - ---Executing InsertUserActivityDetails() in UserActivityService----
2022-11-18 07:22:18,426 [23] DEBUG LTCPro.ServiceLayer.Log4net - ---Executing GetUserToken() in UserService----
2022-11-18 07:22:18,429 [34] DEBUG LTCPro.ServiceLayer.Log4net - ---Executing GetUserRecentFacNs() in UserController----
2022-11-18 07:22:18,429 [34] DEBUG LTCPro.ServiceLayer.Log4net - ---Executing GetUserRecentFacNs() in UserService----
2022-11-18 07:22:18,432 [23] DEBUG LTCPro.ServiceLayer.Log4net - ---Executing GetUserAccessFacilityNurseStaions() in FacilityController----
2022-11-18 07:22:18,432 [23] DEBUG LTCPro.ServiceLayer.Log4net - ---Executing GetUserAccessFacilityNurseStaions() in FacilityService----
2022-11-18 07:22:18,432 [7] DEBUG LTCPro.ServiceLayer.Log4net - ---Executed Successfully InsertUserActivityDetails() in CompanyController----
2022-11-18 07:22:18,448 [23] DEBUG LTCPro.ServiceLayer.Log4net - ---Executed Successfully GetUserAccessFacilityNurseStaions() in FacilityController----
2022-11-18 07:22:18,452 [34] DEBUG LTCPro.ServiceLayer.Log4net - ---Executed Successfully GetUserRecentFacNs() in UserController----
2022-11-18 07:22:18,471 [14] DEBUG LTCPro.ServiceLayer.Log4net - ---Executing GetUserToken() in UserService----
2022-11-18 07:22:18,476 [14] DEBUG LTCPro.ServiceLayer.Log4net - ---Executing GetUserAccessFacilityNurseStaions() in FacilityController----
2022-11-18 07:22:18,476 [14] DEBUG LTCPro.ServiceLayer.Log4net - ---Executing GetUserAccessFacilityNurseStaions() in FacilityService----
2022-11-18 07:22:18,491 [14] DEBUG LTCPro.ServiceLayer.Log4net - ---Executed Successfully GetUserAccessFacilityNurseStaions() in FacilityController----
2022-11-18 07:22:18,528 [34] DEBUG LTCPro.ServiceLayer.Log4net - ---Executing GetUserToken() in UserService----
2022-11-18 07:22:18,535 [34] DEBUG LTCPro.ServiceLayer.Log4net - ---Executing UserNurseStationDrop() in FacilityController----
2022-11-18 07:22:18,535 [34] DEBUG LTCPro.ServiceLayer.Log4net - ---Executing UserNurseStationDrop() in FacilityService----
2022-11-18 07:22:18,535 [16] DEBUG LTCPro.ServiceLayer.Log4net - ---Executed Successfully GetPendingDosesList() in CommonController----
2022-11-18 07:22:18,546 [34] DEBUG LTCPro.ServiceLayer.Log4net - ---Executed Successfully UserNurseStationDrop() in FacilityController----
2022-11-18 07:22:18,584 [23] DEBUG LTCPro.ServiceLayer.Log4net - ---Executing GetUserToken() in UserService----
2022-11-18 07:22:18,590 [23] DEBUG LTCPro.ServiceLayer.Log4net - ---Executing GetCompanyToBedFlagByFacId() in FacilityController----
2022-11-18 07:22:18,590 [23] DEBUG LTCPro.ServiceLayer.Log4net - ---Executing GetCompanyToBedFlagByFacId() in FacilityService----
2022-11-18 07:22:18,601 [16] DEBUG LTCPro.ServiceLayer.Log4net - ---Executing GetUserToken() in UserService----
2022-11-18 07:22:18,608 [16] DEBUG LTCPro.ServiceLayer.Log4net - ---Executing GetResidentsByCompanyBed() in ResidentDemographicController----
2022-11-18 07:22:18,609 [16] DEBUG LTCPro.ServiceLayer.Log4net - ---Executing GetResidentsByCompanyBed() in ResidentDemographicService----
2022-11-18 07:22:18,628 [23] DEBUG LTCPro.ServiceLayer.Log4net - ---Executed Successfully GetCompanyToBedFlagByFacId() in FacilityController----
2022-11-18 07:22:18,719 [34] DEBUG LTCPro.ServiceLayer.Log4net - ---Executing GetUserToken() in UserService----
2022-11-18 07:22:18,726 [34] DEBUG LTCPro.ServiceLayer.Log4net - ---Executing GetNurseStationHierarchyDetailsbyNsId() in CompanyController----
2022-11-18 07:22:18,726 [34] DEBUG LTCPro.ServiceLayer.Log4net - ---Executing GetNurseStationHierarchyDetailsbyNsId() in CompanyService----
2022-11-18 07:22:18,731 [34] DEBUG LTCPro.ServiceLayer.Log4net - ---Executed Successfully GetNurseStationHierarchyDetailsbyNsId() in CompanyController----
2022-11-18 07:22:18,813 [22] DEBUG LTCPro.ServiceLayer.Log4net - ---Executed Successfully GetOutboundErrorDetails() in CommonController----
2022-11-18 07:22:18,882 [12] DEBUG LTCPro.ServiceLayer.Log4net - ---Executed Successfully GetDueMARAlertData() in EmarController----
2022-11-18 07:22:20,158 [16] DEBUG LTCPro.ServiceLayer.Log4net - ---Executed Successfully GetResidentsByCompanyBed() in ResidentDemographicController----
2022-11-18 07:22:21,140 [20] DEBUG LTCPro.ServiceLayer.Log4net - ---Executing GetUserToken() in UserService----
2022-11-18 07:22:21,146 [20] DEBUG LTCPro.ServiceLayer.Log4net - ---Executing GetOrdersGridData() in OrdersController----
2022-11-18 07:22:21,146 [20] DEBUG LTCPro.ServiceLayer.Log4net - ---Executing GetOrdersGridData() in OrdersService----
2022-11-18 07:22:21,155 [20] DEBUG LTCPro.ServiceLayer.Log4net - ---Executed Successfully GetOrdersGridData() in OrdersController----
2022-11-18 07:22:22,158 [12] DEBUG LTCPro.ServiceLayer.Log4net - ---Executing GetUserToken() in UserService----
2022-11-18 07:22:22,172 [12] DEBUG LTCPro.ServiceLayer.Log4net - ---Executing InsertUserActivityDetails() in CompanyController----
2022-11-18 07:22:22,172 [12] DEBUG LTCPro.ServiceLayer.Log4net - ---Executing InsertUserActivityDetails() in UserActivityService----
2022-11-18 07:22:22,198 [12] DEBUG LTCPro.ServiceLayer.Log4net - ---Executed Successfully InsertUserActivityDetails() in CompanyController----
2022-11-18 07:22:22,205 [34] DEBUG LTCPro.ServiceLayer.Log4net - ---Executing GetUserToken() in UserService----
2022-11-18 07:22:22,205 [22] DEBUG LTCPro.ServiceLayer.Log4net - ---Executing GetUserToken() in UserService----
2022-11-18 07:22:22,226 [20] DEBUG LTCPro.ServiceLayer.Log4net - ---Executing GetUserToken() in UserService----
2022-11-18 07:22:22,227 [23] DEBUG LTCPro.ServiceLayer.Log4net - ---Executing GetUserToken() in UserService----
2022-11-18 07:22:22,227 [34] DEBUG LTCPro.ServiceLayer.Log4net - ---Executing InsertUserActivityDetails() in CompanyController----
2022-11-18 07:22:22,227 [34] DEBUG LTCPro.ServiceLayer.Log4net - ---Executing InsertUserActivityDetails() in UserActivityService----
2022-11-18 07:22:22,254 [22] DEBUG LTCPro.ServiceLayer.Log4net - ---Executing GetFacilityNSResidentsDataByPId() in ResidentDemographicController----
2022-11-18 07:22:22,254 [22] DEBUG LTCPro.ServiceLayer.Log4net - ---Executing GetFacilityNSResidentsDataByPId() in ResidentDemographicService----
2022-11-18 07:22:22,254 [20] DEBUG LTCPro.ServiceLayer.Log4net - ---Executing InsertUserActivityDetails() in CompanyController----
2022-11-18 07:22:22,254 [20] DEBUG LTCPro.ServiceLayer.Log4net - ---Executing InsertUserActivityDetails() in UserActivityService----
2022-11-18 07:22:22,256 [34] DEBUG LTCPro.ServiceLayer.Log4net - ---Executed Successfully InsertUserActivityDetails() in CompanyController----
2022-11-18 07:22:22,257 [23] DEBUG LTCPro.ServiceLayer.Log4net - ---Executing GetResidentAdmitDischargeData() in ResidentDemographicController----
2022-11-18 07:22:22,257 [23] DEBUG LTCPro.ServiceLayer.Log4net - ---Executing GetResidentAdmitDischargeData() in ResidentDemographicService----
2022-11-18 07:22:22,272 [23] DEBUG LTCPro.ServiceLayer.Log4net - ---Executed Successfully GetResidentAdmitDischargeData() in ResidentDemographicController----
2022-11-18 07:22:22,279 [13] DEBUG LTCPro.ServiceLayer.Log4net - ---Executing GetUserToken() in UserService----
2022-11-18 07:22:22,285 [20] DEBUG LTCPro.ServiceLayer.Log4net - ---Executed Successfully InsertUserActivityDetails() in CompanyController----
2022-11-18 07:22:22,286 [13] DEBUG LTCPro.ServiceLayer.Log4net - ---Executing InsertUserActivityDetails() in CompanyController----
2022-11-18 07:22:22,286 [13] DEBUG LTCPro.ServiceLayer.Log4net - ---Executing InsertUserActivityDetails() in UserActivityService----
2022-11-18 07:22:22,309 [16] DEBUG LTCPro.ServiceLayer.Log4net - ---Executing GetUserToken() in UserService----
2022-11-18 07:22:22,314 [13] DEBUG LTCPro.ServiceLayer.Log4net - ---Executed Successfully InsertUserActivityDetails() in CompanyController----
2022-11-18 07:22:22,318 [16] DEBUG LTCPro.ServiceLayer.Log4net - ---Executing GetResidentAdmitDischargeData() in ResidentDemographicController----
2022-11-18 07:22:22,318 [16] DEBUG LTCPro.ServiceLayer.Log4net - ---Executing GetResidentAdmitDischargeData() in ResidentDemographicService----
2022-11-18 07:22:22,319 [37] DEBUG LTCPro.ServiceLayer.Log4net - ---Executing GetUserToken() in UserService----
2022-11-18 07:22:22,327 [16] DEBUG LTCPro.ServiceLayer.Log4net - ---Executed Successfully GetResidentAdmitDischargeData() in ResidentDemographicController----
2022-11-18 07:22:22,336 [22] DEBUG LTCPro.ServiceLayer.Log4net - ---Executed Successfully GetFacilityNSResidentsDataByPId() in ResidentDemographicController----
2022-11-18 07:22:22,337 [23] DEBUG LTCPro.ServiceLayer.Log4net - ---Executing GetUserToken() in UserService----
2022-11-18 07:22:22,352 [7] DEBUG LTCPro.ServiceLayer.Log4net - ---Executing GetUserToken() in UserService----
2022-11-18 07:22:22,358 [23] DEBUG LTCPro.ServiceLayer.Log4net - ---Executing GetResidentAllergies() in ResidentDemographicController----
2022-11-18 07:22:22,358 [23] DEBUG LTCPro.ServiceLayer.Log4net - ---Executing GetResidentAllergies() in AllergyInfoService----
2022-11-18 07:22:22,359 [37] DEBUG LTCPro.ServiceLayer.Log4net - ---Executing GetResidentInformation() in ResidentDemographicController----
2022-11-18 07:22:22,359 [37] DEBUG LTCPro.ServiceLayer.Log4net - ---Executing GetResidentInformation() in ResidentDemographicService----
2022-11-18 07:22:22,361 [7] DEBUG LTCPro.ServiceLayer.Log4net - ---Executing GetResidentDiagnosisInfo() in ResidentDemographicController----
2022-11-18 07:22:22,361 [7] DEBUG LTCPro.ServiceLayer.Log4net - ---Executing GetResidentDiagnosisInfo() in DiagnosisInfoService----
2022-11-18 07:22:22,372 [7] DEBUG LTCPro.ServiceLayer.Log4net - ---Executed Successfully GetResidentDiagnosisInfo() in ResidentDemographicController----
2022-11-18 07:22:22,374 [23] DEBUG LTCPro.ServiceLayer.Log4net - ---Executed Successfully GetResidentAllergies() in ResidentDemographicController----
2022-11-18 07:22:22,423 [23] DEBUG LTCPro.ServiceLayer.Log4net - ---Executing GetUserToken() in UserService----
2022-11-18 07:22:22,428 [23] DEBUG LTCPro.ServiceLayer.Log4net - ---Executing GetResidentInformation() in ResidentDemographicController----
2022-11-18 07:22:22,428 [23] DEBUG LTCPro.ServiceLayer.Log4net - ---Executing GetResidentInformation() in ResidentDemographicService----
2022-11-18 07:22:22,468 [37] DEBUG LTCPro.ServiceLayer.Log4net - ---Executed Successfully GetResidentInformation() in ResidentDemographicController----
2022-11-18 07:22:22,523 [23] DEBUG LTCPro.ServiceLayer.Log4net - ---Executed Successfully GetResidentInformation() in ResidentDemographicController----
2022-11-18 07:22:22,551 [16] DEBUG LTCPro.ServiceLayer.Log4net - ---Executing GetUserToken() in UserService----
2022-11-18 07:22:22,566 [16] DEBUG LTCPro.ServiceLayer.Log4net - ---Executing GetPatientTypeByID() in CommonController----
2022-11-18 07:22:22,566 [16] DEBUG LTCPro.ServiceLayer.Log4net - ---Executing GetPatientTypeDrop() in CommonService----
2022-11-18 07:22:22,578 [12] DEBUG LTCPro.ServiceLayer.Log4net - ---Executing GetUserToken() in UserService----
2022-11-18 07:22:22,584 [12] DEBUG LTCPro.ServiceLayer.Log4net - ---Executing GetResidentDiagnosisInfo() in ResidentDemographicController----
2022-11-18 07:22:22,584 [12] DEBUG LTCPro.ServiceLayer.Log4net - ---Executing GetResidentDiagnosisInfo() in DiagnosisInfoService----
2022-11-18 07:22:22,587 [23] DEBUG LTCPro.ServiceLayer.Log4net - ---Executing GetUserToken() in UserService----
2022-11-18 07:22:22,590 [12] DEBUG LTCPro.ServiceLayer.Log4net - ---Executed Successfully GetResidentDiagnosisInfo() in ResidentDemographicController----
2022-11-18 07:22:22,605 [23] DEBUG LTCPro.ServiceLayer.Log4net - ---Executing GetResidentInformation() in ResidentDemographicController----
2022-11-18 07:22:22,605 [23] DEBUG LTCPro.ServiceLayer.Log4net - ---Executing GetResidentInformation() in ResidentDemographicService----
2022-11-18 07:22:22,614 [16] DEBUG LTCPro.ServiceLayer.Log4net - ---Executed Successfully GetPatientTypeDrop() in CommonController----
2022-11-18 07:22:22,614 [7] DEBUG LTCPro.ServiceLayer.Log4net - ---Executing GetUserToken() in UserService----
2022-11-18 07:22:22,628 [7] DEBUG LTCPro.ServiceLayer.Log4net - ---Executing GetResidentAdmitDischargeData() in ResidentDemographicController----
2022-11-18 07:22:22,628 [7] DEBUG LTCPro.ServiceLayer.Log4net - ---Executing GetResidentAdmitDischargeData() in ResidentDemographicService----
2022-11-18 07:22:22,649 [22] DEBUG LTCPro.ServiceLayer.Log4net - ---Executing GetUserToken() in UserService----
2022-11-18 07:22:22,662 [7] DEBUG LTCPro.ServiceLayer.Log4net - ---Executed Successfully GetResidentAdmitDischargeData() in ResidentDemographicController----
2022-11-18 07:22:22,670 [22] DEBUG LTCPro.ServiceLayer.Log4net - ---Executing GetResidentAllergies() in ResidentDemographicController----
2022-11-18 07:22:22,670 [22] DEBUG LTCPro.ServiceLayer.Log4net - ---Executing GetResidentAllergies() in AllergyInfoService----
2022-11-18 07:22:22,679 [22] DEBUG LTCPro.ServiceLayer.Log4net - ---Executed Successfully GetResidentAllergies() in ResidentDemographicController----
2022-11-18 07:22:22,687 [20] DEBUG LTCPro.ServiceLayer.Log4net - ---Executing GetUserToken() in UserService----
2022-11-18 07:22:22,693 [20] DEBUG LTCPro.ServiceLayer.Log4net - ---Executing GetAllPatientTypesByPId() in ResidentDemographicController----
2022-11-18 07:22:22,693 [20] DEBUG LTCPro.ServiceLayer.Log4net - ---Executing GetAllPatientTypesByPId() in EmarService----
2022-11-18 07:22:22,702 [20] DEBUG LTCPro.ServiceLayer.Log4net - ---Executed Successfully GetAllPatientTypesByPId() in ResidentDemographicController----
2022-11-18 07:22:22,747 [23] DEBUG LTCPro.ServiceLayer.Log4net - ---Executed Successfully GetResidentInformation() in ResidentDemographicController----
2022-11-18 07:22:25,375 [14] DEBUG LTCPro.ServiceLayer.Log4net - ---Executing GetUserToken() in UserService----
2022-11-18 07:22:25,381 [14] DEBUG LTCPro.ServiceLayer.Log4net - ---Executing GetOutboundHLSevenConfigs() in HLSevenSegmentController----
2022-11-18 07:22:25,382 [14] DEBUG LTCPro.ServiceLayer.Log4net - ---Executing GetOutboundHLSevenConfigs() in HLSevenSegmentService----
2022-11-18 07:22:25,389 [14] DEBUG LTCPro.ServiceLayer.Log4net - ---Executed Successfully GetOutboundHLSevenConfigs() in HLSevenSegmentController----
2022-11-18 07:22:25,486 [14] DEBUG LTCPro.ServiceLayer.Log4net - ---Executing GetUserToken() in UserService----
2022-11-18 07:22:25,492 [14] DEBUG LTCPro.ServiceLayer.Log4net - ---Executing UserFacilityDrop() in FacilityController----
2022-11-18 07:22:25,493 [14] DEBUG LTCPro.ServiceLayer.Log4net - ---Executing UserFacilityDrop() in FacilityService----
2022-11-18 07:22:25,498 [14] DEBUG LTCPro.ServiceLayer.Log4net - ---Executed Successfully UserFacilityDrop() in FacilityController----
2022-11-18 07:22:25,516 [37] DEBUG LTCPro.ServiceLayer.Log4net - ---Executing GetUserToken() in UserService----
2022-11-18 07:22:25,559 [37] DEBUG LTCPro.ServiceLayer.Log4net - ---Executing GetResidentAdmitvisitInfoData() in ResidentDemographicController----
2022-11-18 07:22:25,559 [37] DEBUG LTCPro.ServiceLayer.Log4net - ---Executing  VisitInfoEntity()  in GetResidentAdmitvisitInfoData----
2022-11-18 07:22:25,572 [37] DEBUG LTCPro.ServiceLayer.Log4net - ---Executed Successfully GetResidentAdmitvisitInfoData() in ResidentDemographicController----
2022-11-18 07:22:25,592 [14] DEBUG LTCPro.ServiceLayer.Log4net - ---Executing GetUserToken() in UserService----
2022-11-18 07:22:25,594 [33] DEBUG LTCPro.ServiceLayer.Log4net - ---Executing GetUserToken() in UserService----
2022-11-18 07:22:25,597 [14] DEBUG LTCPro.ServiceLayer.Log4net - ---Executing UserFacilityDrop() in FacilityController----
2022-11-18 07:22:25,598 [14] DEBUG LTCPro.ServiceLayer.Log4net - ---Executing UserFacilityDrop() in FacilityService----
2022-11-18 07:22:25,599 [33] DEBUG LTCPro.ServiceLayer.Log4net - ---Executing GetCompanyToBedFlagByFacId() in FacilityController----
2022-11-18 07:22:25,599 [33] DEBUG LTCPro.ServiceLayer.Log4net - ---Executing GetCompanyToBedFlagByFacId() in FacilityService----
2022-11-18 07:22:25,604 [14] DEBUG LTCPro.ServiceLayer.Log4net - ---Executed Successfully UserFacilityDrop() in FacilityController----
2022-11-18 07:22:25,633 [33] DEBUG LTCPro.ServiceLayer.Log4net - ---Executed Successfully GetCompanyToBedFlagByFacId() in FacilityController----
2022-11-18 07:22:25,656 [13] DEBUG LTCPro.ServiceLayer.Log4net - ---Executing GetUserToken() in UserService----
2022-11-18 07:22:25,689 [13] DEBUG LTCPro.ServiceLayer.Log4net - ---Executing UserNurseStationDrop() in FacilityController----
2022-11-18 07:22:25,689 [13] DEBUG LTCPro.ServiceLayer.Log4net - ---Executing UserNurseStationDrop() in FacilityService----
2022-11-18 07:22:25,720 [13] DEBUG LTCPro.ServiceLayer.Log4net - ---Executed Successfully UserNurseStationDrop() in FacilityController----
2022-11-18 07:22:25,734 [33] DEBUG LTCPro.ServiceLayer.Log4net - ---Executing GetUserToken() in UserService----
2022-11-18 07:22:25,739 [33] DEBUG LTCPro.ServiceLayer.Log4net - ---Executing GetNurseStationHierarchyDetailsbyNsId() in CompanyController----
2022-11-18 07:22:25,739 [33] DEBUG LTCPro.ServiceLayer.Log4net - ---Executing GetNurseStationHierarchyDetailsbyNsId() in CompanyService----
2022-11-18 07:22:25,744 [33] DEBUG LTCPro.ServiceLayer.Log4net - ---Executed Successfully GetNurseStationHierarchyDetailsbyNsId() in CompanyController----
2022-11-18 07:22:31,919 [13] DEBUG LTCPro.ServiceLayer.Log4net - ---Executing GetUserToken() in UserService----
2022-11-18 07:22:31,925 [13] DEBUG LTCPro.ServiceLayer.Log4net - ---Executing InsertResidentVisitInfo() in AdminApprovalController----
2022-11-18 07:22:31,926 [13] DEBUG LTCPro.ServiceLayer.Log4net - ---Executing InsertResidentVisitInfo() in AdminApprovalService----
2022-11-18 07:22:32,052 [13] DEBUG LTCPro.ServiceLayer.Log4net - ---Executing GenerateOutboundFile() Discharge in AdminApprovalService----
2022-11-18 07:22:32,060 [13] DEBUG LTCPro.ServiceLayer.Log4net - ---Generating OutboundFile Discharge in AdminApprovalService----
2022-11-18 07:22:32,090 [13] DEBUG LTCPro.ServiceLayer.Log4net - ---Generated OutboundFile Download Start D:/Promantra/OutboundLive/Pending//Discharge_11182022055146.hl7 in AdminApprovalService----
2022-11-18 07:22:32,091 [13] DEBUG LTCPro.ServiceLayer.Log4net - ---Generated OutboundFile Download Completed D:/Promantra/OutboundLive/Pending//Discharge_11182022055146.hl7 in AdminApprovalService----
2022-11-18 07:22:32,091 [13] DEBUG LTCPro.ServiceLayer.Log4net - ---Executed GenerateOutboundFile() Discharge in AdminApprovalService----
2022-11-18 07:22:32,093 [13] DEBUG LTCPro.ServiceLayer.Log4net - ---Executed Successfully InsertResidentVisitInfo() in AdminApprovalController----
2022-11-18 07:22:32,133 [23] DEBUG LTCPro.ServiceLayer.Log4net - ---Executing GetUserToken() in UserService----
2022-11-18 07:22:32,140 [23] DEBUG LTCPro.ServiceLayer.Log4net - ---Executing GetApprovalFlag() in CompanyController----
2022-11-18 07:22:32,140 [23] DEBUG LTCPro.ServiceLayer.Log4net - ---Executing GetApprovalFlag() in CompanyService----
2022-11-18 07:22:32,273 [37] DEBUG LTCPro.ServiceLayer.Log4net - ---Executing GetUserToken() in UserService----
2022-11-18 07:22:32,274 [13] DEBUG LTCPro.ServiceLayer.Log4net - ---Executing GetUserToken() in UserService----
2022-11-18 07:22:32,279 [37] DEBUG LTCPro.ServiceLayer.Log4net - ---Executing GetResidentAdmitDischargeData() in ResidentDemographicController----
2022-11-18 07:22:32,279 [37] DEBUG LTCPro.ServiceLayer.Log4net - ---Executing GetResidentAdmitDischargeData() in ResidentDemographicService----
2022-11-18 07:22:32,279 [13] DEBUG LTCPro.ServiceLayer.Log4net - ---Executing GetFacilityNSResidentsDataByPId() in ResidentDemographicController----
2022-11-18 07:22:32,279 [13] DEBUG LTCPro.ServiceLayer.Log4net - ---Executing GetFacilityNSResidentsDataByPId() in ResidentDemographicService----
2022-11-18 07:22:32,285 [37] DEBUG LTCPro.ServiceLayer.Log4net - ---Executed Successfully GetResidentAdmitDischargeData() in ResidentDemographicController----
2022-11-18 07:22:32,319 [13] DEBUG LTCPro.ServiceLayer.Log4net - ---Executed Successfully GetFacilityNSResidentsDataByPId() in ResidentDemographicController----
2022-11-18 07:22:32,364 [23] DEBUG LTCPro.ServiceLayer.Log4net - ---Executing GetUserToken() in UserService----
2022-11-18 07:22:32,370 [23] DEBUG LTCPro.ServiceLayer.Log4net - ---Executing GetResidentInformation() in ResidentDemographicController----
2022-11-18 07:22:32,370 [23] DEBUG LTCPro.ServiceLayer.Log4net - ---Executing GetResidentInformation() in ResidentDemographicService----
2022-11-18 07:22:32,456 [23] DEBUG LTCPro.ServiceLayer.Log4net - ---Executed Successfully GetResidentInformation() in ResidentDemographicController----
2022-11-18 07:22:32,499 [14] DEBUG LTCPro.ServiceLayer.Log4net - ---Executing GetUserToken() in UserService----
2022-11-18 07:22:32,526 [33] DEBUG LTCPro.ServiceLayer.Log4net - ---Executing GetUserToken() in UserService----
2022-11-18 07:22:32,528 [37] DEBUG LTCPro.ServiceLayer.Log4net - ---Executing GetUserToken() in UserService----
2022-11-18 07:22:32,528 [13] DEBUG LTCPro.ServiceLayer.Log4net - ---Executing GetUserToken() in UserService----
2022-11-18 07:22:32,535 [14] DEBUG LTCPro.ServiceLayer.Log4net - ---Executing GetPatientTypeByID() in CommonController----
2022-11-18 07:22:32,535 [14] DEBUG LTCPro.ServiceLayer.Log4net - ---Executing GetPatientTypeDrop() in CommonService----
2022-11-18 07:22:32,535 [33] DEBUG LTCPro.ServiceLayer.Log4net - ---Executing GetResidentInformation() in ResidentDemographicController----
2022-11-18 07:22:32,536 [33] DEBUG LTCPro.ServiceLayer.Log4net - ---Executing GetResidentInformation() in ResidentDemographicService----
2022-11-18 07:22:32,537 [13] DEBUG LTCPro.ServiceLayer.Log4net - ---Executing GetResidentAdmitDischargeData() in ResidentDemographicController----
2022-11-18 07:22:32,537 [13] DEBUG LTCPro.ServiceLayer.Log4net - ---Executing GetResidentAdmitDischargeData() in ResidentDemographicService----
2022-11-18 07:22:32,543 [37] DEBUG LTCPro.ServiceLayer.Log4net - ---Executing GetResidentDiagnosisInfo() in ResidentDemographicController----
2022-11-18 07:22:32,543 [37] DEBUG LTCPro.ServiceLayer.Log4net - ---Executing GetResidentDiagnosisInfo() in DiagnosisInfoService----
2022-11-18 07:22:32,545 [13] DEBUG LTCPro.ServiceLayer.Log4net - ---Executed Successfully GetResidentAdmitDischargeData() in ResidentDemographicController----
2022-11-18 07:22:32,552 [37] DEBUG LTCPro.ServiceLayer.Log4net - ---Executed Successfully GetResidentDiagnosisInfo() in ResidentDemographicController----
2022-11-18 07:22:32,570 [14] DEBUG LTCPro.ServiceLayer.Log4net - ---Executed Successfully GetPatientTypeDrop() in CommonController----
2022-11-18 07:22:32,581 [23] DEBUG LTCPro.ServiceLayer.Log4net - ---Executing GetUserToken() in UserService----
2022-11-18 07:22:32,586 [23] DEBUG LTCPro.ServiceLayer.Log4net - ---Executing GetResidentAllergies() in ResidentDemographicController----
2022-11-18 07:22:32,586 [23] DEBUG LTCPro.ServiceLayer.Log4net - ---Executing GetResidentAllergies() in AllergyInfoService----
2022-11-18 07:22:32,593 [23] DEBUG LTCPro.ServiceLayer.Log4net - ---Executed Successfully GetResidentAllergies() in ResidentDemographicController----
2022-11-18 07:22:32,660 [14] DEBUG LTCPro.ServiceLayer.Log4net - ---Executing GetUserToken() in UserService----
2022-11-18 07:22:32,665 [14] DEBUG LTCPro.ServiceLayer.Log4net - ---Executing GetAllPatientTypesByPId() in ResidentDemographicController----
2022-11-18 07:22:32,665 [14] DEBUG LTCPro.ServiceLayer.Log4net - ---Executing GetAllPatientTypesByPId() in EmarService----
2022-11-18 07:22:32,670 [33] DEBUG LTCPro.ServiceLayer.Log4net - ---Executed Successfully GetResidentInformation() in ResidentDemographicController----
2022-11-18 07:22:32,674 [14] DEBUG LTCPro.ServiceLayer.Log4net - ---Executed Successfully GetAllPatientTypesByPId() in ResidentDemographicController----
2022-11-18 07:22:36,149 [22] DEBUG LTCPro.ServiceLayer.Log4net - ---Executing GetUserToken() in UserService----
2022-11-18 07:22:36,156 [22] DEBUG LTCPro.ServiceLayer.Log4net - ---Executing PatientReAdmission() in AdminApprovalController----
2022-11-18 07:22:36,156 [22] DEBUG LTCPro.ServiceLayer.Log4net - ---Executing PatientReAdmission() in AdminApprovalService----
2022-11-18 07:22:36,247 [22] DEBUG LTCPro.ServiceLayer.Log4net - ---Executing GenerateOutboundFile() NewResident in AdminApprovalService----
2022-11-18 07:22:36,258 [22] DEBUG LTCPro.ServiceLayer.Log4net - ---Generating OutboundFile NewResident in AdminApprovalService----
2022-11-18 07:22:36,291 [22] DEBUG LTCPro.ServiceLayer.Log4net - ---Generated OutboundFile Download Start D:/Promantra/OutboundLive/Pending//NewResident_11182022055150.hl7 in AdminApprovalService----
2022-11-18 07:22:36,292 [22] DEBUG LTCPro.ServiceLayer.Log4net - ---Generated OutboundFile Download Completed D:/Promantra/OutboundLive/Pending//NewResident_11182022055150.hl7 in AdminApprovalService----
2022-11-18 07:22:36,292 [22] DEBUG LTCPro.ServiceLayer.Log4net - ---Executed GenerateOutboundFile() NewResident in AdminApprovalService----
2022-11-18 07:22:36,295 [22] DEBUG LTCPro.ServiceLayer.Log4net - ---Executed Successfully PatientReAdmission() in AdminApprovalController----
2022-11-18 07:22:36,336 [37] DEBUG LTCPro.ServiceLayer.Log4net - ---Executing GetUserToken() in UserService----
2022-11-18 07:22:36,341 [37] DEBUG LTCPro.ServiceLayer.Log4net - ---Executing GetResidentInformation() in ResidentDemographicController----
2022-11-18 07:22:36,341 [37] DEBUG LTCPro.ServiceLayer.Log4net - ---Executing GetResidentInformation() in ResidentDemographicService----
2022-11-18 07:22:36,428 [37] DEBUG LTCPro.ServiceLayer.Log4net - ---Executed Successfully GetResidentInformation() in ResidentDemographicController----
2022-11-18 07:22:36,452 [20] DEBUG LTCPro.ServiceLayer.Log4net - ---Executing GetUserToken() in UserService----
2022-11-18 07:22:36,471 [20] DEBUG LTCPro.ServiceLayer.Log4net - ---Executing GetPatientTypeByID() in CommonController----
2022-11-18 07:22:36,471 [20] DEBUG LTCPro.ServiceLayer.Log4net - ---Executing GetPatientTypeDrop() in CommonService----
2022-11-18 07:22:36,539 [22] DEBUG LTCPro.ServiceLayer.Log4net - ---Executing GetUserToken() in UserService----
2022-11-18 07:22:36,547 [22] DEBUG LTCPro.ServiceLayer.Log4net - ---Executing GetResidentInformation() in ResidentDemographicController----
2022-11-18 07:22:36,547 [22] DEBUG LTCPro.ServiceLayer.Log4net - ---Executing GetResidentInformation() in ResidentDemographicService----
2022-11-18 07:22:36,555 [23] DEBUG LTCPro.ServiceLayer.Log4net - ---Executing GetUserToken() in UserService----
2022-11-18 07:22:36,560 [14] DEBUG LTCPro.ServiceLayer.Log4net - ---Executing GetUserToken() in UserService----
2022-11-18 07:22:36,561 [23] DEBUG LTCPro.ServiceLayer.Log4net - ---Executing GetResidentAdmitDischargeData() in ResidentDemographicController----
2022-11-18 07:22:36,561 [23] DEBUG LTCPro.ServiceLayer.Log4net - ---Executing GetResidentAdmitDischargeData() in ResidentDemographicService----
2022-11-18 07:22:36,568 [14] DEBUG LTCPro.ServiceLayer.Log4net - ---Executing GetResidentDiagnosisInfo() in ResidentDemographicController----
2022-11-18 07:22:36,568 [14] DEBUG LTCPro.ServiceLayer.Log4net - ---Executing GetResidentDiagnosisInfo() in DiagnosisInfoService----
2022-11-18 07:22:36,572 [20] DEBUG LTCPro.ServiceLayer.Log4net - ---Executed Successfully GetPatientTypeDrop() in CommonController----
2022-11-18 07:22:36,575 [14] DEBUG LTCPro.ServiceLayer.Log4net - ---Executed Successfully GetResidentDiagnosisInfo() in ResidentDemographicController----
2022-11-18 07:22:36,582 [23] DEBUG LTCPro.ServiceLayer.Log4net - ---Executed Successfully GetResidentAdmitDischargeData() in ResidentDemographicController----
2022-11-18 07:22:36,584 [12] DEBUG LTCPro.ServiceLayer.Log4net - ---Executing GetUserToken() in UserService----
2022-11-18 07:22:36,590 [12] DEBUG LTCPro.ServiceLayer.Log4net - ---Executing GetResidentAllergies() in ResidentDemographicController----
2022-11-18 07:22:36,590 [12] DEBUG LTCPro.ServiceLayer.Log4net - ---Executing GetResidentAllergies() in AllergyInfoService----
2022-11-18 07:22:36,597 [12] DEBUG LTCPro.ServiceLayer.Log4net - ---Executed Successfully GetResidentAllergies() in ResidentDemographicController----
2022-11-18 07:22:36,647 [20] DEBUG LTCPro.ServiceLayer.Log4net - ---Executing GetUserToken() in UserService----
2022-11-18 07:22:36,705 [20] DEBUG LTCPro.ServiceLayer.Log4net - ---Executing GetAllPatientTypesByPId() in ResidentDemographicController----
2022-11-18 07:22:36,705 [20] DEBUG LTCPro.ServiceLayer.Log4net - ---Executing GetAllPatientTypesByPId() in EmarService----
2022-11-18 07:22:36,711 [20] DEBUG LTCPro.ServiceLayer.Log4net - ---Executed Successfully GetAllPatientTypesByPId() in ResidentDemographicController----
2022-11-18 07:22:36,747 [22] DEBUG LTCPro.ServiceLayer.Log4net - ---Executed Successfully GetResidentInformation() in ResidentDemographicController----
2022-11-18 07:22:37,613 [23] DEBUG LTCPro.ServiceLayer.Log4net - ---Executing GetUserToken() in UserService----
2022-11-18 07:22:37,622 [23] DEBUG LTCPro.ServiceLayer.Log4net - ---Executing GetOutboundHLSevenConfigs() in HLSevenSegmentController----
2022-11-18 07:22:37,622 [23] DEBUG LTCPro.ServiceLayer.Log4net - ---Executing GetOutboundHLSevenConfigs() in HLSevenSegmentService----
2022-11-18 07:22:37,632 [23] DEBUG LTCPro.ServiceLayer.Log4net - ---Executed Successfully GetOutboundHLSevenConfigs() in HLSevenSegmentController----
2022-11-18 07:22:37,658 [16] DEBUG LTCPro.ServiceLayer.Log4net - ---Executing GetUserToken() in UserService----
2022-11-18 07:22:37,664 [16] DEBUG LTCPro.ServiceLayer.Log4net - ---Executing UserFacilityDrop() in FacilityController----
2022-11-18 07:22:37,664 [16] DEBUG LTCPro.ServiceLayer.Log4net - ---Executing UserFacilityDrop() in FacilityService----
2022-11-18 07:22:37,670 [16] DEBUG LTCPro.ServiceLayer.Log4net - ---Executed Successfully UserFacilityDrop() in FacilityController----
2022-11-18 07:22:37,688 [7] DEBUG LTCPro.ServiceLayer.Log4net - ---Executing GetUserToken() in UserService----
2022-11-18 07:22:37,694 [7] DEBUG LTCPro.ServiceLayer.Log4net - ---Executing GetResidentAdmitvisitInfoData() in ResidentDemographicController----
2022-11-18 07:22:37,694 [7] DEBUG LTCPro.ServiceLayer.Log4net - ---Executing  VisitInfoEntity()  in GetResidentAdmitvisitInfoData----
2022-11-18 07:22:37,706 [7] DEBUG LTCPro.ServiceLayer.Log4net - ---Executed Successfully GetResidentAdmitvisitInfoData() in ResidentDemographicController----
2022-11-18 07:22:37,722 [33] DEBUG LTCPro.ServiceLayer.Log4net - ---Executing GetUserToken() in UserService----
2022-11-18 07:22:37,725 [23] DEBUG LTCPro.ServiceLayer.Log4net - ---Executing GetUserToken() in UserService----
2022-11-18 07:22:37,728 [33] DEBUG LTCPro.ServiceLayer.Log4net - ---Executing UserFacilityDrop() in FacilityController----
2022-11-18 07:22:37,728 [33] DEBUG LTCPro.ServiceLayer.Log4net - ---Executing UserFacilityDrop() in FacilityService----
2022-11-18 07:22:37,730 [23] DEBUG LTCPro.ServiceLayer.Log4net - ---Executing GetCompanyToBedFlagByFacId() in FacilityController----
2022-11-18 07:22:37,731 [23] DEBUG LTCPro.ServiceLayer.Log4net - ---Executing GetCompanyToBedFlagByFacId() in FacilityService----
2022-11-18 07:22:37,734 [33] DEBUG LTCPro.ServiceLayer.Log4net - ---Executed Successfully UserFacilityDrop() in FacilityController----
2022-11-18 07:22:37,766 [23] DEBUG LTCPro.ServiceLayer.Log4net - ---Executed Successfully GetCompanyToBedFlagByFacId() in FacilityController----
2022-11-18 07:22:37,785 [23] DEBUG LTCPro.ServiceLayer.Log4net - ---Executing GetUserToken() in UserService----
2022-11-18 07:22:37,791 [23] DEBUG LTCPro.ServiceLayer.Log4net - ---Executing UserNurseStationDrop() in FacilityController----
2022-11-18 07:22:37,791 [23] DEBUG LTCPro.ServiceLayer.Log4net - ---Executing UserNurseStationDrop() in FacilityService----
2022-11-18 07:22:37,798 [23] DEBUG LTCPro.ServiceLayer.Log4net - ---Executed Successfully UserNurseStationDrop() in FacilityController----
2022-11-18 07:22:37,806 [22] DEBUG LTCPro.ServiceLayer.Log4net - ---Executing GetUserToken() in UserService----
2022-11-18 07:22:37,812 [22] DEBUG LTCPro.ServiceLayer.Log4net - ---Executing GetNurseStationHierarchyDetailsbyNsId() in CompanyController----
2022-11-18 07:22:37,812 [22] DEBUG LTCPro.ServiceLayer.Log4net - ---Executing GetNurseStationHierarchyDetailsbyNsId() in CompanyService----
2022-11-18 07:22:37,818 [22] DEBUG LTCPro.ServiceLayer.Log4net - ---Executed Successfully GetNurseStationHierarchyDetailsbyNsId() in CompanyController----
2022-11-18 07:22:52,300 [13] DEBUG LTCPro.ServiceLayer.Log4net - ---Executing GetUserToken() in UserService----
2022-11-18 07:22:52,310 [13] DEBUG LTCPro.ServiceLayer.Log4net - ---Executing InsertResidentVisitInfo() in AdminApprovalController----
2022-11-18 07:22:52,310 [13] DEBUG LTCPro.ServiceLayer.Log4net - ---Executing InsertResidentVisitInfo() in AdminApprovalService----
2022-11-18 07:22:52,441 [13] DEBUG LTCPro.ServiceLayer.Log4net - ---Executing GenerateOutboundFile() Discharge in AdminApprovalService----
2022-11-18 07:22:52,449 [13] DEBUG LTCPro.ServiceLayer.Log4net - ---Generating OutboundFile Discharge in AdminApprovalService----
2022-11-18 07:22:52,481 [13] DEBUG LTCPro.ServiceLayer.Log4net - ---Generated OutboundFile Download Start D:/Promantra/OutboundLive/Pending//Discharge_11182022055206.hl7 in AdminApprovalService----
2022-11-18 07:22:52,482 [13] DEBUG LTCPro.ServiceLayer.Log4net - ---Generated OutboundFile Download Completed D:/Promantra/OutboundLive/Pending//Discharge_11182022055206.hl7 in AdminApprovalService----
2022-11-18 07:22:52,482 [13] DEBUG LTCPro.ServiceLayer.Log4net - ---Executed GenerateOutboundFile() Discharge in AdminApprovalService----
2022-11-18 07:22:52,484 [13] DEBUG LTCPro.ServiceLayer.Log4net - ---Executed Successfully InsertResidentVisitInfo() in AdminApprovalController----
2022-11-18 07:22:52,523 [37] DEBUG LTCPro.ServiceLayer.Log4net - ---Executing GetUserToken() in UserService----
2022-11-18 07:22:52,529 [37] DEBUG LTCPro.ServiceLayer.Log4net - ---Executing GetApprovalFlag() in CompanyController----
2022-11-18 07:22:52,529 [37] DEBUG LTCPro.ServiceLayer.Log4net - ---Executing GetApprovalFlag() in CompanyService----
2022-11-18 07:22:52,599 [14] DEBUG LTCPro.ServiceLayer.Log4net - ---Executing GetUserToken() in UserService----
2022-11-18 07:22:52,599 [37] DEBUG LTCPro.ServiceLayer.Log4net - ---Executing GetUserToken() in UserService----
2022-11-18 07:22:52,644 [37] DEBUG LTCPro.ServiceLayer.Log4net - ---Executing GetFacilityNSResidentsDataByPId() in ResidentDemographicController----
2022-11-18 07:22:52,644 [37] DEBUG LTCPro.ServiceLayer.Log4net - ---Executing GetFacilityNSResidentsDataByPId() in ResidentDemographicService----
2022-11-18 07:22:52,648 [14] DEBUG LTCPro.ServiceLayer.Log4net - ---Executing GetResidentAdmitDischargeData() in ResidentDemographicController----
2022-11-18 07:22:52,648 [14] DEBUG LTCPro.ServiceLayer.Log4net - ---Executing GetResidentAdmitDischargeData() in ResidentDemographicService----
2022-11-18 07:22:52,653 [14] DEBUG LTCPro.ServiceLayer.Log4net - ---Executed Successfully GetResidentAdmitDischargeData() in ResidentDemographicController----
2022-11-18 07:22:52,686 [37] DEBUG LTCPro.ServiceLayer.Log4net - ---Executed Successfully GetFacilityNSResidentsDataByPId() in ResidentDemographicController----
2022-11-18 07:22:52,735 [37] DEBUG LTCPro.ServiceLayer.Log4net - ---Executing GetUserToken() in UserService----
2022-11-18 07:22:52,741 [37] DEBUG LTCPro.ServiceLayer.Log4net - ---Executing GetResidentInformation() in ResidentDemographicController----
2022-11-18 07:22:52,741 [37] DEBUG LTCPro.ServiceLayer.Log4net - ---Executing GetResidentInformation() in ResidentDemographicService----
2022-11-18 07:22:52,825 [37] DEBUG LTCPro.ServiceLayer.Log4net - ---Executed Successfully GetResidentInformation() in ResidentDemographicController----
2022-11-18 07:22:52,875 [33] DEBUG LTCPro.ServiceLayer.Log4net - ---Executing GetUserToken() in UserService----
2022-11-18 07:22:52,877 [14] DEBUG LTCPro.ServiceLayer.Log4net - ---Executing GetUserToken() in UserService----
2022-11-18 07:22:52,877 [37] DEBUG LTCPro.ServiceLayer.Log4net - ---Executing GetUserToken() in UserService----
2022-11-18 07:22:52,880 [33] DEBUG LTCPro.ServiceLayer.Log4net - ---Executing GetPatientTypeByID() in CommonController----
2022-11-18 07:22:52,880 [33] DEBUG LTCPro.ServiceLayer.Log4net - ---Executing GetPatientTypeDrop() in CommonService----
2022-11-18 07:22:52,883 [37] DEBUG LTCPro.ServiceLayer.Log4net - ---Executing GetResidentInformation() in ResidentDemographicController----
2022-11-18 07:22:52,883 [37] DEBUG LTCPro.ServiceLayer.Log4net - ---Executing GetResidentInformation() in ResidentDemographicService----
2022-11-18 07:22:52,885 [14] DEBUG LTCPro.ServiceLayer.Log4net - ---Executing GetResidentAdmitDischargeData() in ResidentDemographicController----
2022-11-18 07:22:52,885 [14] DEBUG LTCPro.ServiceLayer.Log4net - ---Executing GetResidentAdmitDischargeData() in ResidentDemographicService----
2022-11-18 07:22:52,894 [14] DEBUG LTCPro.ServiceLayer.Log4net - ---Executed Successfully GetResidentAdmitDischargeData() in ResidentDemographicController----
2022-11-18 07:22:52,912 [33] DEBUG LTCPro.ServiceLayer.Log4net - ---Executed Successfully GetPatientTypeDrop() in CommonController----
2022-11-18 07:22:52,915 [23] DEBUG LTCPro.ServiceLayer.Log4net - ---Executing GetUserToken() in UserService----
2022-11-18 07:22:52,928 [23] DEBUG LTCPro.ServiceLayer.Log4net - ---Executing GetResidentAllergies() in ResidentDemographicController----
2022-11-18 07:22:52,928 [23] DEBUG LTCPro.ServiceLayer.Log4net - ---Executing GetResidentAllergies() in AllergyInfoService----
2022-11-18 07:22:52,933 [13] DEBUG LTCPro.ServiceLayer.Log4net - ---Executing GetUserToken() in UserService----
2022-11-18 07:22:52,934 [23] DEBUG LTCPro.ServiceLayer.Log4net - ---Executed Successfully GetResidentAllergies() in ResidentDemographicController----
2022-11-18 07:22:52,942 [13] DEBUG LTCPro.ServiceLayer.Log4net - ---Executing GetResidentDiagnosisInfo() in ResidentDemographicController----
2022-11-18 07:22:52,942 [13] DEBUG LTCPro.ServiceLayer.Log4net - ---Executing GetResidentDiagnosisInfo() in DiagnosisInfoService----
2022-11-18 07:22:52,948 [13] DEBUG LTCPro.ServiceLayer.Log4net - ---Executed Successfully GetResidentDiagnosisInfo() in ResidentDemographicController----
2022-11-18 07:22:52,991 [16] DEBUG LTCPro.ServiceLayer.Log4net - ---Executing GetUserToken() in UserService----
2022-11-18 07:22:52,999 [16] DEBUG LTCPro.ServiceLayer.Log4net - ---Executing GetAllPatientTypesByPId() in ResidentDemographicController----
2022-11-18 07:22:52,999 [16] DEBUG LTCPro.ServiceLayer.Log4net - ---Executing GetAllPatientTypesByPId() in EmarService----
2022-11-18 07:22:53,005 [16] DEBUG LTCPro.ServiceLayer.Log4net - ---Executed Successfully GetAllPatientTypesByPId() in ResidentDemographicController----
2022-11-18 07:22:53,006 [37] DEBUG LTCPro.ServiceLayer.Log4net - ---Executed Successfully GetResidentInformation() in ResidentDemographicController----
2022-11-18 07:28:15,525 [24] DEBUG LTCPro.ServiceLayer.Log4net - ---Executing GetUserToken() in UserService----
2022-11-18 07:28:15,528 [35] DEBUG LTCPro.ServiceLayer.Log4net - ---Executing GetUserToken() in UserService----
2022-11-18 07:28:15,538 [27] DEBUG LTCPro.ServiceLayer.Log4net - ---Executing GetUserToken() in UserService----
2022-11-18 07:28:15,547 [24] DEBUG LTCPro.ServiceLayer.Log4net - ---Executing GetAlertsDetails() in MailboxController----
2022-11-18 07:28:15,547 [24] DEBUG LTCPro.ServiceLayer.Log4net - ---Executing GetAlertsDetails() in MailboxService----
2022-11-18 07:28:15,552 [27] DEBUG LTCPro.ServiceLayer.Log4net - ---Executing GetUserPassedDueFlag() in UserController----
2022-11-18 07:28:15,552 [27] DEBUG LTCPro.ServiceLayer.Log4net - ---Executing GetUserPassedDueFlag() in UserService----
2022-11-18 07:28:15,555 [37] DEBUG LTCPro.ServiceLayer.Log4net - ---Executing GetUserToken() in UserService----
2022-11-18 07:28:15,561 [35] DEBUG LTCPro.ServiceLayer.Log4net - ---Executing GetReadMailsCount() in MailboxController----
2022-11-18 07:28:15,561 [35] DEBUG LTCPro.ServiceLayer.Log4net - ---Executing GetReadMailsCount() in MailboxService----
2022-11-18 07:28:15,566 [37] DEBUG LTCPro.ServiceLayer.Log4net - ---Executing GetDueMARAlertData() in EmarController----
2022-11-18 07:28:15,566 [37] DEBUG LTCPro.ServiceLayer.Log4net - ---Executing GetDueMARAlertData() in EmarService----
2022-11-18 07:28:15,570 [35] DEBUG LTCPro.ServiceLayer.Log4net - ---Executed successfully GetReadMailsCount() in MailboxController----
2022-11-18 07:28:15,605 [27] DEBUG LTCPro.ServiceLayer.Log4net - ---Executed Successfully GetUserPassedDueFlag() in UserController----
2022-11-18 07:28:15,621 [27] DEBUG LTCPro.ServiceLayer.Log4net - ---Executing GetUserToken() in UserService----
2022-11-18 07:28:15,621 [35] DEBUG LTCPro.ServiceLayer.Log4net - ---Executing GetUserToken() in UserService----
2022-11-18 07:28:15,629 [27] DEBUG LTCPro.ServiceLayer.Log4net - ---Executing GetPendingDosesList() in CommonController----
2022-11-18 07:28:15,629 [27] DEBUG LTCPro.ServiceLayer.Log4net - ---Executing GetPendingDosesList() in CommonService----
2022-11-18 07:28:15,643 [24] DEBUG LTCPro.ServiceLayer.Log4net - ---Executed successfully GetAlertsDetails() in MailboxController----
2022-11-18 07:28:15,729 [24] DEBUG LTCPro.ServiceLayer.Log4net - ---Executing GetUserToken() in UserService----
2022-11-18 07:28:15,730 [35] DEBUG LTCPro.ServiceLayer.Log4net - ---Executing GetOutboundErrorDetails() in CommonController----
2022-11-18 07:28:15,730 [35] DEBUG LTCPro.ServiceLayer.Log4net - ---Executing GetOutboundErrorDetails() in CommonService----
2022-11-18 07:28:15,736 [24] DEBUG LTCPro.ServiceLayer.Log4net - ---Executing GetUserRecentFacNs() in UserController----
2022-11-18 07:28:15,736 [24] DEBUG LTCPro.ServiceLayer.Log4net - ---Executing GetUserRecentFacNs() in UserService----
2022-11-18 07:28:15,747 [24] DEBUG LTCPro.ServiceLayer.Log4net - ---Executed Successfully GetUserRecentFacNs() in UserController----
2022-11-18 07:28:15,762 [24] DEBUG LTCPro.ServiceLayer.Log4net - ---Executing GetUserToken() in UserService----
2022-11-18 07:28:15,763 [27] DEBUG LTCPro.ServiceLayer.Log4net - ---Executed Successfully GetPendingDosesList() in CommonController----
2022-11-18 07:28:15,790 [24] DEBUG LTCPro.ServiceLayer.Log4net - ---Executing GetUserRecentFacNs() in UserController----
2022-11-18 07:28:15,790 [24] DEBUG LTCPro.ServiceLayer.Log4net - ---Executing GetUserRecentFacNs() in UserService----
2022-11-18 07:28:15,824 [24] DEBUG LTCPro.ServiceLayer.Log4net - ---Executed Successfully GetUserRecentFacNs() in UserController----
2022-11-18 07:28:15,832 [27] DEBUG LTCPro.ServiceLayer.Log4net - ---Executing GetUserToken() in UserService----
2022-11-18 07:28:15,837 [27] DEBUG LTCPro.ServiceLayer.Log4net - ---Executing InsertUserActivityDetails() in CompanyController----
2022-11-18 07:28:15,837 [27] DEBUG LTCPro.ServiceLayer.Log4net - ---Executing InsertUserActivityDetails() in UserActivityService----
2022-11-18 07:28:15,839 [24] DEBUG LTCPro.ServiceLayer.Log4net - ---Executing GetUserToken() in UserService----
2022-11-18 07:28:15,843 [24] DEBUG LTCPro.ServiceLayer.Log4net - ---Executing GetUserAccessFacilityNurseStaions() in FacilityController----
2022-11-18 07:28:15,844 [24] DEBUG LTCPro.ServiceLayer.Log4net - ---Executing GetUserAccessFacilityNurseStaions() in FacilityService----
2022-11-18 07:28:15,846 [27] DEBUG LTCPro.ServiceLayer.Log4net - ---Executed Successfully InsertUserActivityDetails() in CompanyController----
2022-11-18 07:28:15,855 [24] DEBUG LTCPro.ServiceLayer.Log4net - ---Executed Successfully GetUserAccessFacilityNurseStaions() in FacilityController----
2022-11-18 07:28:15,860 [27] DEBUG LTCPro.ServiceLayer.Log4net - ---Executing GetUserToken() in UserService----
2022-11-18 07:28:15,864 [27] DEBUG LTCPro.ServiceLayer.Log4net - ---Executing GetUserAccessFacilityNurseStaions() in FacilityController----
2022-11-18 07:28:15,864 [27] DEBUG LTCPro.ServiceLayer.Log4net - ---Executing GetUserAccessFacilityNurseStaions() in FacilityService----
2022-11-18 07:28:15,875 [27] DEBUG LTCPro.ServiceLayer.Log4net - ---Executed Successfully GetUserAccessFacilityNurseStaions() in FacilityController----
2022-11-18 07:28:15,897 [27] DEBUG LTCPro.ServiceLayer.Log4net - ---Executing GetUserToken() in UserService----
2022-11-18 07:28:15,902 [27] DEBUG LTCPro.ServiceLayer.Log4net - ---Executing UserNurseStationDrop() in FacilityController----
2022-11-18 07:28:15,902 [27] DEBUG LTCPro.ServiceLayer.Log4net - ---Executing UserNurseStationDrop() in FacilityService----
2022-11-18 07:28:15,908 [27] DEBUG LTCPro.ServiceLayer.Log4net - ---Executed Successfully UserNurseStationDrop() in FacilityController----
2022-11-18 07:28:15,933 [24] DEBUG LTCPro.ServiceLayer.Log4net - ---Executing GetUserToken() in UserService----
2022-11-18 07:28:15,938 [24] DEBUG LTCPro.ServiceLayer.Log4net - ---Executing GetCompanyToBedFlagByFacId() in FacilityController----
2022-11-18 07:28:15,939 [24] DEBUG LTCPro.ServiceLayer.Log4net - ---Executing GetCompanyToBedFlagByFacId() in FacilityService----
2022-11-18 07:28:16,026 [27] DEBUG LTCPro.ServiceLayer.Log4net - ---Executing GetUserToken() in UserService----
2022-11-18 07:28:16,030 [27] DEBUG LTCPro.ServiceLayer.Log4net - ---Executing GetResidentsByCompanyBed() in ResidentDemographicController----
2022-11-18 07:28:16,030 [27] DEBUG LTCPro.ServiceLayer.Log4net - ---Executing GetResidentsByCompanyBed() in ResidentDemographicService----
2022-11-18 07:28:16,034 [24] DEBUG LTCPro.ServiceLayer.Log4net - ---Executed Successfully GetCompanyToBedFlagByFacId() in FacilityController----
2022-11-18 07:28:16,086 [36] DEBUG LTCPro.ServiceLayer.Log4net - ---Executing GetUserToken() in UserService----
2022-11-18 07:28:16,092 [36] DEBUG LTCPro.ServiceLayer.Log4net - ---Executing GetNurseStationHierarchyDetailsbyNsId() in CompanyController----
2022-11-18 07:28:16,092 [36] DEBUG LTCPro.ServiceLayer.Log4net - ---Executing GetNurseStationHierarchyDetailsbyNsId() in CompanyService----
2022-11-18 07:28:16,097 [36] DEBUG LTCPro.ServiceLayer.Log4net - ---Executed Successfully GetNurseStationHierarchyDetailsbyNsId() in CompanyController----
2022-11-18 07:28:16,244 [35] DEBUG LTCPro.ServiceLayer.Log4net - ---Executed Successfully GetOutboundErrorDetails() in CommonController----
2022-11-18 07:28:16,256 [37] DEBUG LTCPro.ServiceLayer.Log4net - ---Executed Successfully GetDueMARAlertData() in EmarController----
2022-11-18 07:28:17,569 [27] DEBUG LTCPro.ServiceLayer.Log4net - ---Executed Successfully GetResidentsByCompanyBed() in ResidentDemographicController----
2022-11-18 07:30:00,810 [14] DEBUG LTCPro.ServiceLayer.Log4net - ---Executing GetUserToken() in UserService----
2022-11-18 07:30:00,816 [14] DEBUG LTCPro.ServiceLayer.Log4net - ---Executing InsertUserActivityDetails() in CompanyController----
2022-11-18 07:30:00,816 [14] DEBUG LTCPro.ServiceLayer.Log4net - ---Executing InsertUserActivityDetails() in UserActivityService----
2022-11-18 07:30:00,825 [14] DEBUG LTCPro.ServiceLayer.Log4net - ---Executed Successfully InsertUserActivityDetails() in CompanyController----
2022-11-18 07:30:00,943 [24] DEBUG LTCPro.ServiceLayer.Log4net - ---Executing GetUserToken() in UserService----
2022-11-18 07:30:00,943 [35] DEBUG LTCPro.ServiceLayer.Log4net - ---Executing GetUserToken() in UserService----
2022-11-18 07:30:00,943 [27] DEBUG LTCPro.ServiceLayer.Log4net - ---Executing GetUserToken() in UserService----
2022-11-18 07:30:00,950 [27] DEBUG LTCPro.ServiceLayer.Log4net - ---Executing GetUserPassedDueFlag() in UserController----
2022-11-18 07:30:00,950 [27] DEBUG LTCPro.ServiceLayer.Log4net - ---Executing GetUserPassedDueFlag() in UserService----
2022-11-18 07:30:00,951 [35] DEBUG LTCPro.ServiceLayer.Log4net - ---Executing GetAlertsDetails() in MailboxController----
2022-11-18 07:30:00,951 [35] DEBUG LTCPro.ServiceLayer.Log4net - ---Executing GetAlertsDetails() in MailboxService----
2022-11-18 07:30:00,951 [24] DEBUG LTCPro.ServiceLayer.Log4net - ---Executing GetReadMailsCount() in MailboxController----
2022-11-18 07:30:00,951 [24] DEBUG LTCPro.ServiceLayer.Log4net - ---Executing GetReadMailsCount() in MailboxService----
2022-11-18 07:30:00,954 [14] DEBUG LTCPro.ServiceLayer.Log4net - ---Executing GetUserToken() in UserService----
2022-11-18 07:30:00,956 [27] DEBUG LTCPro.ServiceLayer.Log4net - ---Executed Successfully GetUserPassedDueFlag() in UserController----
2022-11-18 07:30:00,957 [24] DEBUG LTCPro.ServiceLayer.Log4net - ---Executed successfully GetReadMailsCount() in MailboxController----
2022-11-18 07:30:00,960 [14] DEBUG LTCPro.ServiceLayer.Log4net - ---Executing GetDueMARAlertData() in EmarController----
2022-11-18 07:30:00,960 [14] DEBUG LTCPro.ServiceLayer.Log4net - ---Executing GetDueMARAlertData() in EmarService----
2022-11-18 07:30:00,973 [27] DEBUG LTCPro.ServiceLayer.Log4net - ---Executing GetUserToken() in UserService----
2022-11-18 07:30:00,973 [24] DEBUG LTCPro.ServiceLayer.Log4net - ---Executing GetUserToken() in UserService----
2022-11-18 07:30:01,012 [24] DEBUG LTCPro.ServiceLayer.Log4net - ---Executing GetOutboundErrorDetails() in CommonController----
2022-11-18 07:30:01,012 [24] DEBUG LTCPro.ServiceLayer.Log4net - ---Executing GetOutboundErrorDetails() in CommonService----
2022-11-18 07:30:01,013 [27] DEBUG LTCPro.ServiceLayer.Log4net - ---Executing GetUserRecentFacNs() in UserController----
2022-11-18 07:30:01,013 [27] DEBUG LTCPro.ServiceLayer.Log4net - ---Executing GetUserRecentFacNs() in UserService----
2022-11-18 07:30:01,018 [35] DEBUG LTCPro.ServiceLayer.Log4net - ---Executed successfully GetAlertsDetails() in MailboxController----
2022-11-18 07:30:01,023 [27] DEBUG LTCPro.ServiceLayer.Log4net - ---Executed Successfully GetUserRecentFacNs() in UserController----
2022-11-18 07:30:01,041 [27] DEBUG LTCPro.ServiceLayer.Log4net - ---Executing GetUserToken() in UserService----
2022-11-18 07:30:01,044 [20] DEBUG LTCPro.ServiceLayer.Log4net - ---Executing GetUserToken() in UserService----
2022-11-18 07:30:01,048 [27] DEBUG LTCPro.ServiceLayer.Log4net - ---Executing GetUserRecentFacNs() in UserController----
2022-11-18 07:30:01,048 [27] DEBUG LTCPro.ServiceLayer.Log4net - ---Executing GetUserRecentFacNs() in UserService----
2022-11-18 07:30:01,049 [20] DEBUG LTCPro.ServiceLayer.Log4net - ---Executing GetPendingDosesList() in CommonController----
2022-11-18 07:30:01,049 [20] DEBUG LTCPro.ServiceLayer.Log4net - ---Executing GetPendingDosesList() in CommonService----
2022-11-18 07:30:01,062 [27] DEBUG LTCPro.ServiceLayer.Log4net - ---Executed Successfully GetUserRecentFacNs() in UserController----
2022-11-18 07:30:01,086 [35] DEBUG LTCPro.ServiceLayer.Log4net - ---Executing GetUserToken() in UserService----
2022-11-18 07:30:01,091 [35] DEBUG LTCPro.ServiceLayer.Log4net - ---Executing GetUserAccessFacilityNurseStaions() in FacilityController----
2022-11-18 07:30:01,091 [35] DEBUG LTCPro.ServiceLayer.Log4net - ---Executing GetUserAccessFacilityNurseStaions() in FacilityService----
2022-11-18 07:30:01,102 [35] DEBUG LTCPro.ServiceLayer.Log4net - ---Executed Successfully GetUserAccessFacilityNurseStaions() in FacilityController----
2022-11-18 07:30:01,108 [27] DEBUG LTCPro.ServiceLayer.Log4net - ---Executing GetUserToken() in UserService----
2022-11-18 07:30:01,116 [27] DEBUG LTCPro.ServiceLayer.Log4net - ---Executing GetUserAccessFacilityNurseStaions() in FacilityController----
2022-11-18 07:30:01,116 [27] DEBUG LTCPro.ServiceLayer.Log4net - ---Executing GetUserAccessFacilityNurseStaions() in FacilityService----
2022-11-18 07:30:01,129 [27] DEBUG LTCPro.ServiceLayer.Log4net - ---Executed Successfully GetUserAccessFacilityNurseStaions() in FacilityController----
2022-11-18 07:30:01,177 [20] DEBUG LTCPro.ServiceLayer.Log4net - ---Executed Successfully GetPendingDosesList() in CommonController----
2022-11-18 07:30:01,218 [27] DEBUG LTCPro.ServiceLayer.Log4net - ---Executing GetUserToken() in UserService----
2022-11-18 07:30:01,223 [27] DEBUG LTCPro.ServiceLayer.Log4net - ---Executing UserNurseStationDrop() in FacilityController----
2022-11-18 07:30:01,223 [27] DEBUG LTCPro.ServiceLayer.Log4net - ---Executing UserNurseStationDrop() in FacilityService----
2022-11-18 07:30:01,236 [27] DEBUG LTCPro.ServiceLayer.Log4net - ---Executed Successfully UserNurseStationDrop() in FacilityController----
2022-11-18 07:30:01,341 [35] DEBUG LTCPro.ServiceLayer.Log4net - ---Executing GetUserToken() in UserService----
2022-11-18 07:30:01,347 [35] DEBUG LTCPro.ServiceLayer.Log4net - ---Executing GetResidentsByCompanyBed() in ResidentDemographicController----
2022-11-18 07:30:01,347 [35] DEBUG LTCPro.ServiceLayer.Log4net - ---Executing GetResidentsByCompanyBed() in ResidentDemographicService----
2022-11-18 07:30:01,422 [27] DEBUG LTCPro.ServiceLayer.Log4net - ---Executing GetUserToken() in UserService----
2022-11-18 07:30:01,430 [27] DEBUG LTCPro.ServiceLayer.Log4net - ---Executing GetCompanyToBedFlagByFacId() in FacilityController----
2022-11-18 07:30:01,430 [27] DEBUG LTCPro.ServiceLayer.Log4net - ---Executing GetCompanyToBedFlagByFacId() in FacilityService----
2022-11-18 07:30:01,482 [27] DEBUG LTCPro.ServiceLayer.Log4net - ---Executed Successfully GetCompanyToBedFlagByFacId() in FacilityController----
2022-11-18 07:30:01,528 [16] DEBUG LTCPro.ServiceLayer.Log4net - ---Executing GetUserToken() in UserService----
2022-11-18 07:30:01,534 [16] DEBUG LTCPro.ServiceLayer.Log4net - ---Executing GetNurseStationHierarchyDetailsbyNsId() in CompanyController----
2022-11-18 07:30:01,534 [16] DEBUG LTCPro.ServiceLayer.Log4net - ---Executing GetNurseStationHierarchyDetailsbyNsId() in CompanyService----
2022-11-18 07:30:01,543 [16] DEBUG LTCPro.ServiceLayer.Log4net - ---Executed Successfully GetNurseStationHierarchyDetailsbyNsId() in CompanyController----
2022-11-18 07:30:01,567 [14] DEBUG LTCPro.ServiceLayer.Log4net - ---Executed Successfully GetDueMARAlertData() in EmarController----
2022-11-18 07:30:01,774 [24] DEBUG LTCPro.ServiceLayer.Log4net - ---Executed Successfully GetOutboundErrorDetails() in CommonController----
2022-11-18 07:30:02,922 [35] DEBUG LTCPro.ServiceLayer.Log4net - ---Executed Successfully GetResidentsByCompanyBed() in ResidentDemographicController----
2022-11-18 07:31:57,090 [27] DEBUG LTCPro.ServiceLayer.Log4net - ---Executing GetUserToken() in UserService----
2022-11-18 07:31:57,096 [12] DEBUG LTCPro.ServiceLayer.Log4net - ---Executing GetUserToken() in UserService----
2022-11-18 07:31:57,191 [12] DEBUG LTCPro.ServiceLayer.Log4net - ---Executing GetOutboundErrorDetails() in CommonController----
2022-11-18 07:31:57,191 [12] DEBUG LTCPro.ServiceLayer.Log4net - ---Executing GetOutboundErrorDetails() in CommonService----
2022-11-18 07:31:57,240 [27] DEBUG LTCPro.ServiceLayer.Log4net - ---Executing InsertUserActivityDetails() in CompanyController----
2022-11-18 07:31:57,240 [27] DEBUG LTCPro.ServiceLayer.Log4net - ---Executing InsertUserActivityDetails() in UserActivityService----
2022-11-18 07:31:57,352 [26] DEBUG LTCPro.ServiceLayer.Log4net - ---Executing GetUserToken() in UserService----
2022-11-18 07:31:57,356 [32] DEBUG LTCPro.ServiceLayer.Log4net - ---Executing GetUserToken() in UserService----
2022-11-18 07:31:57,372 [34] DEBUG LTCPro.ServiceLayer.Log4net - ---Executing GetUserToken() in UserService----
2022-11-18 07:31:57,596 [27] DEBUG LTCPro.ServiceLayer.Log4net - ---Executed Successfully InsertUserActivityDetails() in CompanyController----
2022-11-18 07:31:57,598 [32] DEBUG LTCPro.ServiceLayer.Log4net - ---Executing GetReadMailsCount() in MailboxController----
2022-11-18 07:31:57,598 [32] DEBUG LTCPro.ServiceLayer.Log4net - ---Executing GetReadMailsCount() in MailboxService----
2022-11-18 07:31:57,600 [34] DEBUG LTCPro.ServiceLayer.Log4net - ---Executing GetUserRecentFacNs() in UserController----
2022-11-18 07:31:57,600 [34] DEBUG LTCPro.ServiceLayer.Log4net - ---Executing GetUserRecentFacNs() in UserService----
2022-11-18 07:31:57,601 [26] DEBUG LTCPro.ServiceLayer.Log4net - ---Executing GetUserPassedDueFlag() in UserController----
2022-11-18 07:31:57,601 [26] DEBUG LTCPro.ServiceLayer.Log4net - ---Executing GetUserPassedDueFlag() in UserService----
2022-11-18 07:31:57,960 [32] DEBUG LTCPro.ServiceLayer.Log4net - ---Executed successfully GetReadMailsCount() in MailboxController----
2022-11-18 07:31:57,969 [26] DEBUG LTCPro.ServiceLayer.Log4net - ---Executed Successfully GetUserPassedDueFlag() in UserController----
2022-11-18 07:31:58,155 [12] DEBUG LTCPro.ServiceLayer.Log4net - ---Executed Successfully GetOutboundErrorDetails() in CommonController----
2022-11-18 07:31:58,160 [34] DEBUG LTCPro.ServiceLayer.Log4net - ---Executed Successfully GetUserRecentFacNs() in UserController----
2022-11-18 07:31:58,160 [19] DEBUG LTCPro.ServiceLayer.Log4net - ---Executing GetUserToken() in UserService----
2022-11-18 07:31:58,173 [16] DEBUG LTCPro.ServiceLayer.Log4net - ---Executing GetUserToken() in UserService----
2022-11-18 07:31:58,820 [16] DEBUG LTCPro.ServiceLayer.Log4net - ---Executing GetUserRecentFacNs() in UserController----
2022-11-18 07:31:58,820 [16] DEBUG LTCPro.ServiceLayer.Log4net - ---Executing GetUserRecentFacNs() in UserService----
2022-11-18 07:31:58,822 [19] DEBUG LTCPro.ServiceLayer.Log4net - ---Executing GetAlertsDetails() in MailboxController----
2022-11-18 07:31:58,822 [19] DEBUG LTCPro.ServiceLayer.Log4net - ---Executing GetAlertsDetails() in MailboxService----
2022-11-18 07:31:58,826 [12] DEBUG LTCPro.ServiceLayer.Log4net - ---Executing GetUserToken() in UserService----
2022-11-18 07:31:58,830 [16] DEBUG LTCPro.ServiceLayer.Log4net - ---Executed Successfully GetUserRecentFacNs() in UserController----
2022-11-18 07:31:58,832 [12] DEBUG LTCPro.ServiceLayer.Log4net - ---Executing GetDueMARAlertData() in EmarController----
2022-11-18 07:31:58,832 [12] DEBUG LTCPro.ServiceLayer.Log4net - ---Executing GetDueMARAlertData() in EmarService----
2022-11-18 07:31:58,836 [15] DEBUG LTCPro.ServiceLayer.Log4net - ---Executing GetUserToken() in UserService----
2022-11-18 07:31:58,843 [15] DEBUG LTCPro.ServiceLayer.Log4net - ---Executing GetPendingDosesList() in CommonController----
2022-11-18 07:31:58,843 [15] DEBUG LTCPro.ServiceLayer.Log4net - ---Executing GetPendingDosesList() in CommonService----
2022-11-18 07:31:58,872 [27] DEBUG LTCPro.ServiceLayer.Log4net - ---Executing GetUserToken() in UserService----
2022-11-18 07:31:58,873 [34] DEBUG LTCPro.ServiceLayer.Log4net - ---Executing GetUserToken() in UserService----
2022-11-18 07:31:58,877 [27] DEBUG LTCPro.ServiceLayer.Log4net - ---Executing GetUserAccessFacilityNurseStaions() in FacilityController----
2022-11-18 07:31:58,877 [27] DEBUG LTCPro.ServiceLayer.Log4net - ---Executing GetUserAccessFacilityNurseStaions() in FacilityService----
2022-11-18 07:31:58,901 [27] DEBUG LTCPro.ServiceLayer.Log4net - ---Executed Successfully GetUserAccessFacilityNurseStaions() in FacilityController----
2022-11-18 07:31:59,010 [19] DEBUG LTCPro.ServiceLayer.Log4net - ---Executed successfully GetAlertsDetails() in MailboxController----
2022-11-18 07:31:59,041 [15] DEBUG LTCPro.ServiceLayer.Log4net - ---Executed Successfully GetPendingDosesList() in CommonController----
2022-11-18 07:31:59,681 [12] DEBUG LTCPro.ServiceLayer.Log4net - ---Executed Successfully GetDueMARAlertData() in EmarController----
2022-11-18 07:32:01,594 [34] DEBUG LTCPro.ServiceLayer.Log4net - ---Executing GetUserAccessFacilityNurseStaions() in FacilityController----
2022-11-18 07:32:01,594 [34] DEBUG LTCPro.ServiceLayer.Log4net - ---Executing GetUserAccessFacilityNurseStaions() in FacilityService----
2022-11-18 07:32:01,609 [34] DEBUG LTCPro.ServiceLayer.Log4net - ---Executed Successfully GetUserAccessFacilityNurseStaions() in FacilityController----
2022-11-18 07:32:01,743 [27] DEBUG LTCPro.ServiceLayer.Log4net - ---Executing GetUserToken() in UserService----
2022-11-18 07:32:01,750 [27] DEBUG LTCPro.ServiceLayer.Log4net - ---Executing UserNurseStationDrop() in FacilityController----
2022-11-18 07:32:01,750 [27] DEBUG LTCPro.ServiceLayer.Log4net - ---Executing UserNurseStationDrop() in FacilityService----
2022-11-18 07:32:01,758 [27] DEBUG LTCPro.ServiceLayer.Log4net - ---Executed Successfully UserNurseStationDrop() in FacilityController----
2022-11-18 07:32:01,864 [32] DEBUG LTCPro.ServiceLayer.Log4net - ---Executing GetUserToken() in UserService----
2022-11-18 07:32:01,871 [32] DEBUG LTCPro.ServiceLayer.Log4net - ---Executing GetResidentsByCompanyBed() in ResidentDemographicController----
2022-11-18 07:32:01,871 [32] DEBUG LTCPro.ServiceLayer.Log4net - ---Executing GetResidentsByCompanyBed() in ResidentDemographicService----
2022-11-18 07:32:01,920 [27] DEBUG LTCPro.ServiceLayer.Log4net - ---Executing GetUserToken() in UserService----
2022-11-18 07:32:01,926 [27] DEBUG LTCPro.ServiceLayer.Log4net - ---Executing GetCompanyToBedFlagByFacId() in FacilityController----
2022-11-18 07:32:01,926 [27] DEBUG LTCPro.ServiceLayer.Log4net - ---Executing GetCompanyToBedFlagByFacId() in FacilityService----
2022-11-18 07:32:01,966 [27] DEBUG LTCPro.ServiceLayer.Log4net - ---Executed Successfully GetCompanyToBedFlagByFacId() in FacilityController----
2022-11-18 07:32:02,130 [11] DEBUG LTCPro.ServiceLayer.Log4net - ---Executing GetUserToken() in UserService----
2022-11-18 07:32:02,136 [11] DEBUG LTCPro.ServiceLayer.Log4net - ---Executing GetNurseStationHierarchyDetailsbyNsId() in CompanyController----
2022-11-18 07:32:02,136 [11] DEBUG LTCPro.ServiceLayer.Log4net - ---Executing GetNurseStationHierarchyDetailsbyNsId() in CompanyService----
2022-11-18 07:32:02,142 [11] DEBUG LTCPro.ServiceLayer.Log4net - ---Executed Successfully GetNurseStationHierarchyDetailsbyNsId() in CompanyController----
2022-11-18 07:32:03,720 [32] DEBUG LTCPro.ServiceLayer.Log4net - ---Executed Successfully GetResidentsByCompanyBed() in ResidentDemographicController----
2022-11-18 07:33:58,611 [38] DEBUG LTCPro.ServiceLayer.Log4net - ---Executing GetUserToken() in UserService----
2022-11-18 07:33:58,617 [38] DEBUG LTCPro.ServiceLayer.Log4net - ---Executing InsertUserActivityDetails() in CompanyController----
2022-11-18 07:33:58,617 [38] DEBUG LTCPro.ServiceLayer.Log4net - ---Executing InsertUserActivityDetails() in UserActivityService----
2022-11-18 07:33:58,618 [18] DEBUG LTCPro.ServiceLayer.Log4net - ---Executing GetUserToken() in UserService----
2022-11-18 07:33:58,643 [18] DEBUG LTCPro.ServiceLayer.Log4net - ---Executing GetReadMailsCount() in MailboxController----
2022-11-18 07:33:58,643 [18] DEBUG LTCPro.ServiceLayer.Log4net - ---Executing GetReadMailsCount() in MailboxService----
2022-11-18 07:33:58,649 [38] DEBUG LTCPro.ServiceLayer.Log4net - ---Executed Successfully InsertUserActivityDetails() in CompanyController----
2022-11-18 07:33:58,653 [18] DEBUG LTCPro.ServiceLayer.Log4net - ---Executed successfully GetReadMailsCount() in MailboxController----
2022-11-18 07:33:58,669 [18] DEBUG LTCPro.ServiceLayer.Log4net - ---Executing GetUserToken() in UserService----
2022-11-18 07:33:58,675 [18] DEBUG LTCPro.ServiceLayer.Log4net - ---Executing GetAlertsDetails() in MailboxController----
2022-11-18 07:33:58,675 [18] DEBUG LTCPro.ServiceLayer.Log4net - ---Executing GetAlertsDetails() in MailboxService----
2022-11-18 07:33:58,677 [8] DEBUG LTCPro.ServiceLayer.Log4net - ---Executing GetUserToken() in UserService----
2022-11-18 07:33:58,682 [8] DEBUG LTCPro.ServiceLayer.Log4net - ---Executing GetDueMARAlertData() in EmarController----
2022-11-18 07:33:58,682 [8] DEBUG LTCPro.ServiceLayer.Log4net - ---Executing GetDueMARAlertData() in EmarService----
2022-11-18 07:33:58,739 [18] DEBUG LTCPro.ServiceLayer.Log4net - ---Executed successfully GetAlertsDetails() in MailboxController----
2022-11-18 07:33:58,854 [38] DEBUG LTCPro.ServiceLayer.Log4net - ---Executing GetUserToken() in UserService----
2022-11-18 07:33:58,855 [29] DEBUG LTCPro.ServiceLayer.Log4net - ---Executing GetUserToken() in UserService----
2022-11-18 07:33:58,860 [38] DEBUG LTCPro.ServiceLayer.Log4net - ---Executing GetUserRecentFacNs() in UserController----
2022-11-18 07:33:58,861 [38] DEBUG LTCPro.ServiceLayer.Log4net - ---Executing GetUserRecentFacNs() in UserService----
2022-11-18 07:33:58,861 [29] DEBUG LTCPro.ServiceLayer.Log4net - ---Executing GetUserPassedDueFlag() in UserController----
2022-11-18 07:33:58,861 [29] DEBUG LTCPro.ServiceLayer.Log4net - ---Executing GetUserPassedDueFlag() in UserService----
2022-11-18 07:33:58,866 [29] DEBUG LTCPro.ServiceLayer.Log4net - ---Executed Successfully GetUserPassedDueFlag() in UserController----
2022-11-18 07:33:58,871 [38] DEBUG LTCPro.ServiceLayer.Log4net - ---Executed Successfully GetUserRecentFacNs() in UserController----
2022-11-18 07:33:58,950 [6] DEBUG LTCPro.ServiceLayer.Log4net - ---Executing GetUserToken() in UserService----
2022-11-18 07:33:58,952 [38] DEBUG LTCPro.ServiceLayer.Log4net - ---Executing GetUserToken() in UserService----
2022-11-18 07:33:58,952 [29] DEBUG LTCPro.ServiceLayer.Log4net - ---Executing GetUserToken() in UserService----
2022-11-18 07:33:58,956 [6] DEBUG LTCPro.ServiceLayer.Log4net - ---Executing GetUserRecentFacNs() in UserController----
2022-11-18 07:33:58,956 [6] DEBUG LTCPro.ServiceLayer.Log4net - ---Executing GetUserRecentFacNs() in UserService----
2022-11-18 07:33:58,958 [38] DEBUG LTCPro.ServiceLayer.Log4net - ---Executing GetOutboundErrorDetails() in CommonController----
2022-11-18 07:33:58,958 [38] DEBUG LTCPro.ServiceLayer.Log4net - ---Executing GetOutboundErrorDetails() in CommonService----
2022-11-18 07:33:58,959 [29] DEBUG LTCPro.ServiceLayer.Log4net - ---Executing GetPendingDosesList() in CommonController----
2022-11-18 07:33:58,959 [29] DEBUG LTCPro.ServiceLayer.Log4net - ---Executing GetPendingDosesList() in CommonService----
2022-11-18 07:33:58,963 [6] DEBUG LTCPro.ServiceLayer.Log4net - ---Executed Successfully GetUserRecentFacNs() in UserController----
2022-11-18 07:33:59,551 [6] DEBUG LTCPro.ServiceLayer.Log4net - ---Executing GetUserToken() in UserService----
2022-11-18 07:33:59,567 [6] DEBUG LTCPro.ServiceLayer.Log4net - ---Executing GetUserAccessFacilityNurseStaions() in FacilityController----
2022-11-18 07:33:59,567 [6] DEBUG LTCPro.ServiceLayer.Log4net - ---Executing GetUserAccessFacilityNurseStaions() in FacilityService----
2022-11-18 07:33:59,567 [8] DEBUG LTCPro.ServiceLayer.Log4net - ---Executed Successfully GetDueMARAlertData() in EmarController----
2022-11-18 07:33:59,574 [29] DEBUG LTCPro.ServiceLayer.Log4net - ---Executed Successfully GetPendingDosesList() in CommonController----
2022-11-18 07:33:59,581 [6] DEBUG LTCPro.ServiceLayer.Log4net - ---Executed Successfully GetUserAccessFacilityNurseStaions() in FacilityController----
2022-11-18 07:33:59,582 [8] DEBUG LTCPro.ServiceLayer.Log4net - ---Executing GetUserToken() in UserService----
2022-11-18 07:33:59,590 [8] DEBUG LTCPro.ServiceLayer.Log4net - ---Executing GetUserAccessFacilityNurseStaions() in FacilityController----
2022-11-18 07:33:59,590 [8] DEBUG LTCPro.ServiceLayer.Log4net - ---Executing GetUserAccessFacilityNurseStaions() in FacilityService----
2022-11-18 07:33:59,601 [8] DEBUG LTCPro.ServiceLayer.Log4net - ---Executed Successfully GetUserAccessFacilityNurseStaions() in FacilityController----
2022-11-18 07:33:59,833 [38] DEBUG LTCPro.ServiceLayer.Log4net - ---Executed Successfully GetOutboundErrorDetails() in CommonController----
2022-11-18 07:34:00,386 [8] DEBUG LTCPro.ServiceLayer.Log4net - ---Executing GetUserToken() in UserService----
2022-11-18 07:34:00,391 [8] DEBUG LTCPro.ServiceLayer.Log4net - ---Executing UserNurseStationDrop() in FacilityController----
2022-11-18 07:34:00,391 [8] DEBUG LTCPro.ServiceLayer.Log4net - ---Executing UserNurseStationDrop() in FacilityService----
2022-11-18 07:34:00,398 [8] DEBUG LTCPro.ServiceLayer.Log4net - ---Executed Successfully UserNurseStationDrop() in FacilityController----
2022-11-18 07:34:00,498 [38] DEBUG LTCPro.ServiceLayer.Log4net - ---Executing GetUserToken() in UserService----
2022-11-18 07:34:00,503 [38] DEBUG LTCPro.ServiceLayer.Log4net - ---Executing GetResidentsByCompanyBed() in ResidentDemographicController----
2022-11-18 07:34:00,503 [38] DEBUG LTCPro.ServiceLayer.Log4net - ---Executing GetResidentsByCompanyBed() in ResidentDemographicService----
2022-11-18 07:34:00,769 [8] DEBUG LTCPro.ServiceLayer.Log4net - ---Executing GetUserToken() in UserService----
2022-11-18 07:34:00,774 [8] DEBUG LTCPro.ServiceLayer.Log4net - ---Executing GetCompanyToBedFlagByFacId() in FacilityController----
2022-11-18 07:34:00,775 [8] DEBUG LTCPro.ServiceLayer.Log4net - ---Executing GetCompanyToBedFlagByFacId() in FacilityService----
2022-11-18 07:34:00,811 [8] DEBUG LTCPro.ServiceLayer.Log4net - ---Executed Successfully GetCompanyToBedFlagByFacId() in FacilityController----
2022-11-18 07:34:00,920 [8] DEBUG LTCPro.ServiceLayer.Log4net - ---Executing GetUserToken() in UserService----
2022-11-18 07:34:00,926 [8] DEBUG LTCPro.ServiceLayer.Log4net - ---Executing GetNurseStationHierarchyDetailsbyNsId() in CompanyController----
2022-11-18 07:34:00,926 [8] DEBUG LTCPro.ServiceLayer.Log4net - ---Executing GetNurseStationHierarchyDetailsbyNsId() in CompanyService----
2022-11-18 07:34:00,931 [8] DEBUG LTCPro.ServiceLayer.Log4net - ---Executed Successfully GetNurseStationHierarchyDetailsbyNsId() in CompanyController----
2022-11-18 07:34:02,976 [38] DEBUG LTCPro.ServiceLayer.Log4net - ---Executed Successfully GetResidentsByCompanyBed() in ResidentDemographicController----
2022-11-18 09:58:08,021 [6] DEBUG LTCPro.ServiceLayer.Log4net - ---Executing UsersConfigNurseStationDrop() in FacilityController----
2022-11-18 09:58:08,086 [6] DEBUG LTCPro.ServiceLayer.Log4net - ---Executing UsersConfigNurseStationDrop() in FacilityService----
2022-11-18 09:58:10,419 [6] DEBUG LTCPro.ServiceLayer.Log4net - ---Executed Successfully UsersConfigNurseStationDrop() in FacilityController----
2022-11-18 09:58:10,913 [5] DEBUG LTCPro.ServiceLayer.Log4net - ---Executing GetProcessKeyMasterList() in FacilityController----
2022-11-18 09:58:10,913 [5] DEBUG LTCPro.ServiceLayer.Log4net - ---Executing GetProcessKeyMasterList() in FacilityService----
2022-11-18 09:58:10,960 [5] DEBUG LTCPro.ServiceLayer.Log4net - ---Executed Successfully GetProcessKeyMasterList() in FacilityController----
2022-11-18 09:58:31,122 [7] DEBUG LTCPro.ServiceLayer.Log4net - ---Executing GetProcessKeyMasterList() in FacilityController----
2022-11-18 09:58:31,122 [7] DEBUG LTCPro.ServiceLayer.Log4net - ---Executing GetProcessKeyMasterList() in FacilityService----
2022-11-18 09:58:31,127 [7] DEBUG LTCPro.ServiceLayer.Log4net - ---Executed Successfully GetProcessKeyMasterList() in FacilityController----
2022-11-18 09:58:32,550 [5] DEBUG LTCPro.ServiceLayer.Log4net - ---Executing CheckUser() in UserService----
2022-11-18 09:58:33,182 [5] DEBUG LTCPro.ServiceLayer.Log4net - ---Executing FindUser() in UserService----
2022-11-18 09:58:33,571 [5] DEBUG LTCPro.ServiceLayer.Log4net - ---Executing InsertUserSession() in UserService----
2022-11-18 09:58:33,882 [5] DEBUG LTCPro.ServiceLayer.Log4net - ---Executing InsertUserToken() in UserService----
2022-11-18 09:58:34,130 [5] DEBUG LTCPro.ServiceLayer.Log4net - ---Executing InsertUpdateUserRecentFacNs() in UserController----
2022-11-18 09:58:34,156 [7] DEBUG LTCPro.ServiceLayer.Log4net - ---Executing GetScreenPermissionsForLoggedInUser() in RoleController----
2022-11-18 09:58:34,187 [7] DEBUG LTCPro.ServiceLayer.Log4net - ---Executing GetScreenPermissionsForLoggedInUser() in RoleService----
2022-11-18 09:58:34,212 [5] DEBUG LTCPro.ServiceLayer.Log4net - ---Executing GetUserRecentFacNs() in UserService----
2022-11-18 09:58:34,215 [7] DEBUG LTCPro.ServiceLayer.Log4net - ---Executed Successfully GetScreenPermissionsForLoggedInUser() in RoleController----
2022-11-18 09:58:34,392 [7] DEBUG LTCPro.ServiceLayer.Log4net - ---Executing GetUserToken() in UserService----
2022-11-18 09:58:34,721 [7] DEBUG LTCPro.ServiceLayer.Log4net - ---Executing InsertUserActivityDetails() in CompanyController----
2022-11-18 09:58:34,722 [7] DEBUG LTCPro.ServiceLayer.Log4net - ---Executing InsertUserActivityDetails() in UserActivityService----
2022-11-18 09:58:34,735 [5] DEBUG LTCPro.ServiceLayer.Log4net - ---Executing InsertUpdateUserRecentFacNs() in CommonService----
2022-11-18 09:58:34,752 [7] DEBUG LTCPro.ServiceLayer.Log4net - ---Executed Successfully InsertUserActivityDetails() in CompanyController----
2022-11-18 09:58:34,892 [5] DEBUG LTCPro.ServiceLayer.Log4net - ---Executed Successfully InsertUpdateUserRecentFacNs() in UserController----
2022-11-18 09:58:35,075 [8] DEBUG LTCPro.ServiceLayer.Log4net - ---Executing GetUserToken() in UserService----
2022-11-18 09:58:35,136 [8] DEBUG LTCPro.ServiceLayer.Log4net - ---Executing GetAlertsDetails() in MailboxController----
2022-11-18 09:58:35,159 [8] DEBUG LTCPro.ServiceLayer.Log4net - ---Executing GetAlertsDetails() in MailboxService----
2022-11-18 09:58:35,252 [5] DEBUG LTCPro.ServiceLayer.Log4net - ---Executing GetUserToken() in UserService----
2022-11-18 09:58:35,252 [7] DEBUG LTCPro.ServiceLayer.Log4net - ---Executing GetUserToken() in UserService----
2022-11-18 09:58:35,252 [11] DEBUG LTCPro.ServiceLayer.Log4net - ---Executing GetUserToken() in UserService----
2022-11-18 09:58:35,259 [5] DEBUG LTCPro.ServiceLayer.Log4net - ---Executing GetReadMailsCount() in MailboxController----
2022-11-18 09:58:35,262 [5] DEBUG LTCPro.ServiceLayer.Log4net - ---Executing GetReadMailsCount() in MailboxService----
2022-11-18 09:58:35,263 [7] DEBUG LTCPro.ServiceLayer.Log4net - ---Executing GetOutboundErrorDetails() in CommonController----
2022-11-18 09:58:35,264 [7] DEBUG LTCPro.ServiceLayer.Log4net - ---Executing GetOutboundErrorDetails() in CommonService----
2022-11-18 09:58:35,264 [6] DEBUG LTCPro.ServiceLayer.Log4net - ---Executing GetUserToken() in UserService----
2022-11-18 09:58:35,308 [6] DEBUG LTCPro.ServiceLayer.Log4net - ---Executing GetDueMARAlertData() in EmarController----
2022-11-18 09:58:35,308 [11] DEBUG LTCPro.ServiceLayer.Log4net - ---Executing GetUserPassedDueFlag() in UserController----
2022-11-18 09:58:35,309 [11] DEBUG LTCPro.ServiceLayer.Log4net - ---Executing GetUserPassedDueFlag() in UserService----
2022-11-18 09:58:35,315 [11] DEBUG LTCPro.ServiceLayer.Log4net - ---Executed Successfully GetUserPassedDueFlag() in UserController----
2022-11-18 09:58:35,349 [5] DEBUG LTCPro.ServiceLayer.Log4net - ---Executed successfully GetReadMailsCount() in MailboxController----
2022-11-18 09:58:35,364 [11] DEBUG LTCPro.ServiceLayer.Log4net - ---Executing GetUserToken() in UserService----
2022-11-18 09:58:35,371 [11] DEBUG LTCPro.ServiceLayer.Log4net - ---Executing GetPendingDosesList() in CommonController----
2022-11-18 09:58:35,372 [11] DEBUG LTCPro.ServiceLayer.Log4net - ---Executing GetPendingDosesList() in CommonService----
2022-11-18 09:58:35,394 [6] DEBUG LTCPro.ServiceLayer.Log4net - ---Executing GetDueMARAlertData() in EmarService----
2022-11-18 09:58:35,403 [5] DEBUG LTCPro.ServiceLayer.Log4net - ---Executing GetUserToken() in UserService----
2022-11-18 09:58:35,595 [8] DEBUG LTCPro.ServiceLayer.Log4net - ---Executed successfully GetAlertsDetails() in MailboxController----
2022-11-18 09:58:35,617 [8] DEBUG LTCPro.ServiceLayer.Log4net - ---Executing GetUserToken() in UserService----
2022-11-18 09:58:35,719 [5] DEBUG LTCPro.ServiceLayer.Log4net - ---Executing GetUserActiveCompanyMasterList() in CompanyController----
2022-11-18 09:58:35,720 [8] DEBUG LTCPro.ServiceLayer.Log4net - ---Executing GetUserRecentFacNs() in UserController----
2022-11-18 09:58:35,720 [8] DEBUG LTCPro.ServiceLayer.Log4net - ---Executing GetUserRecentFacNs() in UserService----
2022-11-18 09:58:35,721 [5] DEBUG LTCPro.ServiceLayer.Log4net - ---Executing GetActiveCompanyMasterList() in CompanyService----
2022-11-18 09:58:35,730 [8] DEBUG LTCPro.ServiceLayer.Log4net - ---Executed Successfully GetUserRecentFacNs() in UserController----
2022-11-18 09:58:35,770 [7] DEBUG LTCPro.ServiceLayer.Log4net - ---Executed Successfully GetOutboundErrorDetails() in CommonController----
2022-11-18 09:58:35,791 [11] DEBUG LTCPro.ServiceLayer.Log4net - ---Executed Successfully GetPendingDosesList() in CommonController----
2022-11-18 09:58:35,801 [8] DEBUG LTCPro.ServiceLayer.Log4net - ---Executing GetUserToken() in UserService----
2022-11-18 09:58:35,836 [8] DEBUG LTCPro.ServiceLayer.Log4net - ---Executing GetUserAccessFacilityNurseStaions() in FacilityController----
2022-11-18 09:58:35,837 [8] DEBUG LTCPro.ServiceLayer.Log4net - ---Executing GetUserAccessFacilityNurseStaions() in FacilityService----
2022-11-18 09:58:35,849 [5] DEBUG LTCPro.ServiceLayer.Log4net - ---Executed Successfully GetUserActiveCompanyMasterList() in CompanyController----
2022-11-18 09:58:35,866 [8] DEBUG LTCPro.ServiceLayer.Log4net - ---Executed Successfully GetUserAccessFacilityNurseStaions() in FacilityController----
2022-11-18 09:58:36,514 [6] DEBUG LTCPro.ServiceLayer.Log4net - ---Executed Successfully GetDueMARAlertData() in EmarController----
2022-11-18 09:58:42,956 [7] DEBUG LTCPro.ServiceLayer.Log4net - ---Executing GetUserToken() in UserService----
2022-11-18 09:58:42,963 [7] DEBUG LTCPro.ServiceLayer.Log4net - ---Executing InsertUserActivityDetails() in CompanyController----
2022-11-18 09:58:42,963 [7] DEBUG LTCPro.ServiceLayer.Log4net - ---Executing InsertUserActivityDetails() in UserActivityService----
2022-11-18 09:58:42,964 [5] DEBUG LTCPro.ServiceLayer.Log4net - ---Executing GetUserToken() in UserService----
2022-11-18 09:58:42,970 [5] DEBUG LTCPro.ServiceLayer.Log4net - ---Executing GetUserRecentFacNs() in UserController----
2022-11-18 09:58:42,971 [5] DEBUG LTCPro.ServiceLayer.Log4net - ---Executing GetUserRecentFacNs() in UserService----
2022-11-18 09:58:42,974 [7] DEBUG LTCPro.ServiceLayer.Log4net - ---Executed Successfully InsertUserActivityDetails() in CompanyController----
2022-11-18 09:58:42,984 [5] DEBUG LTCPro.ServiceLayer.Log4net - ---Executed Successfully GetUserRecentFacNs() in UserController----
2022-11-18 09:58:43,040 [5] DEBUG LTCPro.ServiceLayer.Log4net - ---Executing GetUserToken() in UserService----
2022-11-18 09:58:43,046 [5] DEBUG LTCPro.ServiceLayer.Log4net - ---Executing GetUserAccessFacilityNurseStaions() in FacilityController----
2022-11-18 09:58:43,046 [5] DEBUG LTCPro.ServiceLayer.Log4net - ---Executing GetUserAccessFacilityNurseStaions() in FacilityService----
2022-11-18 09:58:43,058 [5] DEBUG LTCPro.ServiceLayer.Log4net - ---Executed Successfully GetUserAccessFacilityNurseStaions() in FacilityController----
2022-11-18 09:58:43,085 [7] DEBUG LTCPro.ServiceLayer.Log4net - ---Executing GetUserToken() in UserService----
2022-11-18 09:58:43,092 [7] DEBUG LTCPro.ServiceLayer.Log4net - ---Executing UserNurseStationDrop() in FacilityController----
2022-11-18 09:58:43,093 [7] DEBUG LTCPro.ServiceLayer.Log4net - ---Executing UserNurseStationDrop() in FacilityService----
2022-11-18 09:58:43,107 [7] DEBUG LTCPro.ServiceLayer.Log4net - ---Executed Successfully UserNurseStationDrop() in FacilityController----
2022-11-18 09:58:43,176 [6] DEBUG LTCPro.ServiceLayer.Log4net - ---Executing GetUserToken() in UserService----
2022-11-18 09:58:43,183 [6] DEBUG LTCPro.ServiceLayer.Log4net - ---Executing GetTimeZoneDate() in CommonController----
2022-11-18 09:58:43,183 [6] DEBUG LTCPro.ServiceLayer.Log4net - ---Executing GetTimeZoneDate() in CommonService----
2022-11-18 09:58:43,231 [6] DEBUG LTCPro.ServiceLayer.Log4net - ---Executed Successfully GetTimeZoneDate() in CommonController----
2022-11-18 09:58:43,319 [5] DEBUG LTCPro.ServiceLayer.Log4net - ---Executing GetUserToken() in UserService----
2022-11-18 09:58:43,326 [5] DEBUG LTCPro.ServiceLayer.Log4net - ---Executing GpiList() in FacilityController----
2022-11-18 09:58:43,327 [5] DEBUG LTCPro.ServiceLayer.Log4net - ---Executing UserNurseStationDrop() in FacilityService----
2022-11-18 09:58:43,365 [5] DEBUG LTCPro.ServiceLayer.Log4net - ---Executed Successfully GpiList() in FacilityController----
2022-11-18 09:58:43,429 [5] DEBUG LTCPro.ServiceLayer.Log4net - ---Executing GetUserToken() in UserService----
2022-11-18 09:58:43,480 [5] DEBUG LTCPro.ServiceLayer.Log4net - ---Executing GetCommonDashboard() in DashboardsController----
2022-11-18 09:58:43,481 [5] DEBUG LTCPro.ServiceLayer.Log4net - ---Executing GetCommonDashboard() in DashboardsService---- 
2022-11-18 09:58:43,834 [5] DEBUG LTCPro.ServiceLayer.Log4net - ---Executed Successfully GetCommonDashboard() DashboardsController----
2022-11-18 09:58:45,404 [6] DEBUG LTCPro.ServiceLayer.Log4net - ---Executing GetUserToken() in UserService----
2022-11-18 09:58:45,410 [6] DEBUG LTCPro.ServiceLayer.Log4net - ---Executing GetUserRecentFacNs() in UserController----
2022-11-18 09:58:45,410 [6] DEBUG LTCPro.ServiceLayer.Log4net - ---Executing GetUserRecentFacNs() in UserService----
2022-11-18 09:58:45,418 [6] DEBUG LTCPro.ServiceLayer.Log4net - ---Executed Successfully GetUserRecentFacNs() in UserController----
2022-11-18 09:58:45,496 [7] DEBUG LTCPro.ServiceLayer.Log4net - ---Executing GetUserToken() in UserService----
2022-11-18 09:58:45,518 [7] DEBUG LTCPro.ServiceLayer.Log4net - ---Executing GetNurseComments() in DrFirstIntegrationController----
2022-11-18 09:58:45,542 [7] DEBUG LTCPro.ServiceLayer.Log4net - ---Executing GetNoteComments() in DrFirstIntegrationService----
2022-11-18 09:58:45,588 [7] DEBUG LTCPro.ServiceLayer.Log4net - ---Executed Successfully GetNurseComments() in DrFirstIntegrationController----
2022-11-18 09:58:45,753 [7] DEBUG LTCPro.ServiceLayer.Log4net - ---Executing GetUserToken() in UserService----
2022-11-18 09:58:45,758 [7] DEBUG LTCPro.ServiceLayer.Log4net - ---Executing GetUserAccessFacilityNurseStaions() in FacilityController----
2022-11-18 09:58:45,758 [7] DEBUG LTCPro.ServiceLayer.Log4net - ---Executing GetUserAccessFacilityNurseStaions() in FacilityService----
2022-11-18 09:58:45,770 [7] DEBUG LTCPro.ServiceLayer.Log4net - ---Executed Successfully GetUserAccessFacilityNurseStaions() in FacilityController----
2022-11-18 09:58:45,788 [5] DEBUG LTCPro.ServiceLayer.Log4net - ---Executing GetUserToken() in UserService----
2022-11-18 09:58:45,794 [5] DEBUG LTCPro.ServiceLayer.Log4net - ---Executing UserNurseStationDrop() in FacilityController----
2022-11-18 09:58:45,794 [5] DEBUG LTCPro.ServiceLayer.Log4net - ---Executing UserNurseStationDrop() in FacilityService----
2022-11-18 09:58:45,801 [5] DEBUG LTCPro.ServiceLayer.Log4net - ---Executed Successfully UserNurseStationDrop() in FacilityController----
2022-11-18 09:58:45,866 [7] DEBUG LTCPro.ServiceLayer.Log4net - ---Executing GetUserToken() in UserService----
2022-11-18 09:58:45,872 [7] DEBUG LTCPro.ServiceLayer.Log4net - ---Executing GpiList() in FacilityController----
2022-11-18 09:58:45,872 [7] DEBUG LTCPro.ServiceLayer.Log4net - ---Executing UserNurseStationDrop() in FacilityService----
2022-11-18 09:58:45,877 [7] DEBUG LTCPro.ServiceLayer.Log4net - ---Executed Successfully GpiList() in FacilityController----
2022-11-18 09:58:45,974 [5] DEBUG LTCPro.ServiceLayer.Log4net - ---Executing GetUserToken() in UserService----
2022-11-18 09:58:45,995 [6] DEBUG LTCPro.ServiceLayer.Log4net - ---Executing GetUserToken() in UserService----
2022-11-18 09:58:46,002 [5] DEBUG LTCPro.ServiceLayer.Log4net - ---Executing GetResidentnamesmarReport() in ReportsController----
2022-11-18 09:58:46,035 [5] DEBUG LTCPro.ServiceLayer.Log4net - ---Executing GetResidentnamesmarReport() in ReportService----
2022-11-18 09:58:46,206 [6] DEBUG LTCPro.ServiceLayer.Log4net - ---Executing GetUserToken() in UserService----
2022-11-18 09:58:46,223 [6] DEBUG LTCPro.ServiceLayer.Log4net - ---Executing GetTherapeuticaltwo() in ReportsController----
2022-11-18 09:58:46,223 [6] DEBUG LTCPro.ServiceLayer.Log4net - ---Executing GetTherapeuticalMedicationReport() in ReportsService----
2022-11-18 09:58:49,339 [7] DEBUG LTCPro.ServiceLayer.Log4net - ---Executing GetUserToken() in UserService----
2022-11-18 09:58:49,346 [7] DEBUG LTCPro.ServiceLayer.Log4net - ---Executing InsertUserActivityDetails() in CompanyController----
2022-11-18 09:58:49,346 [7] DEBUG LTCPro.ServiceLayer.Log4net - ---Executing InsertUserActivityDetails() in UserActivityService----
2022-11-18 09:58:49,347 [8] DEBUG LTCPro.ServiceLayer.Log4net - ---Executing GetUserToken() in UserService----
2022-11-18 09:58:49,353 [8] DEBUG LTCPro.ServiceLayer.Log4net - ---Executing GetUserRecentFacNs() in UserController----
2022-11-18 09:58:49,353 [8] DEBUG LTCPro.ServiceLayer.Log4net - ---Executing GetUserRecentFacNs() in UserService----
2022-11-18 09:58:49,356 [7] DEBUG LTCPro.ServiceLayer.Log4net - ---Executed Successfully InsertUserActivityDetails() in CompanyController----
2022-11-18 09:58:49,366 [8] DEBUG LTCPro.ServiceLayer.Log4net - ---Executed Successfully GetUserRecentFacNs() in UserController----
2022-11-18 09:58:49,413 [5] DEBUG LTCPro.ServiceLayer.Log4net - ---Executing GetUserToken() in UserService----
2022-11-18 09:58:49,418 [5] DEBUG LTCPro.ServiceLayer.Log4net - ---Executing GetUserAccessFacilityNurseStaions() in FacilityController----
2022-11-18 09:58:49,418 [5] DEBUG LTCPro.ServiceLayer.Log4net - ---Executing GetUserAccessFacilityNurseStaions() in FacilityService----
2022-11-18 09:58:49,429 [5] DEBUG LTCPro.ServiceLayer.Log4net - ---Executed Successfully GetUserAccessFacilityNurseStaions() in FacilityController----
2022-11-18 09:58:49,446 [6] DEBUG LTCPro.ServiceLayer.Log4net - ---Executing GetUserToken() in UserService----
2022-11-18 09:58:49,452 [6] DEBUG LTCPro.ServiceLayer.Log4net - ---Executing UserNurseStationDrop() in FacilityController----
2022-11-18 09:58:49,452 [6] DEBUG LTCPro.ServiceLayer.Log4net - ---Executing UserNurseStationDrop() in FacilityService----
2022-11-18 09:58:49,458 [6] DEBUG LTCPro.ServiceLayer.Log4net - ---Executed Successfully UserNurseStationDrop() in FacilityController----
2022-11-18 09:58:49,509 [5] DEBUG LTCPro.ServiceLayer.Log4net - ---Executing GetUserToken() in UserService----
2022-11-18 09:58:49,513 [5] DEBUG LTCPro.ServiceLayer.Log4net - ---Executing GetTimeZoneDate() in CommonController----
2022-11-18 09:58:49,514 [5] DEBUG LTCPro.ServiceLayer.Log4net - ---Executing GetTimeZoneDate() in CommonService----
2022-11-18 09:58:49,518 [5] DEBUG LTCPro.ServiceLayer.Log4net - ---Executed Successfully GetTimeZoneDate() in CommonController----
2022-11-18 09:58:49,537 [5] DEBUG LTCPro.ServiceLayer.Log4net - ---Executing GetUserToken() in UserService----
2022-11-18 09:58:49,543 [5] DEBUG LTCPro.ServiceLayer.Log4net - ---Executing GpiList() in FacilityController----
2022-11-18 09:58:49,543 [5] DEBUG LTCPro.ServiceLayer.Log4net - ---Executing UserNurseStationDrop() in FacilityService----
2022-11-18 09:58:49,548 [5] DEBUG LTCPro.ServiceLayer.Log4net - ---Executed Successfully GpiList() in FacilityController----
2022-11-18 09:58:49,576 [6] DEBUG LTCPro.ServiceLayer.Log4net - ---Executing GetUserToken() in UserService----
2022-11-18 09:58:49,581 [6] DEBUG LTCPro.ServiceLayer.Log4net - ---Executing GetCommonDashboard() in DashboardsController----
2022-11-18 09:58:49,581 [6] DEBUG LTCPro.ServiceLayer.Log4net - ---Executing GetCommonDashboard() in DashboardsService---- 
2022-11-18 09:58:49,805 [6] DEBUG LTCPro.ServiceLayer.Log4net - ---Executed Successfully GetCommonDashboard() DashboardsController----
2022-11-18 09:58:52,014 [5] DEBUG LTCPro.ServiceLayer.Log4net - ---Executing GetUserToken() in UserService----
2022-11-18 09:58:52,017 [7] DEBUG LTCPro.ServiceLayer.Log4net - ---Executing GetUserToken() in UserService----
2022-11-18 09:58:52,020 [5] DEBUG LTCPro.ServiceLayer.Log4net - ---Executing GetNurseComments() in DrFirstIntegrationController----
2022-11-18 09:58:52,020 [5] DEBUG LTCPro.ServiceLayer.Log4net - ---Executing GetNoteComments() in DrFirstIntegrationService----
2022-11-18 09:58:52,023 [7] DEBUG LTCPro.ServiceLayer.Log4net - ---Executing GetUserRecentFacNs() in UserController----
2022-11-18 09:58:52,023 [7] DEBUG LTCPro.ServiceLayer.Log4net - ---Executing GetUserRecentFacNs() in UserService----
2022-11-18 09:58:52,025 [5] DEBUG LTCPro.ServiceLayer.Log4net - ---Executed Successfully GetNurseComments() in DrFirstIntegrationController----
2022-11-18 09:58:52,044 [7] DEBUG LTCPro.ServiceLayer.Log4net - ---Executed Successfully GetUserRecentFacNs() in UserController----
2022-11-18 09:58:52,069 [11] DEBUG LTCPro.ServiceLayer.Log4net - ---Executing GetUserToken() in UserService----
2022-11-18 09:58:52,075 [11] DEBUG LTCPro.ServiceLayer.Log4net - ---Executing GetUserAccessFacilityNurseStaions() in FacilityController----
2022-11-18 09:58:52,075 [11] DEBUG LTCPro.ServiceLayer.Log4net - ---Executing GetUserAccessFacilityNurseStaions() in FacilityService----
2022-11-18 09:58:52,087 [11] DEBUG LTCPro.ServiceLayer.Log4net - ---Executed Successfully GetUserAccessFacilityNurseStaions() in FacilityController----
2022-11-18 09:58:52,102 [6] DEBUG LTCPro.ServiceLayer.Log4net - ---Executing GetUserToken() in UserService----
2022-11-18 09:58:52,108 [6] DEBUG LTCPro.ServiceLayer.Log4net - ---Executing UserNurseStationDrop() in FacilityController----
2022-11-18 09:58:52,108 [6] DEBUG LTCPro.ServiceLayer.Log4net - ---Executing UserNurseStationDrop() in FacilityService----
2022-11-18 09:58:52,115 [6] DEBUG LTCPro.ServiceLayer.Log4net - ---Executed Successfully UserNurseStationDrop() in FacilityController----
2022-11-18 09:58:52,144 [12] DEBUG LTCPro.ServiceLayer.Log4net - ---Executing GetUserToken() in UserService----
2022-11-18 09:58:52,150 [12] DEBUG LTCPro.ServiceLayer.Log4net - ---Executing GpiList() in FacilityController----
2022-11-18 09:58:52,150 [12] DEBUG LTCPro.ServiceLayer.Log4net - ---Executing UserNurseStationDrop() in FacilityService----
2022-11-18 09:58:52,155 [12] DEBUG LTCPro.ServiceLayer.Log4net - ---Executed Successfully GpiList() in FacilityController----
2022-11-18 09:58:52,167 [11] DEBUG LTCPro.ServiceLayer.Log4net - ---Executing GetUserToken() in UserService----
2022-11-18 09:58:52,176 [11] DEBUG LTCPro.ServiceLayer.Log4net - ---Executing GetResidentnamesmarReport() in ReportsController----
2022-11-18 09:58:52,176 [11] DEBUG LTCPro.ServiceLayer.Log4net - ---Executing GetResidentnamesmarReport() in ReportService----
2022-11-18 09:58:52,184 [6] DEBUG LTCPro.ServiceLayer.Log4net - ---Executing GetUserToken() in UserService----
2022-11-18 09:58:52,247 [8] DEBUG LTCPro.ServiceLayer.Log4net - ---Executing GetUserToken() in UserService----
2022-11-18 09:58:52,252 [8] DEBUG LTCPro.ServiceLayer.Log4net - ---Executing GetTherapeuticaltwo() in ReportsController----
2022-11-18 09:58:52,252 [8] DEBUG LTCPro.ServiceLayer.Log4net - ---Executing GetTherapeuticalMedicationReport() in ReportsService----
2022-11-18 16:01:55,629 [34] DEBUG LTCPro.ServiceLayer.Log4net - ---Executing LogoutUser() in UserController----
2022-11-18 16:01:55,796 [34] DEBUG LTCPro.ServiceLayer.Log4net - ---Executing LogoutUser() in UserService----
2022-11-18 16:01:59,236 [34] ERROR LTCPro.ServiceLayer.Log4net - ===================================
2022-11-18 16:01:59,392 [34] ERROR LTCPro.ServiceLayer.Log4net -  Source : = mscorlib
2022-11-18 16:01:59,431 [34] ERROR LTCPro.ServiceLayer.Log4net -  Stack Trace : =    at System.Threading.Tasks.Task.ThrowIfExceptional(Boolean includeTaskCanceledExceptions)
   at System.Threading.Tasks.Task`1.GetResultCore(Boolean waitCompletionNotification)
   at System.Threading.Tasks.Task`1.get_Result()
   at WebApi.Controllers.UserController.LogoutUser(Int32 userId) in D:\old system Data 04042021\Emar Service Latest 1\WebApi\Controllers\UserController.cs:line 79
   at lambda_method(Closure , Object , Object[] )
   at System.Web.Http.Controllers.ReflectedHttpActionDescriptor.ActionExecutor.<>c__DisplayClass6_1.<GetExecutor>b__3(Object instance, Object[] methodParameters)
   at System.Web.Http.Controllers.ReflectedHttpActionDescriptor.ActionExecutor.Execute(Object instance, Object[] arguments)
   at System.Web.Http.Controllers.ReflectedHttpActionDescriptor.ExecuteAsync(HttpControllerContext controllerContext, IDictionary`2 arguments, CancellationToken cancellationToken)
--- End of stack trace from previous location where exception was thrown ---
   at System.Runtime.CompilerServices.TaskAwaiter.ThrowForNonSuccess(Task task)
   at System.Runtime.CompilerServices.TaskAwaiter.HandleNonSuccessAndDebuggerNotification(Task task)
   at System.Web.Http.Controllers.ApiControllerActionInvoker.<InvokeActionAsyncCore>d__1.MoveNext()
--- End of stack trace from previous location where exception was thrown ---
   at System.Runtime.CompilerServices.TaskAwaiter.ThrowForNonSuccess(Task task)
   at System.Runtime.CompilerServices.TaskAwaiter.HandleNonSuccessAndDebuggerNotification(Task task)
   at System.Web.Http.Controllers.ActionFilterResult.<ExecuteAsync>d__5.MoveNext()
--- End of stack trace from previous location where exception was thrown ---
   at System.Runtime.CompilerServices.TaskAwaiter.ThrowForNonSuccess(Task task)
   at System.Runtime.CompilerServices.TaskAwaiter.HandleNonSuccessAndDebuggerNotification(Task task)
   at System.Web.Http.Filters.AuthorizationFilterAttribute.<ExecuteAuthorizationFilterAsyncCore>d__3.MoveNext()
--- End of stack trace from previous location where exception was thrown ---
   at System.Runtime.CompilerServices.TaskAwaiter.ThrowForNonSuccess(Task task)
   at System.Runtime.CompilerServices.TaskAwaiter.HandleNonSuccessAndDebuggerNotification(Task task)
   at System.Web.Http.Controllers.ExceptionFilterResult.<ExecuteAsync>d__6.MoveNext()
2022-11-18 16:01:59,431 [34] ERROR LTCPro.ServiceLayer.Log4net -  Exception Message : = One or more errors occurred.
2022-11-18 16:01:59,431 [34] ERROR LTCPro.ServiceLayer.Log4net - ============= Inner Exception  Stack Trace  ===========
2022-11-18 16:01:59,770 [34] ERROR LTCPro.ServiceLayer.Log4net -  Inner Exception  Stack Trace : =    at System.Data.Entity.Internal.InternalContext.SaveChanges()
   at System.Data.Entity.Internal.LazyInternalContext.SaveChanges()
   at System.Data.Entity.DbContext.SaveChanges()
   at LTCPro.Repositories.UserActivityRepository.InsertUserActivityDetails(UserActivityDetailEntity entity) in D:\old system Data 04042021\Emar Service Latest 1\Repositories\Repositories\UserActivityRepository.cs:line 53
   at LTCPro.Repositories.UserRepository.LogoutUser(Int32 userId) in D:\old system Data 04042021\Emar Service Latest 1\Repositories\Repositories\UserRepository.cs:line 479
   at LTCPro.ServiceLayer.UserService.<LogoutUser>d__13.MoveNext() in D:\old system Data 04042021\Emar Service Latest 1\BusinessLayer\Services\UserService.cs:line 76
2022-11-18 16:01:59,770 [34] ERROR LTCPro.ServiceLayer.Log4net - ============= Inner Exception  Stack Trace End  ===========
2022-11-18 16:01:59,770 [34] ERROR LTCPro.ServiceLayer.Log4net - ============= Inner Exception  Message  ===========
2022-11-18 16:01:59,770 [34] ERROR LTCPro.ServiceLayer.Log4net -  Inner Exception Message : = An error occurred while updating the entries. See the inner exception for details.
2022-11-18 16:01:59,770 [34] ERROR LTCPro.ServiceLayer.Log4net - ============= Inner Exception  Message End  ===========
2022-11-18 16:02:02,920 [34] ERROR LTCPro.ServiceLayer.Log4net -  InnerException Message : = An error occurred while updating the entries. See the inner exception for details.
2022-11-18 16:02:02,920 [34] ERROR LTCPro.ServiceLayer.Log4net - ===================================
