2022-12-12 04:12:17,368 [7] DEBUG LTCPro.ServiceLayer.Log4net - ---Executing UsersConfigNurseStationDrop() in FacilityController----
2022-12-12 04:12:19,282 [7] DEBUG LTCPro.ServiceLayer.Log4net - ---Executing UsersConfigNurseStationDrop() in FacilityService----
2022-12-12 04:12:35,842 [7] DEBUG LTCPro.ServiceLayer.Log4net - ---Executed Successfully UsersConfigNurseStationDrop() in FacilityController----
2022-12-12 04:12:36,350 [7] DEBUG LTCPro.ServiceLayer.Log4net - ---Executing GetProcessKeyMasterList() in FacilityController----
2022-12-12 04:12:36,366 [7] DEBUG LTCPro.ServiceLayer.Log4net - ---Executing GetProcessKeyMasterList() in FacilityService----
2022-12-12 04:12:36,633 [7] DEBUG LTCPro.ServiceLayer.Log4net - ---Executed Successfully GetProcessKeyMasterList() in FacilityController----
2022-12-12 04:13:51,471 [6] DEBUG LTCPro.ServiceLayer.Log4net - ---Executing CheckUser() in UserService----
2022-12-12 04:13:53,851 [6] DEBUG LTCPro.ServiceLayer.Log4net - ---Executing FindUser() in UserService----
2022-12-12 04:13:54,194 [6] DEBUG LTCPro.ServiceLayer.Log4net - ---Executing InsertUserSession() in UserService----
2022-12-12 04:13:55,024 [6] DEBUG LTCPro.ServiceLayer.Log4net - ---Executing InsertUserToken() in UserService----
2022-12-12 04:13:56,174 [7] DEBUG LTCPro.ServiceLayer.Log4net - ---Executing GetScreenPermissionsForLoggedInUser() in RoleController----
2022-12-12 04:13:56,175 [7] DEBUG LTCPro.ServiceLayer.Log4net - ---Executing GetScreenPermissionsForLoggedInUser() in RoleService----
2022-12-12 04:13:56,199 [12] DEBUG LTCPro.ServiceLayer.Log4net - ---Executing InsertUpdateUserRecentFacNs() in UserController----
2022-12-12 04:13:56,221 [12] DEBUG LTCPro.ServiceLayer.Log4net - ---Executing GetUserRecentFacNs() in UserService----
2022-12-12 04:13:56,474 [7] DEBUG LTCPro.ServiceLayer.Log4net - ---Executed Successfully GetScreenPermissionsForLoggedInUser() in RoleController----
2022-12-12 04:13:56,715 [15] DEBUG LTCPro.ServiceLayer.Log4net - ---Executing GetUserToken() in UserService----
2022-12-12 04:13:56,715 [16] DEBUG LTCPro.ServiceLayer.Log4net - ---Executing GetUserToken() in UserService----
2022-12-12 04:13:56,716 [7] DEBUG LTCPro.ServiceLayer.Log4net - ---Executing GetUserToken() in UserService----
2022-12-12 04:13:56,719 [14] DEBUG LTCPro.ServiceLayer.Log4net - ---Executing GetUserToken() in UserService----
2022-12-12 04:13:56,719 [6] DEBUG LTCPro.ServiceLayer.Log4net - ---Executing GetUserToken() in UserService----
2022-12-12 04:13:57,000 [15] DEBUG LTCPro.ServiceLayer.Log4net - ---Executing GetPendingDosesList() in CommonController----
2022-12-12 04:13:57,001 [15] DEBUG LTCPro.ServiceLayer.Log4net - ---Executing GetPendingDosesList() in CommonService----
2022-12-12 04:13:57,162 [6] DEBUG LTCPro.ServiceLayer.Log4net - ---Executing GetOutboundErrorDetails() in CommonController----
2022-12-12 04:13:57,163 [6] DEBUG LTCPro.ServiceLayer.Log4net - ---Executing GetOutboundErrorDetails() in CommonService----
2022-12-12 04:13:57,382 [7] DEBUG LTCPro.ServiceLayer.Log4net - ---Executing GetUserPassedDueFlag() in UserController----
2022-12-12 04:13:57,383 [7] DEBUG LTCPro.ServiceLayer.Log4net - ---Executing GetUserPassedDueFlag() in UserService----
2022-12-12 04:14:05,056 [6] DEBUG LTCPro.ServiceLayer.Log4net - ---Executed Successfully GetOutboundErrorDetails() in CommonController----
2022-12-12 04:14:05,153 [6] DEBUG LTCPro.ServiceLayer.Log4net - ---Executing GetUserToken() in UserService----
2022-12-12 04:14:05,201 [7] DEBUG LTCPro.ServiceLayer.Log4net - ---Executed Successfully GetUserPassedDueFlag() in UserController----
2022-12-12 04:14:05,240 [7] DEBUG LTCPro.ServiceLayer.Log4net - ---Executing GetUserToken() in UserService----
2022-12-12 04:14:05,424 [6] DEBUG LTCPro.ServiceLayer.Log4net - ---Executing GetUserRecentFacNs() in UserController----
2022-12-12 04:14:05,424 [6] DEBUG LTCPro.ServiceLayer.Log4net - ---Executing GetUserRecentFacNs() in UserService----
2022-12-12 04:14:05,659 [7] DEBUG LTCPro.ServiceLayer.Log4net - ---Executing GetDueMARAlertData() in EmarController----
2022-12-12 04:14:05,692 [7] DEBUG LTCPro.ServiceLayer.Log4net - ---Executing GetDueMARAlertData() in EmarService----
2022-12-12 04:14:06,729 [7] DEBUG LTCPro.ServiceLayer.Log4net - ---Executed Successfully GetDueMARAlertData() in EmarController----
2022-12-12 04:14:06,757 [17] DEBUG LTCPro.ServiceLayer.Log4net - ---Executing GetUserToken() in UserService----
2022-12-12 04:14:06,962 [6] DEBUG LTCPro.ServiceLayer.Log4net - ---Executed Successfully GetUserRecentFacNs() in UserController----
2022-12-12 04:14:07,016 [6] DEBUG LTCPro.ServiceLayer.Log4net - ---Executing GetUserToken() in UserService----
2022-12-12 04:14:07,201 [14] DEBUG LTCPro.ServiceLayer.Log4net - ---Executing GetAlertsDetails() in MailboxController----
2022-12-12 04:14:07,201 [14] DEBUG LTCPro.ServiceLayer.Log4net - ---Executing GetAlertsDetails() in MailboxService----
2022-12-12 04:14:07,410 [6] DEBUG LTCPro.ServiceLayer.Log4net - ---Executing GetUserActiveCompanyMasterList() in CompanyController----
2022-12-12 04:14:07,411 [6] DEBUG LTCPro.ServiceLayer.Log4net - ---Executing GetActiveCompanyMasterList() in CompanyService----
2022-12-12 04:14:08,170 [14] DEBUG LTCPro.ServiceLayer.Log4net - ---Executed successfully GetAlertsDetails() in MailboxController----
2022-12-12 04:14:09,648 [12] DEBUG LTCPro.ServiceLayer.Log4net - ---Executing InsertUpdateUserRecentFacNs() in CommonService----
2022-12-12 04:14:10,758 [16] DEBUG LTCPro.ServiceLayer.Log4net - ---Executing GetReadMailsCount() in MailboxController----
2022-12-12 04:14:10,778 [16] DEBUG LTCPro.ServiceLayer.Log4net - ---Executing GetReadMailsCount() in MailboxService----
2022-12-12 04:14:11,206 [15] DEBUG LTCPro.ServiceLayer.Log4net - ---Executed Successfully GetPendingDosesList() in CommonController----
2022-12-12 04:14:11,416 [12] DEBUG LTCPro.ServiceLayer.Log4net - ---Executed Successfully InsertUpdateUserRecentFacNs() in UserController----
2022-12-12 04:14:11,443 [16] DEBUG LTCPro.ServiceLayer.Log4net - ---Executed successfully GetReadMailsCount() in MailboxController----
2022-12-12 04:14:11,800 [7] DEBUG LTCPro.ServiceLayer.Log4net - ---Executing GetUserToken() in UserService----
2022-12-12 04:14:12,043 [7] DEBUG LTCPro.ServiceLayer.Log4net - ---Executing GetUserAccessFacilityNurseStaions() in FacilityController----
2022-12-12 04:14:12,044 [7] DEBUG LTCPro.ServiceLayer.Log4net - ---Executing GetUserAccessFacilityNurseStaions() in FacilityService----
2022-12-12 04:14:12,395 [17] DEBUG LTCPro.ServiceLayer.Log4net - ---Executing InsertUserActivityDetails() in CompanyController----
2022-12-12 04:14:12,395 [17] DEBUG LTCPro.ServiceLayer.Log4net - ---Executing InsertUserActivityDetails() in UserActivityService----
2022-12-12 04:14:12,609 [7] DEBUG LTCPro.ServiceLayer.Log4net - ---Executed Successfully GetUserAccessFacilityNurseStaions() in FacilityController----
2022-12-12 04:14:12,692 [6] DEBUG LTCPro.ServiceLayer.Log4net - ---Executed Successfully GetUserActiveCompanyMasterList() in CompanyController----
2022-12-12 04:14:13,066 [17] DEBUG LTCPro.ServiceLayer.Log4net - ---Executed Successfully InsertUserActivityDetails() in CompanyController----
2022-12-12 04:29:18,848 [27] DEBUG LTCPro.ServiceLayer.Log4net - ---Executing GetUserToken() in UserService----
2022-12-12 04:29:19,066 [28] DEBUG LTCPro.ServiceLayer.Log4net - ---Executing GetUserToken() in UserService----
2022-12-12 04:29:19,115 [21] DEBUG LTCPro.ServiceLayer.Log4net - ---Executing GetUserToken() in UserService----
2022-12-12 04:29:19,501 [29] DEBUG LTCPro.ServiceLayer.Log4net - ---Executing GetUserToken() in UserService----
2022-12-12 04:29:31,299 [27] DEBUG LTCPro.ServiceLayer.Log4net - ---Executing GetActiveFacilityMasterList() in FacilityController----
2022-12-12 04:29:31,308 [27] DEBUG LTCPro.ServiceLayer.Log4net - ---Executing GetActiveFacilityMasterList() in FacilityService----
2022-12-12 04:29:31,497 [28] DEBUG LTCPro.ServiceLayer.Log4net - ---Executing InsertUserActivityDetails() in CompanyController----
2022-12-12 04:29:31,497 [28] DEBUG LTCPro.ServiceLayer.Log4net - ---Executing InsertUserActivityDetails() in UserActivityService----
2022-12-12 04:29:32,407 [21] DEBUG LTCPro.ServiceLayer.Log4net - ---Executing GetUserRecentFacNs() in UserController----
2022-12-12 04:29:32,407 [21] DEBUG LTCPro.ServiceLayer.Log4net - ---Executing GetUserRecentFacNs() in UserService----
2022-12-12 04:29:32,411 [28] DEBUG LTCPro.ServiceLayer.Log4net - ---Executed Successfully InsertUserActivityDetails() in CompanyController----
2022-12-12 04:29:32,684 [29] DEBUG LTCPro.ServiceLayer.Log4net - ---Executing OrderEndingSoonStatus() in OrdersController----
2022-12-12 04:29:32,700 [29] DEBUG LTCPro.ServiceLayer.Log4net - ---Executing OrderEndingSoonStatus() in OrdersService----
2022-12-12 04:29:32,856 [21] DEBUG LTCPro.ServiceLayer.Log4net - ---Executed Successfully GetUserRecentFacNs() in UserController----
2022-12-12 04:29:32,894 [21] DEBUG LTCPro.ServiceLayer.Log4net - ---Executing GetUserToken() in UserService----
2022-12-12 04:29:33,001 [29] DEBUG LTCPro.ServiceLayer.Log4net - ---Executed Successfully OrderEndingSoonStatus() in OrdersController----
2022-12-12 04:29:33,119 [21] DEBUG LTCPro.ServiceLayer.Log4net - ---Executing GetUserAccessFacilityNurseStaions() in FacilityController----
2022-12-12 04:29:33,119 [21] DEBUG LTCPro.ServiceLayer.Log4net - ---Executing GetUserAccessFacilityNurseStaions() in FacilityService----
2022-12-12 04:29:33,627 [21] DEBUG LTCPro.ServiceLayer.Log4net - ---Executed Successfully GetUserAccessFacilityNurseStaions() in FacilityController----
2022-12-12 04:29:33,663 [29] DEBUG LTCPro.ServiceLayer.Log4net - ---Executing GetUserToken() in UserService----
2022-12-12 04:29:33,886 [29] DEBUG LTCPro.ServiceLayer.Log4net - ---Executing UserNurseStationDrop() in FacilityController----
2022-12-12 04:29:33,887 [29] DEBUG LTCPro.ServiceLayer.Log4net - ---Executing UserNurseStationDrop() in FacilityService----
2022-12-12 04:29:34,322 [29] DEBUG LTCPro.ServiceLayer.Log4net - ---Executed Successfully UserNurseStationDrop() in FacilityController----
2022-12-12 04:29:34,414 [28] DEBUG LTCPro.ServiceLayer.Log4net - ---Executing GetUserToken() in UserService----
2022-12-12 04:29:34,456 [29] DEBUG LTCPro.ServiceLayer.Log4net - ---Executing GetUserToken() in UserService----
2022-12-12 04:29:34,474 [30] DEBUG LTCPro.ServiceLayer.Log4net - ---Executing GetUserToken() in UserService----
2022-12-12 04:29:34,536 [27] DEBUG LTCPro.ServiceLayer.Log4net - ---Executed Successfully GetActiveFacilityMasterList() in FacilityController----
2022-12-12 04:29:34,665 [28] DEBUG LTCPro.ServiceLayer.Log4net - ---Executing GetCompanyToBedFlagByFacId() in FacilityController----
2022-12-12 04:29:34,666 [28] DEBUG LTCPro.ServiceLayer.Log4net - ---Executing GetCompanyToBedFlagByFacId() in FacilityService----
2022-12-12 04:29:34,809 [21] DEBUG LTCPro.ServiceLayer.Log4net - ---Executing GetUserToken() in UserService----
2022-12-12 04:29:34,856 [29] DEBUG LTCPro.ServiceLayer.Log4net - ---Executing GetPRNDetailsByfilter() in EMARController----
2022-12-12 04:29:34,864 [29] DEBUG LTCPro.ServiceLayer.Log4net - ---Executing GetPRNDetailsByfilter() in EmarService----
2022-12-12 04:29:34,894 [27] DEBUG LTCPro.ServiceLayer.Log4net - ---Executing GetUserToken() in UserService----
2022-12-12 04:29:35,032 [21] DEBUG LTCPro.ServiceLayer.Log4net - ---Executing OrderEndingSoonStatus() in OrdersController----
2022-12-12 04:29:35,032 [21] DEBUG LTCPro.ServiceLayer.Log4net - ---Executing OrderEndingSoonStatus() in OrdersService----
2022-12-12 04:29:35,117 [27] DEBUG LTCPro.ServiceLayer.Log4net - ---Executing GetOrdersEndingSoon() in OrdersController----
2022-12-12 04:29:35,117 [27] DEBUG LTCPro.ServiceLayer.Log4net - ---Executing GetOrdersEndingSoon() in OrdersService----
2022-12-12 04:29:35,300 [28] DEBUG LTCPro.ServiceLayer.Log4net - ---Executed Successfully GetCompanyToBedFlagByFacId() in FacilityController----
2022-12-12 04:29:35,496 [26] DEBUG LTCPro.ServiceLayer.Log4net - ---Executing GetUserToken() in UserService----
2022-12-12 04:29:35,498 [21] DEBUG LTCPro.ServiceLayer.Log4net - ---Executed Successfully OrderEndingSoonStatus() in OrdersController----
2022-12-12 04:29:35,591 [28] DEBUG LTCPro.ServiceLayer.Log4net - ---Executing GetUserToken() in UserService----
2022-12-12 04:29:35,722 [26] DEBUG LTCPro.ServiceLayer.Log4net - ---Executing GetNurseStationHierarchyDetailsbyNsId() in CompanyController----
2022-12-12 04:29:35,771 [26] DEBUG LTCPro.ServiceLayer.Log4net - ---Executing GetNurseStationHierarchyDetailsbyNsId() in CompanyService----
2022-12-12 04:29:35,893 [28] DEBUG LTCPro.ServiceLayer.Log4net - ---Executing GetOrdersGridData() in OrdersController----
2022-12-12 04:29:35,894 [28] DEBUG LTCPro.ServiceLayer.Log4net - ---Executing GetOrdersGridData() in OrdersService----
2022-12-12 04:29:35,898 [30] DEBUG LTCPro.ServiceLayer.Log4net - ---Executing GetSeventyTwoHourDetailsByfilter() in EMARController----
2022-12-12 04:29:35,898 [30] DEBUG LTCPro.ServiceLayer.Log4net - ---Executing GetSeventyTwoHourDetailsByfilter() in EmarService----
2022-12-12 04:29:36,020 [26] DEBUG LTCPro.ServiceLayer.Log4net - ---Executed Successfully GetNurseStationHierarchyDetailsbyNsId() in CompanyController----
2022-12-12 04:29:37,469 [27] DEBUG LTCPro.ServiceLayer.Log4net - ---Executed Successfully GetOrdersEndingSoon() in OrdersController----
2022-12-12 04:29:44,386 [28] DEBUG LTCPro.ServiceLayer.Log4net - ---Executed Successfully GetOrdersGridData() in OrdersController----
2022-12-12 04:29:44,646 [26] DEBUG LTCPro.ServiceLayer.Log4net - ---Executing GetUserToken() in UserService----
2022-12-12 04:29:46,529 [26] DEBUG LTCPro.ServiceLayer.Log4net - ---Executing GetPendingOrdersGridData() in OrdersController----
2022-12-12 04:29:46,554 [26] DEBUG LTCPro.ServiceLayer.Log4net - ---Executing GetPendingOrdersGridData() in OrdersService----
2022-12-12 04:29:47,231 [28] DEBUG LTCPro.ServiceLayer.Log4net - ---Executing GetUserToken() in UserService----
2022-12-12 04:29:48,226 [21] DEBUG LTCPro.ServiceLayer.Log4net - ---Executing GetUserToken() in UserService----
2022-12-12 04:29:48,930 [28] DEBUG LTCPro.ServiceLayer.Log4net - ---Executing GetDueMARAlertData() in EmarController----
2022-12-12 04:29:48,930 [28] DEBUG LTCPro.ServiceLayer.Log4net - ---Executing GetDueMARAlertData() in EmarService----
2022-12-12 04:29:49,223 [27] DEBUG LTCPro.ServiceLayer.Log4net - ---Executing GetUserToken() in UserService----
2022-12-12 04:29:49,353 [21] DEBUG LTCPro.ServiceLayer.Log4net - ---Executing InsertUserActivityDetails() in CompanyController----
2022-12-12 04:29:49,353 [21] DEBUG LTCPro.ServiceLayer.Log4net - ---Executing InsertUserActivityDetails() in UserActivityService----
2022-12-12 04:29:51,094 [28] DEBUG LTCPro.ServiceLayer.Log4net - ---Executed Successfully GetDueMARAlertData() in EmarController----
2022-12-12 04:29:52,612 [26] DEBUG LTCPro.ServiceLayer.Log4net - ---Executed Successfully GetPendingOrdersGridData() in OrdersController----
2022-12-12 04:29:53,478 [21] DEBUG LTCPro.ServiceLayer.Log4net - ---Executed Successfully InsertUserActivityDetails() in CompanyController----
2022-12-12 04:29:54,466 [16] DEBUG LTCPro.ServiceLayer.Log4net - ---Executing GetUserToken() in UserService----
2022-12-12 04:29:54,468 [21] DEBUG LTCPro.ServiceLayer.Log4net - ---Executing GetUserToken() in UserService----
2022-12-12 04:29:54,694 [28] DEBUG LTCPro.ServiceLayer.Log4net - ---Executing GetUserToken() in UserService----
2022-12-12 04:29:55,217 [21] DEBUG LTCPro.ServiceLayer.Log4net - ---Executing GetUserRecentFacNs() in UserController----
2022-12-12 04:29:55,217 [21] DEBUG LTCPro.ServiceLayer.Log4net - ---Executing GetUserRecentFacNs() in UserService----
2022-12-12 04:29:55,432 [28] DEBUG LTCPro.ServiceLayer.Log4net - ---Executing OrderEndingSoonStatus() in OrdersController----
2022-12-12 04:29:55,432 [28] DEBUG LTCPro.ServiceLayer.Log4net - ---Executing OrderEndingSoonStatus() in OrdersService----
2022-12-12 04:29:55,650 [27] DEBUG LTCPro.ServiceLayer.Log4net - ---Executing GetUserRecentFacNs() in UserController----
2022-12-12 04:29:55,650 [27] DEBUG LTCPro.ServiceLayer.Log4net - ---Executing GetUserRecentFacNs() in UserService----
2022-12-12 04:29:56,084 [16] DEBUG LTCPro.ServiceLayer.Log4net - ---Executing InsertUserActivityDetails() in CompanyController----
2022-12-12 04:29:56,084 [16] DEBUG LTCPro.ServiceLayer.Log4net - ---Executing InsertUserActivityDetails() in UserActivityService----
2022-12-12 04:29:56,299 [28] DEBUG LTCPro.ServiceLayer.Log4net - ---Executed Successfully OrderEndingSoonStatus() in OrdersController----
2022-12-12 04:29:56,952 [21] DEBUG LTCPro.ServiceLayer.Log4net - ---Executed Successfully GetUserRecentFacNs() in UserController----
2022-12-12 04:29:56,973 [28] DEBUG LTCPro.ServiceLayer.Log4net - ---Executing GetUserToken() in UserService----
2022-12-12 04:29:57,173 [27] DEBUG LTCPro.ServiceLayer.Log4net - ---Executed Successfully GetUserRecentFacNs() in UserController----
2022-12-12 04:29:57,229 [21] DEBUG LTCPro.ServiceLayer.Log4net - ---Executing GetUserToken() in UserService----
2022-12-12 04:29:57,819 [16] DEBUG LTCPro.ServiceLayer.Log4net - ---Executed Successfully InsertUserActivityDetails() in CompanyController----
2022-12-12 04:29:57,823 [21] DEBUG LTCPro.ServiceLayer.Log4net - ---Executing GetCompanyToBedData() in FacilityController----
2022-12-12 04:29:57,823 [28] DEBUG LTCPro.ServiceLayer.Log4net - ---Executing GetUserAccessFacilityNurseStaions() in FacilityController----
2022-12-12 04:29:57,823 [28] DEBUG LTCPro.ServiceLayer.Log4net - ---Executing GetUserAccessFacilityNurseStaions() in FacilityService----
2022-12-12 04:29:57,824 [21] DEBUG LTCPro.ServiceLayer.Log4net - ---Executing GetCompanyToBedData() in FacilityService----
2022-12-12 04:29:59,554 [28] DEBUG LTCPro.ServiceLayer.Log4net - ---Executed Successfully GetUserAccessFacilityNurseStaions() in FacilityController----
2022-12-12 04:29:59,584 [27] DEBUG LTCPro.ServiceLayer.Log4net - ---Executing GetUserToken() in UserService----
2022-12-12 04:30:00,205 [27] DEBUG LTCPro.ServiceLayer.Log4net - ---Executing UserNurseStationDrop() in FacilityController----
2022-12-12 04:30:00,205 [27] DEBUG LTCPro.ServiceLayer.Log4net - ---Executing UserNurseStationDrop() in FacilityService----
2022-12-12 04:30:00,451 [29] DEBUG LTCPro.ServiceLayer.Log4net - ---Executed Successfully GetPRNDetailsByfilter() in EMARController----
2022-12-12 04:30:00,730 [27] DEBUG LTCPro.ServiceLayer.Log4net - ---Executed Successfully UserNurseStationDrop() in FacilityController----
2022-12-12 04:30:00,846 [16] DEBUG LTCPro.ServiceLayer.Log4net - ---Executing GetUserToken() in UserService----
2022-12-12 04:30:00,886 [26] DEBUG LTCPro.ServiceLayer.Log4net - ---Executing GetUserToken() in UserService----
2022-12-12 04:30:01,151 [29] DEBUG LTCPro.ServiceLayer.Log4net - ---Executing GetUserToken() in UserService----
2022-12-12 04:30:01,156 [28] DEBUG LTCPro.ServiceLayer.Log4net - ---Executing GetUserToken() in UserService----
2022-12-12 04:30:01,335 [26] DEBUG LTCPro.ServiceLayer.Log4net - ---Executing GetPRNDetailsByfilter() in EMARController----
2022-12-12 04:30:01,335 [26] DEBUG LTCPro.ServiceLayer.Log4net - ---Executing GetPRNDetailsByfilter() in EmarService----
2022-12-12 04:30:01,336 [16] DEBUG LTCPro.ServiceLayer.Log4net - ---Executing GetCompanyToBedFlagByFacId() in FacilityController----
2022-12-12 04:30:01,336 [16] DEBUG LTCPro.ServiceLayer.Log4net - ---Executing GetCompanyToBedFlagByFacId() in FacilityService----
2022-12-12 04:30:01,373 [29] DEBUG LTCPro.ServiceLayer.Log4net - ---Executing OrderEndingSoonStatus() in OrdersController----
2022-12-12 04:30:01,373 [29] DEBUG LTCPro.ServiceLayer.Log4net - ---Executing OrderEndingSoonStatus() in OrdersService----
2022-12-12 04:30:01,382 [28] DEBUG LTCPro.ServiceLayer.Log4net - ---Executing GetOrdersEndingSoon() in OrdersController----
2022-12-12 04:30:01,382 [28] DEBUG LTCPro.ServiceLayer.Log4net - ---Executing GetOrdersEndingSoon() in OrdersService----
2022-12-12 04:30:01,702 [29] DEBUG LTCPro.ServiceLayer.Log4net - ---Executed Successfully OrderEndingSoonStatus() in OrdersController----
2022-12-12 04:30:01,729 [29] DEBUG LTCPro.ServiceLayer.Log4net - ---Executing GetUserToken() in UserService----
2022-12-12 04:30:01,783 [30] DEBUG LTCPro.ServiceLayer.Log4net - ---Executed Successfully GetSeventyTwoHourDetailsByfilter() in EMARController----
2022-12-12 04:30:01,823 [16] DEBUG LTCPro.ServiceLayer.Log4net - ---Executed Successfully GetCompanyToBedFlagByFacId() in FacilityController----
2022-12-12 04:30:01,885 [30] DEBUG LTCPro.ServiceLayer.Log4net - ---Executing GetUserToken() in UserService----
2022-12-12 04:30:01,906 [28] DEBUG LTCPro.ServiceLayer.Log4net - ---Executed Successfully GetOrdersEndingSoon() in OrdersController----
2022-12-12 04:30:01,975 [29] DEBUG LTCPro.ServiceLayer.Log4net - ---Executing GetSeventyTwoHourDetailsByfilter() in EMARController----
2022-12-12 04:30:01,975 [29] DEBUG LTCPro.ServiceLayer.Log4net - ---Executing GetSeventyTwoHourDetailsByfilter() in EmarService----
2022-12-12 04:30:02,054 [27] DEBUG LTCPro.ServiceLayer.Log4net - ---Executing GetUserToken() in UserService----
2022-12-12 04:30:02,266 [30] DEBUG LTCPro.ServiceLayer.Log4net - ---Executing GetNurseStationHierarchyDetailsbyNsId() in CompanyController----
2022-12-12 04:30:02,266 [30] DEBUG LTCPro.ServiceLayer.Log4net - ---Executing GetNurseStationHierarchyDetailsbyNsId() in CompanyService----
2022-12-12 04:30:02,481 [27] DEBUG LTCPro.ServiceLayer.Log4net - ---Executing GetOrdersGridData() in OrdersController----
2022-12-12 04:30:02,481 [27] DEBUG LTCPro.ServiceLayer.Log4net - ---Executing GetOrdersGridData() in OrdersService----
2022-12-12 04:30:02,696 [30] DEBUG LTCPro.ServiceLayer.Log4net - ---Executed Successfully GetNurseStationHierarchyDetailsbyNsId() in CompanyController----
2022-12-12 04:30:03,140 [21] DEBUG LTCPro.ServiceLayer.Log4net - ---Executed Successfully GetCompanyToBedData() in FacilityController----
2022-12-12 04:30:03,166 [28] DEBUG LTCPro.ServiceLayer.Log4net - ---Executing GetUserToken() in UserService----
2022-12-12 04:30:04,008 [28] DEBUG LTCPro.ServiceLayer.Log4net - ---Executing UserNurseStationDrop() in FacilityController----
2022-12-12 04:30:04,009 [28] DEBUG LTCPro.ServiceLayer.Log4net - ---Executing UserNurseStationDrop() in FacilityService----
2022-12-12 04:30:04,774 [28] DEBUG LTCPro.ServiceLayer.Log4net - ---Executed Successfully UserNurseStationDrop() in FacilityController----
2022-12-12 04:30:04,810 [30] DEBUG LTCPro.ServiceLayer.Log4net - ---Executing GetUserToken() in UserService----
2022-12-12 04:30:04,818 [25] DEBUG LTCPro.ServiceLayer.Log4net - ---Executing GetUserToken() in UserService----
2022-12-12 04:30:04,999 [21] DEBUG LTCPro.ServiceLayer.Log4net - ---Executing GetUserToken() in UserService----
2022-12-12 04:30:06,720 [25] DEBUG LTCPro.ServiceLayer.Log4net - ---Executing GetDrFirstFlagForCompanyByNSId() in CompanyController----
2022-12-12 04:30:06,722 [25] DEBUG LTCPro.ServiceLayer.Log4net - ---Executing GetDrFirstFlagForCompanyByNSId() in CompanyService----
2022-12-12 04:30:06,743 [30] DEBUG LTCPro.ServiceLayer.Log4net - ---Executing GetNursingScheduleData() in EmarController----
2022-12-12 04:30:06,745 [30] DEBUG LTCPro.ServiceLayer.Log4net - ---Executing GetNursingScheduleData() in EmarService----
2022-12-12 04:30:07,145 [21] DEBUG LTCPro.ServiceLayer.Log4net - ---Executing GetPendingOrdersGridData() in OrdersController----
2022-12-12 04:30:07,145 [21] DEBUG LTCPro.ServiceLayer.Log4net - ---Executing GetPendingOrdersGridData() in OrdersService----
2022-12-12 04:30:08,449 [25] DEBUG LTCPro.ServiceLayer.Log4net - ---Executed Successfully GetDrFirstFlagForCompanyByNSId() in CompanyController----
2022-12-12 04:30:08,489 [28] DEBUG LTCPro.ServiceLayer.Log4net - ---Executing GetUserToken() in UserService----
2022-12-12 04:30:10,188 [28] DEBUG LTCPro.ServiceLayer.Log4net - ---Executing GetUserRecentFacNs() in UserController----
2022-12-12 04:30:10,188 [28] DEBUG LTCPro.ServiceLayer.Log4net - ---Executing GetUserRecentFacNs() in UserService----
2022-12-12 04:30:10,406 [27] DEBUG LTCPro.ServiceLayer.Log4net - ---Executed Successfully GetOrdersGridData() in OrdersController----
2022-12-12 04:30:10,422 [25] DEBUG LTCPro.ServiceLayer.Log4net - ---Executing GetUserToken() in UserService----
2022-12-12 04:30:12,578 [28] DEBUG LTCPro.ServiceLayer.Log4net - ---Executed Successfully GetUserRecentFacNs() in UserController----
2022-12-12 04:30:12,597 [23] DEBUG LTCPro.ServiceLayer.Log4net - ---Executing GetUserToken() in UserService----
2022-12-12 04:30:13,228 [25] DEBUG LTCPro.ServiceLayer.Log4net - ---Executing InsertUserActivityDetails() in CompanyController----
2022-12-12 04:30:13,228 [25] DEBUG LTCPro.ServiceLayer.Log4net - ---Executing InsertUserActivityDetails() in UserActivityService----
2022-12-12 04:30:13,671 [23] DEBUG LTCPro.ServiceLayer.Log4net - ---Executing GetTimeZoneDate() in CommonController----
2022-12-12 04:30:13,672 [23] DEBUG LTCPro.ServiceLayer.Log4net - ---Executing GetTimeZoneDate() in CommonService----
2022-12-12 04:30:14,756 [23] DEBUG LTCPro.ServiceLayer.Log4net - ---Executed Successfully GetTimeZoneDate() in CommonController----
2022-12-12 04:30:14,987 [16] DEBUG LTCPro.ServiceLayer.Log4net - ---Executing GetUserToken() in UserService----
2022-12-12 04:30:16,275 [16] DEBUG LTCPro.ServiceLayer.Log4net - ---Executing GetPendingOrdersGridData() in OrdersController----
2022-12-12 04:30:16,275 [16] DEBUG LTCPro.ServiceLayer.Log4net - ---Executing GetPendingOrdersGridData() in OrdersService----
2022-12-12 04:30:17,140 [25] DEBUG LTCPro.ServiceLayer.Log4net - ---Executed Successfully InsertUserActivityDetails() in CompanyController----
2022-12-12 04:30:17,159 [28] DEBUG LTCPro.ServiceLayer.Log4net - ---Executing GetUserToken() in UserService----
2022-12-12 04:30:19,971 [28] DEBUG LTCPro.ServiceLayer.Log4net - ---Executing GetUserAccessFacilityNurseStaions() in FacilityController----
2022-12-12 04:30:19,971 [28] DEBUG LTCPro.ServiceLayer.Log4net - ---Executing GetUserAccessFacilityNurseStaions() in FacilityService----
2022-12-12 04:30:23,876 [28] DEBUG LTCPro.ServiceLayer.Log4net - ---Executed Successfully GetUserAccessFacilityNurseStaions() in FacilityController----
2022-12-12 04:30:23,924 [28] DEBUG LTCPro.ServiceLayer.Log4net - ---Executing GetUserToken() in UserService----
2022-12-12 04:30:24,963 [16] DEBUG LTCPro.ServiceLayer.Log4net - ---Executed Successfully GetPendingOrdersGridData() in OrdersController----
2022-12-12 04:30:25,181 [28] DEBUG LTCPro.ServiceLayer.Log4net - ---Executing UserNurseStationDrop() in FacilityController----
2022-12-12 04:30:25,181 [28] DEBUG LTCPro.ServiceLayer.Log4net - ---Executing UserNurseStationDrop() in FacilityService----
2022-12-12 04:30:26,485 [28] DEBUG LTCPro.ServiceLayer.Log4net - ---Executed Successfully UserNurseStationDrop() in FacilityController----
2022-12-12 04:30:41,688 [26] DEBUG LTCPro.ServiceLayer.Log4net - ---Executed Successfully GetPRNDetailsByfilter() in EMARController----
2022-12-12 04:30:45,394 [29] DEBUG LTCPro.ServiceLayer.Log4net - ---Executed Successfully GetSeventyTwoHourDetailsByfilter() in EMARController----
2022-12-12 04:31:03,218 [30] DEBUG LTCPro.ServiceLayer.Log4net - ---Executed Successfully GetNursingScheduleData() in EmarController----
2022-12-12 04:31:03,281 [27] DEBUG LTCPro.ServiceLayer.Log4net - ---Executing GetUserToken() in UserService----
2022-12-12 04:31:03,873 [27] DEBUG LTCPro.ServiceLayer.Log4net - ---Executing GetNurseShiftDrop() in CommonController----
2022-12-12 04:31:03,874 [27] DEBUG LTCPro.ServiceLayer.Log4net - ---Executing GetNurseShiftDrop() in CommonService----
2022-12-12 04:31:04,307 [27] DEBUG LTCPro.ServiceLayer.Log4net - ---Executed Successfully GetNurseShiftDrop() in CommonController----
2022-12-12 04:31:10,695 [14] DEBUG LTCPro.ServiceLayer.Log4net - ---Executing GetUserToken() in UserService----
2022-12-12 04:31:11,076 [14] DEBUG LTCPro.ServiceLayer.Log4net - ---Executing GetCheckInMedsList() in CheckInPharmacyMedsController----
2022-12-12 04:31:11,087 [14] DEBUG LTCPro.ServiceLayer.Log4net - ---Executing GetCheckInMedsList() in CheckInPharmacyMedsService----
2022-12-12 04:32:00,030 [21] DEBUG LTCPro.ServiceLayer.Log4net - ---Executed Successfully GetPendingOrdersGridData() in OrdersController----
2022-12-12 04:32:17,603 [14] DEBUG LTCPro.ServiceLayer.Log4net - ---Executed Successfully GetCheckInMedsList() in CheckInPharmacyMedsController----
2022-12-12 04:32:19,007 [15] DEBUG LTCPro.ServiceLayer.Log4net - ---Executing GetUserToken() in UserService----
2022-12-12 04:32:19,249 [15] DEBUG LTCPro.ServiceLayer.Log4net - ---Executing UserNurseStationDrop() in FacilityController----
2022-12-12 04:32:19,249 [15] DEBUG LTCPro.ServiceLayer.Log4net - ---Executing UserNurseStationDrop() in FacilityService----
2022-12-12 04:32:19,483 [15] DEBUG LTCPro.ServiceLayer.Log4net - ---Executed Successfully UserNurseStationDrop() in FacilityController----
2022-12-12 04:32:26,692 [27] DEBUG LTCPro.ServiceLayer.Log4net - ---Executing GetUserToken() in UserService----
2022-12-12 04:32:26,925 [27] DEBUG LTCPro.ServiceLayer.Log4net - ---Executing GetCheckInMedsList() in CheckInPharmacyMedsController----
2022-12-12 04:32:26,925 [27] DEBUG LTCPro.ServiceLayer.Log4net - ---Executing GetCheckInMedsList() in CheckInPharmacyMedsService----
2022-12-12 04:32:59,488 [27] DEBUG LTCPro.ServiceLayer.Log4net - ---Executed Successfully GetCheckInMedsList() in CheckInPharmacyMedsController----
2022-12-12 04:33:07,355 [27] DEBUG LTCPro.ServiceLayer.Log4net - ---Executing GetUserToken() in UserService----
2022-12-12 04:33:07,588 [27] DEBUG LTCPro.ServiceLayer.Log4net - ---Executing GetCheckInMedsList() in CheckInPharmacyMedsController----
2022-12-12 04:33:07,588 [27] DEBUG LTCPro.ServiceLayer.Log4net - ---Executing GetCheckInMedsList() in CheckInPharmacyMedsService----
2022-12-12 04:33:40,319 [27] DEBUG LTCPro.ServiceLayer.Log4net - ---Executed Successfully GetCheckInMedsList() in CheckInPharmacyMedsController----
2022-12-12 04:35:43,704 [12] DEBUG LTCPro.ServiceLayer.Log4net - ---Executing GetUserToken() in UserService----
2022-12-12 04:35:48,801 [12] DEBUG LTCPro.ServiceLayer.Log4net - ---Executing GetCheckInMedsList() in CheckInPharmacyMedsController----
2022-12-12 04:35:54,960 [12] DEBUG LTCPro.ServiceLayer.Log4net - ---Executing GetCheckInMedsList() in CheckInPharmacyMedsService----
2022-12-12 04:37:21,698 [12] DEBUG LTCPro.ServiceLayer.Log4net - ---Executed Successfully GetCheckInMedsList() in CheckInPharmacyMedsController----
2022-12-12 04:37:38,688 [12] DEBUG LTCPro.ServiceLayer.Log4net - ---Executing GetUserToken() in UserService----
2022-12-12 04:37:41,997 [12] DEBUG LTCPro.ServiceLayer.Log4net - ---Executing GetCheckInMedsList() in CheckInPharmacyMedsController----
2022-12-12 04:37:42,588 [12] DEBUG LTCPro.ServiceLayer.Log4net - ---Executing GetCheckInMedsList() in CheckInPharmacyMedsService----
2022-12-12 04:38:25,894 [12] DEBUG LTCPro.ServiceLayer.Log4net - ---Executed Successfully GetCheckInMedsList() in CheckInPharmacyMedsController----
2022-12-12 04:38:55,329 [8] DEBUG LTCPro.ServiceLayer.Log4net - ---Executing GetUserToken() in UserService----
2022-12-12 04:39:05,749 [8] DEBUG LTCPro.ServiceLayer.Log4net - ---Executing GetCheckInMedsList() in CheckInPharmacyMedsController----
2022-12-12 04:39:05,749 [8] DEBUG LTCPro.ServiceLayer.Log4net - ---Executing GetCheckInMedsList() in CheckInPharmacyMedsService----
2022-12-12 04:39:44,960 [8] DEBUG LTCPro.ServiceLayer.Log4net - ---Executed Successfully GetCheckInMedsList() in CheckInPharmacyMedsController----
2022-12-12 04:40:05,498 [8] DEBUG LTCPro.ServiceLayer.Log4net - ---Executing GetUserToken() in UserService----
2022-12-12 04:40:05,503 [15] DEBUG LTCPro.ServiceLayer.Log4net - ---Executing GetUserToken() in UserService----
2022-12-12 04:40:05,503 [28] DEBUG LTCPro.ServiceLayer.Log4net - ---Executing GetUserToken() in UserService----
2022-12-12 04:40:05,506 [12] DEBUG LTCPro.ServiceLayer.Log4net - ---Executing GetUserToken() in UserService----
2022-12-12 04:40:05,541 [20] DEBUG LTCPro.ServiceLayer.Log4net - ---Executing GetUserToken() in UserService----
2022-12-12 04:40:05,543 [6] DEBUG LTCPro.ServiceLayer.Log4net - ---Executing GetUserToken() in UserService----
2022-12-12 04:40:05,735 [8] DEBUG LTCPro.ServiceLayer.Log4net - ---Executing InsertUserActivityDetails() in CompanyController----
2022-12-12 04:40:05,735 [8] DEBUG LTCPro.ServiceLayer.Log4net - ---Executing InsertUserActivityDetails() in UserActivityService----
2022-12-12 04:40:05,967 [12] DEBUG LTCPro.ServiceLayer.Log4net - ---Executing GetReadMailsCount() in MailboxController----
2022-12-12 04:40:05,967 [12] DEBUG LTCPro.ServiceLayer.Log4net - ---Executing GetReadMailsCount() in MailboxService----
2022-12-12 04:40:06,928 [8] DEBUG LTCPro.ServiceLayer.Log4net - ---Executed Successfully InsertUserActivityDetails() in CompanyController----
2022-12-12 04:40:06,947 [8] DEBUG LTCPro.ServiceLayer.Log4net - ---Executing GetUserToken() in UserService----
2022-12-12 04:40:07,162 [12] DEBUG LTCPro.ServiceLayer.Log4net - ---Executed successfully GetReadMailsCount() in MailboxController----
2022-12-12 04:40:08,183 [15] DEBUG LTCPro.ServiceLayer.Log4net - ---Executing GetAlertsDetails() in MailboxController----
2022-12-12 04:40:08,184 [15] DEBUG LTCPro.ServiceLayer.Log4net - ---Executing GetAlertsDetails() in MailboxService----
2022-12-12 04:40:08,201 [24] DEBUG LTCPro.ServiceLayer.Log4net - ---Executing GetUserToken() in UserService----
2022-12-12 04:40:08,425 [6] DEBUG LTCPro.ServiceLayer.Log4net - ---Executing GetUserRecentFacNs() in UserController----
2022-12-12 04:40:08,425 [6] DEBUG LTCPro.ServiceLayer.Log4net - ---Executing GetUserRecentFacNs() in UserService----
2022-12-12 04:40:08,425 [8] DEBUG LTCPro.ServiceLayer.Log4net - ---Executing GetPendingDosesList() in CommonController----
2022-12-12 04:40:08,425 [8] DEBUG LTCPro.ServiceLayer.Log4net - ---Executing GetPendingDosesList() in CommonService----
2022-12-12 04:40:08,431 [20] DEBUG LTCPro.ServiceLayer.Log4net - ---Executing GetOutboundErrorDetails() in CommonController----
2022-12-12 04:40:08,431 [20] DEBUG LTCPro.ServiceLayer.Log4net - ---Executing GetOutboundErrorDetails() in CommonService----
2022-12-12 04:40:08,659 [24] DEBUG LTCPro.ServiceLayer.Log4net - ---Executing GetUserRecentFacNs() in UserController----
2022-12-12 04:40:08,659 [24] DEBUG LTCPro.ServiceLayer.Log4net - ---Executing GetUserRecentFacNs() in UserService----
2022-12-12 04:40:08,659 [28] DEBUG LTCPro.ServiceLayer.Log4net - ---Executing GetUserPassedDueFlag() in UserController----
2022-12-12 04:40:08,659 [28] DEBUG LTCPro.ServiceLayer.Log4net - ---Executing GetUserPassedDueFlag() in UserService----
2022-12-12 04:40:09,799 [6] DEBUG LTCPro.ServiceLayer.Log4net - ---Executed Successfully GetUserRecentFacNs() in UserController----
2022-12-12 04:40:09,830 [6] DEBUG LTCPro.ServiceLayer.Log4net - ---Executing GetUserToken() in UserService----
2022-12-12 04:40:10,712 [15] DEBUG LTCPro.ServiceLayer.Log4net - ---Executed successfully GetAlertsDetails() in MailboxController----
2022-12-12 04:40:10,770 [12] DEBUG LTCPro.ServiceLayer.Log4net - ---Executing GetUserToken() in UserService----
2022-12-12 04:40:11,171 [6] DEBUG LTCPro.ServiceLayer.Log4net - ---Executing GetDueMARAlertData() in EmarController----
2022-12-12 04:40:11,171 [6] DEBUG LTCPro.ServiceLayer.Log4net - ---Executing GetDueMARAlertData() in EmarService----
2022-12-12 04:40:11,396 [8] DEBUG LTCPro.ServiceLayer.Log4net - ---Executed Successfully GetPendingDosesList() in CommonController----
2022-12-12 04:40:11,411 [12] DEBUG LTCPro.ServiceLayer.Log4net - ---Executing GetUserAccessFacilityNurseStaions() in FacilityController----
2022-12-12 04:40:11,412 [12] DEBUG LTCPro.ServiceLayer.Log4net - ---Executing GetUserAccessFacilityNurseStaions() in FacilityService----
2022-12-12 04:40:11,436 [28] DEBUG LTCPro.ServiceLayer.Log4net - ---Executed Successfully GetUserPassedDueFlag() in UserController----
2022-12-12 04:40:11,663 [24] DEBUG LTCPro.ServiceLayer.Log4net - ---Executed Successfully GetUserRecentFacNs() in UserController----
2022-12-12 04:40:11,680 [8] DEBUG LTCPro.ServiceLayer.Log4net - ---Executing GetUserToken() in UserService----
2022-12-12 04:40:11,879 [12] DEBUG LTCPro.ServiceLayer.Log4net - ---Executed Successfully GetUserAccessFacilityNurseStaions() in FacilityController----
2022-12-12 04:40:12,210 [8] DEBUG LTCPro.ServiceLayer.Log4net - ---Executing GetUserAccessFacilityNurseStaions() in FacilityController----
2022-12-12 04:40:12,212 [8] DEBUG LTCPro.ServiceLayer.Log4net - ---Executing GetUserAccessFacilityNurseStaions() in FacilityService----
2022-12-12 04:40:12,212 [6] DEBUG LTCPro.ServiceLayer.Log4net - ---Executed Successfully GetDueMARAlertData() in EmarController----
2022-12-12 04:40:12,929 [8] DEBUG LTCPro.ServiceLayer.Log4net - ---Executed Successfully GetUserAccessFacilityNurseStaions() in FacilityController----
2022-12-12 04:40:13,229 [12] DEBUG LTCPro.ServiceLayer.Log4net - ---Executing GetUserToken() in UserService----
2022-12-12 04:40:13,462 [12] DEBUG LTCPro.ServiceLayer.Log4net - ---Executing UserNurseStationDrop() in FacilityController----
2022-12-12 04:40:13,462 [12] DEBUG LTCPro.ServiceLayer.Log4net - ---Executing UserNurseStationDrop() in FacilityService----
2022-12-12 04:40:13,699 [12] DEBUG LTCPro.ServiceLayer.Log4net - ---Executed Successfully UserNurseStationDrop() in FacilityController----
2022-12-12 04:40:17,124 [20] DEBUG LTCPro.ServiceLayer.Log4net - ---Executed Successfully GetOutboundErrorDetails() in CommonController----
2022-12-12 04:40:46,889 [8] DEBUG LTCPro.ServiceLayer.Log4net - ---Executing GetUserToken() in UserService----
2022-12-12 04:40:47,123 [8] DEBUG LTCPro.ServiceLayer.Log4net - ---Executing UserNurseStationDrop() in FacilityController----
2022-12-12 04:40:47,123 [8] DEBUG LTCPro.ServiceLayer.Log4net - ---Executing UserNurseStationDrop() in FacilityService----
2022-12-12 04:40:47,358 [8] DEBUG LTCPro.ServiceLayer.Log4net - ---Executed Successfully UserNurseStationDrop() in FacilityController----
2022-12-12 04:43:55,232 [13] DEBUG LTCPro.ServiceLayer.Log4net - ---Executing GetUserToken() in UserService----
2022-12-12 04:43:55,232 [28] DEBUG LTCPro.ServiceLayer.Log4net - ---Executing GetUserToken() in UserService----
2022-12-12 04:43:55,236 [8] DEBUG LTCPro.ServiceLayer.Log4net - ---Executing GetUserToken() in UserService----
2022-12-12 04:43:55,245 [6] DEBUG LTCPro.ServiceLayer.Log4net - ---Executing GetUserToken() in UserService----
2022-12-12 04:43:55,474 [28] DEBUG LTCPro.ServiceLayer.Log4net - ---Executing GetUserPassedDueFlag() in UserController----
2022-12-12 04:43:55,474 [28] DEBUG LTCPro.ServiceLayer.Log4net - ---Executing GetUserPassedDueFlag() in UserService----
2022-12-12 04:43:55,474 [8] DEBUG LTCPro.ServiceLayer.Log4net - ---Executing GetReadMailsCount() in MailboxController----
2022-12-12 04:43:55,474 [8] DEBUG LTCPro.ServiceLayer.Log4net - ---Executing GetReadMailsCount() in MailboxService----
2022-12-12 04:43:55,476 [13] DEBUG LTCPro.ServiceLayer.Log4net - ---Executing GetAlertsDetails() in MailboxController----
2022-12-12 04:43:55,476 [13] DEBUG LTCPro.ServiceLayer.Log4net - ---Executing GetAlertsDetails() in MailboxService----
2022-12-12 04:43:55,479 [6] DEBUG LTCPro.ServiceLayer.Log4net - ---Executing GetDueMARAlertData() in EmarController----
2022-12-12 04:43:55,479 [6] DEBUG LTCPro.ServiceLayer.Log4net - ---Executing GetDueMARAlertData() in EmarService----
2022-12-12 04:43:55,711 [28] DEBUG LTCPro.ServiceLayer.Log4net - ---Executed Successfully GetUserPassedDueFlag() in UserController----
2022-12-12 04:43:55,712 [8] DEBUG LTCPro.ServiceLayer.Log4net - ---Executed successfully GetReadMailsCount() in MailboxController----
2022-12-12 04:43:55,753 [8] DEBUG LTCPro.ServiceLayer.Log4net - ---Executing GetUserToken() in UserService----
2022-12-12 04:43:55,790 [28] DEBUG LTCPro.ServiceLayer.Log4net - ---Executing GetUserToken() in UserService----
2022-12-12 04:43:55,971 [6] DEBUG LTCPro.ServiceLayer.Log4net - ---Executed Successfully GetDueMARAlertData() in EmarController----
2022-12-12 04:43:55,990 [8] DEBUG LTCPro.ServiceLayer.Log4net - ---Executing GetOutboundErrorDetails() in CommonController----
2022-12-12 04:43:55,990 [8] DEBUG LTCPro.ServiceLayer.Log4net - ---Executing GetOutboundErrorDetails() in CommonService----
2022-12-12 04:43:55,994 [6] DEBUG LTCPro.ServiceLayer.Log4net - ---Executing GetUserToken() in UserService----
2022-12-12 04:43:56,026 [28] DEBUG LTCPro.ServiceLayer.Log4net - ---Executing GetUserRecentFacNs() in UserController----
2022-12-12 04:43:56,026 [28] DEBUG LTCPro.ServiceLayer.Log4net - ---Executing GetUserRecentFacNs() in UserService----
2022-12-12 04:43:56,231 [6] DEBUG LTCPro.ServiceLayer.Log4net - ---Executing InsertUserActivityDetails() in CompanyController----
2022-12-12 04:43:56,231 [6] DEBUG LTCPro.ServiceLayer.Log4net - ---Executing InsertUserActivityDetails() in UserActivityService----
2022-12-12 04:43:56,474 [13] DEBUG LTCPro.ServiceLayer.Log4net - ---Executed successfully GetAlertsDetails() in MailboxController----
2022-12-12 04:43:56,490 [13] DEBUG LTCPro.ServiceLayer.Log4net - ---Executing GetUserToken() in UserService----
2022-12-12 04:43:56,492 [28] DEBUG LTCPro.ServiceLayer.Log4net - ---Executed Successfully GetUserRecentFacNs() in UserController----
2022-12-12 04:43:56,508 [28] DEBUG LTCPro.ServiceLayer.Log4net - ---Executing GetUserToken() in UserService----
2022-12-12 04:43:56,727 [13] DEBUG LTCPro.ServiceLayer.Log4net - ---Executing GetPendingDosesList() in CommonController----
2022-12-12 04:43:56,727 [13] DEBUG LTCPro.ServiceLayer.Log4net - ---Executing GetPendingDosesList() in CommonService----
2022-12-12 04:43:56,740 [28] DEBUG LTCPro.ServiceLayer.Log4net - ---Executing GetUserRecentFacNs() in UserController----
2022-12-12 04:43:56,740 [28] DEBUG LTCPro.ServiceLayer.Log4net - ---Executing GetUserRecentFacNs() in UserService----
2022-12-12 04:43:56,952 [6] DEBUG LTCPro.ServiceLayer.Log4net - ---Executed Successfully InsertUserActivityDetails() in CompanyController----
2022-12-12 04:43:56,969 [6] DEBUG LTCPro.ServiceLayer.Log4net - ---Executing GetUserToken() in UserService----
2022-12-12 04:43:57,202 [6] DEBUG LTCPro.ServiceLayer.Log4net - ---Executing GetUserAccessFacilityNurseStaions() in FacilityController----
2022-12-12 04:43:57,202 [6] DEBUG LTCPro.ServiceLayer.Log4net - ---Executing GetUserAccessFacilityNurseStaions() in FacilityService----
2022-12-12 04:43:57,207 [28] DEBUG LTCPro.ServiceLayer.Log4net - ---Executed Successfully GetUserRecentFacNs() in UserController----
2022-12-12 04:43:57,391 [28] DEBUG LTCPro.ServiceLayer.Log4net - ---Executing GetUserToken() in UserService----
2022-12-12 04:43:57,687 [28] DEBUG LTCPro.ServiceLayer.Log4net - ---Executing GetUserAccessFacilityNurseStaions() in FacilityController----
2022-12-12 04:43:57,687 [28] DEBUG LTCPro.ServiceLayer.Log4net - ---Executing GetUserAccessFacilityNurseStaions() in FacilityService----
2022-12-12 04:43:57,687 [6] DEBUG LTCPro.ServiceLayer.Log4net - ---Executed Successfully GetUserAccessFacilityNurseStaions() in FacilityController----
2022-12-12 04:43:58,345 [28] DEBUG LTCPro.ServiceLayer.Log4net - ---Executed Successfully GetUserAccessFacilityNurseStaions() in FacilityController----
2022-12-12 04:43:58,370 [6] DEBUG LTCPro.ServiceLayer.Log4net - ---Executing GetUserToken() in UserService----
2022-12-12 04:43:58,806 [6] DEBUG LTCPro.ServiceLayer.Log4net - ---Executing UserNurseStationDrop() in FacilityController----
2022-12-12 04:43:58,806 [6] DEBUG LTCPro.ServiceLayer.Log4net - ---Executing UserNurseStationDrop() in FacilityService----
2022-12-12 04:43:59,269 [6] DEBUG LTCPro.ServiceLayer.Log4net - ---Executed Successfully UserNurseStationDrop() in FacilityController----
2022-12-12 04:43:59,737 [13] DEBUG LTCPro.ServiceLayer.Log4net - ---Executed Successfully GetPendingDosesList() in CommonController----
2022-12-12 04:44:03,852 [8] DEBUG LTCPro.ServiceLayer.Log4net - ---Executed Successfully GetOutboundErrorDetails() in CommonController----
2022-12-12 04:46:52,246 [13] DEBUG LTCPro.ServiceLayer.Log4net - ---Executing GetUserToken() in UserService----
2022-12-12 04:46:52,483 [13] DEBUG LTCPro.ServiceLayer.Log4net - ---Executing UserNurseStationDrop() in FacilityController----
2022-12-12 04:46:52,483 [13] DEBUG LTCPro.ServiceLayer.Log4net - ---Executing UserNurseStationDrop() in FacilityService----
2022-12-12 04:46:52,719 [13] DEBUG LTCPro.ServiceLayer.Log4net - ---Executed Successfully UserNurseStationDrop() in FacilityController----
2022-12-12 04:47:16,413 [7] DEBUG LTCPro.ServiceLayer.Log4net - ---Executing GetUserToken() in UserService----
2022-12-12 04:47:16,646 [7] DEBUG LTCPro.ServiceLayer.Log4net - ---Executing GetCheckInMedsList() in CheckInPharmacyMedsController----
2022-12-12 04:47:16,646 [7] DEBUG LTCPro.ServiceLayer.Log4net - ---Executing GetCheckInMedsList() in CheckInPharmacyMedsService----
2022-12-12 04:47:50,319 [7] DEBUG LTCPro.ServiceLayer.Log4net - ---Executed Successfully GetCheckInMedsList() in CheckInPharmacyMedsController----
2022-12-12 04:49:58,542 [34] DEBUG LTCPro.ServiceLayer.Log4net - ---Executing GetUserToken() in UserService----
2022-12-12 04:49:58,542 [31] DEBUG LTCPro.ServiceLayer.Log4net - ---Executing GetUserToken() in UserService----
2022-12-12 04:49:58,544 [9] DEBUG LTCPro.ServiceLayer.Log4net - ---Executing GetUserToken() in UserService----
2022-12-12 04:49:58,547 [5] DEBUG LTCPro.ServiceLayer.Log4net - ---Executing GetUserToken() in UserService----
2022-12-12 04:49:58,560 [35] DEBUG LTCPro.ServiceLayer.Log4net - ---Executing GetUserToken() in UserService----
2022-12-12 04:49:58,568 [36] DEBUG LTCPro.ServiceLayer.Log4net - ---Executing GetUserToken() in UserService----
2022-12-12 04:49:58,768 [34] DEBUG LTCPro.ServiceLayer.Log4net - ---Executing GetUserPassedDueFlag() in UserController----
2022-12-12 04:49:58,768 [34] DEBUG LTCPro.ServiceLayer.Log4net - ---Executing GetUserPassedDueFlag() in UserService----
2022-12-12 04:49:58,768 [31] DEBUG LTCPro.ServiceLayer.Log4net - ---Executing GetAlertsDetails() in MailboxController----
2022-12-12 04:49:58,768 [31] DEBUG LTCPro.ServiceLayer.Log4net - ---Executing GetAlertsDetails() in MailboxService----
2022-12-12 04:49:58,769 [9] DEBUG LTCPro.ServiceLayer.Log4net - ---Executing GetOutboundErrorDetails() in CommonController----
2022-12-12 04:49:58,769 [9] DEBUG LTCPro.ServiceLayer.Log4net - ---Executing GetOutboundErrorDetails() in CommonService----
2022-12-12 04:49:59,046 [35] DEBUG LTCPro.ServiceLayer.Log4net - ---Executing GetUserRecentFacNs() in UserController----
2022-12-12 04:49:59,046 [35] DEBUG LTCPro.ServiceLayer.Log4net - ---Executing GetUserRecentFacNs() in UserService----
2022-12-12 04:49:59,047 [34] DEBUG LTCPro.ServiceLayer.Log4net - ---Executed Successfully GetUserPassedDueFlag() in UserController----
2022-12-12 04:49:59,048 [36] DEBUG LTCPro.ServiceLayer.Log4net - ---Executing GetDueMARAlertData() in EmarController----
2022-12-12 04:49:59,048 [36] DEBUG LTCPro.ServiceLayer.Log4net - ---Executing GetDueMARAlertData() in EmarService----
2022-12-12 04:49:59,066 [33] DEBUG LTCPro.ServiceLayer.Log4net - ---Executing GetUserToken() in UserService----
2022-12-12 04:49:59,492 [33] DEBUG LTCPro.ServiceLayer.Log4net - ---Executing GetUserRecentFacNs() in UserController----
2022-12-12 04:49:59,492 [33] DEBUG LTCPro.ServiceLayer.Log4net - ---Executing GetUserRecentFacNs() in UserService----
2022-12-12 04:49:59,713 [35] DEBUG LTCPro.ServiceLayer.Log4net - ---Executed Successfully GetUserRecentFacNs() in UserController----
2022-12-12 04:49:59,741 [34] DEBUG LTCPro.ServiceLayer.Log4net - ---Executing GetUserToken() in UserService----
2022-12-12 04:49:59,941 [5] DEBUG LTCPro.ServiceLayer.Log4net - ---Executing GetReadMailsCount() in MailboxController----
2022-12-12 04:49:59,941 [5] DEBUG LTCPro.ServiceLayer.Log4net - ---Executing GetReadMailsCount() in MailboxService----
2022-12-12 04:50:00,031 [31] DEBUG LTCPro.ServiceLayer.Log4net - ---Executed successfully GetAlertsDetails() in MailboxController----
2022-12-12 04:50:00,053 [31] DEBUG LTCPro.ServiceLayer.Log4net - ---Executing GetUserToken() in UserService----
2022-12-12 04:50:00,161 [34] DEBUG LTCPro.ServiceLayer.Log4net - ---Executing InsertUserActivityDetails() in CompanyController----
2022-12-12 04:50:00,161 [34] DEBUG LTCPro.ServiceLayer.Log4net - ---Executing InsertUserActivityDetails() in UserActivityService----
2022-12-12 04:50:00,164 [33] DEBUG LTCPro.ServiceLayer.Log4net - ---Executed Successfully GetUserRecentFacNs() in UserController----
2022-12-12 04:50:00,190 [33] DEBUG LTCPro.ServiceLayer.Log4net - ---Executing GetUserToken() in UserService----
2022-12-12 04:50:00,260 [5] DEBUG LTCPro.ServiceLayer.Log4net - ---Executed successfully GetReadMailsCount() in MailboxController----
2022-12-12 04:50:00,280 [35] DEBUG LTCPro.ServiceLayer.Log4net - ---Executing GetUserToken() in UserService----
2022-12-12 04:50:00,384 [31] DEBUG LTCPro.ServiceLayer.Log4net - ---Executing GetPendingDosesList() in CommonController----
2022-12-12 04:50:00,384 [31] DEBUG LTCPro.ServiceLayer.Log4net - ---Executing GetPendingDosesList() in CommonService----
2022-12-12 04:50:00,485 [33] DEBUG LTCPro.ServiceLayer.Log4net - ---Executing GetUserAccessFacilityNurseStaions() in FacilityController----
2022-12-12 04:50:00,485 [33] DEBUG LTCPro.ServiceLayer.Log4net - ---Executing GetUserAccessFacilityNurseStaions() in FacilityService----
2022-12-12 04:50:00,825 [35] DEBUG LTCPro.ServiceLayer.Log4net - ---Executing GetUserAccessFacilityNurseStaions() in FacilityController----
2022-12-12 04:50:00,825 [35] DEBUG LTCPro.ServiceLayer.Log4net - ---Executing GetUserAccessFacilityNurseStaions() in FacilityService----
2022-12-12 04:50:01,061 [34] DEBUG LTCPro.ServiceLayer.Log4net - ---Executed Successfully InsertUserActivityDetails() in CompanyController----
2022-12-12 04:50:01,290 [35] DEBUG LTCPro.ServiceLayer.Log4net - ---Executed Successfully GetUserAccessFacilityNurseStaions() in FacilityController----
2022-12-12 04:50:01,331 [36] DEBUG LTCPro.ServiceLayer.Log4net - ---Executed Successfully GetDueMARAlertData() in EmarController----
2022-12-12 04:50:01,368 [34] DEBUG LTCPro.ServiceLayer.Log4net - ---Executing GetUserToken() in UserService----
2022-12-12 04:50:01,591 [34] DEBUG LTCPro.ServiceLayer.Log4net - ---Executing UserNurseStationDrop() in FacilityController----
2022-12-12 04:50:01,591 [34] DEBUG LTCPro.ServiceLayer.Log4net - ---Executing UserNurseStationDrop() in FacilityService----
2022-12-12 04:50:01,819 [34] DEBUG LTCPro.ServiceLayer.Log4net - ---Executed Successfully UserNurseStationDrop() in FacilityController----
2022-12-12 04:50:02,583 [33] DEBUG LTCPro.ServiceLayer.Log4net - ---Executed Successfully GetUserAccessFacilityNurseStaions() in FacilityController----
2022-12-12 04:50:02,836 [31] DEBUG LTCPro.ServiceLayer.Log4net - ---Executed Successfully GetPendingDosesList() in CommonController----
2022-12-12 04:50:06,424 [9] DEBUG LTCPro.ServiceLayer.Log4net - ---Executed Successfully GetOutboundErrorDetails() in CommonController----
2022-12-12 04:50:07,523 [9] DEBUG LTCPro.ServiceLayer.Log4net - ---Executing GetUserToken() in UserService----
2022-12-12 04:50:07,746 [9] DEBUG LTCPro.ServiceLayer.Log4net - ---Executing UserNurseStationDrop() in FacilityController----
2022-12-12 04:50:07,746 [9] DEBUG LTCPro.ServiceLayer.Log4net - ---Executing UserNurseStationDrop() in FacilityService----
2022-12-12 04:50:07,981 [9] DEBUG LTCPro.ServiceLayer.Log4net - ---Executed Successfully UserNurseStationDrop() in FacilityController----
2022-12-12 04:51:51,152 [32] DEBUG LTCPro.ServiceLayer.Log4net - ---Executing GetUserToken() in UserService----
2022-12-12 04:51:51,375 [32] DEBUG LTCPro.ServiceLayer.Log4net - ---Executing GetCheckInMedsList() in CheckInPharmacyMedsController----
2022-12-12 04:51:51,375 [32] DEBUG LTCPro.ServiceLayer.Log4net - ---Executing GetCheckInMedsList() in CheckInPharmacyMedsService----
2022-12-12 04:52:24,946 [32] DEBUG LTCPro.ServiceLayer.Log4net - ---Executed Successfully GetCheckInMedsList() in CheckInPharmacyMedsController----
2022-12-12 04:54:52,663 [38] DEBUG LTCPro.ServiceLayer.Log4net - ---Executing GetUserToken() in UserService----
2022-12-12 04:54:52,675 [40] DEBUG LTCPro.ServiceLayer.Log4net - ---Executing GetUserToken() in UserService----
2022-12-12 04:54:52,701 [37] DEBUG LTCPro.ServiceLayer.Log4net - ---Executing GetUserToken() in UserService----
2022-12-12 04:54:52,705 [39] DEBUG LTCPro.ServiceLayer.Log4net - ---Executing GetUserToken() in UserService----
2022-12-12 04:54:52,899 [38] DEBUG LTCPro.ServiceLayer.Log4net - ---Executing GetAlertsDetails() in MailboxController----
2022-12-12 04:54:52,899 [38] DEBUG LTCPro.ServiceLayer.Log4net - ---Executing GetAlertsDetails() in MailboxService----
2022-12-12 04:54:52,902 [40] DEBUG LTCPro.ServiceLayer.Log4net - ---Executing GetUserPassedDueFlag() in UserController----
2022-12-12 04:54:52,902 [40] DEBUG LTCPro.ServiceLayer.Log4net - ---Executing GetUserPassedDueFlag() in UserService----
2022-12-12 04:54:52,924 [37] DEBUG LTCPro.ServiceLayer.Log4net - ---Executing GetReadMailsCount() in MailboxController----
2022-12-12 04:54:52,924 [37] DEBUG LTCPro.ServiceLayer.Log4net - ---Executing GetReadMailsCount() in MailboxService----
2022-12-12 04:54:52,932 [39] DEBUG LTCPro.ServiceLayer.Log4net - ---Executing GetUserRecentFacNs() in UserController----
2022-12-12 04:54:52,932 [39] DEBUG LTCPro.ServiceLayer.Log4net - ---Executing GetUserRecentFacNs() in UserService----
2022-12-12 04:54:53,128 [40] DEBUG LTCPro.ServiceLayer.Log4net - ---Executed Successfully GetUserPassedDueFlag() in UserController----
2022-12-12 04:54:53,159 [37] DEBUG LTCPro.ServiceLayer.Log4net - ---Executed successfully GetReadMailsCount() in MailboxController----
2022-12-12 04:54:53,192 [40] DEBUG LTCPro.ServiceLayer.Log4net - ---Executing GetUserToken() in UserService----
2022-12-12 04:54:53,217 [37] DEBUG LTCPro.ServiceLayer.Log4net - ---Executing GetUserToken() in UserService----
2022-12-12 04:54:53,412 [39] DEBUG LTCPro.ServiceLayer.Log4net - ---Executed Successfully GetUserRecentFacNs() in UserController----
2022-12-12 04:54:53,421 [40] DEBUG LTCPro.ServiceLayer.Log4net - ---Executing GetOutboundErrorDetails() in CommonController----
2022-12-12 04:54:53,421 [40] DEBUG LTCPro.ServiceLayer.Log4net - ---Executing GetOutboundErrorDetails() in CommonService----
2022-12-12 04:54:53,450 [37] DEBUG LTCPro.ServiceLayer.Log4net - ---Executing GetDueMARAlertData() in EmarController----
2022-12-12 04:54:53,450 [37] DEBUG LTCPro.ServiceLayer.Log4net - ---Executing GetDueMARAlertData() in EmarService----
2022-12-12 04:54:53,499 [42] DEBUG LTCPro.ServiceLayer.Log4net - ---Executing GetUserToken() in UserService----
2022-12-12 04:54:53,523 [41] DEBUG LTCPro.ServiceLayer.Log4net - ---Executing GetUserToken() in UserService----
2022-12-12 04:54:53,531 [43] DEBUG LTCPro.ServiceLayer.Log4net - ---Executing GetUserToken() in UserService----
2022-12-12 04:54:53,688 [38] DEBUG LTCPro.ServiceLayer.Log4net - ---Executed successfully GetAlertsDetails() in MailboxController----
2022-12-12 04:54:53,708 [39] DEBUG LTCPro.ServiceLayer.Log4net - ---Executing GetUserToken() in UserService----
2022-12-12 04:54:53,726 [42] DEBUG LTCPro.ServiceLayer.Log4net - ---Executing GetUserRecentFacNs() in UserController----
2022-12-12 04:54:53,726 [42] DEBUG LTCPro.ServiceLayer.Log4net - ---Executing GetUserRecentFacNs() in UserService----
2022-12-12 04:54:53,757 [43] DEBUG LTCPro.ServiceLayer.Log4net - ---Executing GetPendingDosesList() in CommonController----
2022-12-12 04:54:53,757 [43] DEBUG LTCPro.ServiceLayer.Log4net - ---Executing GetPendingDosesList() in CommonService----
2022-12-12 04:54:53,761 [41] DEBUG LTCPro.ServiceLayer.Log4net - ---Executing InsertUserActivityDetails() in CompanyController----
2022-12-12 04:54:53,762 [41] DEBUG LTCPro.ServiceLayer.Log4net - ---Executing InsertUserActivityDetails() in UserActivityService----
2022-12-12 04:54:53,938 [39] DEBUG LTCPro.ServiceLayer.Log4net - ---Executing GetUserAccessFacilityNurseStaions() in FacilityController----
2022-12-12 04:54:53,938 [39] DEBUG LTCPro.ServiceLayer.Log4net - ---Executing GetUserAccessFacilityNurseStaions() in FacilityService----
2022-12-12 04:54:53,955 [37] DEBUG LTCPro.ServiceLayer.Log4net - ---Executed Successfully GetDueMARAlertData() in EmarController----
2022-12-12 04:54:54,171 [42] DEBUG LTCPro.ServiceLayer.Log4net - ---Executed Successfully GetUserRecentFacNs() in UserController----
2022-12-12 04:54:54,188 [42] DEBUG LTCPro.ServiceLayer.Log4net - ---Executing GetUserToken() in UserService----
2022-12-12 04:54:54,548 [41] DEBUG LTCPro.ServiceLayer.Log4net - ---Executed Successfully InsertUserActivityDetails() in CompanyController----
2022-12-12 04:54:54,549 [39] DEBUG LTCPro.ServiceLayer.Log4net - ---Executed Successfully GetUserAccessFacilityNurseStaions() in FacilityController----
2022-12-12 04:54:54,550 [42] DEBUG LTCPro.ServiceLayer.Log4net - ---Executing GetUserAccessFacilityNurseStaions() in FacilityController----
2022-12-12 04:54:54,550 [42] DEBUG LTCPro.ServiceLayer.Log4net - ---Executing GetUserAccessFacilityNurseStaions() in FacilityService----
2022-12-12 04:54:55,214 [42] DEBUG LTCPro.ServiceLayer.Log4net - ---Executed Successfully GetUserAccessFacilityNurseStaions() in FacilityController----
2022-12-12 04:54:55,237 [37] DEBUG LTCPro.ServiceLayer.Log4net - ---Executing GetUserToken() in UserService----
2022-12-12 04:54:55,432 [43] DEBUG LTCPro.ServiceLayer.Log4net - ---Executed Successfully GetPendingDosesList() in CommonController----
2022-12-12 04:54:55,460 [37] DEBUG LTCPro.ServiceLayer.Log4net - ---Executing UserNurseStationDrop() in FacilityController----
2022-12-12 04:54:55,461 [37] DEBUG LTCPro.ServiceLayer.Log4net - ---Executing UserNurseStationDrop() in FacilityService----
2022-12-12 04:54:55,864 [37] DEBUG LTCPro.ServiceLayer.Log4net - ---Executed Successfully UserNurseStationDrop() in FacilityController----
2022-12-12 04:55:02,107 [39] DEBUG LTCPro.ServiceLayer.Log4net - ---Executing GetUserToken() in UserService----
2022-12-12 04:55:02,409 [39] DEBUG LTCPro.ServiceLayer.Log4net - ---Executing UserNurseStationDrop() in FacilityController----
2022-12-12 04:55:02,409 [39] DEBUG LTCPro.ServiceLayer.Log4net - ---Executing UserNurseStationDrop() in FacilityService----
2022-12-12 04:55:02,409 [40] DEBUG LTCPro.ServiceLayer.Log4net - ---Executed Successfully GetOutboundErrorDetails() in CommonController----
2022-12-12 04:55:02,633 [39] DEBUG LTCPro.ServiceLayer.Log4net - ---Executed Successfully UserNurseStationDrop() in FacilityController----
2022-12-12 04:55:23,507 [39] DEBUG LTCPro.ServiceLayer.Log4net - ---Executing GetUserToken() in UserService----
2022-12-12 04:55:23,732 [39] DEBUG LTCPro.ServiceLayer.Log4net - ---Executing GetCheckInMedsList() in CheckInPharmacyMedsController----
2022-12-12 04:55:23,732 [39] DEBUG LTCPro.ServiceLayer.Log4net - ---Executing GetCheckInMedsList() in CheckInPharmacyMedsService----
2022-12-12 04:55:58,891 [39] DEBUG LTCPro.ServiceLayer.Log4net - ---Executed Successfully GetCheckInMedsList() in CheckInPharmacyMedsController----
2022-12-12 04:57:50,814 [40] DEBUG LTCPro.ServiceLayer.Log4net - ---Executing GetUserToken() in UserService----
2022-12-12 04:57:51,039 [40] DEBUG LTCPro.ServiceLayer.Log4net - ---Executing GetCheckInMedsList() in CheckInPharmacyMedsController----
2022-12-12 04:57:51,039 [40] DEBUG LTCPro.ServiceLayer.Log4net - ---Executing GetCheckInMedsList() in CheckInPharmacyMedsService----
2022-12-12 04:58:25,206 [40] DEBUG LTCPro.ServiceLayer.Log4net - ---Executed Successfully GetCheckInMedsList() in CheckInPharmacyMedsController----
2022-12-12 04:59:58,523 [40] DEBUG LTCPro.ServiceLayer.Log4net - ---Executing GetUserToken() in UserService----
2022-12-12 04:59:58,782 [40] DEBUG LTCPro.ServiceLayer.Log4net - ---Executing GetCheckInMedsList() in CheckInPharmacyMedsController----
2022-12-12 04:59:58,782 [40] DEBUG LTCPro.ServiceLayer.Log4net - ---Executing GetCheckInMedsList() in CheckInPharmacyMedsService----
2022-12-12 05:00:37,354 [40] DEBUG LTCPro.ServiceLayer.Log4net - ---Executed Successfully GetCheckInMedsList() in CheckInPharmacyMedsController----
2022-12-12 05:01:33,494 [9] DEBUG LTCPro.ServiceLayer.Log4net - ---Executing GetUserToken() in UserService----
2022-12-12 05:01:33,673 [31] DEBUG LTCPro.ServiceLayer.Log4net - ---Executing GetUserToken() in UserService----
2022-12-12 05:01:33,741 [33] DEBUG LTCPro.ServiceLayer.Log4net - ---Executing GetUserToken() in UserService----
2022-12-12 05:01:33,759 [36] DEBUG LTCPro.ServiceLayer.Log4net - ---Executing GetUserToken() in UserService----
2022-12-12 05:01:33,779 [5] DEBUG LTCPro.ServiceLayer.Log4net - ---Executing GetUserToken() in UserService----
2022-12-12 05:01:33,781 [9] DEBUG LTCPro.ServiceLayer.Log4net - ---Executing GetAlertsDetails() in MailboxController----
2022-12-12 05:01:33,782 [9] DEBUG LTCPro.ServiceLayer.Log4net - ---Executing GetAlertsDetails() in MailboxService----
2022-12-12 05:01:33,792 [34] DEBUG LTCPro.ServiceLayer.Log4net - ---Executing GetUserToken() in UserService----
2022-12-12 05:01:33,930 [31] DEBUG LTCPro.ServiceLayer.Log4net - ---Executing GetReadMailsCount() in MailboxController----
2022-12-12 05:01:33,930 [31] DEBUG LTCPro.ServiceLayer.Log4net - ---Executing GetReadMailsCount() in MailboxService----
2022-12-12 05:01:34,019 [36] DEBUG LTCPro.ServiceLayer.Log4net - ---Executing GetPendingDosesList() in CommonController----
2022-12-12 05:01:34,019 [36] DEBUG LTCPro.ServiceLayer.Log4net - ---Executing GetPendingDosesList() in CommonService----
2022-12-12 05:01:34,251 [31] DEBUG LTCPro.ServiceLayer.Log4net - ---Executed successfully GetReadMailsCount() in MailboxController----
2022-12-12 05:01:34,290 [31] DEBUG LTCPro.ServiceLayer.Log4net - ---Executing GetUserToken() in UserService----
2022-12-12 05:01:34,485 [34] DEBUG LTCPro.ServiceLayer.Log4net - ---Executing GetDueMARAlertData() in EmarController----
2022-12-12 05:01:34,485 [34] DEBUG LTCPro.ServiceLayer.Log4net - ---Executing GetDueMARAlertData() in EmarService----
2022-12-12 05:01:34,573 [9] DEBUG LTCPro.ServiceLayer.Log4net - ---Executed successfully GetAlertsDetails() in MailboxController----
2022-12-12 05:01:34,606 [9] DEBUG LTCPro.ServiceLayer.Log4net - ---Executing GetUserToken() in UserService----
2022-12-12 05:01:34,720 [31] DEBUG LTCPro.ServiceLayer.Log4net - ---Executing GetOutboundErrorDetails() in CommonController----
2022-12-12 05:01:34,721 [31] DEBUG LTCPro.ServiceLayer.Log4net - ---Executing GetOutboundErrorDetails() in CommonService----
2022-12-12 05:01:34,949 [33] DEBUG LTCPro.ServiceLayer.Log4net - ---Executing GetUserPassedDueFlag() in UserController----
2022-12-12 05:01:34,949 [33] DEBUG LTCPro.ServiceLayer.Log4net - ---Executing GetUserPassedDueFlag() in UserService----
2022-12-12 05:01:34,956 [9] DEBUG LTCPro.ServiceLayer.Log4net - ---Executing GetUserRecentFacNs() in UserController----
2022-12-12 05:01:34,956 [9] DEBUG LTCPro.ServiceLayer.Log4net - ---Executing GetUserRecentFacNs() in UserService----
2022-12-12 05:01:35,087 [34] DEBUG LTCPro.ServiceLayer.Log4net - ---Executed Successfully GetDueMARAlertData() in EmarController----
2022-12-12 05:01:35,119 [34] DEBUG LTCPro.ServiceLayer.Log4net - ---Executing GetUserToken() in UserService----
2022-12-12 05:01:35,188 [33] DEBUG LTCPro.ServiceLayer.Log4net - ---Executed Successfully GetUserPassedDueFlag() in UserController----
2022-12-12 05:01:35,424 [34] DEBUG LTCPro.ServiceLayer.Log4net - ---Executing GetUserRecentFacNs() in UserController----
2022-12-12 05:01:35,425 [34] DEBUG LTCPro.ServiceLayer.Log4net - ---Executing GetUserRecentFacNs() in UserService----
2022-12-12 05:01:35,562 [5] DEBUG LTCPro.ServiceLayer.Log4net - ---Executing InsertUserActivityDetails() in CompanyController----
2022-12-12 05:01:35,562 [5] DEBUG LTCPro.ServiceLayer.Log4net - ---Executing InsertUserActivityDetails() in UserActivityService----
2022-12-12 05:01:35,672 [9] DEBUG LTCPro.ServiceLayer.Log4net - ---Executed Successfully GetUserRecentFacNs() in UserController----
2022-12-12 05:01:35,702 [7] DEBUG LTCPro.ServiceLayer.Log4net - ---Executing GetUserToken() in UserService----
2022-12-12 05:01:36,033 [7] DEBUG LTCPro.ServiceLayer.Log4net - ---Executing GetUserAccessFacilityNurseStaions() in FacilityController----
2022-12-12 05:01:36,033 [7] DEBUG LTCPro.ServiceLayer.Log4net - ---Executing GetUserAccessFacilityNurseStaions() in FacilityService----
2022-12-12 05:01:36,716 [5] DEBUG LTCPro.ServiceLayer.Log4net - ---Executed Successfully InsertUserActivityDetails() in CompanyController----
2022-12-12 05:01:36,719 [7] DEBUG LTCPro.ServiceLayer.Log4net - ---Executed Successfully GetUserAccessFacilityNurseStaions() in FacilityController----
2022-12-12 05:01:38,155 [36] DEBUG LTCPro.ServiceLayer.Log4net - ---Executed Successfully GetPendingDosesList() in CommonController----
2022-12-12 05:01:38,205 [34] DEBUG LTCPro.ServiceLayer.Log4net - ---Executed Successfully GetUserRecentFacNs() in UserController----
2022-12-12 05:01:38,311 [36] DEBUG LTCPro.ServiceLayer.Log4net - ---Executing GetUserToken() in UserService----
2022-12-12 05:01:38,735 [36] DEBUG LTCPro.ServiceLayer.Log4net - ---Executing GetUserAccessFacilityNurseStaions() in FacilityController----
2022-12-12 05:01:38,735 [36] DEBUG LTCPro.ServiceLayer.Log4net - ---Executing GetUserAccessFacilityNurseStaions() in FacilityService----
2022-12-12 05:01:39,391 [36] DEBUG LTCPro.ServiceLayer.Log4net - ---Executed Successfully GetUserAccessFacilityNurseStaions() in FacilityController----
2022-12-12 05:01:39,430 [32] DEBUG LTCPro.ServiceLayer.Log4net - ---Executing GetUserToken() in UserService----
2022-12-12 05:01:40,076 [32] DEBUG LTCPro.ServiceLayer.Log4net - ---Executing UserNurseStationDrop() in FacilityController----
2022-12-12 05:01:40,076 [32] DEBUG LTCPro.ServiceLayer.Log4net - ---Executing UserNurseStationDrop() in FacilityService----
2022-12-12 05:01:40,313 [32] DEBUG LTCPro.ServiceLayer.Log4net - ---Executed Successfully UserNurseStationDrop() in FacilityController----
2022-12-12 05:01:43,581 [31] DEBUG LTCPro.ServiceLayer.Log4net - ---Executed Successfully GetOutboundErrorDetails() in CommonController----
2022-12-12 05:03:56,763 [9] DEBUG LTCPro.ServiceLayer.Log4net - ---Executing GetUserToken() in UserService----
2022-12-12 05:03:56,998 [9] DEBUG LTCPro.ServiceLayer.Log4net - ---Executing UserNurseStationDrop() in FacilityController----
2022-12-12 05:03:56,999 [9] DEBUG LTCPro.ServiceLayer.Log4net - ---Executing UserNurseStationDrop() in FacilityService----
2022-12-12 05:03:57,233 [9] DEBUG LTCPro.ServiceLayer.Log4net - ---Executed Successfully UserNurseStationDrop() in FacilityController----
2022-12-12 05:04:05,149 [31] DEBUG LTCPro.ServiceLayer.Log4net - ---Executing GetUserToken() in UserService----
2022-12-12 05:04:05,386 [31] DEBUG LTCPro.ServiceLayer.Log4net - ---Executing GetCheckInMedsList() in CheckInPharmacyMedsController----
2022-12-12 05:04:05,386 [31] DEBUG LTCPro.ServiceLayer.Log4net - ---Executing GetCheckInMedsList() in CheckInPharmacyMedsService----
2022-12-12 05:04:44,009 [31] DEBUG LTCPro.ServiceLayer.Log4net - ---Executed Successfully GetCheckInMedsList() in CheckInPharmacyMedsController----
2022-12-12 05:24:53,643 [6] DEBUG LTCPro.ServiceLayer.Log4net - ---Executing LogoutUser() in UserController----
2022-12-12 05:24:53,959 [6] DEBUG LTCPro.ServiceLayer.Log4net - ---Executing LogoutUser() in UserService----
2022-12-12 05:25:14,132 [6] DEBUG LTCPro.ServiceLayer.Log4net - ---Executed Successfully LogoutUser() in UserController----
2022-12-12 05:35:11,930 [63] DEBUG LTCPro.ServiceLayer.Log4net - ---Executing UsersConfigNurseStationDrop() in FacilityController----
2022-12-12 05:35:12,028 [63] DEBUG LTCPro.ServiceLayer.Log4net - ---Executing UsersConfigNurseStationDrop() in FacilityService----
2022-12-12 05:35:26,211 [63] DEBUG LTCPro.ServiceLayer.Log4net - ---Executed Successfully UsersConfigNurseStationDrop() in FacilityController----
2022-12-12 05:35:26,525 [56] DEBUG LTCPro.ServiceLayer.Log4net - ---Executing GetProcessKeyMasterList() in FacilityController----
2022-12-12 05:35:26,525 [56] DEBUG LTCPro.ServiceLayer.Log4net - ---Executing GetProcessKeyMasterList() in FacilityService----
2022-12-12 05:35:26,803 [56] DEBUG LTCPro.ServiceLayer.Log4net - ---Executed Successfully GetProcessKeyMasterList() in FacilityController----
2022-12-12 05:35:32,675 [58] DEBUG LTCPro.ServiceLayer.Log4net - ---Executing GetProcessKeyMasterList() in FacilityController----
2022-12-12 05:35:32,675 [58] DEBUG LTCPro.ServiceLayer.Log4net - ---Executing GetProcessKeyMasterList() in FacilityService----
2022-12-12 05:35:32,899 [58] DEBUG LTCPro.ServiceLayer.Log4net - ---Executed Successfully GetProcessKeyMasterList() in FacilityController----
2022-12-12 05:35:33,351 [63] DEBUG LTCPro.ServiceLayer.Log4net - ---Executing CheckUser() in UserService----
2022-12-12 05:35:35,586 [63] DEBUG LTCPro.ServiceLayer.Log4net - ---Executing FindUser() in UserService----
2022-12-12 05:35:36,006 [63] DEBUG LTCPro.ServiceLayer.Log4net - ---Executing InsertUserSession() in UserService----
2022-12-12 05:35:36,820 [63] DEBUG LTCPro.ServiceLayer.Log4net - ---Executing InsertUserToken() in UserService----
2022-12-12 05:35:38,074 [63] DEBUG LTCPro.ServiceLayer.Log4net - ---Executing InsertUpdateUserRecentFacNs() in UserController----
2022-12-12 05:35:38,074 [63] DEBUG LTCPro.ServiceLayer.Log4net - ---Executing GetUserRecentFacNs() in UserService----
2022-12-12 05:35:38,124 [64] DEBUG LTCPro.ServiceLayer.Log4net - ---Executing GetScreenPermissionsForLoggedInUser() in RoleController----
2022-12-12 05:35:38,133 [64] DEBUG LTCPro.ServiceLayer.Log4net - ---Executing GetScreenPermissionsForLoggedInUser() in RoleService----
2022-12-12 05:35:38,528 [63] DEBUG LTCPro.ServiceLayer.Log4net - ---Executing InsertUpdateUserRecentFacNs() in CommonService----
2022-12-12 05:35:38,990 [63] DEBUG LTCPro.ServiceLayer.Log4net - ---Executed Successfully InsertUpdateUserRecentFacNs() in UserController----
2022-12-12 05:35:50,417 [64] DEBUG LTCPro.ServiceLayer.Log4net - ---Executed Successfully GetScreenPermissionsForLoggedInUser() in RoleController----
2022-12-12 05:35:50,726 [56] DEBUG LTCPro.ServiceLayer.Log4net - ---Executing GetUserToken() in UserService----
2022-12-12 05:35:50,726 [63] DEBUG LTCPro.ServiceLayer.Log4net - ---Executing GetUserToken() in UserService----
2022-12-12 05:35:50,734 [62] DEBUG LTCPro.ServiceLayer.Log4net - ---Executing GetUserToken() in UserService----
2022-12-12 05:35:50,760 [64] DEBUG LTCPro.ServiceLayer.Log4net - ---Executing GetUserToken() in UserService----
2022-12-12 05:35:50,918 [65] DEBUG LTCPro.ServiceLayer.Log4net - ---Executing GetUserToken() in UserService----
2022-12-12 05:35:50,972 [56] DEBUG LTCPro.ServiceLayer.Log4net - ---Executing GetAlertsDetails() in MailboxController----
2022-12-12 05:35:50,972 [56] DEBUG LTCPro.ServiceLayer.Log4net - ---Executing GetAlertsDetails() in MailboxService----
2022-12-12 05:35:50,972 [63] DEBUG LTCPro.ServiceLayer.Log4net - ---Executing GetReadMailsCount() in MailboxController----
2022-12-12 05:35:50,972 [63] DEBUG LTCPro.ServiceLayer.Log4net - ---Executing GetReadMailsCount() in MailboxService----
2022-12-12 05:35:50,985 [58] DEBUG LTCPro.ServiceLayer.Log4net - ---Executing GetUserToken() in UserService----
2022-12-12 05:35:51,200 [65] DEBUG LTCPro.ServiceLayer.Log4net - ---Executing InsertUserActivityDetails() in CompanyController----
2022-12-12 05:35:51,201 [65] DEBUG LTCPro.ServiceLayer.Log4net - ---Executing InsertUserActivityDetails() in UserActivityService----
2022-12-12 05:35:51,201 [64] DEBUG LTCPro.ServiceLayer.Log4net - ---Executing GetUserPassedDueFlag() in UserController----
2022-12-12 05:35:51,201 [64] DEBUG LTCPro.ServiceLayer.Log4net - ---Executing GetUserPassedDueFlag() in UserService----
2022-12-12 05:35:51,424 [58] DEBUG LTCPro.ServiceLayer.Log4net - ---Executing GetOutboundErrorDetails() in CommonController----
2022-12-12 05:35:51,424 [58] DEBUG LTCPro.ServiceLayer.Log4net - ---Executing GetOutboundErrorDetails() in CommonService----
2022-12-12 05:35:51,462 [56] DEBUG LTCPro.ServiceLayer.Log4net - ---Executed successfully GetAlertsDetails() in MailboxController----
2022-12-12 05:35:51,487 [66] DEBUG LTCPro.ServiceLayer.Log4net - ---Executing GetUserToken() in UserService----
2022-12-12 05:35:51,647 [63] DEBUG LTCPro.ServiceLayer.Log4net - ---Executed successfully GetReadMailsCount() in MailboxController----
2022-12-12 05:35:51,669 [56] DEBUG LTCPro.ServiceLayer.Log4net - ---Executing GetUserToken() in UserService----
2022-12-12 05:35:51,869 [64] DEBUG LTCPro.ServiceLayer.Log4net - ---Executed Successfully GetUserPassedDueFlag() in UserController----
2022-12-12 05:35:51,904 [64] DEBUG LTCPro.ServiceLayer.Log4net - ---Executing GetUserToken() in UserService----
2022-12-12 05:35:52,089 [58] DEBUG LTCPro.ServiceLayer.Log4net - ---Executed Successfully GetOutboundErrorDetails() in CommonController----
2022-12-12 05:35:52,093 [56] DEBUG LTCPro.ServiceLayer.Log4net - ---Executing GetUserRecentFacNs() in UserController----
2022-12-12 05:35:52,093 [56] DEBUG LTCPro.ServiceLayer.Log4net - ---Executing GetUserRecentFacNs() in UserService----
2022-12-12 05:35:52,114 [62] DEBUG LTCPro.ServiceLayer.Log4net - ---Executing GetDueMARAlertData() in EmarController----
2022-12-12 05:35:52,114 [62] DEBUG LTCPro.ServiceLayer.Log4net - ---Executing GetDueMARAlertData() in EmarService----
2022-12-12 05:35:52,312 [66] DEBUG LTCPro.ServiceLayer.Log4net - ---Executing GetPendingDosesList() in CommonController----
2022-12-12 05:35:52,313 [66] DEBUG LTCPro.ServiceLayer.Log4net - ---Executing GetPendingDosesList() in CommonService----
2022-12-12 05:35:52,315 [64] DEBUG LTCPro.ServiceLayer.Log4net - ---Executing GetUserActiveCompanyMasterList() in CompanyController----
2022-12-12 05:35:52,315 [64] DEBUG LTCPro.ServiceLayer.Log4net - ---Executing GetActiveCompanyMasterList() in CompanyService----
2022-12-12 05:35:52,651 [66] DEBUG LTCPro.ServiceLayer.Log4net - ---Executed Successfully GetPendingDosesList() in CommonController----
2022-12-12 05:35:52,734 [62] DEBUG LTCPro.ServiceLayer.Log4net - ---Executed Successfully GetDueMARAlertData() in EmarController----
2022-12-12 05:35:52,782 [56] DEBUG LTCPro.ServiceLayer.Log4net - ---Executed Successfully GetUserRecentFacNs() in UserController----
2022-12-12 05:35:52,874 [66] DEBUG LTCPro.ServiceLayer.Log4net - ---Executing GetUserToken() in UserService----
2022-12-12 05:35:53,096 [66] DEBUG LTCPro.ServiceLayer.Log4net - ---Executing GetUserAccessFacilityNurseStaions() in FacilityController----
2022-12-12 05:35:53,096 [66] DEBUG LTCPro.ServiceLayer.Log4net - ---Executing GetUserAccessFacilityNurseStaions() in FacilityService----
2022-12-12 05:35:53,755 [64] DEBUG LTCPro.ServiceLayer.Log4net - ---Executed Successfully GetUserActiveCompanyMasterList() in CompanyController----
2022-12-12 05:35:53,756 [66] DEBUG LTCPro.ServiceLayer.Log4net - ---Executed Successfully GetUserAccessFacilityNurseStaions() in FacilityController----
2022-12-12 05:35:53,980 [65] DEBUG LTCPro.ServiceLayer.Log4net - ---Executed Successfully InsertUserActivityDetails() in CompanyController----
2022-12-12 05:35:56,962 [65] DEBUG LTCPro.ServiceLayer.Log4net - ---Executing GetUserToken() in UserService----
2022-12-12 05:35:56,968 [66] DEBUG LTCPro.ServiceLayer.Log4net - ---Executing GetUserToken() in UserService----
2022-12-12 05:35:57,187 [65] DEBUG LTCPro.ServiceLayer.Log4net - ---Executing GetUserRecentFacNs() in UserController----
2022-12-12 05:35:57,187 [65] DEBUG LTCPro.ServiceLayer.Log4net - ---Executing GetUserRecentFacNs() in UserService----
2022-12-12 05:35:57,190 [66] DEBUG LTCPro.ServiceLayer.Log4net - ---Executing InsertUserActivityDetails() in CompanyController----
2022-12-12 05:35:57,190 [66] DEBUG LTCPro.ServiceLayer.Log4net - ---Executing InsertUserActivityDetails() in UserActivityService----
2022-12-12 05:35:57,270 [62] DEBUG LTCPro.ServiceLayer.Log4net - ---Executing GetUserToken() in UserService----
2022-12-12 05:35:57,498 [62] DEBUG LTCPro.ServiceLayer.Log4net - ---Executing OrderEndingSoonStatus() in OrdersController----
2022-12-12 05:35:57,498 [62] DEBUG LTCPro.ServiceLayer.Log4net - ---Executing OrderEndingSoonStatus() in OrdersService----
2022-12-12 05:35:57,666 [65] DEBUG LTCPro.ServiceLayer.Log4net - ---Executed Successfully GetUserRecentFacNs() in UserController----
2022-12-12 05:35:57,702 [65] DEBUG LTCPro.ServiceLayer.Log4net - ---Executing GetUserToken() in UserService----
2022-12-12 05:35:57,797 [62] DEBUG LTCPro.ServiceLayer.Log4net - ---Executed Successfully OrderEndingSoonStatus() in OrdersController----
2022-12-12 05:35:57,888 [66] DEBUG LTCPro.ServiceLayer.Log4net - ---Executed Successfully InsertUserActivityDetails() in CompanyController----
2022-12-12 05:35:57,926 [65] DEBUG LTCPro.ServiceLayer.Log4net - ---Executing GetUserAccessFacilityNurseStaions() in FacilityController----
2022-12-12 05:35:57,926 [65] DEBUG LTCPro.ServiceLayer.Log4net - ---Executing GetUserAccessFacilityNurseStaions() in FacilityService----
2022-12-12 05:35:58,371 [65] DEBUG LTCPro.ServiceLayer.Log4net - ---Executed Successfully GetUserAccessFacilityNurseStaions() in FacilityController----
2022-12-12 05:35:58,424 [62] DEBUG LTCPro.ServiceLayer.Log4net - ---Executing GetUserToken() in UserService----
2022-12-12 05:35:59,244 [62] DEBUG LTCPro.ServiceLayer.Log4net - ---Executing UserNurseStationDrop() in FacilityController----
2022-12-12 05:35:59,244 [62] DEBUG LTCPro.ServiceLayer.Log4net - ---Executing UserNurseStationDrop() in FacilityService----
2022-12-12 05:35:59,472 [62] DEBUG LTCPro.ServiceLayer.Log4net - ---Executed Successfully UserNurseStationDrop() in FacilityController----
2022-12-12 05:35:59,750 [65] DEBUG LTCPro.ServiceLayer.Log4net - ---Executing GetUserToken() in UserService----
2022-12-12 05:35:59,771 [62] DEBUG LTCPro.ServiceLayer.Log4net - ---Executing GetUserToken() in UserService----
2022-12-12 05:35:59,824 [58] DEBUG LTCPro.ServiceLayer.Log4net - ---Executing GetUserToken() in UserService----
2022-12-12 05:35:59,950 [66] DEBUG LTCPro.ServiceLayer.Log4net - ---Executing GetUserToken() in UserService----
2022-12-12 05:36:00,138 [64] DEBUG LTCPro.ServiceLayer.Log4net - ---Executing GetUserToken() in UserService----
2022-12-12 05:36:00,270 [65] DEBUG LTCPro.ServiceLayer.Log4net - ---Executing GetPRNDetailsByfilter() in EMARController----
2022-12-12 05:36:00,270 [65] DEBUG LTCPro.ServiceLayer.Log4net - ---Executing GetPRNDetailsByfilter() in EmarService----
2022-12-12 05:36:00,337 [66] DEBUG LTCPro.ServiceLayer.Log4net - ---Executing GetOrdersGridData() in OrdersController----
2022-12-12 05:36:00,337 [66] DEBUG LTCPro.ServiceLayer.Log4net - ---Executing GetOrdersGridData() in OrdersService----
2022-12-12 05:36:00,338 [58] DEBUG LTCPro.ServiceLayer.Log4net - ---Executing GetCompanyToBedFlagByFacId() in FacilityController----
2022-12-12 05:36:00,338 [58] DEBUG LTCPro.ServiceLayer.Log4net - ---Executing GetCompanyToBedFlagByFacId() in FacilityService----
2022-12-12 05:36:00,378 [62] DEBUG LTCPro.ServiceLayer.Log4net - ---Executing GetSeventyTwoHourDetailsByfilter() in EMARController----
2022-12-12 05:36:00,378 [62] DEBUG LTCPro.ServiceLayer.Log4net - ---Executing GetSeventyTwoHourDetailsByfilter() in EmarService----
2022-12-12 05:36:00,390 [63] DEBUG LTCPro.ServiceLayer.Log4net - ---Executing GetUserToken() in UserService----
2022-12-12 05:36:00,648 [63] DEBUG LTCPro.ServiceLayer.Log4net - ---Executing GetOrdersEndingSoon() in OrdersController----
2022-12-12 05:36:00,648 [63] DEBUG LTCPro.ServiceLayer.Log4net - ---Executing GetOrdersEndingSoon() in OrdersService----
2022-12-12 05:36:01,072 [58] DEBUG LTCPro.ServiceLayer.Log4net - ---Executed Successfully GetCompanyToBedFlagByFacId() in FacilityController----
2022-12-12 05:36:01,138 [58] DEBUG LTCPro.ServiceLayer.Log4net - ---Executing GetUserToken() in UserService----
2022-12-12 05:36:01,578 [63] DEBUG LTCPro.ServiceLayer.Log4net - ---Executed Successfully GetOrdersEndingSoon() in OrdersController----
2022-12-12 05:36:01,718 [64] DEBUG LTCPro.ServiceLayer.Log4net - ---Executing OrderEndingSoonStatus() in OrdersController----
2022-12-12 05:36:01,718 [64] DEBUG LTCPro.ServiceLayer.Log4net - ---Executing OrderEndingSoonStatus() in OrdersService----
2022-12-12 05:36:01,800 [66] DEBUG LTCPro.ServiceLayer.Log4net - ---Executed Successfully GetOrdersGridData() in OrdersController----
2022-12-12 05:36:01,944 [62] DEBUG LTCPro.ServiceLayer.Log4net - ---Executed Successfully GetSeventyTwoHourDetailsByfilter() in EMARController----
2022-12-12 05:36:02,016 [64] DEBUG LTCPro.ServiceLayer.Log4net - ---Executed Successfully OrderEndingSoonStatus() in OrdersController----
2022-12-12 05:36:02,106 [56] DEBUG LTCPro.ServiceLayer.Log4net - ---Executing GetUserToken() in UserService----
2022-12-12 05:36:02,329 [56] DEBUG LTCPro.ServiceLayer.Log4net - ---Executing GetPendingOrdersGridData() in OrdersController----
2022-12-12 05:36:02,329 [56] DEBUG LTCPro.ServiceLayer.Log4net - ---Executing GetPendingOrdersGridData() in OrdersService----
2022-12-12 05:36:02,871 [58] DEBUG LTCPro.ServiceLayer.Log4net - ---Executing GetNurseStationHierarchyDetailsbyNsId() in CompanyController----
2022-12-12 05:36:02,871 [58] DEBUG LTCPro.ServiceLayer.Log4net - ---Executing GetNurseStationHierarchyDetailsbyNsId() in CompanyService----
2022-12-12 05:36:03,277 [65] DEBUG LTCPro.ServiceLayer.Log4net - ---Executed Successfully GetPRNDetailsByfilter() in EMARController----
2022-12-12 05:36:03,337 [58] DEBUG LTCPro.ServiceLayer.Log4net - ---Executed Successfully GetNurseStationHierarchyDetailsbyNsId() in CompanyController----
2022-12-12 05:36:03,921 [63] DEBUG LTCPro.ServiceLayer.Log4net - ---Executing GetUserToken() in UserService----
2022-12-12 05:36:03,926 [62] DEBUG LTCPro.ServiceLayer.Log4net - ---Executing GetUserToken() in UserService----
2022-12-12 05:36:03,929 [64] DEBUG LTCPro.ServiceLayer.Log4net - ---Executing GetUserToken() in UserService----
2022-12-12 05:36:04,395 [63] DEBUG LTCPro.ServiceLayer.Log4net - ---Executing InsertUserActivityDetails() in CompanyController----
2022-12-12 05:36:04,396 [63] DEBUG LTCPro.ServiceLayer.Log4net - ---Executing InsertUserActivityDetails() in UserActivityService----
2022-12-12 05:36:04,396 [64] DEBUG LTCPro.ServiceLayer.Log4net - ---Executing GetDueMARAlertData() in EmarController----
2022-12-12 05:36:04,396 [64] DEBUG LTCPro.ServiceLayer.Log4net - ---Executing GetDueMARAlertData() in EmarService----
2022-12-12 05:36:04,396 [62] DEBUG LTCPro.ServiceLayer.Log4net - ---Executing GetUserRecentFacNs() in UserController----
2022-12-12 05:36:04,396 [62] DEBUG LTCPro.ServiceLayer.Log4net - ---Executing GetUserRecentFacNs() in UserService----
2022-12-12 05:36:04,648 [56] DEBUG LTCPro.ServiceLayer.Log4net - ---Executed Successfully GetPendingOrdersGridData() in OrdersController----
2022-12-12 05:36:04,735 [64] DEBUG LTCPro.ServiceLayer.Log4net - ---Executed Successfully GetDueMARAlertData() in EmarController----
2022-12-12 05:36:04,864 [62] DEBUG LTCPro.ServiceLayer.Log4net - ---Executed Successfully GetUserRecentFacNs() in UserController----
2022-12-12 05:36:04,970 [64] DEBUG LTCPro.ServiceLayer.Log4net - ---Executing GetUserToken() in UserService----
2022-12-12 05:36:05,071 [63] DEBUG LTCPro.ServiceLayer.Log4net - ---Executed Successfully InsertUserActivityDetails() in CompanyController----
2022-12-12 05:36:05,195 [64] DEBUG LTCPro.ServiceLayer.Log4net - ---Executing GetCompanyToBedData() in FacilityController----
2022-12-12 05:36:05,195 [64] DEBUG LTCPro.ServiceLayer.Log4net - ---Executing GetCompanyToBedData() in FacilityService----
2022-12-12 05:36:05,789 [58] DEBUG LTCPro.ServiceLayer.Log4net - ---Executing GetUserToken() in UserService----
2022-12-12 05:36:05,796 [56] DEBUG LTCPro.ServiceLayer.Log4net - ---Executing GetUserToken() in UserService----
2022-12-12 05:36:06,012 [58] DEBUG LTCPro.ServiceLayer.Log4net - ---Executing InsertUserActivityDetails() in CompanyController----
2022-12-12 05:36:06,012 [58] DEBUG LTCPro.ServiceLayer.Log4net - ---Executing InsertUserActivityDetails() in UserActivityService----
2022-12-12 05:36:06,021 [56] DEBUG LTCPro.ServiceLayer.Log4net - ---Executing GetUserRecentFacNs() in UserController----
2022-12-12 05:36:06,021 [56] DEBUG LTCPro.ServiceLayer.Log4net - ---Executing GetUserRecentFacNs() in UserService----
2022-12-12 05:36:06,464 [56] DEBUG LTCPro.ServiceLayer.Log4net - ---Executed Successfully GetUserRecentFacNs() in UserController----
2022-12-12 05:36:06,484 [49] DEBUG LTCPro.ServiceLayer.Log4net - ---Executing GetUserToken() in UserService----
2022-12-12 05:36:06,674 [58] DEBUG LTCPro.ServiceLayer.Log4net - ---Executed Successfully InsertUserActivityDetails() in CompanyController----
2022-12-12 05:36:06,712 [49] DEBUG LTCPro.ServiceLayer.Log4net - ---Executing GetUserAccessFacilityNurseStaions() in FacilityController----
2022-12-12 05:36:06,712 [49] DEBUG LTCPro.ServiceLayer.Log4net - ---Executing GetUserAccessFacilityNurseStaions() in FacilityService----
2022-12-12 05:36:07,161 [49] DEBUG LTCPro.ServiceLayer.Log4net - ---Executed Successfully GetUserAccessFacilityNurseStaions() in FacilityController----
2022-12-12 05:36:07,189 [56] DEBUG LTCPro.ServiceLayer.Log4net - ---Executing GetUserToken() in UserService----
2022-12-12 05:36:07,413 [56] DEBUG LTCPro.ServiceLayer.Log4net - ---Executing UserNurseStationDrop() in FacilityController----
2022-12-12 05:36:07,413 [56] DEBUG LTCPro.ServiceLayer.Log4net - ---Executing UserNurseStationDrop() in FacilityService----
2022-12-12 05:36:07,574 [64] DEBUG LTCPro.ServiceLayer.Log4net - ---Executed Successfully GetCompanyToBedData() in FacilityController----
2022-12-12 05:36:07,596 [65] DEBUG LTCPro.ServiceLayer.Log4net - ---Executing GetUserToken() in UserService----
2022-12-12 05:36:07,638 [56] DEBUG LTCPro.ServiceLayer.Log4net - ---Executed Successfully UserNurseStationDrop() in FacilityController----
2022-12-12 05:36:07,867 [65] DEBUG LTCPro.ServiceLayer.Log4net - ---Executing UserNurseStationDrop() in FacilityController----
2022-12-12 05:36:07,867 [65] DEBUG LTCPro.ServiceLayer.Log4net - ---Executing UserNurseStationDrop() in FacilityService----
2022-12-12 05:36:07,893 [56] DEBUG LTCPro.ServiceLayer.Log4net - ---Executing GetUsersByNSID() in UserController----
2022-12-12 05:36:07,974 [58] DEBUG LTCPro.ServiceLayer.Log4net - ---Executing GetUserToken() in UserService----
2022-12-12 05:36:08,007 [56] DEBUG LTCPro.ServiceLayer.Log4net - ---Executing GetUsersByNSID() in UserService----
2022-12-12 05:36:08,090 [65] DEBUG LTCPro.ServiceLayer.Log4net - ---Executed Successfully UserNurseStationDrop() in FacilityController----
2022-12-12 05:36:08,160 [65] DEBUG LTCPro.ServiceLayer.Log4net - ---Executing GetUserToken() in UserService----
2022-12-12 05:36:08,165 [50] DEBUG LTCPro.ServiceLayer.Log4net - ---Executing GetUserToken() in UserService----
2022-12-12 05:36:08,285 [58] DEBUG LTCPro.ServiceLayer.Log4net - ---Executing GetResidentsListByNSId() in AssesmentController----
2022-12-12 05:36:08,387 [58] DEBUG LTCPro.ServiceLayer.Log4net - ---Executing GetResidentsListByNSId() in AssesmentService----
2022-12-12 05:36:08,390 [65] DEBUG LTCPro.ServiceLayer.Log4net - ---Executing GetNursingScheduleData() in EmarController----
2022-12-12 05:36:08,390 [65] DEBUG LTCPro.ServiceLayer.Log4net - ---Executing GetNursingScheduleData() in EmarService----
2022-12-12 05:36:08,462 [50] DEBUG LTCPro.ServiceLayer.Log4net - ---Executing GetDrFirstFlagForCompanyByNSId() in CompanyController----
2022-12-12 05:36:08,462 [50] DEBUG LTCPro.ServiceLayer.Log4net - ---Executing GetDrFirstFlagForCompanyByNSId() in CompanyService----
2022-12-12 05:36:08,470 [49] DEBUG LTCPro.ServiceLayer.Log4net - ---Executing GetUserToken() in UserService----
2022-12-12 05:36:08,700 [49] DEBUG LTCPro.ServiceLayer.Log4net - ---Executing GetPendingOrdersGridData() in OrdersController----
2022-12-12 05:36:08,700 [49] DEBUG LTCPro.ServiceLayer.Log4net - ---Executing GetPendingOrdersGridData() in OrdersService----
2022-12-12 05:36:08,758 [50] DEBUG LTCPro.ServiceLayer.Log4net - ---Executed Successfully GetDrFirstFlagForCompanyByNSId() in CompanyController----
2022-12-12 05:36:08,950 [63] DEBUG LTCPro.ServiceLayer.Log4net - ---Executing GetUserToken() in UserService----
2022-12-12 05:36:09,204 [63] DEBUG LTCPro.ServiceLayer.Log4net - ---Executing GetTimeZoneDate() in CommonController----
2022-12-12 05:36:09,204 [63] DEBUG LTCPro.ServiceLayer.Log4net - ---Executing GetTimeZoneDate() in CommonService----
2022-12-12 05:36:09,490 [63] DEBUG LTCPro.ServiceLayer.Log4net - ---Executed Successfully GetTimeZoneDate() in CommonController----
2022-12-12 05:36:09,924 [56] DEBUG LTCPro.ServiceLayer.Log4net - ---Executed Successfully GetUsersByNSID() in UserController----
2022-12-12 05:36:09,924 [58] DEBUG LTCPro.ServiceLayer.Log4net - ---Executed Successfully GetResidentsListByNSId() in AssesmentController----
2022-12-12 05:36:10,326 [63] DEBUG LTCPro.ServiceLayer.Log4net - ---Executing GetUserToken() in UserService----
2022-12-12 05:36:10,578 [63] DEBUG LTCPro.ServiceLayer.Log4net - ---Executing GetTimeZoneDate() in CommonController----
2022-12-12 05:36:10,578 [63] DEBUG LTCPro.ServiceLayer.Log4net - ---Executing GetTimeZoneDate() in CommonService----
2022-12-12 05:36:10,820 [63] DEBUG LTCPro.ServiceLayer.Log4net - ---Executed Successfully GetTimeZoneDate() in CommonController----
2022-12-12 05:36:11,237 [49] DEBUG LTCPro.ServiceLayer.Log4net - ---Executed Successfully GetPendingOrdersGridData() in OrdersController----
2022-12-12 05:36:14,539 [56] DEBUG LTCPro.ServiceLayer.Log4net - ---Executing GetUserToken() in UserService----
2022-12-12 05:36:14,766 [56] DEBUG LTCPro.ServiceLayer.Log4net - ---Executing GetNursingScheduleData() in EmarController----
2022-12-12 05:36:14,823 [56] DEBUG LTCPro.ServiceLayer.Log4net - ---Executing GetNursingScheduleData() in EmarService----
2022-12-12 05:36:30,711 [56] DEBUG LTCPro.ServiceLayer.Log4net - ---Executed Successfully GetNursingScheduleData() in EmarController----
2022-12-12 05:36:35,514 [56] DEBUG LTCPro.ServiceLayer.Log4net - ---Executing GetUserToken() in UserService----
2022-12-12 05:36:35,963 [56] DEBUG LTCPro.ServiceLayer.Log4net - ---Executing GetOrdersListData() in CommonController----
2022-12-12 05:36:36,003 [56] DEBUG LTCPro.ServiceLayer.Log4net - ---Executing GetOrdersListData() in CommonService----
2022-12-12 05:36:42,063 [56] DEBUG LTCPro.ServiceLayer.Log4net - ---Executed Successfully GetOrdersListData() in CommonController----
2022-12-12 05:36:42,233 [58] DEBUG LTCPro.ServiceLayer.Log4net - ---Executing GetUserToken() in UserService----
2022-12-12 05:36:42,381 [56] DEBUG LTCPro.ServiceLayer.Log4net - ---Executing GetUserToken() in UserService----
2022-12-12 05:36:42,383 [48] DEBUG LTCPro.ServiceLayer.Log4net - ---Executing GetUserToken() in UserService----
2022-12-12 05:36:42,387 [47] DEBUG LTCPro.ServiceLayer.Log4net - ---Executing GetUserToken() in UserService----
2022-12-12 05:36:42,404 [63] DEBUG LTCPro.ServiceLayer.Log4net - ---Executing GetUserToken() in UserService----
2022-12-12 05:36:42,456 [58] DEBUG LTCPro.ServiceLayer.Log4net - ---Executing GetDrFirstFlagForCompanyByNSId() in CompanyController----
2022-12-12 05:36:42,456 [58] DEBUG LTCPro.ServiceLayer.Log4net - ---Executing GetDrFirstFlagForCompanyByNSId() in CompanyService----
2022-12-12 05:36:42,607 [56] DEBUG LTCPro.ServiceLayer.Log4net - ---Executing GetVitalsCheckList() in EMARController----
2022-12-12 05:36:42,610 [47] DEBUG LTCPro.ServiceLayer.Log4net - ---Executing GetVitalsCheckList() in EMARController----
2022-12-12 05:36:42,622 [48] DEBUG LTCPro.ServiceLayer.Log4net - ---Executing GetVitalsCheckList() in EMARController----
2022-12-12 05:36:42,626 [63] DEBUG LTCPro.ServiceLayer.Log4net - ---Executing GetVitalsCheckList() in EMARController----
2022-12-12 05:36:42,693 [58] DEBUG LTCPro.ServiceLayer.Log4net - ---Executed Successfully GetDrFirstFlagForCompanyByNSId() in CompanyController----
2022-12-12 05:36:43,455 [56] DEBUG LTCPro.ServiceLayer.Log4net - ---Executed Successfully GetVitalsCheckList() in EMARController----
2022-12-12 05:36:43,560 [47] DEBUG LTCPro.ServiceLayer.Log4net - ---Executed Successfully GetVitalsCheckList() in EMARController----
2022-12-12 05:36:43,781 [48] DEBUG LTCPro.ServiceLayer.Log4net - ---Executed Successfully GetVitalsCheckList() in EMARController----
2022-12-12 05:36:44,354 [63] DEBUG LTCPro.ServiceLayer.Log4net - ---Executed Successfully GetVitalsCheckList() in EMARController----
2022-12-12 05:36:45,046 [65] DEBUG LTCPro.ServiceLayer.Log4net - ---Executed Successfully GetNursingScheduleData() in EmarController----
2022-12-12 05:36:45,112 [58] DEBUG LTCPro.ServiceLayer.Log4net - ---Executing GetUserToken() in UserService----
2022-12-12 05:36:45,336 [58] DEBUG LTCPro.ServiceLayer.Log4net - ---Executing GetNurseShiftDrop() in CommonController----
2022-12-12 05:36:45,336 [58] DEBUG LTCPro.ServiceLayer.Log4net - ---Executing GetNurseShiftDrop() in CommonService----
2022-12-12 05:36:45,618 [58] DEBUG LTCPro.ServiceLayer.Log4net - ---Executed Successfully GetNurseShiftDrop() in CommonController----
2022-12-12 05:37:01,093 [58] DEBUG LTCPro.ServiceLayer.Log4net - ---Executing GetUserToken() in UserService----
2022-12-12 05:37:01,317 [58] DEBUG LTCPro.ServiceLayer.Log4net - ---Executing GetOrdersListData() in CommonController----
2022-12-12 05:37:01,317 [58] DEBUG LTCPro.ServiceLayer.Log4net - ---Executing GetOrdersListData() in CommonService----
2022-12-12 05:37:03,003 [58] DEBUG LTCPro.ServiceLayer.Log4net - ---Executed Successfully GetOrdersListData() in CommonController----
2022-12-12 05:37:03,096 [65] DEBUG LTCPro.ServiceLayer.Log4net - ---Executing GetUserToken() in UserService----
2022-12-12 05:37:03,097 [63] DEBUG LTCPro.ServiceLayer.Log4net - ---Executing GetUserToken() in UserService----
2022-12-12 05:37:03,106 [49] DEBUG LTCPro.ServiceLayer.Log4net - ---Executing GetUserToken() in UserService----
2022-12-12 05:37:03,106 [50] DEBUG LTCPro.ServiceLayer.Log4net - ---Executing GetUserToken() in UserService----
2022-12-12 05:37:03,120 [47] DEBUG LTCPro.ServiceLayer.Log4net - ---Executing GetUserToken() in UserService----
2022-12-12 05:37:03,318 [65] DEBUG LTCPro.ServiceLayer.Log4net - ---Executing GetVitalsCheckList() in EMARController----
2022-12-12 05:37:03,322 [63] DEBUG LTCPro.ServiceLayer.Log4net - ---Executing GetVitalsCheckList() in EMARController----
2022-12-12 05:37:03,329 [50] DEBUG LTCPro.ServiceLayer.Log4net - ---Executing GetDrFirstFlagForCompanyByNSId() in CompanyController----
2022-12-12 05:37:03,329 [50] DEBUG LTCPro.ServiceLayer.Log4net - ---Executing GetDrFirstFlagForCompanyByNSId() in CompanyService----
2022-12-12 05:37:03,329 [49] DEBUG LTCPro.ServiceLayer.Log4net - ---Executing GetVitalsCheckList() in EMARController----
2022-12-12 05:37:03,346 [47] DEBUG LTCPro.ServiceLayer.Log4net - ---Executing GetVitalsCheckList() in EMARController----
2022-12-12 05:37:03,567 [50] DEBUG LTCPro.ServiceLayer.Log4net - ---Executed Successfully GetDrFirstFlagForCompanyByNSId() in CompanyController----
2022-12-12 05:37:03,986 [63] DEBUG LTCPro.ServiceLayer.Log4net - ---Executed Successfully GetVitalsCheckList() in EMARController----
2022-12-12 05:37:03,986 [65] DEBUG LTCPro.ServiceLayer.Log4net - ---Executed Successfully GetVitalsCheckList() in EMARController----
2022-12-12 05:37:04,010 [47] DEBUG LTCPro.ServiceLayer.Log4net - ---Executed Successfully GetVitalsCheckList() in EMARController----
2022-12-12 05:37:05,138 [49] DEBUG LTCPro.ServiceLayer.Log4net - ---Executed Successfully GetVitalsCheckList() in EMARController----
2022-12-12 05:37:13,740 [63] DEBUG LTCPro.ServiceLayer.Log4net - ---Executing GetUserToken() in UserService----
2022-12-12 05:37:13,751 [58] DEBUG LTCPro.ServiceLayer.Log4net - ---Executing GetUserToken() in UserService----
2022-12-12 05:37:13,964 [63] DEBUG LTCPro.ServiceLayer.Log4net - ---Executing GetDrFirstFlagForCompanyByNSId() in CompanyController----
2022-12-12 05:37:13,964 [63] DEBUG LTCPro.ServiceLayer.Log4net - ---Executing GetDrFirstFlagForCompanyByNSId() in CompanyService----
2022-12-12 05:37:13,974 [58] DEBUG LTCPro.ServiceLayer.Log4net - ---Executing GetResidentInformation() in ResidentDemographicController----
2022-12-12 05:37:14,035 [58] DEBUG LTCPro.ServiceLayer.Log4net - ---Executing GetResidentInformation() in ResidentDemographicService----
2022-12-12 05:37:14,189 [63] DEBUG LTCPro.ServiceLayer.Log4net - ---Executed Successfully GetDrFirstFlagForCompanyByNSId() in CompanyController----
2022-12-12 05:37:14,307 [48] DEBUG LTCPro.ServiceLayer.Log4net - ---Executing GetUserToken() in UserService----
2022-12-12 05:37:14,532 [48] DEBUG LTCPro.ServiceLayer.Log4net - ---Executing GetTimeZoneDate() in CommonController----
2022-12-12 05:37:14,533 [48] DEBUG LTCPro.ServiceLayer.Log4net - ---Executing GetTimeZoneDate() in CommonService----
2022-12-12 05:37:14,755 [48] DEBUG LTCPro.ServiceLayer.Log4net - ---Executed Successfully GetTimeZoneDate() in CommonController----
2022-12-12 05:37:19,043 [58] DEBUG LTCPro.ServiceLayer.Log4net - ---Executed Successfully GetResidentInformation() in ResidentDemographicController----
2022-12-12 05:37:19,346 [56] DEBUG LTCPro.ServiceLayer.Log4net - ---Executing GetUserToken() in UserService----
2022-12-12 05:37:19,571 [56] DEBUG LTCPro.ServiceLayer.Log4net - ---Executing GetDrugsListData() in CommonController----
2022-12-12 05:37:19,605 [56] DEBUG LTCPro.ServiceLayer.Log4net - ---Executing GetDrugsListData() in CommonService----
2022-12-12 05:37:19,942 [56] DEBUG LTCPro.ServiceLayer.Log4net - ---Executed Successfully GetDrugsListData() in CommonController----
2022-12-12 05:37:20,074 [58] DEBUG LTCPro.ServiceLayer.Log4net - ---Executing GetUserToken() in UserService----
2022-12-12 05:37:20,329 [58] DEBUG LTCPro.ServiceLayer.Log4net - ---Executing GetMedicationReason() in EmarController----
2022-12-12 05:37:20,330 [58] DEBUG LTCPro.ServiceLayer.Log4net - ---Executing GetMedicationReason() in EmarService----
2022-12-12 05:37:20,926 [58] DEBUG LTCPro.ServiceLayer.Log4net - ---Executed Successfully GetMedicationReason() in EmarController----
2022-12-12 05:37:24,953 [48] DEBUG LTCPro.ServiceLayer.Log4net - ---Executing GetUserToken() in UserService----
2022-12-12 05:37:25,176 [48] DEBUG LTCPro.ServiceLayer.Log4net - ---Executing GetMedicationReason() in EmarController----
2022-12-12 05:37:25,176 [48] DEBUG LTCPro.ServiceLayer.Log4net - ---Executing GetMedicationReason() in EmarService----
2022-12-12 05:37:25,399 [48] DEBUG LTCPro.ServiceLayer.Log4net - ---Executed Successfully GetMedicationReason() in EmarController----
2022-12-12 05:37:40,604 [50] DEBUG LTCPro.ServiceLayer.Log4net - ---Executing GetUserToken() in UserService----
2022-12-12 05:37:40,827 [50] DEBUG LTCPro.ServiceLayer.Log4net - ---Executing GetOrdersListData() in CommonController----
2022-12-12 05:37:40,827 [50] DEBUG LTCPro.ServiceLayer.Log4net - ---Executing GetOrdersListData() in CommonService----
2022-12-12 05:37:42,727 [50] DEBUG LTCPro.ServiceLayer.Log4net - ---Executed Successfully GetOrdersListData() in CommonController----
2022-12-12 05:37:42,849 [50] DEBUG LTCPro.ServiceLayer.Log4net - ---Executing GetUserToken() in UserService----
2022-12-12 05:37:42,862 [47] DEBUG LTCPro.ServiceLayer.Log4net - ---Executing GetUserToken() in UserService----
2022-12-12 05:37:42,864 [58] DEBUG LTCPro.ServiceLayer.Log4net - ---Executing GetUserToken() in UserService----
2022-12-12 05:37:42,865 [48] DEBUG LTCPro.ServiceLayer.Log4net - ---Executing GetUserToken() in UserService----
2022-12-12 05:37:43,093 [58] DEBUG LTCPro.ServiceLayer.Log4net - ---Executing GetVitalsCheckList() in EMARController----
2022-12-12 05:37:43,093 [48] DEBUG LTCPro.ServiceLayer.Log4net - ---Executing GetVitalsCheckList() in EMARController----
2022-12-12 05:37:43,096 [47] DEBUG LTCPro.ServiceLayer.Log4net - ---Executing GetDrFirstFlagForCompanyByNSId() in CompanyController----
2022-12-12 05:37:43,096 [47] DEBUG LTCPro.ServiceLayer.Log4net - ---Executing GetDrFirstFlagForCompanyByNSId() in CompanyService----
2022-12-12 05:37:43,103 [50] DEBUG LTCPro.ServiceLayer.Log4net - ---Executing GetVitalsCheckList() in EMARController----
2022-12-12 05:37:43,328 [47] DEBUG LTCPro.ServiceLayer.Log4net - ---Executed Successfully GetDrFirstFlagForCompanyByNSId() in CompanyController----
2022-12-12 05:37:43,352 [47] DEBUG LTCPro.ServiceLayer.Log4net - ---Executing GetUserToken() in UserService----
2022-12-12 05:37:43,576 [47] DEBUG LTCPro.ServiceLayer.Log4net - ---Executing GetVitalsCheckList() in EMARController----
2022-12-12 05:37:43,758 [48] DEBUG LTCPro.ServiceLayer.Log4net - ---Executed Successfully GetVitalsCheckList() in EMARController----
2022-12-12 05:37:43,758 [58] DEBUG LTCPro.ServiceLayer.Log4net - ---Executed Successfully GetVitalsCheckList() in EMARController----
2022-12-12 05:37:43,773 [50] DEBUG LTCPro.ServiceLayer.Log4net - ---Executed Successfully GetVitalsCheckList() in EMARController----
2022-12-12 05:37:43,792 [58] DEBUG LTCPro.ServiceLayer.Log4net - ---Executing GetUserToken() in UserService----
2022-12-12 05:37:44,017 [58] DEBUG LTCPro.ServiceLayer.Log4net - ---Executing GetVitalsCheckList() in EMARController----
2022-12-12 05:37:44,240 [47] DEBUG LTCPro.ServiceLayer.Log4net - ---Executed Successfully GetVitalsCheckList() in EMARController----
2022-12-12 05:37:44,680 [58] DEBUG LTCPro.ServiceLayer.Log4net - ---Executed Successfully GetVitalsCheckList() in EMARController----
2022-12-12 05:37:50,292 [56] DEBUG LTCPro.ServiceLayer.Log4net - ---Executing GetUserToken() in UserService----
2022-12-12 05:37:50,517 [56] DEBUG LTCPro.ServiceLayer.Log4net - ---Executing GetOrdersListData() in CommonController----
2022-12-12 05:37:50,517 [56] DEBUG LTCPro.ServiceLayer.Log4net - ---Executing GetOrdersListData() in CommonService----
2022-12-12 05:37:52,901 [56] DEBUG LTCPro.ServiceLayer.Log4net - ---Executed Successfully GetOrdersListData() in CommonController----
2022-12-12 05:37:52,980 [48] DEBUG LTCPro.ServiceLayer.Log4net - ---Executing GetUserToken() in UserService----
2022-12-12 05:37:52,984 [50] DEBUG LTCPro.ServiceLayer.Log4net - ---Executing GetUserToken() in UserService----
2022-12-12 05:37:52,986 [65] DEBUG LTCPro.ServiceLayer.Log4net - ---Executing GetUserToken() in UserService----
2022-12-12 05:37:52,989 [47] DEBUG LTCPro.ServiceLayer.Log4net - ---Executing GetUserToken() in UserService----
2022-12-12 05:37:53,092 [63] DEBUG LTCPro.ServiceLayer.Log4net - ---Executing GetUserToken() in UserService----
2022-12-12 05:37:53,095 [6] DEBUG LTCPro.ServiceLayer.Log4net - ---Executing GetUserToken() in UserService----
2022-12-12 05:37:53,205 [48] DEBUG LTCPro.ServiceLayer.Log4net - ---Executing GetVitalsCheckList() in EMARController----
2022-12-12 05:37:53,209 [50] DEBUG LTCPro.ServiceLayer.Log4net - ---Executing GetVitalsCheckList() in EMARController----
2022-12-12 05:37:53,210 [65] DEBUG LTCPro.ServiceLayer.Log4net - ---Executing GetVitalsCheckList() in EMARController----
2022-12-12 05:37:53,214 [47] DEBUG LTCPro.ServiceLayer.Log4net - ---Executing GetDrFirstFlagForCompanyByNSId() in CompanyController----
2022-12-12 05:37:53,214 [47] DEBUG LTCPro.ServiceLayer.Log4net - ---Executing GetDrFirstFlagForCompanyByNSId() in CompanyService----
2022-12-12 05:37:53,323 [63] DEBUG LTCPro.ServiceLayer.Log4net - ---Executing GetVitalsCheckList() in EMARController----
2022-12-12 05:37:53,323 [6] DEBUG LTCPro.ServiceLayer.Log4net - ---Executing GetVitalsCheckList() in EMARController----
2022-12-12 05:37:53,447 [47] DEBUG LTCPro.ServiceLayer.Log4net - ---Executed Successfully GetDrFirstFlagForCompanyByNSId() in CompanyController----
2022-12-12 05:37:53,472 [58] DEBUG LTCPro.ServiceLayer.Log4net - ---Executing GetUserToken() in UserService----
2022-12-12 05:37:53,696 [58] DEBUG LTCPro.ServiceLayer.Log4net - ---Executing GetVitalsCheckList() in EMARController----
2022-12-12 05:37:53,872 [48] DEBUG LTCPro.ServiceLayer.Log4net - ---Executed Successfully GetVitalsCheckList() in EMARController----
2022-12-12 05:37:53,893 [65] DEBUG LTCPro.ServiceLayer.Log4net - ---Executed Successfully GetVitalsCheckList() in EMARController----
2022-12-12 05:37:53,906 [47] DEBUG LTCPro.ServiceLayer.Log4net - ---Executing GetUserToken() in UserService----
2022-12-12 05:37:54,114 [6] DEBUG LTCPro.ServiceLayer.Log4net - ---Executed Successfully GetVitalsCheckList() in EMARController----
2022-12-12 05:37:54,118 [63] DEBUG LTCPro.ServiceLayer.Log4net - ---Executed Successfully GetVitalsCheckList() in EMARController----
2022-12-12 05:37:54,133 [47] DEBUG LTCPro.ServiceLayer.Log4net - ---Executing GetVitalsCheckList() in EMARController----
2022-12-12 05:37:54,361 [58] DEBUG LTCPro.ServiceLayer.Log4net - ---Executed Successfully GetVitalsCheckList() in EMARController----
2022-12-12 05:37:54,796 [47] DEBUG LTCPro.ServiceLayer.Log4net - ---Executed Successfully GetVitalsCheckList() in EMARController----
2022-12-12 05:37:55,015 [50] DEBUG LTCPro.ServiceLayer.Log4net - ---Executed Successfully GetVitalsCheckList() in EMARController----
2022-12-12 05:43:06,941 [56] DEBUG LTCPro.ServiceLayer.Log4net - ---Executing GetUserToken() in UserService----
2022-12-12 05:43:19,380 [56] DEBUG LTCPro.ServiceLayer.Log4net - ---Executing AutoLogoutUser() in UserService----
2022-12-12 05:43:34,412 [44] DEBUG LTCPro.ServiceLayer.Log4net - ---Executing UsersConfigNurseStationDrop() in FacilityController----
2022-12-12 05:43:34,412 [44] DEBUG LTCPro.ServiceLayer.Log4net - ---Executing UsersConfigNurseStationDrop() in FacilityService----
2022-12-12 05:43:34,869 [44] DEBUG LTCPro.ServiceLayer.Log4net - ---Executed Successfully UsersConfigNurseStationDrop() in FacilityController----
2022-12-12 05:43:34,984 [9] DEBUG LTCPro.ServiceLayer.Log4net - ---Executing GetProcessKeyMasterList() in FacilityController----
2022-12-12 05:43:34,984 [9] DEBUG LTCPro.ServiceLayer.Log4net - ---Executing GetProcessKeyMasterList() in FacilityService----
2022-12-12 05:43:35,210 [9] DEBUG LTCPro.ServiceLayer.Log4net - ---Executed Successfully GetProcessKeyMasterList() in FacilityController----
2022-12-12 05:43:36,723 [44] DEBUG LTCPro.ServiceLayer.Log4net - ---Executing GetProcessKeyMasterList() in FacilityController----
2022-12-12 05:43:36,723 [44] DEBUG LTCPro.ServiceLayer.Log4net - ---Executing GetProcessKeyMasterList() in FacilityService----
2022-12-12 05:43:36,950 [44] DEBUG LTCPro.ServiceLayer.Log4net - ---Executed Successfully GetProcessKeyMasterList() in FacilityController----
2022-12-12 05:43:38,067 [44] DEBUG LTCPro.ServiceLayer.Log4net - ---Executing GetProcessKeyMasterList() in FacilityController----
2022-12-12 05:43:38,067 [44] DEBUG LTCPro.ServiceLayer.Log4net - ---Executing GetProcessKeyMasterList() in FacilityService----
2022-12-12 05:43:38,294 [44] DEBUG LTCPro.ServiceLayer.Log4net - ---Executed Successfully GetProcessKeyMasterList() in FacilityController----
2022-12-12 05:43:38,505 [56] DEBUG LTCPro.ServiceLayer.Log4net - ---Executing CheckUser() in UserService----
2022-12-12 05:43:41,550 [56] DEBUG LTCPro.ServiceLayer.Log4net - ---Executing FindUser() in UserService----
2022-12-12 05:43:41,786 [56] DEBUG LTCPro.ServiceLayer.Log4net - ---Executing InsertUserSession() in UserService----
2022-12-12 05:43:42,469 [56] DEBUG LTCPro.ServiceLayer.Log4net - ---Executing InsertUserToken() in UserService----
2022-12-12 05:43:43,461 [58] DEBUG LTCPro.ServiceLayer.Log4net - ---Executing InsertUpdateUserRecentFacNs() in UserController----
2022-12-12 05:43:43,462 [58] DEBUG LTCPro.ServiceLayer.Log4net - ---Executing GetUserRecentFacNs() in UserService----
2022-12-12 05:43:43,511 [56] DEBUG LTCPro.ServiceLayer.Log4net - ---Executing GetScreenPermissionsForLoggedInUser() in RoleController----
2022-12-12 05:43:43,511 [56] DEBUG LTCPro.ServiceLayer.Log4net - ---Executing GetScreenPermissionsForLoggedInUser() in RoleService----
2022-12-12 05:43:43,915 [58] DEBUG LTCPro.ServiceLayer.Log4net - ---Executing InsertUpdateUserRecentFacNs() in CommonService----
2022-12-12 05:43:44,366 [58] DEBUG LTCPro.ServiceLayer.Log4net - ---Executed Successfully InsertUpdateUserRecentFacNs() in UserController----
2022-12-12 05:43:44,893 [56] DEBUG LTCPro.ServiceLayer.Log4net - ---Executed Successfully GetScreenPermissionsForLoggedInUser() in RoleController----
2022-12-12 05:43:45,049 [55] DEBUG LTCPro.ServiceLayer.Log4net - ---Executing GetUserToken() in UserService----
2022-12-12 05:43:45,059 [57] DEBUG LTCPro.ServiceLayer.Log4net - ---Executing GetUserToken() in UserService----
2022-12-12 05:43:45,065 [9] DEBUG LTCPro.ServiceLayer.Log4net - ---Executing GetUserToken() in UserService----
2022-12-12 05:43:45,086 [54] DEBUG LTCPro.ServiceLayer.Log4net - ---Executing GetUserToken() in UserService----
2022-12-12 05:43:45,089 [59] DEBUG LTCPro.ServiceLayer.Log4net - ---Executing GetUserToken() in UserService----
2022-12-12 05:43:45,093 [44] DEBUG LTCPro.ServiceLayer.Log4net - ---Executing GetUserToken() in UserService----
2022-12-12 05:43:45,275 [55] DEBUG LTCPro.ServiceLayer.Log4net - ---Executing GetUserPassedDueFlag() in UserController----
2022-12-12 05:43:45,275 [55] DEBUG LTCPro.ServiceLayer.Log4net - ---Executing GetUserPassedDueFlag() in UserService----
2022-12-12 05:43:45,285 [57] DEBUG LTCPro.ServiceLayer.Log4net - ---Executing GetDueMARAlertData() in EmarController----
2022-12-12 05:43:45,285 [57] DEBUG LTCPro.ServiceLayer.Log4net - ---Executing GetDueMARAlertData() in EmarService----
2022-12-12 05:43:45,504 [44] DEBUG LTCPro.ServiceLayer.Log4net - ---Executing GetUserRecentFacNs() in UserController----
2022-12-12 05:43:45,504 [44] DEBUG LTCPro.ServiceLayer.Log4net - ---Executing GetUserRecentFacNs() in UserService----
2022-12-12 05:43:45,511 [59] DEBUG LTCPro.ServiceLayer.Log4net - ---Executing GetReadMailsCount() in MailboxController----
2022-12-12 05:43:45,511 [59] DEBUG LTCPro.ServiceLayer.Log4net - ---Executing GetReadMailsCount() in MailboxService----
2022-12-12 05:43:45,734 [55] DEBUG LTCPro.ServiceLayer.Log4net - ---Executed Successfully GetUserPassedDueFlag() in UserController----
2022-12-12 05:43:45,768 [56] DEBUG LTCPro.ServiceLayer.Log4net - ---Executing GetUserToken() in UserService----
2022-12-12 05:43:45,960 [59] DEBUG LTCPro.ServiceLayer.Log4net - ---Executed successfully GetReadMailsCount() in MailboxController----
2022-12-12 05:43:45,974 [53] DEBUG LTCPro.ServiceLayer.Log4net - ---Executing GetUserToken() in UserService----
2022-12-12 05:43:46,097 [57] DEBUG LTCPro.ServiceLayer.Log4net - ---Executed Successfully GetDueMARAlertData() in EmarController----
2022-12-12 05:43:46,145 [57] DEBUG LTCPro.ServiceLayer.Log4net - ---Executing GetUserToken() in UserService----
2022-12-12 05:43:46,187 [56] DEBUG LTCPro.ServiceLayer.Log4net - ---Executing GetOutboundErrorDetails() in CommonController----
2022-12-12 05:43:46,187 [56] DEBUG LTCPro.ServiceLayer.Log4net - ---Executing GetOutboundErrorDetails() in CommonService----
2022-12-12 05:43:46,633 [44] DEBUG LTCPro.ServiceLayer.Log4net - ---Executed Successfully GetUserRecentFacNs() in UserController----
2022-12-12 05:43:46,667 [57] DEBUG LTCPro.ServiceLayer.Log4net - ---Executing GetUserActiveCompanyMasterList() in CompanyController----
2022-12-12 05:43:46,667 [57] DEBUG LTCPro.ServiceLayer.Log4net - ---Executing GetActiveCompanyMasterList() in CompanyService----
2022-12-12 05:43:46,702 [44] DEBUG LTCPro.ServiceLayer.Log4net - ---Executing GetUserToken() in UserService----
2022-12-12 05:43:46,858 [9] DEBUG LTCPro.ServiceLayer.Log4net - ---Executing GetAlertsDetails() in MailboxController----
2022-12-12 05:43:46,858 [9] DEBUG LTCPro.ServiceLayer.Log4net - ---Executing GetAlertsDetails() in MailboxService----
2022-12-12 05:43:46,892 [53] DEBUG LTCPro.ServiceLayer.Log4net - ---Executing InsertUserActivityDetails() in CompanyController----
2022-12-12 05:43:46,892 [53] DEBUG LTCPro.ServiceLayer.Log4net - ---Executing InsertUserActivityDetails() in UserActivityService----
2022-12-12 05:43:47,083 [44] DEBUG LTCPro.ServiceLayer.Log4net - ---Executing GetUserAccessFacilityNurseStaions() in FacilityController----
2022-12-12 05:43:47,083 [44] DEBUG LTCPro.ServiceLayer.Log4net - ---Executing GetUserAccessFacilityNurseStaions() in FacilityService----
2022-12-12 05:43:47,135 [54] DEBUG LTCPro.ServiceLayer.Log4net - ---Executing GetPendingDosesList() in CommonController----
2022-12-12 05:43:47,135 [54] DEBUG LTCPro.ServiceLayer.Log4net - ---Executing GetPendingDosesList() in CommonService----
2022-12-12 05:43:47,156 [9] DEBUG LTCPro.ServiceLayer.Log4net - ---Executed successfully GetAlertsDetails() in MailboxController----
2022-12-12 05:43:47,698 [54] DEBUG LTCPro.ServiceLayer.Log4net - ---Executed Successfully GetPendingDosesList() in CommonController----
2022-12-12 05:43:48,221 [53] DEBUG LTCPro.ServiceLayer.Log4net - ---Executed Successfully InsertUserActivityDetails() in CompanyController----
2022-12-12 05:43:48,443 [56] DEBUG LTCPro.ServiceLayer.Log4net - ---Executed Successfully GetOutboundErrorDetails() in CommonController----
2022-12-12 05:43:48,919 [44] DEBUG LTCPro.ServiceLayer.Log4net - ---Executed Successfully GetUserAccessFacilityNurseStaions() in FacilityController----
2022-12-12 05:43:50,492 [57] DEBUG LTCPro.ServiceLayer.Log4net - ---Executed Successfully GetUserActiveCompanyMasterList() in CompanyController----
2022-12-12 05:44:06,932 [55] DEBUG LTCPro.ServiceLayer.Log4net - ---Executing GetUserToken() in UserService----
2022-12-12 05:44:06,968 [44] DEBUG LTCPro.ServiceLayer.Log4net - ---Executing GetUserToken() in UserService----
2022-12-12 05:44:06,984 [57] DEBUG LTCPro.ServiceLayer.Log4net - ---Executing GetUserToken() in UserService----
2022-12-12 05:44:07,187 [55] DEBUG LTCPro.ServiceLayer.Log4net - ---Executing GetUserRecentFacNs() in UserController----
2022-12-12 05:44:07,187 [55] DEBUG LTCPro.ServiceLayer.Log4net - ---Executing GetUserRecentFacNs() in UserService----
2022-12-12 05:44:07,200 [44] DEBUG LTCPro.ServiceLayer.Log4net - ---Executing GetDueMARAlertData() in EmarController----
2022-12-12 05:44:07,200 [44] DEBUG LTCPro.ServiceLayer.Log4net - ---Executing GetDueMARAlertData() in EmarService----
2022-12-12 05:44:07,210 [57] DEBUG LTCPro.ServiceLayer.Log4net - ---Executing InsertUserActivityDetails() in CompanyController----
2022-12-12 05:44:07,210 [57] DEBUG LTCPro.ServiceLayer.Log4net - ---Executing InsertUserActivityDetails() in UserActivityService----
2022-12-12 05:44:07,537 [44] DEBUG LTCPro.ServiceLayer.Log4net - ---Executed Successfully GetDueMARAlertData() in EmarController----
2022-12-12 05:44:07,650 [55] DEBUG LTCPro.ServiceLayer.Log4net - ---Executed Successfully GetUserRecentFacNs() in UserController----
2022-12-12 05:44:07,699 [56] DEBUG LTCPro.ServiceLayer.Log4net - ---Executing GetUserToken() in UserService----
2022-12-12 05:44:07,896 [57] DEBUG LTCPro.ServiceLayer.Log4net - ---Executed Successfully InsertUserActivityDetails() in CompanyController----
2022-12-12 05:44:07,924 [56] DEBUG LTCPro.ServiceLayer.Log4net - ---Executing GetCompanyToBedData() in FacilityController----
2022-12-12 05:44:07,924 [56] DEBUG LTCPro.ServiceLayer.Log4net - ---Executing GetCompanyToBedData() in FacilityService----
2022-12-12 05:44:08,542 [58] DEBUG LTCPro.ServiceLayer.Log4net - ---Executing GetUserToken() in UserService----
2022-12-12 05:44:08,548 [44] DEBUG LTCPro.ServiceLayer.Log4net - ---Executing GetUserToken() in UserService----
2022-12-12 05:44:08,770 [58] DEBUG LTCPro.ServiceLayer.Log4net - ---Executing InsertUserActivityDetails() in CompanyController----
2022-12-12 05:44:08,770 [58] DEBUG LTCPro.ServiceLayer.Log4net - ---Executing InsertUserActivityDetails() in UserActivityService----
2022-12-12 05:44:08,790 [44] DEBUG LTCPro.ServiceLayer.Log4net - ---Executing GetUserRecentFacNs() in UserController----
2022-12-12 05:44:08,790 [44] DEBUG LTCPro.ServiceLayer.Log4net - ---Executing GetUserRecentFacNs() in UserService----
2022-12-12 05:44:09,242 [44] DEBUG LTCPro.ServiceLayer.Log4net - ---Executed Successfully GetUserRecentFacNs() in UserController----
2022-12-12 05:44:09,264 [9] DEBUG LTCPro.ServiceLayer.Log4net - ---Executing GetUserToken() in UserService----
2022-12-12 05:44:09,448 [58] DEBUG LTCPro.ServiceLayer.Log4net - ---Executed Successfully InsertUserActivityDetails() in CompanyController----
2022-12-12 05:44:09,491 [9] DEBUG LTCPro.ServiceLayer.Log4net - ---Executing GetUserAccessFacilityNurseStaions() in FacilityController----
2022-12-12 05:44:09,491 [9] DEBUG LTCPro.ServiceLayer.Log4net - ---Executing GetUserAccessFacilityNurseStaions() in FacilityService----
2022-12-12 05:44:09,944 [9] DEBUG LTCPro.ServiceLayer.Log4net - ---Executed Successfully GetUserAccessFacilityNurseStaions() in FacilityController----
2022-12-12 05:44:10,012 [57] DEBUG LTCPro.ServiceLayer.Log4net - ---Executing GetUserToken() in UserService----
2022-12-12 05:44:10,244 [56] DEBUG LTCPro.ServiceLayer.Log4net - ---Executed Successfully GetCompanyToBedData() in FacilityController----
2022-12-12 05:44:10,244 [57] DEBUG LTCPro.ServiceLayer.Log4net - ---Executing UserNurseStationDrop() in FacilityController----
2022-12-12 05:44:10,244 [57] DEBUG LTCPro.ServiceLayer.Log4net - ---Executing UserNurseStationDrop() in FacilityService----
2022-12-12 05:44:10,291 [52] DEBUG LTCPro.ServiceLayer.Log4net - ---Executing GetUserToken() in UserService----
2022-12-12 05:44:10,474 [57] DEBUG LTCPro.ServiceLayer.Log4net - ---Executed Successfully UserNurseStationDrop() in FacilityController----
2022-12-12 05:44:10,517 [52] DEBUG LTCPro.ServiceLayer.Log4net - ---Executing UserNurseStationDrop() in FacilityController----
2022-12-12 05:44:10,517 [52] DEBUG LTCPro.ServiceLayer.Log4net - ---Executing UserNurseStationDrop() in FacilityService----
2022-12-12 05:44:10,520 [56] DEBUG LTCPro.ServiceLayer.Log4net - ---Executing GetUsersByNSID() in UserController----
2022-12-12 05:44:10,520 [56] DEBUG LTCPro.ServiceLayer.Log4net - ---Executing GetUsersByNSID() in UserService----
2022-12-12 05:44:10,546 [58] DEBUG LTCPro.ServiceLayer.Log4net - ---Executing GetUserToken() in UserService----
2022-12-12 05:44:10,744 [52] DEBUG LTCPro.ServiceLayer.Log4net - ---Executed Successfully UserNurseStationDrop() in FacilityController----
2022-12-12 05:44:10,783 [9] DEBUG LTCPro.ServiceLayer.Log4net - ---Executing GetUserToken() in UserService----
2022-12-12 05:44:10,788 [58] DEBUG LTCPro.ServiceLayer.Log4net - ---Executing GetResidentsListByNSId() in AssesmentController----
2022-12-12 05:44:10,789 [58] DEBUG LTCPro.ServiceLayer.Log4net - ---Executing GetResidentsListByNSId() in AssesmentService----
2022-12-12 05:44:10,793 [44] DEBUG LTCPro.ServiceLayer.Log4net - ---Executing GetUserToken() in UserService----
2022-12-12 05:44:11,035 [9] DEBUG LTCPro.ServiceLayer.Log4net - ---Executing GetNursingScheduleData() in EmarController----
2022-12-12 05:44:11,035 [9] DEBUG LTCPro.ServiceLayer.Log4net - ---Executing GetNursingScheduleData() in EmarService----
2022-12-12 05:44:11,123 [55] DEBUG LTCPro.ServiceLayer.Log4net - ---Executing GetUserToken() in UserService----
2022-12-12 05:44:11,299 [44] DEBUG LTCPro.ServiceLayer.Log4net - ---Executing GetDrFirstFlagForCompanyByNSId() in CompanyController----
2022-12-12 05:44:11,299 [44] DEBUG LTCPro.ServiceLayer.Log4net - ---Executing GetDrFirstFlagForCompanyByNSId() in CompanyService----
2022-12-12 05:44:11,350 [55] DEBUG LTCPro.ServiceLayer.Log4net - ---Executing GetPendingOrdersGridData() in OrdersController----
2022-12-12 05:44:11,350 [55] DEBUG LTCPro.ServiceLayer.Log4net - ---Executing GetPendingOrdersGridData() in OrdersService----
2022-12-12 05:44:11,490 [56] DEBUG LTCPro.ServiceLayer.Log4net - ---Executed Successfully GetUsersByNSID() in UserController----
2022-12-12 05:44:11,527 [44] DEBUG LTCPro.ServiceLayer.Log4net - ---Executed Successfully GetDrFirstFlagForCompanyByNSId() in CompanyController----
2022-12-12 05:44:11,538 [58] DEBUG LTCPro.ServiceLayer.Log4net - ---Executed Successfully GetResidentsListByNSId() in AssesmentController----
2022-12-12 05:44:11,553 [44] DEBUG LTCPro.ServiceLayer.Log4net - ---Executing GetUserToken() in UserService----
2022-12-12 05:44:11,633 [58] DEBUG LTCPro.ServiceLayer.Log4net - ---Executing GetUserToken() in UserService----
2022-12-12 05:44:11,779 [44] DEBUG LTCPro.ServiceLayer.Log4net - ---Executing GetTimeZoneDate() in CommonController----
2022-12-12 05:44:11,779 [44] DEBUG LTCPro.ServiceLayer.Log4net - ---Executing GetTimeZoneDate() in CommonService----
2022-12-12 05:44:11,859 [58] DEBUG LTCPro.ServiceLayer.Log4net - ---Executing GetTimeZoneDate() in CommonController----
2022-12-12 05:44:11,859 [58] DEBUG LTCPro.ServiceLayer.Log4net - ---Executing GetTimeZoneDate() in CommonService----
2022-12-12 05:44:12,004 [44] DEBUG LTCPro.ServiceLayer.Log4net - ---Executed Successfully GetTimeZoneDate() in CommonController----
2022-12-12 05:44:12,287 [58] DEBUG LTCPro.ServiceLayer.Log4net - ---Executed Successfully GetTimeZoneDate() in CommonController----
2022-12-12 05:44:14,088 [56] DEBUG LTCPro.ServiceLayer.Log4net - ---Executing GetUserToken() in UserService----
2022-12-12 05:44:14,765 [55] DEBUG LTCPro.ServiceLayer.Log4net - ---Executed Successfully GetPendingOrdersGridData() in OrdersController----
2022-12-12 05:44:14,811 [56] DEBUG LTCPro.ServiceLayer.Log4net - ---Executing GetNursingScheduleData() in EmarController----
2022-12-12 05:44:14,811 [56] DEBUG LTCPro.ServiceLayer.Log4net - ---Executing GetNursingScheduleData() in EmarService----
2022-12-12 05:44:15,945 [56] DEBUG LTCPro.ServiceLayer.Log4net - ---Executed Successfully GetNursingScheduleData() in EmarController----
2022-12-12 05:44:46,642 [9] DEBUG LTCPro.ServiceLayer.Log4net - ---Executed Successfully GetNursingScheduleData() in EmarController----
2022-12-12 05:44:46,699 [9] DEBUG LTCPro.ServiceLayer.Log4net - ---Executing GetUserToken() in UserService----
2022-12-12 05:44:46,925 [9] DEBUG LTCPro.ServiceLayer.Log4net - ---Executing GetNurseShiftDrop() in CommonController----
2022-12-12 05:44:46,925 [9] DEBUG LTCPro.ServiceLayer.Log4net - ---Executing GetNurseShiftDrop() in CommonService----
2022-12-12 05:44:47,197 [9] DEBUG LTCPro.ServiceLayer.Log4net - ---Executed Successfully GetNurseShiftDrop() in CommonController----
2022-12-12 05:45:13,663 [27] DEBUG LTCPro.ServiceLayer.Log4net - ---Executing GetUserToken() in UserService----
2022-12-12 05:45:13,890 [27] DEBUG LTCPro.ServiceLayer.Log4net - ---Executing GetNursingScheduleData() in EmarController----
2022-12-12 05:45:13,890 [27] DEBUG LTCPro.ServiceLayer.Log4net - ---Executing GetNursingScheduleData() in EmarService----
2022-12-12 05:45:29,445 [27] DEBUG LTCPro.ServiceLayer.Log4net - ---Executed Successfully GetNursingScheduleData() in EmarController----
2022-12-12 05:45:34,449 [9] DEBUG LTCPro.ServiceLayer.Log4net - ---Executing GetUserToken() in UserService----
2022-12-12 05:45:34,677 [9] DEBUG LTCPro.ServiceLayer.Log4net - ---Executing GetOrdersListData() in CommonController----
2022-12-12 05:45:34,677 [9] DEBUG LTCPro.ServiceLayer.Log4net - ---Executing GetOrdersListData() in CommonService----
2022-12-12 05:45:36,348 [9] DEBUG LTCPro.ServiceLayer.Log4net - ---Executed Successfully GetOrdersListData() in CommonController----
2022-12-12 05:45:36,396 [44] DEBUG LTCPro.ServiceLayer.Log4net - ---Executing GetUserToken() in UserService----
2022-12-12 05:45:36,399 [53] DEBUG LTCPro.ServiceLayer.Log4net - ---Executing GetUserToken() in UserService----
2022-12-12 05:45:36,423 [59] DEBUG LTCPro.ServiceLayer.Log4net - ---Executing GetUserToken() in UserService----
2022-12-12 05:45:36,424 [54] DEBUG LTCPro.ServiceLayer.Log4net - ---Executing GetUserToken() in UserService----
2022-12-12 05:45:36,431 [9] DEBUG LTCPro.ServiceLayer.Log4net - ---Executing GetUserToken() in UserService----
2022-12-12 05:45:36,634 [44] DEBUG LTCPro.ServiceLayer.Log4net - ---Executing GetVitalsCheckList() in EMARController----
2022-12-12 05:45:36,634 [53] DEBUG LTCPro.ServiceLayer.Log4net - ---Executing GetVitalsCheckList() in EMARController----
2022-12-12 05:45:36,650 [59] DEBUG LTCPro.ServiceLayer.Log4net - ---Executing GetVitalsCheckList() in EMARController----
2022-12-12 05:45:36,655 [54] DEBUG LTCPro.ServiceLayer.Log4net - ---Executing GetVitalsCheckList() in EMARController----
2022-12-12 05:45:36,661 [9] DEBUG LTCPro.ServiceLayer.Log4net - ---Executing GetDrFirstFlagForCompanyByNSId() in CompanyController----
2022-12-12 05:45:36,661 [9] DEBUG LTCPro.ServiceLayer.Log4net - ---Executing GetDrFirstFlagForCompanyByNSId() in CompanyService----
2022-12-12 05:45:36,889 [9] DEBUG LTCPro.ServiceLayer.Log4net - ---Executed Successfully GetDrFirstFlagForCompanyByNSId() in CompanyController----
2022-12-12 05:45:37,337 [44] DEBUG LTCPro.ServiceLayer.Log4net - ---Executed Successfully GetVitalsCheckList() in EMARController----
2022-12-12 05:45:37,563 [59] DEBUG LTCPro.ServiceLayer.Log4net - ---Executed Successfully GetVitalsCheckList() in EMARController----
2022-12-12 05:45:37,787 [54] DEBUG LTCPro.ServiceLayer.Log4net - ---Executed Successfully GetVitalsCheckList() in EMARController----
2022-12-12 05:45:38,478 [53] DEBUG LTCPro.ServiceLayer.Log4net - ---Executed Successfully GetVitalsCheckList() in EMARController----
2022-12-12 05:46:00,925 [59] DEBUG LTCPro.ServiceLayer.Log4net - ---Executing GetUserToken() in UserService----
2022-12-12 05:46:01,151 [59] DEBUG LTCPro.ServiceLayer.Log4net - ---Executing GetOrdersListData() in CommonController----
2022-12-12 05:46:01,151 [59] DEBUG LTCPro.ServiceLayer.Log4net - ---Executing GetOrdersListData() in CommonService----
2022-12-12 05:46:02,831 [59] DEBUG LTCPro.ServiceLayer.Log4net - ---Executed Successfully GetOrdersListData() in CommonController----
2022-12-12 05:46:02,897 [59] DEBUG LTCPro.ServiceLayer.Log4net - ---Executing GetUserToken() in UserService----
2022-12-12 05:46:02,901 [54] DEBUG LTCPro.ServiceLayer.Log4net - ---Executing GetUserToken() in UserService----
2022-12-12 05:46:02,919 [27] DEBUG LTCPro.ServiceLayer.Log4net - ---Executing GetUserToken() in UserService----
2022-12-12 05:46:02,926 [53] DEBUG LTCPro.ServiceLayer.Log4net - ---Executing GetUserToken() in UserService----
2022-12-12 05:46:03,128 [59] DEBUG LTCPro.ServiceLayer.Log4net - ---Executing GetVitalsCheckList() in EMARController----
2022-12-12 05:46:03,137 [54] DEBUG LTCPro.ServiceLayer.Log4net - ---Executing GetVitalsCheckList() in EMARController----
2022-12-12 05:46:03,148 [27] DEBUG LTCPro.ServiceLayer.Log4net - ---Executing GetDrFirstFlagForCompanyByNSId() in CompanyController----
2022-12-12 05:46:03,148 [27] DEBUG LTCPro.ServiceLayer.Log4net - ---Executing GetDrFirstFlagForCompanyByNSId() in CompanyService----
2022-12-12 05:46:03,169 [53] DEBUG LTCPro.ServiceLayer.Log4net - ---Executing GetVitalsCheckList() in EMARController----
2022-12-12 05:46:03,385 [27] DEBUG LTCPro.ServiceLayer.Log4net - ---Executed Successfully GetDrFirstFlagForCompanyByNSId() in CompanyController----
2022-12-12 05:46:03,407 [27] DEBUG LTCPro.ServiceLayer.Log4net - ---Executing GetUserToken() in UserService----
2022-12-12 05:46:03,806 [59] DEBUG LTCPro.ServiceLayer.Log4net - ---Executed Successfully GetVitalsCheckList() in EMARController----
2022-12-12 05:46:03,816 [54] DEBUG LTCPro.ServiceLayer.Log4net - ---Executed Successfully GetVitalsCheckList() in EMARController----
2022-12-12 05:46:03,846 [53] DEBUG LTCPro.ServiceLayer.Log4net - ---Executed Successfully GetVitalsCheckList() in EMARController----
2022-12-12 05:46:04,784 [27] DEBUG LTCPro.ServiceLayer.Log4net - ---Executing GetVitalsCheckList() in EMARController----
2022-12-12 05:46:05,460 [27] DEBUG LTCPro.ServiceLayer.Log4net - ---Executed Successfully GetVitalsCheckList() in EMARController----
2022-12-12 05:46:15,845 [53] DEBUG LTCPro.ServiceLayer.Log4net - ---Executing LogoutUser() in UserController----
2022-12-12 05:46:15,845 [53] DEBUG LTCPro.ServiceLayer.Log4net - ---Executing LogoutUser() in UserService----
2022-12-12 05:46:18,343 [53] DEBUG LTCPro.ServiceLayer.Log4net - ---Executed Successfully LogoutUser() in UserController----
2022-12-12 05:50:46,733 [57] DEBUG LTCPro.ServiceLayer.Log4net - ---Executing UsersConfigNurseStationDrop() in FacilityController----
2022-12-12 05:50:46,733 [57] DEBUG LTCPro.ServiceLayer.Log4net - ---Executing UsersConfigNurseStationDrop() in FacilityService----
2022-12-12 05:50:59,196 [57] DEBUG LTCPro.ServiceLayer.Log4net - ---Executed Successfully UsersConfigNurseStationDrop() in FacilityController----
2022-12-12 05:50:59,333 [6] DEBUG LTCPro.ServiceLayer.Log4net - ---Executing GetProcessKeyMasterList() in FacilityController----
2022-12-12 05:50:59,333 [6] DEBUG LTCPro.ServiceLayer.Log4net - ---Executing GetProcessKeyMasterList() in FacilityService----
2022-12-12 05:50:59,566 [6] DEBUG LTCPro.ServiceLayer.Log4net - ---Executed Successfully GetProcessKeyMasterList() in FacilityController----
2022-12-12 05:51:28,768 [6] DEBUG LTCPro.ServiceLayer.Log4net - ---Executing GetProcessKeyMasterList() in FacilityController----
2022-12-12 05:51:28,768 [6] DEBUG LTCPro.ServiceLayer.Log4net - ---Executing GetProcessKeyMasterList() in FacilityService----
2022-12-12 05:51:28,998 [6] DEBUG LTCPro.ServiceLayer.Log4net - ---Executed Successfully GetProcessKeyMasterList() in FacilityController----
2022-12-12 05:51:30,421 [57] DEBUG LTCPro.ServiceLayer.Log4net - ---Executing CheckUser() in UserService----
2022-12-12 05:51:31,354 [57] DEBUG LTCPro.ServiceLayer.Log4net - ---Executing FindUser() in UserService----
2022-12-12 05:51:31,585 [57] DEBUG LTCPro.ServiceLayer.Log4net - ---Executing InsertUserSession() in UserService----
2022-12-12 05:51:32,279 [57] DEBUG LTCPro.ServiceLayer.Log4net - ---Executing InsertUserToken() in UserService----
2022-12-12 05:51:33,403 [57] DEBUG LTCPro.ServiceLayer.Log4net - ---Executing GetScreenPermissionsForLoggedInUser() in RoleController----
2022-12-12 05:51:33,403 [57] DEBUG LTCPro.ServiceLayer.Log4net - ---Executing GetScreenPermissionsForLoggedInUser() in RoleService----
2022-12-12 05:51:33,725 [57] DEBUG LTCPro.ServiceLayer.Log4net - ---Executed Successfully GetScreenPermissionsForLoggedInUser() in RoleController----
2022-12-12 05:51:34,122 [57] DEBUG LTCPro.ServiceLayer.Log4net - ---Executing GetUserToken() in UserService----
2022-12-12 05:51:34,129 [49] DEBUG LTCPro.ServiceLayer.Log4net - ---Executing InsertUpdateUserRecentFacNs() in UserController----
2022-12-12 05:51:34,129 [49] DEBUG LTCPro.ServiceLayer.Log4net - ---Executing GetUserRecentFacNs() in UserService----
2022-12-12 05:51:34,131 [65] DEBUG LTCPro.ServiceLayer.Log4net - ---Executing GetUserToken() in UserService----
2022-12-12 05:51:34,140 [47] DEBUG LTCPro.ServiceLayer.Log4net - ---Executing GetUserToken() in UserService----
2022-12-12 05:51:34,140 [48] DEBUG LTCPro.ServiceLayer.Log4net - ---Executing GetUserToken() in UserService----
2022-12-12 05:51:34,154 [6] DEBUG LTCPro.ServiceLayer.Log4net - ---Executing GetUserToken() in UserService----
2022-12-12 05:51:34,356 [57] DEBUG LTCPro.ServiceLayer.Log4net - ---Executing GetReadMailsCount() in MailboxController----
2022-12-12 05:51:34,356 [57] DEBUG LTCPro.ServiceLayer.Log4net - ---Executing GetReadMailsCount() in MailboxService----
2022-12-12 05:51:34,584 [6] DEBUG LTCPro.ServiceLayer.Log4net - ---Executing GetUserPassedDueFlag() in UserController----
2022-12-12 05:51:34,585 [6] DEBUG LTCPro.ServiceLayer.Log4net - ---Executing GetUserPassedDueFlag() in UserService----
2022-12-12 05:51:34,822 [57] DEBUG LTCPro.ServiceLayer.Log4net - ---Executed successfully GetReadMailsCount() in MailboxController----
2022-12-12 05:51:34,846 [57] DEBUG LTCPro.ServiceLayer.Log4net - ---Executing GetUserToken() in UserService----
2022-12-12 05:51:35,048 [6] DEBUG LTCPro.ServiceLayer.Log4net - ---Executed Successfully GetUserPassedDueFlag() in UserController----
2022-12-12 05:51:35,067 [6] DEBUG LTCPro.ServiceLayer.Log4net - ---Executing GetUserToken() in UserService----
2022-12-12 05:51:35,277 [57] DEBUG LTCPro.ServiceLayer.Log4net - ---Executing GetPendingDosesList() in CommonController----
2022-12-12 05:51:35,278 [57] DEBUG LTCPro.ServiceLayer.Log4net - ---Executing GetPendingDosesList() in CommonService----
2022-12-12 05:51:35,505 [6] DEBUG LTCPro.ServiceLayer.Log4net - ---Executing GetUserRecentFacNs() in UserController----
2022-12-12 05:51:35,505 [6] DEBUG LTCPro.ServiceLayer.Log4net - ---Executing GetUserRecentFacNs() in UserService----
2022-12-12 05:51:35,894 [57] DEBUG LTCPro.ServiceLayer.Log4net - ---Executed Successfully GetPendingDosesList() in CommonController----
2022-12-12 05:51:35,927 [57] DEBUG LTCPro.ServiceLayer.Log4net - ---Executing GetUserToken() in UserService----
2022-12-12 05:51:35,978 [48] DEBUG LTCPro.ServiceLayer.Log4net - ---Executing GetOutboundErrorDetails() in CommonController----
2022-12-12 05:51:35,978 [48] DEBUG LTCPro.ServiceLayer.Log4net - ---Executing GetOutboundErrorDetails() in CommonService----
2022-12-12 05:51:36,125 [6] DEBUG LTCPro.ServiceLayer.Log4net - ---Executed Successfully GetUserRecentFacNs() in UserController----
2022-12-12 05:51:36,163 [6] DEBUG LTCPro.ServiceLayer.Log4net - ---Executing GetUserToken() in UserService----
2022-12-12 05:51:36,203 [57] DEBUG LTCPro.ServiceLayer.Log4net - ---Executing GetDueMARAlertData() in EmarController----
2022-12-12 05:51:36,203 [57] DEBUG LTCPro.ServiceLayer.Log4net - ---Executing GetDueMARAlertData() in EmarService----
2022-12-12 05:51:36,431 [6] DEBUG LTCPro.ServiceLayer.Log4net - ---Executing GetUserActiveCompanyMasterList() in CompanyController----
2022-12-12 05:51:36,431 [6] DEBUG LTCPro.ServiceLayer.Log4net - ---Executing GetActiveCompanyMasterList() in CompanyService----
2022-12-12 05:51:36,675 [47] DEBUG LTCPro.ServiceLayer.Log4net - ---Executing InsertUserActivityDetails() in CompanyController----
2022-12-12 05:51:36,675 [47] DEBUG LTCPro.ServiceLayer.Log4net - ---Executing InsertUserActivityDetails() in UserActivityService----
2022-12-12 05:51:36,816 [57] DEBUG LTCPro.ServiceLayer.Log4net - ---Executed Successfully GetDueMARAlertData() in EmarController----
2022-12-12 05:51:36,835 [57] DEBUG LTCPro.ServiceLayer.Log4net - ---Executing GetUserToken() in UserService----
2022-12-12 05:51:37,126 [57] DEBUG LTCPro.ServiceLayer.Log4net - ---Executing GetUserAccessFacilityNurseStaions() in FacilityController----
2022-12-12 05:51:37,126 [57] DEBUG LTCPro.ServiceLayer.Log4net - ---Executing GetUserAccessFacilityNurseStaions() in FacilityService----
2022-12-12 05:51:37,524 [47] DEBUG LTCPro.ServiceLayer.Log4net - ---Executed Successfully InsertUserActivityDetails() in CompanyController----
2022-12-12 05:51:37,595 [49] DEBUG LTCPro.ServiceLayer.Log4net - ---Executing InsertUpdateUserRecentFacNs() in CommonService----
2022-12-12 05:51:37,614 [48] DEBUG LTCPro.ServiceLayer.Log4net - ---Executed Successfully GetOutboundErrorDetails() in CommonController----
2022-12-12 05:51:37,802 [57] DEBUG LTCPro.ServiceLayer.Log4net - ---Executed Successfully GetUserAccessFacilityNurseStaions() in FacilityController----
2022-12-12 05:51:38,047 [49] DEBUG LTCPro.ServiceLayer.Log4net - ---Executed Successfully InsertUpdateUserRecentFacNs() in UserController----
2022-12-12 05:51:38,434 [6] DEBUG LTCPro.ServiceLayer.Log4net - ---Executed Successfully GetUserActiveCompanyMasterList() in CompanyController----
2022-12-12 05:51:38,961 [65] DEBUG LTCPro.ServiceLayer.Log4net - ---Executing GetAlertsDetails() in MailboxController----
2022-12-12 05:51:38,961 [65] DEBUG LTCPro.ServiceLayer.Log4net - ---Executing GetAlertsDetails() in MailboxService----
2022-12-12 05:51:39,226 [65] DEBUG LTCPro.ServiceLayer.Log4net - ---Executed successfully GetAlertsDetails() in MailboxController----
2022-12-12 05:51:40,365 [57] DEBUG LTCPro.ServiceLayer.Log4net - ---Executing GetUserToken() in UserService----
2022-12-12 05:51:40,389 [6] DEBUG LTCPro.ServiceLayer.Log4net - ---Executing GetUserToken() in UserService----
2022-12-12 05:51:40,396 [49] DEBUG LTCPro.ServiceLayer.Log4net - ---Executing GetUserToken() in UserService----
2022-12-12 05:51:40,848 [57] DEBUG LTCPro.ServiceLayer.Log4net - ---Executing InsertUserActivityDetails() in CompanyController----
2022-12-12 05:51:40,848 [57] DEBUG LTCPro.ServiceLayer.Log4net - ---Executing InsertUserActivityDetails() in UserActivityService----
2022-12-12 05:51:40,849 [49] DEBUG LTCPro.ServiceLayer.Log4net - ---Executing GetDueMARAlertData() in EmarController----
2022-12-12 05:51:40,849 [49] DEBUG LTCPro.ServiceLayer.Log4net - ---Executing GetDueMARAlertData() in EmarService----
2022-12-12 05:51:40,850 [6] DEBUG LTCPro.ServiceLayer.Log4net - ---Executing GetUserRecentFacNs() in UserController----
2022-12-12 05:51:40,850 [6] DEBUG LTCPro.ServiceLayer.Log4net - ---Executing GetUserRecentFacNs() in UserService----
2022-12-12 05:51:41,190 [49] DEBUG LTCPro.ServiceLayer.Log4net - ---Executed Successfully GetDueMARAlertData() in EmarController----
2022-12-12 05:51:41,306 [6] DEBUG LTCPro.ServiceLayer.Log4net - ---Executed Successfully GetUserRecentFacNs() in UserController----
2022-12-12 05:51:41,328 [6] DEBUG LTCPro.ServiceLayer.Log4net - ---Executing GetUserToken() in UserService----
2022-12-12 05:51:41,531 [57] DEBUG LTCPro.ServiceLayer.Log4net - ---Executed Successfully InsertUserActivityDetails() in CompanyController----
2022-12-12 05:51:41,554 [6] DEBUG LTCPro.ServiceLayer.Log4net - ---Executing GetCompanyToBedData() in FacilityController----
2022-12-12 05:51:41,554 [6] DEBUG LTCPro.ServiceLayer.Log4net - ---Executing GetCompanyToBedData() in FacilityService----
2022-12-12 05:51:42,327 [57] DEBUG LTCPro.ServiceLayer.Log4net - ---Executing GetUserToken() in UserService----
2022-12-12 05:51:42,333 [49] DEBUG LTCPro.ServiceLayer.Log4net - ---Executing GetUserToken() in UserService----
2022-12-12 05:51:42,553 [57] DEBUG LTCPro.ServiceLayer.Log4net - ---Executing InsertUserActivityDetails() in CompanyController----
2022-12-12 05:51:42,553 [57] DEBUG LTCPro.ServiceLayer.Log4net - ---Executing InsertUserActivityDetails() in UserActivityService----
2022-12-12 05:51:42,560 [49] DEBUG LTCPro.ServiceLayer.Log4net - ---Executing GetUserRecentFacNs() in UserController----
2022-12-12 05:51:42,561 [49] DEBUG LTCPro.ServiceLayer.Log4net - ---Executing GetUserRecentFacNs() in UserService----
2022-12-12 05:51:43,013 [49] DEBUG LTCPro.ServiceLayer.Log4net - ---Executed Successfully GetUserRecentFacNs() in UserController----
2022-12-12 05:51:43,031 [47] DEBUG LTCPro.ServiceLayer.Log4net - ---Executing GetUserToken() in UserService----
2022-12-12 05:51:43,228 [57] DEBUG LTCPro.ServiceLayer.Log4net - ---Executed Successfully InsertUserActivityDetails() in CompanyController----
2022-12-12 05:51:43,259 [47] DEBUG LTCPro.ServiceLayer.Log4net - ---Executing GetUserAccessFacilityNurseStaions() in FacilityController----
2022-12-12 05:51:43,259 [47] DEBUG LTCPro.ServiceLayer.Log4net - ---Executing GetUserAccessFacilityNurseStaions() in FacilityService----
2022-12-12 05:51:43,711 [47] DEBUG LTCPro.ServiceLayer.Log4net - ---Executed Successfully GetUserAccessFacilityNurseStaions() in FacilityController----
2022-12-12 05:51:43,752 [57] DEBUG LTCPro.ServiceLayer.Log4net - ---Executing GetUserToken() in UserService----
2022-12-12 05:51:43,858 [6] DEBUG LTCPro.ServiceLayer.Log4net - ---Executed Successfully GetCompanyToBedData() in FacilityController----
2022-12-12 05:51:43,890 [6] DEBUG LTCPro.ServiceLayer.Log4net - ---Executing GetUserToken() in UserService----
2022-12-12 05:51:43,992 [57] DEBUG LTCPro.ServiceLayer.Log4net - ---Executing UserNurseStationDrop() in FacilityController----
2022-12-12 05:51:43,992 [57] DEBUG LTCPro.ServiceLayer.Log4net - ---Executing UserNurseStationDrop() in FacilityService----
2022-12-12 05:51:44,117 [6] DEBUG LTCPro.ServiceLayer.Log4net - ---Executing UserNurseStationDrop() in FacilityController----
2022-12-12 05:51:44,117 [6] DEBUG LTCPro.ServiceLayer.Log4net - ---Executing UserNurseStationDrop() in FacilityService----
2022-12-12 05:51:44,218 [57] DEBUG LTCPro.ServiceLayer.Log4net - ---Executed Successfully UserNurseStationDrop() in FacilityController----
2022-12-12 05:51:44,245 [47] DEBUG LTCPro.ServiceLayer.Log4net - ---Executing GetUsersByNSID() in UserController----
2022-12-12 05:51:44,245 [47] DEBUG LTCPro.ServiceLayer.Log4net - ---Executing GetUsersByNSID() in UserService----
2022-12-12 05:51:44,304 [49] DEBUG LTCPro.ServiceLayer.Log4net - ---Executing GetUserToken() in UserService----
2022-12-12 05:51:44,343 [6] DEBUG LTCPro.ServiceLayer.Log4net - ---Executed Successfully UserNurseStationDrop() in FacilityController----
2022-12-12 05:51:44,378 [6] DEBUG LTCPro.ServiceLayer.Log4net - ---Executing GetUserToken() in UserService----
2022-12-12 05:51:44,386 [65] DEBUG LTCPro.ServiceLayer.Log4net - ---Executing GetUserToken() in UserService----
2022-12-12 05:51:44,531 [49] DEBUG LTCPro.ServiceLayer.Log4net - ---Executing GetResidentsListByNSId() in AssesmentController----
2022-12-12 05:51:44,531 [49] DEBUG LTCPro.ServiceLayer.Log4net - ---Executing GetResidentsListByNSId() in AssesmentService----
2022-12-12 05:51:44,570 [57] DEBUG LTCPro.ServiceLayer.Log4net - ---Executing GetUserToken() in UserService----
2022-12-12 05:51:44,605 [6] DEBUG LTCPro.ServiceLayer.Log4net - ---Executing GetNursingScheduleData() in EmarController----
2022-12-12 05:51:44,605 [6] DEBUG LTCPro.ServiceLayer.Log4net - ---Executing GetNursingScheduleData() in EmarService----
2022-12-12 05:51:44,612 [65] DEBUG LTCPro.ServiceLayer.Log4net - ---Executing GetDrFirstFlagForCompanyByNSId() in CompanyController----
2022-12-12 05:51:44,612 [65] DEBUG LTCPro.ServiceLayer.Log4net - ---Executing GetDrFirstFlagForCompanyByNSId() in CompanyService----
2022-12-12 05:51:44,799 [57] DEBUG LTCPro.ServiceLayer.Log4net - ---Executing GetPendingOrdersGridData() in OrdersController----
2022-12-12 05:51:44,799 [57] DEBUG LTCPro.ServiceLayer.Log4net - ---Executing GetPendingOrdersGridData() in OrdersService----
2022-12-12 05:51:44,840 [65] DEBUG LTCPro.ServiceLayer.Log4net - ---Executed Successfully GetDrFirstFlagForCompanyByNSId() in CompanyController----
2022-12-12 05:51:44,864 [50] DEBUG LTCPro.ServiceLayer.Log4net - ---Executing GetUserToken() in UserService----
2022-12-12 05:51:45,092 [50] DEBUG LTCPro.ServiceLayer.Log4net - ---Executing GetTimeZoneDate() in CommonController----
2022-12-12 05:51:45,092 [50] DEBUG LTCPro.ServiceLayer.Log4net - ---Executing GetTimeZoneDate() in CommonService----
2022-12-12 05:51:45,156 [47] DEBUG LTCPro.ServiceLayer.Log4net - ---Executed Successfully GetUsersByNSID() in UserController----
2022-12-12 05:51:45,233 [49] DEBUG LTCPro.ServiceLayer.Log4net - ---Executed Successfully GetResidentsListByNSId() in AssesmentController----
2022-12-12 05:51:45,259 [60] DEBUG LTCPro.ServiceLayer.Log4net - ---Executing GetUserToken() in UserService----
2022-12-12 05:51:45,317 [50] DEBUG LTCPro.ServiceLayer.Log4net - ---Executed Successfully GetTimeZoneDate() in CommonController----
2022-12-12 05:51:45,485 [60] DEBUG LTCPro.ServiceLayer.Log4net - ---Executing GetTimeZoneDate() in CommonController----
2022-12-12 05:51:45,485 [60] DEBUG LTCPro.ServiceLayer.Log4net - ---Executing GetTimeZoneDate() in CommonService----
2022-12-12 05:51:45,709 [60] DEBUG LTCPro.ServiceLayer.Log4net - ---Executed Successfully GetTimeZoneDate() in CommonController----
2022-12-12 05:51:47,203 [57] DEBUG LTCPro.ServiceLayer.Log4net - ---Executed Successfully GetPendingOrdersGridData() in OrdersController----
2022-12-12 05:51:52,880 [47] DEBUG LTCPro.ServiceLayer.Log4net - ---Executing GetUserToken() in UserService----
2022-12-12 05:51:53,132 [47] DEBUG LTCPro.ServiceLayer.Log4net - ---Executing GetNursingScheduleData() in EmarController----
2022-12-12 05:51:53,132 [47] DEBUG LTCPro.ServiceLayer.Log4net - ---Executing GetNursingScheduleData() in EmarService----
2022-12-12 05:52:09,891 [47] DEBUG LTCPro.ServiceLayer.Log4net - ---Executed Successfully GetNursingScheduleData() in EmarController----
2022-12-12 05:52:18,540 [47] DEBUG LTCPro.ServiceLayer.Log4net - ---Executing GetUserToken() in UserService----
2022-12-12 05:52:18,771 [47] DEBUG LTCPro.ServiceLayer.Log4net - ---Executing GetOrdersListData() in CommonController----
2022-12-12 05:52:18,771 [47] DEBUG LTCPro.ServiceLayer.Log4net - ---Executing GetOrdersListData() in CommonService----
2022-12-12 05:52:20,452 [47] DEBUG LTCPro.ServiceLayer.Log4net - ---Executed Successfully GetOrdersListData() in CommonController----
2022-12-12 05:52:20,490 [49] DEBUG LTCPro.ServiceLayer.Log4net - ---Executing GetUserToken() in UserService----
2022-12-12 05:52:20,536 [47] DEBUG LTCPro.ServiceLayer.Log4net - ---Executing GetUserToken() in UserService----
2022-12-12 05:52:20,541 [60] DEBUG LTCPro.ServiceLayer.Log4net - ---Executing GetUserToken() in UserService----
2022-12-12 05:52:20,724 [49] DEBUG LTCPro.ServiceLayer.Log4net - ---Executing GetDrFirstFlagForCompanyByNSId() in CompanyController----
2022-12-12 05:52:20,724 [49] DEBUG LTCPro.ServiceLayer.Log4net - ---Executing GetDrFirstFlagForCompanyByNSId() in CompanyService----
2022-12-12 05:52:20,771 [60] DEBUG LTCPro.ServiceLayer.Log4net - ---Executing GetVitalsCheckList() in EMARController----
2022-12-12 05:52:20,781 [47] DEBUG LTCPro.ServiceLayer.Log4net - ---Executing GetVitalsCheckList() in EMARController----
2022-12-12 05:52:20,956 [49] DEBUG LTCPro.ServiceLayer.Log4net - ---Executed Successfully GetDrFirstFlagForCompanyByNSId() in CompanyController----
2022-12-12 05:52:20,986 [49] DEBUG LTCPro.ServiceLayer.Log4net - ---Executing GetUserToken() in UserService----
2022-12-12 05:52:21,213 [49] DEBUG LTCPro.ServiceLayer.Log4net - ---Executing GetVitalsCheckList() in EMARController----
2022-12-12 05:52:21,454 [60] DEBUG LTCPro.ServiceLayer.Log4net - ---Executed Successfully GetVitalsCheckList() in EMARController----
2022-12-12 05:52:21,477 [60] DEBUG LTCPro.ServiceLayer.Log4net - ---Executing GetUserToken() in UserService----
2022-12-12 05:52:21,704 [60] DEBUG LTCPro.ServiceLayer.Log4net - ---Executing GetVitalsCheckList() in EMARController----
2022-12-12 05:52:21,757 [6] DEBUG LTCPro.ServiceLayer.Log4net - ---Executed Successfully GetNursingScheduleData() in EmarController----
2022-12-12 05:52:21,792 [6] DEBUG LTCPro.ServiceLayer.Log4net - ---Executing GetUserToken() in UserService----
2022-12-12 05:52:21,887 [49] DEBUG LTCPro.ServiceLayer.Log4net - ---Executed Successfully GetVitalsCheckList() in EMARController----
2022-12-12 05:52:22,022 [6] DEBUG LTCPro.ServiceLayer.Log4net - ---Executing GetNurseShiftDrop() in CommonController----
2022-12-12 05:52:22,022 [6] DEBUG LTCPro.ServiceLayer.Log4net - ---Executing GetNurseShiftDrop() in CommonService----
2022-12-12 05:52:22,283 [6] DEBUG LTCPro.ServiceLayer.Log4net - ---Executed Successfully GetNurseShiftDrop() in CommonController----
2022-12-12 05:52:22,377 [60] DEBUG LTCPro.ServiceLayer.Log4net - ---Executed Successfully GetVitalsCheckList() in EMARController----
2022-12-12 05:52:22,620 [47] DEBUG LTCPro.ServiceLayer.Log4net - ---Executed Successfully GetVitalsCheckList() in EMARController----
2022-12-12 05:52:35,097 [6] DEBUG LTCPro.ServiceLayer.Log4net - ---Executing GetUserToken() in UserService----
2022-12-12 05:52:35,325 [6] DEBUG LTCPro.ServiceLayer.Log4net - ---Executing GetOrdersListData() in CommonController----
2022-12-12 05:52:35,325 [6] DEBUG LTCPro.ServiceLayer.Log4net - ---Executing GetOrdersListData() in CommonService----
2022-12-12 05:52:37,036 [6] DEBUG LTCPro.ServiceLayer.Log4net - ---Executed Successfully GetOrdersListData() in CommonController----
2022-12-12 05:52:37,121 [60] DEBUG LTCPro.ServiceLayer.Log4net - ---Executing GetUserToken() in UserService----
2022-12-12 05:52:37,122 [50] DEBUG LTCPro.ServiceLayer.Log4net - ---Executing GetUserToken() in UserService----
2022-12-12 05:52:37,125 [48] DEBUG LTCPro.ServiceLayer.Log4net - ---Executing GetUserToken() in UserService----
2022-12-12 05:52:37,159 [47] DEBUG LTCPro.ServiceLayer.Log4net - ---Executing GetUserToken() in UserService----
2022-12-12 05:52:37,162 [57] DEBUG LTCPro.ServiceLayer.Log4net - ---Executing GetUserToken() in UserService----
2022-12-12 05:52:37,353 [50] DEBUG LTCPro.ServiceLayer.Log4net - ---Executing GetDrFirstFlagForCompanyByNSId() in CompanyController----
2022-12-12 05:52:37,353 [50] DEBUG LTCPro.ServiceLayer.Log4net - ---Executing GetDrFirstFlagForCompanyByNSId() in CompanyService----
2022-12-12 05:52:37,353 [48] DEBUG LTCPro.ServiceLayer.Log4net - ---Executing GetVitalsCheckList() in EMARController----
2022-12-12 05:52:37,354 [60] DEBUG LTCPro.ServiceLayer.Log4net - ---Executing GetVitalsCheckList() in EMARController----
2022-12-12 05:52:37,391 [57] DEBUG LTCPro.ServiceLayer.Log4net - ---Executing GetVitalsCheckList() in EMARController----
2022-12-12 05:52:37,391 [47] DEBUG LTCPro.ServiceLayer.Log4net - ---Executing GetVitalsCheckList() in EMARController----
2022-12-12 05:52:37,582 [50] DEBUG LTCPro.ServiceLayer.Log4net - ---Executed Successfully GetDrFirstFlagForCompanyByNSId() in CompanyController----
2022-12-12 05:52:38,031 [48] DEBUG LTCPro.ServiceLayer.Log4net - ---Executed Successfully GetVitalsCheckList() in EMARController----
2022-12-12 05:52:38,035 [60] DEBUG LTCPro.ServiceLayer.Log4net - ---Executed Successfully GetVitalsCheckList() in EMARController----
2022-12-12 05:52:38,256 [47] DEBUG LTCPro.ServiceLayer.Log4net - ---Executed Successfully GetVitalsCheckList() in EMARController----
2022-12-12 05:52:38,992 [57] DEBUG LTCPro.ServiceLayer.Log4net - ---Executed Successfully GetVitalsCheckList() in EMARController----
2022-12-12 05:53:12,093 [50] DEBUG LTCPro.ServiceLayer.Log4net - ---Executing GetUserToken() in UserService----
2022-12-12 05:53:12,321 [50] DEBUG LTCPro.ServiceLayer.Log4net - ---Executing GetOrdersListData() in CommonController----
2022-12-12 05:53:12,322 [50] DEBUG LTCPro.ServiceLayer.Log4net - ---Executing GetOrdersListData() in CommonService----
2022-12-12 05:53:16,395 [50] DEBUG LTCPro.ServiceLayer.Log4net - ---Executed Successfully GetOrdersListData() in CommonController----
2022-12-12 05:53:16,541 [59] DEBUG LTCPro.ServiceLayer.Log4net - ---Executing GetUserToken() in UserService----
2022-12-12 05:53:16,543 [47] DEBUG LTCPro.ServiceLayer.Log4net - ---Executing GetUserToken() in UserService----
2022-12-12 05:53:16,552 [60] DEBUG LTCPro.ServiceLayer.Log4net - ---Executing GetUserToken() in UserService----
2022-12-12 05:53:16,560 [50] DEBUG LTCPro.ServiceLayer.Log4net - ---Executing GetUserToken() in UserService----
2022-12-12 05:53:16,769 [47] DEBUG LTCPro.ServiceLayer.Log4net - ---Executing GetVitalsCheckList() in EMARController----
2022-12-12 05:53:16,771 [59] DEBUG LTCPro.ServiceLayer.Log4net - ---Executing GetVitalsCheckList() in EMARController----
2022-12-12 05:53:16,782 [60] DEBUG LTCPro.ServiceLayer.Log4net - ---Executing GetVitalsCheckList() in EMARController----
2022-12-12 05:53:16,788 [50] DEBUG LTCPro.ServiceLayer.Log4net - ---Executing GetDrFirstFlagForCompanyByNSId() in CompanyController----
2022-12-12 05:53:16,788 [50] DEBUG LTCPro.ServiceLayer.Log4net - ---Executing GetDrFirstFlagForCompanyByNSId() in CompanyService----
2022-12-12 05:53:17,018 [50] DEBUG LTCPro.ServiceLayer.Log4net - ---Executed Successfully GetDrFirstFlagForCompanyByNSId() in CompanyController----
2022-12-12 05:53:17,047 [64] DEBUG LTCPro.ServiceLayer.Log4net - ---Executing GetUserToken() in UserService----
2022-12-12 05:53:17,051 [54] DEBUG LTCPro.ServiceLayer.Log4net - ---Executing GetUserToken() in UserService----
2022-12-12 05:53:17,056 [61] DEBUG LTCPro.ServiceLayer.Log4net - ---Executing GetUserToken() in UserService----
2022-12-12 05:53:17,276 [64] DEBUG LTCPro.ServiceLayer.Log4net - ---Executing GetVitalsCheckList() in EMARController----
2022-12-12 05:53:17,446 [47] DEBUG LTCPro.ServiceLayer.Log4net - ---Executed Successfully GetVitalsCheckList() in EMARController----
2022-12-12 05:53:17,447 [59] DEBUG LTCPro.ServiceLayer.Log4net - ---Executed Successfully GetVitalsCheckList() in EMARController----
2022-12-12 05:53:17,450 [61] DEBUG LTCPro.ServiceLayer.Log4net - ---Executing GetVitalsCheckList() in EMARController----
2022-12-12 05:53:17,463 [60] DEBUG LTCPro.ServiceLayer.Log4net - ---Executed Successfully GetVitalsCheckList() in EMARController----
2022-12-12 05:53:17,480 [59] DEBUG LTCPro.ServiceLayer.Log4net - ---Executing GetUserToken() in UserService----
2022-12-12 05:53:17,480 [53] DEBUG LTCPro.ServiceLayer.Log4net - ---Executing GetUserToken() in UserService----
2022-12-12 05:53:17,492 [47] DEBUG LTCPro.ServiceLayer.Log4net - ---Executing GetUserToken() in UserService----
2022-12-12 05:53:17,707 [59] DEBUG LTCPro.ServiceLayer.Log4net - ---Executing GetVitalsCheckList() in EMARController----
2022-12-12 05:53:17,708 [53] DEBUG LTCPro.ServiceLayer.Log4net - ---Executing GetVitalsCheckList() in EMARController----
2022-12-12 05:53:17,718 [47] DEBUG LTCPro.ServiceLayer.Log4net - ---Executing GetVitalsCheckList() in EMARController----
2022-12-12 05:53:17,958 [64] DEBUG LTCPro.ServiceLayer.Log4net - ---Executed Successfully GetVitalsCheckList() in EMARController----
2022-12-12 05:53:18,131 [61] DEBUG LTCPro.ServiceLayer.Log4net - ---Executed Successfully GetVitalsCheckList() in EMARController----
2022-12-12 05:53:18,383 [59] DEBUG LTCPro.ServiceLayer.Log4net - ---Executed Successfully GetVitalsCheckList() in EMARController----
2022-12-12 05:53:18,383 [53] DEBUG LTCPro.ServiceLayer.Log4net - ---Executed Successfully GetVitalsCheckList() in EMARController----
2022-12-12 05:53:18,410 [47] DEBUG LTCPro.ServiceLayer.Log4net - ---Executed Successfully GetVitalsCheckList() in EMARController----
2022-12-12 05:53:18,429 [54] DEBUG LTCPro.ServiceLayer.Log4net - ---Executing GetVitalsCheckList() in EMARController----
2022-12-12 05:53:19,103 [54] DEBUG LTCPro.ServiceLayer.Log4net - ---Executed Successfully GetVitalsCheckList() in EMARController----
2022-12-12 05:58:04,865 [31] DEBUG LTCPro.ServiceLayer.Log4net - ---Executing GetUserToken() in UserService----
2022-12-12 05:58:04,866 [62] DEBUG LTCPro.ServiceLayer.Log4net - ---Executing GetUserToken() in UserService----
2022-12-12 05:58:04,879 [56] DEBUG LTCPro.ServiceLayer.Log4net - ---Executing GetUserToken() in UserService----
2022-12-12 05:58:04,882 [58] DEBUG LTCPro.ServiceLayer.Log4net - ---Executing GetUserToken() in UserService----
2022-12-12 05:58:04,897 [5] DEBUG LTCPro.ServiceLayer.Log4net - ---Executing GetUserToken() in UserService----
2022-12-12 05:58:04,922 [63] DEBUG LTCPro.ServiceLayer.Log4net - ---Executing GetUserToken() in UserService----
2022-12-12 05:58:17,347 [31] DEBUG LTCPro.ServiceLayer.Log4net - ---Executing GetReadMailsCount() in MailboxController----
2022-12-12 05:58:17,347 [31] DEBUG LTCPro.ServiceLayer.Log4net - ---Executing GetReadMailsCount() in MailboxService----
2022-12-12 05:58:18,509 [63] DEBUG LTCPro.ServiceLayer.Log4net - ---Executing GetUserRecentFacNs() in UserController----
2022-12-12 05:58:18,509 [63] DEBUG LTCPro.ServiceLayer.Log4net - ---Executing GetUserRecentFacNs() in UserService----
2022-12-12 05:58:18,732 [31] DEBUG LTCPro.ServiceLayer.Log4net - ---Executed successfully GetReadMailsCount() in MailboxController----
2022-12-12 05:58:18,754 [54] DEBUG LTCPro.ServiceLayer.Log4net - ---Executing GetUserToken() in UserService----
2022-12-12 05:58:18,981 [54] DEBUG LTCPro.ServiceLayer.Log4net - ---Executing GetPendingDosesList() in CommonController----
2022-12-12 05:58:18,981 [54] DEBUG LTCPro.ServiceLayer.Log4net - ---Executing GetPendingDosesList() in CommonService----
2022-12-12 05:58:19,304 [54] DEBUG LTCPro.ServiceLayer.Log4net - ---Executed Successfully GetPendingDosesList() in CommonController----
2022-12-12 05:58:19,317 [54] DEBUG LTCPro.ServiceLayer.Log4net - ---Executing GetUserToken() in UserService----
2022-12-12 05:58:19,427 [58] DEBUG LTCPro.ServiceLayer.Log4net - ---Executing GetUserPassedDueFlag() in UserController----
2022-12-12 05:58:19,427 [58] DEBUG LTCPro.ServiceLayer.Log4net - ---Executing GetUserPassedDueFlag() in UserService----
2022-12-12 05:58:19,543 [54] DEBUG LTCPro.ServiceLayer.Log4net - ---Executing InsertUserActivityDetails() in CompanyController----
2022-12-12 05:58:19,543 [54] DEBUG LTCPro.ServiceLayer.Log4net - ---Executing InsertUserActivityDetails() in UserActivityService----
2022-12-12 05:58:19,768 [58] DEBUG LTCPro.ServiceLayer.Log4net - ---Executed Successfully GetUserPassedDueFlag() in UserController----
2022-12-12 05:58:19,789 [58] DEBUG LTCPro.ServiceLayer.Log4net - ---Executing GetUserToken() in UserService----
2022-12-12 05:58:20,016 [58] DEBUG LTCPro.ServiceLayer.Log4net - ---Executing GetUserRecentFacNs() in UserController----
2022-12-12 05:58:20,016 [58] DEBUG LTCPro.ServiceLayer.Log4net - ---Executing GetUserRecentFacNs() in UserService----
2022-12-12 05:58:20,128 [63] DEBUG LTCPro.ServiceLayer.Log4net - ---Executed Successfully GetUserRecentFacNs() in UserController----
2022-12-12 05:58:20,147 [59] DEBUG LTCPro.ServiceLayer.Log4net - ---Executing GetUserToken() in UserService----
2022-12-12 05:58:20,267 [5] DEBUG LTCPro.ServiceLayer.Log4net - ---Executing GetOutboundErrorDetails() in CommonController----
2022-12-12 05:58:20,267 [5] DEBUG LTCPro.ServiceLayer.Log4net - ---Executing GetOutboundErrorDetails() in CommonService----
2022-12-12 05:58:20,494 [59] DEBUG LTCPro.ServiceLayer.Log4net - ---Executing GetUserAccessFacilityNurseStaions() in FacilityController----
2022-12-12 05:58:20,494 [59] DEBUG LTCPro.ServiceLayer.Log4net - ---Executing GetUserAccessFacilityNurseStaions() in FacilityService----
2022-12-12 05:58:20,572 [56] DEBUG LTCPro.ServiceLayer.Log4net - ---Executing GetAlertsDetails() in MailboxController----
2022-12-12 05:58:20,572 [56] DEBUG LTCPro.ServiceLayer.Log4net - ---Executing GetAlertsDetails() in MailboxService----
2022-12-12 05:58:20,719 [58] DEBUG LTCPro.ServiceLayer.Log4net - ---Executed Successfully GetUserRecentFacNs() in UserController----
2022-12-12 05:58:20,982 [5] DEBUG LTCPro.ServiceLayer.Log4net - ---Executed Successfully GetOutboundErrorDetails() in CommonController----
2022-12-12 05:58:21,178 [62] DEBUG LTCPro.ServiceLayer.Log4net - ---Executing GetDueMARAlertData() in EmarController----
2022-12-12 05:58:21,178 [62] DEBUG LTCPro.ServiceLayer.Log4net - ---Executing GetDueMARAlertData() in EmarService----
2022-12-12 05:58:21,210 [59] DEBUG LTCPro.ServiceLayer.Log4net - ---Executed Successfully GetUserAccessFacilityNurseStaions() in FacilityController----
2022-12-12 05:58:21,296 [53] DEBUG LTCPro.ServiceLayer.Log4net - ---Executing GetUserToken() in UserService----
2022-12-12 05:58:21,509 [62] DEBUG LTCPro.ServiceLayer.Log4net - ---Executed Successfully GetDueMARAlertData() in EmarController----
2022-12-12 05:58:21,513 [54] DEBUG LTCPro.ServiceLayer.Log4net - ---Executed Successfully InsertUserActivityDetails() in CompanyController----
2022-12-12 05:58:21,524 [53] DEBUG LTCPro.ServiceLayer.Log4net - ---Executing GetUserAccessFacilityNurseStaions() in FacilityController----
2022-12-12 05:58:21,524 [53] DEBUG LTCPro.ServiceLayer.Log4net - ---Executing GetUserAccessFacilityNurseStaions() in FacilityService----
2022-12-12 05:58:22,185 [53] DEBUG LTCPro.ServiceLayer.Log4net - ---Executed Successfully GetUserAccessFacilityNurseStaions() in FacilityController----
2022-12-12 05:58:22,268 [62] DEBUG LTCPro.ServiceLayer.Log4net - ---Executing GetUserToken() in UserService----
2022-12-12 05:58:22,715 [56] DEBUG LTCPro.ServiceLayer.Log4net - ---Executed successfully GetAlertsDetails() in MailboxController----
2022-12-12 05:58:22,716 [62] DEBUG LTCPro.ServiceLayer.Log4net - ---Executing UserNurseStationDrop() in FacilityController----
2022-12-12 05:58:22,716 [62] DEBUG LTCPro.ServiceLayer.Log4net - ---Executing UserNurseStationDrop() in FacilityService----
2022-12-12 05:58:22,947 [62] DEBUG LTCPro.ServiceLayer.Log4net - ---Executed Successfully UserNurseStationDrop() in FacilityController----
2022-12-12 05:58:22,983 [56] DEBUG LTCPro.ServiceLayer.Log4net - ---Executing GetUsersByNSID() in UserController----
2022-12-12 05:58:22,983 [56] DEBUG LTCPro.ServiceLayer.Log4net - ---Executing GetUsersByNSID() in UserService----
2022-12-12 05:58:23,025 [54] DEBUG LTCPro.ServiceLayer.Log4net - ---Executing GetUserToken() in UserService----
2022-12-12 05:58:23,522 [54] DEBUG LTCPro.ServiceLayer.Log4net - ---Executing GetResidentsListByNSId() in AssesmentController----
2022-12-12 05:58:23,522 [54] DEBUG LTCPro.ServiceLayer.Log4net - ---Executing GetResidentsListByNSId() in AssesmentService----
2022-12-12 05:58:24,134 [56] DEBUG LTCPro.ServiceLayer.Log4net - ---Executed Successfully GetUsersByNSID() in UserController----
2022-12-12 05:58:24,210 [54] DEBUG LTCPro.ServiceLayer.Log4net - ---Executed Successfully GetResidentsListByNSId() in AssesmentController----
2022-12-12 05:58:24,244 [62] DEBUG LTCPro.ServiceLayer.Log4net - ---Executing GetUserToken() in UserService----
2022-12-12 05:58:24,475 [62] DEBUG LTCPro.ServiceLayer.Log4net - ---Executing GetTimeZoneDate() in CommonController----
2022-12-12 05:58:24,475 [62] DEBUG LTCPro.ServiceLayer.Log4net - ---Executing GetTimeZoneDate() in CommonService----
2022-12-12 05:58:24,698 [62] DEBUG LTCPro.ServiceLayer.Log4net - ---Executed Successfully GetTimeZoneDate() in CommonController----
2022-12-12 05:59:26,730 [58] DEBUG LTCPro.ServiceLayer.Log4net - ---Executing GetUserToken() in UserService----
2022-12-12 05:59:26,960 [58] DEBUG LTCPro.ServiceLayer.Log4net - ---Executing GetNursingScheduleData() in EmarController----
2022-12-12 05:59:26,960 [58] DEBUG LTCPro.ServiceLayer.Log4net - ---Executing GetNursingScheduleData() in EmarService----
2022-12-12 05:59:42,225 [58] DEBUG LTCPro.ServiceLayer.Log4net - ---Executed Successfully GetNursingScheduleData() in EmarController----
2022-12-12 05:59:47,203 [54] DEBUG LTCPro.ServiceLayer.Log4net - ---Executing GetUserToken() in UserService----
2022-12-12 05:59:47,429 [54] DEBUG LTCPro.ServiceLayer.Log4net - ---Executing GetOrdersListData() in CommonController----
2022-12-12 05:59:47,429 [54] DEBUG LTCPro.ServiceLayer.Log4net - ---Executing GetOrdersListData() in CommonService----
2022-12-12 05:59:49,184 [54] DEBUG LTCPro.ServiceLayer.Log4net - ---Executed Successfully GetOrdersListData() in CommonController----
2022-12-12 05:59:49,304 [51] DEBUG LTCPro.ServiceLayer.Log4net - ---Executing GetUserToken() in UserService----
2022-12-12 05:59:49,306 [6] DEBUG LTCPro.ServiceLayer.Log4net - ---Executing GetUserToken() in UserService----
2022-12-12 05:59:49,312 [57] DEBUG LTCPro.ServiceLayer.Log4net - ---Executing GetUserToken() in UserService----
2022-12-12 05:59:49,324 [54] DEBUG LTCPro.ServiceLayer.Log4net - ---Executing GetUserToken() in UserService----
2022-12-12 05:59:49,334 [58] DEBUG LTCPro.ServiceLayer.Log4net - ---Executing GetUserToken() in UserService----
2022-12-12 05:59:49,536 [51] DEBUG LTCPro.ServiceLayer.Log4net - ---Executing GetVitalsCheckList() in EMARController----
2022-12-12 05:59:49,543 [6] DEBUG LTCPro.ServiceLayer.Log4net - ---Executing GetVitalsCheckList() in EMARController----
2022-12-12 05:59:49,546 [57] DEBUG LTCPro.ServiceLayer.Log4net - ---Executing GetVitalsCheckList() in EMARController----
2022-12-12 05:59:49,554 [54] DEBUG LTCPro.ServiceLayer.Log4net - ---Executing GetDrFirstFlagForCompanyByNSId() in CompanyController----
2022-12-12 05:59:49,554 [54] DEBUG LTCPro.ServiceLayer.Log4net - ---Executing GetDrFirstFlagForCompanyByNSId() in CompanyService----
2022-12-12 05:59:49,787 [54] DEBUG LTCPro.ServiceLayer.Log4net - ---Executed Successfully GetDrFirstFlagForCompanyByNSId() in CompanyController----
2022-12-12 05:59:50,236 [6] DEBUG LTCPro.ServiceLayer.Log4net - ---Executed Successfully GetVitalsCheckList() in EMARController----
2022-12-12 05:59:50,464 [57] DEBUG LTCPro.ServiceLayer.Log4net - ---Executed Successfully GetVitalsCheckList() in EMARController----
2022-12-12 05:59:50,564 [58] DEBUG LTCPro.ServiceLayer.Log4net - ---Executing GetVitalsCheckList() in EMARController----
2022-12-12 05:59:50,670 [48] DEBUG LTCPro.ServiceLayer.Log4net - ---Executing GetUserToken() in UserService----
2022-12-12 05:59:50,756 [51] DEBUG LTCPro.ServiceLayer.Log4net - ---Executed Successfully GetVitalsCheckList() in EMARController----
2022-12-12 05:59:51,268 [58] DEBUG LTCPro.ServiceLayer.Log4net - ---Executed Successfully GetVitalsCheckList() in EMARController----
2022-12-12 06:00:10,084 [54] DEBUG LTCPro.ServiceLayer.Log4net - ---Executing GetUserToken() in UserService----
2022-12-12 06:00:10,325 [54] DEBUG LTCPro.ServiceLayer.Log4net - ---Executing GetOrdersListData() in CommonController----
2022-12-12 06:00:10,325 [54] DEBUG LTCPro.ServiceLayer.Log4net - ---Executing GetOrdersListData() in CommonService----
2022-12-12 06:00:12,091 [54] DEBUG LTCPro.ServiceLayer.Log4net - ---Executed Successfully GetOrdersListData() in CommonController----
2022-12-12 06:00:12,177 [48] DEBUG LTCPro.ServiceLayer.Log4net - ---Executing GetUserToken() in UserService----
2022-12-12 06:00:12,190 [6] DEBUG LTCPro.ServiceLayer.Log4net - ---Executing GetUserToken() in UserService----
2022-12-12 06:00:12,196 [57] DEBUG LTCPro.ServiceLayer.Log4net - ---Executing GetUserToken() in UserService----
2022-12-12 06:00:12,204 [27] DEBUG LTCPro.ServiceLayer.Log4net - ---Executing GetUserToken() in UserService----
2022-12-12 06:00:12,212 [63] DEBUG LTCPro.ServiceLayer.Log4net - ---Executing GetUserToken() in UserService----
2022-12-12 06:00:12,408 [48] DEBUG LTCPro.ServiceLayer.Log4net - ---Executing GetVitalsCheckList() in EMARController----
2022-12-12 06:00:12,418 [6] DEBUG LTCPro.ServiceLayer.Log4net - ---Executing GetVitalsCheckList() in EMARController----
2022-12-12 06:00:12,423 [57] DEBUG LTCPro.ServiceLayer.Log4net - ---Executing GetVitalsCheckList() in EMARController----
2022-12-12 06:00:12,431 [27] DEBUG LTCPro.ServiceLayer.Log4net - ---Executing GetDrFirstFlagForCompanyByNSId() in CompanyController----
2022-12-12 06:00:12,431 [27] DEBUG LTCPro.ServiceLayer.Log4net - ---Executing GetDrFirstFlagForCompanyByNSId() in CompanyService----
2022-12-12 06:00:12,439 [63] DEBUG LTCPro.ServiceLayer.Log4net - ---Executing GetVitalsCheckList() in EMARController----
2022-12-12 06:00:12,663 [27] DEBUG LTCPro.ServiceLayer.Log4net - ---Executed Successfully GetDrFirstFlagForCompanyByNSId() in CompanyController----
2022-12-12 06:00:13,117 [6] DEBUG LTCPro.ServiceLayer.Log4net - ---Executed Successfully GetVitalsCheckList() in EMARController----
2022-12-12 06:00:13,163 [27] DEBUG LTCPro.ServiceLayer.Log4net - ---Executing GetUserToken() in UserService----
2022-12-12 06:00:13,338 [63] DEBUG LTCPro.ServiceLayer.Log4net - ---Executed Successfully GetVitalsCheckList() in EMARController----
2022-12-12 06:00:13,564 [57] DEBUG LTCPro.ServiceLayer.Log4net - ---Executed Successfully GetVitalsCheckList() in EMARController----
2022-12-12 06:00:14,234 [48] DEBUG LTCPro.ServiceLayer.Log4net - ---Executed Successfully GetVitalsCheckList() in EMARController----
2022-12-12 06:02:30,598 [6] DEBUG LTCPro.ServiceLayer.Log4net - ---Executing GetUserToken() in UserService----
2022-12-12 06:02:30,624 [53] DEBUG LTCPro.ServiceLayer.Log4net - ---Executing GetUserToken() in UserService----
2022-12-12 06:02:30,626 [48] DEBUG LTCPro.ServiceLayer.Log4net - ---Executing GetUserToken() in UserService----
2022-12-12 06:02:30,634 [9] DEBUG LTCPro.ServiceLayer.Log4net - ---Executing GetUserToken() in UserService----
2022-12-12 06:02:30,843 [6] DEBUG LTCPro.ServiceLayer.Log4net - ---Executing GetAlertsDetails() in MailboxController----
2022-12-12 06:02:30,843 [6] DEBUG LTCPro.ServiceLayer.Log4net - ---Executing GetAlertsDetails() in MailboxService----
2022-12-12 06:02:30,899 [9] DEBUG LTCPro.ServiceLayer.Log4net - ---Executing GetReadMailsCount() in MailboxController----
2022-12-12 06:02:30,899 [9] DEBUG LTCPro.ServiceLayer.Log4net - ---Executing GetReadMailsCount() in MailboxService----
2022-12-12 06:02:30,899 [48] DEBUG LTCPro.ServiceLayer.Log4net - ---Executing GetDueMARAlertData() in EmarController----
2022-12-12 06:02:30,899 [53] DEBUG LTCPro.ServiceLayer.Log4net - ---Executing GetUserPassedDueFlag() in UserController----
2022-12-12 06:02:30,899 [53] DEBUG LTCPro.ServiceLayer.Log4net - ---Executing GetUserPassedDueFlag() in UserService----
2022-12-12 06:02:30,899 [48] DEBUG LTCPro.ServiceLayer.Log4net - ---Executing GetDueMARAlertData() in EmarService----
2022-12-12 06:02:31,109 [6] DEBUG LTCPro.ServiceLayer.Log4net - ---Executed successfully GetAlertsDetails() in MailboxController----
2022-12-12 06:02:31,125 [53] DEBUG LTCPro.ServiceLayer.Log4net - ---Executed Successfully GetUserPassedDueFlag() in UserController----
2022-12-12 06:02:31,130 [9] DEBUG LTCPro.ServiceLayer.Log4net - ---Executed successfully GetReadMailsCount() in MailboxController----
2022-12-12 06:02:31,130 [6] DEBUG LTCPro.ServiceLayer.Log4net - ---Executing GetUserToken() in UserService----
2022-12-12 06:02:31,142 [53] DEBUG LTCPro.ServiceLayer.Log4net - ---Executing GetUserToken() in UserService----
2022-12-12 06:02:31,163 [9] DEBUG LTCPro.ServiceLayer.Log4net - ---Executing GetUserToken() in UserService----
2022-12-12 06:02:31,272 [48] DEBUG LTCPro.ServiceLayer.Log4net - ---Executed Successfully GetDueMARAlertData() in EmarController----
2022-12-12 06:02:31,287 [48] DEBUG LTCPro.ServiceLayer.Log4net - ---Executing GetUserToken() in UserService----
2022-12-12 06:02:31,297 [35] DEBUG LTCPro.ServiceLayer.Log4net - ---Executing GetUserToken() in UserService----
2022-12-12 06:02:31,357 [6] DEBUG LTCPro.ServiceLayer.Log4net - ---Executing GetPendingDosesList() in CommonController----
2022-12-12 06:02:31,357 [6] DEBUG LTCPro.ServiceLayer.Log4net - ---Executing GetPendingDosesList() in CommonService----
2022-12-12 06:02:31,370 [53] DEBUG LTCPro.ServiceLayer.Log4net - ---Executing GetOutboundErrorDetails() in CommonController----
2022-12-12 06:02:31,371 [53] DEBUG LTCPro.ServiceLayer.Log4net - ---Executing GetOutboundErrorDetails() in CommonService----
2022-12-12 06:02:31,390 [9] DEBUG LTCPro.ServiceLayer.Log4net - ---Executing GetUserRecentFacNs() in UserController----
2022-12-12 06:02:31,390 [9] DEBUG LTCPro.ServiceLayer.Log4net - ---Executing GetUserRecentFacNs() in UserService----
2022-12-12 06:02:31,516 [48] DEBUG LTCPro.ServiceLayer.Log4net - ---Executing InsertUserActivityDetails() in CompanyController----
2022-12-12 06:02:31,516 [48] DEBUG LTCPro.ServiceLayer.Log4net - ---Executing InsertUserActivityDetails() in UserActivityService----
2022-12-12 06:02:31,525 [35] DEBUG LTCPro.ServiceLayer.Log4net - ---Executing GetUserRecentFacNs() in UserController----
2022-12-12 06:02:31,525 [35] DEBUG LTCPro.ServiceLayer.Log4net - ---Executing GetUserRecentFacNs() in UserService----
2022-12-12 06:02:31,685 [6] DEBUG LTCPro.ServiceLayer.Log4net - ---Executed Successfully GetPendingDosesList() in CommonController----
2022-12-12 06:02:31,872 [9] DEBUG LTCPro.ServiceLayer.Log4net - ---Executed Successfully GetUserRecentFacNs() in UserController----
2022-12-12 06:02:31,927 [44] DEBUG LTCPro.ServiceLayer.Log4net - ---Executing GetUserToken() in UserService----
2022-12-12 06:02:32,003 [35] DEBUG LTCPro.ServiceLayer.Log4net - ---Executed Successfully GetUserRecentFacNs() in UserController----
2022-12-12 06:02:32,020 [42] DEBUG LTCPro.ServiceLayer.Log4net - ---Executing GetUserToken() in UserService----
2022-12-12 06:02:32,073 [53] DEBUG LTCPro.ServiceLayer.Log4net - ---Executed Successfully GetOutboundErrorDetails() in CommonController----
2022-12-12 06:02:32,154 [44] DEBUG LTCPro.ServiceLayer.Log4net - ---Executing GetUserAccessFacilityNurseStaions() in FacilityController----
2022-12-12 06:02:32,154 [44] DEBUG LTCPro.ServiceLayer.Log4net - ---Executing GetUserAccessFacilityNurseStaions() in FacilityService----
2022-12-12 06:02:32,215 [48] DEBUG LTCPro.ServiceLayer.Log4net - ---Executed Successfully InsertUserActivityDetails() in CompanyController----
2022-12-12 06:02:32,296 [42] DEBUG LTCPro.ServiceLayer.Log4net - ---Executing GetUserAccessFacilityNurseStaions() in FacilityController----
2022-12-12 06:02:32,296 [42] DEBUG LTCPro.ServiceLayer.Log4net - ---Executing GetUserAccessFacilityNurseStaions() in FacilityService----
2022-12-12 06:02:32,608 [44] DEBUG LTCPro.ServiceLayer.Log4net - ---Executed Successfully GetUserAccessFacilityNurseStaions() in FacilityController----
2022-12-12 06:02:32,749 [42] DEBUG LTCPro.ServiceLayer.Log4net - ---Executed Successfully GetUserAccessFacilityNurseStaions() in FacilityController----
2022-12-12 06:02:32,782 [6] DEBUG LTCPro.ServiceLayer.Log4net - ---Executing GetUserToken() in UserService----
2022-12-12 06:02:33,008 [6] DEBUG LTCPro.ServiceLayer.Log4net - ---Executing UserNurseStationDrop() in FacilityController----
2022-12-12 06:02:33,009 [6] DEBUG LTCPro.ServiceLayer.Log4net - ---Executing UserNurseStationDrop() in FacilityService----
2022-12-12 06:02:33,235 [6] DEBUG LTCPro.ServiceLayer.Log4net - ---Executed Successfully UserNurseStationDrop() in FacilityController----
2022-12-12 06:02:33,264 [48] DEBUG LTCPro.ServiceLayer.Log4net - ---Executing GetUsersByNSID() in UserController----
2022-12-12 06:02:33,264 [48] DEBUG LTCPro.ServiceLayer.Log4net - ---Executing GetUsersByNSID() in UserService----
2022-12-12 06:02:33,293 [43] DEBUG LTCPro.ServiceLayer.Log4net - ---Executing GetUserToken() in UserService----
2022-12-12 06:02:33,520 [43] DEBUG LTCPro.ServiceLayer.Log4net - ---Executing GetResidentsListByNSId() in AssesmentController----
2022-12-12 06:02:33,520 [43] DEBUG LTCPro.ServiceLayer.Log4net - ---Executing GetResidentsListByNSId() in AssesmentService----
2022-12-12 06:02:34,225 [43] DEBUG LTCPro.ServiceLayer.Log4net - ---Executed Successfully GetResidentsListByNSId() in AssesmentController----
2022-12-12 06:02:34,253 [48] DEBUG LTCPro.ServiceLayer.Log4net - ---Executed Successfully GetUsersByNSID() in UserController----
2022-12-12 06:02:34,257 [44] DEBUG LTCPro.ServiceLayer.Log4net - ---Executing GetUserToken() in UserService----
2022-12-12 06:02:34,485 [44] DEBUG LTCPro.ServiceLayer.Log4net - ---Executing GetTimeZoneDate() in CommonController----
2022-12-12 06:02:34,486 [44] DEBUG LTCPro.ServiceLayer.Log4net - ---Executing GetTimeZoneDate() in CommonService----
2022-12-12 06:02:34,711 [44] DEBUG LTCPro.ServiceLayer.Log4net - ---Executed Successfully GetTimeZoneDate() in CommonController----
2022-12-12 06:02:43,387 [9] DEBUG LTCPro.ServiceLayer.Log4net - ---Executing GetUserToken() in UserService----
2022-12-12 06:02:43,613 [9] DEBUG LTCPro.ServiceLayer.Log4net - ---Executing GetNursingScheduleData() in EmarController----
2022-12-12 06:02:43,613 [9] DEBUG LTCPro.ServiceLayer.Log4net - ---Executing GetNursingScheduleData() in EmarService----
2022-12-12 06:02:59,241 [9] DEBUG LTCPro.ServiceLayer.Log4net - ---Executed Successfully GetNursingScheduleData() in EmarController----
2022-12-12 06:03:03,210 [32] DEBUG LTCPro.ServiceLayer.Log4net - ---Executing GetUserToken() in UserService----
2022-12-12 06:03:03,440 [32] DEBUG LTCPro.ServiceLayer.Log4net - ---Executing GetOrdersListData() in CommonController----
2022-12-12 06:03:03,440 [32] DEBUG LTCPro.ServiceLayer.Log4net - ---Executing GetOrdersListData() in CommonService----
2022-12-12 06:03:05,160 [32] DEBUG LTCPro.ServiceLayer.Log4net - ---Executed Successfully GetOrdersListData() in CommonController----
2022-12-12 06:03:05,233 [44] DEBUG LTCPro.ServiceLayer.Log4net - ---Executing GetUserToken() in UserService----
2022-12-12 06:03:05,262 [42] DEBUG LTCPro.ServiceLayer.Log4net - ---Executing GetUserToken() in UserService----
2022-12-12 06:03:05,264 [35] DEBUG LTCPro.ServiceLayer.Log4net - ---Executing GetUserToken() in UserService----
2022-12-12 06:03:05,272 [32] DEBUG LTCPro.ServiceLayer.Log4net - ---Executing GetUserToken() in UserService----
2022-12-12 06:03:05,460 [44] DEBUG LTCPro.ServiceLayer.Log4net - ---Executing GetDrFirstFlagForCompanyByNSId() in CompanyController----
2022-12-12 06:03:05,460 [44] DEBUG LTCPro.ServiceLayer.Log4net - ---Executing GetDrFirstFlagForCompanyByNSId() in CompanyService----
2022-12-12 06:03:05,499 [42] DEBUG LTCPro.ServiceLayer.Log4net - ---Executing GetVitalsCheckList() in EMARController----
2022-12-12 06:03:05,517 [35] DEBUG LTCPro.ServiceLayer.Log4net - ---Executing GetVitalsCheckList() in EMARController----
2022-12-12 06:03:05,522 [32] DEBUG LTCPro.ServiceLayer.Log4net - ---Executing GetVitalsCheckList() in EMARController----
2022-12-12 06:03:05,689 [44] DEBUG LTCPro.ServiceLayer.Log4net - ---Executed Successfully GetDrFirstFlagForCompanyByNSId() in CompanyController----
2022-12-12 06:03:05,711 [44] DEBUG LTCPro.ServiceLayer.Log4net - ---Executing GetUserToken() in UserService----
2022-12-12 06:03:05,937 [44] DEBUG LTCPro.ServiceLayer.Log4net - ---Executing GetVitalsCheckList() in EMARController----
2022-12-12 06:03:06,179 [42] DEBUG LTCPro.ServiceLayer.Log4net - ---Executed Successfully GetVitalsCheckList() in EMARController----
2022-12-12 06:03:06,215 [35] DEBUG LTCPro.ServiceLayer.Log4net - ---Executed Successfully GetVitalsCheckList() in EMARController----
2022-12-12 06:03:06,613 [44] DEBUG LTCPro.ServiceLayer.Log4net - ---Executed Successfully GetVitalsCheckList() in EMARController----
2022-12-12 06:03:07,141 [32] DEBUG LTCPro.ServiceLayer.Log4net - ---Executed Successfully GetVitalsCheckList() in EMARController----
2022-12-12 06:03:57,264 [39] DEBUG LTCPro.ServiceLayer.Log4net - ---Executing GetUserToken() in UserService----
2022-12-12 06:03:57,292 [42] DEBUG LTCPro.ServiceLayer.Log4net - ---Executing GetUserToken() in UserService----
2022-12-12 06:03:57,358 [55] DEBUG LTCPro.ServiceLayer.Log4net - ---Executing GetUserToken() in UserService----
2022-12-12 06:03:57,364 [40] DEBUG LTCPro.ServiceLayer.Log4net - ---Executing GetUserToken() in UserService----
2022-12-12 06:03:57,379 [35] DEBUG LTCPro.ServiceLayer.Log4net - ---Executing GetUserToken() in UserService----
2022-12-12 06:03:57,503 [39] DEBUG LTCPro.ServiceLayer.Log4net - ---Executing GetReadMailsCount() in MailboxController----
2022-12-12 06:03:57,503 [39] DEBUG LTCPro.ServiceLayer.Log4net - ---Executing GetReadMailsCount() in MailboxService----
2022-12-12 06:03:57,524 [42] DEBUG LTCPro.ServiceLayer.Log4net - ---Executing GetDueMARAlertData() in EmarController----
2022-12-12 06:03:57,524 [42] DEBUG LTCPro.ServiceLayer.Log4net - ---Executing GetDueMARAlertData() in EmarService----
2022-12-12 06:03:57,586 [55] DEBUG LTCPro.ServiceLayer.Log4net - ---Executing GetAlertsDetails() in MailboxController----
2022-12-12 06:03:57,586 [55] DEBUG LTCPro.ServiceLayer.Log4net - ---Executing GetAlertsDetails() in MailboxService----
2022-12-12 06:03:57,591 [40] DEBUG LTCPro.ServiceLayer.Log4net - ---Executing GetUserPassedDueFlag() in UserController----
2022-12-12 06:03:57,591 [40] DEBUG LTCPro.ServiceLayer.Log4net - ---Executing GetUserPassedDueFlag() in UserService----
2022-12-12 06:03:57,608 [35] DEBUG LTCPro.ServiceLayer.Log4net - ---Executing GetOutboundErrorDetails() in CommonController----
2022-12-12 06:03:57,609 [35] DEBUG LTCPro.ServiceLayer.Log4net - ---Executing GetOutboundErrorDetails() in CommonService----
2022-12-12 06:03:57,731 [39] DEBUG LTCPro.ServiceLayer.Log4net - ---Executed successfully GetReadMailsCount() in MailboxController----
2022-12-12 06:03:57,748 [39] DEBUG LTCPro.ServiceLayer.Log4net - ---Executing GetUserToken() in UserService----
2022-12-12 06:03:57,824 [40] DEBUG LTCPro.ServiceLayer.Log4net - ---Executed Successfully GetUserPassedDueFlag() in UserController----
2022-12-12 06:03:57,843 [40] DEBUG LTCPro.ServiceLayer.Log4net - ---Executing GetUserToken() in UserService----
2022-12-12 06:03:57,866 [55] DEBUG LTCPro.ServiceLayer.Log4net - ---Executed successfully GetAlertsDetails() in MailboxController----
2022-12-12 06:03:57,885 [42] DEBUG LTCPro.ServiceLayer.Log4net - ---Executed Successfully GetDueMARAlertData() in EmarController----
2022-12-12 06:03:57,887 [55] DEBUG LTCPro.ServiceLayer.Log4net - ---Executing GetUserToken() in UserService----
2022-12-12 06:03:57,895 [42] DEBUG LTCPro.ServiceLayer.Log4net - ---Executing GetUserToken() in UserService----
2022-12-12 06:03:57,974 [39] DEBUG LTCPro.ServiceLayer.Log4net - ---Executing GetPendingDosesList() in CommonController----
2022-12-12 06:03:57,974 [39] DEBUG LTCPro.ServiceLayer.Log4net - ---Executing GetPendingDosesList() in CommonService----
2022-12-12 06:03:58,069 [40] DEBUG LTCPro.ServiceLayer.Log4net - ---Executing GetUserRecentFacNs() in UserController----
2022-12-12 06:03:58,069 [40] DEBUG LTCPro.ServiceLayer.Log4net - ---Executing GetUserRecentFacNs() in UserService----
2022-12-12 06:03:58,113 [55] DEBUG LTCPro.ServiceLayer.Log4net - ---Executing GetUserRecentFacNs() in UserController----
2022-12-12 06:03:58,113 [55] DEBUG LTCPro.ServiceLayer.Log4net - ---Executing GetUserRecentFacNs() in UserService----
2022-12-12 06:03:58,121 [42] DEBUG LTCPro.ServiceLayer.Log4net - ---Executing InsertUserActivityDetails() in CompanyController----
2022-12-12 06:03:58,121 [42] DEBUG LTCPro.ServiceLayer.Log4net - ---Executing InsertUserActivityDetails() in UserActivityService----
2022-12-12 06:03:58,289 [35] DEBUG LTCPro.ServiceLayer.Log4net - ---Executed Successfully GetOutboundErrorDetails() in CommonController----
2022-12-12 06:03:58,309 [39] DEBUG LTCPro.ServiceLayer.Log4net - ---Executed Successfully GetPendingDosesList() in CommonController----
2022-12-12 06:03:58,525 [40] DEBUG LTCPro.ServiceLayer.Log4net - ---Executed Successfully GetUserRecentFacNs() in UserController----
2022-12-12 06:03:58,558 [35] DEBUG LTCPro.ServiceLayer.Log4net - ---Executing GetUserToken() in UserService----
2022-12-12 06:03:58,571 [55] DEBUG LTCPro.ServiceLayer.Log4net - ---Executed Successfully GetUserRecentFacNs() in UserController----
2022-12-12 06:03:58,592 [40] DEBUG LTCPro.ServiceLayer.Log4net - ---Executing GetUserToken() in UserService----
2022-12-12 06:03:58,786 [35] DEBUG LTCPro.ServiceLayer.Log4net - ---Executing GetUserAccessFacilityNurseStaions() in FacilityController----
2022-12-12 06:03:58,786 [35] DEBUG LTCPro.ServiceLayer.Log4net - ---Executing GetUserAccessFacilityNurseStaions() in FacilityService----
2022-12-12 06:03:58,820 [40] DEBUG LTCPro.ServiceLayer.Log4net - ---Executing GetUserAccessFacilityNurseStaions() in FacilityController----
2022-12-12 06:03:58,820 [40] DEBUG LTCPro.ServiceLayer.Log4net - ---Executing GetUserAccessFacilityNurseStaions() in FacilityService----
2022-12-12 06:03:58,821 [42] DEBUG LTCPro.ServiceLayer.Log4net - ---Executed Successfully InsertUserActivityDetails() in CompanyController----
2022-12-12 06:03:59,239 [35] DEBUG LTCPro.ServiceLayer.Log4net - ---Executed Successfully GetUserAccessFacilityNurseStaions() in FacilityController----
2022-12-12 06:03:59,275 [40] DEBUG LTCPro.ServiceLayer.Log4net - ---Executed Successfully GetUserAccessFacilityNurseStaions() in FacilityController----
2022-12-12 06:03:59,363 [42] DEBUG LTCPro.ServiceLayer.Log4net - ---Executing GetUserToken() in UserService----
2022-12-12 06:03:59,721 [42] DEBUG LTCPro.ServiceLayer.Log4net - ---Executing UserNurseStationDrop() in FacilityController----
2022-12-12 06:03:59,721 [42] DEBUG LTCPro.ServiceLayer.Log4net - ---Executing UserNurseStationDrop() in FacilityService----
2022-12-12 06:03:59,948 [42] DEBUG LTCPro.ServiceLayer.Log4net - ---Executed Successfully UserNurseStationDrop() in FacilityController----
2022-12-12 06:03:59,986 [55] DEBUG LTCPro.ServiceLayer.Log4net - ---Executing GetUsersByNSID() in UserController----
2022-12-12 06:03:59,986 [55] DEBUG LTCPro.ServiceLayer.Log4net - ---Executing GetUsersByNSID() in UserService----
2022-12-12 06:04:00,007 [35] DEBUG LTCPro.ServiceLayer.Log4net - ---Executing GetUserToken() in UserService----
2022-12-12 06:04:00,459 [35] DEBUG LTCPro.ServiceLayer.Log4net - ---Executing GetResidentsListByNSId() in AssesmentController----
2022-12-12 06:04:00,459 [35] DEBUG LTCPro.ServiceLayer.Log4net - ---Executing GetResidentsListByNSId() in AssesmentService----
2022-12-12 06:04:01,144 [35] DEBUG LTCPro.ServiceLayer.Log4net - ---Executed Successfully GetResidentsListByNSId() in AssesmentController----
2022-12-12 06:04:01,193 [40] DEBUG LTCPro.ServiceLayer.Log4net - ---Executing GetUserToken() in UserService----
2022-12-12 06:04:01,640 [55] DEBUG LTCPro.ServiceLayer.Log4net - ---Executed Successfully GetUsersByNSID() in UserController----
2022-12-12 06:04:01,641 [40] DEBUG LTCPro.ServiceLayer.Log4net - ---Executing GetTimeZoneDate() in CommonController----
2022-12-12 06:04:01,641 [40] DEBUG LTCPro.ServiceLayer.Log4net - ---Executing GetTimeZoneDate() in CommonService----
2022-12-12 06:04:01,867 [40] DEBUG LTCPro.ServiceLayer.Log4net - ---Executed Successfully GetTimeZoneDate() in CommonController----
2022-12-12 06:04:36,787 [41] DEBUG LTCPro.ServiceLayer.Log4net - ---Executing GetUserToken() in UserService----
2022-12-12 06:04:37,017 [41] DEBUG LTCPro.ServiceLayer.Log4net - ---Executing GetNursingScheduleData() in EmarController----
2022-12-12 06:04:37,017 [41] DEBUG LTCPro.ServiceLayer.Log4net - ---Executing GetNursingScheduleData() in EmarService----
2022-12-12 06:04:52,294 [41] DEBUG LTCPro.ServiceLayer.Log4net - ---Executed Successfully GetNursingScheduleData() in EmarController----
2022-12-12 06:04:55,928 [44] DEBUG LTCPro.ServiceLayer.Log4net - ---Executing GetUserToken() in UserService----
2022-12-12 06:04:56,156 [44] DEBUG LTCPro.ServiceLayer.Log4net - ---Executing GetOrdersListData() in CommonController----
2022-12-12 06:04:56,156 [44] DEBUG LTCPro.ServiceLayer.Log4net - ---Executing GetOrdersListData() in CommonService----
2022-12-12 06:04:58,082 [44] DEBUG LTCPro.ServiceLayer.Log4net - ---Executed Successfully GetOrdersListData() in CommonController----
2022-12-12 06:04:58,164 [41] DEBUG LTCPro.ServiceLayer.Log4net - ---Executing GetUserToken() in UserService----
2022-12-12 06:04:58,172 [40] DEBUG LTCPro.ServiceLayer.Log4net - ---Executing GetUserToken() in UserService----
2022-12-12 06:04:58,181 [55] DEBUG LTCPro.ServiceLayer.Log4net - ---Executing GetUserToken() in UserService----
2022-12-12 06:04:58,190 [44] DEBUG LTCPro.ServiceLayer.Log4net - ---Executing GetUserToken() in UserService----
2022-12-12 06:04:58,400 [40] DEBUG LTCPro.ServiceLayer.Log4net - ---Executing GetVitalsCheckList() in EMARController----
2022-12-12 06:04:58,418 [41] DEBUG LTCPro.ServiceLayer.Log4net - ---Executing GetVitalsCheckList() in EMARController----
2022-12-12 06:04:58,421 [55] DEBUG LTCPro.ServiceLayer.Log4net - ---Executing GetVitalsCheckList() in EMARController----
2022-12-12 06:04:58,429 [44] DEBUG LTCPro.ServiceLayer.Log4net - ---Executing GetVitalsCheckList() in EMARController----
2022-12-12 06:04:59,078 [40] DEBUG LTCPro.ServiceLayer.Log4net - ---Executed Successfully GetVitalsCheckList() in EMARController----
2022-12-12 06:04:59,098 [55] DEBUG LTCPro.ServiceLayer.Log4net - ---Executed Successfully GetVitalsCheckList() in EMARController----
2022-12-12 06:04:59,098 [41] DEBUG LTCPro.ServiceLayer.Log4net - ---Executed Successfully GetVitalsCheckList() in EMARController----
2022-12-12 06:04:59,103 [40] DEBUG LTCPro.ServiceLayer.Log4net - ---Executing GetUserToken() in UserService----
2022-12-12 06:04:59,126 [55] DEBUG LTCPro.ServiceLayer.Log4net - ---Executing GetUserToken() in UserService----
2022-12-12 06:04:59,144 [41] DEBUG LTCPro.ServiceLayer.Log4net - ---Executing GetUserToken() in UserService----
2022-12-12 06:04:59,331 [40] DEBUG LTCPro.ServiceLayer.Log4net - ---Executing GetVitalsCheckList() in EMARController----
2022-12-12 06:04:59,352 [55] DEBUG LTCPro.ServiceLayer.Log4net - ---Executing GetOrdersListData() in CommonController----
2022-12-12 06:04:59,352 [55] DEBUG LTCPro.ServiceLayer.Log4net - ---Executing GetOrdersListData() in CommonService----
2022-12-12 06:04:59,369 [41] DEBUG LTCPro.ServiceLayer.Log4net - ---Executing GetDrFirstFlagForCompanyByNSId() in CompanyController----
2022-12-12 06:04:59,369 [41] DEBUG LTCPro.ServiceLayer.Log4net - ---Executing GetDrFirstFlagForCompanyByNSId() in CompanyService----
2022-12-12 06:04:59,599 [41] DEBUG LTCPro.ServiceLayer.Log4net - ---Executed Successfully GetDrFirstFlagForCompanyByNSId() in CompanyController----
2022-12-12 06:05:00,009 [40] DEBUG LTCPro.ServiceLayer.Log4net - ---Executed Successfully GetVitalsCheckList() in EMARController----
2022-12-12 06:05:00,034 [44] DEBUG LTCPro.ServiceLayer.Log4net - ---Executed Successfully GetVitalsCheckList() in EMARController----
2022-12-12 06:05:01,025 [55] DEBUG LTCPro.ServiceLayer.Log4net - ---Executed Successfully GetOrdersListData() in CommonController----
2022-12-12 06:05:01,054 [44] DEBUG LTCPro.ServiceLayer.Log4net - ---Executing GetUserToken() in UserService----
2022-12-12 06:05:01,054 [55] DEBUG LTCPro.ServiceLayer.Log4net - ---Executing GetUserToken() in UserService----
2022-12-12 06:05:01,062 [40] DEBUG LTCPro.ServiceLayer.Log4net - ---Executing GetUserToken() in UserService----
2022-12-12 06:05:01,068 [41] DEBUG LTCPro.ServiceLayer.Log4net - ---Executing GetUserToken() in UserService----
2022-12-12 06:05:01,283 [55] DEBUG LTCPro.ServiceLayer.Log4net - ---Executing GetVitalsCheckList() in EMARController----
2022-12-12 06:05:01,283 [44] DEBUG LTCPro.ServiceLayer.Log4net - ---Executing GetVitalsCheckList() in EMARController----
2022-12-12 06:05:01,289 [40] DEBUG LTCPro.ServiceLayer.Log4net - ---Executing GetDrFirstFlagForCompanyByNSId() in CompanyController----
2022-12-12 06:05:01,289 [40] DEBUG LTCPro.ServiceLayer.Log4net - ---Executing GetDrFirstFlagForCompanyByNSId() in CompanyService----
2022-12-12 06:05:01,296 [41] DEBUG LTCPro.ServiceLayer.Log4net - ---Executing GetVitalsCheckList() in EMARController----
2022-12-12 06:05:01,518 [40] DEBUG LTCPro.ServiceLayer.Log4net - ---Executed Successfully GetDrFirstFlagForCompanyByNSId() in CompanyController----
2022-12-12 06:05:01,539 [40] DEBUG LTCPro.ServiceLayer.Log4net - ---Executing GetUserToken() in UserService----
2022-12-12 06:05:01,765 [40] DEBUG LTCPro.ServiceLayer.Log4net - ---Executing GetVitalsCheckList() in EMARController----
2022-12-12 06:05:01,958 [55] DEBUG LTCPro.ServiceLayer.Log4net - ---Executed Successfully GetVitalsCheckList() in EMARController----
2022-12-12 06:05:01,959 [44] DEBUG LTCPro.ServiceLayer.Log4net - ---Executed Successfully GetVitalsCheckList() in EMARController----
2022-12-12 06:05:01,970 [41] DEBUG LTCPro.ServiceLayer.Log4net - ---Executed Successfully GetVitalsCheckList() in EMARController----
2022-12-12 06:05:02,442 [40] DEBUG LTCPro.ServiceLayer.Log4net - ---Executed Successfully GetVitalsCheckList() in EMARController----
2022-12-12 06:05:07,269 [55] DEBUG LTCPro.ServiceLayer.Log4net - ---Executing GetUserToken() in UserService----
2022-12-12 06:05:07,497 [55] DEBUG LTCPro.ServiceLayer.Log4net - ---Executing GetOrdersListData() in CommonController----
2022-12-12 06:05:07,497 [55] DEBUG LTCPro.ServiceLayer.Log4net - ---Executing GetOrdersListData() in CommonService----
2022-12-12 06:05:09,182 [55] DEBUG LTCPro.ServiceLayer.Log4net - ---Executed Successfully GetOrdersListData() in CommonController----
2022-12-12 06:05:09,230 [41] DEBUG LTCPro.ServiceLayer.Log4net - ---Executing GetUserToken() in UserService----
2022-12-12 06:05:09,233 [44] DEBUG LTCPro.ServiceLayer.Log4net - ---Executing GetUserToken() in UserService----
2022-12-12 06:05:09,242 [55] DEBUG LTCPro.ServiceLayer.Log4net - ---Executing GetUserToken() in UserService----
2022-12-12 06:05:09,247 [37] DEBUG LTCPro.ServiceLayer.Log4net - ---Executing GetUserToken() in UserService----
2022-12-12 06:05:09,255 [40] DEBUG LTCPro.ServiceLayer.Log4net - ---Executing GetUserToken() in UserService----
2022-12-12 06:05:09,456 [41] DEBUG LTCPro.ServiceLayer.Log4net - ---Executing GetVitalsCheckList() in EMARController----
2022-12-12 06:05:09,459 [44] DEBUG LTCPro.ServiceLayer.Log4net - ---Executing GetVitalsCheckList() in EMARController----
2022-12-12 06:05:09,470 [55] DEBUG LTCPro.ServiceLayer.Log4net - ---Executing GetVitalsCheckList() in EMARController----
2022-12-12 06:05:09,489 [37] DEBUG LTCPro.ServiceLayer.Log4net - ---Executing GetDrFirstFlagForCompanyByNSId() in CompanyController----
2022-12-12 06:05:09,489 [37] DEBUG LTCPro.ServiceLayer.Log4net - ---Executing GetDrFirstFlagForCompanyByNSId() in CompanyService----
2022-12-12 06:05:09,495 [40] DEBUG LTCPro.ServiceLayer.Log4net - ---Executing GetVitalsCheckList() in EMARController----
2022-12-12 06:05:09,728 [37] DEBUG LTCPro.ServiceLayer.Log4net - ---Executed Successfully GetDrFirstFlagForCompanyByNSId() in CompanyController----
2022-12-12 06:05:10,131 [41] DEBUG LTCPro.ServiceLayer.Log4net - ---Executed Successfully GetVitalsCheckList() in EMARController----
2022-12-12 06:05:10,131 [44] DEBUG LTCPro.ServiceLayer.Log4net - ---Executed Successfully GetVitalsCheckList() in EMARController----
2022-12-12 06:05:10,143 [55] DEBUG LTCPro.ServiceLayer.Log4net - ---Executed Successfully GetVitalsCheckList() in EMARController----
2022-12-12 06:05:11,343 [40] DEBUG LTCPro.ServiceLayer.Log4net - ---Executed Successfully GetVitalsCheckList() in EMARController----
2022-12-12 06:08:54,327 [55] DEBUG LTCPro.ServiceLayer.Log4net - ---Executing GetUserToken() in UserService----
2022-12-12 06:08:54,335 [42] DEBUG LTCPro.ServiceLayer.Log4net - ---Executing GetUserToken() in UserService----
2022-12-12 06:08:54,348 [39] DEBUG LTCPro.ServiceLayer.Log4net - ---Executing GetUserToken() in UserService----
2022-12-12 06:08:54,351 [40] DEBUG LTCPro.ServiceLayer.Log4net - ---Executing GetUserToken() in UserService----
2022-12-12 06:08:54,558 [55] DEBUG LTCPro.ServiceLayer.Log4net - ---Executing GetReadMailsCount() in MailboxController----
2022-12-12 06:08:54,558 [55] DEBUG LTCPro.ServiceLayer.Log4net - ---Executing GetReadMailsCount() in MailboxService----
2022-12-12 06:08:54,564 [42] DEBUG LTCPro.ServiceLayer.Log4net - ---Executing GetDueMARAlertData() in EmarController----
2022-12-12 06:08:54,564 [42] DEBUG LTCPro.ServiceLayer.Log4net - ---Executing GetDueMARAlertData() in EmarService----
2022-12-12 06:08:54,578 [39] DEBUG LTCPro.ServiceLayer.Log4net - ---Executing GetAlertsDetails() in MailboxController----
2022-12-12 06:08:54,578 [39] DEBUG LTCPro.ServiceLayer.Log4net - ---Executing GetAlertsDetails() in MailboxService----
2022-12-12 06:08:54,579 [40] DEBUG LTCPro.ServiceLayer.Log4net - ---Executing GetUserPassedDueFlag() in UserController----
2022-12-12 06:08:54,579 [40] DEBUG LTCPro.ServiceLayer.Log4net - ---Executing GetUserPassedDueFlag() in UserService----
2022-12-12 06:08:54,787 [55] DEBUG LTCPro.ServiceLayer.Log4net - ---Executed successfully GetReadMailsCount() in MailboxController----
2022-12-12 06:08:54,803 [55] DEBUG LTCPro.ServiceLayer.Log4net - ---Executing GetUserToken() in UserService----
2022-12-12 06:08:54,805 [40] DEBUG LTCPro.ServiceLayer.Log4net - ---Executed Successfully GetUserPassedDueFlag() in UserController----
2022-12-12 06:08:54,820 [40] DEBUG LTCPro.ServiceLayer.Log4net - ---Executing GetUserToken() in UserService----
2022-12-12 06:08:54,847 [39] DEBUG LTCPro.ServiceLayer.Log4net - ---Executed successfully GetAlertsDetails() in MailboxController----
2022-12-12 06:08:54,873 [39] DEBUG LTCPro.ServiceLayer.Log4net - ---Executing GetUserToken() in UserService----
2022-12-12 06:08:54,935 [42] DEBUG LTCPro.ServiceLayer.Log4net - ---Executed Successfully GetDueMARAlertData() in EmarController----
2022-12-12 06:08:54,956 [42] DEBUG LTCPro.ServiceLayer.Log4net - ---Executing GetUserToken() in UserService----
2022-12-12 06:08:55,031 [55] DEBUG LTCPro.ServiceLayer.Log4net - ---Executing GetPendingDosesList() in CommonController----
2022-12-12 06:08:55,031 [55] DEBUG LTCPro.ServiceLayer.Log4net - ---Executing GetPendingDosesList() in CommonService----
2022-12-12 06:08:55,049 [40] DEBUG LTCPro.ServiceLayer.Log4net - ---Executing GetOutboundErrorDetails() in CommonController----
2022-12-12 06:08:55,049 [40] DEBUG LTCPro.ServiceLayer.Log4net - ---Executing GetOutboundErrorDetails() in CommonService----
2022-12-12 06:08:55,099 [39] DEBUG LTCPro.ServiceLayer.Log4net - ---Executing GetUserRecentFacNs() in UserController----
2022-12-12 06:08:55,099 [39] DEBUG LTCPro.ServiceLayer.Log4net - ---Executing GetUserRecentFacNs() in UserService----
2022-12-12 06:08:55,183 [42] DEBUG LTCPro.ServiceLayer.Log4net - ---Executing GetUserRecentFacNs() in UserController----
2022-12-12 06:08:55,183 [42] DEBUG LTCPro.ServiceLayer.Log4net - ---Executing GetUserRecentFacNs() in UserService----
2022-12-12 06:08:55,363 [55] DEBUG LTCPro.ServiceLayer.Log4net - ---Executed Successfully GetPendingDosesList() in CommonController----
2022-12-12 06:08:55,382 [55] DEBUG LTCPro.ServiceLayer.Log4net - ---Executing GetUserToken() in UserService----
2022-12-12 06:08:55,581 [39] DEBUG LTCPro.ServiceLayer.Log4net - ---Executed Successfully GetUserRecentFacNs() in UserController----
2022-12-12 06:08:55,612 [55] DEBUG LTCPro.ServiceLayer.Log4net - ---Executing InsertUserActivityDetails() in CompanyController----
2022-12-12 06:08:55,612 [55] DEBUG LTCPro.ServiceLayer.Log4net - ---Executing InsertUserActivityDetails() in UserActivityService----
2022-12-12 06:08:55,628 [39] DEBUG LTCPro.ServiceLayer.Log4net - ---Executing GetUserToken() in UserService----
2022-12-12 06:08:55,637 [42] DEBUG LTCPro.ServiceLayer.Log4net - ---Executed Successfully GetUserRecentFacNs() in UserController----
2022-12-12 06:08:55,655 [42] DEBUG LTCPro.ServiceLayer.Log4net - ---Executing GetUserToken() in UserService----
2022-12-12 06:08:55,681 [40] DEBUG LTCPro.ServiceLayer.Log4net - ---Executed Successfully GetOutboundErrorDetails() in CommonController----
2022-12-12 06:08:55,855 [39] DEBUG LTCPro.ServiceLayer.Log4net - ---Executing GetUserAccessFacilityNurseStaions() in FacilityController----
2022-12-12 06:08:55,855 [39] DEBUG LTCPro.ServiceLayer.Log4net - ---Executing GetUserAccessFacilityNurseStaions() in FacilityService----
2022-12-12 06:08:55,881 [42] DEBUG LTCPro.ServiceLayer.Log4net - ---Executing GetUserAccessFacilityNurseStaions() in FacilityController----
2022-12-12 06:08:55,881 [42] DEBUG LTCPro.ServiceLayer.Log4net - ---Executing GetUserAccessFacilityNurseStaions() in FacilityService----
2022-12-12 06:08:56,291 [55] DEBUG LTCPro.ServiceLayer.Log4net - ---Executed Successfully InsertUserActivityDetails() in CompanyController----
2022-12-12 06:08:56,307 [39] DEBUG LTCPro.ServiceLayer.Log4net - ---Executed Successfully GetUserAccessFacilityNurseStaions() in FacilityController----
2022-12-12 06:08:56,338 [42] DEBUG LTCPro.ServiceLayer.Log4net - ---Executed Successfully GetUserAccessFacilityNurseStaions() in FacilityController----
2022-12-12 06:08:56,396 [40] DEBUG LTCPro.ServiceLayer.Log4net - ---Executing GetUserToken() in UserService----
2022-12-12 06:08:56,626 [40] DEBUG LTCPro.ServiceLayer.Log4net - ---Executing UserNurseStationDrop() in FacilityController----
2022-12-12 06:08:56,626 [40] DEBUG LTCPro.ServiceLayer.Log4net - ---Executing UserNurseStationDrop() in FacilityService----
2022-12-12 06:08:56,856 [40] DEBUG LTCPro.ServiceLayer.Log4net - ---Executed Successfully UserNurseStationDrop() in FacilityController----
2022-12-12 06:08:56,910 [43] DEBUG LTCPro.ServiceLayer.Log4net - ---Executing GetUsersByNSID() in UserController----
2022-12-12 06:08:56,910 [43] DEBUG LTCPro.ServiceLayer.Log4net - ---Executing GetUsersByNSID() in UserService----
2022-12-12 06:08:56,940 [39] DEBUG LTCPro.ServiceLayer.Log4net - ---Executing GetUserToken() in UserService----
2022-12-12 06:08:57,168 [39] DEBUG LTCPro.ServiceLayer.Log4net - ---Executing GetResidentsListByNSId() in AssesmentController----
2022-12-12 06:08:57,168 [39] DEBUG LTCPro.ServiceLayer.Log4net - ---Executing GetResidentsListByNSId() in AssesmentService----
2022-12-12 06:08:57,985 [39] DEBUG LTCPro.ServiceLayer.Log4net - ---Executed Successfully GetResidentsListByNSId() in AssesmentController----
2022-12-12 06:08:58,013 [43] DEBUG LTCPro.ServiceLayer.Log4net - ---Executed Successfully GetUsersByNSID() in UserController----
2022-12-12 06:08:58,040 [40] DEBUG LTCPro.ServiceLayer.Log4net - ---Executing GetUserToken() in UserService----
2022-12-12 06:08:58,267 [40] DEBUG LTCPro.ServiceLayer.Log4net - ---Executing GetTimeZoneDate() in CommonController----
2022-12-12 06:08:58,267 [40] DEBUG LTCPro.ServiceLayer.Log4net - ---Executing GetTimeZoneDate() in CommonService----
2022-12-12 06:08:58,492 [40] DEBUG LTCPro.ServiceLayer.Log4net - ---Executed Successfully GetTimeZoneDate() in CommonController----
2022-12-12 06:09:04,469 [40] DEBUG LTCPro.ServiceLayer.Log4net - ---Executing GetUserToken() in UserService----
2022-12-12 06:09:04,698 [40] DEBUG LTCPro.ServiceLayer.Log4net - ---Executing GetNursingScheduleData() in EmarController----
2022-12-12 06:09:04,698 [40] DEBUG LTCPro.ServiceLayer.Log4net - ---Executing GetNursingScheduleData() in EmarService----
2022-12-12 06:09:19,958 [40] DEBUG LTCPro.ServiceLayer.Log4net - ---Executed Successfully GetNursingScheduleData() in EmarController----
2022-12-12 06:09:21,963 [43] DEBUG LTCPro.ServiceLayer.Log4net - ---Executing GetUserToken() in UserService----
2022-12-12 06:09:22,190 [43] DEBUG LTCPro.ServiceLayer.Log4net - ---Executing GetOrdersListData() in CommonController----
2022-12-12 06:09:22,190 [43] DEBUG LTCPro.ServiceLayer.Log4net - ---Executing GetOrdersListData() in CommonService----
2022-12-12 06:09:39,102 [43] DEBUG LTCPro.ServiceLayer.Log4net - ---Executed Successfully GetOrdersListData() in CommonController----
2022-12-12 06:09:39,324 [9] DEBUG LTCPro.ServiceLayer.Log4net - ---Executing GetUserToken() in UserService----
2022-12-12 06:09:39,383 [53] DEBUG LTCPro.ServiceLayer.Log4net - ---Executing GetUserToken() in UserService----
2022-12-12 06:09:39,409 [40] DEBUG LTCPro.ServiceLayer.Log4net - ---Executing GetUserToken() in UserService----
2022-12-12 06:09:39,447 [43] DEBUG LTCPro.ServiceLayer.Log4net - ---Executing GetUserToken() in UserService----
2022-12-12 06:09:39,552 [9] DEBUG LTCPro.ServiceLayer.Log4net - ---Executing GetVitalsCheckList() in EMARController----
2022-12-12 06:09:39,612 [53] DEBUG LTCPro.ServiceLayer.Log4net - ---Executing GetVitalsCheckList() in EMARController----
2022-12-12 06:09:39,645 [40] DEBUG LTCPro.ServiceLayer.Log4net - ---Executing GetDrFirstFlagForCompanyByNSId() in CompanyController----
2022-12-12 06:09:39,645 [40] DEBUG LTCPro.ServiceLayer.Log4net - ---Executing GetDrFirstFlagForCompanyByNSId() in CompanyService----
2022-12-12 06:09:39,673 [43] DEBUG LTCPro.ServiceLayer.Log4net - ---Executing GetVitalsCheckList() in EMARController----
2022-12-12 06:09:39,874 [40] DEBUG LTCPro.ServiceLayer.Log4net - ---Executed Successfully GetDrFirstFlagForCompanyByNSId() in CompanyController----
2022-12-12 06:09:39,922 [40] DEBUG LTCPro.ServiceLayer.Log4net - ---Executing GetUserToken() in UserService----
2022-12-12 06:09:40,321 [53] DEBUG LTCPro.ServiceLayer.Log4net - ---Executed Successfully GetVitalsCheckList() in EMARController----
2022-12-12 06:09:40,325 [40] DEBUG LTCPro.ServiceLayer.Log4net - ---Executing GetVitalsCheckList() in EMARController----
2022-12-12 06:09:40,418 [53] DEBUG LTCPro.ServiceLayer.Log4net - ---Executing GetUserToken() in UserService----
2022-12-12 06:09:40,770 [43] DEBUG LTCPro.ServiceLayer.Log4net - ---Executed Successfully GetVitalsCheckList() in EMARController----
2022-12-12 06:09:40,773 [53] DEBUG LTCPro.ServiceLayer.Log4net - ---Executing GetVitalsCheckList() in EMARController----
2022-12-12 06:09:40,794 [43] DEBUG LTCPro.ServiceLayer.Log4net - ---Executing GetUserToken() in UserService----
2022-12-12 06:09:41,226 [40] DEBUG LTCPro.ServiceLayer.Log4net - ---Executed Successfully GetVitalsCheckList() in EMARController----
2022-12-12 06:09:41,256 [43] DEBUG LTCPro.ServiceLayer.Log4net - ---Executing GetVitalsCheckList() in EMARController----
2022-12-12 06:09:41,280 [27] DEBUG LTCPro.ServiceLayer.Log4net - ---Executing GetUserToken() in UserService----
2022-12-12 06:09:41,306 [6] DEBUG LTCPro.ServiceLayer.Log4net - ---Executing GetUserToken() in UserService----
2022-12-12 06:09:41,307 [57] DEBUG LTCPro.ServiceLayer.Log4net - ---Executing GetUserToken() in UserService----
2022-12-12 06:09:41,673 [53] DEBUG LTCPro.ServiceLayer.Log4net - ---Executed Successfully GetVitalsCheckList() in EMARController----
2022-12-12 06:09:41,719 [27] DEBUG LTCPro.ServiceLayer.Log4net - ---Executing GetVitalsCheckList() in EMARController----
2022-12-12 06:09:41,735 [37] DEBUG LTCPro.ServiceLayer.Log4net - ---Executing GetUserToken() in UserService----
2022-12-12 06:09:41,900 [57] DEBUG LTCPro.ServiceLayer.Log4net - ---Executing GetVitalsCheckList() in EMARController----
2022-12-12 06:09:42,172 [37] DEBUG LTCPro.ServiceLayer.Log4net - ---Executing GetVitalsCheckList() in EMARController----
2022-12-12 06:09:42,174 [43] DEBUG LTCPro.ServiceLayer.Log4net - ---Executed Successfully GetVitalsCheckList() in EMARController----
2022-12-12 06:09:42,214 [53] DEBUG LTCPro.ServiceLayer.Log4net - ---Executing GetUserToken() in UserService----
2022-12-12 06:09:42,622 [27] DEBUG LTCPro.ServiceLayer.Log4net - ---Executed Successfully GetVitalsCheckList() in EMARController----
2022-12-12 06:09:42,624 [53] DEBUG LTCPro.ServiceLayer.Log4net - ---Executing GetVitalsCheckList() in EMARController----
2022-12-12 06:09:42,649 [43] DEBUG LTCPro.ServiceLayer.Log4net - ---Executing GetUserToken() in UserService----
2022-12-12 06:09:43,073 [57] DEBUG LTCPro.ServiceLayer.Log4net - ---Executed Successfully GetVitalsCheckList() in EMARController----
2022-12-12 06:09:43,078 [43] DEBUG LTCPro.ServiceLayer.Log4net - ---Executing GetVitalsCheckList() in EMARController----
2022-12-12 06:09:43,119 [27] DEBUG LTCPro.ServiceLayer.Log4net - ---Executing GetUserToken() in UserService----
2022-12-12 06:09:43,532 [37] DEBUG LTCPro.ServiceLayer.Log4net - ---Executed Successfully GetVitalsCheckList() in EMARController----
2022-12-12 06:09:43,556 [40] DEBUG LTCPro.ServiceLayer.Log4net - ---Executing GetUserToken() in UserService----
2022-12-12 06:09:43,981 [53] DEBUG LTCPro.ServiceLayer.Log4net - ---Executed Successfully GetVitalsCheckList() in EMARController----
2022-12-12 06:09:43,984 [40] DEBUG LTCPro.ServiceLayer.Log4net - ---Executing GetVitalsCheckList() in EMARController----
2022-12-12 06:09:44,011 [57] DEBUG LTCPro.ServiceLayer.Log4net - ---Executing GetUserToken() in UserService----
2022-12-12 06:09:44,210 [27] DEBUG LTCPro.ServiceLayer.Log4net - ---Executing GetVitalsCheckList() in EMARController----
2022-12-12 06:09:44,431 [43] DEBUG LTCPro.ServiceLayer.Log4net - ---Executed Successfully GetVitalsCheckList() in EMARController----
2022-12-12 06:09:44,437 [57] DEBUG LTCPro.ServiceLayer.Log4net - ---Executing GetVitalsCheckList() in EMARController----
2022-12-12 06:09:44,460 [51] DEBUG LTCPro.ServiceLayer.Log4net - ---Executing GetUserToken() in UserService----
2022-12-12 06:09:44,658 [6] DEBUG LTCPro.ServiceLayer.Log4net - ---Executing GetVitalsCheckList() in EMARController----
2022-12-12 06:09:44,886 [40] DEBUG LTCPro.ServiceLayer.Log4net - ---Executed Successfully GetVitalsCheckList() in EMARController----
2022-12-12 06:09:44,889 [51] DEBUG LTCPro.ServiceLayer.Log4net - ---Executing GetVitalsCheckList() in EMARController----
2022-12-12 06:09:44,916 [37] DEBUG LTCPro.ServiceLayer.Log4net - ---Executing GetUserToken() in UserService----
2022-12-12 06:09:45,341 [27] DEBUG LTCPro.ServiceLayer.Log4net - ---Executed Successfully GetVitalsCheckList() in EMARController----
2022-12-12 06:09:45,345 [37] DEBUG LTCPro.ServiceLayer.Log4net - ---Executing GetVitalsCheckList() in EMARController----
2022-12-12 06:09:45,370 [53] DEBUG LTCPro.ServiceLayer.Log4net - ---Executing GetUserToken() in UserService----
2022-12-12 06:09:45,793 [57] DEBUG LTCPro.ServiceLayer.Log4net - ---Executed Successfully GetVitalsCheckList() in EMARController----
2022-12-12 06:09:45,796 [53] DEBUG LTCPro.ServiceLayer.Log4net - ---Executing GetVitalsCheckList() in EMARController----
2022-12-12 06:09:45,826 [57] DEBUG LTCPro.ServiceLayer.Log4net - ---Executing GetUserToken() in UserService----
2022-12-12 06:09:46,247 [51] DEBUG LTCPro.ServiceLayer.Log4net - ---Executed Successfully GetVitalsCheckList() in EMARController----
2022-12-12 06:09:46,277 [27] DEBUG LTCPro.ServiceLayer.Log4net - ---Executing GetUserToken() in UserService----
2022-12-12 06:09:46,698 [37] DEBUG LTCPro.ServiceLayer.Log4net - ---Executed Successfully GetVitalsCheckList() in EMARController----
2022-12-12 06:09:46,725 [37] DEBUG LTCPro.ServiceLayer.Log4net - ---Executing GetUserToken() in UserService----
2022-12-12 06:09:46,923 [53] DEBUG LTCPro.ServiceLayer.Log4net - ---Executed Successfully GetVitalsCheckList() in EMARController----
2022-12-12 06:09:46,927 [27] DEBUG LTCPro.ServiceLayer.Log4net - ---Executing GetVitalsCheckList() in EMARController----
2022-12-12 06:09:46,928 [57] DEBUG LTCPro.ServiceLayer.Log4net - ---Executing GetVitalsCheckList() in EMARController----
2022-12-12 06:09:46,952 [43] DEBUG LTCPro.ServiceLayer.Log4net - ---Executing GetUserToken() in UserService----
2022-12-12 06:09:47,155 [37] DEBUG LTCPro.ServiceLayer.Log4net - ---Executing GetVitalsCheckList() in EMARController----
2022-12-12 06:09:47,384 [43] DEBUG LTCPro.ServiceLayer.Log4net - ---Executing GetVitalsCheckList() in EMARController----
2022-12-12 06:09:47,832 [27] DEBUG LTCPro.ServiceLayer.Log4net - ---Executed Successfully GetVitalsCheckList() in EMARController----
2022-12-12 06:09:47,857 [51] DEBUG LTCPro.ServiceLayer.Log4net - ---Executing GetUserToken() in UserService----
2022-12-12 06:09:52,463 [9] DEBUG LTCPro.ServiceLayer.Log4net - ---Executed Successfully GetVitalsCheckList() in EMARController----
2022-12-12 06:09:52,514 [27] DEBUG LTCPro.ServiceLayer.Log4net - ---Executing GetUserToken() in UserService----
2022-12-12 06:09:52,690 [51] DEBUG LTCPro.ServiceLayer.Log4net - ---Executing GetVitalsCheckList() in EMARController----
2022-12-12 06:09:52,932 [37] DEBUG LTCPro.ServiceLayer.Log4net - ---Executed Successfully GetVitalsCheckList() in EMARController----
2022-12-12 06:09:52,937 [27] DEBUG LTCPro.ServiceLayer.Log4net - ---Executing GetVitalsCheckList() in EMARController----
2022-12-12 06:09:52,960 [53] DEBUG LTCPro.ServiceLayer.Log4net - ---Executing GetUserToken() in UserService----
2022-12-12 06:09:53,386 [6] DEBUG LTCPro.ServiceLayer.Log4net - ---Executed Successfully GetVitalsCheckList() in EMARController----
2022-12-12 06:09:53,391 [53] DEBUG LTCPro.ServiceLayer.Log4net - ---Executing GetVitalsCheckList() in EMARController----
2022-12-12 06:09:53,412 [9] DEBUG LTCPro.ServiceLayer.Log4net - ---Executing GetUserToken() in UserService----
2022-12-12 06:09:53,842 [51] DEBUG LTCPro.ServiceLayer.Log4net - ---Executed Successfully GetVitalsCheckList() in EMARController----
2022-12-12 06:09:53,855 [43] DEBUG LTCPro.ServiceLayer.Log4net - ---Executed Successfully GetVitalsCheckList() in EMARController----
2022-12-12 06:09:53,865 [9] DEBUG LTCPro.ServiceLayer.Log4net - ---Executing GetVitalsCheckList() in EMARController----
2022-12-12 06:09:53,946 [6] DEBUG LTCPro.ServiceLayer.Log4net - ---Executing GetUserToken() in UserService----
2022-12-12 06:09:53,953 [51] DEBUG LTCPro.ServiceLayer.Log4net - ---Executing GetUserToken() in UserService----
2022-12-12 06:09:54,294 [27] DEBUG LTCPro.ServiceLayer.Log4net - ---Executed Successfully GetVitalsCheckList() in EMARController----
2022-12-12 06:09:54,297 [51] DEBUG LTCPro.ServiceLayer.Log4net - ---Executing GetVitalsCheckList() in EMARController----
2022-12-12 06:09:54,310 [53] DEBUG LTCPro.ServiceLayer.Log4net - ---Executed Successfully GetVitalsCheckList() in EMARController----
2022-12-12 06:09:54,313 [6] DEBUG LTCPro.ServiceLayer.Log4net - ---Executing GetVitalsCheckList() in EMARController----
2022-12-12 06:09:54,744 [9] DEBUG LTCPro.ServiceLayer.Log4net - ---Executed Successfully GetVitalsCheckList() in EMARController----
2022-12-12 06:09:54,775 [37] DEBUG LTCPro.ServiceLayer.Log4net - ---Executing GetUserToken() in UserService----
2022-12-12 06:09:54,970 [51] DEBUG LTCPro.ServiceLayer.Log4net - ---Executed Successfully GetVitalsCheckList() in EMARController----
2022-12-12 06:09:54,990 [6] DEBUG LTCPro.ServiceLayer.Log4net - ---Executed Successfully GetVitalsCheckList() in EMARController----
2022-12-12 06:09:54,993 [51] DEBUG LTCPro.ServiceLayer.Log4net - ---Executing GetUserToken() in UserService----
2022-12-12 06:09:55,036 [57] DEBUG LTCPro.ServiceLayer.Log4net - ---Executed Successfully GetVitalsCheckList() in EMARController----
2022-12-12 06:09:55,036 [37] DEBUG LTCPro.ServiceLayer.Log4net - ---Executing GetVitalsCheckList() in EMARController----
2022-12-12 06:09:55,051 [6] DEBUG LTCPro.ServiceLayer.Log4net - ---Executing GetUserToken() in UserService----
2022-12-12 06:09:55,062 [57] DEBUG LTCPro.ServiceLayer.Log4net - ---Executing GetUserToken() in UserService----
2022-12-12 06:09:55,220 [51] DEBUG LTCPro.ServiceLayer.Log4net - ---Executing GetVitalsCheckList() in EMARController----
2022-12-12 06:09:55,278 [6] DEBUG LTCPro.ServiceLayer.Log4net - ---Executing GetVitalsCheckList() in EMARController----
2022-12-12 06:09:55,288 [57] DEBUG LTCPro.ServiceLayer.Log4net - ---Executing GetVitalsCheckList() in EMARController----
2022-12-12 06:09:55,715 [37] DEBUG LTCPro.ServiceLayer.Log4net - ---Executed Successfully GetVitalsCheckList() in EMARController----
2022-12-12 06:09:55,738 [37] DEBUG LTCPro.ServiceLayer.Log4net - ---Executing GetUserToken() in UserService----
2022-12-12 06:09:55,895 [51] DEBUG LTCPro.ServiceLayer.Log4net - ---Executed Successfully GetVitalsCheckList() in EMARController----
2022-12-12 06:09:55,920 [51] DEBUG LTCPro.ServiceLayer.Log4net - ---Executing GetUserToken() in UserService----
2022-12-12 06:09:55,959 [6] DEBUG LTCPro.ServiceLayer.Log4net - ---Executed Successfully GetVitalsCheckList() in EMARController----
2022-12-12 06:09:55,967 [57] DEBUG LTCPro.ServiceLayer.Log4net - ---Executed Successfully GetVitalsCheckList() in EMARController----
2022-12-12 06:09:55,970 [37] DEBUG LTCPro.ServiceLayer.Log4net - ---Executing GetVitalsCheckList() in EMARController----
2022-12-12 06:09:55,999 [6] DEBUG LTCPro.ServiceLayer.Log4net - ---Executing GetUserToken() in UserService----
2022-12-12 06:09:56,001 [57] DEBUG LTCPro.ServiceLayer.Log4net - ---Executing GetUserToken() in UserService----
2022-12-12 06:09:56,446 [51] DEBUG LTCPro.ServiceLayer.Log4net - ---Executing GetVitalsCheckList() in EMARController----
2022-12-12 06:09:56,447 [57] DEBUG LTCPro.ServiceLayer.Log4net - ---Executing GetVitalsCheckList() in EMARController----
2022-12-12 06:09:56,448 [6] DEBUG LTCPro.ServiceLayer.Log4net - ---Executing GetVitalsCheckList() in EMARController----
2022-12-12 06:09:56,490 [40] DEBUG LTCPro.ServiceLayer.Log4net - ---Executing GetUserToken() in UserService----
2022-12-12 06:09:56,717 [40] DEBUG LTCPro.ServiceLayer.Log4net - ---Executing GetVitalsCheckList() in EMARController----
2022-12-12 06:09:56,894 [37] DEBUG LTCPro.ServiceLayer.Log4net - ---Executed Successfully GetVitalsCheckList() in EMARController----
2022-12-12 06:09:56,925 [37] DEBUG LTCPro.ServiceLayer.Log4net - ---Executing GetUserToken() in UserService----
2022-12-12 06:09:56,928 [27] DEBUG LTCPro.ServiceLayer.Log4net - ---Executing GetUserToken() in UserService----
2022-12-12 06:09:57,125 [57] DEBUG LTCPro.ServiceLayer.Log4net - ---Executed Successfully GetVitalsCheckList() in EMARController----
2022-12-12 06:09:57,128 [6] DEBUG LTCPro.ServiceLayer.Log4net - ---Executed Successfully GetVitalsCheckList() in EMARController----
2022-12-12 06:09:57,159 [37] DEBUG LTCPro.ServiceLayer.Log4net - ---Executing GetVitalsCheckList() in EMARController----
2022-12-12 06:09:57,161 [42] DEBUG LTCPro.ServiceLayer.Log4net - ---Executing GetUserToken() in UserService----
2022-12-12 06:09:57,163 [27] DEBUG LTCPro.ServiceLayer.Log4net - ---Executing GetVitalsCheckList() in EMARController----
2022-12-12 06:09:57,164 [43] DEBUG LTCPro.ServiceLayer.Log4net - ---Executing GetUserToken() in UserService----
2022-12-12 06:09:57,388 [42] DEBUG LTCPro.ServiceLayer.Log4net - ---Executing GetVitalsCheckList() in EMARController----
2022-12-12 06:09:57,612 [40] DEBUG LTCPro.ServiceLayer.Log4net - ---Executed Successfully GetVitalsCheckList() in EMARController----
2022-12-12 06:09:57,616 [43] DEBUG LTCPro.ServiceLayer.Log4net - ---Executing GetVitalsCheckList() in EMARController----
2022-12-12 06:09:57,644 [9] DEBUG LTCPro.ServiceLayer.Log4net - ---Executing GetUserToken() in UserService----
2022-12-12 06:09:57,843 [37] DEBUG LTCPro.ServiceLayer.Log4net - ---Executed Successfully GetVitalsCheckList() in EMARController----
2022-12-12 06:09:57,873 [40] DEBUG LTCPro.ServiceLayer.Log4net - ---Executing GetUserToken() in UserService----
2022-12-12 06:09:58,065 [27] DEBUG LTCPro.ServiceLayer.Log4net - ---Executed Successfully GetVitalsCheckList() in EMARController----
2022-12-12 06:09:58,070 [9] DEBUG LTCPro.ServiceLayer.Log4net - ---Executing GetVitalsCheckList() in EMARController----
2022-12-12 06:09:58,094 [57] DEBUG LTCPro.ServiceLayer.Log4net - ---Executing GetUserToken() in UserService----
2022-12-12 06:09:58,319 [42] DEBUG LTCPro.ServiceLayer.Log4net - ---Executed Successfully GetVitalsCheckList() in EMARController----
2022-12-12 06:09:58,320 [43] DEBUG LTCPro.ServiceLayer.Log4net - ---Executed Successfully GetVitalsCheckList() in EMARController----
2022-12-12 06:09:58,328 [57] DEBUG LTCPro.ServiceLayer.Log4net - ---Executing GetVitalsCheckList() in EMARController----
2022-12-12 06:09:58,332 [40] DEBUG LTCPro.ServiceLayer.Log4net - ---Executing GetVitalsCheckList() in EMARController----
2022-12-12 06:09:58,356 [42] DEBUG LTCPro.ServiceLayer.Log4net - ---Executing GetUserToken() in UserService----
2022-12-12 06:09:58,357 [6] DEBUG LTCPro.ServiceLayer.Log4net - ---Executing GetUserToken() in UserService----
2022-12-12 06:09:58,549 [51] DEBUG LTCPro.ServiceLayer.Log4net - ---Executed Successfully GetVitalsCheckList() in EMARController----
2022-12-12 06:09:58,577 [51] DEBUG LTCPro.ServiceLayer.Log4net - ---Executing GetUserToken() in UserService----
2022-12-12 06:09:58,584 [6] DEBUG LTCPro.ServiceLayer.Log4net - ---Executing GetVitalsCheckList() in EMARController----
2022-12-12 06:09:58,584 [42] DEBUG LTCPro.ServiceLayer.Log4net - ---Executing GetVitalsCheckList() in EMARController----
2022-12-12 06:09:58,769 [9] DEBUG LTCPro.ServiceLayer.Log4net - ---Executed Successfully GetVitalsCheckList() in EMARController----
2022-12-12 06:09:58,795 [27] DEBUG LTCPro.ServiceLayer.Log4net - ---Executing GetUserToken() in UserService----
2022-12-12 06:09:58,804 [51] DEBUG LTCPro.ServiceLayer.Log4net - ---Executing GetVitalsCheckList() in EMARController----
2022-12-12 06:09:59,008 [40] DEBUG LTCPro.ServiceLayer.Log4net - ---Executed Successfully GetVitalsCheckList() in EMARController----
2022-12-12 06:09:59,008 [57] DEBUG LTCPro.ServiceLayer.Log4net - ---Executed Successfully GetVitalsCheckList() in EMARController----
2022-12-12 06:09:59,088 [27] DEBUG LTCPro.ServiceLayer.Log4net - ---Executing GetVitalsCheckList() in EMARController----
2022-12-12 06:09:59,110 [37] DEBUG LTCPro.ServiceLayer.Log4net - ---Executing GetUserToken() in UserService----
2022-12-12 06:09:59,110 [9] DEBUG LTCPro.ServiceLayer.Log4net - ---Executing GetUserToken() in UserService----
2022-12-12 06:09:59,316 [42] DEBUG LTCPro.ServiceLayer.Log4net - ---Executed Successfully GetVitalsCheckList() in EMARController----
2022-12-12 06:09:59,316 [6] DEBUG LTCPro.ServiceLayer.Log4net - ---Executed Successfully GetVitalsCheckList() in EMARController----
2022-12-12 06:09:59,394 [57] DEBUG LTCPro.ServiceLayer.Log4net - ---Executing GetUserToken() in UserService----
2022-12-12 06:09:59,397 [9] DEBUG LTCPro.ServiceLayer.Log4net - ---Executing GetVitalsCheckList() in EMARController----
2022-12-12 06:09:59,397 [42] DEBUG LTCPro.ServiceLayer.Log4net - ---Executing GetUserToken() in UserService----
2022-12-12 06:09:59,398 [37] DEBUG LTCPro.ServiceLayer.Log4net - ---Executing GetVitalsCheckList() in EMARController----
2022-12-12 06:09:59,510 [51] DEBUG LTCPro.ServiceLayer.Log4net - ---Executed Successfully GetVitalsCheckList() in EMARController----
2022-12-12 06:09:59,534 [51] DEBUG LTCPro.ServiceLayer.Log4net - ---Executing GetUserToken() in UserService----
2022-12-12 06:09:59,630 [42] DEBUG LTCPro.ServiceLayer.Log4net - ---Executing GetVitalsCheckList() in EMARController----
2022-12-12 06:09:59,636 [57] DEBUG LTCPro.ServiceLayer.Log4net - ---Executing GetVitalsCheckList() in EMARController----
2022-12-12 06:09:59,761 [51] DEBUG LTCPro.ServiceLayer.Log4net - ---Executing GetVitalsCheckList() in EMARController----
2022-12-12 06:09:59,765 [27] DEBUG LTCPro.ServiceLayer.Log4net - ---Executed Successfully GetVitalsCheckList() in EMARController----
2022-12-12 06:09:59,791 [43] DEBUG LTCPro.ServiceLayer.Log4net - ---Executing GetUserToken() in UserService----
2022-12-12 06:10:00,021 [43] DEBUG LTCPro.ServiceLayer.Log4net - ---Executing GetVitalsCheckList() in EMARController----
2022-12-12 06:10:00,076 [37] DEBUG LTCPro.ServiceLayer.Log4net - ---Executed Successfully GetVitalsCheckList() in EMARController----
2022-12-12 06:10:00,077 [9] DEBUG LTCPro.ServiceLayer.Log4net - ---Executed Successfully GetVitalsCheckList() in EMARController----
2022-12-12 06:10:00,116 [37] DEBUG LTCPro.ServiceLayer.Log4net - ---Executing GetUserToken() in UserService----
2022-12-12 06:10:00,116 [27] DEBUG LTCPro.ServiceLayer.Log4net - ---Executing GetUserToken() in UserService----
2022-12-12 06:10:00,318 [42] DEBUG LTCPro.ServiceLayer.Log4net - ---Executed Successfully GetVitalsCheckList() in EMARController----
2022-12-12 06:10:00,319 [57] DEBUG LTCPro.ServiceLayer.Log4net - ---Executed Successfully GetVitalsCheckList() in EMARController----
2022-12-12 06:10:00,348 [57] DEBUG LTCPro.ServiceLayer.Log4net - ---Executing GetUserToken() in UserService----
2022-12-12 06:10:00,355 [27] DEBUG LTCPro.ServiceLayer.Log4net - ---Executing GetVitalsCheckList() in EMARController----
2022-12-12 06:10:00,383 [37] DEBUG LTCPro.ServiceLayer.Log4net - ---Executing GetVitalsCheckList() in EMARController----
2022-12-12 06:10:00,397 [42] DEBUG LTCPro.ServiceLayer.Log4net - ---Executing GetUserToken() in UserService----
2022-12-12 06:10:00,579 [57] DEBUG LTCPro.ServiceLayer.Log4net - ---Executing GetVitalsCheckList() in EMARController----
2022-12-12 06:10:00,624 [42] DEBUG LTCPro.ServiceLayer.Log4net - ---Executing GetVitalsCheckList() in EMARController----
2022-12-12 06:10:00,696 [43] DEBUG LTCPro.ServiceLayer.Log4net - ---Executed Successfully GetVitalsCheckList() in EMARController----
2022-12-12 06:10:00,724 [53] DEBUG LTCPro.ServiceLayer.Log4net - ---Executing GetUserToken() in UserService----
2022-12-12 06:10:00,950 [53] DEBUG LTCPro.ServiceLayer.Log4net - ---Executing GetVitalsCheckList() in EMARController----
2022-12-12 06:10:01,046 [27] DEBUG LTCPro.ServiceLayer.Log4net - ---Executed Successfully GetVitalsCheckList() in EMARController----
2022-12-12 06:10:01,065 [37] DEBUG LTCPro.ServiceLayer.Log4net - ---Executed Successfully GetVitalsCheckList() in EMARController----
2022-12-12 06:10:01,096 [40] DEBUG LTCPro.ServiceLayer.Log4net - ---Executing GetUserToken() in UserService----
2022-12-12 06:10:01,116 [37] DEBUG LTCPro.ServiceLayer.Log4net - ---Executing GetUserToken() in UserService----
2022-12-12 06:10:01,275 [57] DEBUG LTCPro.ServiceLayer.Log4net - ---Executed Successfully GetVitalsCheckList() in EMARController----
2022-12-12 06:10:01,322 [42] DEBUG LTCPro.ServiceLayer.Log4net - ---Executed Successfully GetVitalsCheckList() in EMARController----
2022-12-12 06:10:01,323 [40] DEBUG LTCPro.ServiceLayer.Log4net - ---Executing GetVitalsCheckList() in EMARController----
2022-12-12 06:10:01,343 [37] DEBUG LTCPro.ServiceLayer.Log4net - ---Executing GetVitalsCheckList() in EMARController----
2022-12-12 06:10:01,360 [51] DEBUG LTCPro.ServiceLayer.Log4net - ---Executed Successfully GetVitalsCheckList() in EMARController----
2022-12-12 06:10:01,445 [27] DEBUG LTCPro.ServiceLayer.Log4net - ---Executing GetUserToken() in UserService----
2022-12-12 06:10:01,653 [53] DEBUG LTCPro.ServiceLayer.Log4net - ---Executed Successfully GetVitalsCheckList() in EMARController----
2022-12-12 06:10:01,673 [27] DEBUG LTCPro.ServiceLayer.Log4net - ---Executing GetVitalsCheckList() in EMARController----
2022-12-12 06:10:01,998 [40] DEBUG LTCPro.ServiceLayer.Log4net - ---Executed Successfully GetVitalsCheckList() in EMARController----
2022-12-12 06:10:02,017 [37] DEBUG LTCPro.ServiceLayer.Log4net - ---Executed Successfully GetVitalsCheckList() in EMARController----
2022-12-12 06:10:02,360 [27] DEBUG LTCPro.ServiceLayer.Log4net - ---Executed Successfully GetVitalsCheckList() in EMARController----
2022-12-12 06:13:19,625 [39] DEBUG LTCPro.ServiceLayer.Log4net - ---Executing GetUserToken() in UserService----
2022-12-12 06:13:19,638 [25] DEBUG LTCPro.ServiceLayer.Log4net - ---Executing GetUserToken() in UserService----
2022-12-12 06:13:19,643 [37] DEBUG LTCPro.ServiceLayer.Log4net - ---Executing GetUserToken() in UserService----
2022-12-12 06:13:19,664 [28] DEBUG LTCPro.ServiceLayer.Log4net - ---Executing GetUserToken() in UserService----
2022-12-12 06:13:19,869 [39] DEBUG LTCPro.ServiceLayer.Log4net - ---Executing GetAlertsDetails() in MailboxController----
2022-12-12 06:13:19,869 [39] DEBUG LTCPro.ServiceLayer.Log4net - ---Executing GetAlertsDetails() in MailboxService----
2022-12-12 06:13:19,870 [25] DEBUG LTCPro.ServiceLayer.Log4net - ---Executing GetUserPassedDueFlag() in UserController----
2022-12-12 06:13:19,870 [25] DEBUG LTCPro.ServiceLayer.Log4net - ---Executing GetUserPassedDueFlag() in UserService----
2022-12-12 06:13:19,908 [37] DEBUG LTCPro.ServiceLayer.Log4net - ---Executing GetReadMailsCount() in MailboxController----
2022-12-12 06:13:19,908 [37] DEBUG LTCPro.ServiceLayer.Log4net - ---Executing GetReadMailsCount() in MailboxService----
2022-12-12 06:13:19,909 [28] DEBUG LTCPro.ServiceLayer.Log4net - ---Executing GetOutboundErrorDetails() in CommonController----
2022-12-12 06:13:19,909 [28] DEBUG LTCPro.ServiceLayer.Log4net - ---Executing GetOutboundErrorDetails() in CommonService----
2022-12-12 06:13:20,132 [39] DEBUG LTCPro.ServiceLayer.Log4net - ---Executed successfully GetAlertsDetails() in MailboxController----
2022-12-12 06:13:20,137 [25] DEBUG LTCPro.ServiceLayer.Log4net - ---Executed Successfully GetUserPassedDueFlag() in UserController----
2022-12-12 06:13:20,147 [37] DEBUG LTCPro.ServiceLayer.Log4net - ---Executed successfully GetReadMailsCount() in MailboxController----
2022-12-12 06:13:20,166 [25] DEBUG LTCPro.ServiceLayer.Log4net - ---Executing GetUserToken() in UserService----
2022-12-12 06:13:20,166 [39] DEBUG LTCPro.ServiceLayer.Log4net - ---Executing GetUserToken() in UserService----
2022-12-12 06:13:20,181 [37] DEBUG LTCPro.ServiceLayer.Log4net - ---Executing GetUserToken() in UserService----
2022-12-12 06:13:20,394 [39] DEBUG LTCPro.ServiceLayer.Log4net - ---Executing GetDueMARAlertData() in EmarController----
2022-12-12 06:13:20,394 [39] DEBUG LTCPro.ServiceLayer.Log4net - ---Executing GetDueMARAlertData() in EmarService----
2022-12-12 06:13:20,394 [25] DEBUG LTCPro.ServiceLayer.Log4net - ---Executing GetPendingDosesList() in CommonController----
2022-12-12 06:13:20,394 [25] DEBUG LTCPro.ServiceLayer.Log4net - ---Executing GetPendingDosesList() in CommonService----
2022-12-12 06:13:20,408 [37] DEBUG LTCPro.ServiceLayer.Log4net - ---Executing GetUserRecentFacNs() in UserController----
2022-12-12 06:13:20,408 [37] DEBUG LTCPro.ServiceLayer.Log4net - ---Executing GetUserRecentFacNs() in UserService----
2022-12-12 06:13:20,731 [25] DEBUG LTCPro.ServiceLayer.Log4net - ---Executed Successfully GetPendingDosesList() in CommonController----
2022-12-12 06:13:20,754 [25] DEBUG LTCPro.ServiceLayer.Log4net - ---Executing GetUserToken() in UserService----
2022-12-12 06:13:20,755 [48] DEBUG LTCPro.ServiceLayer.Log4net - ---Executing GetUserToken() in UserService----
2022-12-12 06:13:20,804 [39] DEBUG LTCPro.ServiceLayer.Log4net - ---Executed Successfully GetDueMARAlertData() in EmarController----
2022-12-12 06:13:20,860 [37] DEBUG LTCPro.ServiceLayer.Log4net - ---Executed Successfully GetUserRecentFacNs() in UserController----
2022-12-12 06:13:20,918 [34] DEBUG LTCPro.ServiceLayer.Log4net - ---Executing GetUserToken() in UserService----
2022-12-12 06:13:20,982 [25] DEBUG LTCPro.ServiceLayer.Log4net - ---Executing GetUserRecentFacNs() in UserController----
2022-12-12 06:13:20,982 [25] DEBUG LTCPro.ServiceLayer.Log4net - ---Executing GetUserRecentFacNs() in UserService----
2022-12-12 06:13:20,982 [48] DEBUG LTCPro.ServiceLayer.Log4net - ---Executing InsertUserActivityDetails() in CompanyController----
2022-12-12 06:13:20,982 [48] DEBUG LTCPro.ServiceLayer.Log4net - ---Executing InsertUserActivityDetails() in UserActivityService----
2022-12-12 06:13:21,144 [34] DEBUG LTCPro.ServiceLayer.Log4net - ---Executing GetUserAccessFacilityNurseStaions() in FacilityController----
2022-12-12 06:13:21,144 [34] DEBUG LTCPro.ServiceLayer.Log4net - ---Executing GetUserAccessFacilityNurseStaions() in FacilityService----
2022-12-12 06:13:21,423 [28] DEBUG LTCPro.ServiceLayer.Log4net - ---Executed Successfully GetOutboundErrorDetails() in CommonController----
2022-12-12 06:13:21,433 [25] DEBUG LTCPro.ServiceLayer.Log4net - ---Executed Successfully GetUserRecentFacNs() in UserController----
2022-12-12 06:13:21,486 [33] DEBUG LTCPro.ServiceLayer.Log4net - ---Executing GetUserToken() in UserService----
2022-12-12 06:13:21,598 [34] DEBUG LTCPro.ServiceLayer.Log4net - ---Executed Successfully GetUserAccessFacilityNurseStaions() in FacilityController----
2022-12-12 06:13:21,672 [48] DEBUG LTCPro.ServiceLayer.Log4net - ---Executed Successfully InsertUserActivityDetails() in CompanyController----
2022-12-12 06:13:21,712 [33] DEBUG LTCPro.ServiceLayer.Log4net - ---Executing GetUserAccessFacilityNurseStaions() in FacilityController----
2022-12-12 06:13:21,712 [33] DEBUG LTCPro.ServiceLayer.Log4net - ---Executing GetUserAccessFacilityNurseStaions() in FacilityService----
2022-12-12 06:13:22,177 [33] DEBUG LTCPro.ServiceLayer.Log4net - ---Executed Successfully GetUserAccessFacilityNurseStaions() in FacilityController----
2022-12-12 06:13:22,210 [37] DEBUG LTCPro.ServiceLayer.Log4net - ---Executing GetUserToken() in UserService----
2022-12-12 06:13:22,439 [37] DEBUG LTCPro.ServiceLayer.Log4net - ---Executing UserNurseStationDrop() in FacilityController----
2022-12-12 06:13:22,439 [37] DEBUG LTCPro.ServiceLayer.Log4net - ---Executing UserNurseStationDrop() in FacilityService----
2022-12-12 06:13:22,666 [37] DEBUG LTCPro.ServiceLayer.Log4net - ---Executed Successfully UserNurseStationDrop() in FacilityController----
2022-12-12 06:13:22,703 [38] DEBUG LTCPro.ServiceLayer.Log4net - ---Executing GetUsersByNSID() in UserController----
2022-12-12 06:13:22,703 [38] DEBUG LTCPro.ServiceLayer.Log4net - ---Executing GetUsersByNSID() in UserService----
2022-12-12 06:13:22,726 [28] DEBUG LTCPro.ServiceLayer.Log4net - ---Executing GetUserToken() in UserService----
2022-12-12 06:13:22,957 [28] DEBUG LTCPro.ServiceLayer.Log4net - ---Executing GetResidentsListByNSId() in AssesmentController----
2022-12-12 06:13:22,957 [28] DEBUG LTCPro.ServiceLayer.Log4net - ---Executing GetResidentsListByNSId() in AssesmentService----
2022-12-12 06:13:23,638 [28] DEBUG LTCPro.ServiceLayer.Log4net - ---Executed Successfully GetResidentsListByNSId() in AssesmentController----
2022-12-12 06:13:23,659 [38] DEBUG LTCPro.ServiceLayer.Log4net - ---Executed Successfully GetUsersByNSID() in UserController----
2022-12-12 06:13:23,669 [48] DEBUG LTCPro.ServiceLayer.Log4net - ---Executing GetUserToken() in UserService----
2022-12-12 06:13:23,897 [48] DEBUG LTCPro.ServiceLayer.Log4net - ---Executing GetTimeZoneDate() in CommonController----
2022-12-12 06:13:23,897 [48] DEBUG LTCPro.ServiceLayer.Log4net - ---Executing GetTimeZoneDate() in CommonService----
2022-12-12 06:13:24,125 [48] DEBUG LTCPro.ServiceLayer.Log4net - ---Executed Successfully GetTimeZoneDate() in CommonController----
2022-12-12 06:14:25,781 [48] DEBUG LTCPro.ServiceLayer.Log4net - ---Executing GetUserToken() in UserService----
2022-12-12 06:14:26,008 [48] DEBUG LTCPro.ServiceLayer.Log4net - ---Executing GetNursingScheduleData() in EmarController----
2022-12-12 06:14:26,008 [48] DEBUG LTCPro.ServiceLayer.Log4net - ---Executing GetNursingScheduleData() in EmarService----
2022-12-12 06:14:41,305 [48] DEBUG LTCPro.ServiceLayer.Log4net - ---Executed Successfully GetNursingScheduleData() in EmarController----
2022-12-12 06:14:42,923 [38] DEBUG LTCPro.ServiceLayer.Log4net - ---Executing GetUserToken() in UserService----
2022-12-12 06:14:43,150 [38] DEBUG LTCPro.ServiceLayer.Log4net - ---Executing GetOrdersListData() in CommonController----
2022-12-12 06:14:43,150 [38] DEBUG LTCPro.ServiceLayer.Log4net - ---Executing GetOrdersListData() in CommonService----
2022-12-12 06:15:00,830 [38] DEBUG LTCPro.ServiceLayer.Log4net - ---Executed Successfully GetOrdersListData() in CommonController----
2022-12-12 06:15:00,894 [38] DEBUG LTCPro.ServiceLayer.Log4net - ---Executing GetUserToken() in UserService----
2022-12-12 06:15:01,158 [38] DEBUG LTCPro.ServiceLayer.Log4net - ---Executing GetDrFirstFlagForCompanyByNSId() in CompanyController----
2022-12-12 06:15:01,158 [38] DEBUG LTCPro.ServiceLayer.Log4net - ---Executing GetDrFirstFlagForCompanyByNSId() in CompanyService----
2022-12-12 06:15:01,180 [28] DEBUG LTCPro.ServiceLayer.Log4net - ---Executing GetUserToken() in UserService----
2022-12-12 06:15:01,201 [48] DEBUG LTCPro.ServiceLayer.Log4net - ---Executing GetUserToken() in UserService----
2022-12-12 06:15:01,408 [34] DEBUG LTCPro.ServiceLayer.Log4net - ---Executing GetUserToken() in UserService----
2022-12-12 06:15:01,636 [38] DEBUG LTCPro.ServiceLayer.Log4net - ---Executed Successfully GetDrFirstFlagForCompanyByNSId() in CompanyController----
2022-12-12 06:15:01,637 [48] DEBUG LTCPro.ServiceLayer.Log4net - ---Executing GetVitalsCheckList() in EMARController----
2022-12-12 06:15:01,640 [28] DEBUG LTCPro.ServiceLayer.Log4net - ---Executing GetVitalsCheckList() in EMARController----
2022-12-12 06:15:01,650 [34] DEBUG LTCPro.ServiceLayer.Log4net - ---Executing GetVitalsCheckList() in EMARController----
2022-12-12 06:15:01,698 [19] DEBUG LTCPro.ServiceLayer.Log4net - ---Executing GetUserToken() in UserService----
2022-12-12 06:15:01,931 [19] DEBUG LTCPro.ServiceLayer.Log4net - ---Executing GetVitalsCheckList() in EMARController----
2022-12-12 06:15:02,314 [48] DEBUG LTCPro.ServiceLayer.Log4net - ---Executed Successfully GetVitalsCheckList() in EMARController----
2022-12-12 06:15:02,326 [28] DEBUG LTCPro.ServiceLayer.Log4net - ---Executed Successfully GetVitalsCheckList() in EMARController----
2022-12-12 06:15:02,329 [34] DEBUG LTCPro.ServiceLayer.Log4net - ---Executed Successfully GetVitalsCheckList() in EMARController----
2022-12-12 06:15:02,339 [48] DEBUG LTCPro.ServiceLayer.Log4net - ---Executing GetUserToken() in UserService----
2022-12-12 06:15:02,356 [28] DEBUG LTCPro.ServiceLayer.Log4net - ---Executing GetUserToken() in UserService----
2022-12-12 06:15:02,356 [34] DEBUG LTCPro.ServiceLayer.Log4net - ---Executing GetUserToken() in UserService----
2022-12-12 06:15:02,568 [48] DEBUG LTCPro.ServiceLayer.Log4net - ---Executing GetVitalsCheckList() in EMARController----
2022-12-12 06:15:02,583 [28] DEBUG LTCPro.ServiceLayer.Log4net - ---Executing GetVitalsCheckList() in EMARController----
2022-12-12 06:15:02,586 [34] DEBUG LTCPro.ServiceLayer.Log4net - ---Executing GetVitalsCheckList() in EMARController----
2022-12-12 06:15:02,607 [19] DEBUG LTCPro.ServiceLayer.Log4net - ---Executed Successfully GetVitalsCheckList() in EMARController----
2022-12-12 06:15:02,628 [19] DEBUG LTCPro.ServiceLayer.Log4net - ---Executing GetUserToken() in UserService----
2022-12-12 06:15:02,855 [19] DEBUG LTCPro.ServiceLayer.Log4net - ---Executing GetVitalsCheckList() in EMARController----
2022-12-12 06:15:03,249 [48] DEBUG LTCPro.ServiceLayer.Log4net - ---Executed Successfully GetVitalsCheckList() in EMARController----
2022-12-12 06:15:03,266 [34] DEBUG LTCPro.ServiceLayer.Log4net - ---Executed Successfully GetVitalsCheckList() in EMARController----
2022-12-12 06:15:03,274 [48] DEBUG LTCPro.ServiceLayer.Log4net - ---Executing GetUserToken() in UserService----
2022-12-12 06:15:03,279 [28] DEBUG LTCPro.ServiceLayer.Log4net - ---Executed Successfully GetVitalsCheckList() in EMARController----
2022-12-12 06:15:03,303 [28] DEBUG LTCPro.ServiceLayer.Log4net - ---Executing GetUserToken() in UserService----
2022-12-12 06:15:03,303 [34] DEBUG LTCPro.ServiceLayer.Log4net - ---Executing GetUserToken() in UserService----
2022-12-12 06:15:03,505 [48] DEBUG LTCPro.ServiceLayer.Log4net - ---Executing GetVitalsCheckList() in EMARController----
2022-12-12 06:15:03,528 [19] DEBUG LTCPro.ServiceLayer.Log4net - ---Executed Successfully GetVitalsCheckList() in EMARController----
2022-12-12 06:15:03,530 [28] DEBUG LTCPro.ServiceLayer.Log4net - ---Executing GetVitalsCheckList() in EMARController----
2022-12-12 06:15:03,530 [34] DEBUG LTCPro.ServiceLayer.Log4net - ---Executing GetVitalsCheckList() in EMARController----
2022-12-12 06:15:03,557 [33] DEBUG LTCPro.ServiceLayer.Log4net - ---Executing GetUserToken() in UserService----
2022-12-12 06:15:03,579 [46] DEBUG LTCPro.ServiceLayer.Log4net - ---Executing GetUserToken() in UserService----
2022-12-12 06:15:03,593 [45] DEBUG LTCPro.ServiceLayer.Log4net - ---Executing GetUserToken() in UserService----
2022-12-12 06:15:03,786 [33] DEBUG LTCPro.ServiceLayer.Log4net - ---Executing GetVitalsCheckList() in EMARController----
2022-12-12 06:15:03,806 [46] DEBUG LTCPro.ServiceLayer.Log4net - ---Executing GetVitalsCheckList() in EMARController----
2022-12-12 06:15:03,823 [45] DEBUG LTCPro.ServiceLayer.Log4net - ---Executing GetVitalsCheckList() in EMARController----
2022-12-12 06:15:04,181 [48] DEBUG LTCPro.ServiceLayer.Log4net - ---Executed Successfully GetVitalsCheckList() in EMARController----
2022-12-12 06:15:04,206 [19] DEBUG LTCPro.ServiceLayer.Log4net - ---Executing GetUserToken() in UserService----
2022-12-12 06:15:04,208 [28] DEBUG LTCPro.ServiceLayer.Log4net - ---Executed Successfully GetVitalsCheckList() in EMARController----
2022-12-12 06:15:04,213 [34] DEBUG LTCPro.ServiceLayer.Log4net - ---Executed Successfully GetVitalsCheckList() in EMARController----
2022-12-12 06:15:04,237 [48] DEBUG LTCPro.ServiceLayer.Log4net - ---Executing GetUserToken() in UserService----
2022-12-12 06:15:04,260 [28] DEBUG LTCPro.ServiceLayer.Log4net - ---Executing GetUserToken() in UserService----
2022-12-12 06:15:04,433 [19] DEBUG LTCPro.ServiceLayer.Log4net - ---Executing GetVitalsCheckList() in EMARController----
2022-12-12 06:15:04,464 [48] DEBUG LTCPro.ServiceLayer.Log4net - ---Executing GetVitalsCheckList() in EMARController----
2022-12-12 06:15:04,469 [33] DEBUG LTCPro.ServiceLayer.Log4net - ---Executed Successfully GetVitalsCheckList() in EMARController----
2022-12-12 06:15:04,509 [45] DEBUG LTCPro.ServiceLayer.Log4net - ---Executed Successfully GetVitalsCheckList() in EMARController----
2022-12-12 06:15:04,513 [46] DEBUG LTCPro.ServiceLayer.Log4net - ---Executed Successfully GetVitalsCheckList() in EMARController----
2022-12-12 06:15:04,519 [28] DEBUG LTCPro.ServiceLayer.Log4net - ---Executing GetVitalsCheckList() in EMARController----
2022-12-12 06:15:04,530 [33] DEBUG LTCPro.ServiceLayer.Log4net - ---Executing GetUserToken() in UserService----
2022-12-12 06:15:04,552 [45] DEBUG LTCPro.ServiceLayer.Log4net - ---Executing GetUserToken() in UserService----
2022-12-12 06:15:04,555 [46] DEBUG LTCPro.ServiceLayer.Log4net - ---Executing GetUserToken() in UserService----
2022-12-12 06:15:04,758 [33] DEBUG LTCPro.ServiceLayer.Log4net - ---Executing GetVitalsCheckList() in EMARController----
2022-12-12 06:15:04,781 [45] DEBUG LTCPro.ServiceLayer.Log4net - ---Executing GetVitalsCheckList() in EMARController----
2022-12-12 06:15:04,814 [46] DEBUG LTCPro.ServiceLayer.Log4net - ---Executing GetVitalsCheckList() in EMARController----
2022-12-12 06:15:05,109 [19] DEBUG LTCPro.ServiceLayer.Log4net - ---Executed Successfully GetVitalsCheckList() in EMARController----
2022-12-12 06:15:05,134 [34] DEBUG LTCPro.ServiceLayer.Log4net - ---Executing GetUserToken() in UserService----
2022-12-12 06:15:05,141 [48] DEBUG LTCPro.ServiceLayer.Log4net - ---Executed Successfully GetVitalsCheckList() in EMARController----
2022-12-12 06:15:05,166 [38] DEBUG LTCPro.ServiceLayer.Log4net - ---Executing GetUserToken() in UserService----
2022-12-12 06:15:05,194 [28] DEBUG LTCPro.ServiceLayer.Log4net - ---Executed Successfully GetVitalsCheckList() in EMARController----
2022-12-12 06:15:05,219 [28] DEBUG LTCPro.ServiceLayer.Log4net - ---Executing GetUserToken() in UserService----
2022-12-12 06:15:05,362 [34] DEBUG LTCPro.ServiceLayer.Log4net - ---Executing GetVitalsCheckList() in EMARController----
2022-12-12 06:15:05,420 [38] DEBUG LTCPro.ServiceLayer.Log4net - ---Executing GetVitalsCheckList() in EMARController----
2022-12-12 06:15:05,444 [33] DEBUG LTCPro.ServiceLayer.Log4net - ---Executed Successfully GetVitalsCheckList() in EMARController----
2022-12-12 06:15:05,447 [28] DEBUG LTCPro.ServiceLayer.Log4net - ---Executing GetVitalsCheckList() in EMARController----
2022-12-12 06:15:05,473 [19] DEBUG LTCPro.ServiceLayer.Log4net - ---Executing GetUserToken() in UserService----
2022-12-12 06:15:05,552 [45] DEBUG LTCPro.ServiceLayer.Log4net - ---Executed Successfully GetVitalsCheckList() in EMARController----
2022-12-12 06:15:05,552 [46] DEBUG LTCPro.ServiceLayer.Log4net - ---Executed Successfully GetVitalsCheckList() in EMARController----
2022-12-12 06:15:05,577 [45] DEBUG LTCPro.ServiceLayer.Log4net - ---Executing GetUserToken() in UserService----
2022-12-12 06:15:05,577 [33] DEBUG LTCPro.ServiceLayer.Log4net - ---Executing GetUserToken() in UserService----
2022-12-12 06:15:05,700 [19] DEBUG LTCPro.ServiceLayer.Log4net - ---Executing GetVitalsCheckList() in EMARController----
2022-12-12 06:15:05,805 [33] DEBUG LTCPro.ServiceLayer.Log4net - ---Executing GetVitalsCheckList() in EMARController----
2022-12-12 06:15:05,813 [45] DEBUG LTCPro.ServiceLayer.Log4net - ---Executing GetVitalsCheckList() in EMARController----
2022-12-12 06:15:06,043 [34] DEBUG LTCPro.ServiceLayer.Log4net - ---Executed Successfully GetVitalsCheckList() in EMARController----
2022-12-12 06:15:06,069 [46] DEBUG LTCPro.ServiceLayer.Log4net - ---Executing GetUserToken() in UserService----
2022-12-12 06:15:06,095 [38] DEBUG LTCPro.ServiceLayer.Log4net - ---Executed Successfully GetVitalsCheckList() in EMARController----
2022-12-12 06:15:06,117 [7] DEBUG LTCPro.ServiceLayer.Log4net - ---Executing GetUserToken() in UserService----
2022-12-12 06:15:06,120 [28] DEBUG LTCPro.ServiceLayer.Log4net - ---Executed Successfully GetVitalsCheckList() in EMARController----
2022-12-12 06:15:06,143 [34] DEBUG LTCPro.ServiceLayer.Log4net - ---Executing GetUserToken() in UserService----
2022-12-12 06:15:06,301 [46] DEBUG LTCPro.ServiceLayer.Log4net - ---Executing GetVitalsCheckList() in EMARController----
2022-12-12 06:15:06,343 [7] DEBUG LTCPro.ServiceLayer.Log4net - ---Executing GetVitalsCheckList() in EMARController----
2022-12-12 06:15:06,369 [34] DEBUG LTCPro.ServiceLayer.Log4net - ---Executing GetVitalsCheckList() in EMARController----
2022-12-12 06:15:06,376 [19] DEBUG LTCPro.ServiceLayer.Log4net - ---Executed Successfully GetVitalsCheckList() in EMARController----
2022-12-12 06:15:06,398 [28] DEBUG LTCPro.ServiceLayer.Log4net - ---Executing GetUserToken() in UserService----
2022-12-12 06:15:06,487 [33] DEBUG LTCPro.ServiceLayer.Log4net - ---Executed Successfully GetVitalsCheckList() in EMARController----
2022-12-12 06:15:06,488 [45] DEBUG LTCPro.ServiceLayer.Log4net - ---Executed Successfully GetVitalsCheckList() in EMARController----
2022-12-12 06:15:06,514 [38] DEBUG LTCPro.ServiceLayer.Log4net - ---Executing GetUserToken() in UserService----
2022-12-12 06:15:06,517 [45] DEBUG LTCPro.ServiceLayer.Log4net - ---Executing GetUserToken() in UserService----
2022-12-12 06:15:06,627 [28] DEBUG LTCPro.ServiceLayer.Log4net - ---Executing GetVitalsCheckList() in EMARController----
2022-12-12 06:15:06,742 [38] DEBUG LTCPro.ServiceLayer.Log4net - ---Executing GetVitalsCheckList() in EMARController----
2022-12-12 06:15:06,744 [45] DEBUG LTCPro.ServiceLayer.Log4net - ---Executing GetVitalsCheckList() in EMARController----
2022-12-12 06:15:06,976 [46] DEBUG LTCPro.ServiceLayer.Log4net - ---Executed Successfully GetVitalsCheckList() in EMARController----
2022-12-12 06:15:07,017 [48] DEBUG LTCPro.ServiceLayer.Log4net - ---Executing GetUserToken() in UserService----
2022-12-12 06:15:07,026 [7] DEBUG LTCPro.ServiceLayer.Log4net - ---Executed Successfully GetVitalsCheckList() in EMARController----
2022-12-12 06:15:07,043 [34] DEBUG LTCPro.ServiceLayer.Log4net - ---Executed Successfully GetVitalsCheckList() in EMARController----
2022-12-12 06:15:07,053 [33] DEBUG LTCPro.ServiceLayer.Log4net - ---Executing GetUserToken() in UserService----
2022-12-12 06:15:07,082 [46] DEBUG LTCPro.ServiceLayer.Log4net - ---Executing GetUserToken() in UserService----
2022-12-12 06:15:07,252 [48] DEBUG LTCPro.ServiceLayer.Log4net - ---Executing GetVitalsCheckList() in EMARController----
2022-12-12 06:15:07,280 [33] DEBUG LTCPro.ServiceLayer.Log4net - ---Executing GetVitalsCheckList() in EMARController----
2022-12-12 06:15:07,312 [46] DEBUG LTCPro.ServiceLayer.Log4net - ---Executing GetVitalsCheckList() in EMARController----
2022-12-12 06:15:07,343 [28] DEBUG LTCPro.ServiceLayer.Log4net - ---Executed Successfully GetVitalsCheckList() in EMARController----
2022-12-12 06:15:07,422 [38] DEBUG LTCPro.ServiceLayer.Log4net - ---Executed Successfully GetVitalsCheckList() in EMARController----
2022-12-12 06:15:07,424 [45] DEBUG LTCPro.ServiceLayer.Log4net - ---Executed Successfully GetVitalsCheckList() in EMARController----
2022-12-12 06:15:07,452 [19] DEBUG LTCPro.ServiceLayer.Log4net - ---Executing GetUserToken() in UserService----
2022-12-12 06:15:07,683 [19] DEBUG LTCPro.ServiceLayer.Log4net - ---Executing GetVitalsCheckList() in EMARController----
2022-12-12 06:15:07,927 [48] DEBUG LTCPro.ServiceLayer.Log4net - ---Executed Successfully GetVitalsCheckList() in EMARController----
2022-12-12 06:15:07,947 [48] DEBUG LTCPro.ServiceLayer.Log4net - ---Executing GetUserToken() in UserService----
2022-12-12 06:15:07,953 [33] DEBUG LTCPro.ServiceLayer.Log4net - ---Executed Successfully GetVitalsCheckList() in EMARController----
2022-12-12 06:15:07,974 [33] DEBUG LTCPro.ServiceLayer.Log4net - ---Executing GetUserToken() in UserService----
2022-12-12 06:15:07,990 [46] DEBUG LTCPro.ServiceLayer.Log4net - ---Executed Successfully GetVitalsCheckList() in EMARController----
2022-12-12 06:15:08,017 [46] DEBUG LTCPro.ServiceLayer.Log4net - ---Executing GetUserToken() in UserService----
2022-12-12 06:15:08,174 [48] DEBUG LTCPro.ServiceLayer.Log4net - ---Executing GetVitalsCheckList() in EMARController----
2022-12-12 06:15:08,202 [33] DEBUG LTCPro.ServiceLayer.Log4net - ---Executing GetVitalsCheckList() in EMARController----
2022-12-12 06:15:08,245 [46] DEBUG LTCPro.ServiceLayer.Log4net - ---Executing GetVitalsCheckList() in EMARController----
2022-12-12 06:15:08,360 [19] DEBUG LTCPro.ServiceLayer.Log4net - ---Executed Successfully GetVitalsCheckList() in EMARController----
2022-12-12 06:15:08,387 [19] DEBUG LTCPro.ServiceLayer.Log4net - ---Executing GetUserToken() in UserService----
2022-12-12 06:15:08,618 [19] DEBUG LTCPro.ServiceLayer.Log4net - ---Executing GetVitalsCheckList() in EMARController----
2022-12-12 06:15:08,851 [48] DEBUG LTCPro.ServiceLayer.Log4net - ---Executed Successfully GetVitalsCheckList() in EMARController----
2022-12-12 06:15:08,872 [48] DEBUG LTCPro.ServiceLayer.Log4net - ---Executing GetUserToken() in UserService----
2022-12-12 06:15:08,878 [33] DEBUG LTCPro.ServiceLayer.Log4net - ---Executed Successfully GetVitalsCheckList() in EMARController----
2022-12-12 06:15:08,928 [33] DEBUG LTCPro.ServiceLayer.Log4net - ---Executing GetUserToken() in UserService----
2022-12-12 06:15:08,933 [46] DEBUG LTCPro.ServiceLayer.Log4net - ---Executed Successfully GetVitalsCheckList() in EMARController----
2022-12-12 06:15:08,956 [38] DEBUG LTCPro.ServiceLayer.Log4net - ---Executing GetUserToken() in UserService----
2022-12-12 06:15:08,960 [28] DEBUG LTCPro.ServiceLayer.Log4net - ---Executing GetUserToken() in UserService----
2022-12-12 06:15:08,970 [45] DEBUG LTCPro.ServiceLayer.Log4net - ---Executing GetUserToken() in UserService----
2022-12-12 06:15:09,099 [48] DEBUG LTCPro.ServiceLayer.Log4net - ---Executing GetVitalsCheckList() in EMARController----
2022-12-12 06:15:09,155 [33] DEBUG LTCPro.ServiceLayer.Log4net - ---Executing GetVitalsCheckList() in EMARController----
2022-12-12 06:15:09,184 [38] DEBUG LTCPro.ServiceLayer.Log4net - ---Executing GetVitalsCheckList() in EMARController----
2022-12-12 06:15:09,187 [28] DEBUG LTCPro.ServiceLayer.Log4net - ---Executing GetVitalsCheckList() in EMARController----
2022-12-12 06:15:09,205 [45] DEBUG LTCPro.ServiceLayer.Log4net - ---Executing GetVitalsCheckList() in EMARController----
2022-12-12 06:15:09,295 [19] DEBUG LTCPro.ServiceLayer.Log4net - ---Executed Successfully GetVitalsCheckList() in EMARController----
2022-12-12 06:15:09,336 [34] DEBUG LTCPro.ServiceLayer.Log4net - ---Executing GetUserToken() in UserService----
2022-12-12 06:15:09,572 [34] DEBUG LTCPro.ServiceLayer.Log4net - ---Executing GetVitalsCheckList() in EMARController----
2022-12-12 06:15:09,775 [48] DEBUG LTCPro.ServiceLayer.Log4net - ---Executed Successfully GetVitalsCheckList() in EMARController----
2022-12-12 06:15:09,815 [46] DEBUG LTCPro.ServiceLayer.Log4net - ---Executing GetUserToken() in UserService----
2022-12-12 06:15:09,835 [33] DEBUG LTCPro.ServiceLayer.Log4net - ---Executed Successfully GetVitalsCheckList() in EMARController----
2022-12-12 06:15:09,883 [28] DEBUG LTCPro.ServiceLayer.Log4net - ---Executed Successfully GetVitalsCheckList() in EMARController----
2022-12-12 06:15:09,922 [48] DEBUG LTCPro.ServiceLayer.Log4net - ---Executing GetUserToken() in UserService----
2022-12-12 06:15:09,963 [19] DEBUG LTCPro.ServiceLayer.Log4net - ---Executing GetUserToken() in UserService----
2022-12-12 06:15:10,015 [45] DEBUG LTCPro.ServiceLayer.Log4net - ---Executed Successfully GetVitalsCheckList() in EMARController----
2022-12-12 06:15:10,075 [45] DEBUG LTCPro.ServiceLayer.Log4net - ---Executing GetUserToken() in UserService----
2022-12-12 06:15:10,142 [46] DEBUG LTCPro.ServiceLayer.Log4net - ---Executing GetVitalsCheckList() in EMARController----
2022-12-12 06:15:10,154 [48] DEBUG LTCPro.ServiceLayer.Log4net - ---Executing GetVitalsCheckList() in EMARController----
2022-12-12 06:15:10,234 [19] DEBUG LTCPro.ServiceLayer.Log4net - ---Executing GetVitalsCheckList() in EMARController----
2022-12-12 06:15:10,309 [45] DEBUG LTCPro.ServiceLayer.Log4net - ---Executing GetVitalsCheckList() in EMARController----
2022-12-12 06:15:10,371 [34] DEBUG LTCPro.ServiceLayer.Log4net - ---Executed Successfully GetVitalsCheckList() in EMARController----
2022-12-12 06:15:10,431 [33] DEBUG LTCPro.ServiceLayer.Log4net - ---Executing GetUserToken() in UserService----
2022-12-12 06:15:10,704 [33] DEBUG LTCPro.ServiceLayer.Log4net - ---Executing GetVitalsCheckList() in EMARController----
2022-12-12 06:15:10,846 [46] DEBUG LTCPro.ServiceLayer.Log4net - ---Executed Successfully GetVitalsCheckList() in EMARController----
2022-12-12 06:15:10,872 [48] DEBUG LTCPro.ServiceLayer.Log4net - ---Executed Successfully GetVitalsCheckList() in EMARController----
2022-12-12 06:15:10,899 [28] DEBUG LTCPro.ServiceLayer.Log4net - ---Executing GetUserToken() in UserService----
2022-12-12 06:15:10,932 [46] DEBUG LTCPro.ServiceLayer.Log4net - ---Executing GetUserToken() in UserService----
2022-12-12 06:15:10,933 [19] DEBUG LTCPro.ServiceLayer.Log4net - ---Executed Successfully GetVitalsCheckList() in EMARController----
2022-12-12 06:15:10,960 [7] DEBUG LTCPro.ServiceLayer.Log4net - ---Executing GetUserToken() in UserService----
2022-12-12 06:15:11,117 [45] DEBUG LTCPro.ServiceLayer.Log4net - ---Executed Successfully GetVitalsCheckList() in EMARController----
2022-12-12 06:15:11,134 [28] DEBUG LTCPro.ServiceLayer.Log4net - ---Executing GetVitalsCheckList() in EMARController----
2022-12-12 06:15:11,153 [19] DEBUG LTCPro.ServiceLayer.Log4net - ---Executing GetUserToken() in UserService----
2022-12-12 06:15:11,160 [46] DEBUG LTCPro.ServiceLayer.Log4net - ---Executing GetVitalsCheckList() in EMARController----
2022-12-12 06:15:11,188 [7] DEBUG LTCPro.ServiceLayer.Log4net - ---Executing GetVitalsCheckList() in EMARController----
2022-12-12 06:15:11,379 [19] DEBUG LTCPro.ServiceLayer.Log4net - ---Executing GetVitalsCheckList() in EMARController----
2022-12-12 06:15:11,383 [33] DEBUG LTCPro.ServiceLayer.Log4net - ---Executed Successfully GetVitalsCheckList() in EMARController----
2022-12-12 06:15:11,417 [45] DEBUG LTCPro.ServiceLayer.Log4net - ---Executing GetUserToken() in UserService----
2022-12-12 06:15:11,646 [45] DEBUG LTCPro.ServiceLayer.Log4net - ---Executing GetVitalsCheckList() in EMARController----
2022-12-12 06:15:11,829 [28] DEBUG LTCPro.ServiceLayer.Log4net - ---Executed Successfully GetVitalsCheckList() in EMARController----
2022-12-12 06:15:11,844 [46] DEBUG LTCPro.ServiceLayer.Log4net - ---Executed Successfully GetVitalsCheckList() in EMARController----
2022-12-12 06:15:11,860 [28] DEBUG LTCPro.ServiceLayer.Log4net - ---Executing GetUserToken() in UserService----
2022-12-12 06:15:11,865 [7] DEBUG LTCPro.ServiceLayer.Log4net - ---Executed Successfully GetVitalsCheckList() in EMARController----
2022-12-12 06:15:11,880 [34] DEBUG LTCPro.ServiceLayer.Log4net - ---Executing GetUserToken() in UserService----
2022-12-12 06:15:11,891 [33] DEBUG LTCPro.ServiceLayer.Log4net - ---Executing GetUserToken() in UserService----
2022-12-12 06:15:12,060 [19] DEBUG LTCPro.ServiceLayer.Log4net - ---Executed Successfully GetVitalsCheckList() in EMARController----
2022-12-12 06:15:12,083 [46] DEBUG LTCPro.ServiceLayer.Log4net - ---Executing GetUserToken() in UserService----
2022-12-12 06:15:12,086 [28] DEBUG LTCPro.ServiceLayer.Log4net - ---Executing GetVitalsCheckList() in EMARController----
2022-12-12 06:15:12,106 [34] DEBUG LTCPro.ServiceLayer.Log4net - ---Executing GetVitalsCheckList() in EMARController----
2022-12-12 06:15:12,116 [33] DEBUG LTCPro.ServiceLayer.Log4net - ---Executing GetVitalsCheckList() in EMARController----
2022-12-12 06:15:12,313 [46] DEBUG LTCPro.ServiceLayer.Log4net - ---Executing GetVitalsCheckList() in EMARController----
2022-12-12 06:15:12,336 [45] DEBUG LTCPro.ServiceLayer.Log4net - ---Executed Successfully GetVitalsCheckList() in EMARController----
2022-12-12 06:15:12,361 [7] DEBUG LTCPro.ServiceLayer.Log4net - ---Executing GetUserToken() in UserService----
2022-12-12 06:15:12,587 [7] DEBUG LTCPro.ServiceLayer.Log4net - ---Executing GetVitalsCheckList() in EMARController----
2022-12-12 06:15:12,763 [28] DEBUG LTCPro.ServiceLayer.Log4net - ---Executed Successfully GetVitalsCheckList() in EMARController----
2022-12-12 06:15:12,781 [34] DEBUG LTCPro.ServiceLayer.Log4net - ---Executed Successfully GetVitalsCheckList() in EMARController----
2022-12-12 06:15:12,796 [33] DEBUG LTCPro.ServiceLayer.Log4net - ---Executed Successfully GetVitalsCheckList() in EMARController----
2022-12-12 06:15:12,813 [28] DEBUG LTCPro.ServiceLayer.Log4net - ---Executing GetUserToken() in UserService----
2022-12-12 06:15:12,992 [46] DEBUG LTCPro.ServiceLayer.Log4net - ---Executed Successfully GetVitalsCheckList() in EMARController----
2022-12-12 06:15:13,043 [28] DEBUG LTCPro.ServiceLayer.Log4net - ---Executing GetVitalsCheckList() in EMARController----
2022-12-12 06:15:13,271 [7] DEBUG LTCPro.ServiceLayer.Log4net - ---Executed Successfully GetVitalsCheckList() in EMARController----
2022-12-12 06:15:13,721 [28] DEBUG LTCPro.ServiceLayer.Log4net - ---Executed Successfully GetVitalsCheckList() in EMARController----
2022-12-12 06:15:22,079 [38] DEBUG LTCPro.ServiceLayer.Log4net - ---Executed Successfully GetVitalsCheckList() in EMARController----
2022-12-12 06:15:43,309 [28] DEBUG LTCPro.ServiceLayer.Log4net - ---Executing GetUserToken() in UserService----
2022-12-12 06:15:43,535 [28] DEBUG LTCPro.ServiceLayer.Log4net - ---Executing GetOrdersListData() in CommonController----
2022-12-12 06:15:43,535 [28] DEBUG LTCPro.ServiceLayer.Log4net - ---Executing GetOrdersListData() in CommonService----
2022-12-12 06:15:44,720 [28] DEBUG LTCPro.ServiceLayer.Log4net - ---Executed Successfully GetOrdersListData() in CommonController----
2022-12-12 06:15:44,797 [7] DEBUG LTCPro.ServiceLayer.Log4net - ---Executing GetUserToken() in UserService----
2022-12-12 06:15:44,799 [25] DEBUG LTCPro.ServiceLayer.Log4net - ---Executing GetUserToken() in UserService----
2022-12-12 06:15:44,804 [19] DEBUG LTCPro.ServiceLayer.Log4net - ---Executing GetUserToken() in UserService----
2022-12-12 06:15:45,029 [7] DEBUG LTCPro.ServiceLayer.Log4net - ---Executing GetVitalsCheckList() in EMARController----
2022-12-12 06:15:45,032 [19] DEBUG LTCPro.ServiceLayer.Log4net - ---Executing GetDrFirstFlagForCompanyByNSId() in CompanyController----
2022-12-12 06:15:45,033 [19] DEBUG LTCPro.ServiceLayer.Log4net - ---Executing GetDrFirstFlagForCompanyByNSId() in CompanyService----
2022-12-12 06:15:45,033 [25] DEBUG LTCPro.ServiceLayer.Log4net - ---Executing GetVitalsCheckList() in EMARController----
2022-12-12 06:15:45,297 [19] DEBUG LTCPro.ServiceLayer.Log4net - ---Executed Successfully GetDrFirstFlagForCompanyByNSId() in CompanyController----
2022-12-12 06:15:45,706 [7] DEBUG LTCPro.ServiceLayer.Log4net - ---Executed Successfully GetVitalsCheckList() in EMARController----
2022-12-12 06:15:45,745 [25] DEBUG LTCPro.ServiceLayer.Log4net - ---Executed Successfully GetVitalsCheckList() in EMARController----
2022-12-12 06:15:46,910 [28] DEBUG LTCPro.ServiceLayer.Log4net - ---Executing GetUserToken() in UserService----
2022-12-12 06:15:47,137 [28] DEBUG LTCPro.ServiceLayer.Log4net - ---Executing GetOrdersListData() in CommonController----
2022-12-12 06:15:47,137 [28] DEBUG LTCPro.ServiceLayer.Log4net - ---Executing GetOrdersListData() in CommonService----
2022-12-12 06:16:04,114 [28] DEBUG LTCPro.ServiceLayer.Log4net - ---Executed Successfully GetOrdersListData() in CommonController----
2022-12-12 06:16:04,265 [38] DEBUG LTCPro.ServiceLayer.Log4net - ---Executing GetUserToken() in UserService----
2022-12-12 06:16:04,270 [19] DEBUG LTCPro.ServiceLayer.Log4net - ---Executing GetUserToken() in UserService----
2022-12-12 06:16:04,297 [25] DEBUG LTCPro.ServiceLayer.Log4net - ---Executing GetUserToken() in UserService----
2022-12-12 06:16:04,319 [7] DEBUG LTCPro.ServiceLayer.Log4net - ---Executing GetUserToken() in UserService----
2022-12-12 06:16:04,347 [14] DEBUG LTCPro.ServiceLayer.Log4net - ---Executing GetUserToken() in UserService----
2022-12-12 06:16:04,390 [39] DEBUG LTCPro.ServiceLayer.Log4net - ---Executing GetUserToken() in UserService----
2022-12-12 06:16:04,511 [38] DEBUG LTCPro.ServiceLayer.Log4net - ---Executing GetVitalsCheckList() in EMARController----
2022-12-12 06:16:04,525 [19] DEBUG LTCPro.ServiceLayer.Log4net - ---Executing GetDrFirstFlagForCompanyByNSId() in CompanyController----
2022-12-12 06:16:04,525 [19] DEBUG LTCPro.ServiceLayer.Log4net - ---Executing GetDrFirstFlagForCompanyByNSId() in CompanyService----
2022-12-12 06:16:04,548 [25] DEBUG LTCPro.ServiceLayer.Log4net - ---Executing GetVitalsCheckList() in EMARController----
2022-12-12 06:16:04,604 [14] DEBUG LTCPro.ServiceLayer.Log4net - ---Executing GetVitalsCheckList() in EMARController----
2022-12-12 06:16:04,606 [7] DEBUG LTCPro.ServiceLayer.Log4net - ---Executing GetVitalsCheckList() in EMARController----
2022-12-12 06:16:04,616 [39] DEBUG LTCPro.ServiceLayer.Log4net - ---Executing GetVitalsCheckList() in EMARController----
2022-12-12 06:16:04,759 [19] DEBUG LTCPro.ServiceLayer.Log4net - ---Executed Successfully GetDrFirstFlagForCompanyByNSId() in CompanyController----
2022-12-12 06:16:04,791 [28] DEBUG LTCPro.ServiceLayer.Log4net - ---Executing GetUserToken() in UserService----
2022-12-12 06:16:05,018 [28] DEBUG LTCPro.ServiceLayer.Log4net - ---Executing GetVitalsCheckList() in EMARController----
2022-12-12 06:16:05,187 [38] DEBUG LTCPro.ServiceLayer.Log4net - ---Executed Successfully GetVitalsCheckList() in EMARController----
2022-12-12 06:16:05,238 [25] DEBUG LTCPro.ServiceLayer.Log4net - ---Executed Successfully GetVitalsCheckList() in EMARController----
2022-12-12 06:16:05,251 [30] DEBUG LTCPro.ServiceLayer.Log4net - ---Executing GetUserToken() in UserService----
2022-12-12 06:16:05,282 [7] DEBUG LTCPro.ServiceLayer.Log4net - ---Executed Successfully GetVitalsCheckList() in EMARController----
2022-12-12 06:16:05,286 [14] DEBUG LTCPro.ServiceLayer.Log4net - ---Executed Successfully GetVitalsCheckList() in EMARController----
2022-12-12 06:16:05,527 [30] DEBUG LTCPro.ServiceLayer.Log4net - ---Executing GetVitalsCheckList() in EMARController----
2022-12-12 06:16:05,644 [25] DEBUG LTCPro.ServiceLayer.Log4net - ---Executing GetUserToken() in UserService----
2022-12-12 06:16:05,856 [28] DEBUG LTCPro.ServiceLayer.Log4net - ---Executed Successfully GetVitalsCheckList() in EMARController----
2022-12-12 06:16:05,939 [25] DEBUG LTCPro.ServiceLayer.Log4net - ---Executing GetVitalsCheckList() in EMARController----
2022-12-12 06:16:05,989 [7] DEBUG LTCPro.ServiceLayer.Log4net - ---Executing GetUserToken() in UserService----
2022-12-12 06:16:06,120 [14] DEBUG LTCPro.ServiceLayer.Log4net - ---Executing GetUserToken() in UserService----
2022-12-12 06:16:06,234 [29] DEBUG LTCPro.ServiceLayer.Log4net - ---Executing GetUserToken() in UserService----
2022-12-12 06:16:06,304 [7] DEBUG LTCPro.ServiceLayer.Log4net - ---Executing GetVitalsCheckList() in EMARController----
2022-12-12 06:16:06,399 [14] DEBUG LTCPro.ServiceLayer.Log4net - ---Executing GetVitalsCheckList() in EMARController----
2022-12-12 06:16:06,421 [30] DEBUG LTCPro.ServiceLayer.Log4net - ---Executed Successfully GetVitalsCheckList() in EMARController----
2022-12-12 06:16:06,476 [39] DEBUG LTCPro.ServiceLayer.Log4net - ---Executed Successfully GetVitalsCheckList() in EMARController----
2022-12-12 06:16:06,531 [29] DEBUG LTCPro.ServiceLayer.Log4net - ---Executing GetVitalsCheckList() in EMARController----
2022-12-12 06:16:06,557 [26] DEBUG LTCPro.ServiceLayer.Log4net - ---Executing GetUserToken() in UserService----
2022-12-12 06:16:06,751 [25] DEBUG LTCPro.ServiceLayer.Log4net - ---Executed Successfully GetVitalsCheckList() in EMARController----
2022-12-12 06:16:06,773 [25] DEBUG LTCPro.ServiceLayer.Log4net - ---Executing GetUserToken() in UserService----
2022-12-12 06:16:06,786 [26] DEBUG LTCPro.ServiceLayer.Log4net - ---Executing GetVitalsCheckList() in EMARController----
2022-12-12 06:16:06,994 [7] DEBUG LTCPro.ServiceLayer.Log4net - ---Executed Successfully GetVitalsCheckList() in EMARController----
2022-12-12 06:16:07,000 [25] DEBUG LTCPro.ServiceLayer.Log4net - ---Executing GetVitalsCheckList() in EMARController----
2022-12-12 06:16:07,018 [7] DEBUG LTCPro.ServiceLayer.Log4net - ---Executing GetUserToken() in UserService----
2022-12-12 06:16:07,102 [14] DEBUG LTCPro.ServiceLayer.Log4net - ---Executed Successfully GetVitalsCheckList() in EMARController----
2022-12-12 06:16:07,124 [14] DEBUG LTCPro.ServiceLayer.Log4net - ---Executing GetUserToken() in UserService----
2022-12-12 06:16:07,214 [29] DEBUG LTCPro.ServiceLayer.Log4net - ---Executed Successfully GetVitalsCheckList() in EMARController----
2022-12-12 06:16:07,272 [29] DEBUG LTCPro.ServiceLayer.Log4net - ---Executing GetUserToken() in UserService----
2022-12-12 06:16:07,575 [7] DEBUG LTCPro.ServiceLayer.Log4net - ---Executing GetVitalsCheckList() in EMARController----
2022-12-12 06:16:07,575 [14] DEBUG LTCPro.ServiceLayer.Log4net - ---Executing GetVitalsCheckList() in EMARController----
2022-12-12 06:16:07,717 [26] DEBUG LTCPro.ServiceLayer.Log4net - ---Executed Successfully GetVitalsCheckList() in EMARController----
2022-12-12 06:16:07,721 [29] DEBUG LTCPro.ServiceLayer.Log4net - ---Executing GetVitalsCheckList() in EMARController----
2022-12-12 06:16:07,740 [26] DEBUG LTCPro.ServiceLayer.Log4net - ---Executing GetUserToken() in UserService----
2022-12-12 06:16:07,944 [25] DEBUG LTCPro.ServiceLayer.Log4net - ---Executed Successfully GetVitalsCheckList() in EMARController----
2022-12-12 06:16:07,967 [26] DEBUG LTCPro.ServiceLayer.Log4net - ---Executing GetVitalsCheckList() in EMARController----
2022-12-12 06:16:07,969 [25] DEBUG LTCPro.ServiceLayer.Log4net - ---Executing GetUserToken() in UserService----
2022-12-12 06:16:08,196 [25] DEBUG LTCPro.ServiceLayer.Log4net - ---Executing GetVitalsCheckList() in EMARController----
2022-12-12 06:16:08,258 [7] DEBUG LTCPro.ServiceLayer.Log4net - ---Executed Successfully GetVitalsCheckList() in EMARController----
2022-12-12 06:16:08,263 [14] DEBUG LTCPro.ServiceLayer.Log4net - ---Executed Successfully GetVitalsCheckList() in EMARController----
2022-12-12 06:16:08,394 [14] DEBUG LTCPro.ServiceLayer.Log4net - ---Executing GetUserToken() in UserService----
2022-12-12 06:16:08,397 [29] DEBUG LTCPro.ServiceLayer.Log4net - ---Executed Successfully GetVitalsCheckList() in EMARController----
2022-12-12 06:16:08,476 [7] DEBUG LTCPro.ServiceLayer.Log4net - ---Executing GetUserToken() in UserService----
2022-12-12 06:16:08,478 [29] DEBUG LTCPro.ServiceLayer.Log4net - ---Executing GetUserToken() in UserService----
2022-12-12 06:16:08,622 [14] DEBUG LTCPro.ServiceLayer.Log4net - ---Executing GetVitalsCheckList() in EMARController----
2022-12-12 06:16:08,673 [26] DEBUG LTCPro.ServiceLayer.Log4net - ---Executed Successfully GetVitalsCheckList() in EMARController----
2022-12-12 06:16:08,696 [26] DEBUG LTCPro.ServiceLayer.Log4net - ---Executing GetUserToken() in UserService----
2022-12-12 06:16:08,702 [7] DEBUG LTCPro.ServiceLayer.Log4net - ---Executing GetVitalsCheckList() in EMARController----
2022-12-12 06:16:08,704 [29] DEBUG LTCPro.ServiceLayer.Log4net - ---Executing GetVitalsCheckList() in EMARController----
2022-12-12 06:16:08,888 [25] DEBUG LTCPro.ServiceLayer.Log4net - ---Executed Successfully GetVitalsCheckList() in EMARController----
2022-12-12 06:16:08,914 [28] DEBUG LTCPro.ServiceLayer.Log4net - ---Executing GetUserToken() in UserService----
2022-12-12 06:16:08,914 [19] DEBUG LTCPro.ServiceLayer.Log4net - ---Executing GetUserToken() in UserService----
2022-12-12 06:16:09,312 [26] DEBUG LTCPro.ServiceLayer.Log4net - ---Executing GetVitalsCheckList() in EMARController----
2022-12-12 06:16:09,320 [28] DEBUG LTCPro.ServiceLayer.Log4net - ---Executing GetVitalsCheckList() in EMARController----
2022-12-12 06:16:09,325 [19] DEBUG LTCPro.ServiceLayer.Log4net - ---Executing GetVitalsCheckList() in EMARController----
2022-12-12 06:16:09,549 [14] DEBUG LTCPro.ServiceLayer.Log4net - ---Executed Successfully GetVitalsCheckList() in EMARController----
2022-12-12 06:16:09,573 [39] DEBUG LTCPro.ServiceLayer.Log4net - ---Executing GetUserToken() in UserService----
2022-12-12 06:16:09,762 [29] DEBUG LTCPro.ServiceLayer.Log4net - ---Executed Successfully GetVitalsCheckList() in EMARController----
2022-12-12 06:16:09,765 [7] DEBUG LTCPro.ServiceLayer.Log4net - ---Executed Successfully GetVitalsCheckList() in EMARController----
2022-12-12 06:16:09,789 [16] DEBUG LTCPro.ServiceLayer.Log4net - ---Executing GetUserToken() in UserService----
2022-12-12 06:16:09,793 [38] DEBUG LTCPro.ServiceLayer.Log4net - ---Executing GetUserToken() in UserService----
2022-12-12 06:16:09,825 [39] DEBUG LTCPro.ServiceLayer.Log4net - ---Executing GetVitalsCheckList() in EMARController----
2022-12-12 06:16:09,992 [26] DEBUG LTCPro.ServiceLayer.Log4net - ---Executed Successfully GetVitalsCheckList() in EMARController----
2022-12-12 06:16:09,994 [28] DEBUG LTCPro.ServiceLayer.Log4net - ---Executed Successfully GetVitalsCheckList() in EMARController----
2022-12-12 06:16:10,017 [34] DEBUG LTCPro.ServiceLayer.Log4net - ---Executing GetUserToken() in UserService----
2022-12-12 06:16:10,017 [29] DEBUG LTCPro.ServiceLayer.Log4net - ---Executing GetUserToken() in UserService----
2022-12-12 06:16:10,018 [19] DEBUG LTCPro.ServiceLayer.Log4net - ---Executed Successfully GetVitalsCheckList() in EMARController----
2022-12-12 06:16:10,021 [16] DEBUG LTCPro.ServiceLayer.Log4net - ---Executing GetVitalsCheckList() in EMARController----
2022-12-12 06:16:10,055 [38] DEBUG LTCPro.ServiceLayer.Log4net - ---Executing GetVitalsCheckList() in EMARController----
2022-12-12 06:16:10,056 [19] DEBUG LTCPro.ServiceLayer.Log4net - ---Executing GetUserToken() in UserService----
2022-12-12 06:16:10,243 [29] DEBUG LTCPro.ServiceLayer.Log4net - ---Executing GetVitalsCheckList() in EMARController----
2022-12-12 06:16:10,249 [34] DEBUG LTCPro.ServiceLayer.Log4net - ---Executing GetVitalsCheckList() in EMARController----
2022-12-12 06:16:10,280 [19] DEBUG LTCPro.ServiceLayer.Log4net - ---Executing GetVitalsCheckList() in EMARController----
2022-12-12 06:16:10,500 [39] DEBUG LTCPro.ServiceLayer.Log4net - ---Executed Successfully GetVitalsCheckList() in EMARController----
2022-12-12 06:16:10,523 [30] DEBUG LTCPro.ServiceLayer.Log4net - ---Executing GetUserToken() in UserService----
2022-12-12 06:16:10,702 [16] DEBUG LTCPro.ServiceLayer.Log4net - ---Executed Successfully GetVitalsCheckList() in EMARController----
2022-12-12 06:16:10,726 [39] DEBUG LTCPro.ServiceLayer.Log4net - ---Executing GetUserToken() in UserService----
2022-12-12 06:16:10,728 [38] DEBUG LTCPro.ServiceLayer.Log4net - ---Executed Successfully GetVitalsCheckList() in EMARController----
2022-12-12 06:16:10,756 [30] DEBUG LTCPro.ServiceLayer.Log4net - ---Executing GetVitalsCheckList() in EMARController----
2022-12-12 06:16:10,778 [7] DEBUG LTCPro.ServiceLayer.Log4net - ---Executing GetUserToken() in UserService----
2022-12-12 06:16:10,920 [29] DEBUG LTCPro.ServiceLayer.Log4net - ---Executed Successfully GetVitalsCheckList() in EMARController----
2022-12-12 06:16:10,923 [34] DEBUG LTCPro.ServiceLayer.Log4net - ---Executed Successfully GetVitalsCheckList() in EMARController----
2022-12-12 06:16:10,946 [28] DEBUG LTCPro.ServiceLayer.Log4net - ---Executing GetUserToken() in UserService----
2022-12-12 06:16:10,946 [12] DEBUG LTCPro.ServiceLayer.Log4net - ---Executing GetUserToken() in UserService----
2022-12-12 06:16:10,956 [39] DEBUG LTCPro.ServiceLayer.Log4net - ---Executing GetVitalsCheckList() in EMARController----
2022-12-12 06:16:10,979 [19] DEBUG LTCPro.ServiceLayer.Log4net - ---Executed Successfully GetVitalsCheckList() in EMARController----
2022-12-12 06:16:11,004 [7] DEBUG LTCPro.ServiceLayer.Log4net - ---Executing GetVitalsCheckList() in EMARController----
2022-12-12 06:16:11,005 [29] DEBUG LTCPro.ServiceLayer.Log4net - ---Executing GetUserToken() in UserService----
2022-12-12 06:16:11,180 [28] DEBUG LTCPro.ServiceLayer.Log4net - ---Executing GetVitalsCheckList() in EMARController----
2022-12-12 06:16:11,180 [12] DEBUG LTCPro.ServiceLayer.Log4net - ---Executing GetVitalsCheckList() in EMARController----
2022-12-12 06:16:11,230 [29] DEBUG LTCPro.ServiceLayer.Log4net - ---Executing GetVitalsCheckList() in EMARController----
2022-12-12 06:16:11,433 [30] DEBUG LTCPro.ServiceLayer.Log4net - ---Executed Successfully GetVitalsCheckList() in EMARController----
2022-12-12 06:16:11,485 [14] DEBUG LTCPro.ServiceLayer.Log4net - ---Executing GetUserToken() in UserService----
2022-12-12 06:16:11,633 [39] DEBUG LTCPro.ServiceLayer.Log4net - ---Executed Successfully GetVitalsCheckList() in EMARController----
2022-12-12 06:16:11,659 [26] DEBUG LTCPro.ServiceLayer.Log4net - ---Executing GetUserToken() in UserService----
2022-12-12 06:16:11,686 [7] DEBUG LTCPro.ServiceLayer.Log4net - ---Executed Successfully GetVitalsCheckList() in EMARController----
2022-12-12 06:16:11,708 [34] DEBUG LTCPro.ServiceLayer.Log4net - ---Executing GetUserToken() in UserService----
2022-12-12 06:16:12,088 [28] DEBUG LTCPro.ServiceLayer.Log4net - ---Executed Successfully GetVitalsCheckList() in EMARController----
2022-12-12 06:16:12,088 [12] DEBUG LTCPro.ServiceLayer.Log4net - ---Executed Successfully GetVitalsCheckList() in EMARController----
2022-12-12 06:16:12,090 [29] DEBUG LTCPro.ServiceLayer.Log4net - ---Executed Successfully GetVitalsCheckList() in EMARController----
2022-12-12 06:16:12,097 [14] DEBUG LTCPro.ServiceLayer.Log4net - ---Executing GetVitalsCheckList() in EMARController----
2022-12-12 06:16:12,138 [34] DEBUG LTCPro.ServiceLayer.Log4net - ---Executing GetVitalsCheckList() in EMARController----
2022-12-12 06:16:12,138 [26] DEBUG LTCPro.ServiceLayer.Log4net - ---Executing GetVitalsCheckList() in EMARController----
2022-12-12 06:16:12,163 [12] DEBUG LTCPro.ServiceLayer.Log4net - ---Executing GetUserToken() in UserService----
2022-12-12 06:16:12,170 [29] DEBUG LTCPro.ServiceLayer.Log4net - ---Executing GetUserToken() in UserService----
2022-12-12 06:16:12,195 [28] DEBUG LTCPro.ServiceLayer.Log4net - ---Executing GetUserToken() in UserService----
2022-12-12 06:16:12,722 [12] DEBUG LTCPro.ServiceLayer.Log4net - ---Executing GetVitalsCheckList() in EMARController----
2022-12-12 06:16:12,723 [29] DEBUG LTCPro.ServiceLayer.Log4net - ---Executing GetVitalsCheckList() in EMARController----
2022-12-12 06:16:12,725 [28] DEBUG LTCPro.ServiceLayer.Log4net - ---Executing GetVitalsCheckList() in EMARController----
2022-12-12 06:16:12,784 [14] DEBUG LTCPro.ServiceLayer.Log4net - ---Executed Successfully GetVitalsCheckList() in EMARController----
2022-12-12 06:16:12,808 [25] DEBUG LTCPro.ServiceLayer.Log4net - ---Executing GetUserToken() in UserService----
2022-12-12 06:16:12,816 [34] DEBUG LTCPro.ServiceLayer.Log4net - ---Executed Successfully GetVitalsCheckList() in EMARController----
2022-12-12 06:16:12,829 [26] DEBUG LTCPro.ServiceLayer.Log4net - ---Executed Successfully GetVitalsCheckList() in EMARController----
2022-12-12 06:16:12,841 [14] DEBUG LTCPro.ServiceLayer.Log4net - ---Executing GetUserToken() in UserService----
2022-12-12 06:16:12,853 [30] DEBUG LTCPro.ServiceLayer.Log4net - ---Executing GetUserToken() in UserService----
2022-12-12 06:16:13,035 [25] DEBUG LTCPro.ServiceLayer.Log4net - ---Executing GetVitalsCheckList() in EMARController----
2022-12-12 06:16:13,069 [14] DEBUG LTCPro.ServiceLayer.Log4net - ---Executing GetVitalsCheckList() in EMARController----
2022-12-12 06:16:13,078 [30] DEBUG LTCPro.ServiceLayer.Log4net - ---Executing GetVitalsCheckList() in EMARController----
2022-12-12 06:16:13,397 [12] DEBUG LTCPro.ServiceLayer.Log4net - ---Executed Successfully GetVitalsCheckList() in EMARController----
2022-12-12 06:16:13,399 [28] DEBUG LTCPro.ServiceLayer.Log4net - ---Executed Successfully GetVitalsCheckList() in EMARController----
2022-12-12 06:16:13,406 [29] DEBUG LTCPro.ServiceLayer.Log4net - ---Executed Successfully GetVitalsCheckList() in EMARController----
2022-12-12 06:16:13,425 [38] DEBUG LTCPro.ServiceLayer.Log4net - ---Executing GetUserToken() in UserService----
2022-12-12 06:16:13,427 [28] DEBUG LTCPro.ServiceLayer.Log4net - ---Executing GetUserToken() in UserService----
2022-12-12 06:16:13,429 [39] DEBUG LTCPro.ServiceLayer.Log4net - ---Executing GetUserToken() in UserService----
2022-12-12 06:16:13,656 [28] DEBUG LTCPro.ServiceLayer.Log4net - ---Executing GetVitalsCheckList() in EMARController----
2022-12-12 06:16:13,661 [38] DEBUG LTCPro.ServiceLayer.Log4net - ---Executing GetVitalsCheckList() in EMARController----
2022-12-12 06:16:13,661 [39] DEBUG LTCPro.ServiceLayer.Log4net - ---Executing GetVitalsCheckList() in EMARController----
2022-12-12 06:16:13,712 [25] DEBUG LTCPro.ServiceLayer.Log4net - ---Executed Successfully GetVitalsCheckList() in EMARController----
2022-12-12 06:16:13,779 [30] DEBUG LTCPro.ServiceLayer.Log4net - ---Executed Successfully GetVitalsCheckList() in EMARController----
2022-12-12 06:16:13,779 [14] DEBUG LTCPro.ServiceLayer.Log4net - ---Executed Successfully GetVitalsCheckList() in EMARController----
2022-12-12 06:16:13,836 [7] DEBUG LTCPro.ServiceLayer.Log4net - ---Executing GetUserToken() in UserService----
2022-12-12 06:16:13,899 [12] DEBUG LTCPro.ServiceLayer.Log4net - ---Executing GetUserToken() in UserService----
2022-12-12 06:16:13,942 [8] DEBUG LTCPro.ServiceLayer.Log4net - ---Executing GetUserToken() in UserService----
2022-12-12 06:16:14,063 [7] DEBUG LTCPro.ServiceLayer.Log4net - ---Executing GetVitalsCheckList() in EMARController----
2022-12-12 06:16:14,130 [12] DEBUG LTCPro.ServiceLayer.Log4net - ---Executing GetVitalsCheckList() in EMARController----
2022-12-12 06:16:14,173 [8] DEBUG LTCPro.ServiceLayer.Log4net - ---Executing GetVitalsCheckList() in EMARController----
2022-12-12 06:16:14,363 [39] DEBUG LTCPro.ServiceLayer.Log4net - ---Executed Successfully GetVitalsCheckList() in EMARController----
2022-12-12 06:16:14,363 [38] DEBUG LTCPro.ServiceLayer.Log4net - ---Executed Successfully GetVitalsCheckList() in EMARController----
2022-12-12 06:16:14,365 [28] DEBUG LTCPro.ServiceLayer.Log4net - ---Executed Successfully GetVitalsCheckList() in EMARController----
2022-12-12 06:16:14,390 [19] DEBUG LTCPro.ServiceLayer.Log4net - ---Executing GetUserToken() in UserService----
2022-12-12 06:16:14,393 [29] DEBUG LTCPro.ServiceLayer.Log4net - ---Executing GetUserToken() in UserService----
2022-12-12 06:16:14,394 [25] DEBUG LTCPro.ServiceLayer.Log4net - ---Executing GetUserToken() in UserService----
2022-12-12 06:16:14,639 [25] DEBUG LTCPro.ServiceLayer.Log4net - ---Executing GetVitalsCheckList() in EMARController----
2022-12-12 06:16:14,639 [29] DEBUG LTCPro.ServiceLayer.Log4net - ---Executing GetVitalsCheckList() in EMARController----
2022-12-12 06:16:14,640 [19] DEBUG LTCPro.ServiceLayer.Log4net - ---Executing GetVitalsCheckList() in EMARController----
2022-12-12 06:16:14,736 [7] DEBUG LTCPro.ServiceLayer.Log4net - ---Executed Successfully GetVitalsCheckList() in EMARController----
2022-12-12 06:16:14,760 [39] DEBUG LTCPro.ServiceLayer.Log4net - ---Executing GetUserToken() in UserService----
2022-12-12 06:16:14,805 [12] DEBUG LTCPro.ServiceLayer.Log4net - ---Executed Successfully GetVitalsCheckList() in EMARController----
2022-12-12 06:16:14,831 [16] DEBUG LTCPro.ServiceLayer.Log4net - ---Executing GetUserToken() in UserService----
2022-12-12 06:16:14,866 [8] DEBUG LTCPro.ServiceLayer.Log4net - ---Executed Successfully GetVitalsCheckList() in EMARController----
2022-12-12 06:16:14,889 [8] DEBUG LTCPro.ServiceLayer.Log4net - ---Executing GetUserToken() in UserService----
2022-12-12 06:16:14,987 [39] DEBUG LTCPro.ServiceLayer.Log4net - ---Executing GetVitalsCheckList() in EMARController----
2022-12-12 06:16:15,057 [16] DEBUG LTCPro.ServiceLayer.Log4net - ---Executing GetVitalsCheckList() in EMARController----
2022-12-12 06:16:15,119 [8] DEBUG LTCPro.ServiceLayer.Log4net - ---Executing GetVitalsCheckList() in EMARController----
2022-12-12 06:16:15,313 [19] DEBUG LTCPro.ServiceLayer.Log4net - ---Executed Successfully GetVitalsCheckList() in EMARController----
2022-12-12 06:16:15,315 [25] DEBUG LTCPro.ServiceLayer.Log4net - ---Executed Successfully GetVitalsCheckList() in EMARController----
2022-12-12 06:16:15,323 [29] DEBUG LTCPro.ServiceLayer.Log4net - ---Executed Successfully GetVitalsCheckList() in EMARController----
2022-12-12 06:16:15,341 [19] DEBUG LTCPro.ServiceLayer.Log4net - ---Executing GetUserToken() in UserService----
2022-12-12 06:16:15,341 [25] DEBUG LTCPro.ServiceLayer.Log4net - ---Executing GetUserToken() in UserService----
2022-12-12 06:16:15,426 [29] DEBUG LTCPro.ServiceLayer.Log4net - ---Executing GetUserToken() in UserService----
2022-12-12 06:16:15,569 [25] DEBUG LTCPro.ServiceLayer.Log4net - ---Executing GetVitalsCheckList() in EMARController----
2022-12-12 06:16:15,569 [19] DEBUG LTCPro.ServiceLayer.Log4net - ---Executing GetVitalsCheckList() in EMARController----
2022-12-12 06:16:15,653 [29] DEBUG LTCPro.ServiceLayer.Log4net - ---Executing GetVitalsCheckList() in EMARController----
2022-12-12 06:16:15,662 [39] DEBUG LTCPro.ServiceLayer.Log4net - ---Executed Successfully GetVitalsCheckList() in EMARController----
2022-12-12 06:16:15,700 [39] DEBUG LTCPro.ServiceLayer.Log4net - ---Executing GetUserToken() in UserService----
2022-12-12 06:16:15,732 [16] DEBUG LTCPro.ServiceLayer.Log4net - ---Executed Successfully GetVitalsCheckList() in EMARController----
2022-12-12 06:16:15,754 [16] DEBUG LTCPro.ServiceLayer.Log4net - ---Executing GetUserToken() in UserService----
2022-12-12 06:16:15,872 [8] DEBUG LTCPro.ServiceLayer.Log4net - ---Executed Successfully GetVitalsCheckList() in EMARController----
2022-12-12 06:16:15,928 [39] DEBUG LTCPro.ServiceLayer.Log4net - ---Executing GetVitalsCheckList() in EMARController----
2022-12-12 06:16:15,982 [16] DEBUG LTCPro.ServiceLayer.Log4net - ---Executing GetVitalsCheckList() in EMARController----
2022-12-12 06:16:16,243 [25] DEBUG LTCPro.ServiceLayer.Log4net - ---Executed Successfully GetVitalsCheckList() in EMARController----
2022-12-12 06:16:16,244 [19] DEBUG LTCPro.ServiceLayer.Log4net - ---Executed Successfully GetVitalsCheckList() in EMARController----
2022-12-12 06:16:16,334 [29] DEBUG LTCPro.ServiceLayer.Log4net - ---Executed Successfully GetVitalsCheckList() in EMARController----
2022-12-12 06:16:16,610 [39] DEBUG LTCPro.ServiceLayer.Log4net - ---Executed Successfully GetVitalsCheckList() in EMARController----
2022-12-12 06:16:16,654 [16] DEBUG LTCPro.ServiceLayer.Log4net - ---Executed Successfully GetVitalsCheckList() in EMARController----
2022-12-12 06:35:30,811 [40] DEBUG LTCPro.ServiceLayer.Log4net - ---Executing GetUserToken() in UserService----
2022-12-12 06:35:30,821 [53] DEBUG LTCPro.ServiceLayer.Log4net - ---Executing GetUserToken() in UserService----
2022-12-12 06:35:30,823 [55] DEBUG LTCPro.ServiceLayer.Log4net - ---Executing GetUserToken() in UserService----
2022-12-12 06:35:30,870 [37] DEBUG LTCPro.ServiceLayer.Log4net - ---Executing GetUserToken() in UserService----
2022-12-12 06:35:30,887 [57] DEBUG LTCPro.ServiceLayer.Log4net - ---Executing GetUserToken() in UserService----
2022-12-12 06:35:30,919 [35] DEBUG LTCPro.ServiceLayer.Log4net - ---Executing GetUserToken() in UserService----
2022-12-12 06:35:43,255 [40] DEBUG LTCPro.ServiceLayer.Log4net - ---Executing GetAlertsDetails() in MailboxController----
2022-12-12 06:35:43,255 [40] DEBUG LTCPro.ServiceLayer.Log4net - ---Executing GetAlertsDetails() in MailboxService----
2022-12-12 06:35:43,486 [37] DEBUG LTCPro.ServiceLayer.Log4net - ---Executing GetDueMARAlertData() in EmarController----
2022-12-12 06:35:43,486 [37] DEBUG LTCPro.ServiceLayer.Log4net - ---Executing GetDueMARAlertData() in EmarService----
2022-12-12 06:35:43,718 [53] DEBUG LTCPro.ServiceLayer.Log4net - ---Executing GetUserPassedDueFlag() in UserController----
2022-12-12 06:35:43,718 [53] DEBUG LTCPro.ServiceLayer.Log4net - ---Executing GetUserPassedDueFlag() in UserService----
2022-12-12 06:35:44,050 [37] DEBUG LTCPro.ServiceLayer.Log4net - ---Executed Successfully GetDueMARAlertData() in EmarController----
2022-12-12 06:35:44,070 [44] DEBUG LTCPro.ServiceLayer.Log4net - ---Executing GetUserToken() in UserService----
2022-12-12 06:35:44,280 [53] DEBUG LTCPro.ServiceLayer.Log4net - ---Executed Successfully GetUserPassedDueFlag() in UserController----
2022-12-12 06:35:44,292 [9] DEBUG LTCPro.ServiceLayer.Log4net - ---Executing GetUserToken() in UserService----
2022-12-12 06:35:44,423 [57] DEBUG LTCPro.ServiceLayer.Log4net - ---Executing GetReadMailsCount() in MailboxController----
2022-12-12 06:35:44,423 [57] DEBUG LTCPro.ServiceLayer.Log4net - ---Executing GetReadMailsCount() in MailboxService----
2022-12-12 06:35:44,509 [55] DEBUG LTCPro.ServiceLayer.Log4net - ---Executing GetPendingDosesList() in CommonController----
2022-12-12 06:35:44,509 [55] DEBUG LTCPro.ServiceLayer.Log4net - ---Executing GetPendingDosesList() in CommonService----
2022-12-12 06:35:44,653 [9] DEBUG LTCPro.ServiceLayer.Log4net - ---Executing InsertUserActivityDetails() in CompanyController----
2022-12-12 06:35:44,653 [9] DEBUG LTCPro.ServiceLayer.Log4net - ---Executing InsertUserActivityDetails() in UserActivityService----
2022-12-12 06:35:44,738 [57] DEBUG LTCPro.ServiceLayer.Log4net - ---Executed successfully GetReadMailsCount() in MailboxController----
2022-12-12 06:35:44,755 [57] DEBUG LTCPro.ServiceLayer.Log4net - ---Executing GetUserToken() in UserService----
2022-12-12 06:35:44,982 [55] DEBUG LTCPro.ServiceLayer.Log4net - ---Executed Successfully GetPendingDosesList() in CommonController----
2022-12-12 06:35:45,213 [57] DEBUG LTCPro.ServiceLayer.Log4net - ---Executing GetUserRecentFacNs() in UserController----
2022-12-12 06:35:45,213 [57] DEBUG LTCPro.ServiceLayer.Log4net - ---Executing GetUserRecentFacNs() in UserService----
2022-12-12 06:35:45,427 [9] DEBUG LTCPro.ServiceLayer.Log4net - ---Executed Successfully InsertUserActivityDetails() in CompanyController----
2022-12-12 06:35:45,444 [44] DEBUG LTCPro.ServiceLayer.Log4net - ---Executing GetUserRecentFacNs() in UserController----
2022-12-12 06:35:45,444 [44] DEBUG LTCPro.ServiceLayer.Log4net - ---Executing GetUserRecentFacNs() in UserService----
2022-12-12 06:35:45,648 [40] DEBUG LTCPro.ServiceLayer.Log4net - ---Executed successfully GetAlertsDetails() in MailboxController----
2022-12-12 06:35:45,885 [57] DEBUG LTCPro.ServiceLayer.Log4net - ---Executed Successfully GetUserRecentFacNs() in UserController----
2022-12-12 06:35:45,900 [44] DEBUG LTCPro.ServiceLayer.Log4net - ---Executed Successfully GetUserRecentFacNs() in UserController----
2022-12-12 06:35:45,914 [41] DEBUG LTCPro.ServiceLayer.Log4net - ---Executing GetUserToken() in UserService----
2022-12-12 06:35:45,925 [44] DEBUG LTCPro.ServiceLayer.Log4net - ---Executing GetUserToken() in UserService----
2022-12-12 06:35:46,145 [41] DEBUG LTCPro.ServiceLayer.Log4net - ---Executing GetUserAccessFacilityNurseStaions() in FacilityController----
2022-12-12 06:35:46,145 [41] DEBUG LTCPro.ServiceLayer.Log4net - ---Executing GetUserAccessFacilityNurseStaions() in FacilityService----
2022-12-12 06:35:46,154 [44] DEBUG LTCPro.ServiceLayer.Log4net - ---Executing GetUserAccessFacilityNurseStaions() in FacilityController----
2022-12-12 06:35:46,154 [44] DEBUG LTCPro.ServiceLayer.Log4net - ---Executing GetUserAccessFacilityNurseStaions() in FacilityService----
2022-12-12 06:35:46,605 [41] DEBUG LTCPro.ServiceLayer.Log4net - ---Executed Successfully GetUserAccessFacilityNurseStaions() in FacilityController----
2022-12-12 06:35:46,615 [44] DEBUG LTCPro.ServiceLayer.Log4net - ---Executed Successfully GetUserAccessFacilityNurseStaions() in FacilityController----
2022-12-12 06:35:46,641 [32] DEBUG LTCPro.ServiceLayer.Log4net - ---Executing GetUserToken() in UserService----
2022-12-12 06:35:46,758 [35] DEBUG LTCPro.ServiceLayer.Log4net - ---Executing GetOutboundErrorDetails() in CommonController----
2022-12-12 06:35:46,758 [35] DEBUG LTCPro.ServiceLayer.Log4net - ---Executing GetOutboundErrorDetails() in CommonService----
2022-12-12 06:35:46,876 [32] DEBUG LTCPro.ServiceLayer.Log4net - ---Executing UserNurseStationDrop() in FacilityController----
2022-12-12 06:35:46,877 [32] DEBUG LTCPro.ServiceLayer.Log4net - ---Executing UserNurseStationDrop() in FacilityService----
2022-12-12 06:35:47,109 [32] DEBUG LTCPro.ServiceLayer.Log4net - ---Executed Successfully UserNurseStationDrop() in FacilityController----
2022-12-12 06:35:47,149 [32] DEBUG LTCPro.ServiceLayer.Log4net - ---Executing GetUsersByNSID() in UserController----
2022-12-12 06:35:47,149 [32] DEBUG LTCPro.ServiceLayer.Log4net - ---Executing GetUsersByNSID() in UserService----
2022-12-12 06:35:47,184 [44] DEBUG LTCPro.ServiceLayer.Log4net - ---Executing GetUserToken() in UserService----
2022-12-12 06:35:47,381 [35] DEBUG LTCPro.ServiceLayer.Log4net - ---Executed Successfully GetOutboundErrorDetails() in CommonController----
2022-12-12 06:35:47,417 [44] DEBUG LTCPro.ServiceLayer.Log4net - ---Executing GetResidentsListByNSId() in AssesmentController----
2022-12-12 06:35:47,417 [44] DEBUG LTCPro.ServiceLayer.Log4net - ---Executing GetResidentsListByNSId() in AssesmentService----
2022-12-12 06:35:48,161 [44] DEBUG LTCPro.ServiceLayer.Log4net - ---Executed Successfully GetResidentsListByNSId() in AssesmentController----
2022-12-12 06:35:48,162 [32] DEBUG LTCPro.ServiceLayer.Log4net - ---Executed Successfully GetUsersByNSID() in UserController----
2022-12-12 06:35:48,193 [32] DEBUG LTCPro.ServiceLayer.Log4net - ---Executing GetUserToken() in UserService----
2022-12-12 06:35:48,425 [32] DEBUG LTCPro.ServiceLayer.Log4net - ---Executing GetTimeZoneDate() in CommonController----
2022-12-12 06:35:48,425 [32] DEBUG LTCPro.ServiceLayer.Log4net - ---Executing GetTimeZoneDate() in CommonService----
2022-12-12 06:35:48,653 [32] DEBUG LTCPro.ServiceLayer.Log4net - ---Executed Successfully GetTimeZoneDate() in CommonController----
2022-12-12 06:35:51,582 [44] DEBUG LTCPro.ServiceLayer.Log4net - ---Executing GetUserToken() in UserService----
2022-12-12 06:35:51,812 [44] DEBUG LTCPro.ServiceLayer.Log4net - ---Executing GetNursingScheduleData() in EmarController----
2022-12-12 06:35:51,812 [44] DEBUG LTCPro.ServiceLayer.Log4net - ---Executing GetNursingScheduleData() in EmarService----
2022-12-12 06:36:07,364 [44] DEBUG LTCPro.ServiceLayer.Log4net - ---Executed Successfully GetNursingScheduleData() in EmarController----
2022-12-12 06:36:10,684 [44] DEBUG LTCPro.ServiceLayer.Log4net - ---Executing GetUserToken() in UserService----
2022-12-12 06:36:10,914 [44] DEBUG LTCPro.ServiceLayer.Log4net - ---Executing GetOrdersListData() in CommonController----
2022-12-12 06:36:10,914 [44] DEBUG LTCPro.ServiceLayer.Log4net - ---Executing GetOrdersListData() in CommonService----
2022-12-12 06:36:27,989 [44] DEBUG LTCPro.ServiceLayer.Log4net - ---Executed Successfully GetOrdersListData() in CommonController----
2022-12-12 06:36:28,060 [44] DEBUG LTCPro.ServiceLayer.Log4net - ---Executing GetUserToken() in UserService----
2022-12-12 06:36:28,490 [44] DEBUG LTCPro.ServiceLayer.Log4net - ---Executing GetDrFirstFlagForCompanyByNSId() in CompanyController----
2022-12-12 06:36:28,490 [44] DEBUG LTCPro.ServiceLayer.Log4net - ---Executing GetDrFirstFlagForCompanyByNSId() in CompanyService----
2022-12-12 06:36:28,607 [59] DEBUG LTCPro.ServiceLayer.Log4net - ---Executing GetUserToken() in UserService----
2022-12-12 06:36:28,833 [44] DEBUG LTCPro.ServiceLayer.Log4net - ---Executed Successfully GetDrFirstFlagForCompanyByNSId() in CompanyController----
2022-12-12 06:36:28,857 [59] DEBUG LTCPro.ServiceLayer.Log4net - ---Executing GetVitalsCheckList() in EMARController----
2022-12-12 06:36:28,865 [5] DEBUG LTCPro.ServiceLayer.Log4net - ---Executing GetUserToken() in UserService----
2022-12-12 06:36:28,976 [41] DEBUG LTCPro.ServiceLayer.Log4net - ---Executing GetUserToken() in UserService----
2022-12-12 06:36:28,996 [54] DEBUG LTCPro.ServiceLayer.Log4net - ---Executing GetUserToken() in UserService----
2022-12-12 06:36:29,014 [35] DEBUG LTCPro.ServiceLayer.Log4net - ---Executing GetUserToken() in UserService----
2022-12-12 06:36:29,031 [32] DEBUG LTCPro.ServiceLayer.Log4net - ---Executing GetUserToken() in UserService----
2022-12-12 06:36:29,095 [5] DEBUG LTCPro.ServiceLayer.Log4net - ---Executing GetVitalsCheckList() in EMARController----
2022-12-12 06:36:29,208 [41] DEBUG LTCPro.ServiceLayer.Log4net - ---Executing GetVitalsCheckList() in EMARController----
2022-12-12 06:36:29,227 [54] DEBUG LTCPro.ServiceLayer.Log4net - ---Executing GetVitalsCheckList() in EMARController----
2022-12-12 06:36:29,323 [32] DEBUG LTCPro.ServiceLayer.Log4net - ---Executing GetVitalsCheckList() in EMARController----
2022-12-12 06:36:30,175 [35] DEBUG LTCPro.ServiceLayer.Log4net - ---Executing GetVitalsCheckList() in EMARController----
2022-12-12 06:36:30,631 [41] DEBUG LTCPro.ServiceLayer.Log4net - ---Executed Successfully GetVitalsCheckList() in EMARController----
2022-12-12 06:36:30,684 [44] DEBUG LTCPro.ServiceLayer.Log4net - ---Executing GetUserToken() in UserService----
2022-12-12 06:36:31,568 [5] DEBUG LTCPro.ServiceLayer.Log4net - ---Executed Successfully GetVitalsCheckList() in EMARController----
2022-12-12 06:36:31,574 [44] DEBUG LTCPro.ServiceLayer.Log4net - ---Executing GetVitalsCheckList() in EMARController----
2022-12-12 06:36:31,618 [5] DEBUG LTCPro.ServiceLayer.Log4net - ---Executing GetUserToken() in UserService----
2022-12-12 06:36:32,029 [35] DEBUG LTCPro.ServiceLayer.Log4net - ---Executed Successfully GetVitalsCheckList() in EMARController----
2022-12-12 06:36:32,034 [54] DEBUG LTCPro.ServiceLayer.Log4net - ---Executed Successfully GetVitalsCheckList() in EMARController----
2022-12-12 06:36:32,048 [5] DEBUG LTCPro.ServiceLayer.Log4net - ---Executing GetVitalsCheckList() in EMARController----
2022-12-12 06:36:32,095 [35] DEBUG LTCPro.ServiceLayer.Log4net - ---Executing GetUserToken() in UserService----
2022-12-12 06:36:32,103 [60] DEBUG LTCPro.ServiceLayer.Log4net - ---Executing GetUserToken() in UserService----
2022-12-12 06:36:32,492 [59] DEBUG LTCPro.ServiceLayer.Log4net - ---Executed Successfully GetVitalsCheckList() in EMARController----
2022-12-12 06:36:32,493 [35] DEBUG LTCPro.ServiceLayer.Log4net - ---Executing GetVitalsCheckList() in EMARController----
2022-12-12 06:36:32,504 [44] DEBUG LTCPro.ServiceLayer.Log4net - ---Executed Successfully GetVitalsCheckList() in EMARController----
2022-12-12 06:36:32,513 [60] DEBUG LTCPro.ServiceLayer.Log4net - ---Executing GetVitalsCheckList() in EMARController----
2022-12-12 06:36:32,525 [61] DEBUG LTCPro.ServiceLayer.Log4net - ---Executing GetUserToken() in UserService----
2022-12-12 06:36:32,541 [59] DEBUG LTCPro.ServiceLayer.Log4net - ---Executing GetUserToken() in UserService----
2022-12-12 06:36:32,757 [32] DEBUG LTCPro.ServiceLayer.Log4net - ---Executed Successfully GetVitalsCheckList() in EMARController----
2022-12-12 06:36:32,759 [61] DEBUG LTCPro.ServiceLayer.Log4net - ---Executing GetVitalsCheckList() in EMARController----
2022-12-12 06:36:32,773 [59] DEBUG LTCPro.ServiceLayer.Log4net - ---Executing GetVitalsCheckList() in EMARController----
2022-12-12 06:36:32,792 [44] DEBUG LTCPro.ServiceLayer.Log4net - ---Executing GetUserToken() in UserService----
2022-12-12 06:36:33,180 [35] DEBUG LTCPro.ServiceLayer.Log4net - ---Executed Successfully GetVitalsCheckList() in EMARController----
2022-12-12 06:36:33,183 [44] DEBUG LTCPro.ServiceLayer.Log4net - ---Executing GetVitalsCheckList() in EMARController----
2022-12-12 06:36:33,208 [35] DEBUG LTCPro.ServiceLayer.Log4net - ---Executing GetUserToken() in UserService----
2022-12-12 06:36:33,218 [60] DEBUG LTCPro.ServiceLayer.Log4net - ---Executed Successfully GetVitalsCheckList() in EMARController----
2022-12-12 06:36:33,282 [31] DEBUG LTCPro.ServiceLayer.Log4net - ---Executing GetUserToken() in UserService----
2022-12-12 06:36:33,447 [61] DEBUG LTCPro.ServiceLayer.Log4net - ---Executed Successfully GetVitalsCheckList() in EMARController----
2022-12-12 06:36:33,447 [35] DEBUG LTCPro.ServiceLayer.Log4net - ---Executing GetVitalsCheckList() in EMARController----
2022-12-12 06:36:33,479 [56] DEBUG LTCPro.ServiceLayer.Log4net - ---Executing GetUserToken() in UserService----
2022-12-12 06:36:33,516 [31] DEBUG LTCPro.ServiceLayer.Log4net - ---Executing GetVitalsCheckList() in EMARController----
2022-12-12 06:36:33,635 [59] DEBUG LTCPro.ServiceLayer.Log4net - ---Executed Successfully GetVitalsCheckList() in EMARController----
2022-12-12 06:36:33,708 [56] DEBUG LTCPro.ServiceLayer.Log4net - ---Executing GetVitalsCheckList() in EMARController----
2022-12-12 06:36:33,868 [44] DEBUG LTCPro.ServiceLayer.Log4net - ---Executed Successfully GetVitalsCheckList() in EMARController----
2022-12-12 06:36:33,927 [5] DEBUG LTCPro.ServiceLayer.Log4net - ---Executed Successfully GetVitalsCheckList() in EMARController----
2022-12-12 06:36:33,970 [60] DEBUG LTCPro.ServiceLayer.Log4net - ---Executing GetUserToken() in UserService----
2022-12-12 06:36:34,135 [35] DEBUG LTCPro.ServiceLayer.Log4net - ---Executed Successfully GetVitalsCheckList() in EMARController----
2022-12-12 06:36:34,157 [35] DEBUG LTCPro.ServiceLayer.Log4net - ---Executing GetUserToken() in UserService----
2022-12-12 06:36:34,200 [60] DEBUG LTCPro.ServiceLayer.Log4net - ---Executing GetVitalsCheckList() in EMARController----
2022-12-12 06:36:34,201 [31] DEBUG LTCPro.ServiceLayer.Log4net - ---Executed Successfully GetVitalsCheckList() in EMARController----
2022-12-12 06:36:34,225 [31] DEBUG LTCPro.ServiceLayer.Log4net - ---Executing GetUserToken() in UserService----
2022-12-12 06:36:34,387 [35] DEBUG LTCPro.ServiceLayer.Log4net - ---Executing GetVitalsCheckList() in EMARController----
2022-12-12 06:36:34,395 [56] DEBUG LTCPro.ServiceLayer.Log4net - ---Executed Successfully GetVitalsCheckList() in EMARController----
2022-12-12 06:36:34,422 [56] DEBUG LTCPro.ServiceLayer.Log4net - ---Executing GetUserToken() in UserService----
2022-12-12 06:36:34,455 [31] DEBUG LTCPro.ServiceLayer.Log4net - ---Executing GetVitalsCheckList() in EMARController----
2022-12-12 06:36:34,651 [56] DEBUG LTCPro.ServiceLayer.Log4net - ---Executing GetVitalsCheckList() in EMARController----
2022-12-12 06:36:34,884 [60] DEBUG LTCPro.ServiceLayer.Log4net - ---Executed Successfully GetVitalsCheckList() in EMARController----
2022-12-12 06:36:34,920 [60] DEBUG LTCPro.ServiceLayer.Log4net - ---Executing GetUserToken() in UserService----
2022-12-12 06:36:35,073 [35] DEBUG LTCPro.ServiceLayer.Log4net - ---Executed Successfully GetVitalsCheckList() in EMARController----
2022-12-12 06:36:35,096 [35] DEBUG LTCPro.ServiceLayer.Log4net - ---Executing GetUserToken() in UserService----
2022-12-12 06:36:35,141 [31] DEBUG LTCPro.ServiceLayer.Log4net - ---Executed Successfully GetVitalsCheckList() in EMARController----
2022-12-12 06:36:35,151 [60] DEBUG LTCPro.ServiceLayer.Log4net - ---Executing GetVitalsCheckList() in EMARController----
2022-12-12 06:36:35,170 [31] DEBUG LTCPro.ServiceLayer.Log4net - ---Executing GetUserToken() in UserService----
2022-12-12 06:36:35,325 [35] DEBUG LTCPro.ServiceLayer.Log4net - ---Executing GetVitalsCheckList() in EMARController----
2022-12-12 06:36:35,340 [56] DEBUG LTCPro.ServiceLayer.Log4net - ---Executed Successfully GetVitalsCheckList() in EMARController----
2022-12-12 06:36:35,380 [44] DEBUG LTCPro.ServiceLayer.Log4net - ---Executing GetUserToken() in UserService----
2022-12-12 06:36:35,380 [5] DEBUG LTCPro.ServiceLayer.Log4net - ---Executing GetUserToken() in UserService----
2022-12-12 06:36:35,380 [41] DEBUG LTCPro.ServiceLayer.Log4net - ---Executing GetUserToken() in UserService----
2022-12-12 06:36:35,399 [31] DEBUG LTCPro.ServiceLayer.Log4net - ---Executing GetVitalsCheckList() in EMARController----
2022-12-12 06:36:35,617 [44] DEBUG LTCPro.ServiceLayer.Log4net - ---Executing GetVitalsCheckList() in EMARController----
2022-12-12 06:36:35,630 [5] DEBUG LTCPro.ServiceLayer.Log4net - ---Executing GetVitalsCheckList() in EMARController----
2022-12-12 06:36:35,630 [41] DEBUG LTCPro.ServiceLayer.Log4net - ---Executing GetVitalsCheckList() in EMARController----
2022-12-12 06:36:35,851 [60] DEBUG LTCPro.ServiceLayer.Log4net - ---Executed Successfully GetVitalsCheckList() in EMARController----
2022-12-12 06:36:35,877 [58] DEBUG LTCPro.ServiceLayer.Log4net - ---Executing GetUserToken() in UserService----
2022-12-12 06:36:36,009 [35] DEBUG LTCPro.ServiceLayer.Log4net - ---Executed Successfully GetVitalsCheckList() in EMARController----
2022-12-12 06:36:36,035 [56] DEBUG LTCPro.ServiceLayer.Log4net - ---Executing GetUserToken() in UserService----
2022-12-12 06:36:36,087 [31] DEBUG LTCPro.ServiceLayer.Log4net - ---Executed Successfully GetVitalsCheckList() in EMARController----
2022-12-12 06:36:36,107 [58] DEBUG LTCPro.ServiceLayer.Log4net - ---Executing GetVitalsCheckList() in EMARController----
2022-12-12 06:36:36,114 [60] DEBUG LTCPro.ServiceLayer.Log4net - ---Executing GetUserToken() in UserService----
2022-12-12 06:36:36,265 [56] DEBUG LTCPro.ServiceLayer.Log4net - ---Executing GetVitalsCheckList() in EMARController----
2022-12-12 06:36:36,307 [44] DEBUG LTCPro.ServiceLayer.Log4net - ---Executed Successfully GetVitalsCheckList() in EMARController----
2022-12-12 06:36:36,316 [5] DEBUG LTCPro.ServiceLayer.Log4net - ---Executed Successfully GetVitalsCheckList() in EMARController----
2022-12-12 06:36:36,334 [31] DEBUG LTCPro.ServiceLayer.Log4net - ---Executing GetUserToken() in UserService----
2022-12-12 06:36:36,338 [35] DEBUG LTCPro.ServiceLayer.Log4net - ---Executing GetUserToken() in UserService----
2022-12-12 06:36:36,344 [60] DEBUG LTCPro.ServiceLayer.Log4net - ---Executing GetVitalsCheckList() in EMARController----
2022-12-12 06:36:36,565 [31] DEBUG LTCPro.ServiceLayer.Log4net - ---Executing GetVitalsCheckList() in EMARController----
2022-12-12 06:36:36,567 [35] DEBUG LTCPro.ServiceLayer.Log4net - ---Executing GetVitalsCheckList() in EMARController----
2022-12-12 06:36:36,789 [58] DEBUG LTCPro.ServiceLayer.Log4net - ---Executed Successfully GetVitalsCheckList() in EMARController----
2022-12-12 06:36:36,818 [32] DEBUG LTCPro.ServiceLayer.Log4net - ---Executing GetUserToken() in UserService----
2022-12-12 06:36:36,952 [56] DEBUG LTCPro.ServiceLayer.Log4net - ---Executed Successfully GetVitalsCheckList() in EMARController----
2022-12-12 06:36:37,024 [5] DEBUG LTCPro.ServiceLayer.Log4net - ---Executing GetUserToken() in UserService----
2022-12-12 06:36:37,030 [60] DEBUG LTCPro.ServiceLayer.Log4net - ---Executed Successfully GetVitalsCheckList() in EMARController----
2022-12-12 06:36:37,047 [32] DEBUG LTCPro.ServiceLayer.Log4net - ---Executing GetVitalsCheckList() in EMARController----
2022-12-12 06:36:37,060 [58] DEBUG LTCPro.ServiceLayer.Log4net - ---Executing GetUserToken() in UserService----
2022-12-12 06:36:37,253 [5] DEBUG LTCPro.ServiceLayer.Log4net - ---Executing GetVitalsCheckList() in EMARController----
2022-12-12 06:36:37,259 [31] DEBUG LTCPro.ServiceLayer.Log4net - ---Executed Successfully GetVitalsCheckList() in EMARController----
2022-12-12 06:36:37,259 [35] DEBUG LTCPro.ServiceLayer.Log4net - ---Executed Successfully GetVitalsCheckList() in EMARController----
2022-12-12 06:36:37,291 [31] DEBUG LTCPro.ServiceLayer.Log4net - ---Executing GetUserToken() in UserService----
2022-12-12 06:36:37,294 [60] DEBUG LTCPro.ServiceLayer.Log4net - ---Executing GetUserToken() in UserService----
2022-12-12 06:36:37,295 [58] DEBUG LTCPro.ServiceLayer.Log4net - ---Executing GetVitalsCheckList() in EMARController----
2022-12-12 06:36:37,476 [41] DEBUG LTCPro.ServiceLayer.Log4net - ---Executed Successfully GetVitalsCheckList() in EMARController----
2022-12-12 06:36:37,499 [35] DEBUG LTCPro.ServiceLayer.Log4net - ---Executing GetUserToken() in UserService----
2022-12-12 06:36:37,520 [31] DEBUG LTCPro.ServiceLayer.Log4net - ---Executing GetVitalsCheckList() in EMARController----
2022-12-12 06:36:37,525 [60] DEBUG LTCPro.ServiceLayer.Log4net - ---Executing GetVitalsCheckList() in EMARController----
2022-12-12 06:36:37,729 [35] DEBUG LTCPro.ServiceLayer.Log4net - ---Executing GetVitalsCheckList() in EMARController----
2022-12-12 06:36:37,750 [32] DEBUG LTCPro.ServiceLayer.Log4net - ---Executed Successfully GetVitalsCheckList() in EMARController----
2022-12-12 06:36:37,774 [32] DEBUG LTCPro.ServiceLayer.Log4net - ---Executing GetUserToken() in UserService----
2022-12-12 06:36:37,938 [5] DEBUG LTCPro.ServiceLayer.Log4net - ---Executed Successfully GetVitalsCheckList() in EMARController----
2022-12-12 06:36:37,978 [58] DEBUG LTCPro.ServiceLayer.Log4net - ---Executed Successfully GetVitalsCheckList() in EMARController----
2022-12-12 06:36:37,988 [5] DEBUG LTCPro.ServiceLayer.Log4net - ---Executing GetUserToken() in UserService----
2022-12-12 06:36:38,004 [32] DEBUG LTCPro.ServiceLayer.Log4net - ---Executing GetVitalsCheckList() in EMARController----
2022-12-12 06:36:38,020 [58] DEBUG LTCPro.ServiceLayer.Log4net - ---Executing GetUserToken() in UserService----
2022-12-12 06:36:38,212 [31] DEBUG LTCPro.ServiceLayer.Log4net - ---Executed Successfully GetVitalsCheckList() in EMARController----
2022-12-12 06:36:38,216 [60] DEBUG LTCPro.ServiceLayer.Log4net - ---Executed Successfully GetVitalsCheckList() in EMARController----
2022-12-12 06:36:38,220 [5] DEBUG LTCPro.ServiceLayer.Log4net - ---Executing GetVitalsCheckList() in EMARController----
2022-12-12 06:36:38,245 [60] DEBUG LTCPro.ServiceLayer.Log4net - ---Executing GetUserToken() in UserService----
2022-12-12 06:36:38,247 [31] DEBUG LTCPro.ServiceLayer.Log4net - ---Executing GetUserToken() in UserService----
2022-12-12 06:36:38,249 [58] DEBUG LTCPro.ServiceLayer.Log4net - ---Executing GetVitalsCheckList() in EMARController----
2022-12-12 06:36:38,412 [35] DEBUG LTCPro.ServiceLayer.Log4net - ---Executed Successfully GetVitalsCheckList() in EMARController----
2022-12-12 06:36:38,437 [35] DEBUG LTCPro.ServiceLayer.Log4net - ---Executing GetUserToken() in UserService----
2022-12-12 06:36:38,477 [60] DEBUG LTCPro.ServiceLayer.Log4net - ---Executing GetVitalsCheckList() in EMARController----
2022-12-12 06:36:38,479 [31] DEBUG LTCPro.ServiceLayer.Log4net - ---Executing GetVitalsCheckList() in EMARController----
2022-12-12 06:36:38,669 [35] DEBUG LTCPro.ServiceLayer.Log4net - ---Executing GetVitalsCheckList() in EMARController----
2022-12-12 06:36:38,686 [32] DEBUG LTCPro.ServiceLayer.Log4net - ---Executed Successfully GetVitalsCheckList() in EMARController----
2022-12-12 06:36:38,712 [56] DEBUG LTCPro.ServiceLayer.Log4net - ---Executing GetUserToken() in UserService----
2022-12-12 06:36:38,928 [5] DEBUG LTCPro.ServiceLayer.Log4net - ---Executed Successfully GetVitalsCheckList() in EMARController----
2022-12-12 06:36:38,932 [58] DEBUG LTCPro.ServiceLayer.Log4net - ---Executed Successfully GetVitalsCheckList() in EMARController----
2022-12-12 06:36:38,941 [56] DEBUG LTCPro.ServiceLayer.Log4net - ---Executing GetVitalsCheckList() in EMARController----
2022-12-12 06:36:38,964 [5] DEBUG LTCPro.ServiceLayer.Log4net - ---Executing GetUserToken() in UserService----
2022-12-12 06:36:38,964 [32] DEBUG LTCPro.ServiceLayer.Log4net - ---Executing GetUserToken() in UserService----
2022-12-12 06:36:39,162 [60] DEBUG LTCPro.ServiceLayer.Log4net - ---Executed Successfully GetVitalsCheckList() in EMARController----
2022-12-12 06:36:39,163 [31] DEBUG LTCPro.ServiceLayer.Log4net - ---Executed Successfully GetVitalsCheckList() in EMARController----
2022-12-12 06:36:39,208 [5] DEBUG LTCPro.ServiceLayer.Log4net - ---Executing GetVitalsCheckList() in EMARController----
2022-12-12 06:36:39,211 [32] DEBUG LTCPro.ServiceLayer.Log4net - ---Executing GetVitalsCheckList() in EMARController----
2022-12-12 06:36:39,217 [41] DEBUG LTCPro.ServiceLayer.Log4net - ---Executing GetUserToken() in UserService----
2022-12-12 06:36:39,222 [60] DEBUG LTCPro.ServiceLayer.Log4net - ---Executing GetUserToken() in UserService----
2022-12-12 06:36:39,351 [35] DEBUG LTCPro.ServiceLayer.Log4net - ---Executed Successfully GetVitalsCheckList() in EMARController----
2022-12-12 06:36:39,447 [41] DEBUG LTCPro.ServiceLayer.Log4net - ---Executing GetVitalsCheckList() in EMARController----
2022-12-12 06:36:39,451 [60] DEBUG LTCPro.ServiceLayer.Log4net - ---Executing GetVitalsCheckList() in EMARController----
2022-12-12 06:36:39,626 [56] DEBUG LTCPro.ServiceLayer.Log4net - ---Executed Successfully GetVitalsCheckList() in EMARController----
2022-12-12 06:36:40,006 [5] DEBUG LTCPro.ServiceLayer.Log4net - ---Executed Successfully GetVitalsCheckList() in EMARController----
2022-12-12 06:36:40,009 [32] DEBUG LTCPro.ServiceLayer.Log4net - ---Executed Successfully GetVitalsCheckList() in EMARController----
2022-12-12 06:36:40,069 [32] DEBUG LTCPro.ServiceLayer.Log4net - ---Executing GetUserToken() in UserService----
2022-12-12 06:36:40,078 [58] DEBUG LTCPro.ServiceLayer.Log4net - ---Executing GetUserToken() in UserService----
2022-12-12 06:36:40,200 [60] DEBUG LTCPro.ServiceLayer.Log4net - ---Executed Successfully GetVitalsCheckList() in EMARController----
2022-12-12 06:36:40,201 [41] DEBUG LTCPro.ServiceLayer.Log4net - ---Executed Successfully GetVitalsCheckList() in EMARController----
2022-12-12 06:36:40,227 [60] DEBUG LTCPro.ServiceLayer.Log4net - ---Executing GetUserToken() in UserService----
2022-12-12 06:36:40,227 [41] DEBUG LTCPro.ServiceLayer.Log4net - ---Executing GetUserToken() in UserService----
2022-12-12 06:36:40,299 [32] DEBUG LTCPro.ServiceLayer.Log4net - ---Executing GetVitalsCheckList() in EMARController----
2022-12-12 06:36:40,307 [58] DEBUG LTCPro.ServiceLayer.Log4net - ---Executing GetVitalsCheckList() in EMARController----
2022-12-12 06:36:40,456 [41] DEBUG LTCPro.ServiceLayer.Log4net - ---Executing GetVitalsCheckList() in EMARController----
2022-12-12 06:36:40,457 [60] DEBUG LTCPro.ServiceLayer.Log4net - ---Executing GetVitalsCheckList() in EMARController----
2022-12-12 06:36:40,983 [32] DEBUG LTCPro.ServiceLayer.Log4net - ---Executed Successfully GetVitalsCheckList() in EMARController----
2022-12-12 06:36:40,990 [58] DEBUG LTCPro.ServiceLayer.Log4net - ---Executed Successfully GetVitalsCheckList() in EMARController----
2022-12-12 06:36:41,016 [32] DEBUG LTCPro.ServiceLayer.Log4net - ---Executing GetUserToken() in UserService----
2022-12-12 06:36:41,018 [58] DEBUG LTCPro.ServiceLayer.Log4net - ---Executing GetUserToken() in UserService----
2022-12-12 06:36:41,140 [41] DEBUG LTCPro.ServiceLayer.Log4net - ---Executed Successfully GetVitalsCheckList() in EMARController----
2022-12-12 06:36:41,140 [60] DEBUG LTCPro.ServiceLayer.Log4net - ---Executed Successfully GetVitalsCheckList() in EMARController----
2022-12-12 06:36:41,172 [41] DEBUG LTCPro.ServiceLayer.Log4net - ---Executing GetUserToken() in UserService----
2022-12-12 06:36:41,174 [60] DEBUG LTCPro.ServiceLayer.Log4net - ---Executing GetUserToken() in UserService----
2022-12-12 06:36:41,247 [58] DEBUG LTCPro.ServiceLayer.Log4net - ---Executing GetVitalsCheckList() in EMARController----
2022-12-12 06:36:41,247 [32] DEBUG LTCPro.ServiceLayer.Log4net - ---Executing GetVitalsCheckList() in EMARController----
2022-12-12 06:36:41,404 [41] DEBUG LTCPro.ServiceLayer.Log4net - ---Executing GetVitalsCheckList() in EMARController----
2022-12-12 06:36:41,449 [60] DEBUG LTCPro.ServiceLayer.Log4net - ---Executing GetVitalsCheckList() in EMARController----
2022-12-12 06:36:41,931 [58] DEBUG LTCPro.ServiceLayer.Log4net - ---Executed Successfully GetVitalsCheckList() in EMARController----
2022-12-12 06:36:41,931 [32] DEBUG LTCPro.ServiceLayer.Log4net - ---Executed Successfully GetVitalsCheckList() in EMARController----
2022-12-12 06:36:41,953 [44] DEBUG LTCPro.ServiceLayer.Log4net - ---Executing GetUserToken() in UserService----
2022-12-12 06:36:41,953 [5] DEBUG LTCPro.ServiceLayer.Log4net - ---Executing GetUserToken() in UserService----
2022-12-12 06:36:41,976 [56] DEBUG LTCPro.ServiceLayer.Log4net - ---Executing GetUserToken() in UserService----
2022-12-12 06:36:41,976 [58] DEBUG LTCPro.ServiceLayer.Log4net - ---Executing GetUserToken() in UserService----
2022-12-12 06:36:42,131 [60] DEBUG LTCPro.ServiceLayer.Log4net - ---Executed Successfully GetVitalsCheckList() in EMARController----
2022-12-12 06:36:42,132 [41] DEBUG LTCPro.ServiceLayer.Log4net - ---Executed Successfully GetVitalsCheckList() in EMARController----
2022-12-12 06:36:42,165 [60] DEBUG LTCPro.ServiceLayer.Log4net - ---Executing GetUserToken() in UserService----
2022-12-12 06:36:42,166 [41] DEBUG LTCPro.ServiceLayer.Log4net - ---Executing GetUserToken() in UserService----
2022-12-12 06:36:42,184 [5] DEBUG LTCPro.ServiceLayer.Log4net - ---Executing GetVitalsCheckList() in EMARController----
2022-12-12 06:36:42,184 [44] DEBUG LTCPro.ServiceLayer.Log4net - ---Executing GetVitalsCheckList() in EMARController----
2022-12-12 06:36:42,206 [58] DEBUG LTCPro.ServiceLayer.Log4net - ---Executing GetVitalsCheckList() in EMARController----
2022-12-12 06:36:42,207 [56] DEBUG LTCPro.ServiceLayer.Log4net - ---Executing GetVitalsCheckList() in EMARController----
2022-12-12 06:36:42,396 [41] DEBUG LTCPro.ServiceLayer.Log4net - ---Executing GetVitalsCheckList() in EMARController----
2022-12-12 06:36:42,396 [60] DEBUG LTCPro.ServiceLayer.Log4net - ---Executing GetVitalsCheckList() in EMARController----
2022-12-12 06:36:42,865 [5] DEBUG LTCPro.ServiceLayer.Log4net - ---Executed Successfully GetVitalsCheckList() in EMARController----
2022-12-12 06:36:42,868 [44] DEBUG LTCPro.ServiceLayer.Log4net - ---Executed Successfully GetVitalsCheckList() in EMARController----
2022-12-12 06:36:42,889 [58] DEBUG LTCPro.ServiceLayer.Log4net - ---Executed Successfully GetVitalsCheckList() in EMARController----
2022-12-12 06:36:43,093 [41] DEBUG LTCPro.ServiceLayer.Log4net - ---Executed Successfully GetVitalsCheckList() in EMARController----
2022-12-12 06:36:43,100 [60] DEBUG LTCPro.ServiceLayer.Log4net - ---Executed Successfully GetVitalsCheckList() in EMARController----
2022-12-12 06:36:43,821 [56] DEBUG LTCPro.ServiceLayer.Log4net - ---Executed Successfully GetVitalsCheckList() in EMARController----
2022-12-12 06:36:51,189 [32] DEBUG LTCPro.ServiceLayer.Log4net - ---Executing GetUserToken() in UserService----
2022-12-12 06:36:51,421 [32] DEBUG LTCPro.ServiceLayer.Log4net - ---Executing GetOrdersListData() in CommonController----
2022-12-12 06:36:51,421 [32] DEBUG LTCPro.ServiceLayer.Log4net - ---Executing GetOrdersListData() in CommonService----
2022-12-12 06:36:53,120 [32] DEBUG LTCPro.ServiceLayer.Log4net - ---Executed Successfully GetOrdersListData() in CommonController----
2022-12-12 06:36:53,172 [35] DEBUG LTCPro.ServiceLayer.Log4net - ---Executing GetUserToken() in UserService----
2022-12-12 06:36:53,177 [58] DEBUG LTCPro.ServiceLayer.Log4net - ---Executing GetUserToken() in UserService----
2022-12-12 06:36:53,179 [60] DEBUG LTCPro.ServiceLayer.Log4net - ---Executing GetUserToken() in UserService----
2022-12-12 06:36:53,196 [44] DEBUG LTCPro.ServiceLayer.Log4net - ---Executing GetUserToken() in UserService----
2022-12-12 06:36:53,198 [56] DEBUG LTCPro.ServiceLayer.Log4net - ---Executing GetUserToken() in UserService----
2022-12-12 06:36:53,410 [35] DEBUG LTCPro.ServiceLayer.Log4net - ---Executing GetVitalsCheckList() in EMARController----
2022-12-12 06:36:53,410 [60] DEBUG LTCPro.ServiceLayer.Log4net - ---Executing GetDrFirstFlagForCompanyByNSId() in CompanyController----
2022-12-12 06:36:53,410 [60] DEBUG LTCPro.ServiceLayer.Log4net - ---Executing GetDrFirstFlagForCompanyByNSId() in CompanyService----
2022-12-12 06:36:53,413 [58] DEBUG LTCPro.ServiceLayer.Log4net - ---Executing GetVitalsCheckList() in EMARController----
2022-12-12 06:36:53,427 [44] DEBUG LTCPro.ServiceLayer.Log4net - ---Executing GetVitalsCheckList() in EMARController----
2022-12-12 06:36:53,427 [56] DEBUG LTCPro.ServiceLayer.Log4net - ---Executing GetVitalsCheckList() in EMARController----
2022-12-12 06:36:53,649 [60] DEBUG LTCPro.ServiceLayer.Log4net - ---Executed Successfully GetDrFirstFlagForCompanyByNSId() in CompanyController----
2022-12-12 06:36:54,094 [35] DEBUG LTCPro.ServiceLayer.Log4net - ---Executed Successfully GetVitalsCheckList() in EMARController----
2022-12-12 06:36:54,099 [58] DEBUG LTCPro.ServiceLayer.Log4net - ---Executed Successfully GetVitalsCheckList() in EMARController----
2022-12-12 06:36:54,108 [56] DEBUG LTCPro.ServiceLayer.Log4net - ---Executed Successfully GetVitalsCheckList() in EMARController----
2022-12-12 06:36:54,108 [44] DEBUG LTCPro.ServiceLayer.Log4net - ---Executed Successfully GetVitalsCheckList() in EMARController----
2022-12-12 06:37:01,206 [32] DEBUG LTCPro.ServiceLayer.Log4net - ---Executing GetUserToken() in UserService----
2022-12-12 06:37:01,224 [56] DEBUG LTCPro.ServiceLayer.Log4net - ---Executing GetUserToken() in UserService----
2022-12-12 06:37:01,550 [56] DEBUG LTCPro.ServiceLayer.Log4net - ---Executing AdministerOdersVitalsInfo() in EMARController----
2022-12-12 06:37:01,550 [32] DEBUG LTCPro.ServiceLayer.Log4net - ---Executing AdministerOdersVitalsInfo() in EMARController----
2022-12-12 06:37:01,593 [56] DEBUG LTCPro.ServiceLayer.Log4net - ---Executing AdministerOdersVitalsInfo() in OrdersService----
2022-12-12 06:37:01,593 [32] DEBUG LTCPro.ServiceLayer.Log4net - ---Executing AdministerOdersVitalsInfo() in OrdersService----
2022-12-12 06:37:07,947 [32] DEBUG LTCPro.ServiceLayer.Log4net - ---Executed Successfully AdministerOdersVitalsInfo() in EMARController----
2022-12-12 06:37:07,947 [56] DEBUG LTCPro.ServiceLayer.Log4net - ---Executed Successfully AdministerOdersVitalsInfo() in EMARController----
2022-12-12 06:37:17,828 [32] DEBUG LTCPro.ServiceLayer.Log4net - ---Executing GetUserToken() in UserService----
2022-12-12 06:37:18,058 [32] DEBUG LTCPro.ServiceLayer.Log4net - ---Executing GetOrdersListData() in CommonController----
2022-12-12 06:37:18,058 [32] DEBUG LTCPro.ServiceLayer.Log4net - ---Executing GetOrdersListData() in CommonService----
2022-12-12 06:37:19,769 [32] DEBUG LTCPro.ServiceLayer.Log4net - ---Executed Successfully GetOrdersListData() in CommonController----
2022-12-12 06:37:19,893 [58] DEBUG LTCPro.ServiceLayer.Log4net - ---Executing GetUserToken() in UserService----
2022-12-12 06:37:19,900 [60] DEBUG LTCPro.ServiceLayer.Log4net - ---Executing GetUserToken() in UserService----
2022-12-12 06:37:19,905 [56] DEBUG LTCPro.ServiceLayer.Log4net - ---Executing GetUserToken() in UserService----
2022-12-12 06:37:19,915 [32] DEBUG LTCPro.ServiceLayer.Log4net - ---Executing GetUserToken() in UserService----
2022-12-12 06:37:19,938 [27] DEBUG LTCPro.ServiceLayer.Log4net - ---Executing GetUserToken() in UserService----
2022-12-12 06:37:20,133 [60] DEBUG LTCPro.ServiceLayer.Log4net - ---Executing GetVitalsCheckList() in EMARController----
2022-12-12 06:37:20,133 [58] DEBUG LTCPro.ServiceLayer.Log4net - ---Executing GetDrFirstFlagForCompanyByNSId() in CompanyController----
2022-12-12 06:37:20,134 [58] DEBUG LTCPro.ServiceLayer.Log4net - ---Executing GetDrFirstFlagForCompanyByNSId() in CompanyService----
2022-12-12 06:37:20,145 [56] DEBUG LTCPro.ServiceLayer.Log4net - ---Executing GetVitalsCheckList() in EMARController----
2022-12-12 06:37:20,145 [32] DEBUG LTCPro.ServiceLayer.Log4net - ---Executing GetVitalsCheckList() in EMARController----
2022-12-12 06:37:20,168 [27] DEBUG LTCPro.ServiceLayer.Log4net - ---Executing GetVitalsCheckList() in EMARController----
2022-12-12 06:37:20,365 [58] DEBUG LTCPro.ServiceLayer.Log4net - ---Executed Successfully GetDrFirstFlagForCompanyByNSId() in CompanyController----
2022-12-12 06:37:20,816 [60] DEBUG LTCPro.ServiceLayer.Log4net - ---Executed Successfully GetVitalsCheckList() in EMARController----
2022-12-12 06:37:20,828 [32] DEBUG LTCPro.ServiceLayer.Log4net - ---Executed Successfully GetVitalsCheckList() in EMARController----
2022-12-12 06:37:20,828 [56] DEBUG LTCPro.ServiceLayer.Log4net - ---Executed Successfully GetVitalsCheckList() in EMARController----
2022-12-12 06:37:20,854 [27] DEBUG LTCPro.ServiceLayer.Log4net - ---Executed Successfully GetVitalsCheckList() in EMARController----
2022-12-12 06:42:03,260 [55] DEBUG LTCPro.ServiceLayer.Log4net - ---Executing GetUserToken() in UserService----
2022-12-12 06:42:04,854 [32] DEBUG LTCPro.ServiceLayer.Log4net - ---Executing GetUserToken() in UserService----
2022-12-12 06:42:04,862 [27] DEBUG LTCPro.ServiceLayer.Log4net - ---Executing GetUserToken() in UserService----
2022-12-12 06:42:04,862 [58] DEBUG LTCPro.ServiceLayer.Log4net - ---Executing GetUserToken() in UserService----
2022-12-12 06:42:05,251 [40] DEBUG LTCPro.ServiceLayer.Log4net - ---Executing GetUserToken() in UserService----
2022-12-12 06:42:05,255 [16] DEBUG LTCPro.ServiceLayer.Log4net - ---Executing GetUserToken() in UserService----
2022-12-12 06:42:15,480 [55] DEBUG LTCPro.ServiceLayer.Log4net - ---Executing GetAlertsDetails() in MailboxController----
2022-12-12 06:42:15,480 [55] DEBUG LTCPro.ServiceLayer.Log4net - ---Executing GetAlertsDetails() in MailboxService----
2022-12-12 06:42:15,708 [58] DEBUG LTCPro.ServiceLayer.Log4net - ---Executing GetDueMARAlertData() in EmarController----
2022-12-12 06:42:15,708 [58] DEBUG LTCPro.ServiceLayer.Log4net - ---Executing GetDueMARAlertData() in EmarService----
2022-12-12 06:42:15,974 [55] DEBUG LTCPro.ServiceLayer.Log4net - ---Executed successfully GetAlertsDetails() in MailboxController----
2022-12-12 06:42:15,990 [29] DEBUG LTCPro.ServiceLayer.Log4net - ---Executing GetUserToken() in UserService----
2022-12-12 06:42:16,324 [58] DEBUG LTCPro.ServiceLayer.Log4net - ---Executed Successfully GetDueMARAlertData() in EmarController----
2022-12-12 06:42:16,337 [58] DEBUG LTCPro.ServiceLayer.Log4net - ---Executing GetUserToken() in UserService----
2022-12-12 06:42:16,553 [40] DEBUG LTCPro.ServiceLayer.Log4net - ---Executing GetOutboundErrorDetails() in CommonController----
2022-12-12 06:42:16,553 [40] DEBUG LTCPro.ServiceLayer.Log4net - ---Executing GetOutboundErrorDetails() in CommonService----
2022-12-12 06:42:17,008 [32] DEBUG LTCPro.ServiceLayer.Log4net - ---Executing GetReadMailsCount() in MailboxController----
2022-12-12 06:42:17,008 [32] DEBUG LTCPro.ServiceLayer.Log4net - ---Executing GetReadMailsCount() in MailboxService----
2022-12-12 06:42:17,008 [58] DEBUG LTCPro.ServiceLayer.Log4net - ---Executing InsertUserActivityDetails() in CompanyController----
2022-12-12 06:42:17,008 [58] DEBUG LTCPro.ServiceLayer.Log4net - ---Executing InsertUserActivityDetails() in UserActivityService----
2022-12-12 06:42:17,249 [16] DEBUG LTCPro.ServiceLayer.Log4net - ---Executing GetPendingDosesList() in CommonController----
2022-12-12 06:42:17,251 [16] DEBUG LTCPro.ServiceLayer.Log4net - ---Executing GetPendingDosesList() in CommonService----
2022-12-12 06:42:17,478 [32] DEBUG LTCPro.ServiceLayer.Log4net - ---Executed successfully GetReadMailsCount() in MailboxController----
2022-12-12 06:42:17,502 [55] DEBUG LTCPro.ServiceLayer.Log4net - ---Executing GetUserToken() in UserService----
2022-12-12 06:42:18,034 [27] DEBUG LTCPro.ServiceLayer.Log4net - ---Executing GetUserPassedDueFlag() in UserController----
2022-12-12 06:42:18,034 [27] DEBUG LTCPro.ServiceLayer.Log4net - ---Executing GetUserPassedDueFlag() in UserService----
2022-12-12 06:42:18,034 [40] DEBUG LTCPro.ServiceLayer.Log4net - ---Executed Successfully GetOutboundErrorDetails() in CommonController----
2022-12-12 06:42:18,464 [58] DEBUG LTCPro.ServiceLayer.Log4net - ---Executed Successfully InsertUserActivityDetails() in CompanyController----
2022-12-12 06:42:18,466 [29] DEBUG LTCPro.ServiceLayer.Log4net - ---Executing GetUserRecentFacNs() in UserController----
2022-12-12 06:42:18,466 [29] DEBUG LTCPro.ServiceLayer.Log4net - ---Executing GetUserRecentFacNs() in UserService----
2022-12-12 06:42:18,493 [55] DEBUG LTCPro.ServiceLayer.Log4net - ---Executing GetUserRecentFacNs() in UserController----
2022-12-12 06:42:18,493 [55] DEBUG LTCPro.ServiceLayer.Log4net - ---Executing GetUserRecentFacNs() in UserService----
2022-12-12 06:42:18,695 [27] DEBUG LTCPro.ServiceLayer.Log4net - ---Executed Successfully GetUserPassedDueFlag() in UserController----
2022-12-12 06:42:19,003 [55] DEBUG LTCPro.ServiceLayer.Log4net - ---Executed Successfully GetUserRecentFacNs() in UserController----
2022-12-12 06:42:19,009 [29] DEBUG LTCPro.ServiceLayer.Log4net - ---Executed Successfully GetUserRecentFacNs() in UserController----
2022-12-12 06:42:19,045 [26] DEBUG LTCPro.ServiceLayer.Log4net - ---Executing GetUserToken() in UserService----
2022-12-12 06:42:19,085 [32] DEBUG LTCPro.ServiceLayer.Log4net - ---Executing GetUserToken() in UserService----
2022-12-12 06:42:19,275 [26] DEBUG LTCPro.ServiceLayer.Log4net - ---Executing GetUserAccessFacilityNurseStaions() in FacilityController----
2022-12-12 06:42:19,275 [26] DEBUG LTCPro.ServiceLayer.Log4net - ---Executing GetUserAccessFacilityNurseStaions() in FacilityService----
2022-12-12 06:42:19,314 [32] DEBUG LTCPro.ServiceLayer.Log4net - ---Executing GetUserAccessFacilityNurseStaions() in FacilityController----
2022-12-12 06:42:19,314 [32] DEBUG LTCPro.ServiceLayer.Log4net - ---Executing GetUserAccessFacilityNurseStaions() in FacilityService----
2022-12-12 06:42:19,537 [16] DEBUG LTCPro.ServiceLayer.Log4net - ---Executed Successfully GetPendingDosesList() in CommonController----
2022-12-12 06:42:19,734 [26] DEBUG LTCPro.ServiceLayer.Log4net - ---Executed Successfully GetUserAccessFacilityNurseStaions() in FacilityController----
2022-12-12 06:42:19,756 [40] DEBUG LTCPro.ServiceLayer.Log4net - ---Executing GetUserToken() in UserService----
2022-12-12 06:42:19,772 [32] DEBUG LTCPro.ServiceLayer.Log4net - ---Executed Successfully GetUserAccessFacilityNurseStaions() in FacilityController----
2022-12-12 06:42:19,985 [40] DEBUG LTCPro.ServiceLayer.Log4net - ---Executing UserNurseStationDrop() in FacilityController----
2022-12-12 06:42:19,986 [40] DEBUG LTCPro.ServiceLayer.Log4net - ---Executing UserNurseStationDrop() in FacilityService----
2022-12-12 06:42:20,218 [40] DEBUG LTCPro.ServiceLayer.Log4net - ---Executed Successfully UserNurseStationDrop() in FacilityController----
2022-12-12 06:42:20,268 [29] DEBUG LTCPro.ServiceLayer.Log4net - ---Executing GetUsersByNSID() in UserController----
2022-12-12 06:42:20,268 [29] DEBUG LTCPro.ServiceLayer.Log4net - ---Executing GetUsersByNSID() in UserService----
2022-12-12 06:42:20,289 [32] DEBUG LTCPro.ServiceLayer.Log4net - ---Executing GetUserToken() in UserService----
2022-12-12 06:42:20,518 [32] DEBUG LTCPro.ServiceLayer.Log4net - ---Executing GetResidentsListByNSId() in AssesmentController----
2022-12-12 06:42:20,519 [32] DEBUG LTCPro.ServiceLayer.Log4net - ---Executing GetResidentsListByNSId() in AssesmentService----
2022-12-12 06:42:21,257 [29] DEBUG LTCPro.ServiceLayer.Log4net - ---Executed Successfully GetUsersByNSID() in UserController----
2022-12-12 06:42:21,260 [32] DEBUG LTCPro.ServiceLayer.Log4net - ---Executed Successfully GetResidentsListByNSId() in AssesmentController----
2022-12-12 06:42:21,378 [32] DEBUG LTCPro.ServiceLayer.Log4net - ---Executing GetUserToken() in UserService----
2022-12-12 06:42:21,608 [32] DEBUG LTCPro.ServiceLayer.Log4net - ---Executing GetTimeZoneDate() in CommonController----
2022-12-12 06:42:21,608 [32] DEBUG LTCPro.ServiceLayer.Log4net - ---Executing GetTimeZoneDate() in CommonService----
2022-12-12 06:42:21,836 [32] DEBUG LTCPro.ServiceLayer.Log4net - ---Executed Successfully GetTimeZoneDate() in CommonController----
2022-12-12 06:53:30,314 [19] DEBUG LTCPro.ServiceLayer.Log4net - ---Executing GetUserToken() in UserService----
2022-12-12 06:53:30,329 [25] DEBUG LTCPro.ServiceLayer.Log4net - ---Executing GetUserToken() in UserService----
2022-12-12 06:53:30,349 [6] DEBUG LTCPro.ServiceLayer.Log4net - ---Executing GetUserToken() in UserService----
2022-12-12 06:53:30,350 [42] DEBUG LTCPro.ServiceLayer.Log4net - ---Executing GetUserToken() in UserService----
2022-12-12 06:53:30,372 [28] DEBUG LTCPro.ServiceLayer.Log4net - ---Executing GetUserToken() in UserService----
2022-12-12 06:53:30,373 [30] DEBUG LTCPro.ServiceLayer.Log4net - ---Executing GetUserToken() in UserService----
2022-12-12 06:53:52,137 [42] DEBUG LTCPro.ServiceLayer.Log4net - ---Executing GetDueMARAlertData() in EmarController----
2022-12-12 06:53:52,137 [42] DEBUG LTCPro.ServiceLayer.Log4net - ---Executing GetDueMARAlertData() in EmarService----
2022-12-12 06:53:52,696 [30] DEBUG LTCPro.ServiceLayer.Log4net - ---Executing GetOutboundErrorDetails() in CommonController----
2022-12-12 06:53:52,696 [30] DEBUG LTCPro.ServiceLayer.Log4net - ---Executing GetOutboundErrorDetails() in CommonService----
2022-12-12 06:53:53,145 [25] DEBUG LTCPro.ServiceLayer.Log4net - ---Executing GetPendingDosesList() in CommonController----
2022-12-12 06:53:53,145 [25] DEBUG LTCPro.ServiceLayer.Log4net - ---Executing GetPendingDosesList() in CommonService----
2022-12-12 06:53:53,884 [42] DEBUG LTCPro.ServiceLayer.Log4net - ---Executed Successfully GetDueMARAlertData() in EmarController----
2022-12-12 06:53:53,961 [30] DEBUG LTCPro.ServiceLayer.Log4net - ---Executed Successfully GetOutboundErrorDetails() in CommonController----
2022-12-12 06:53:53,962 [25] DEBUG LTCPro.ServiceLayer.Log4net - ---Executed Successfully GetPendingDosesList() in CommonController----
2022-12-12 06:53:54,860 [49] DEBUG LTCPro.ServiceLayer.Log4net - ---Executing GetUserToken() in UserService----
2022-12-12 06:53:55,545 [25] DEBUG LTCPro.ServiceLayer.Log4net - ---Executing GetUserToken() in UserService----
2022-12-12 06:53:55,547 [30] DEBUG LTCPro.ServiceLayer.Log4net - ---Executing GetUserToken() in UserService----
2022-12-12 06:53:55,801 [49] DEBUG LTCPro.ServiceLayer.Log4net - ---Executing GetUserRecentFacNs() in UserController----
2022-12-12 06:53:55,801 [49] DEBUG LTCPro.ServiceLayer.Log4net - ---Executing GetUserRecentFacNs() in UserService----
2022-12-12 06:53:55,876 [30] DEBUG LTCPro.ServiceLayer.Log4net - ---Executing GetUserRecentFacNs() in UserController----
2022-12-12 06:53:55,877 [30] DEBUG LTCPro.ServiceLayer.Log4net - ---Executing GetUserRecentFacNs() in UserService----
2022-12-12 06:53:56,060 [25] DEBUG LTCPro.ServiceLayer.Log4net - ---Executing InsertUserActivityDetails() in CompanyController----
2022-12-12 06:53:56,060 [25] DEBUG LTCPro.ServiceLayer.Log4net - ---Executing InsertUserActivityDetails() in UserActivityService----
2022-12-12 06:53:56,754 [49] DEBUG LTCPro.ServiceLayer.Log4net - ---Executed Successfully GetUserRecentFacNs() in UserController----
2022-12-12 06:53:56,754 [30] DEBUG LTCPro.ServiceLayer.Log4net - ---Executed Successfully GetUserRecentFacNs() in UserController----
2022-12-12 06:53:57,597 [25] DEBUG LTCPro.ServiceLayer.Log4net - ---Executed Successfully InsertUserActivityDetails() in CompanyController----
2022-12-12 07:33:50,107 [65] DEBUG LTCPro.ServiceLayer.Log4net - ---Executing UsersConfigNurseStationDrop() in FacilityController----
2022-12-12 07:33:50,108 [65] DEBUG LTCPro.ServiceLayer.Log4net - ---Executing UsersConfigNurseStationDrop() in FacilityService----
2022-12-12 07:34:02,619 [65] DEBUG LTCPro.ServiceLayer.Log4net - ---Executed Successfully UsersConfigNurseStationDrop() in FacilityController----
2022-12-12 07:34:02,970 [72] DEBUG LTCPro.ServiceLayer.Log4net - ---Executing GetProcessKeyMasterList() in FacilityController----
2022-12-12 07:34:02,970 [72] DEBUG LTCPro.ServiceLayer.Log4net - ---Executing GetProcessKeyMasterList() in FacilityService----
2022-12-12 07:34:03,226 [72] DEBUG LTCPro.ServiceLayer.Log4net - ---Executed Successfully GetProcessKeyMasterList() in FacilityController----
2022-12-12 07:52:53,902 [23] DEBUG LTCPro.ServiceLayer.Log4net - ---Executing CheckUser() in UserService----
2022-12-12 07:53:08,468 [23] DEBUG LTCPro.ServiceLayer.Log4net - ---Executing FindUser() in UserService----
2022-12-12 07:53:08,967 [23] DEBUG LTCPro.ServiceLayer.Log4net - ---Executing InsertUserSession() in UserService----
2022-12-12 07:53:09,678 [23] DEBUG LTCPro.ServiceLayer.Log4net - ---Executing InsertUserToken() in UserService----
2022-12-12 07:53:11,027 [50] DEBUG LTCPro.ServiceLayer.Log4net - ---Executing InsertUpdateUserRecentFacNs() in UserController----
2022-12-12 07:53:11,027 [50] DEBUG LTCPro.ServiceLayer.Log4net - ---Executing GetUserRecentFacNs() in UserService----
2022-12-12 07:53:11,143 [17] DEBUG LTCPro.ServiceLayer.Log4net - ---Executing GetScreenPermissionsForLoggedInUser() in RoleController----
2022-12-12 07:53:11,154 [17] DEBUG LTCPro.ServiceLayer.Log4net - ---Executing GetScreenPermissionsForLoggedInUser() in RoleService----
2022-12-12 07:53:11,481 [50] DEBUG LTCPro.ServiceLayer.Log4net - ---Executing InsertUpdateUserRecentFacNs() in CommonService----
2022-12-12 07:53:13,113 [17] DEBUG LTCPro.ServiceLayer.Log4net - ---Executed Successfully GetScreenPermissionsForLoggedInUser() in RoleController----
2022-12-12 07:53:13,344 [50] DEBUG LTCPro.ServiceLayer.Log4net - ---Executed Successfully InsertUpdateUserRecentFacNs() in UserController----
2022-12-12 07:53:14,345 [47] DEBUG LTCPro.ServiceLayer.Log4net - ---Executing GetUserToken() in UserService----
2022-12-12 07:53:14,346 [20] DEBUG LTCPro.ServiceLayer.Log4net - ---Executing GetUserToken() in UserService----
2022-12-12 07:53:14,356 [23] DEBUG LTCPro.ServiceLayer.Log4net - ---Executing GetUserToken() in UserService----
2022-12-12 07:53:14,368 [17] DEBUG LTCPro.ServiceLayer.Log4net - ---Executing GetUserToken() in UserService----
2022-12-12 07:53:14,395 [50] DEBUG LTCPro.ServiceLayer.Log4net - ---Executing GetUserToken() in UserService----
2022-12-12 07:53:14,577 [20] DEBUG LTCPro.ServiceLayer.Log4net - ---Executing GetReadMailsCount() in MailboxController----
2022-12-12 07:53:14,577 [20] DEBUG LTCPro.ServiceLayer.Log4net - ---Executing GetReadMailsCount() in MailboxService----
2022-12-12 07:53:14,605 [47] DEBUG LTCPro.ServiceLayer.Log4net - ---Executing GetAlertsDetails() in MailboxController----
2022-12-12 07:53:14,605 [47] DEBUG LTCPro.ServiceLayer.Log4net - ---Executing GetAlertsDetails() in MailboxService----
2022-12-12 07:53:14,800 [17] DEBUG LTCPro.ServiceLayer.Log4net - ---Executing GetOutboundErrorDetails() in CommonController----
2022-12-12 07:53:14,800 [17] DEBUG LTCPro.ServiceLayer.Log4net - ---Executing GetOutboundErrorDetails() in CommonService----
2022-12-12 07:53:14,828 [50] DEBUG LTCPro.ServiceLayer.Log4net - ---Executing GetUserPassedDueFlag() in UserController----
2022-12-12 07:53:14,828 [50] DEBUG LTCPro.ServiceLayer.Log4net - ---Executing GetUserPassedDueFlag() in UserService----
2022-12-12 07:53:15,251 [47] DEBUG LTCPro.ServiceLayer.Log4net - ---Executed successfully GetAlertsDetails() in MailboxController----
2022-12-12 07:53:15,353 [47] DEBUG LTCPro.ServiceLayer.Log4net - ---Executing GetUserToken() in UserService----
2022-12-12 07:53:15,502 [50] DEBUG LTCPro.ServiceLayer.Log4net - ---Executed Successfully GetUserPassedDueFlag() in UserController----
2022-12-12 07:53:15,537 [17] DEBUG LTCPro.ServiceLayer.Log4net - ---Executed Successfully GetOutboundErrorDetails() in CommonController----
2022-12-12 07:53:15,537 [50] DEBUG LTCPro.ServiceLayer.Log4net - ---Executing GetUserToken() in UserService----
2022-12-12 07:53:15,721 [17] DEBUG LTCPro.ServiceLayer.Log4net - ---Executing GetUserToken() in UserService----
2022-12-12 07:53:15,775 [23] DEBUG LTCPro.ServiceLayer.Log4net - ---Executing GetPendingDosesList() in CommonController----
2022-12-12 07:53:15,775 [23] DEBUG LTCPro.ServiceLayer.Log4net - ---Executing GetPendingDosesList() in CommonService----
2022-12-12 07:53:15,834 [47] DEBUG LTCPro.ServiceLayer.Log4net - ---Executing GetUserActiveCompanyMasterList() in CompanyController----
2022-12-12 07:53:15,834 [47] DEBUG LTCPro.ServiceLayer.Log4net - ---Executing GetActiveCompanyMasterList() in CompanyService----
2022-12-12 07:53:15,931 [50] DEBUG LTCPro.ServiceLayer.Log4net - ---Executing InsertUserActivityDetails() in CompanyController----
2022-12-12 07:53:15,931 [50] DEBUG LTCPro.ServiceLayer.Log4net - ---Executing InsertUserActivityDetails() in UserActivityService----
2022-12-12 07:53:16,063 [17] DEBUG LTCPro.ServiceLayer.Log4net - ---Executing GetUserRecentFacNs() in UserController----
2022-12-12 07:53:16,063 [17] DEBUG LTCPro.ServiceLayer.Log4net - ---Executing GetUserRecentFacNs() in UserService----
2022-12-12 07:53:16,232 [23] DEBUG LTCPro.ServiceLayer.Log4net - ---Executed Successfully GetPendingDosesList() in CommonController----
2022-12-12 07:53:16,377 [23] DEBUG LTCPro.ServiceLayer.Log4net - ---Executing GetUserToken() in UserService----
2022-12-12 07:53:16,687 [23] DEBUG LTCPro.ServiceLayer.Log4net - ---Executing GetDueMARAlertData() in EmarController----
2022-12-12 07:53:16,688 [23] DEBUG LTCPro.ServiceLayer.Log4net - ---Executing GetDueMARAlertData() in EmarService----
2022-12-12 07:53:16,738 [50] DEBUG LTCPro.ServiceLayer.Log4net - ---Executed Successfully InsertUserActivityDetails() in CompanyController----
2022-12-12 07:53:16,750 [17] DEBUG LTCPro.ServiceLayer.Log4net - ---Executed Successfully GetUserRecentFacNs() in UserController----
2022-12-12 07:53:16,830 [17] DEBUG LTCPro.ServiceLayer.Log4net - ---Executing GetUserToken() in UserService----
2022-12-12 07:53:16,931 [20] DEBUG LTCPro.ServiceLayer.Log4net - ---Executed successfully GetReadMailsCount() in MailboxController----
2022-12-12 07:53:17,116 [23] DEBUG LTCPro.ServiceLayer.Log4net - ---Executed Successfully GetDueMARAlertData() in EmarController----
2022-12-12 07:53:18,733 [17] ERROR LTCPro.ServiceLayer.Log4net - ===================================
2022-12-12 07:53:18,833 [17] ERROR LTCPro.ServiceLayer.Log4net -  Source : = mscorlib
2022-12-12 07:53:18,833 [17] ERROR LTCPro.ServiceLayer.Log4net -  Stack Trace : =    at System.Runtime.CompilerServices.TaskAwaiter.ThrowForNonSuccess(Task task)
   at System.Runtime.CompilerServices.TaskAwaiter.HandleNonSuccessAndDebuggerNotification(Task task)
   at System.Web.Http.Controllers.ApiControllerActionInvoker.<InvokeActionAsyncCore>d__1.MoveNext()
--- End of stack trace from previous location where exception was thrown ---
   at System.Runtime.CompilerServices.TaskAwaiter.ThrowForNonSuccess(Task task)
   at System.Runtime.CompilerServices.TaskAwaiter.HandleNonSuccessAndDebuggerNotification(Task task)
   at System.Web.Http.Controllers.ActionFilterResult.<ExecuteAsync>d__5.MoveNext()
--- End of stack trace from previous location where exception was thrown ---
   at System.Runtime.CompilerServices.TaskAwaiter.ThrowForNonSuccess(Task task)
   at System.Runtime.CompilerServices.TaskAwaiter.HandleNonSuccessAndDebuggerNotification(Task task)
   at System.Web.Http.Filters.AuthorizationFilterAttribute.<ExecuteAuthorizationFilterAsyncCore>d__3.MoveNext()
--- End of stack trace from previous location where exception was thrown ---
   at System.Runtime.CompilerServices.TaskAwaiter.ThrowForNonSuccess(Task task)
   at System.Runtime.CompilerServices.TaskAwaiter.HandleNonSuccessAndDebuggerNotification(Task task)
   at System.Web.Http.Controllers.ExceptionFilterResult.<ExecuteAsync>d__6.MoveNext()
2022-12-12 07:53:18,833 [17] ERROR LTCPro.ServiceLayer.Log4net -  Exception Message : = A task was canceled.
2022-12-12 07:53:18,833 [17] ERROR LTCPro.ServiceLayer.Log4net - ============= Inner Exception  Stack Trace  ===========
2022-12-12 07:53:19,252 [47] DEBUG LTCPro.ServiceLayer.Log4net - ---Executed Successfully GetUserActiveCompanyMasterList() in CompanyController----
2022-12-12 08:03:04,566 [61] DEBUG LTCPro.ServiceLayer.Log4net - ---Executing UsersConfigNurseStationDrop() in FacilityController----
2022-12-12 08:03:04,566 [61] DEBUG LTCPro.ServiceLayer.Log4net - ---Executing UsersConfigNurseStationDrop() in FacilityService----
2022-12-12 08:03:17,248 [61] DEBUG LTCPro.ServiceLayer.Log4net - ---Executed Successfully UsersConfigNurseStationDrop() in FacilityController----
2022-12-12 08:03:17,715 [24] DEBUG LTCPro.ServiceLayer.Log4net - ---Executing GetProcessKeyMasterList() in FacilityController----
2022-12-12 08:03:17,715 [24] DEBUG LTCPro.ServiceLayer.Log4net - ---Executing GetProcessKeyMasterList() in FacilityService----
2022-12-12 08:03:17,934 [24] DEBUG LTCPro.ServiceLayer.Log4net - ---Executed Successfully GetProcessKeyMasterList() in FacilityController----
2022-12-12 08:03:23,427 [24] DEBUG LTCPro.ServiceLayer.Log4net - ---Executing GetProcessKeyMasterList() in FacilityController----
2022-12-12 08:03:23,427 [24] DEBUG LTCPro.ServiceLayer.Log4net - ---Executing GetProcessKeyMasterList() in FacilityService----
2022-12-12 08:03:23,648 [24] DEBUG LTCPro.ServiceLayer.Log4net - ---Executed Successfully GetProcessKeyMasterList() in FacilityController----
2022-12-12 08:03:24,141 [20] DEBUG LTCPro.ServiceLayer.Log4net - ---Executing CheckUser() in UserService----
2022-12-12 08:03:27,134 [20] DEBUG LTCPro.ServiceLayer.Log4net - ---Executing FindUser() in UserService----
2022-12-12 08:03:27,357 [20] DEBUG LTCPro.ServiceLayer.Log4net - ---Executing InsertUserSession() in UserService----
2022-12-12 08:03:28,026 [20] DEBUG LTCPro.ServiceLayer.Log4net - ---Executing InsertUserToken() in UserService----
2022-12-12 08:03:28,981 [24] DEBUG LTCPro.ServiceLayer.Log4net - ---Executing InsertUpdateUserRecentFacNs() in UserController----
2022-12-12 08:03:28,981 [24] DEBUG LTCPro.ServiceLayer.Log4net - ---Executing GetUserRecentFacNs() in UserService----
2022-12-12 08:03:29,029 [13] DEBUG LTCPro.ServiceLayer.Log4net - ---Executing GetScreenPermissionsForLoggedInUser() in RoleController----
2022-12-12 08:03:29,029 [13] DEBUG LTCPro.ServiceLayer.Log4net - ---Executing GetScreenPermissionsForLoggedInUser() in RoleService----
2022-12-12 08:03:29,419 [24] DEBUG LTCPro.ServiceLayer.Log4net - ---Executing InsertUpdateUserRecentFacNs() in CommonService----
2022-12-12 08:03:30,370 [13] DEBUG LTCPro.ServiceLayer.Log4net - ---Executed Successfully GetScreenPermissionsForLoggedInUser() in RoleController----
2022-12-12 08:03:30,517 [24] DEBUG LTCPro.ServiceLayer.Log4net - ---Executed Successfully InsertUpdateUserRecentFacNs() in UserController----
2022-12-12 08:03:30,625 [24] DEBUG LTCPro.ServiceLayer.Log4net - ---Executing GetUserToken() in UserService----
2022-12-12 08:03:30,629 [13] DEBUG LTCPro.ServiceLayer.Log4net - ---Executing GetUserToken() in UserService----
2022-12-12 08:03:30,651 [20] DEBUG LTCPro.ServiceLayer.Log4net - ---Executing GetUserToken() in UserService----
2022-12-12 08:03:30,663 [62] DEBUG LTCPro.ServiceLayer.Log4net - ---Executing GetUserToken() in UserService----
2022-12-12 08:03:30,744 [61] DEBUG LTCPro.ServiceLayer.Log4net - ---Executing GetUserToken() in UserService----
2022-12-12 08:03:30,844 [24] DEBUG LTCPro.ServiceLayer.Log4net - ---Executing GetOutboundErrorDetails() in CommonController----
2022-12-12 08:03:30,844 [24] DEBUG LTCPro.ServiceLayer.Log4net - ---Executing GetOutboundErrorDetails() in CommonService----
2022-12-12 08:03:30,867 [13] DEBUG LTCPro.ServiceLayer.Log4net - ---Executing GetAlertsDetails() in MailboxController----
2022-12-12 08:03:30,867 [13] DEBUG LTCPro.ServiceLayer.Log4net - ---Executing GetAlertsDetails() in MailboxService----
2022-12-12 08:03:31,067 [61] DEBUG LTCPro.ServiceLayer.Log4net - ---Executing GetUserPassedDueFlag() in UserController----
2022-12-12 08:03:31,067 [61] DEBUG LTCPro.ServiceLayer.Log4net - ---Executing GetUserPassedDueFlag() in UserService----
2022-12-12 08:03:31,286 [62] DEBUG LTCPro.ServiceLayer.Log4net - ---Executing GetPendingDosesList() in CommonController----
2022-12-12 08:03:31,286 [62] DEBUG LTCPro.ServiceLayer.Log4net - ---Executing GetPendingDosesList() in CommonService----
2022-12-12 08:03:31,449 [63] DEBUG LTCPro.ServiceLayer.Log4net - ---Executing GetUserToken() in UserService----
2022-12-12 08:03:31,490 [24] DEBUG LTCPro.ServiceLayer.Log4net - ---Executed Successfully GetOutboundErrorDetails() in CommonController----
2022-12-12 08:03:31,517 [24] DEBUG LTCPro.ServiceLayer.Log4net - ---Executing GetUserToken() in UserService----
2022-12-12 08:03:31,523 [61] DEBUG LTCPro.ServiceLayer.Log4net - ---Executed Successfully GetUserPassedDueFlag() in UserController----
2022-12-12 08:03:31,556 [61] DEBUG LTCPro.ServiceLayer.Log4net - ---Executing GetUserToken() in UserService----
2022-12-12 08:03:31,742 [24] DEBUG LTCPro.ServiceLayer.Log4net - ---Executing GetDueMARAlertData() in EmarController----
2022-12-12 08:03:31,742 [24] DEBUG LTCPro.ServiceLayer.Log4net - ---Executing GetDueMARAlertData() in EmarService----
2022-12-12 08:03:31,804 [62] DEBUG LTCPro.ServiceLayer.Log4net - ---Executed Successfully GetPendingDosesList() in CommonController----
2022-12-12 08:03:31,884 [21] DEBUG LTCPro.ServiceLayer.Log4net - ---Executing GetUserToken() in UserService----
2022-12-12 08:03:31,961 [61] DEBUG LTCPro.ServiceLayer.Log4net - ---Executing InsertUserActivityDetails() in CompanyController----
2022-12-12 08:03:31,961 [61] DEBUG LTCPro.ServiceLayer.Log4net - ---Executing InsertUserActivityDetails() in UserActivityService----
2022-12-12 08:03:32,013 [20] DEBUG LTCPro.ServiceLayer.Log4net - ---Executing GetReadMailsCount() in MailboxController----
2022-12-12 08:03:32,013 [20] DEBUG LTCPro.ServiceLayer.Log4net - ---Executing GetReadMailsCount() in MailboxService----
2022-12-12 08:03:32,143 [24] DEBUG LTCPro.ServiceLayer.Log4net - ---Executed Successfully GetDueMARAlertData() in EmarController----
2022-12-12 08:03:32,179 [63] DEBUG LTCPro.ServiceLayer.Log4net - ---Executing GetUserRecentFacNs() in UserController----
2022-12-12 08:03:32,179 [63] DEBUG LTCPro.ServiceLayer.Log4net - ---Executing GetUserRecentFacNs() in UserService----
2022-12-12 08:03:32,363 [20] DEBUG LTCPro.ServiceLayer.Log4net - ---Executed successfully GetReadMailsCount() in MailboxController----
2022-12-12 08:03:32,405 [21] DEBUG LTCPro.ServiceLayer.Log4net - ---Executing GetUserActiveCompanyMasterList() in CompanyController----
2022-12-12 08:03:32,405 [21] DEBUG LTCPro.ServiceLayer.Log4net - ---Executing GetActiveCompanyMasterList() in CompanyService----
2022-12-12 08:03:32,669 [61] DEBUG LTCPro.ServiceLayer.Log4net - ---Executed Successfully InsertUserActivityDetails() in CompanyController----
2022-12-12 08:03:32,801 [63] DEBUG LTCPro.ServiceLayer.Log4net - ---Executed Successfully GetUserRecentFacNs() in UserController----
2022-12-12 08:03:33,025 [20] DEBUG LTCPro.ServiceLayer.Log4net - ---Executing GetUserToken() in UserService----
2022-12-12 08:03:33,196 [13] DEBUG LTCPro.ServiceLayer.Log4net - ---Executed successfully GetAlertsDetails() in MailboxController----
2022-12-12 08:03:33,243 [20] DEBUG LTCPro.ServiceLayer.Log4net - ---Executing GetUserAccessFacilityNurseStaions() in FacilityController----
2022-12-12 08:03:33,243 [20] DEBUG LTCPro.ServiceLayer.Log4net - ---Executing GetUserAccessFacilityNurseStaions() in FacilityService----
2022-12-12 08:03:33,703 [21] DEBUG LTCPro.ServiceLayer.Log4net - ---Executed Successfully GetUserActiveCompanyMasterList() in CompanyController----
2022-12-12 08:03:33,705 [20] DEBUG LTCPro.ServiceLayer.Log4net - ---Executed Successfully GetUserAccessFacilityNurseStaions() in FacilityController----
2022-12-12 08:03:38,680 [63] DEBUG LTCPro.ServiceLayer.Log4net - ---Executing GetUserToken() in UserService----
2022-12-12 08:03:38,688 [64] DEBUG LTCPro.ServiceLayer.Log4net - ---Executing GetUserToken() in UserService----
2022-12-12 08:03:38,708 [62] DEBUG LTCPro.ServiceLayer.Log4net - ---Executing GetUserToken() in UserService----
2022-12-12 08:03:38,901 [63] DEBUG LTCPro.ServiceLayer.Log4net - ---Executing InsertUserActivityDetails() in CompanyController----
2022-12-12 08:03:38,901 [63] DEBUG LTCPro.ServiceLayer.Log4net - ---Executing InsertUserActivityDetails() in UserActivityService----
2022-12-12 08:03:38,907 [64] DEBUG LTCPro.ServiceLayer.Log4net - ---Executing GetUserRecentFacNs() in UserController----
2022-12-12 08:03:38,907 [64] DEBUG LTCPro.ServiceLayer.Log4net - ---Executing GetUserRecentFacNs() in UserService----
2022-12-12 08:03:38,944 [62] DEBUG LTCPro.ServiceLayer.Log4net - ---Executing GetDueMARAlertData() in EmarController----
2022-12-12 08:03:38,944 [62] DEBUG LTCPro.ServiceLayer.Log4net - ---Executing GetDueMARAlertData() in EmarService----
2022-12-12 08:03:39,277 [62] DEBUG LTCPro.ServiceLayer.Log4net - ---Executed Successfully GetDueMARAlertData() in EmarController----
2022-12-12 08:03:39,399 [64] DEBUG LTCPro.ServiceLayer.Log4net - ---Executed Successfully GetUserRecentFacNs() in UserController----
2022-12-12 08:03:39,490 [24] DEBUG LTCPro.ServiceLayer.Log4net - ---Executing GetUserToken() in UserService----
2022-12-12 08:03:39,620 [63] DEBUG LTCPro.ServiceLayer.Log4net - ---Executed Successfully InsertUserActivityDetails() in CompanyController----
2022-12-12 08:03:40,307 [24] DEBUG LTCPro.ServiceLayer.Log4net - ---Executing GetCompanyToBedData() in FacilityController----
2022-12-12 08:03:40,307 [24] DEBUG LTCPro.ServiceLayer.Log4net - ---Executing GetCompanyToBedData() in FacilityService----
2022-12-12 08:03:42,754 [24] DEBUG LTCPro.ServiceLayer.Log4net - ---Executed Successfully GetCompanyToBedData() in FacilityController----
2022-12-12 08:03:42,792 [20] DEBUG LTCPro.ServiceLayer.Log4net - ---Executing GetUserToken() in UserService----
2022-12-12 08:03:43,012 [20] DEBUG LTCPro.ServiceLayer.Log4net - ---Executing UserNurseStationDrop() in FacilityController----
2022-12-12 08:03:43,012 [20] DEBUG LTCPro.ServiceLayer.Log4net - ---Executing UserNurseStationDrop() in FacilityService----
2022-12-12 08:03:43,236 [20] DEBUG LTCPro.ServiceLayer.Log4net - ---Executed Successfully UserNurseStationDrop() in FacilityController----
2022-12-12 08:03:43,431 [63] DEBUG LTCPro.ServiceLayer.Log4net - ---Executing GetUserToken() in UserService----
2022-12-12 08:03:43,440 [61] DEBUG LTCPro.ServiceLayer.Log4net - ---Executing GetUserToken() in UserService----
2022-12-12 08:03:43,650 [63] DEBUG LTCPro.ServiceLayer.Log4net - ---Executing GetDrFirstFlagForCompanyByNSId() in CompanyController----
2022-12-12 08:03:43,650 [63] DEBUG LTCPro.ServiceLayer.Log4net - ---Executing GetDrFirstFlagForCompanyByNSId() in CompanyService----
2022-12-12 08:03:43,689 [61] DEBUG LTCPro.ServiceLayer.Log4net - ---Executing GetNursingScheduleData() in EmarController----
2022-12-12 08:03:43,689 [61] DEBUG LTCPro.ServiceLayer.Log4net - ---Executing GetNursingScheduleData() in EmarService----
2022-12-12 08:03:43,702 [13] DEBUG LTCPro.ServiceLayer.Log4net - ---Executing GetUserToken() in UserService----
2022-12-12 08:03:43,910 [63] DEBUG LTCPro.ServiceLayer.Log4net - ---Executed Successfully GetDrFirstFlagForCompanyByNSId() in CompanyController----
2022-12-12 08:03:43,937 [20] DEBUG LTCPro.ServiceLayer.Log4net - ---Executing GetUserToken() in UserService----
2022-12-12 08:03:43,954 [13] DEBUG LTCPro.ServiceLayer.Log4net - ---Executing GetPendingOrdersGridData() in OrdersController----
2022-12-12 08:03:43,955 [13] DEBUG LTCPro.ServiceLayer.Log4net - ---Executing GetPendingOrdersGridData() in OrdersService----
2022-12-12 08:03:44,189 [20] DEBUG LTCPro.ServiceLayer.Log4net - ---Executing GetTimeZoneDate() in CommonController----
2022-12-12 08:03:44,190 [20] DEBUG LTCPro.ServiceLayer.Log4net - ---Executing GetTimeZoneDate() in CommonService----
2022-12-12 08:03:44,411 [20] DEBUG LTCPro.ServiceLayer.Log4net - ---Executed Successfully GetTimeZoneDate() in CommonController----
2022-12-12 08:03:46,427 [13] DEBUG LTCPro.ServiceLayer.Log4net - ---Executed Successfully GetPendingOrdersGridData() in OrdersController----
2022-12-12 08:04:24,508 [61] DEBUG LTCPro.ServiceLayer.Log4net - ---Executed Successfully GetNursingScheduleData() in EmarController----
2022-12-12 08:04:24,571 [21] DEBUG LTCPro.ServiceLayer.Log4net - ---Executing GetUserToken() in UserService----
2022-12-12 08:04:24,798 [21] DEBUG LTCPro.ServiceLayer.Log4net - ---Executing GetNurseShiftDrop() in CommonController----
2022-12-12 08:04:24,805 [21] DEBUG LTCPro.ServiceLayer.Log4net - ---Executing GetNurseShiftDrop() in CommonService----
2022-12-12 08:04:25,131 [21] DEBUG LTCPro.ServiceLayer.Log4net - ---Executed Successfully GetNurseShiftDrop() in CommonController----
2022-12-12 08:04:28,688 [63] DEBUG LTCPro.ServiceLayer.Log4net - ---Executing GetUserToken() in UserService----
2022-12-12 08:04:28,996 [63] DEBUG LTCPro.ServiceLayer.Log4net - ---Executing GetEmarResidentGridData() in EmarController----
2022-12-12 08:04:29,152 [63] DEBUG LTCPro.ServiceLayer.Log4net - ---Executing GetEmarResidentGridData() in EmarService----
2022-12-12 08:04:31,891 [63] DEBUG LTCPro.ServiceLayer.Log4net - ---Executed Successfully GetEmarResidentGridData() in EmarController----
2022-12-12 08:04:34,474 [20] DEBUG LTCPro.ServiceLayer.Log4net - ---Executing GetUserToken() in UserService----
2022-12-12 08:04:34,641 [61] DEBUG LTCPro.ServiceLayer.Log4net - ---Executing GetUserToken() in UserService----
2022-12-12 08:04:34,672 [63] DEBUG LTCPro.ServiceLayer.Log4net - ---Executing GetUserToken() in UserService----
2022-12-12 08:04:34,703 [20] DEBUG LTCPro.ServiceLayer.Log4net - ---Executing GetResidentInformation() in ResidentDemographicController----
2022-12-12 08:04:34,703 [20] DEBUG LTCPro.ServiceLayer.Log4net - ---Executing GetResidentInformation() in ResidentDemographicService----
2022-12-12 08:04:34,893 [61] DEBUG LTCPro.ServiceLayer.Log4net - ---Executing GetLiteralOrderGridData() in OrdersController----
2022-12-12 08:04:34,930 [63] DEBUG LTCPro.ServiceLayer.Log4net - ---Executing GetPendingOrdersGridData() in OrdersController----
2022-12-12 08:04:34,930 [63] DEBUG LTCPro.ServiceLayer.Log4net - ---Executing GetPendingOrdersGridData() in OrdersService----
2022-12-12 08:04:34,974 [61] DEBUG LTCPro.ServiceLayer.Log4net - ---Executing GetLiteralOrderGridData() in OrdersService----
2022-12-12 08:04:36,062 [63] DEBUG LTCPro.ServiceLayer.Log4net - ---Executed Successfully GetPendingOrdersGridData() in OrdersController----
2022-12-12 08:04:36,198 [61] DEBUG LTCPro.ServiceLayer.Log4net - ---Executed Successfully GetLiteralOrderGridData() in OrdersController----
2022-12-12 08:04:39,599 [20] DEBUG LTCPro.ServiceLayer.Log4net - ---Executed Successfully GetResidentInformation() in ResidentDemographicController----
2022-12-12 08:04:39,747 [20] DEBUG LTCPro.ServiceLayer.Log4net - ---Executing GetUserToken() in UserService----
2022-12-12 08:04:39,750 [63] DEBUG LTCPro.ServiceLayer.Log4net - ---Executing GetUserToken() in UserService----
2022-12-12 08:04:39,757 [21] DEBUG LTCPro.ServiceLayer.Log4net - ---Executing GetUserToken() in UserService----
2022-12-12 08:04:39,965 [20] DEBUG LTCPro.ServiceLayer.Log4net - ---Executing GetMedicationReason() in EmarController----
2022-12-12 08:04:39,966 [20] DEBUG LTCPro.ServiceLayer.Log4net - ---Executing GetMedicationReason() in EmarService----
2022-12-12 08:04:39,984 [63] DEBUG LTCPro.ServiceLayer.Log4net - ---Executing GetPatientType() in ResidentDemographicController----
2022-12-12 08:04:39,994 [21] DEBUG LTCPro.ServiceLayer.Log4net - ---Executing GetEmarOrdersList() in EmarController----
2022-12-12 08:04:39,995 [21] DEBUG LTCPro.ServiceLayer.Log4net - ---Executing GetEmarOrdersList() in EmarService----
2022-12-12 08:04:40,210 [63] DEBUG LTCPro.ServiceLayer.Log4net - ---Executing GetPatientType() in EmarService----
2022-12-12 08:04:40,244 [20] DEBUG LTCPro.ServiceLayer.Log4net - ---Executed Successfully GetMedicationReason() in EmarController----
2022-12-12 08:04:40,392 [62] DEBUG LTCPro.ServiceLayer.Log4net - ---Executing GetUserToken() in UserService----
2022-12-12 08:04:40,635 [62] DEBUG LTCPro.ServiceLayer.Log4net - ---Executing GetDiagnosisDetails() in OrdersController----
2022-12-12 08:04:40,685 [62] DEBUG LTCPro.ServiceLayer.Log4net - ---Executing GetDiagnosisDetails() in OrdersService----
2022-12-12 08:04:40,721 [63] DEBUG LTCPro.ServiceLayer.Log4net - ---Executed Successfully GetPatientType() in ResidentDemographicController----
2022-12-12 08:04:41,914 [62] DEBUG LTCPro.ServiceLayer.Log4net - ---Executed Successfully GetDiagnosisDetails() in OrdersController----
2022-12-12 08:04:52,103 [21] DEBUG LTCPro.ServiceLayer.Log4net - ---Executed Successfully GetEmarOrdersList() in EmarController----
2022-12-12 08:04:52,313 [20] DEBUG LTCPro.ServiceLayer.Log4net - ---Executing GetUserToken() in UserService----
2022-12-12 08:04:52,313 [21] DEBUG LTCPro.ServiceLayer.Log4net - ---Executing GetUserToken() in UserService----
2022-12-12 08:04:52,334 [64] DEBUG LTCPro.ServiceLayer.Log4net - ---Executing GetUserToken() in UserService----
2022-12-12 08:04:52,547 [20] DEBUG LTCPro.ServiceLayer.Log4net - ---Executing GetVitalsCheckList() in EMARController----
2022-12-12 08:04:52,548 [21] DEBUG LTCPro.ServiceLayer.Log4net - ---Executing GetVitalsCheckList() in EMARController----
2022-12-12 08:04:52,557 [64] DEBUG LTCPro.ServiceLayer.Log4net - ---Executing GetVitalsCheckList() in EMARController----
2022-12-12 08:04:53,200 [20] DEBUG LTCPro.ServiceLayer.Log4net - ---Executed Successfully GetVitalsCheckList() in EMARController----
2022-12-12 08:04:53,421 [64] DEBUG LTCPro.ServiceLayer.Log4net - ---Executed Successfully GetVitalsCheckList() in EMARController----
2022-12-12 08:04:54,100 [21] DEBUG LTCPro.ServiceLayer.Log4net - ---Executed Successfully GetVitalsCheckList() in EMARController----
2022-12-12 08:05:10,660 [64] DEBUG LTCPro.ServiceLayer.Log4net - ---Executing GetUserToken() in UserService----
2022-12-12 08:05:10,660 [21] DEBUG LTCPro.ServiceLayer.Log4net - ---Executing GetUserToken() in UserService----
2022-12-12 08:05:10,663 [62] DEBUG LTCPro.ServiceLayer.Log4net - ---Executing GetUserToken() in UserService----
2022-12-12 08:05:10,882 [64] DEBUG LTCPro.ServiceLayer.Log4net - ---Executing GetVitalsCheckList() in EMARController----
2022-12-12 08:05:10,882 [21] DEBUG LTCPro.ServiceLayer.Log4net - ---Executing GetVitalsCheckList() in EMARController----
2022-12-12 08:05:10,882 [62] DEBUG LTCPro.ServiceLayer.Log4net - ---Executing GetVitalsCheckList() in EMARController----
2022-12-12 08:05:11,535 [62] DEBUG LTCPro.ServiceLayer.Log4net - ---Executed Successfully GetVitalsCheckList() in EMARController----
2022-12-12 08:05:11,536 [21] DEBUG LTCPro.ServiceLayer.Log4net - ---Executed Successfully GetVitalsCheckList() in EMARController----
2022-12-12 08:05:12,680 [64] DEBUG LTCPro.ServiceLayer.Log4net - ---Executed Successfully GetVitalsCheckList() in EMARController----
2022-12-12 08:05:19,355 [61] DEBUG LTCPro.ServiceLayer.Log4net - ---Executing GetUserToken() in UserService----
2022-12-12 08:05:19,357 [20] DEBUG LTCPro.ServiceLayer.Log4net - ---Executing GetUserToken() in UserService----
2022-12-12 08:05:19,359 [62] DEBUG LTCPro.ServiceLayer.Log4net - ---Executing GetUserToken() in UserService----
2022-12-12 08:05:19,578 [20] DEBUG LTCPro.ServiceLayer.Log4net - ---Executing GetVitalsCheckList() in EMARController----
2022-12-12 08:05:19,578 [62] DEBUG LTCPro.ServiceLayer.Log4net - ---Executing GetVitalsCheckList() in EMARController----
2022-12-12 08:05:19,580 [61] DEBUG LTCPro.ServiceLayer.Log4net - ---Executing GetVitalsCheckList() in EMARController----
2022-12-12 08:05:20,231 [20] DEBUG LTCPro.ServiceLayer.Log4net - ---Executed Successfully GetVitalsCheckList() in EMARController----
2022-12-12 08:05:20,233 [61] DEBUG LTCPro.ServiceLayer.Log4net - ---Executed Successfully GetVitalsCheckList() in EMARController----
2022-12-12 08:05:20,240 [62] DEBUG LTCPro.ServiceLayer.Log4net - ---Executed Successfully GetVitalsCheckList() in EMARController----
2022-12-12 08:07:49,417 [9] DEBUG LTCPro.ServiceLayer.Log4net - ---Executing LogoutUser() in UserController----
2022-12-12 08:07:49,424 [9] DEBUG LTCPro.ServiceLayer.Log4net - ---Executing LogoutUser() in UserService----
2022-12-12 08:07:51,261 [9] DEBUG LTCPro.ServiceLayer.Log4net - ---Executed Successfully LogoutUser() in UserController----
2022-12-12 08:11:02,261 [13] DEBUG LTCPro.ServiceLayer.Log4net - ---Executing UsersConfigNurseStationDrop() in FacilityController----
2022-12-12 08:11:02,262 [13] DEBUG LTCPro.ServiceLayer.Log4net - ---Executing UsersConfigNurseStationDrop() in FacilityService----
2022-12-12 08:11:02,309 [13] DEBUG LTCPro.ServiceLayer.Log4net - ---Executed Successfully UsersConfigNurseStationDrop() in FacilityController----
2022-12-12 08:11:14,713 [12] DEBUG LTCPro.ServiceLayer.Log4net - ---Executing UsersConfigNurseStationDrop() in FacilityController----
2022-12-12 08:11:14,713 [12] DEBUG LTCPro.ServiceLayer.Log4net - ---Executing UsersConfigNurseStationDrop() in FacilityService----
2022-12-12 08:11:14,806 [12] DEBUG LTCPro.ServiceLayer.Log4net - ---Executed Successfully UsersConfigNurseStationDrop() in FacilityController----
2022-12-12 08:11:14,980 [5] DEBUG LTCPro.ServiceLayer.Log4net - ---Executing GetProcessKeyMasterList() in FacilityController----
2022-12-12 08:11:14,981 [5] DEBUG LTCPro.ServiceLayer.Log4net - ---Executing GetProcessKeyMasterList() in FacilityService----
2022-12-12 08:11:15,010 [5] DEBUG LTCPro.ServiceLayer.Log4net - ---Executed Successfully GetProcessKeyMasterList() in FacilityController----
2022-12-12 08:11:19,126 [13] DEBUG LTCPro.ServiceLayer.Log4net - ---Executing GetProcessKeyMasterList() in FacilityController----
2022-12-12 08:11:19,126 [13] DEBUG LTCPro.ServiceLayer.Log4net - ---Executing GetProcessKeyMasterList() in FacilityService----
2022-12-12 08:11:19,131 [13] DEBUG LTCPro.ServiceLayer.Log4net - ---Executed Successfully GetProcessKeyMasterList() in FacilityController----
2022-12-12 08:11:19,981 [13] DEBUG LTCPro.ServiceLayer.Log4net - ---Executing CheckUser() in UserService----
2022-12-12 08:11:20,139 [13] DEBUG LTCPro.ServiceLayer.Log4net - ---Executing FindUser() in UserService----
2022-12-12 08:11:20,245 [13] DEBUG LTCPro.ServiceLayer.Log4net - ---Executing InsertUserSession() in UserService----
2022-12-12 08:11:20,363 [13] DEBUG LTCPro.ServiceLayer.Log4net - ---Executing InsertUserToken() in UserService----
2022-12-12 08:11:20,492 [13] DEBUG LTCPro.ServiceLayer.Log4net - ---Executing InsertUpdateUserRecentFacNs() in UserController----
2022-12-12 08:11:20,493 [13] DEBUG LTCPro.ServiceLayer.Log4net - ---Executing GetUserRecentFacNs() in UserService----
2022-12-12 08:11:20,559 [5] DEBUG LTCPro.ServiceLayer.Log4net - ---Executing GetScreenPermissionsForLoggedInUser() in RoleController----
2022-12-12 08:11:20,560 [5] DEBUG LTCPro.ServiceLayer.Log4net - ---Executing GetScreenPermissionsForLoggedInUser() in RoleService----
2022-12-12 08:11:20,597 [5] DEBUG LTCPro.ServiceLayer.Log4net - ---Executed Successfully GetScreenPermissionsForLoggedInUser() in RoleController----
2022-12-12 08:11:20,820 [13] DEBUG LTCPro.ServiceLayer.Log4net - ---Executing InsertUpdateUserRecentFacNs() in CommonService----
2022-12-12 08:11:20,916 [14] DEBUG LTCPro.ServiceLayer.Log4net - ---Executing GetUserToken() in UserService----
2022-12-12 08:11:20,919 [15] DEBUG LTCPro.ServiceLayer.Log4net - ---Executing GetUserToken() in UserService----
2022-12-12 08:11:20,919 [16] DEBUG LTCPro.ServiceLayer.Log4net - ---Executing GetUserToken() in UserService----
2022-12-12 08:11:20,923 [17] DEBUG LTCPro.ServiceLayer.Log4net - ---Executing GetUserToken() in UserService----
2022-12-12 08:11:20,924 [5] DEBUG LTCPro.ServiceLayer.Log4net - ---Executing GetUserToken() in UserService----
2022-12-12 08:11:20,931 [16] DEBUG LTCPro.ServiceLayer.Log4net - ---Executing GetUserPassedDueFlag() in UserController----
2022-12-12 08:11:20,931 [16] DEBUG LTCPro.ServiceLayer.Log4net - ---Executing GetUserPassedDueFlag() in UserService----
2022-12-12 08:11:20,934 [5] DEBUG LTCPro.ServiceLayer.Log4net - ---Executing GetReadMailsCount() in MailboxController----
2022-12-12 08:11:20,937 [5] DEBUG LTCPro.ServiceLayer.Log4net - ---Executing GetReadMailsCount() in MailboxService----
2022-12-12 08:11:20,958 [14] DEBUG LTCPro.ServiceLayer.Log4net - ---Executing GetOutboundErrorDetails() in CommonController----
2022-12-12 08:11:20,959 [14] DEBUG LTCPro.ServiceLayer.Log4net - ---Executing GetOutboundErrorDetails() in CommonService----
2022-12-12 08:11:20,963 [15] DEBUG LTCPro.ServiceLayer.Log4net - ---Executing GetDueMARAlertData() in EmarController----
2022-12-12 08:11:20,964 [15] DEBUG LTCPro.ServiceLayer.Log4net - ---Executing GetDueMARAlertData() in EmarService----
2022-12-12 08:11:20,975 [16] DEBUG LTCPro.ServiceLayer.Log4net - ---Executed Successfully GetUserPassedDueFlag() in UserController----
2022-12-12 08:11:20,976 [17] DEBUG LTCPro.ServiceLayer.Log4net - ---Executing GetAlertsDetails() in MailboxController----
2022-12-12 08:11:20,977 [17] DEBUG LTCPro.ServiceLayer.Log4net - ---Executing GetAlertsDetails() in MailboxService----
2022-12-12 08:11:20,999 [12] DEBUG LTCPro.ServiceLayer.Log4net - ---Executing GetUserToken() in UserService----
2022-12-12 08:11:21,006 [12] DEBUG LTCPro.ServiceLayer.Log4net - ---Executing GetPendingDosesList() in CommonController----
2022-12-12 08:11:21,007 [12] DEBUG LTCPro.ServiceLayer.Log4net - ---Executing GetPendingDosesList() in CommonService----
2022-12-12 08:11:21,019 [5] DEBUG LTCPro.ServiceLayer.Log4net - ---Executed successfully GetReadMailsCount() in MailboxController----
2022-12-12 08:11:21,038 [13] DEBUG LTCPro.ServiceLayer.Log4net - ---Executed Successfully InsertUpdateUserRecentFacNs() in UserController----
2022-12-12 08:11:21,058 [20] DEBUG LTCPro.ServiceLayer.Log4net - ---Executing GetUserToken() in UserService----
2022-12-12 08:11:21,062 [8] DEBUG LTCPro.ServiceLayer.Log4net - ---Executing GetUserToken() in UserService----
2022-12-12 08:11:21,097 [20] DEBUG LTCPro.ServiceLayer.Log4net - ---Executing GetUserRecentFacNs() in UserController----
2022-12-12 08:11:21,097 [20] DEBUG LTCPro.ServiceLayer.Log4net - ---Executing GetUserRecentFacNs() in UserService----
2022-12-12 08:11:21,181 [17] DEBUG LTCPro.ServiceLayer.Log4net - ---Executed successfully GetAlertsDetails() in MailboxController----
2022-12-12 08:11:21,185 [20] DEBUG LTCPro.ServiceLayer.Log4net - ---Executed Successfully GetUserRecentFacNs() in UserController----
2022-12-12 08:11:21,331 [20] DEBUG LTCPro.ServiceLayer.Log4net - ---Executing GetUserToken() in UserService----
2022-12-12 08:11:21,470 [17] DEBUG LTCPro.ServiceLayer.Log4net - ---Executing GetUserToken() in UserService----
2022-12-12 08:11:21,473 [20] DEBUG LTCPro.ServiceLayer.Log4net - ---Executing GetUserActiveCompanyMasterList() in CompanyController----
2022-12-12 08:11:21,474 [20] DEBUG LTCPro.ServiceLayer.Log4net - ---Executing GetActiveCompanyMasterList() in CompanyService----
2022-12-12 08:11:21,488 [12] DEBUG LTCPro.ServiceLayer.Log4net - ---Executed Successfully GetPendingDosesList() in CommonController----
2022-12-12 08:11:21,496 [17] DEBUG LTCPro.ServiceLayer.Log4net - ---Executing GetUserAccessFacilityNurseStaions() in FacilityController----
2022-12-12 08:11:21,497 [17] DEBUG LTCPro.ServiceLayer.Log4net - ---Executing GetUserAccessFacilityNurseStaions() in FacilityService----
2022-12-12 08:11:21,501 [8] DEBUG LTCPro.ServiceLayer.Log4net - ---Executing InsertUserActivityDetails() in CompanyController----
2022-12-12 08:11:21,502 [8] DEBUG LTCPro.ServiceLayer.Log4net - ---Executing InsertUserActivityDetails() in UserActivityService----
2022-12-12 08:11:21,543 [8] DEBUG LTCPro.ServiceLayer.Log4net - ---Executed Successfully InsertUserActivityDetails() in CompanyController----
2022-12-12 08:11:21,585 [17] DEBUG LTCPro.ServiceLayer.Log4net - ---Executed Successfully GetUserAccessFacilityNurseStaions() in FacilityController----
2022-12-12 08:11:21,624 [20] DEBUG LTCPro.ServiceLayer.Log4net - ---Executed Successfully GetUserActiveCompanyMasterList() in CompanyController----
2022-12-12 08:11:22,008 [14] DEBUG LTCPro.ServiceLayer.Log4net - ---Executed Successfully GetOutboundErrorDetails() in CommonController----
2022-12-12 08:11:22,191 [15] DEBUG LTCPro.ServiceLayer.Log4net - ---Executed Successfully GetDueMARAlertData() in EmarController----
2022-12-12 08:11:25,628 [13] DEBUG LTCPro.ServiceLayer.Log4net - ---Executing GetUserToken() in UserService----
2022-12-12 08:11:25,635 [12] DEBUG LTCPro.ServiceLayer.Log4net - ---Executing GetUserToken() in UserService----
2022-12-12 08:11:25,646 [13] DEBUG LTCPro.ServiceLayer.Log4net - ---Executing InsertUserActivityDetails() in CompanyController----
2022-12-12 08:11:25,646 [13] DEBUG LTCPro.ServiceLayer.Log4net - ---Executing InsertUserActivityDetails() in UserActivityService----
2022-12-12 08:11:25,647 [5] DEBUG LTCPro.ServiceLayer.Log4net - ---Executing GetUserToken() in UserService----
2022-12-12 08:11:25,650 [12] DEBUG LTCPro.ServiceLayer.Log4net - ---Executing GetUserRecentFacNs() in UserController----
2022-12-12 08:11:25,650 [12] DEBUG LTCPro.ServiceLayer.Log4net - ---Executing GetUserRecentFacNs() in UserService----
2022-12-12 08:11:25,671 [5] DEBUG LTCPro.ServiceLayer.Log4net - ---Executing GetDueMARAlertData() in EmarController----
2022-12-12 08:11:25,672 [5] DEBUG LTCPro.ServiceLayer.Log4net - ---Executing GetDueMARAlertData() in EmarService----
2022-12-12 08:11:25,672 [13] DEBUG LTCPro.ServiceLayer.Log4net - ---Executed Successfully InsertUserActivityDetails() in CompanyController----
2022-12-12 08:11:25,676 [12] DEBUG LTCPro.ServiceLayer.Log4net - ---Executed Successfully GetUserRecentFacNs() in UserController----
2022-12-12 08:11:25,748 [13] DEBUG LTCPro.ServiceLayer.Log4net - ---Executing GetUserToken() in UserService----
2022-12-12 08:11:25,753 [13] DEBUG LTCPro.ServiceLayer.Log4net - ---Executing GetCompanyToBedData() in FacilityController----
2022-12-12 08:11:25,754 [13] DEBUG LTCPro.ServiceLayer.Log4net - ---Executing GetCompanyToBedData() in FacilityService----
2022-12-12 08:11:25,898 [13] DEBUG LTCPro.ServiceLayer.Log4net - ---Executed Successfully GetCompanyToBedData() in FacilityController----
2022-12-12 08:11:25,949 [13] DEBUG LTCPro.ServiceLayer.Log4net - ---Executing GetUserToken() in UserService----
2022-12-12 08:11:25,954 [13] DEBUG LTCPro.ServiceLayer.Log4net - ---Executing UserNurseStationDrop() in FacilityController----
2022-12-12 08:11:25,954 [13] DEBUG LTCPro.ServiceLayer.Log4net - ---Executing UserNurseStationDrop() in FacilityService----
2022-12-12 08:11:25,968 [13] DEBUG LTCPro.ServiceLayer.Log4net - ---Executed Successfully UserNurseStationDrop() in FacilityController----
2022-12-12 08:11:26,035 [16] DEBUG LTCPro.ServiceLayer.Log4net - ---Executing GetUserToken() in UserService----
2022-12-12 08:11:26,043 [16] DEBUG LTCPro.ServiceLayer.Log4net - ---Executing GetNursingScheduleData() in EmarController----
2022-12-12 08:11:26,045 [8] DEBUG LTCPro.ServiceLayer.Log4net - ---Executing GetUserToken() in UserService----
2022-12-12 08:11:26,053 [8] DEBUG LTCPro.ServiceLayer.Log4net - ---Executing GetDrFirstFlagForCompanyByNSId() in CompanyController----
2022-12-12 08:11:26,053 [8] DEBUG LTCPro.ServiceLayer.Log4net - ---Executing GetDrFirstFlagForCompanyByNSId() in CompanyService----
2022-12-12 08:11:26,060 [16] DEBUG LTCPro.ServiceLayer.Log4net - ---Executing GetNursingScheduleData() in EmarService----
2022-12-12 08:11:26,133 [8] DEBUG LTCPro.ServiceLayer.Log4net - ---Executed Successfully GetDrFirstFlagForCompanyByNSId() in CompanyController----
2022-12-12 08:11:26,161 [19] DEBUG LTCPro.ServiceLayer.Log4net - ---Executing GetUserToken() in UserService----
2022-12-12 08:11:26,174 [19] DEBUG LTCPro.ServiceLayer.Log4net - ---Executing GetTimeZoneDate() in CommonController----
2022-12-12 08:11:26,175 [19] DEBUG LTCPro.ServiceLayer.Log4net - ---Executing GetTimeZoneDate() in CommonService----
2022-12-12 08:11:26,195 [19] DEBUG LTCPro.ServiceLayer.Log4net - ---Executed Successfully GetTimeZoneDate() in CommonController----
2022-12-12 08:11:26,304 [15] DEBUG LTCPro.ServiceLayer.Log4net - ---Executing GetUserToken() in UserService----
2022-12-12 08:11:26,361 [15] DEBUG LTCPro.ServiceLayer.Log4net - ---Executing GetPendingOrdersGridData() in OrdersController----
2022-12-12 08:11:26,386 [15] DEBUG LTCPro.ServiceLayer.Log4net - ---Executing GetPendingOrdersGridData() in OrdersService----
2022-12-12 08:11:26,523 [15] DEBUG LTCPro.ServiceLayer.Log4net - ---Executed Successfully GetPendingOrdersGridData() in OrdersController----
2022-12-12 08:11:26,722 [5] DEBUG LTCPro.ServiceLayer.Log4net - ---Executed Successfully GetDueMARAlertData() in EmarController----
2022-12-12 08:11:27,478 [16] DEBUG LTCPro.ServiceLayer.Log4net - ---Executed Successfully GetNursingScheduleData() in EmarController----
2022-12-12 08:11:27,549 [8] DEBUG LTCPro.ServiceLayer.Log4net - ---Executing GetUserToken() in UserService----
2022-12-12 08:11:27,556 [8] DEBUG LTCPro.ServiceLayer.Log4net - ---Executing GetNurseShiftDrop() in CommonController----
2022-12-12 08:11:27,557 [8] DEBUG LTCPro.ServiceLayer.Log4net - ---Executing GetNurseShiftDrop() in CommonService----
2022-12-12 08:11:27,694 [8] DEBUG LTCPro.ServiceLayer.Log4net - ---Executed Successfully GetNurseShiftDrop() in CommonController----
2022-12-12 08:11:30,148 [5] DEBUG LTCPro.ServiceLayer.Log4net - ---Executing GetUserToken() in UserService----
2022-12-12 08:11:30,155 [5] DEBUG LTCPro.ServiceLayer.Log4net - ---Executing GetEmarResidentGridData() in EmarController----
2022-12-12 08:11:30,156 [5] DEBUG LTCPro.ServiceLayer.Log4net - ---Executing GetEmarResidentGridData() in EmarService----
2022-12-12 08:11:30,566 [5] DEBUG LTCPro.ServiceLayer.Log4net - ---Executed Successfully GetEmarResidentGridData() in EmarController----
2022-12-12 08:11:32,219 [13] DEBUG LTCPro.ServiceLayer.Log4net - ---Executing GetUserToken() in UserService----
2022-12-12 08:11:32,238 [13] DEBUG LTCPro.ServiceLayer.Log4net - ---Executing GetResidentInformation() in ResidentDemographicController----
2022-12-12 08:11:32,248 [13] DEBUG LTCPro.ServiceLayer.Log4net - ---Executing GetResidentInformation() in ResidentDemographicService----
2022-12-12 08:11:32,414 [5] DEBUG LTCPro.ServiceLayer.Log4net - ---Executing GetUserToken() in UserService----
2022-12-12 08:11:32,420 [5] DEBUG LTCPro.ServiceLayer.Log4net - ---Executing GetPendingOrdersGridData() in OrdersController----
2022-12-12 08:11:32,420 [5] DEBUG LTCPro.ServiceLayer.Log4net - ---Executing GetPendingOrdersGridData() in OrdersService----
2022-12-12 08:11:32,440 [12] DEBUG LTCPro.ServiceLayer.Log4net - ---Executing GetUserToken() in UserService----
2022-12-12 08:11:32,451 [12] DEBUG LTCPro.ServiceLayer.Log4net - ---Executing GetLiteralOrderGridData() in OrdersController----
2022-12-12 08:11:32,463 [12] DEBUG LTCPro.ServiceLayer.Log4net - ---Executing GetLiteralOrderGridData() in OrdersService----
2022-12-12 08:11:32,467 [5] DEBUG LTCPro.ServiceLayer.Log4net - ---Executed Successfully GetPendingOrdersGridData() in OrdersController----
2022-12-12 08:11:32,640 [12] DEBUG LTCPro.ServiceLayer.Log4net - ---Executed Successfully GetLiteralOrderGridData() in OrdersController----
2022-12-12 08:11:32,900 [13] DEBUG LTCPro.ServiceLayer.Log4net - ---Executed Successfully GetResidentInformation() in ResidentDemographicController----
2022-12-12 08:11:33,031 [17] DEBUG LTCPro.ServiceLayer.Log4net - ---Executing GetUserToken() in UserService----
2022-12-12 08:11:33,042 [16] DEBUG LTCPro.ServiceLayer.Log4net - ---Executing GetUserToken() in UserService----
2022-12-12 08:11:33,049 [16] DEBUG LTCPro.ServiceLayer.Log4net - ---Executing GetEmarOrdersList() in EmarController----
2022-12-12 08:11:33,050 [16] DEBUG LTCPro.ServiceLayer.Log4net - ---Executing GetEmarOrdersList() in EmarService----
2022-12-12 08:11:33,053 [17] DEBUG LTCPro.ServiceLayer.Log4net - ---Executing GetMedicationReason() in EmarController----
2022-12-12 08:11:33,054 [17] DEBUG LTCPro.ServiceLayer.Log4net - ---Executing GetMedicationReason() in EmarService----
2022-12-12 08:11:33,096 [5] DEBUG LTCPro.ServiceLayer.Log4net - ---Executing GetUserToken() in UserService----
2022-12-12 08:11:33,125 [5] DEBUG LTCPro.ServiceLayer.Log4net - ---Executing GetPatientType() in ResidentDemographicController----
2022-12-12 08:11:33,126 [5] DEBUG LTCPro.ServiceLayer.Log4net - ---Executing GetPatientType() in EmarService----
2022-12-12 08:11:33,139 [5] DEBUG LTCPro.ServiceLayer.Log4net - ---Executed Successfully GetPatientType() in ResidentDemographicController----
2022-12-12 08:11:33,151 [17] DEBUG LTCPro.ServiceLayer.Log4net - ---Executed Successfully GetMedicationReason() in EmarController----
2022-12-12 08:11:33,233 [15] DEBUG LTCPro.ServiceLayer.Log4net - ---Executing GetUserToken() in UserService----
2022-12-12 08:11:33,254 [15] DEBUG LTCPro.ServiceLayer.Log4net - ---Executing GetDiagnosisDetails() in OrdersController----
2022-12-12 08:11:33,255 [15] DEBUG LTCPro.ServiceLayer.Log4net - ---Executing GetDiagnosisDetails() in OrdersService----
2022-12-12 08:11:33,320 [15] DEBUG LTCPro.ServiceLayer.Log4net - ---Executed Successfully GetDiagnosisDetails() in OrdersController----
2022-12-12 08:11:34,806 [16] DEBUG LTCPro.ServiceLayer.Log4net - ---Executed Successfully GetEmarOrdersList() in EmarController----
2022-12-12 08:11:35,003 [12] DEBUG LTCPro.ServiceLayer.Log4net - ---Executing GetUserToken() in UserService----
2022-12-12 08:11:35,032 [17] DEBUG LTCPro.ServiceLayer.Log4net - ---Executing GetUserToken() in UserService----
2022-12-12 08:11:35,042 [16] DEBUG LTCPro.ServiceLayer.Log4net - ---Executing GetUserToken() in UserService----
2022-12-12 08:11:35,079 [17] DEBUG LTCPro.ServiceLayer.Log4net - ---Executing GetVitalsCheckList() in EMARController----
2022-12-12 08:11:35,083 [16] DEBUG LTCPro.ServiceLayer.Log4net - ---Executing GetVitalsCheckList() in EMARController----
2022-12-12 08:11:35,086 [12] DEBUG LTCPro.ServiceLayer.Log4net - ---Executing GetVitalsCheckList() in EMARController----
2022-12-12 08:11:35,087 [15] DEBUG LTCPro.ServiceLayer.Log4net - ---Executing GetUserToken() in UserService----
2022-12-12 08:11:35,115 [15] DEBUG LTCPro.ServiceLayer.Log4net - ---Executing GetVitalsCheckList() in EMARController----
2022-12-12 08:11:35,120 [8] DEBUG LTCPro.ServiceLayer.Log4net - ---Executing GetUserToken() in UserService----
2022-12-12 08:11:35,160 [17] DEBUG LTCPro.ServiceLayer.Log4net - ---Executed Successfully GetVitalsCheckList() in EMARController----
2022-12-12 08:11:35,183 [16] DEBUG LTCPro.ServiceLayer.Log4net - ---Executed Successfully GetVitalsCheckList() in EMARController----
2022-12-12 08:11:35,213 [12] DEBUG LTCPro.ServiceLayer.Log4net - ---Executed Successfully GetVitalsCheckList() in EMARController----
2022-12-12 08:11:35,226 [14] DEBUG LTCPro.ServiceLayer.Log4net - ---Executing GetUserToken() in UserService----
2022-12-12 08:11:35,251 [15] DEBUG LTCPro.ServiceLayer.Log4net - ---Executed Successfully GetVitalsCheckList() in EMARController----
2022-12-12 08:11:35,260 [8] DEBUG LTCPro.ServiceLayer.Log4net - ---Executing GetVitalsCheckList() in EMARController----
2022-12-12 08:11:35,269 [14] DEBUG LTCPro.ServiceLayer.Log4net - ---Executing GetVitalsCheckList() in EMARController----
2022-12-12 08:11:35,276 [8] DEBUG LTCPro.ServiceLayer.Log4net - ---Executed Successfully GetVitalsCheckList() in EMARController----
2022-12-12 08:11:35,286 [14] DEBUG LTCPro.ServiceLayer.Log4net - ---Executed Successfully GetVitalsCheckList() in EMARController----
2022-12-12 08:12:15,801 [17] DEBUG LTCPro.ServiceLayer.Log4net - ---Executing GetUserToken() in UserService----
2022-12-12 08:12:15,801 [14] DEBUG LTCPro.ServiceLayer.Log4net - ---Executing GetUserToken() in UserService----
2022-12-12 08:12:15,804 [18] DEBUG LTCPro.ServiceLayer.Log4net - ---Executing GetUserToken() in UserService----
2022-12-12 08:12:15,809 [17] DEBUG LTCPro.ServiceLayer.Log4net - ---Executing GetVitalsCheckList() in EMARController----
2022-12-12 08:12:15,815 [18] DEBUG LTCPro.ServiceLayer.Log4net - ---Executing GetVitalsCheckList() in EMARController----
2022-12-12 08:12:15,824 [14] DEBUG LTCPro.ServiceLayer.Log4net - ---Executing GetVitalsCheckList() in EMARController----
2022-12-12 08:12:15,829 [17] DEBUG LTCPro.ServiceLayer.Log4net - ---Executed Successfully GetVitalsCheckList() in EMARController----
2022-12-12 08:12:15,838 [18] DEBUG LTCPro.ServiceLayer.Log4net - ---Executed Successfully GetVitalsCheckList() in EMARController----
2022-12-12 08:12:15,842 [14] DEBUG LTCPro.ServiceLayer.Log4net - ---Executed Successfully GetVitalsCheckList() in EMARController----
2022-12-12 08:12:15,843 [15] DEBUG LTCPro.ServiceLayer.Log4net - ---Executing GetUserToken() in UserService----
2022-12-12 08:12:15,866 [15] DEBUG LTCPro.ServiceLayer.Log4net - ---Executing GetVitalsCheckList() in EMARController----
2022-12-12 08:12:15,927 [8] DEBUG LTCPro.ServiceLayer.Log4net - ---Executing GetUserToken() in UserService----
2022-12-12 08:12:15,928 [5] DEBUG LTCPro.ServiceLayer.Log4net - ---Executing GetUserToken() in UserService----
2022-12-12 08:12:15,935 [8] DEBUG LTCPro.ServiceLayer.Log4net - ---Executing GetVitalsCheckList() in EMARController----
2022-12-12 08:12:15,935 [5] DEBUG LTCPro.ServiceLayer.Log4net - ---Executing GetVitalsCheckList() in EMARController----
2022-12-12 08:12:15,937 [15] DEBUG LTCPro.ServiceLayer.Log4net - ---Executed Successfully GetVitalsCheckList() in EMARController----
2022-12-12 08:12:15,947 [5] DEBUG LTCPro.ServiceLayer.Log4net - ---Executed Successfully GetVitalsCheckList() in EMARController----
2022-12-12 08:12:15,955 [8] DEBUG LTCPro.ServiceLayer.Log4net - ---Executed Successfully GetVitalsCheckList() in EMARController----
2022-12-12 08:12:24,039 [18] DEBUG LTCPro.ServiceLayer.Log4net - ---Executing GetUserToken() in UserService----
2022-12-12 08:12:24,040 [17] DEBUG LTCPro.ServiceLayer.Log4net - ---Executing GetUserToken() in UserService----
2022-12-12 08:12:24,047 [14] DEBUG LTCPro.ServiceLayer.Log4net - ---Executing GetUserToken() in UserService----
2022-12-12 08:12:24,056 [15] DEBUG LTCPro.ServiceLayer.Log4net - ---Executing GetUserToken() in UserService----
2022-12-12 08:12:24,061 [14] DEBUG LTCPro.ServiceLayer.Log4net - ---Executing GetVitalsCheckList() in EMARController----
2022-12-12 08:12:24,061 [18] DEBUG LTCPro.ServiceLayer.Log4net - ---Executing GetVitalsCheckList() in EMARController----
2022-12-12 08:12:24,065 [17] DEBUG LTCPro.ServiceLayer.Log4net - ---Executing GetVitalsCheckList() in EMARController----
2022-12-12 08:12:24,068 [15] DEBUG LTCPro.ServiceLayer.Log4net - ---Executing GetVitalsCheckList() in EMARController----
2022-12-12 08:12:24,080 [14] DEBUG LTCPro.ServiceLayer.Log4net - ---Executed Successfully GetVitalsCheckList() in EMARController----
2022-12-12 08:12:24,080 [18] DEBUG LTCPro.ServiceLayer.Log4net - ---Executed Successfully GetVitalsCheckList() in EMARController----
2022-12-12 08:12:24,115 [15] DEBUG LTCPro.ServiceLayer.Log4net - ---Executed Successfully GetVitalsCheckList() in EMARController----
2022-12-12 08:12:24,115 [12] DEBUG LTCPro.ServiceLayer.Log4net - ---Executing GetUserToken() in UserService----
2022-12-12 08:12:24,116 [17] DEBUG LTCPro.ServiceLayer.Log4net - ---Executed Successfully GetVitalsCheckList() in EMARController----
2022-12-12 08:12:24,120 [12] DEBUG LTCPro.ServiceLayer.Log4net - ---Executing GetVitalsCheckList() in EMARController----
2022-12-12 08:12:24,131 [8] DEBUG LTCPro.ServiceLayer.Log4net - ---Executing GetUserToken() in UserService----
2022-12-12 08:12:24,133 [12] DEBUG LTCPro.ServiceLayer.Log4net - ---Executed Successfully GetVitalsCheckList() in EMARController----
2022-12-12 08:12:24,140 [8] DEBUG LTCPro.ServiceLayer.Log4net - ---Executing GetVitalsCheckList() in EMARController----
2022-12-12 08:12:24,150 [8] DEBUG LTCPro.ServiceLayer.Log4net - ---Executed Successfully GetVitalsCheckList() in EMARController----
2022-12-12 08:12:30,708 [17] DEBUG LTCPro.ServiceLayer.Log4net - ---Executing GetUserToken() in UserService----
2022-12-12 08:12:30,709 [18] DEBUG LTCPro.ServiceLayer.Log4net - ---Executing GetUserToken() in UserService----
2022-12-12 08:12:30,722 [14] DEBUG LTCPro.ServiceLayer.Log4net - ---Executing GetUserToken() in UserService----
2022-12-12 08:12:30,727 [17] DEBUG LTCPro.ServiceLayer.Log4net - ---Executing GetVitalsCheckList() in EMARController----
2022-12-12 08:12:30,728 [12] DEBUG LTCPro.ServiceLayer.Log4net - ---Executing GetUserToken() in UserService----
2022-12-12 08:12:30,732 [18] DEBUG LTCPro.ServiceLayer.Log4net - ---Executing GetVitalsCheckList() in EMARController----
2022-12-12 08:12:30,734 [8] DEBUG LTCPro.ServiceLayer.Log4net - ---Executing GetUserToken() in UserService----
2022-12-12 08:12:30,735 [12] DEBUG LTCPro.ServiceLayer.Log4net - ---Executing GetVitalsCheckList() in EMARController----
2022-12-12 08:12:30,740 [14] DEBUG LTCPro.ServiceLayer.Log4net - ---Executing GetVitalsCheckList() in EMARController----
2022-12-12 08:12:30,740 [8] DEBUG LTCPro.ServiceLayer.Log4net - ---Executing GetVitalsCheckList() in EMARController----
2022-12-12 08:12:30,740 [17] DEBUG LTCPro.ServiceLayer.Log4net - ---Executed Successfully GetVitalsCheckList() in EMARController----
2022-12-12 08:12:30,754 [15] DEBUG LTCPro.ServiceLayer.Log4net - ---Executing GetUserToken() in UserService----
2022-12-12 08:12:30,766 [15] DEBUG LTCPro.ServiceLayer.Log4net - ---Executing GetVitalsCheckList() in EMARController----
2022-12-12 08:12:30,769 [18] DEBUG LTCPro.ServiceLayer.Log4net - ---Executed Successfully GetVitalsCheckList() in EMARController----
2022-12-12 08:12:30,775 [12] DEBUG LTCPro.ServiceLayer.Log4net - ---Executed Successfully GetVitalsCheckList() in EMARController----
2022-12-12 08:12:30,777 [8] DEBUG LTCPro.ServiceLayer.Log4net - ---Executed Successfully GetVitalsCheckList() in EMARController----
2022-12-12 08:12:30,778 [15] DEBUG LTCPro.ServiceLayer.Log4net - ---Executed Successfully GetVitalsCheckList() in EMARController----
2022-12-12 08:12:30,778 [14] DEBUG LTCPro.ServiceLayer.Log4net - ---Executed Successfully GetVitalsCheckList() in EMARController----
2022-12-12 08:15:48,751 [18] DEBUG LTCPro.ServiceLayer.Log4net - ---Executing GetUserToken() in UserService----
2022-12-12 08:15:48,781 [18] DEBUG LTCPro.ServiceLayer.Log4net - ---Executing GetReadMailsCount() in MailboxController----
2022-12-12 08:15:48,782 [18] DEBUG LTCPro.ServiceLayer.Log4net - ---Executing GetReadMailsCount() in MailboxService----
2022-12-12 08:15:48,799 [5] DEBUG LTCPro.ServiceLayer.Log4net - ---Executing GetUserToken() in UserService----
2022-12-12 08:15:48,808 [9] DEBUG LTCPro.ServiceLayer.Log4net - ---Executing GetUserToken() in UserService----
2022-12-12 08:15:48,826 [7] DEBUG LTCPro.ServiceLayer.Log4net - ---Executing GetUserToken() in UserService----
2022-12-12 08:15:48,829 [17] DEBUG LTCPro.ServiceLayer.Log4net - ---Executing GetUserToken() in UserService----
2022-12-12 08:15:48,833 [18] DEBUG LTCPro.ServiceLayer.Log4net - ---Executed successfully GetReadMailsCount() in MailboxController----
2022-12-12 08:15:48,838 [7] DEBUG LTCPro.ServiceLayer.Log4net - ---Executing GetDueMARAlertData() in EmarController----
2022-12-12 08:15:48,838 [7] DEBUG LTCPro.ServiceLayer.Log4net - ---Executing GetDueMARAlertData() in EmarService----
2022-12-12 08:15:48,847 [9] DEBUG LTCPro.ServiceLayer.Log4net - ---Executing GetOutboundErrorDetails() in CommonController----
2022-12-12 08:15:48,847 [9] DEBUG LTCPro.ServiceLayer.Log4net - ---Executing GetOutboundErrorDetails() in CommonService----
2022-12-12 08:15:48,853 [5] DEBUG LTCPro.ServiceLayer.Log4net - ---Executing GetAlertsDetails() in MailboxController----
2022-12-12 08:15:48,853 [5] DEBUG LTCPro.ServiceLayer.Log4net - ---Executing GetAlertsDetails() in MailboxService----
2022-12-12 08:15:48,870 [8] DEBUG LTCPro.ServiceLayer.Log4net - ---Executing GetUserToken() in UserService----
2022-12-12 08:15:48,911 [17] DEBUG LTCPro.ServiceLayer.Log4net - ---Executing GetPendingDosesList() in CommonController----
2022-12-12 08:15:48,911 [17] DEBUG LTCPro.ServiceLayer.Log4net - ---Executing GetPendingDosesList() in CommonService----
2022-12-12 08:15:48,933 [21] DEBUG LTCPro.ServiceLayer.Log4net - ---Executing GetUserToken() in UserService----
2022-12-12 08:15:48,980 [8] DEBUG LTCPro.ServiceLayer.Log4net - ---Executing GetUserPassedDueFlag() in UserController----
2022-12-12 08:15:48,980 [8] DEBUG LTCPro.ServiceLayer.Log4net - ---Executing GetUserPassedDueFlag() in UserService----
2022-12-12 08:15:49,000 [21] DEBUG LTCPro.ServiceLayer.Log4net - ---Executing GetDueMARAlertData() in EmarController----
2022-12-12 08:15:49,000 [21] DEBUG LTCPro.ServiceLayer.Log4net - ---Executing GetDueMARAlertData() in EmarService----
2022-12-12 08:15:49,002 [8] DEBUG LTCPro.ServiceLayer.Log4net - ---Executed Successfully GetUserPassedDueFlag() in UserController----
2022-12-12 08:15:49,009 [5] DEBUG LTCPro.ServiceLayer.Log4net - ---Executed successfully GetAlertsDetails() in MailboxController----
2022-12-12 08:15:49,023 [9] DEBUG LTCPro.ServiceLayer.Log4net - ---Executed Successfully GetOutboundErrorDetails() in CommonController----
2022-12-12 08:15:49,055 [14] DEBUG LTCPro.ServiceLayer.Log4net - ---Executing GetUserToken() in UserService----
2022-12-12 08:15:49,091 [17] DEBUG LTCPro.ServiceLayer.Log4net - ---Executed Successfully GetPendingDosesList() in CommonController----
2022-12-12 08:15:49,094 [14] DEBUG LTCPro.ServiceLayer.Log4net - ---Executing InsertUserActivityDetails() in CompanyController----
2022-12-12 08:15:49,094 [14] DEBUG LTCPro.ServiceLayer.Log4net - ---Executing InsertUserActivityDetails() in UserActivityService----
2022-12-12 08:15:49,107 [6] DEBUG LTCPro.ServiceLayer.Log4net - ---Executing GetUserToken() in UserService----
2022-12-12 08:15:49,107 [22] DEBUG LTCPro.ServiceLayer.Log4net - ---Executing GetUserToken() in UserService----
2022-12-12 08:15:49,120 [14] DEBUG LTCPro.ServiceLayer.Log4net - ---Executed Successfully InsertUserActivityDetails() in CompanyController----
2022-12-12 08:15:49,330 [22] DEBUG LTCPro.ServiceLayer.Log4net - ---Executing GetUserRecentFacNs() in UserController----
2022-12-12 08:15:49,331 [22] DEBUG LTCPro.ServiceLayer.Log4net - ---Executing GetUserRecentFacNs() in UserService----
2022-12-12 08:15:49,331 [6] DEBUG LTCPro.ServiceLayer.Log4net - ---Executing GetUserRecentFacNs() in UserController----
2022-12-12 08:15:49,331 [6] DEBUG LTCPro.ServiceLayer.Log4net - ---Executing GetUserRecentFacNs() in UserService----
2022-12-12 08:15:49,406 [22] DEBUG LTCPro.ServiceLayer.Log4net - ---Executed Successfully GetUserRecentFacNs() in UserController----
2022-12-12 08:15:49,408 [7] DEBUG LTCPro.ServiceLayer.Log4net - ---Executed Successfully GetDueMARAlertData() in EmarController----
2022-12-12 08:15:49,416 [6] DEBUG LTCPro.ServiceLayer.Log4net - ---Executed Successfully GetUserRecentFacNs() in UserController----
2022-12-12 08:15:49,541 [21] DEBUG LTCPro.ServiceLayer.Log4net - ---Executed Successfully GetDueMARAlertData() in EmarController----
2022-12-12 08:15:49,566 [8] DEBUG LTCPro.ServiceLayer.Log4net - ---Executing GetUserToken() in UserService----
2022-12-12 08:15:49,693 [8] DEBUG LTCPro.ServiceLayer.Log4net - ---Executing GetCompanyToBedData() in FacilityController----
2022-12-12 08:15:49,693 [8] DEBUG LTCPro.ServiceLayer.Log4net - ---Executing GetCompanyToBedData() in FacilityService----
2022-12-12 08:15:49,717 [17] DEBUG LTCPro.ServiceLayer.Log4net - ---Executing GetUserToken() in UserService----
2022-12-12 08:15:49,723 [17] DEBUG LTCPro.ServiceLayer.Log4net - ---Executing GetUserAccessFacilityNurseStaions() in FacilityController----
2022-12-12 08:15:49,723 [17] DEBUG LTCPro.ServiceLayer.Log4net - ---Executing GetUserAccessFacilityNurseStaions() in FacilityService----
2022-12-12 08:15:49,854 [17] DEBUG LTCPro.ServiceLayer.Log4net - ---Executed Successfully GetUserAccessFacilityNurseStaions() in FacilityController----
2022-12-12 08:15:50,009 [8] DEBUG LTCPro.ServiceLayer.Log4net - ---Executed Successfully GetCompanyToBedData() in FacilityController----
2022-12-12 08:15:50,032 [15] DEBUG LTCPro.ServiceLayer.Log4net - ---Executing GetUserToken() in UserService----
2022-12-12 08:15:50,045 [15] DEBUG LTCPro.ServiceLayer.Log4net - ---Executing UserNurseStationDrop() in FacilityController----
2022-12-12 08:15:50,045 [15] DEBUG LTCPro.ServiceLayer.Log4net - ---Executing UserNurseStationDrop() in FacilityService----
2022-12-12 08:15:50,059 [15] DEBUG LTCPro.ServiceLayer.Log4net - ---Executed Successfully UserNurseStationDrop() in FacilityController----
2022-12-12 08:15:50,247 [18] DEBUG LTCPro.ServiceLayer.Log4net - ---Executing GetUserToken() in UserService----
2022-12-12 08:15:50,256 [18] DEBUG LTCPro.ServiceLayer.Log4net - ---Executing GetDrFirstFlagForCompanyByNSId() in CompanyController----
2022-12-12 08:15:50,256 [18] DEBUG LTCPro.ServiceLayer.Log4net - ---Executing GetDrFirstFlagForCompanyByNSId() in CompanyService----
2022-12-12 08:15:50,258 [14] DEBUG LTCPro.ServiceLayer.Log4net - ---Executing GetUserToken() in UserService----
2022-12-12 08:15:50,264 [14] DEBUG LTCPro.ServiceLayer.Log4net - ---Executing GetNursingScheduleData() in EmarController----
2022-12-12 08:15:50,264 [14] DEBUG LTCPro.ServiceLayer.Log4net - ---Executing GetNursingScheduleData() in EmarService----
2022-12-12 08:15:50,267 [18] DEBUG LTCPro.ServiceLayer.Log4net - ---Executed Successfully GetDrFirstFlagForCompanyByNSId() in CompanyController----
2022-12-12 08:15:50,304 [9] DEBUG LTCPro.ServiceLayer.Log4net - ---Executing GetUserToken() in UserService----
2022-12-12 08:15:50,370 [9] DEBUG LTCPro.ServiceLayer.Log4net - ---Executing GetTimeZoneDate() in CommonController----
2022-12-12 08:15:50,370 [9] DEBUG LTCPro.ServiceLayer.Log4net - ---Executing GetTimeZoneDate() in CommonService----
2022-12-12 08:15:50,584 [9] DEBUG LTCPro.ServiceLayer.Log4net - ---Executed Successfully GetTimeZoneDate() in CommonController----
2022-12-12 08:15:50,879 [17] DEBUG LTCPro.ServiceLayer.Log4net - ---Executing GetUserToken() in UserService----
2022-12-12 08:15:50,886 [17] DEBUG LTCPro.ServiceLayer.Log4net - ---Executing GetPendingOrdersGridData() in OrdersController----
2022-12-12 08:15:50,886 [17] DEBUG LTCPro.ServiceLayer.Log4net - ---Executing GetPendingOrdersGridData() in OrdersService----
2022-12-12 08:15:51,036 [17] DEBUG LTCPro.ServiceLayer.Log4net - ---Executed Successfully GetPendingOrdersGridData() in OrdersController----
2022-12-12 08:15:52,721 [14] DEBUG LTCPro.ServiceLayer.Log4net - ---Executed Successfully GetNursingScheduleData() in EmarController----
2022-12-12 08:15:52,784 [15] DEBUG LTCPro.ServiceLayer.Log4net - ---Executing GetUserToken() in UserService----
2022-12-12 08:15:52,789 [15] DEBUG LTCPro.ServiceLayer.Log4net - ---Executing GetNurseShiftDrop() in CommonController----
2022-12-12 08:15:52,789 [15] DEBUG LTCPro.ServiceLayer.Log4net - ---Executing GetNurseShiftDrop() in CommonService----
2022-12-12 08:15:52,897 [15] DEBUG LTCPro.ServiceLayer.Log4net - ---Executed Successfully GetNurseShiftDrop() in CommonController----
2022-12-12 08:16:09,196 [15] DEBUG LTCPro.ServiceLayer.Log4net - ---Executing GetUserToken() in UserService----
2022-12-12 08:16:09,202 [15] DEBUG LTCPro.ServiceLayer.Log4net - ---Executing GetEmarResidentGridData() in EmarController----
2022-12-12 08:16:09,202 [15] DEBUG LTCPro.ServiceLayer.Log4net - ---Executing GetEmarResidentGridData() in EmarService----
2022-12-12 08:16:09,546 [15] DEBUG LTCPro.ServiceLayer.Log4net - ---Executed Successfully GetEmarResidentGridData() in EmarController----
2022-12-12 08:16:11,098 [14] DEBUG LTCPro.ServiceLayer.Log4net - ---Executing GetUserToken() in UserService----
2022-12-12 08:16:11,105 [14] DEBUG LTCPro.ServiceLayer.Log4net - ---Executing GetResidentInformation() in ResidentDemographicController----
2022-12-12 08:16:11,105 [14] DEBUG LTCPro.ServiceLayer.Log4net - ---Executing GetResidentInformation() in ResidentDemographicService----
2022-12-12 08:16:11,234 [14] DEBUG LTCPro.ServiceLayer.Log4net - ---Executed Successfully GetResidentInformation() in ResidentDemographicController----
2022-12-12 08:16:11,321 [9] DEBUG LTCPro.ServiceLayer.Log4net - ---Executing GetUserToken() in UserService----
2022-12-12 08:16:11,337 [17] DEBUG LTCPro.ServiceLayer.Log4net - ---Executing GetUserToken() in UserService----
2022-12-12 08:16:11,344 [17] DEBUG LTCPro.ServiceLayer.Log4net - ---Executing GetLiteralOrderGridData() in OrdersController----
2022-12-12 08:16:11,344 [17] DEBUG LTCPro.ServiceLayer.Log4net - ---Executing GetLiteralOrderGridData() in OrdersService----
2022-12-12 08:16:11,352 [9] DEBUG LTCPro.ServiceLayer.Log4net - ---Executing GetPendingOrdersGridData() in OrdersController----
2022-12-12 08:16:11,352 [9] DEBUG LTCPro.ServiceLayer.Log4net - ---Executing GetPendingOrdersGridData() in OrdersService----
2022-12-12 08:16:11,370 [6] DEBUG LTCPro.ServiceLayer.Log4net - ---Executing GetUserToken() in UserService----
2022-12-12 08:16:11,380 [21] DEBUG LTCPro.ServiceLayer.Log4net - ---Executing GetUserToken() in UserService----
2022-12-12 08:16:11,388 [6] DEBUG LTCPro.ServiceLayer.Log4net - ---Executing GetEmarOrdersList() in EmarController----
2022-12-12 08:16:11,388 [6] DEBUG LTCPro.ServiceLayer.Log4net - ---Executing GetEmarOrdersList() in EmarService----
2022-12-12 08:16:11,393 [22] DEBUG LTCPro.ServiceLayer.Log4net - ---Executing GetUserToken() in UserService----
2022-12-12 08:16:11,396 [21] DEBUG LTCPro.ServiceLayer.Log4net - ---Executing GetMedicationReason() in EmarController----
2022-12-12 08:16:11,396 [21] DEBUG LTCPro.ServiceLayer.Log4net - ---Executing GetMedicationReason() in EmarService----
2022-12-12 08:16:11,398 [9] DEBUG LTCPro.ServiceLayer.Log4net - ---Executed Successfully GetPendingOrdersGridData() in OrdersController----
2022-12-12 08:16:11,401 [22] DEBUG LTCPro.ServiceLayer.Log4net - ---Executing GetPatientType() in ResidentDemographicController----
2022-12-12 08:16:11,401 [22] DEBUG LTCPro.ServiceLayer.Log4net - ---Executing GetPatientType() in EmarService----
2022-12-12 08:16:11,421 [21] DEBUG LTCPro.ServiceLayer.Log4net - ---Executed Successfully GetMedicationReason() in EmarController----
2022-12-12 08:16:11,424 [22] DEBUG LTCPro.ServiceLayer.Log4net - ---Executed Successfully GetPatientType() in ResidentDemographicController----
2022-12-12 08:16:11,477 [17] DEBUG LTCPro.ServiceLayer.Log4net - ---Executed Successfully GetLiteralOrderGridData() in OrdersController----
2022-12-12 08:16:11,622 [7] DEBUG LTCPro.ServiceLayer.Log4net - ---Executing GetUserToken() in UserService----
2022-12-12 08:16:11,627 [7] DEBUG LTCPro.ServiceLayer.Log4net - ---Executing GetDiagnosisDetails() in OrdersController----
2022-12-12 08:16:11,627 [7] DEBUG LTCPro.ServiceLayer.Log4net - ---Executing GetDiagnosisDetails() in OrdersService----
2022-12-12 08:16:11,638 [7] DEBUG LTCPro.ServiceLayer.Log4net - ---Executed Successfully GetDiagnosisDetails() in OrdersController----
2022-12-12 08:16:13,243 [6] DEBUG LTCPro.ServiceLayer.Log4net - ---Executed Successfully GetEmarOrdersList() in EmarController----
2022-12-12 08:16:13,348 [7] DEBUG LTCPro.ServiceLayer.Log4net - ---Executing GetUserToken() in UserService----
2022-12-12 08:16:13,353 [21] DEBUG LTCPro.ServiceLayer.Log4net - ---Executing GetUserToken() in UserService----
2022-12-12 08:16:13,400 [7] DEBUG LTCPro.ServiceLayer.Log4net - ---Executing GetVitalsCheckList() in EMARController----
2022-12-12 08:16:13,408 [21] DEBUG LTCPro.ServiceLayer.Log4net - ---Executing GetVitalsCheckList() in EMARController----
2022-12-12 08:16:13,409 [9] DEBUG LTCPro.ServiceLayer.Log4net - ---Executing GetUserToken() in UserService----
2022-12-12 08:16:13,416 [7] DEBUG LTCPro.ServiceLayer.Log4net - ---Executed Successfully GetVitalsCheckList() in EMARController----
2022-12-12 08:16:13,422 [9] DEBUG LTCPro.ServiceLayer.Log4net - ---Executing GetVitalsCheckList() in EMARController----
2022-12-12 08:16:13,426 [17] DEBUG LTCPro.ServiceLayer.Log4net - ---Executing GetUserToken() in UserService----
2022-12-12 08:16:13,437 [21] DEBUG LTCPro.ServiceLayer.Log4net - ---Executed Successfully GetVitalsCheckList() in EMARController----
2022-12-12 08:16:13,437 [17] DEBUG LTCPro.ServiceLayer.Log4net - ---Executing GetVitalsCheckList() in EMARController----
2022-12-12 08:16:13,458 [9] DEBUG LTCPro.ServiceLayer.Log4net - ---Executed Successfully GetVitalsCheckList() in EMARController----
2022-12-12 08:16:13,460 [17] DEBUG LTCPro.ServiceLayer.Log4net - ---Executed Successfully GetVitalsCheckList() in EMARController----
2022-12-12 08:16:13,478 [15] DEBUG LTCPro.ServiceLayer.Log4net - ---Executing GetUserToken() in UserService----
2022-12-12 08:16:13,500 [15] DEBUG LTCPro.ServiceLayer.Log4net - ---Executing GetVitalsCheckList() in EMARController----
2022-12-12 08:16:13,509 [15] DEBUG LTCPro.ServiceLayer.Log4net - ---Executed Successfully GetVitalsCheckList() in EMARController----
2022-12-12 08:16:13,527 [17] DEBUG LTCPro.ServiceLayer.Log4net - ---Executing GetUserToken() in UserService----
2022-12-12 08:16:13,531 [17] DEBUG LTCPro.ServiceLayer.Log4net - ---Executing GetVitalsCheckList() in EMARController----
2022-12-12 08:16:13,541 [17] DEBUG LTCPro.ServiceLayer.Log4net - ---Executed Successfully GetVitalsCheckList() in EMARController----
2022-12-12 08:18:53,429 [23] DEBUG LTCPro.ServiceLayer.Log4net - ---Executing GetUserToken() in UserService----
2022-12-12 08:18:53,441 [24] DEBUG LTCPro.ServiceLayer.Log4net - ---Executing GetUserToken() in UserService----
2022-12-12 08:18:53,481 [23] DEBUG LTCPro.ServiceLayer.Log4net - ---Executing GetPendingDosesList() in CommonController----
2022-12-12 08:18:53,481 [23] DEBUG LTCPro.ServiceLayer.Log4net - ---Executing GetPendingDosesList() in CommonService----
2022-12-12 08:18:53,481 [24] DEBUG LTCPro.ServiceLayer.Log4net - ---Executing GetAlertsDetails() in MailboxController----
2022-12-12 08:18:53,481 [24] DEBUG LTCPro.ServiceLayer.Log4net - ---Executing GetAlertsDetails() in MailboxService----
2022-12-12 08:18:53,495 [22] DEBUG LTCPro.ServiceLayer.Log4net - ---Executing GetUserToken() in UserService----
2022-12-12 08:18:53,513 [22] DEBUG LTCPro.ServiceLayer.Log4net - ---Executing GetReadMailsCount() in MailboxController----
2022-12-12 08:18:53,513 [22] DEBUG LTCPro.ServiceLayer.Log4net - ---Executing GetReadMailsCount() in MailboxService----
2022-12-12 08:18:53,513 [25] DEBUG LTCPro.ServiceLayer.Log4net - ---Executing GetUserToken() in UserService----
2022-12-12 08:18:53,518 [25] DEBUG LTCPro.ServiceLayer.Log4net - ---Executing GetDueMARAlertData() in EmarController----
2022-12-12 08:18:53,518 [25] DEBUG LTCPro.ServiceLayer.Log4net - ---Executing GetDueMARAlertData() in EmarService----
2022-12-12 08:18:53,522 [20] DEBUG LTCPro.ServiceLayer.Log4net - ---Executing GetUserToken() in UserService----
2022-12-12 08:18:53,524 [22] DEBUG LTCPro.ServiceLayer.Log4net - ---Executed successfully GetReadMailsCount() in MailboxController----
2022-12-12 08:18:53,528 [20] DEBUG LTCPro.ServiceLayer.Log4net - ---Executing GetDueMARAlertData() in EmarController----
2022-12-12 08:18:53,528 [20] DEBUG LTCPro.ServiceLayer.Log4net - ---Executing GetDueMARAlertData() in EmarService----
2022-12-12 08:18:53,533 [24] DEBUG LTCPro.ServiceLayer.Log4net - ---Executed successfully GetAlertsDetails() in MailboxController----
2022-12-12 08:18:53,553 [24] DEBUG LTCPro.ServiceLayer.Log4net - ---Executing GetUserToken() in UserService----
2022-12-12 08:18:53,584 [24] DEBUG LTCPro.ServiceLayer.Log4net - ---Executing GetUserPassedDueFlag() in UserController----
2022-12-12 08:18:53,584 [24] DEBUG LTCPro.ServiceLayer.Log4net - ---Executing GetUserPassedDueFlag() in UserService----
2022-12-12 08:18:53,589 [24] DEBUG LTCPro.ServiceLayer.Log4net - ---Executed Successfully GetUserPassedDueFlag() in UserController----
2022-12-12 08:18:53,610 [24] DEBUG LTCPro.ServiceLayer.Log4net - ---Executing GetUserToken() in UserService----
2022-12-12 08:18:53,617 [24] DEBUG LTCPro.ServiceLayer.Log4net - ---Executing GetOutboundErrorDetails() in CommonController----
2022-12-12 08:18:53,617 [24] DEBUG LTCPro.ServiceLayer.Log4net - ---Executing GetOutboundErrorDetails() in CommonService----
2022-12-12 08:18:53,622 [23] DEBUG LTCPro.ServiceLayer.Log4net - ---Executed Successfully GetPendingDosesList() in CommonController----
2022-12-12 08:18:53,684 [23] DEBUG LTCPro.ServiceLayer.Log4net - ---Executing GetUserToken() in UserService----
2022-12-12 08:18:53,688 [23] DEBUG LTCPro.ServiceLayer.Log4net - ---Executing GetUserRecentFacNs() in UserController----
2022-12-12 08:18:53,688 [23] DEBUG LTCPro.ServiceLayer.Log4net - ---Executing GetUserRecentFacNs() in UserService----
2022-12-12 08:18:53,698 [23] DEBUG LTCPro.ServiceLayer.Log4net - ---Executed Successfully GetUserRecentFacNs() in UserController----
2022-12-12 08:18:53,718 [23] DEBUG LTCPro.ServiceLayer.Log4net - ---Executing GetUserToken() in UserService----
2022-12-12 08:18:53,722 [23] DEBUG LTCPro.ServiceLayer.Log4net - ---Executing GetUserRecentFacNs() in UserController----
2022-12-12 08:18:53,722 [23] DEBUG LTCPro.ServiceLayer.Log4net - ---Executing GetUserRecentFacNs() in UserService----
2022-12-12 08:18:53,729 [23] DEBUG LTCPro.ServiceLayer.Log4net - ---Executed Successfully GetUserRecentFacNs() in UserController----
2022-12-12 08:18:53,740 [23] DEBUG LTCPro.ServiceLayer.Log4net - ---Executing GetUserToken() in UserService----
2022-12-12 08:18:53,744 [23] DEBUG LTCPro.ServiceLayer.Log4net - ---Executing InsertUserActivityDetails() in CompanyController----
2022-12-12 08:18:53,744 [23] DEBUG LTCPro.ServiceLayer.Log4net - ---Executing InsertUserActivityDetails() in UserActivityService----
2022-12-12 08:18:53,750 [23] DEBUG LTCPro.ServiceLayer.Log4net - ---Executed Successfully InsertUserActivityDetails() in CompanyController----
2022-12-12 08:18:53,771 [23] DEBUG LTCPro.ServiceLayer.Log4net - ---Executing GetUserToken() in UserService----
2022-12-12 08:18:53,775 [23] DEBUG LTCPro.ServiceLayer.Log4net - ---Executing GetUserAccessFacilityNurseStaions() in FacilityController----
2022-12-12 08:18:53,775 [23] DEBUG LTCPro.ServiceLayer.Log4net - ---Executing GetUserAccessFacilityNurseStaions() in FacilityService----
2022-12-12 08:18:53,784 [23] DEBUG LTCPro.ServiceLayer.Log4net - ---Executed Successfully GetUserAccessFacilityNurseStaions() in FacilityController----
2022-12-12 08:18:53,799 [23] DEBUG LTCPro.ServiceLayer.Log4net - ---Executing GetUserToken() in UserService----
2022-12-12 08:18:53,804 [23] DEBUG LTCPro.ServiceLayer.Log4net - ---Executing GetCompanyToBedData() in FacilityController----
2022-12-12 08:18:53,804 [23] DEBUG LTCPro.ServiceLayer.Log4net - ---Executing GetCompanyToBedData() in FacilityService----
2022-12-12 08:18:53,887 [23] DEBUG LTCPro.ServiceLayer.Log4net - ---Executed Successfully GetCompanyToBedData() in FacilityController----
2022-12-12 08:18:53,967 [23] DEBUG LTCPro.ServiceLayer.Log4net - ---Executing GetUserToken() in UserService----
2022-12-12 08:18:53,972 [23] DEBUG LTCPro.ServiceLayer.Log4net - ---Executing UserNurseStationDrop() in FacilityController----
2022-12-12 08:18:53,972 [23] DEBUG LTCPro.ServiceLayer.Log4net - ---Executing UserNurseStationDrop() in FacilityService----
2022-12-12 08:18:53,982 [23] DEBUG LTCPro.ServiceLayer.Log4net - ---Executed Successfully UserNurseStationDrop() in FacilityController----
2022-12-12 08:18:54,028 [25] DEBUG LTCPro.ServiceLayer.Log4net - ---Executed Successfully GetDueMARAlertData() in EmarController----
2022-12-12 08:18:54,044 [23] DEBUG LTCPro.ServiceLayer.Log4net - ---Executing GetUserToken() in UserService----
2022-12-12 08:18:54,050 [23] DEBUG LTCPro.ServiceLayer.Log4net - ---Executing GetDrFirstFlagForCompanyByNSId() in CompanyController----
2022-12-12 08:18:54,050 [23] DEBUG LTCPro.ServiceLayer.Log4net - ---Executing GetDrFirstFlagForCompanyByNSId() in CompanyService----
2022-12-12 08:18:54,060 [23] DEBUG LTCPro.ServiceLayer.Log4net - ---Executed Successfully GetDrFirstFlagForCompanyByNSId() in CompanyController----
2022-12-12 08:18:54,062 [20] DEBUG LTCPro.ServiceLayer.Log4net - ---Executed Successfully GetDueMARAlertData() in EmarController----
2022-12-12 08:18:54,085 [23] DEBUG LTCPro.ServiceLayer.Log4net - ---Executing GetUserToken() in UserService----
2022-12-12 08:18:54,120 [24] DEBUG LTCPro.ServiceLayer.Log4net - ---Executed Successfully GetOutboundErrorDetails() in CommonController----
2022-12-12 08:18:54,151 [20] DEBUG LTCPro.ServiceLayer.Log4net - ---Executing GetUserToken() in UserService----
2022-12-12 08:18:54,156 [20] DEBUG LTCPro.ServiceLayer.Log4net - ---Executing GetTimeZoneDate() in CommonController----
2022-12-12 08:18:54,156 [20] DEBUG LTCPro.ServiceLayer.Log4net - ---Executing GetTimeZoneDate() in CommonService----
2022-12-12 08:18:54,159 [20] DEBUG LTCPro.ServiceLayer.Log4net - ---Executed Successfully GetTimeZoneDate() in CommonController----
2022-12-12 08:18:54,360 [25] DEBUG LTCPro.ServiceLayer.Log4net - ---Executing GetUserToken() in UserService----
2022-12-12 08:18:54,365 [25] DEBUG LTCPro.ServiceLayer.Log4net - ---Executing GetPendingOrdersGridData() in OrdersController----
2022-12-12 08:18:54,365 [25] DEBUG LTCPro.ServiceLayer.Log4net - ---Executing GetPendingOrdersGridData() in OrdersService----
2022-12-12 08:18:54,403 [23] DEBUG LTCPro.ServiceLayer.Log4net - ---Executing GetNursingScheduleData() in EmarController----
2022-12-12 08:18:54,404 [23] DEBUG LTCPro.ServiceLayer.Log4net - ---Executing GetNursingScheduleData() in EmarService----
2022-12-12 08:18:54,460 [25] DEBUG LTCPro.ServiceLayer.Log4net - ---Executed Successfully GetPendingOrdersGridData() in OrdersController----
2022-12-12 08:18:55,833 [23] DEBUG LTCPro.ServiceLayer.Log4net - ---Executed Successfully GetNursingScheduleData() in EmarController----
2022-12-12 08:18:55,882 [24] DEBUG LTCPro.ServiceLayer.Log4net - ---Executing GetUserToken() in UserService----
2022-12-12 08:18:55,898 [24] DEBUG LTCPro.ServiceLayer.Log4net - ---Executing GetNurseShiftDrop() in CommonController----
2022-12-12 08:18:55,898 [24] DEBUG LTCPro.ServiceLayer.Log4net - ---Executing GetNurseShiftDrop() in CommonService----
2022-12-12 08:18:56,000 [24] DEBUG LTCPro.ServiceLayer.Log4net - ---Executed Successfully GetNurseShiftDrop() in CommonController----
2022-12-12 08:19:30,975 [23] DEBUG LTCPro.ServiceLayer.Log4net - ---Executing GetUserToken() in UserService----
2022-12-12 08:19:30,980 [23] DEBUG LTCPro.ServiceLayer.Log4net - ---Executing GetEmarResidentGridData() in EmarController----
2022-12-12 08:19:30,980 [23] DEBUG LTCPro.ServiceLayer.Log4net - ---Executing GetEmarResidentGridData() in EmarService----
2022-12-12 08:19:31,332 [23] DEBUG LTCPro.ServiceLayer.Log4net - ---Executed Successfully GetEmarResidentGridData() in EmarController----
2022-12-12 08:19:33,004 [17] DEBUG LTCPro.ServiceLayer.Log4net - ---Executing GetUserToken() in UserService----
2022-12-12 08:19:33,018 [17] DEBUG LTCPro.ServiceLayer.Log4net - ---Executing GetOrdersGridData() in OrdersController----
2022-12-12 08:19:33,019 [17] DEBUG LTCPro.ServiceLayer.Log4net - ---Executing GetOrdersGridData() in OrdersService----
2022-12-12 08:19:33,065 [17] DEBUG LTCPro.ServiceLayer.Log4net - ---Executed Successfully GetOrdersGridData() in OrdersController----
2022-12-12 08:19:34,174 [17] DEBUG LTCPro.ServiceLayer.Log4net - ---Executing GetUserToken() in UserService----
2022-12-12 08:19:34,187 [17] DEBUG LTCPro.ServiceLayer.Log4net - ---Executing GetResidentInformation() in ResidentDemographicController----
2022-12-12 08:19:34,187 [17] DEBUG LTCPro.ServiceLayer.Log4net - ---Executing GetResidentInformation() in ResidentDemographicService----
2022-12-12 08:19:34,295 [17] DEBUG LTCPro.ServiceLayer.Log4net - ---Executed Successfully GetResidentInformation() in ResidentDemographicController----
2022-12-12 08:19:34,365 [19] DEBUG LTCPro.ServiceLayer.Log4net - ---Executing GetUserToken() in UserService----
2022-12-12 08:19:34,375 [25] DEBUG LTCPro.ServiceLayer.Log4net - ---Executing GetUserToken() in UserService----
2022-12-12 08:19:34,381 [19] DEBUG LTCPro.ServiceLayer.Log4net - ---Executing GetEmarOrdersList() in EmarController----
2022-12-12 08:19:34,381 [19] DEBUG LTCPro.ServiceLayer.Log4net - ---Executing GetEmarOrdersList() in EmarService----
2022-12-12 08:19:34,386 [23] DEBUG LTCPro.ServiceLayer.Log4net - ---Executing GetUserToken() in UserService----
2022-12-12 08:19:34,387 [25] DEBUG LTCPro.ServiceLayer.Log4net - ---Executing GetMedicationReason() in EmarController----
2022-12-12 08:19:34,387 [25] DEBUG LTCPro.ServiceLayer.Log4net - ---Executing GetMedicationReason() in EmarService----
2022-12-12 08:19:34,393 [22] DEBUG LTCPro.ServiceLayer.Log4net - ---Executing GetUserToken() in UserService----
2022-12-12 08:19:34,395 [23] DEBUG LTCPro.ServiceLayer.Log4net - ---Executing GetLiteralOrderGridData() in OrdersController----
2022-12-12 08:19:34,395 [23] DEBUG LTCPro.ServiceLayer.Log4net - ---Executing GetLiteralOrderGridData() in OrdersService----
2022-12-12 08:19:34,397 [25] DEBUG LTCPro.ServiceLayer.Log4net - ---Executed Successfully GetMedicationReason() in EmarController----
2022-12-12 08:19:34,400 [22] DEBUG LTCPro.ServiceLayer.Log4net - ---Executing GetPendingOrdersGridData() in OrdersController----
2022-12-12 08:19:34,401 [22] DEBUG LTCPro.ServiceLayer.Log4net - ---Executing GetPendingOrdersGridData() in OrdersService----
2022-12-12 08:19:34,423 [24] DEBUG LTCPro.ServiceLayer.Log4net - ---Executing GetUserToken() in UserService----
2022-12-12 08:19:34,430 [24] DEBUG LTCPro.ServiceLayer.Log4net - ---Executing GetPatientType() in ResidentDemographicController----
2022-12-12 08:19:34,430 [24] DEBUG LTCPro.ServiceLayer.Log4net - ---Executing GetPatientType() in EmarService----
2022-12-12 08:19:34,466 [22] DEBUG LTCPro.ServiceLayer.Log4net - ---Executed Successfully GetPendingOrdersGridData() in OrdersController----
2022-12-12 08:19:34,466 [24] DEBUG LTCPro.ServiceLayer.Log4net - ---Executed Successfully GetPatientType() in ResidentDemographicController----
2022-12-12 08:19:34,517 [23] DEBUG LTCPro.ServiceLayer.Log4net - ---Executed Successfully GetLiteralOrderGridData() in OrdersController----
2022-12-12 08:19:34,704 [20] DEBUG LTCPro.ServiceLayer.Log4net - ---Executing GetUserToken() in UserService----
2022-12-12 08:19:34,709 [20] DEBUG LTCPro.ServiceLayer.Log4net - ---Executing GetDiagnosisDetails() in OrdersController----
2022-12-12 08:19:34,709 [20] DEBUG LTCPro.ServiceLayer.Log4net - ---Executing GetDiagnosisDetails() in OrdersService----
2022-12-12 08:19:34,722 [20] DEBUG LTCPro.ServiceLayer.Log4net - ---Executed Successfully GetDiagnosisDetails() in OrdersController----
2022-12-12 08:19:36,245 [19] DEBUG LTCPro.ServiceLayer.Log4net - ---Executed Successfully GetEmarOrdersList() in EmarController----
2022-12-12 08:19:36,326 [19] DEBUG LTCPro.ServiceLayer.Log4net - ---Executing GetUserToken() in UserService----
2022-12-12 08:19:36,326 [25] DEBUG LTCPro.ServiceLayer.Log4net - ---Executing GetUserToken() in UserService----
2022-12-12 08:19:36,334 [25] DEBUG LTCPro.ServiceLayer.Log4net - ---Executing GetVitalsCheckList() in EMARController----
2022-12-12 08:19:36,334 [19] DEBUG LTCPro.ServiceLayer.Log4net - ---Executing GetVitalsCheckList() in EMARController----
2022-12-12 08:19:36,344 [19] DEBUG LTCPro.ServiceLayer.Log4net - ---Executed Successfully GetVitalsCheckList() in EMARController----
2022-12-12 08:19:36,348 [25] DEBUG LTCPro.ServiceLayer.Log4net - ---Executed Successfully GetVitalsCheckList() in EMARController----
2022-12-12 08:19:36,353 [17] DEBUG LTCPro.ServiceLayer.Log4net - ---Executing GetUserToken() in UserService----
2022-12-12 08:19:36,355 [20] DEBUG LTCPro.ServiceLayer.Log4net - ---Executing GetUserToken() in UserService----
2022-12-12 08:19:36,392 [17] DEBUG LTCPro.ServiceLayer.Log4net - ---Executing GetVitalsCheckList() in EMARController----
2022-12-12 08:19:36,399 [20] DEBUG LTCPro.ServiceLayer.Log4net - ---Executing GetVitalsCheckList() in EMARController----
2022-12-12 08:19:36,402 [17] DEBUG LTCPro.ServiceLayer.Log4net - ---Executed Successfully GetVitalsCheckList() in EMARController----
2022-12-12 08:19:36,402 [19] DEBUG LTCPro.ServiceLayer.Log4net - ---Executing GetUserToken() in UserService----
2022-12-12 08:19:36,417 [19] DEBUG LTCPro.ServiceLayer.Log4net - ---Executing GetVitalsCheckList() in EMARController----
2022-12-12 08:19:36,429 [20] DEBUG LTCPro.ServiceLayer.Log4net - ---Executed Successfully GetVitalsCheckList() in EMARController----
2022-12-12 08:19:36,438 [25] DEBUG LTCPro.ServiceLayer.Log4net - ---Executing GetUserToken() in UserService----
2022-12-12 08:19:36,443 [25] DEBUG LTCPro.ServiceLayer.Log4net - ---Executing GetVitalsCheckList() in EMARController----
2022-12-12 08:19:36,443 [19] DEBUG LTCPro.ServiceLayer.Log4net - ---Executed Successfully GetVitalsCheckList() in EMARController----
2022-12-12 08:19:36,454 [25] DEBUG LTCPro.ServiceLayer.Log4net - ---Executed Successfully GetVitalsCheckList() in EMARController----
2022-12-12 08:20:50,799 [25] DEBUG LTCPro.ServiceLayer.Log4net - ---Executing GetUserToken() in UserService----
2022-12-12 08:20:50,799 [19] DEBUG LTCPro.ServiceLayer.Log4net - ---Executing GetUserToken() in UserService----
2022-12-12 08:20:50,800 [21] DEBUG LTCPro.ServiceLayer.Log4net - ---Executing GetUserToken() in UserService----
2022-12-12 08:20:50,823 [19] DEBUG LTCPro.ServiceLayer.Log4net - ---Executing GetVitalsCheckList() in EMARController----
2022-12-12 08:20:50,823 [25] DEBUG LTCPro.ServiceLayer.Log4net - ---Executing GetVitalsCheckList() in EMARController----
2022-12-12 08:20:50,826 [21] DEBUG LTCPro.ServiceLayer.Log4net - ---Executing GetVitalsCheckList() in EMARController----
2022-12-12 08:20:50,843 [20] DEBUG LTCPro.ServiceLayer.Log4net - ---Executing GetUserToken() in UserService----
2022-12-12 08:20:50,848 [25] DEBUG LTCPro.ServiceLayer.Log4net - ---Executed Successfully GetVitalsCheckList() in EMARController----
2022-12-12 08:20:50,855 [21] DEBUG LTCPro.ServiceLayer.Log4net - ---Executed Successfully GetVitalsCheckList() in EMARController----
2022-12-12 08:20:50,856 [19] DEBUG LTCPro.ServiceLayer.Log4net - ---Executed Successfully GetVitalsCheckList() in EMARController----
2022-12-12 08:20:50,861 [20] DEBUG LTCPro.ServiceLayer.Log4net - ---Executing GetVitalsCheckList() in EMARController----
2022-12-12 08:20:50,864 [23] DEBUG LTCPro.ServiceLayer.Log4net - ---Executing GetUserToken() in UserService----
2022-12-12 08:20:50,866 [22] DEBUG LTCPro.ServiceLayer.Log4net - ---Executing GetUserToken() in UserService----
2022-12-12 08:20:50,869 [23] DEBUG LTCPro.ServiceLayer.Log4net - ---Executing GetVitalsCheckList() in EMARController----
2022-12-12 08:20:50,871 [22] DEBUG LTCPro.ServiceLayer.Log4net - ---Executing GetVitalsCheckList() in EMARController----
2022-12-12 08:20:50,871 [20] DEBUG LTCPro.ServiceLayer.Log4net - ---Executed Successfully GetVitalsCheckList() in EMARController----
2022-12-12 08:20:50,880 [22] DEBUG LTCPro.ServiceLayer.Log4net - ---Executed Successfully GetVitalsCheckList() in EMARController----
2022-12-12 08:20:50,881 [23] DEBUG LTCPro.ServiceLayer.Log4net - ---Executed Successfully GetVitalsCheckList() in EMARController----
2022-12-12 08:23:55,856 [5] DEBUG LTCPro.ServiceLayer.Log4net - ---Executing GetUserToken() in UserService----
2022-12-12 08:23:55,858 [16] DEBUG LTCPro.ServiceLayer.Log4net - ---Executing GetUserToken() in UserService----
2022-12-12 08:23:55,885 [26] DEBUG LTCPro.ServiceLayer.Log4net - ---Executing GetUserToken() in UserService----
2022-12-12 08:23:55,895 [13] DEBUG LTCPro.ServiceLayer.Log4net - ---Executing GetUserToken() in UserService----
2022-12-12 08:23:55,899 [26] DEBUG LTCPro.ServiceLayer.Log4net - ---Executing GetVitalsCheckList() in EMARController----
2022-12-12 08:23:55,900 [16] DEBUG LTCPro.ServiceLayer.Log4net - ---Executing GetVitalsCheckList() in EMARController----
2022-12-12 08:23:55,911 [16] DEBUG LTCPro.ServiceLayer.Log4net - ---Executed Successfully GetVitalsCheckList() in EMARController----
2022-12-12 08:23:55,914 [5] DEBUG LTCPro.ServiceLayer.Log4net - ---Executing GetVitalsCheckList() in EMARController----
2022-12-12 08:23:55,917 [21] DEBUG LTCPro.ServiceLayer.Log4net - ---Executing GetUserToken() in UserService----
2022-12-12 08:23:55,918 [13] DEBUG LTCPro.ServiceLayer.Log4net - ---Executing GetVitalsCheckList() in EMARController----
2022-12-12 08:23:55,928 [8] DEBUG LTCPro.ServiceLayer.Log4net - ---Executing GetUserToken() in UserService----
2022-12-12 08:23:55,929 [26] DEBUG LTCPro.ServiceLayer.Log4net - ---Executed Successfully GetVitalsCheckList() in EMARController----
2022-12-12 08:23:55,938 [21] DEBUG LTCPro.ServiceLayer.Log4net - ---Executing GetVitalsCheckList() in EMARController----
2022-12-12 08:23:55,938 [8] DEBUG LTCPro.ServiceLayer.Log4net - ---Executing GetVitalsCheckList() in EMARController----
2022-12-12 08:23:55,949 [13] DEBUG LTCPro.ServiceLayer.Log4net - ---Executed Successfully GetVitalsCheckList() in EMARController----
2022-12-12 08:23:55,951 [5] DEBUG LTCPro.ServiceLayer.Log4net - ---Executed Successfully GetVitalsCheckList() in EMARController----
2022-12-12 08:23:55,952 [21] DEBUG LTCPro.ServiceLayer.Log4net - ---Executed Successfully GetVitalsCheckList() in EMARController----
2022-12-12 08:23:55,976 [8] DEBUG LTCPro.ServiceLayer.Log4net - ---Executed Successfully GetVitalsCheckList() in EMARController----
2022-12-12 08:27:31,982 [31] DEBUG LTCPro.ServiceLayer.Log4net - ---Executing GetUserToken() in UserService----
2022-12-12 08:27:31,989 [29] DEBUG LTCPro.ServiceLayer.Log4net - ---Executing GetUserToken() in UserService----
2022-12-12 08:27:32,003 [30] DEBUG LTCPro.ServiceLayer.Log4net - ---Executing GetUserToken() in UserService----
2022-12-12 08:27:32,004 [5] DEBUG LTCPro.ServiceLayer.Log4net - ---Executing GetUserToken() in UserService----
2022-12-12 08:27:32,005 [32] DEBUG LTCPro.ServiceLayer.Log4net - ---Executing GetUserToken() in UserService----
2022-12-12 08:27:32,006 [31] DEBUG LTCPro.ServiceLayer.Log4net - ---Executing GetVitalsCheckList() in EMARController----
2022-12-12 08:27:32,010 [29] DEBUG LTCPro.ServiceLayer.Log4net - ---Executing GetVitalsCheckList() in EMARController----
2022-12-12 08:27:32,010 [30] DEBUG LTCPro.ServiceLayer.Log4net - ---Executing GetVitalsCheckList() in EMARController----
2022-12-12 08:27:32,013 [32] DEBUG LTCPro.ServiceLayer.Log4net - ---Executing GetVitalsCheckList() in EMARController----
2022-12-12 08:27:32,014 [5] DEBUG LTCPro.ServiceLayer.Log4net - ---Executing GetVitalsCheckList() in EMARController----
2022-12-12 08:27:32,021 [31] DEBUG LTCPro.ServiceLayer.Log4net - ---Executed Successfully GetVitalsCheckList() in EMARController----
2022-12-12 08:27:32,022 [29] DEBUG LTCPro.ServiceLayer.Log4net - ---Executed Successfully GetVitalsCheckList() in EMARController----
2022-12-12 08:27:32,025 [32] DEBUG LTCPro.ServiceLayer.Log4net - ---Executed Successfully GetVitalsCheckList() in EMARController----
2022-12-12 08:27:32,027 [30] DEBUG LTCPro.ServiceLayer.Log4net - ---Executed Successfully GetVitalsCheckList() in EMARController----
2022-12-12 08:27:32,029 [28] DEBUG LTCPro.ServiceLayer.Log4net - ---Executing GetUserToken() in UserService----
2022-12-12 08:27:32,034 [28] DEBUG LTCPro.ServiceLayer.Log4net - ---Executing GetVitalsCheckList() in EMARController----
2022-12-12 08:27:32,040 [5] DEBUG LTCPro.ServiceLayer.Log4net - ---Executed Successfully GetVitalsCheckList() in EMARController----
2022-12-12 08:27:32,044 [28] DEBUG LTCPro.ServiceLayer.Log4net - ---Executed Successfully GetVitalsCheckList() in EMARController----
2022-12-12 08:27:36,277 [28] DEBUG LTCPro.ServiceLayer.Log4net - ---Executing GetUserToken() in UserService----
2022-12-12 08:27:36,286 [26] DEBUG LTCPro.ServiceLayer.Log4net - ---Executing GetUserToken() in UserService----
2022-12-12 08:27:36,292 [28] DEBUG LTCPro.ServiceLayer.Log4net - ---Executing InsertUserActivityDetails() in CompanyController----
2022-12-12 08:27:36,292 [28] DEBUG LTCPro.ServiceLayer.Log4net - ---Executing InsertUserActivityDetails() in UserActivityService----
2022-12-12 08:27:36,300 [26] DEBUG LTCPro.ServiceLayer.Log4net - ---Executing GetUserRecentFacNs() in UserController----
2022-12-12 08:27:36,300 [26] DEBUG LTCPro.ServiceLayer.Log4net - ---Executing GetUserRecentFacNs() in UserService----
2022-12-12 08:27:36,311 [28] DEBUG LTCPro.ServiceLayer.Log4net - ---Executed Successfully InsertUserActivityDetails() in CompanyController----
2022-12-12 08:27:36,316 [26] DEBUG LTCPro.ServiceLayer.Log4net - ---Executed Successfully GetUserRecentFacNs() in UserController----
2022-12-12 08:27:36,349 [32] DEBUG LTCPro.ServiceLayer.Log4net - ---Executing GetUserToken() in UserService----
2022-12-12 08:27:36,354 [32] DEBUG LTCPro.ServiceLayer.Log4net - ---Executing GetUserAccessFacilityNurseStaions() in FacilityController----
2022-12-12 08:27:36,354 [32] DEBUG LTCPro.ServiceLayer.Log4net - ---Executing GetUserAccessFacilityNurseStaions() in FacilityService----
2022-12-12 08:27:36,365 [32] DEBUG LTCPro.ServiceLayer.Log4net - ---Executed Successfully GetUserAccessFacilityNurseStaions() in FacilityController----
2022-12-12 08:27:36,386 [32] DEBUG LTCPro.ServiceLayer.Log4net - ---Executing GetUserToken() in UserService----
2022-12-12 08:27:36,390 [32] DEBUG LTCPro.ServiceLayer.Log4net - ---Executing UserNurseStationDrop() in FacilityController----
2022-12-12 08:27:36,390 [32] DEBUG LTCPro.ServiceLayer.Log4net - ---Executing UserNurseStationDrop() in FacilityService----
2022-12-12 08:27:36,396 [32] DEBUG LTCPro.ServiceLayer.Log4net - ---Executed Successfully UserNurseStationDrop() in FacilityController----
2022-12-12 08:27:36,516 [31] DEBUG LTCPro.ServiceLayer.Log4net - ---Executing GetUserToken() in UserService----
2022-12-12 08:27:36,542 [31] DEBUG LTCPro.ServiceLayer.Log4net - ---Executing GetCompanyToBedFlagByFacId() in FacilityController----
2022-12-12 08:27:36,542 [31] DEBUG LTCPro.ServiceLayer.Log4net - ---Executing GetCompanyToBedFlagByFacId() in FacilityService----
2022-12-12 08:27:36,543 [27] DEBUG LTCPro.ServiceLayer.Log4net - ---Executing GetUserToken() in UserService----
2022-12-12 08:27:36,548 [27] DEBUG LTCPro.ServiceLayer.Log4net - ---Executing OrderEndingSoonStatus() in OrdersController----
2022-12-12 08:27:36,549 [27] DEBUG LTCPro.ServiceLayer.Log4net - ---Executing OrderEndingSoonStatus() in OrdersService----
2022-12-12 08:27:36,587 [27] DEBUG LTCPro.ServiceLayer.Log4net - ---Executed Successfully OrderEndingSoonStatus() in OrdersController----
2022-12-12 08:27:36,623 [27] DEBUG LTCPro.ServiceLayer.Log4net - ---Executing GetUserToken() in UserService----
2022-12-12 08:27:36,643 [27] DEBUG LTCPro.ServiceLayer.Log4net - ---Executing GetPRNDetailsByfilter() in EMARController----
2022-12-12 08:27:36,644 [27] DEBUG LTCPro.ServiceLayer.Log4net - ---Executing GetPRNDetailsByfilter() in EmarService----
2022-12-12 08:27:36,649 [31] DEBUG LTCPro.ServiceLayer.Log4net - ---Executed Successfully GetCompanyToBedFlagByFacId() in FacilityController----
2022-12-12 08:27:36,751 [31] DEBUG LTCPro.ServiceLayer.Log4net - ---Executing GetUserToken() in UserService----
2022-12-12 08:27:36,781 [31] DEBUG LTCPro.ServiceLayer.Log4net - ---Executing GetSeventyTwoHourDetailsByfilter() in EMARController----
2022-12-12 08:27:36,782 [31] DEBUG LTCPro.ServiceLayer.Log4net - ---Executing GetSeventyTwoHourDetailsByfilter() in EmarService----
2022-12-12 08:27:36,790 [30] DEBUG LTCPro.ServiceLayer.Log4net - ---Executing GetUserToken() in UserService----
2022-12-12 08:27:36,871 [30] DEBUG LTCPro.ServiceLayer.Log4net - ---Executing OrderEndingSoonStatus() in OrdersController----
2022-12-12 08:27:36,871 [30] DEBUG LTCPro.ServiceLayer.Log4net - ---Executing OrderEndingSoonStatus() in OrdersService----
2022-12-12 08:27:36,898 [30] DEBUG LTCPro.ServiceLayer.Log4net - ---Executed Successfully OrderEndingSoonStatus() in OrdersController----
2022-12-12 08:27:36,917 [32] DEBUG LTCPro.ServiceLayer.Log4net - ---Executing GetUserToken() in UserService----
2022-12-12 08:27:36,977 [32] DEBUG LTCPro.ServiceLayer.Log4net - ---Executing GetOrdersEndingSoon() in OrdersController----
2022-12-12 08:27:36,985 [32] DEBUG LTCPro.ServiceLayer.Log4net - ---Executing GetOrdersEndingSoon() in OrdersService----
2022-12-12 08:27:37,060 [32] DEBUG LTCPro.ServiceLayer.Log4net - ---Executed Successfully GetOrdersEndingSoon() in OrdersController----
2022-12-12 08:27:37,153 [32] DEBUG LTCPro.ServiceLayer.Log4net - ---Executing GetUserToken() in UserService----
2022-12-12 08:27:37,182 [32] DEBUG LTCPro.ServiceLayer.Log4net - ---Executing GetNurseStationHierarchyDetailsbyNsId() in CompanyController----
2022-12-12 08:27:37,183 [32] DEBUG LTCPro.ServiceLayer.Log4net - ---Executing GetNurseStationHierarchyDetailsbyNsId() in CompanyService----
2022-12-12 08:27:37,227 [27] DEBUG LTCPro.ServiceLayer.Log4net - ---Executed Successfully GetPRNDetailsByfilter() in EMARController----
2022-12-12 08:27:37,246 [31] DEBUG LTCPro.ServiceLayer.Log4net - ---Executed Successfully GetSeventyTwoHourDetailsByfilter() in EMARController----
2022-12-12 08:27:37,249 [32] DEBUG LTCPro.ServiceLayer.Log4net - ---Executed Successfully GetNurseStationHierarchyDetailsbyNsId() in CompanyController----
2022-12-12 08:27:37,266 [30] DEBUG LTCPro.ServiceLayer.Log4net - ---Executing GetUserToken() in UserService----
2022-12-12 08:27:37,272 [30] DEBUG LTCPro.ServiceLayer.Log4net - ---Executing GetOrdersGridData() in OrdersController----
2022-12-12 08:27:37,273 [30] DEBUG LTCPro.ServiceLayer.Log4net - ---Executing GetOrdersGridData() in OrdersService----
2022-12-12 08:27:37,324 [30] DEBUG LTCPro.ServiceLayer.Log4net - ---Executed Successfully GetOrdersGridData() in OrdersController----
2022-12-12 08:27:37,744 [30] DEBUG LTCPro.ServiceLayer.Log4net - ---Executing GetUserToken() in UserService----
2022-12-12 08:27:37,749 [30] DEBUG LTCPro.ServiceLayer.Log4net - ---Executing GetPendingOrdersGridData() in OrdersController----
2022-12-12 08:27:37,749 [30] DEBUG LTCPro.ServiceLayer.Log4net - ---Executing GetPendingOrdersGridData() in OrdersService----
2022-12-12 08:27:37,792 [30] DEBUG LTCPro.ServiceLayer.Log4net - ---Executed Successfully GetPendingOrdersGridData() in OrdersController----
2022-12-12 08:27:42,713 [26] DEBUG LTCPro.ServiceLayer.Log4net - ---Executing GetUserToken() in UserService----
2022-12-12 08:27:42,719 [26] DEBUG LTCPro.ServiceLayer.Log4net - ---Executing InsertUserActivityDetails() in CompanyController----
2022-12-12 08:27:42,719 [26] DEBUG LTCPro.ServiceLayer.Log4net - ---Executing InsertUserActivityDetails() in UserActivityService----
2022-12-12 08:27:42,721 [28] DEBUG LTCPro.ServiceLayer.Log4net - ---Executing GetUserToken() in UserService----
2022-12-12 08:27:42,727 [28] DEBUG LTCPro.ServiceLayer.Log4net - ---Executing GetUserRecentFacNs() in UserController----
2022-12-12 08:27:42,727 [28] DEBUG LTCPro.ServiceLayer.Log4net - ---Executing GetUserRecentFacNs() in UserService----
2022-12-12 08:27:42,729 [26] DEBUG LTCPro.ServiceLayer.Log4net - ---Executed Successfully InsertUserActivityDetails() in CompanyController----
2022-12-12 08:27:42,733 [27] DEBUG LTCPro.ServiceLayer.Log4net - ---Executing GetUserToken() in UserService----
2022-12-12 08:27:42,811 [28] DEBUG LTCPro.ServiceLayer.Log4net - ---Executed Successfully GetUserRecentFacNs() in UserController----
2022-12-12 08:27:42,813 [27] DEBUG LTCPro.ServiceLayer.Log4net - ---Executing GetDueMARAlertData() in EmarController----
2022-12-12 08:27:42,813 [27] DEBUG LTCPro.ServiceLayer.Log4net - ---Executing GetDueMARAlertData() in EmarService----
2022-12-12 08:27:42,927 [5] DEBUG LTCPro.ServiceLayer.Log4net - ---Executing GetUserToken() in UserService----
2022-12-12 08:27:42,931 [5] DEBUG LTCPro.ServiceLayer.Log4net - ---Executing GetCompanyToBedData() in FacilityController----
2022-12-12 08:27:42,931 [5] DEBUG LTCPro.ServiceLayer.Log4net - ---Executing GetCompanyToBedData() in FacilityService----
2022-12-12 08:27:42,988 [5] DEBUG LTCPro.ServiceLayer.Log4net - ---Executed Successfully GetCompanyToBedData() in FacilityController----
2022-12-12 08:27:43,010 [32] DEBUG LTCPro.ServiceLayer.Log4net - ---Executing GetUserToken() in UserService----
2022-12-12 08:27:43,015 [32] DEBUG LTCPro.ServiceLayer.Log4net - ---Executing UserNurseStationDrop() in FacilityController----
2022-12-12 08:27:43,015 [32] DEBUG LTCPro.ServiceLayer.Log4net - ---Executing UserNurseStationDrop() in FacilityService----
2022-12-12 08:27:43,020 [32] DEBUG LTCPro.ServiceLayer.Log4net - ---Executed Successfully UserNurseStationDrop() in FacilityController----
2022-12-12 08:27:43,072 [26] DEBUG LTCPro.ServiceLayer.Log4net - ---Executing GetUserToken() in UserService----
2022-12-12 08:27:43,083 [5] DEBUG LTCPro.ServiceLayer.Log4net - ---Executing GetUserToken() in UserService----
2022-12-12 08:27:43,086 [26] DEBUG LTCPro.ServiceLayer.Log4net - ---Executing GetDrFirstFlagForCompanyByNSId() in CompanyController----
2022-12-12 08:27:43,086 [26] DEBUG LTCPro.ServiceLayer.Log4net - ---Executing GetDrFirstFlagForCompanyByNSId() in CompanyService----
2022-12-12 08:27:43,092 [5] DEBUG LTCPro.ServiceLayer.Log4net - ---Executing GetNursingScheduleData() in EmarController----
2022-12-12 08:27:43,096 [5] DEBUG LTCPro.ServiceLayer.Log4net - ---Executing GetNursingScheduleData() in EmarService----
2022-12-12 08:27:43,095 [26] DEBUG LTCPro.ServiceLayer.Log4net - ---Executed Successfully GetDrFirstFlagForCompanyByNSId() in CompanyController----
2022-12-12 08:27:43,145 [29] DEBUG LTCPro.ServiceLayer.Log4net - ---Executing GetUserToken() in UserService----
2022-12-12 08:27:43,149 [29] DEBUG LTCPro.ServiceLayer.Log4net - ---Executing GetTimeZoneDate() in CommonController----
2022-12-12 08:27:43,149 [29] DEBUG LTCPro.ServiceLayer.Log4net - ---Executing GetTimeZoneDate() in CommonService----
2022-12-12 08:27:43,152 [29] DEBUG LTCPro.ServiceLayer.Log4net - ---Executed Successfully GetTimeZoneDate() in CommonController----
2022-12-12 08:27:43,296 [31] DEBUG LTCPro.ServiceLayer.Log4net - ---Executing GetUserToken() in UserService----
2022-12-12 08:27:43,301 [31] DEBUG LTCPro.ServiceLayer.Log4net - ---Executing GetPendingOrdersGridData() in OrdersController----
2022-12-12 08:27:43,301 [31] DEBUG LTCPro.ServiceLayer.Log4net - ---Executing GetPendingOrdersGridData() in OrdersService----
2022-12-12 08:27:43,363 [31] DEBUG LTCPro.ServiceLayer.Log4net - ---Executed Successfully GetPendingOrdersGridData() in OrdersController----
2022-12-12 08:27:43,584 [27] DEBUG LTCPro.ServiceLayer.Log4net - ---Executed Successfully GetDueMARAlertData() in EmarController----
2022-12-12 08:27:44,383 [5] DEBUG LTCPro.ServiceLayer.Log4net - ---Executed Successfully GetNursingScheduleData() in EmarController----
2022-12-12 08:27:44,423 [27] DEBUG LTCPro.ServiceLayer.Log4net - ---Executing GetUserToken() in UserService----
2022-12-12 08:27:44,428 [27] DEBUG LTCPro.ServiceLayer.Log4net - ---Executing GetNurseShiftDrop() in CommonController----
2022-12-12 08:27:44,428 [27] DEBUG LTCPro.ServiceLayer.Log4net - ---Executing GetNurseShiftDrop() in CommonService----
2022-12-12 08:27:44,544 [27] DEBUG LTCPro.ServiceLayer.Log4net - ---Executed Successfully GetNurseShiftDrop() in CommonController----
2022-12-12 08:27:44,780 [26] DEBUG LTCPro.ServiceLayer.Log4net - ---Executing GetUserToken() in UserService----
2022-12-12 08:27:44,794 [5] DEBUG LTCPro.ServiceLayer.Log4net - ---Executing GetUserToken() in UserService----
2022-12-12 08:27:44,794 [26] DEBUG LTCPro.ServiceLayer.Log4net - ---Executing InsertUserActivityDetails() in CompanyController----
2022-12-12 08:27:44,795 [26] DEBUG LTCPro.ServiceLayer.Log4net - ---Executing InsertUserActivityDetails() in UserActivityService----
2022-12-12 08:27:44,799 [5] DEBUG LTCPro.ServiceLayer.Log4net - ---Executing GetUserRecentFacNs() in UserController----
2022-12-12 08:27:44,799 [5] DEBUG LTCPro.ServiceLayer.Log4net - ---Executing GetUserRecentFacNs() in UserService----
2022-12-12 08:27:44,804 [26] DEBUG LTCPro.ServiceLayer.Log4net - ---Executed Successfully InsertUserActivityDetails() in CompanyController----
2022-12-12 08:27:44,809 [5] DEBUG LTCPro.ServiceLayer.Log4net - ---Executed Successfully GetUserRecentFacNs() in UserController----
2022-12-12 08:27:44,864 [29] DEBUG LTCPro.ServiceLayer.Log4net - ---Executing GetUserToken() in UserService----
2022-12-12 08:27:44,869 [29] DEBUG LTCPro.ServiceLayer.Log4net - ---Executing GetUserAccessFacilityNurseStaions() in FacilityController----
2022-12-12 08:27:44,869 [29] DEBUG LTCPro.ServiceLayer.Log4net - ---Executing GetUserAccessFacilityNurseStaions() in FacilityService----
2022-12-12 08:27:44,879 [29] DEBUG LTCPro.ServiceLayer.Log4net - ---Executed Successfully GetUserAccessFacilityNurseStaions() in FacilityController----
2022-12-12 08:27:44,901 [29] DEBUG LTCPro.ServiceLayer.Log4net - ---Executing GetUserToken() in UserService----
2022-12-12 08:27:44,918 [29] DEBUG LTCPro.ServiceLayer.Log4net - ---Executing UserNurseStationDrop() in FacilityController----
2022-12-12 08:27:44,918 [29] DEBUG LTCPro.ServiceLayer.Log4net - ---Executing UserNurseStationDrop() in FacilityService----
2022-12-12 08:27:44,924 [29] DEBUG LTCPro.ServiceLayer.Log4net - ---Executed Successfully UserNurseStationDrop() in FacilityController----
2022-12-12 08:27:45,068 [26] DEBUG LTCPro.ServiceLayer.Log4net - ---Executing GetUserToken() in UserService----
2022-12-12 08:27:45,079 [29] DEBUG LTCPro.ServiceLayer.Log4net - ---Executing GetUserToken() in UserService----
2022-12-12 08:27:45,094 [29] DEBUG LTCPro.ServiceLayer.Log4net - ---Executing GetSeventyTwoHourDetailsByfilter() in EMARController----
2022-12-12 08:27:45,094 [29] DEBUG LTCPro.ServiceLayer.Log4net - ---Executing GetSeventyTwoHourDetailsByfilter() in EmarService----
2022-12-12 08:27:45,096 [26] DEBUG LTCPro.ServiceLayer.Log4net - ---Executing GetPRNDetailsByfilter() in EMARController----
2022-12-12 08:27:45,096 [26] DEBUG LTCPro.ServiceLayer.Log4net - ---Executing GetPRNDetailsByfilter() in EmarService----
2022-12-12 08:27:45,113 [31] DEBUG LTCPro.ServiceLayer.Log4net - ---Executing GetUserToken() in UserService----
2022-12-12 08:27:45,118 [31] DEBUG LTCPro.ServiceLayer.Log4net - ---Executing OrderEndingSoonStatus() in OrdersController----
2022-12-12 08:27:45,119 [31] DEBUG LTCPro.ServiceLayer.Log4net - ---Executing OrderEndingSoonStatus() in OrdersService----
2022-12-12 08:27:45,178 [31] DEBUG LTCPro.ServiceLayer.Log4net - ---Executed Successfully OrderEndingSoonStatus() in OrdersController----
2022-12-12 08:27:45,318 [32] DEBUG LTCPro.ServiceLayer.Log4net - ---Executing GetUserToken() in UserService----
2022-12-12 08:27:45,324 [32] DEBUG LTCPro.ServiceLayer.Log4net - ---Executing OrderEndingSoonStatus() in OrdersController----
2022-12-12 08:27:45,324 [32] DEBUG LTCPro.ServiceLayer.Log4net - ---Executing OrderEndingSoonStatus() in OrdersService----
2022-12-12 08:27:45,347 [32] DEBUG LTCPro.ServiceLayer.Log4net - ---Executed Successfully OrderEndingSoonStatus() in OrdersController----
2022-12-12 08:27:45,395 [32] DEBUG LTCPro.ServiceLayer.Log4net - ---Executing GetUserToken() in UserService----
2022-12-12 08:27:45,418 [32] DEBUG LTCPro.ServiceLayer.Log4net - ---Executing GetCompanyToBedFlagByFacId() in FacilityController----
2022-12-12 08:27:45,418 [32] DEBUG LTCPro.ServiceLayer.Log4net - ---Executing GetCompanyToBedFlagByFacId() in FacilityService----
2022-12-12 08:27:45,433 [32] DEBUG LTCPro.ServiceLayer.Log4net - ---Executed Successfully GetCompanyToBedFlagByFacId() in FacilityController----
2022-12-12 08:27:45,531 [26] DEBUG LTCPro.ServiceLayer.Log4net - ---Executed Successfully GetPRNDetailsByfilter() in EMARController----
2022-12-12 08:27:45,534 [31] DEBUG LTCPro.ServiceLayer.Log4net - ---Executing GetUserToken() in UserService----
2022-12-12 08:27:45,550 [31] DEBUG LTCPro.ServiceLayer.Log4net - ---Executing GetOrdersEndingSoon() in OrdersController----
2022-12-12 08:27:45,550 [31] DEBUG LTCPro.ServiceLayer.Log4net - ---Executing GetOrdersEndingSoon() in OrdersService----
2022-12-12 08:27:45,628 [31] DEBUG LTCPro.ServiceLayer.Log4net - ---Executed Successfully GetOrdersEndingSoon() in OrdersController----
2022-12-12 08:27:45,636 [26] DEBUG LTCPro.ServiceLayer.Log4net - ---Executing GetUserToken() in UserService----
2022-12-12 08:27:45,642 [26] DEBUG LTCPro.ServiceLayer.Log4net - ---Executing GetNurseStationHierarchyDetailsbyNsId() in CompanyController----
2022-12-12 08:27:45,642 [26] DEBUG LTCPro.ServiceLayer.Log4net - ---Executing GetNurseStationHierarchyDetailsbyNsId() in CompanyService----
2022-12-12 08:27:45,646 [26] DEBUG LTCPro.ServiceLayer.Log4net - ---Executed Successfully GetNurseStationHierarchyDetailsbyNsId() in CompanyController----
2022-12-12 08:27:45,674 [29] DEBUG LTCPro.ServiceLayer.Log4net - ---Executed Successfully GetSeventyTwoHourDetailsByfilter() in EMARController----
2022-12-12 08:27:45,768 [32] DEBUG LTCPro.ServiceLayer.Log4net - ---Executing GetUserToken() in UserService----
2022-12-12 08:27:45,773 [32] DEBUG LTCPro.ServiceLayer.Log4net - ---Executing GetOrdersGridData() in OrdersController----
2022-12-12 08:27:45,773 [32] DEBUG LTCPro.ServiceLayer.Log4net - ---Executing GetOrdersGridData() in OrdersService----
2022-12-12 08:27:45,810 [32] DEBUG LTCPro.ServiceLayer.Log4net - ---Executed Successfully GetOrdersGridData() in OrdersController----
2022-12-12 08:27:46,159 [26] DEBUG LTCPro.ServiceLayer.Log4net - ---Executing GetUserToken() in UserService----
2022-12-12 08:27:46,167 [26] DEBUG LTCPro.ServiceLayer.Log4net - ---Executing GetPendingOrdersGridData() in OrdersController----
2022-12-12 08:27:46,167 [26] DEBUG LTCPro.ServiceLayer.Log4net - ---Executing GetPendingOrdersGridData() in OrdersService----
2022-12-12 08:27:46,214 [26] DEBUG LTCPro.ServiceLayer.Log4net - ---Executed Successfully GetPendingOrdersGridData() in OrdersController----
2022-12-12 08:27:47,084 [31] DEBUG LTCPro.ServiceLayer.Log4net - ---Executing GetUserToken() in UserService----
2022-12-12 08:27:47,089 [31] DEBUG LTCPro.ServiceLayer.Log4net - ---Executing InsertUserActivityDetails() in CompanyController----
2022-12-12 08:27:47,089 [31] DEBUG LTCPro.ServiceLayer.Log4net - ---Executing InsertUserActivityDetails() in UserActivityService----
2022-12-12 08:27:47,092 [26] DEBUG LTCPro.ServiceLayer.Log4net - ---Executing GetUserToken() in UserService----
2022-12-12 08:27:47,102 [26] DEBUG LTCPro.ServiceLayer.Log4net - ---Executing GetUserRecentFacNs() in UserController----
2022-12-12 08:27:47,102 [26] DEBUG LTCPro.ServiceLayer.Log4net - ---Executing GetUserRecentFacNs() in UserService----
2022-12-12 08:27:47,106 [31] DEBUG LTCPro.ServiceLayer.Log4net - ---Executed Successfully InsertUserActivityDetails() in CompanyController----
2022-12-12 08:27:47,119 [26] DEBUG LTCPro.ServiceLayer.Log4net - ---Executed Successfully GetUserRecentFacNs() in UserController----
2022-12-12 08:27:47,171 [29] DEBUG LTCPro.ServiceLayer.Log4net - ---Executing GetUserToken() in UserService----
2022-12-12 08:27:47,176 [29] DEBUG LTCPro.ServiceLayer.Log4net - ---Executing GetUserAccessFacilityNurseStaions() in FacilityController----
2022-12-12 08:27:47,176 [29] DEBUG LTCPro.ServiceLayer.Log4net - ---Executing GetUserAccessFacilityNurseStaions() in FacilityService----
2022-12-12 08:27:47,185 [29] DEBUG LTCPro.ServiceLayer.Log4net - ---Executed Successfully GetUserAccessFacilityNurseStaions() in FacilityController----
2022-12-12 08:27:47,200 [31] DEBUG LTCPro.ServiceLayer.Log4net - ---Executing GetUserToken() in UserService----
2022-12-12 08:27:47,204 [31] DEBUG LTCPro.ServiceLayer.Log4net - ---Executing UserNurseStationDrop() in FacilityController----
2022-12-12 08:27:47,204 [31] DEBUG LTCPro.ServiceLayer.Log4net - ---Executing UserNurseStationDrop() in FacilityService----
2022-12-12 08:27:47,209 [31] DEBUG LTCPro.ServiceLayer.Log4net - ---Executed Successfully UserNurseStationDrop() in FacilityController----
2022-12-12 08:27:54,274 [29] DEBUG LTCPro.ServiceLayer.Log4net - ---Executing GetUserToken() in UserService----
2022-12-12 08:27:54,280 [29] DEBUG LTCPro.ServiceLayer.Log4net - ---Executing InsertUserActivityDetails() in CompanyController----
2022-12-12 08:27:54,280 [29] DEBUG LTCPro.ServiceLayer.Log4net - ---Executing InsertUserActivityDetails() in UserActivityService----
2022-12-12 08:27:54,281 [32] DEBUG LTCPro.ServiceLayer.Log4net - ---Executing GetUserToken() in UserService----
2022-12-12 08:27:54,288 [32] DEBUG LTCPro.ServiceLayer.Log4net - ---Executing GetUserRecentFacNs() in UserController----
2022-12-12 08:27:54,289 [32] DEBUG LTCPro.ServiceLayer.Log4net - ---Executing GetUserRecentFacNs() in UserService----
2022-12-12 08:27:54,290 [29] DEBUG LTCPro.ServiceLayer.Log4net - ---Executed Successfully InsertUserActivityDetails() in CompanyController----
2022-12-12 08:27:54,295 [26] DEBUG LTCPro.ServiceLayer.Log4net - ---Executing GetUserToken() in UserService----
2022-12-12 08:27:54,300 [26] DEBUG LTCPro.ServiceLayer.Log4net - ---Executing GetDueMARAlertData() in EmarController----
2022-12-12 08:27:54,300 [26] DEBUG LTCPro.ServiceLayer.Log4net - ---Executing GetDueMARAlertData() in EmarService----
2022-12-12 08:27:54,300 [32] DEBUG LTCPro.ServiceLayer.Log4net - ---Executed Successfully GetUserRecentFacNs() in UserController----
2022-12-12 08:27:54,462 [5] DEBUG LTCPro.ServiceLayer.Log4net - ---Executing GetUserToken() in UserService----
2022-12-12 08:27:54,466 [5] DEBUG LTCPro.ServiceLayer.Log4net - ---Executing GetCompanyToBedData() in FacilityController----
2022-12-12 08:27:54,466 [5] DEBUG LTCPro.ServiceLayer.Log4net - ---Executing GetCompanyToBedData() in FacilityService----
2022-12-12 08:27:54,533 [5] DEBUG LTCPro.ServiceLayer.Log4net - ---Executed Successfully GetCompanyToBedData() in FacilityController----
2022-12-12 08:27:54,558 [27] DEBUG LTCPro.ServiceLayer.Log4net - ---Executing GetUserToken() in UserService----
2022-12-12 08:27:54,563 [27] DEBUG LTCPro.ServiceLayer.Log4net - ---Executing UserNurseStationDrop() in FacilityController----
2022-12-12 08:27:54,563 [27] DEBUG LTCPro.ServiceLayer.Log4net - ---Executing UserNurseStationDrop() in FacilityService----
2022-12-12 08:27:54,569 [27] DEBUG LTCPro.ServiceLayer.Log4net - ---Executed Successfully UserNurseStationDrop() in FacilityController----
2022-12-12 08:27:54,603 [29] DEBUG LTCPro.ServiceLayer.Log4net - ---Executing GetUserToken() in UserService----
2022-12-12 08:27:54,613 [29] DEBUG LTCPro.ServiceLayer.Log4net - ---Executing GetNursingScheduleData() in EmarController----
2022-12-12 08:27:54,613 [29] DEBUG LTCPro.ServiceLayer.Log4net - ---Executing GetNursingScheduleData() in EmarService----
2022-12-12 08:27:54,624 [31] DEBUG LTCPro.ServiceLayer.Log4net - ---Executing GetUserToken() in UserService----
2022-12-12 08:27:54,639 [31] DEBUG LTCPro.ServiceLayer.Log4net - ---Executing GetDrFirstFlagForCompanyByNSId() in CompanyController----
2022-12-12 08:27:54,639 [31] DEBUG LTCPro.ServiceLayer.Log4net - ---Executing GetDrFirstFlagForCompanyByNSId() in CompanyService----
2022-12-12 08:27:54,667 [31] DEBUG LTCPro.ServiceLayer.Log4net - ---Executed Successfully GetDrFirstFlagForCompanyByNSId() in CompanyController----
2022-12-12 08:27:54,694 [27] DEBUG LTCPro.ServiceLayer.Log4net - ---Executing GetUserToken() in UserService----
2022-12-12 08:27:54,728 [27] DEBUG LTCPro.ServiceLayer.Log4net - ---Executing GetTimeZoneDate() in CommonController----
2022-12-12 08:27:54,728 [27] DEBUG LTCPro.ServiceLayer.Log4net - ---Executing GetTimeZoneDate() in CommonService----
2022-12-12 08:27:54,760 [27] DEBUG LTCPro.ServiceLayer.Log4net - ---Executed Successfully GetTimeZoneDate() in CommonController----
2022-12-12 08:27:55,106 [32] DEBUG LTCPro.ServiceLayer.Log4net - ---Executing GetUserToken() in UserService----
2022-12-12 08:27:55,112 [32] DEBUG LTCPro.ServiceLayer.Log4net - ---Executing GetPendingOrdersGridData() in OrdersController----
2022-12-12 08:27:55,112 [32] DEBUG LTCPro.ServiceLayer.Log4net - ---Executing GetPendingOrdersGridData() in OrdersService----
2022-12-12 08:27:55,130 [5] DEBUG LTCPro.ServiceLayer.Log4net - ---Executing GetUserToken() in UserService----
2022-12-12 08:27:55,139 [27] DEBUG LTCPro.ServiceLayer.Log4net - ---Executing GetUserToken() in UserService----
2022-12-12 08:27:55,152 [27] DEBUG LTCPro.ServiceLayer.Log4net - ---Executing InsertUserActivityDetails() in CompanyController----
2022-12-12 08:27:55,152 [27] DEBUG LTCPro.ServiceLayer.Log4net - ---Executing InsertUserActivityDetails() in UserActivityService----
2022-12-12 08:27:55,154 [5] DEBUG LTCPro.ServiceLayer.Log4net - ---Executing GetUserRecentFacNs() in UserController----
2022-12-12 08:27:55,154 [5] DEBUG LTCPro.ServiceLayer.Log4net - ---Executing GetUserRecentFacNs() in UserService----
2022-12-12 08:27:55,180 [32] DEBUG LTCPro.ServiceLayer.Log4net - ---Executed Successfully GetPendingOrdersGridData() in OrdersController----
2022-12-12 08:27:55,196 [5] DEBUG LTCPro.ServiceLayer.Log4net - ---Executed Successfully GetUserRecentFacNs() in UserController----
2022-12-12 08:27:55,197 [27] DEBUG LTCPro.ServiceLayer.Log4net - ---Executed Successfully InsertUserActivityDetails() in CompanyController----
2022-12-12 08:27:55,221 [27] DEBUG LTCPro.ServiceLayer.Log4net - ---Executing GetUserToken() in UserService----
2022-12-12 08:27:55,225 [27] DEBUG LTCPro.ServiceLayer.Log4net - ---Executing GetUserAccessFacilityNurseStaions() in FacilityController----
2022-12-12 08:27:55,225 [27] DEBUG LTCPro.ServiceLayer.Log4net - ---Executing GetUserAccessFacilityNurseStaions() in FacilityService----
2022-12-12 08:27:55,232 [26] DEBUG LTCPro.ServiceLayer.Log4net - ---Executed Successfully GetDueMARAlertData() in EmarController----
2022-12-12 08:27:55,238 [27] DEBUG LTCPro.ServiceLayer.Log4net - ---Executed Successfully GetUserAccessFacilityNurseStaions() in FacilityController----
2022-12-12 08:27:55,257 [30] DEBUG LTCPro.ServiceLayer.Log4net - ---Executing GetUserToken() in UserService----
2022-12-12 08:27:55,264 [30] DEBUG LTCPro.ServiceLayer.Log4net - ---Executing UserNurseStationDrop() in FacilityController----
2022-12-12 08:27:55,264 [30] DEBUG LTCPro.ServiceLayer.Log4net - ---Executing UserNurseStationDrop() in FacilityService----
2022-12-12 08:27:55,270 [30] DEBUG LTCPro.ServiceLayer.Log4net - ---Executed Successfully UserNurseStationDrop() in FacilityController----
2022-12-12 08:27:55,372 [26] DEBUG LTCPro.ServiceLayer.Log4net - ---Executing GetUsersByNSID() in UserController----
2022-12-12 08:27:55,373 [26] DEBUG LTCPro.ServiceLayer.Log4net - ---Executing GetUsersByNSID() in UserService----
2022-12-12 08:27:55,395 [32] DEBUG LTCPro.ServiceLayer.Log4net - ---Executing GetUserToken() in UserService----
2022-12-12 08:27:55,426 [32] DEBUG LTCPro.ServiceLayer.Log4net - ---Executing GetResidentsListByNSId() in AssesmentController----
2022-12-12 08:27:55,435 [32] DEBUG LTCPro.ServiceLayer.Log4net - ---Executing GetResidentsListByNSId() in AssesmentService----
2022-12-12 08:27:55,436 [26] DEBUG LTCPro.ServiceLayer.Log4net - ---Executed Successfully GetUsersByNSID() in UserController----
2022-12-12 08:27:55,501 [32] DEBUG LTCPro.ServiceLayer.Log4net - ---Executed Successfully GetResidentsListByNSId() in AssesmentController----
2022-12-12 08:27:55,566 [32] DEBUG LTCPro.ServiceLayer.Log4net - ---Executing GetUserToken() in UserService----
2022-12-12 08:27:55,573 [32] DEBUG LTCPro.ServiceLayer.Log4net - ---Executing GetTimeZoneDate() in CommonController----
2022-12-12 08:27:55,573 [32] DEBUG LTCPro.ServiceLayer.Log4net - ---Executing GetTimeZoneDate() in CommonService----
2022-12-12 08:27:55,579 [32] DEBUG LTCPro.ServiceLayer.Log4net - ---Executed Successfully GetTimeZoneDate() in CommonController----
2022-12-12 08:27:56,205 [29] DEBUG LTCPro.ServiceLayer.Log4net - ---Executed Successfully GetNursingScheduleData() in EmarController----
2022-12-12 08:27:56,245 [26] DEBUG LTCPro.ServiceLayer.Log4net - ---Executing GetUserToken() in UserService----
2022-12-12 08:27:56,250 [26] DEBUG LTCPro.ServiceLayer.Log4net - ---Executing GetNurseShiftDrop() in CommonController----
2022-12-12 08:27:56,250 [26] DEBUG LTCPro.ServiceLayer.Log4net - ---Executing GetNurseShiftDrop() in CommonService----
2022-12-12 08:27:56,375 [26] DEBUG LTCPro.ServiceLayer.Log4net - ---Executed Successfully GetNurseShiftDrop() in CommonController----
2022-12-12 08:27:59,952 [27] DEBUG LTCPro.ServiceLayer.Log4net - ---Executing GetUserToken() in UserService----
2022-12-12 08:27:59,957 [27] DEBUG LTCPro.ServiceLayer.Log4net - ---Executing GetNursingScheduleData() in EmarController----
2022-12-12 08:27:59,958 [27] DEBUG LTCPro.ServiceLayer.Log4net - ---Executing GetNursingScheduleData() in EmarService----
2022-12-12 08:28:01,590 [27] DEBUG LTCPro.ServiceLayer.Log4net - ---Executed Successfully GetNursingScheduleData() in EmarController----
2022-12-12 08:28:03,618 [28] DEBUG LTCPro.ServiceLayer.Log4net - ---Executing GetUserToken() in UserService----
2022-12-12 08:28:03,629 [28] DEBUG LTCPro.ServiceLayer.Log4net - ---Executing GetOrdersListData() in CommonController----
2022-12-12 08:28:03,630 [28] DEBUG LTCPro.ServiceLayer.Log4net - ---Executing GetOrdersListData() in CommonService----
2022-12-12 08:28:05,236 [28] DEBUG LTCPro.ServiceLayer.Log4net - ---Executed Successfully GetOrdersListData() in CommonController----
2022-12-12 08:28:05,398 [29] DEBUG LTCPro.ServiceLayer.Log4net - ---Executing GetUserToken() in UserService----
2022-12-12 08:28:05,400 [28] DEBUG LTCPro.ServiceLayer.Log4net - ---Executing GetUserToken() in UserService----
2022-12-12 08:28:05,407 [29] DEBUG LTCPro.ServiceLayer.Log4net - ---Executing GetVitalsCheckList() in EMARController----
2022-12-12 08:28:05,410 [28] DEBUG LTCPro.ServiceLayer.Log4net - ---Executing GetVitalsCheckList() in EMARController----
2022-12-12 08:28:05,420 [29] DEBUG LTCPro.ServiceLayer.Log4net - ---Executed Successfully GetVitalsCheckList() in EMARController----
2022-12-12 08:28:05,421 [28] DEBUG LTCPro.ServiceLayer.Log4net - ---Executed Successfully GetVitalsCheckList() in EMARController----
2022-12-12 08:28:05,429 [27] DEBUG LTCPro.ServiceLayer.Log4net - ---Executing GetUserToken() in UserService----
2022-12-12 08:28:05,431 [31] DEBUG LTCPro.ServiceLayer.Log4net - ---Executing GetUserToken() in UserService----
2022-12-12 08:28:05,438 [27] DEBUG LTCPro.ServiceLayer.Log4net - ---Executing GetVitalsCheckList() in EMARController----
2022-12-12 08:28:05,448 [31] DEBUG LTCPro.ServiceLayer.Log4net - ---Executing GetVitalsCheckList() in EMARController----
2022-12-12 08:28:05,452 [28] DEBUG LTCPro.ServiceLayer.Log4net - ---Executing GetUserToken() in UserService----
2022-12-12 08:28:05,453 [27] DEBUG LTCPro.ServiceLayer.Log4net - ---Executed Successfully GetVitalsCheckList() in EMARController----
2022-12-12 08:28:05,677 [28] DEBUG LTCPro.ServiceLayer.Log4net - ---Executing GetVitalsCheckList() in EMARController----
2022-12-12 08:28:05,704 [29] DEBUG LTCPro.ServiceLayer.Log4net - ---Executing GetUserToken() in UserService----
2022-12-12 08:28:05,721 [31] DEBUG LTCPro.ServiceLayer.Log4net - ---Executed Successfully GetVitalsCheckList() in EMARController----
2022-12-12 08:28:05,753 [27] DEBUG LTCPro.ServiceLayer.Log4net - ---Executing GetUserToken() in UserService----
2022-12-12 08:28:05,795 [28] DEBUG LTCPro.ServiceLayer.Log4net - ---Executed Successfully GetVitalsCheckList() in EMARController----
2022-12-12 08:28:05,796 [27] DEBUG LTCPro.ServiceLayer.Log4net - ---Executing GetVitalsCheckList() in EMARController----
2022-12-12 08:28:05,840 [29] DEBUG LTCPro.ServiceLayer.Log4net - ---Executing GetVitalsCheckList() in EMARController----
2022-12-12 08:28:05,905 [29] DEBUG LTCPro.ServiceLayer.Log4net - ---Executed Successfully GetVitalsCheckList() in EMARController----
2022-12-12 08:28:05,932 [27] DEBUG LTCPro.ServiceLayer.Log4net - ---Executed Successfully GetVitalsCheckList() in EMARController----
2022-12-12 08:28:05,950 [31] DEBUG LTCPro.ServiceLayer.Log4net - ---Executing GetUserToken() in UserService----
2022-12-12 08:28:05,960 [29] DEBUG LTCPro.ServiceLayer.Log4net - ---Executing GetUserToken() in UserService----
2022-12-12 08:28:05,965 [31] DEBUG LTCPro.ServiceLayer.Log4net - ---Executing GetVitalsCheckList() in EMARController----
2022-12-12 08:28:05,978 [31] DEBUG LTCPro.ServiceLayer.Log4net - ---Executed Successfully GetVitalsCheckList() in EMARController----
2022-12-12 08:28:05,986 [29] DEBUG LTCPro.ServiceLayer.Log4net - ---Executing GetDrFirstFlagForCompanyByNSId() in CompanyController----
2022-12-12 08:28:05,986 [29] DEBUG LTCPro.ServiceLayer.Log4net - ---Executing GetDrFirstFlagForCompanyByNSId() in CompanyService----
2022-12-12 08:28:05,991 [28] DEBUG LTCPro.ServiceLayer.Log4net - ---Executing GetUserToken() in UserService----
2022-12-12 08:28:05,996 [29] DEBUG LTCPro.ServiceLayer.Log4net - ---Executed Successfully GetDrFirstFlagForCompanyByNSId() in CompanyController----
2022-12-12 08:28:05,996 [28] DEBUG LTCPro.ServiceLayer.Log4net - ---Executing GetVitalsCheckList() in EMARController----
2022-12-12 08:28:06,001 [27] DEBUG LTCPro.ServiceLayer.Log4net - ---Executing GetUserToken() in UserService----
2022-12-12 08:28:06,014 [31] DEBUG LTCPro.ServiceLayer.Log4net - ---Executing GetUserToken() in UserService----
2022-12-12 08:28:06,022 [29] DEBUG LTCPro.ServiceLayer.Log4net - ---Executing GetUserToken() in UserService----
2022-12-12 08:28:06,040 [31] DEBUG LTCPro.ServiceLayer.Log4net - ---Executing GetVitalsCheckList() in EMARController----
2022-12-12 08:28:06,040 [29] DEBUG LTCPro.ServiceLayer.Log4net - ---Executing GetVitalsCheckList() in EMARController----
2022-12-12 08:28:06,041 [27] DEBUG LTCPro.ServiceLayer.Log4net - ---Executing GetVitalsCheckList() in EMARController----
2022-12-12 08:28:06,041 [28] DEBUG LTCPro.ServiceLayer.Log4net - ---Executed Successfully GetVitalsCheckList() in EMARController----
2022-12-12 08:28:06,054 [31] DEBUG LTCPro.ServiceLayer.Log4net - ---Executed Successfully GetVitalsCheckList() in EMARController----
2022-12-12 08:28:06,055 [29] DEBUG LTCPro.ServiceLayer.Log4net - ---Executed Successfully GetVitalsCheckList() in EMARController----
2022-12-12 08:28:06,068 [27] DEBUG LTCPro.ServiceLayer.Log4net - ---Executed Successfully GetVitalsCheckList() in EMARController----
2022-12-12 08:28:06,096 [28] DEBUG LTCPro.ServiceLayer.Log4net - ---Executing GetUserToken() in UserService----
2022-12-12 08:28:06,104 [27] DEBUG LTCPro.ServiceLayer.Log4net - ---Executing GetUserToken() in UserService----
2022-12-12 08:28:06,104 [28] DEBUG LTCPro.ServiceLayer.Log4net - ---Executing GetVitalsCheckList() in EMARController----
2022-12-12 08:28:06,127 [31] DEBUG LTCPro.ServiceLayer.Log4net - ---Executing GetUserToken() in UserService----
2022-12-12 08:28:06,137 [27] DEBUG LTCPro.ServiceLayer.Log4net - ---Executing GetVitalsCheckList() in EMARController----
2022-12-12 08:28:06,137 [31] DEBUG LTCPro.ServiceLayer.Log4net - ---Executing GetVitalsCheckList() in EMARController----
2022-12-12 08:28:06,142 [28] DEBUG LTCPro.ServiceLayer.Log4net - ---Executed Successfully GetVitalsCheckList() in EMARController----
2022-12-12 08:28:06,154 [31] DEBUG LTCPro.ServiceLayer.Log4net - ---Executed Successfully GetVitalsCheckList() in EMARController----
2022-12-12 08:28:06,174 [27] DEBUG LTCPro.ServiceLayer.Log4net - ---Executed Successfully GetVitalsCheckList() in EMARController----
2022-12-12 08:28:06,205 [29] DEBUG LTCPro.ServiceLayer.Log4net - ---Executing GetUserToken() in UserService----
2022-12-12 08:28:06,215 [29] DEBUG LTCPro.ServiceLayer.Log4net - ---Executing GetVitalsCheckList() in EMARController----
2022-12-12 08:28:06,236 [30] DEBUG LTCPro.ServiceLayer.Log4net - ---Executing GetUserToken() in UserService----
2022-12-12 08:28:06,243 [13] DEBUG LTCPro.ServiceLayer.Log4net - ---Executing GetUserToken() in UserService----
2022-12-12 08:28:06,256 [30] DEBUG LTCPro.ServiceLayer.Log4net - ---Executing GetVitalsCheckList() in EMARController----
2022-12-12 08:28:06,257 [29] DEBUG LTCPro.ServiceLayer.Log4net - ---Executed Successfully GetVitalsCheckList() in EMARController----
2022-12-12 08:28:06,260 [32] DEBUG LTCPro.ServiceLayer.Log4net - ---Executing GetUserToken() in UserService----
2022-12-12 08:28:06,265 [13] DEBUG LTCPro.ServiceLayer.Log4net - ---Executing GetVitalsCheckList() in EMARController----
2022-12-12 08:28:06,268 [28] DEBUG LTCPro.ServiceLayer.Log4net - ---Executing GetUserToken() in UserService----
2022-12-12 08:28:06,272 [32] DEBUG LTCPro.ServiceLayer.Log4net - ---Executing GetVitalsCheckList() in EMARController----
2022-12-12 08:28:06,279 [13] DEBUG LTCPro.ServiceLayer.Log4net - ---Executed Successfully GetVitalsCheckList() in EMARController----
2022-12-12 08:28:06,294 [30] DEBUG LTCPro.ServiceLayer.Log4net - ---Executed Successfully GetVitalsCheckList() in EMARController----
2022-12-12 08:28:06,299 [28] DEBUG LTCPro.ServiceLayer.Log4net - ---Executing GetVitalsCheckList() in EMARController----
2022-12-12 08:28:06,301 [32] DEBUG LTCPro.ServiceLayer.Log4net - ---Executed Successfully GetVitalsCheckList() in EMARController----
2022-12-12 08:28:06,327 [29] DEBUG LTCPro.ServiceLayer.Log4net - ---Executing GetUserToken() in UserService----
2022-12-12 08:28:06,329 [26] DEBUG LTCPro.ServiceLayer.Log4net - ---Executing GetUserToken() in UserService----
2022-12-12 08:28:06,339 [29] DEBUG LTCPro.ServiceLayer.Log4net - ---Executing GetVitalsCheckList() in EMARController----
2022-12-12 08:28:06,351 [28] DEBUG LTCPro.ServiceLayer.Log4net - ---Executed Successfully GetVitalsCheckList() in EMARController----
2022-12-12 08:28:06,355 [26] DEBUG LTCPro.ServiceLayer.Log4net - ---Executing GetVitalsCheckList() in EMARController----
2022-12-12 08:28:06,362 [29] DEBUG LTCPro.ServiceLayer.Log4net - ---Executed Successfully GetVitalsCheckList() in EMARController----
2022-12-12 08:28:06,402 [13] DEBUG LTCPro.ServiceLayer.Log4net - ---Executing GetUserToken() in UserService----
2022-12-12 08:28:06,414 [32] DEBUG LTCPro.ServiceLayer.Log4net - ---Executing GetUserToken() in UserService----
2022-12-12 08:28:06,419 [13] DEBUG LTCPro.ServiceLayer.Log4net - ---Executing GetVitalsCheckList() in EMARController----
2022-12-12 08:28:06,422 [31] DEBUG LTCPro.ServiceLayer.Log4net - ---Executing GetUserToken() in UserService----
2022-12-12 08:28:06,436 [32] DEBUG LTCPro.ServiceLayer.Log4net - ---Executing GetVitalsCheckList() in EMARController----
2022-12-12 08:28:06,438 [31] DEBUG LTCPro.ServiceLayer.Log4net - ---Executing GetVitalsCheckList() in EMARController----
2022-12-12 08:28:06,443 [26] DEBUG LTCPro.ServiceLayer.Log4net - ---Executed Successfully GetVitalsCheckList() in EMARController----
2022-12-12 08:28:06,449 [13] DEBUG LTCPro.ServiceLayer.Log4net - ---Executed Successfully GetVitalsCheckList() in EMARController----
2022-12-12 08:28:06,453 [32] DEBUG LTCPro.ServiceLayer.Log4net - ---Executed Successfully GetVitalsCheckList() in EMARController----
2022-12-12 08:28:06,455 [31] DEBUG LTCPro.ServiceLayer.Log4net - ---Executed Successfully GetVitalsCheckList() in EMARController----
2022-12-12 08:28:06,479 [30] DEBUG LTCPro.ServiceLayer.Log4net - ---Executing GetUserToken() in UserService----
2022-12-12 08:28:06,479 [12] DEBUG LTCPro.ServiceLayer.Log4net - ---Executing GetUserToken() in UserService----
2022-12-12 08:28:06,569 [30] DEBUG LTCPro.ServiceLayer.Log4net - ---Executing GetVitalsCheckList() in EMARController----
2022-12-12 08:28:06,582 [12] DEBUG LTCPro.ServiceLayer.Log4net - ---Executing GetVitalsCheckList() in EMARController----
2022-12-12 08:28:06,617 [30] DEBUG LTCPro.ServiceLayer.Log4net - ---Executed Successfully GetVitalsCheckList() in EMARController----
2022-12-12 08:28:06,679 [13] DEBUG LTCPro.ServiceLayer.Log4net - ---Executing GetUserToken() in UserService----
2022-12-12 08:28:06,700 [12] DEBUG LTCPro.ServiceLayer.Log4net - ---Executed Successfully GetVitalsCheckList() in EMARController----
2022-12-12 08:28:06,706 [32] DEBUG LTCPro.ServiceLayer.Log4net - ---Executing GetUserToken() in UserService----
2022-12-12 08:28:06,709 [13] DEBUG LTCPro.ServiceLayer.Log4net - ---Executing GetVitalsCheckList() in EMARController----
2022-12-12 08:28:06,715 [32] DEBUG LTCPro.ServiceLayer.Log4net - ---Executing GetVitalsCheckList() in EMARController----
2022-12-12 08:28:06,725 [13] DEBUG LTCPro.ServiceLayer.Log4net - ---Executed Successfully GetVitalsCheckList() in EMARController----
2022-12-12 08:28:06,735 [29] DEBUG LTCPro.ServiceLayer.Log4net - ---Executing GetUserToken() in UserService----
2022-12-12 08:28:06,738 [31] DEBUG LTCPro.ServiceLayer.Log4net - ---Executing GetUserToken() in UserService----
2022-12-12 08:28:06,743 [32] DEBUG LTCPro.ServiceLayer.Log4net - ---Executed Successfully GetVitalsCheckList() in EMARController----
2022-12-12 08:28:06,752 [29] DEBUG LTCPro.ServiceLayer.Log4net - ---Executing GetVitalsCheckList() in EMARController----
2022-12-12 08:28:06,767 [30] DEBUG LTCPro.ServiceLayer.Log4net - ---Executing GetUserToken() in UserService----
2022-12-12 08:28:06,767 [12] DEBUG LTCPro.ServiceLayer.Log4net - ---Executing GetUserToken() in UserService----
2022-12-12 08:28:06,770 [31] DEBUG LTCPro.ServiceLayer.Log4net - ---Executing GetVitalsCheckList() in EMARController----
2022-12-12 08:28:06,774 [30] DEBUG LTCPro.ServiceLayer.Log4net - ---Executing GetVitalsCheckList() in EMARController----
2022-12-12 08:28:06,776 [12] DEBUG LTCPro.ServiceLayer.Log4net - ---Executing GetVitalsCheckList() in EMARController----
2022-12-12 08:28:06,783 [29] DEBUG LTCPro.ServiceLayer.Log4net - ---Executed Successfully GetVitalsCheckList() in EMARController----
2022-12-12 08:28:06,786 [31] DEBUG LTCPro.ServiceLayer.Log4net - ---Executed Successfully GetVitalsCheckList() in EMARController----
2022-12-12 08:28:06,788 [12] DEBUG LTCPro.ServiceLayer.Log4net - ---Executed Successfully GetVitalsCheckList() in EMARController----
2022-12-12 08:28:06,806 [13] DEBUG LTCPro.ServiceLayer.Log4net - ---Executing GetUserToken() in UserService----
2022-12-12 08:28:06,812 [30] DEBUG LTCPro.ServiceLayer.Log4net - ---Executed Successfully GetVitalsCheckList() in EMARController----
2022-12-12 08:28:06,813 [27] DEBUG LTCPro.ServiceLayer.Log4net - ---Executing GetUserToken() in UserService----
2022-12-12 08:28:06,942 [13] DEBUG LTCPro.ServiceLayer.Log4net - ---Executing GetVitalsCheckList() in EMARController----
2022-12-12 08:28:06,999 [12] DEBUG LTCPro.ServiceLayer.Log4net - ---Executing GetUserToken() in UserService----
2022-12-12 08:28:07,008 [32] DEBUG LTCPro.ServiceLayer.Log4net - ---Executing GetUserToken() in UserService----
2022-12-12 08:28:07,013 [12] DEBUG LTCPro.ServiceLayer.Log4net - ---Executing GetVitalsCheckList() in EMARController----
2022-12-12 08:28:07,013 [13] DEBUG LTCPro.ServiceLayer.Log4net - ---Executed Successfully GetVitalsCheckList() in EMARController----
2022-12-12 08:28:07,056 [32] DEBUG LTCPro.ServiceLayer.Log4net - ---Executing GetVitalsCheckList() in EMARController----
2022-12-12 08:28:07,057 [27] DEBUG LTCPro.ServiceLayer.Log4net - ---Executing GetVitalsCheckList() in EMARController----
2022-12-12 08:28:07,058 [12] DEBUG LTCPro.ServiceLayer.Log4net - ---Executed Successfully GetVitalsCheckList() in EMARController----
2022-12-12 08:28:07,071 [32] DEBUG LTCPro.ServiceLayer.Log4net - ---Executed Successfully GetVitalsCheckList() in EMARController----
2022-12-12 08:28:07,075 [27] DEBUG LTCPro.ServiceLayer.Log4net - ---Executed Successfully GetVitalsCheckList() in EMARController----
2022-12-12 08:28:07,087 [29] DEBUG LTCPro.ServiceLayer.Log4net - ---Executing GetUserToken() in UserService----
2022-12-12 08:28:07,402 [29] DEBUG LTCPro.ServiceLayer.Log4net - ---Executing GetVitalsCheckList() in EMARController----
2022-12-12 08:28:07,418 [29] DEBUG LTCPro.ServiceLayer.Log4net - ---Executed Successfully GetVitalsCheckList() in EMARController----
2022-12-12 08:28:29,756 [32] DEBUG LTCPro.ServiceLayer.Log4net - ---Executing GetUserToken() in UserService----
2022-12-12 08:28:29,762 [32] DEBUG LTCPro.ServiceLayer.Log4net - ---Executing GetOrdersListData() in CommonController----
2022-12-12 08:28:29,762 [32] DEBUG LTCPro.ServiceLayer.Log4net - ---Executing GetOrdersListData() in CommonService----
2022-12-12 08:28:31,492 [32] DEBUG LTCPro.ServiceLayer.Log4net - ---Executed Successfully GetOrdersListData() in CommonController----
2022-12-12 08:28:31,610 [32] DEBUG LTCPro.ServiceLayer.Log4net - ---Executing GetUserToken() in UserService----
2022-12-12 08:28:31,651 [12] DEBUG LTCPro.ServiceLayer.Log4net - ---Executing GetUserToken() in UserService----
2022-12-12 08:28:31,652 [32] DEBUG LTCPro.ServiceLayer.Log4net - ---Executing GetVitalsCheckList() in EMARController----
2022-12-12 08:28:31,659 [12] DEBUG LTCPro.ServiceLayer.Log4net - ---Executing GetVitalsCheckList() in EMARController----
2022-12-12 08:28:31,670 [32] DEBUG LTCPro.ServiceLayer.Log4net - ---Executed Successfully GetVitalsCheckList() in EMARController----
2022-12-12 08:28:31,671 [12] DEBUG LTCPro.ServiceLayer.Log4net - ---Executed Successfully GetVitalsCheckList() in EMARController----
2022-12-12 08:28:31,682 [13] DEBUG LTCPro.ServiceLayer.Log4net - ---Executing GetUserToken() in UserService----
2022-12-12 08:28:31,716 [13] DEBUG LTCPro.ServiceLayer.Log4net - ---Executing GetDrFirstFlagForCompanyByNSId() in CompanyController----
2022-12-12 08:28:31,716 [13] DEBUG LTCPro.ServiceLayer.Log4net - ---Executing GetDrFirstFlagForCompanyByNSId() in CompanyService----
2022-12-12 08:28:31,726 [13] DEBUG LTCPro.ServiceLayer.Log4net - ---Executed Successfully GetDrFirstFlagForCompanyByNSId() in CompanyController----
2022-12-12 08:28:31,893 [32] DEBUG LTCPro.ServiceLayer.Log4net - ---Executing GetUserToken() in UserService----
2022-12-12 08:28:31,952 [32] DEBUG LTCPro.ServiceLayer.Log4net - ---Executing GetVitalsCheckList() in EMARController----
2022-12-12 08:28:32,306 [32] DEBUG LTCPro.ServiceLayer.Log4net - ---Executed Successfully GetVitalsCheckList() in EMARController----
2022-12-12 08:28:32,451 [22] DEBUG LTCPro.ServiceLayer.Log4net - ---Executing GetUserToken() in UserService----
2022-12-12 08:28:32,513 [22] DEBUG LTCPro.ServiceLayer.Log4net - ---Executing GetVitalsCheckList() in EMARController----
2022-12-12 08:28:32,565 [23] DEBUG LTCPro.ServiceLayer.Log4net - ---Executing GetUserToken() in UserService----
2022-12-12 08:28:32,626 [24] DEBUG LTCPro.ServiceLayer.Log4net - ---Executing GetUserToken() in UserService----
2022-12-12 08:28:32,631 [25] DEBUG LTCPro.ServiceLayer.Log4net - ---Executing GetUserToken() in UserService----
2022-12-12 08:28:32,646 [22] DEBUG LTCPro.ServiceLayer.Log4net - ---Executed Successfully GetVitalsCheckList() in EMARController----
2022-12-12 08:28:32,656 [23] DEBUG LTCPro.ServiceLayer.Log4net - ---Executing GetVitalsCheckList() in EMARController----
2022-12-12 08:28:32,670 [12] DEBUG LTCPro.ServiceLayer.Log4net - ---Executing GetUserToken() in UserService----
2022-12-12 08:28:32,674 [24] DEBUG LTCPro.ServiceLayer.Log4net - ---Executing GetVitalsCheckList() in EMARController----
2022-12-12 08:28:32,688 [25] DEBUG LTCPro.ServiceLayer.Log4net - ---Executing GetVitalsCheckList() in EMARController----
2022-12-12 08:28:32,695 [23] DEBUG LTCPro.ServiceLayer.Log4net - ---Executed Successfully GetVitalsCheckList() in EMARController----
2022-12-12 08:28:32,702 [22] DEBUG LTCPro.ServiceLayer.Log4net - ---Executing GetUserToken() in UserService----
2022-12-12 08:28:32,743 [12] DEBUG LTCPro.ServiceLayer.Log4net - ---Executing GetVitalsCheckList() in EMARController----
2022-12-12 08:28:32,744 [25] DEBUG LTCPro.ServiceLayer.Log4net - ---Executed Successfully GetVitalsCheckList() in EMARController----
2022-12-12 08:28:32,746 [24] DEBUG LTCPro.ServiceLayer.Log4net - ---Executed Successfully GetVitalsCheckList() in EMARController----
2022-12-12 08:28:32,831 [22] DEBUG LTCPro.ServiceLayer.Log4net - ---Executing GetVitalsCheckList() in EMARController----
2022-12-12 08:28:32,856 [12] DEBUG LTCPro.ServiceLayer.Log4net - ---Executed Successfully GetVitalsCheckList() in EMARController----
2022-12-12 08:28:32,865 [20] DEBUG LTCPro.ServiceLayer.Log4net - ---Executing GetUserToken() in UserService----
2022-12-12 08:28:32,873 [22] DEBUG LTCPro.ServiceLayer.Log4net - ---Executed Successfully GetVitalsCheckList() in EMARController----
2022-12-12 08:28:32,876 [20] DEBUG LTCPro.ServiceLayer.Log4net - ---Executing GetVitalsCheckList() in EMARController----
2022-12-12 08:28:32,903 [23] DEBUG LTCPro.ServiceLayer.Log4net - ---Executing GetUserToken() in UserService----
2022-12-12 08:28:32,903 [24] DEBUG LTCPro.ServiceLayer.Log4net - ---Executing GetUserToken() in UserService----
2022-12-12 08:28:32,923 [20] DEBUG LTCPro.ServiceLayer.Log4net - ---Executed Successfully GetVitalsCheckList() in EMARController----
2022-12-12 08:28:32,933 [25] DEBUG LTCPro.ServiceLayer.Log4net - ---Executing GetUserToken() in UserService----
2022-12-12 08:28:33,063 [23] DEBUG LTCPro.ServiceLayer.Log4net - ---Executing GetVitalsCheckList() in EMARController----
2022-12-12 08:28:33,133 [24] DEBUG LTCPro.ServiceLayer.Log4net - ---Executing GetVitalsCheckList() in EMARController----
2022-12-12 08:28:33,134 [25] DEBUG LTCPro.ServiceLayer.Log4net - ---Executing GetVitalsCheckList() in EMARController----
2022-12-12 08:28:33,135 [23] DEBUG LTCPro.ServiceLayer.Log4net - ---Executed Successfully GetVitalsCheckList() in EMARController----
2022-12-12 08:28:33,259 [13] DEBUG LTCPro.ServiceLayer.Log4net - ---Executing GetUserToken() in UserService----
2022-12-12 08:28:33,274 [25] DEBUG LTCPro.ServiceLayer.Log4net - ---Executed Successfully GetVitalsCheckList() in EMARController----
2022-12-12 08:28:33,289 [24] DEBUG LTCPro.ServiceLayer.Log4net - ---Executed Successfully GetVitalsCheckList() in EMARController----
2022-12-12 08:28:33,314 [23] DEBUG LTCPro.ServiceLayer.Log4net - ---Executing GetUserToken() in UserService----
2022-12-12 08:28:33,321 [20] DEBUG LTCPro.ServiceLayer.Log4net - ---Executing GetUserToken() in UserService----
2022-12-12 08:28:33,329 [13] DEBUG LTCPro.ServiceLayer.Log4net - ---Executing GetVitalsCheckList() in EMARController----
2022-12-12 08:28:33,344 [23] DEBUG LTCPro.ServiceLayer.Log4net - ---Executing GetVitalsCheckList() in EMARController----
2022-12-12 08:28:33,355 [20] DEBUG LTCPro.ServiceLayer.Log4net - ---Executing GetVitalsCheckList() in EMARController----
2022-12-12 08:28:33,363 [23] DEBUG LTCPro.ServiceLayer.Log4net - ---Executed Successfully GetVitalsCheckList() in EMARController----
2022-12-12 08:28:33,370 [20] DEBUG LTCPro.ServiceLayer.Log4net - ---Executed Successfully GetVitalsCheckList() in EMARController----
2022-12-12 08:28:33,372 [13] DEBUG LTCPro.ServiceLayer.Log4net - ---Executed Successfully GetVitalsCheckList() in EMARController----
2022-12-12 08:28:33,385 [22] DEBUG LTCPro.ServiceLayer.Log4net - ---Executing GetUserToken() in UserService----
2022-12-12 08:28:33,392 [24] DEBUG LTCPro.ServiceLayer.Log4net - ---Executing GetUserToken() in UserService----
2022-12-12 08:28:33,398 [22] DEBUG LTCPro.ServiceLayer.Log4net - ---Executing GetVitalsCheckList() in EMARController----
2022-12-12 08:28:33,410 [24] DEBUG LTCPro.ServiceLayer.Log4net - ---Executing GetVitalsCheckList() in EMARController----
2022-12-12 08:28:33,413 [19] DEBUG LTCPro.ServiceLayer.Log4net - ---Executing GetUserToken() in UserService----
2022-12-12 08:28:33,572 [22] DEBUG LTCPro.ServiceLayer.Log4net - ---Executed Successfully GetVitalsCheckList() in EMARController----
2022-12-12 08:28:33,585 [19] DEBUG LTCPro.ServiceLayer.Log4net - ---Executing GetVitalsCheckList() in EMARController----
2022-12-12 08:28:33,592 [24] DEBUG LTCPro.ServiceLayer.Log4net - ---Executed Successfully GetVitalsCheckList() in EMARController----
2022-12-12 08:28:33,594 [20] DEBUG LTCPro.ServiceLayer.Log4net - ---Executing GetUserToken() in UserService----
2022-12-12 08:28:33,594 [23] DEBUG LTCPro.ServiceLayer.Log4net - ---Executing GetUserToken() in UserService----
2022-12-12 08:28:33,598 [19] DEBUG LTCPro.ServiceLayer.Log4net - ---Executed Successfully GetVitalsCheckList() in EMARController----
2022-12-12 08:28:33,603 [20] DEBUG LTCPro.ServiceLayer.Log4net - ---Executing GetVitalsCheckList() in EMARController----
2022-12-12 08:28:33,607 [23] DEBUG LTCPro.ServiceLayer.Log4net - ---Executing GetVitalsCheckList() in EMARController----
2022-12-12 08:28:33,616 [20] DEBUG LTCPro.ServiceLayer.Log4net - ---Executed Successfully GetVitalsCheckList() in EMARController----
2022-12-12 08:28:33,618 [13] DEBUG LTCPro.ServiceLayer.Log4net - ---Executing GetUserToken() in UserService----
2022-12-12 08:28:33,632 [22] DEBUG LTCPro.ServiceLayer.Log4net - ---Executing GetUserToken() in UserService----
2022-12-12 08:28:33,641 [23] DEBUG LTCPro.ServiceLayer.Log4net - ---Executed Successfully GetVitalsCheckList() in EMARController----
2022-12-12 08:28:33,643 [22] DEBUG LTCPro.ServiceLayer.Log4net - ---Executing GetVitalsCheckList() in EMARController----
2022-12-12 08:28:33,646 [13] DEBUG LTCPro.ServiceLayer.Log4net - ---Executing GetVitalsCheckList() in EMARController----
2022-12-12 08:28:33,659 [29] DEBUG LTCPro.ServiceLayer.Log4net - ---Executing GetUserToken() in UserService----
2022-12-12 08:28:33,666 [20] DEBUG LTCPro.ServiceLayer.Log4net - ---Executing GetUserToken() in UserService----
2022-12-12 08:28:33,685 [23] DEBUG LTCPro.ServiceLayer.Log4net - ---Executing GetUserToken() in UserService----
2022-12-12 08:28:33,688 [22] DEBUG LTCPro.ServiceLayer.Log4net - ---Executed Successfully GetVitalsCheckList() in EMARController----
2022-12-12 08:28:33,713 [13] DEBUG LTCPro.ServiceLayer.Log4net - ---Executed Successfully GetVitalsCheckList() in EMARController----
2022-12-12 08:28:33,730 [29] DEBUG LTCPro.ServiceLayer.Log4net - ---Executing GetVitalsCheckList() in EMARController----
2022-12-12 08:28:33,736 [25] DEBUG LTCPro.ServiceLayer.Log4net - ---Executing GetUserToken() in UserService----
2022-12-12 08:28:33,739 [20] DEBUG LTCPro.ServiceLayer.Log4net - ---Executing GetVitalsCheckList() in EMARController----
2022-12-12 08:28:33,744 [23] DEBUG LTCPro.ServiceLayer.Log4net - ---Executing GetVitalsCheckList() in EMARController----
2022-12-12 08:28:33,771 [22] DEBUG LTCPro.ServiceLayer.Log4net - ---Executing GetUserToken() in UserService----
2022-12-12 08:28:33,772 [25] DEBUG LTCPro.ServiceLayer.Log4net - ---Executing GetVitalsCheckList() in EMARController----
2022-12-12 08:28:33,775 [24] DEBUG LTCPro.ServiceLayer.Log4net - ---Executing GetUserToken() in UserService----
2022-12-12 08:28:33,778 [22] DEBUG LTCPro.ServiceLayer.Log4net - ---Executing GetVitalsCheckList() in EMARController----
2022-12-12 08:28:33,779 [23] DEBUG LTCPro.ServiceLayer.Log4net - ---Executed Successfully GetVitalsCheckList() in EMARController----
2022-12-12 08:28:33,781 [20] DEBUG LTCPro.ServiceLayer.Log4net - ---Executed Successfully GetVitalsCheckList() in EMARController----
2022-12-12 08:28:33,782 [29] DEBUG LTCPro.ServiceLayer.Log4net - ---Executed Successfully GetVitalsCheckList() in EMARController----
2022-12-12 08:28:33,783 [24] DEBUG LTCPro.ServiceLayer.Log4net - ---Executing GetVitalsCheckList() in EMARController----
2022-12-12 08:28:33,791 [25] DEBUG LTCPro.ServiceLayer.Log4net - ---Executed Successfully GetVitalsCheckList() in EMARController----
2022-12-12 08:28:33,792 [22] DEBUG LTCPro.ServiceLayer.Log4net - ---Executed Successfully GetVitalsCheckList() in EMARController----
2022-12-12 08:28:33,813 [22] DEBUG LTCPro.ServiceLayer.Log4net - ---Executing GetUserToken() in UserService----
2022-12-12 08:28:33,813 [25] DEBUG LTCPro.ServiceLayer.Log4net - ---Executing GetUserToken() in UserService----
2022-12-12 08:28:33,813 [12] DEBUG LTCPro.ServiceLayer.Log4net - ---Executing GetUserToken() in UserService----
2022-12-12 08:28:33,817 [24] DEBUG LTCPro.ServiceLayer.Log4net - ---Executed Successfully GetVitalsCheckList() in EMARController----
2022-12-12 08:28:33,821 [12] DEBUG LTCPro.ServiceLayer.Log4net - ---Executing GetVitalsCheckList() in EMARController----
2022-12-12 08:28:33,820 [25] DEBUG LTCPro.ServiceLayer.Log4net - ---Executing GetVitalsCheckList() in EMARController----
2022-12-12 08:28:33,825 [22] DEBUG LTCPro.ServiceLayer.Log4net - ---Executing GetVitalsCheckList() in EMARController----
2022-12-12 08:28:33,836 [22] DEBUG LTCPro.ServiceLayer.Log4net - ---Executed Successfully GetVitalsCheckList() in EMARController----
2022-12-12 08:28:33,857 [24] DEBUG LTCPro.ServiceLayer.Log4net - ---Executing GetUserToken() in UserService----
2022-12-12 08:28:33,885 [22] DEBUG LTCPro.ServiceLayer.Log4net - ---Executing GetUserToken() in UserService----
2022-12-12 08:28:33,886 [25] DEBUG LTCPro.ServiceLayer.Log4net - ---Executed Successfully GetVitalsCheckList() in EMARController----
2022-12-12 08:28:33,887 [24] DEBUG LTCPro.ServiceLayer.Log4net - ---Executing GetVitalsCheckList() in EMARController----
2022-12-12 08:28:33,892 [22] DEBUG LTCPro.ServiceLayer.Log4net - ---Executing GetVitalsCheckList() in EMARController----
2022-12-12 08:28:33,902 [12] DEBUG LTCPro.ServiceLayer.Log4net - ---Executed Successfully GetVitalsCheckList() in EMARController----
2022-12-12 08:28:33,903 [24] DEBUG LTCPro.ServiceLayer.Log4net - ---Executed Successfully GetVitalsCheckList() in EMARController----
2022-12-12 08:28:33,930 [22] DEBUG LTCPro.ServiceLayer.Log4net - ---Executed Successfully GetVitalsCheckList() in EMARController----
2022-12-12 08:28:33,992 [25] DEBUG LTCPro.ServiceLayer.Log4net - ---Executing GetUserToken() in UserService----
2022-12-12 08:28:33,998 [25] DEBUG LTCPro.ServiceLayer.Log4net - ---Executing GetVitalsCheckList() in EMARController----
2022-12-12 08:28:34,007 [22] DEBUG LTCPro.ServiceLayer.Log4net - ---Executing GetUserToken() in UserService----
2022-12-12 08:28:34,012 [22] DEBUG LTCPro.ServiceLayer.Log4net - ---Executing GetVitalsCheckList() in EMARController----
2022-12-12 08:28:34,013 [25] DEBUG LTCPro.ServiceLayer.Log4net - ---Executed Successfully GetVitalsCheckList() in EMARController----
2022-12-12 08:28:34,017 [24] DEBUG LTCPro.ServiceLayer.Log4net - ---Executing GetUserToken() in UserService----
2022-12-12 08:28:34,021 [24] DEBUG LTCPro.ServiceLayer.Log4net - ---Executing GetVitalsCheckList() in EMARController----
2022-12-12 08:28:34,022 [22] DEBUG LTCPro.ServiceLayer.Log4net - ---Executed Successfully GetVitalsCheckList() in EMARController----
2022-12-12 08:28:34,031 [24] DEBUG LTCPro.ServiceLayer.Log4net - ---Executed Successfully GetVitalsCheckList() in EMARController----
2022-12-12 08:28:34,032 [12] DEBUG LTCPro.ServiceLayer.Log4net - ---Executing GetUserToken() in UserService----
2022-12-12 08:28:34,037 [12] DEBUG LTCPro.ServiceLayer.Log4net - ---Executing GetVitalsCheckList() in EMARController----
2022-12-12 08:28:34,047 [12] DEBUG LTCPro.ServiceLayer.Log4net - ---Executed Successfully GetVitalsCheckList() in EMARController----
2022-12-12 08:29:54,289 [25] DEBUG LTCPro.ServiceLayer.Log4net - ---Executing GetUserToken() in UserService----
2022-12-12 08:29:54,295 [25] DEBUG LTCPro.ServiceLayer.Log4net - ---Executing InsertUserActivityDetails() in CompanyController----
2022-12-12 08:29:54,295 [25] DEBUG LTCPro.ServiceLayer.Log4net - ---Executing InsertUserActivityDetails() in UserActivityService----
2022-12-12 08:29:54,296 [32] DEBUG LTCPro.ServiceLayer.Log4net - ---Executing GetUserToken() in UserService----
2022-12-12 08:29:54,303 [25] DEBUG LTCPro.ServiceLayer.Log4net - ---Executed Successfully InsertUserActivityDetails() in CompanyController----
2022-12-12 08:29:54,308 [12] DEBUG LTCPro.ServiceLayer.Log4net - ---Executing GetUserToken() in UserService----
2022-12-12 08:29:54,313 [12] DEBUG LTCPro.ServiceLayer.Log4net - ---Executing GetDueMARAlertData() in EmarController----
2022-12-12 08:29:54,313 [12] DEBUG LTCPro.ServiceLayer.Log4net - ---Executing GetDueMARAlertData() in EmarService----
2022-12-12 08:29:54,605 [32] DEBUG LTCPro.ServiceLayer.Log4net - ---Executing GetUserRecentFacNs() in UserController----
2022-12-12 08:29:54,605 [32] DEBUG LTCPro.ServiceLayer.Log4net - ---Executing GetUserRecentFacNs() in UserService----
2022-12-12 08:29:54,613 [32] DEBUG LTCPro.ServiceLayer.Log4net - ---Executed Successfully GetUserRecentFacNs() in UserController----
2022-12-12 08:29:54,634 [25] DEBUG LTCPro.ServiceLayer.Log4net - ---Executing GetUserToken() in UserService----
2022-12-12 08:29:54,639 [25] DEBUG LTCPro.ServiceLayer.Log4net - ---Executing GetCompanyToBedData() in FacilityController----
2022-12-12 08:29:54,639 [25] DEBUG LTCPro.ServiceLayer.Log4net - ---Executing GetCompanyToBedData() in FacilityService----
2022-12-12 08:29:54,703 [25] DEBUG LTCPro.ServiceLayer.Log4net - ---Executed Successfully GetCompanyToBedData() in FacilityController----
2022-12-12 08:29:54,723 [32] DEBUG LTCPro.ServiceLayer.Log4net - ---Executing GetUserToken() in UserService----
2022-12-12 08:29:54,728 [32] DEBUG LTCPro.ServiceLayer.Log4net - ---Executing UserNurseStationDrop() in FacilityController----
2022-12-12 08:29:54,728 [32] DEBUG LTCPro.ServiceLayer.Log4net - ---Executing UserNurseStationDrop() in FacilityService----
2022-12-12 08:29:54,733 [32] DEBUG LTCPro.ServiceLayer.Log4net - ---Executed Successfully UserNurseStationDrop() in FacilityController----
2022-12-12 08:29:54,769 [24] DEBUG LTCPro.ServiceLayer.Log4net - ---Executing GetUserToken() in UserService----
2022-12-12 08:29:54,777 [24] DEBUG LTCPro.ServiceLayer.Log4net - ---Executing GetNursingScheduleData() in EmarController----
2022-12-12 08:29:54,777 [24] DEBUG LTCPro.ServiceLayer.Log4net - ---Executing GetNursingScheduleData() in EmarService----
2022-12-12 08:29:54,784 [32] DEBUG LTCPro.ServiceLayer.Log4net - ---Executing GetUserToken() in UserService----
2022-12-12 08:29:54,789 [32] DEBUG LTCPro.ServiceLayer.Log4net - ---Executing GetDrFirstFlagForCompanyByNSId() in CompanyController----
2022-12-12 08:29:54,789 [32] DEBUG LTCPro.ServiceLayer.Log4net - ---Executing GetDrFirstFlagForCompanyByNSId() in CompanyService----
2022-12-12 08:29:54,798 [32] DEBUG LTCPro.ServiceLayer.Log4net - ---Executed Successfully GetDrFirstFlagForCompanyByNSId() in CompanyController----
2022-12-12 08:29:54,821 [32] DEBUG LTCPro.ServiceLayer.Log4net - ---Executing GetUserToken() in UserService----
2022-12-12 08:29:54,829 [32] DEBUG LTCPro.ServiceLayer.Log4net - ---Executing GetTimeZoneDate() in CommonController----
2022-12-12 08:29:54,829 [32] DEBUG LTCPro.ServiceLayer.Log4net - ---Executing GetTimeZoneDate() in CommonService----
2022-12-12 08:29:54,833 [32] DEBUG LTCPro.ServiceLayer.Log4net - ---Executed Successfully GetTimeZoneDate() in CommonController----
2022-12-12 08:29:54,971 [25] DEBUG LTCPro.ServiceLayer.Log4net - ---Executing GetUserToken() in UserService----
2022-12-12 08:29:54,976 [25] DEBUG LTCPro.ServiceLayer.Log4net - ---Executing GetPendingOrdersGridData() in OrdersController----
2022-12-12 08:29:54,976 [25] DEBUG LTCPro.ServiceLayer.Log4net - ---Executing GetPendingOrdersGridData() in OrdersService----
2022-12-12 08:29:55,062 [25] DEBUG LTCPro.ServiceLayer.Log4net - ---Executed Successfully GetPendingOrdersGridData() in OrdersController----
2022-12-12 08:29:55,126 [12] DEBUG LTCPro.ServiceLayer.Log4net - ---Executed Successfully GetDueMARAlertData() in EmarController----
2022-12-12 08:29:55,988 [24] DEBUG LTCPro.ServiceLayer.Log4net - ---Executed Successfully GetNursingScheduleData() in EmarController----
2022-12-12 08:29:56,027 [12] DEBUG LTCPro.ServiceLayer.Log4net - ---Executing GetUserToken() in UserService----
2022-12-12 08:29:56,035 [12] DEBUG LTCPro.ServiceLayer.Log4net - ---Executing GetNurseShiftDrop() in CommonController----
2022-12-12 08:29:56,035 [12] DEBUG LTCPro.ServiceLayer.Log4net - ---Executing GetNurseShiftDrop() in CommonService----
2022-12-12 08:29:56,167 [12] DEBUG LTCPro.ServiceLayer.Log4net - ---Executed Successfully GetNurseShiftDrop() in CommonController----
2022-12-12 08:29:57,486 [25] DEBUG LTCPro.ServiceLayer.Log4net - ---Executing GetUserToken() in UserService----
2022-12-12 08:29:57,488 [32] DEBUG LTCPro.ServiceLayer.Log4net - ---Executing GetUserToken() in UserService----
2022-12-12 08:29:57,501 [25] DEBUG LTCPro.ServiceLayer.Log4net - ---Executing InsertUserActivityDetails() in CompanyController----
2022-12-12 08:29:57,501 [25] DEBUG LTCPro.ServiceLayer.Log4net - ---Executing InsertUserActivityDetails() in UserActivityService----
2022-12-12 08:29:57,504 [32] DEBUG LTCPro.ServiceLayer.Log4net - ---Executing GetUserRecentFacNs() in UserController----
2022-12-12 08:29:57,504 [32] DEBUG LTCPro.ServiceLayer.Log4net - ---Executing GetUserRecentFacNs() in UserService----
2022-12-12 08:29:57,512 [25] DEBUG LTCPro.ServiceLayer.Log4net - ---Executed Successfully InsertUserActivityDetails() in CompanyController----
2022-12-12 08:29:57,515 [32] DEBUG LTCPro.ServiceLayer.Log4net - ---Executed Successfully GetUserRecentFacNs() in UserController----
2022-12-12 08:29:57,576 [32] DEBUG LTCPro.ServiceLayer.Log4net - ---Executing GetUserToken() in UserService----
2022-12-12 08:29:57,580 [32] DEBUG LTCPro.ServiceLayer.Log4net - ---Executing GetUserAccessFacilityNurseStaions() in FacilityController----
2022-12-12 08:29:57,580 [32] DEBUG LTCPro.ServiceLayer.Log4net - ---Executing GetUserAccessFacilityNurseStaions() in FacilityService----
2022-12-12 08:29:57,589 [32] DEBUG LTCPro.ServiceLayer.Log4net - ---Executed Successfully GetUserAccessFacilityNurseStaions() in FacilityController----
2022-12-12 08:29:57,603 [32] DEBUG LTCPro.ServiceLayer.Log4net - ---Executing GetUserToken() in UserService----
2022-12-12 08:29:57,608 [32] DEBUG LTCPro.ServiceLayer.Log4net - ---Executing UserNurseStationDrop() in FacilityController----
2022-12-12 08:29:57,608 [32] DEBUG LTCPro.ServiceLayer.Log4net - ---Executing UserNurseStationDrop() in FacilityService----
2022-12-12 08:29:57,613 [32] DEBUG LTCPro.ServiceLayer.Log4net - ---Executed Successfully UserNurseStationDrop() in FacilityController----
2022-12-12 08:29:57,713 [22] DEBUG LTCPro.ServiceLayer.Log4net - ---Executing GetUserToken() in UserService----
2022-12-12 08:29:57,744 [6] DEBUG LTCPro.ServiceLayer.Log4net - ---Executing GetUserToken() in UserService----
2022-12-12 08:29:57,747 [24] DEBUG LTCPro.ServiceLayer.Log4net - ---Executing GetUserToken() in UserService----
2022-12-12 08:29:57,754 [22] DEBUG LTCPro.ServiceLayer.Log4net - ---Executing GetCompanyToBedFlagByFacId() in FacilityController----
2022-12-12 08:29:57,754 [22] DEBUG LTCPro.ServiceLayer.Log4net - ---Executing GetCompanyToBedFlagByFacId() in FacilityService----
2022-12-12 08:29:57,765 [24] DEBUG LTCPro.ServiceLayer.Log4net - ---Executing GetSeventyTwoHourDetailsByfilter() in EMARController----
2022-12-12 08:29:57,765 [24] DEBUG LTCPro.ServiceLayer.Log4net - ---Executing GetSeventyTwoHourDetailsByfilter() in EmarService----
2022-12-12 08:29:57,822 [6] DEBUG LTCPro.ServiceLayer.Log4net - ---Executing GetPRNDetailsByfilter() in EMARController----
2022-12-12 08:29:57,822 [6] DEBUG LTCPro.ServiceLayer.Log4net - ---Executing GetPRNDetailsByfilter() in EmarService----
2022-12-12 08:29:57,835 [12] DEBUG LTCPro.ServiceLayer.Log4net - ---Executing GetUserToken() in UserService----
2022-12-12 08:29:57,844 [12] DEBUG LTCPro.ServiceLayer.Log4net - ---Executing OrderEndingSoonStatus() in OrdersController----
2022-12-12 08:29:57,844 [12] DEBUG LTCPro.ServiceLayer.Log4net - ---Executing OrderEndingSoonStatus() in OrdersService----
2022-12-12 08:29:57,870 [22] DEBUG LTCPro.ServiceLayer.Log4net - ---Executed Successfully GetCompanyToBedFlagByFacId() in FacilityController----
2022-12-12 08:29:57,889 [12] DEBUG LTCPro.ServiceLayer.Log4net - ---Executed Successfully OrderEndingSoonStatus() in OrdersController----
2022-12-12 08:29:57,954 [25] DEBUG LTCPro.ServiceLayer.Log4net - ---Executing GetUserToken() in UserService----
2022-12-12 08:29:57,999 [18] DEBUG LTCPro.ServiceLayer.Log4net - ---Executing GetUserToken() in UserService----
2022-12-12 08:29:58,030 [32] DEBUG LTCPro.ServiceLayer.Log4net - ---Executing GetUserToken() in UserService----
2022-12-12 08:29:58,031 [25] DEBUG LTCPro.ServiceLayer.Log4net - ---Executing OrderEndingSoonStatus() in OrdersController----
2022-12-12 08:29:58,031 [25] DEBUG LTCPro.ServiceLayer.Log4net - ---Executing OrderEndingSoonStatus() in OrdersService----
2022-12-12 08:29:58,035 [18] DEBUG LTCPro.ServiceLayer.Log4net - ---Executing GetOrdersEndingSoon() in OrdersController----
2022-12-12 08:29:58,035 [18] DEBUG LTCPro.ServiceLayer.Log4net - ---Executing GetOrdersEndingSoon() in OrdersService----
2022-12-12 08:29:58,046 [32] DEBUG LTCPro.ServiceLayer.Log4net - ---Executing GetNurseStationHierarchyDetailsbyNsId() in CompanyController----
2022-12-12 08:29:58,046 [32] DEBUG LTCPro.ServiceLayer.Log4net - ---Executing GetNurseStationHierarchyDetailsbyNsId() in CompanyService----
2022-12-12 08:29:58,065 [32] DEBUG LTCPro.ServiceLayer.Log4net - ---Executed Successfully GetNurseStationHierarchyDetailsbyNsId() in CompanyController----
2022-12-12 08:29:58,077 [25] DEBUG LTCPro.ServiceLayer.Log4net - ---Executed Successfully OrderEndingSoonStatus() in OrdersController----
2022-12-12 08:29:58,159 [18] DEBUG LTCPro.ServiceLayer.Log4net - ---Executed Successfully GetOrdersEndingSoon() in OrdersController----
2022-12-12 08:29:58,312 [17] DEBUG LTCPro.ServiceLayer.Log4net - ---Executing GetUserToken() in UserService----
2022-12-12 08:29:58,314 [24] DEBUG LTCPro.ServiceLayer.Log4net - ---Executed Successfully GetSeventyTwoHourDetailsByfilter() in EMARController----
2022-12-12 08:29:58,329 [17] DEBUG LTCPro.ServiceLayer.Log4net - ---Executing GetOrdersGridData() in OrdersController----
2022-12-12 08:29:58,329 [17] DEBUG LTCPro.ServiceLayer.Log4net - ---Executing GetOrdersGridData() in OrdersService----
2022-12-12 08:29:58,386 [17] DEBUG LTCPro.ServiceLayer.Log4net - ---Executed Successfully GetOrdersGridData() in OrdersController----
2022-12-12 08:29:58,617 [6] DEBUG LTCPro.ServiceLayer.Log4net - ---Executed Successfully GetPRNDetailsByfilter() in EMARController----
2022-12-12 08:29:58,772 [24] DEBUG LTCPro.ServiceLayer.Log4net - ---Executing GetUserToken() in UserService----
2022-12-12 08:29:58,778 [24] DEBUG LTCPro.ServiceLayer.Log4net - ---Executing GetPendingOrdersGridData() in OrdersController----
2022-12-12 08:29:58,778 [24] DEBUG LTCPro.ServiceLayer.Log4net - ---Executing GetPendingOrdersGridData() in OrdersService----
2022-12-12 08:29:58,814 [24] DEBUG LTCPro.ServiceLayer.Log4net - ---Executed Successfully GetPendingOrdersGridData() in OrdersController----
2022-12-12 08:30:01,026 [22] DEBUG LTCPro.ServiceLayer.Log4net - ---Executing GetUserToken() in UserService----
2022-12-12 08:30:01,032 [25] DEBUG LTCPro.ServiceLayer.Log4net - ---Executing GetUserToken() in UserService----
2022-12-12 08:30:01,034 [22] DEBUG LTCPro.ServiceLayer.Log4net - ---Executing InsertUserActivityDetails() in CompanyController----
2022-12-12 08:30:01,034 [22] DEBUG LTCPro.ServiceLayer.Log4net - ---Executing InsertUserActivityDetails() in UserActivityService----
2022-12-12 08:30:01,039 [25] DEBUG LTCPro.ServiceLayer.Log4net - ---Executing GetUserRecentFacNs() in UserController----
2022-12-12 08:30:01,040 [25] DEBUG LTCPro.ServiceLayer.Log4net - ---Executing GetUserRecentFacNs() in UserService----
2022-12-12 08:30:01,046 [12] DEBUG LTCPro.ServiceLayer.Log4net - ---Executing GetUserToken() in UserService----
2022-12-12 08:30:01,047 [22] DEBUG LTCPro.ServiceLayer.Log4net - ---Executed Successfully InsertUserActivityDetails() in CompanyController----
2022-12-12 08:30:01,051 [25] DEBUG LTCPro.ServiceLayer.Log4net - ---Executed Successfully GetUserRecentFacNs() in UserController----
2022-12-12 08:30:01,053 [12] DEBUG LTCPro.ServiceLayer.Log4net - ---Executing GetDueMARAlertData() in EmarController----
2022-12-12 08:30:01,053 [12] DEBUG LTCPro.ServiceLayer.Log4net - ---Executing GetDueMARAlertData() in EmarService----
2022-12-12 08:30:01,256 [25] DEBUG LTCPro.ServiceLayer.Log4net - ---Executing GetUserToken() in UserService----
2022-12-12 08:30:01,260 [25] DEBUG LTCPro.ServiceLayer.Log4net - ---Executing GetCompanyToBedData() in FacilityController----
2022-12-12 08:30:01,260 [25] DEBUG LTCPro.ServiceLayer.Log4net - ---Executing GetCompanyToBedData() in FacilityService----
2022-12-12 08:30:01,313 [25] DEBUG LTCPro.ServiceLayer.Log4net - ---Executed Successfully GetCompanyToBedData() in FacilityController----
2022-12-12 08:30:01,333 [32] DEBUG LTCPro.ServiceLayer.Log4net - ---Executing GetUserToken() in UserService----
2022-12-12 08:30:01,338 [32] DEBUG LTCPro.ServiceLayer.Log4net - ---Executing UserNurseStationDrop() in FacilityController----
2022-12-12 08:30:01,338 [32] DEBUG LTCPro.ServiceLayer.Log4net - ---Executing UserNurseStationDrop() in FacilityService----
2022-12-12 08:30:01,343 [32] DEBUG LTCPro.ServiceLayer.Log4net - ---Executed Successfully UserNurseStationDrop() in FacilityController----
2022-12-12 08:30:01,380 [17] DEBUG LTCPro.ServiceLayer.Log4net - ---Executing GetUserToken() in UserService----
2022-12-12 08:30:01,388 [17] DEBUG LTCPro.ServiceLayer.Log4net - ---Executing GetNursingScheduleData() in EmarController----
2022-12-12 08:30:01,388 [17] DEBUG LTCPro.ServiceLayer.Log4net - ---Executing GetNursingScheduleData() in EmarService----
2022-12-12 08:30:01,391 [25] DEBUG LTCPro.ServiceLayer.Log4net - ---Executing GetUserToken() in UserService----
2022-12-12 08:30:01,396 [25] DEBUG LTCPro.ServiceLayer.Log4net - ---Executing GetDrFirstFlagForCompanyByNSId() in CompanyController----
2022-12-12 08:30:01,397 [25] DEBUG LTCPro.ServiceLayer.Log4net - ---Executing GetDrFirstFlagForCompanyByNSId() in CompanyService----
2022-12-12 08:30:01,415 [25] DEBUG LTCPro.ServiceLayer.Log4net - ---Executed Successfully GetDrFirstFlagForCompanyByNSId() in CompanyController----
2022-12-12 08:30:01,460 [25] DEBUG LTCPro.ServiceLayer.Log4net - ---Executing GetUserToken() in UserService----
2022-12-12 08:30:01,468 [25] DEBUG LTCPro.ServiceLayer.Log4net - ---Executing GetTimeZoneDate() in CommonController----
2022-12-12 08:30:01,468 [25] DEBUG LTCPro.ServiceLayer.Log4net - ---Executing GetTimeZoneDate() in CommonService----
2022-12-12 08:30:01,472 [25] DEBUG LTCPro.ServiceLayer.Log4net - ---Executed Successfully GetTimeZoneDate() in CommonController----
2022-12-12 08:30:01,583 [18] DEBUG LTCPro.ServiceLayer.Log4net - ---Executing GetUserToken() in UserService----
2022-12-12 08:30:01,588 [18] DEBUG LTCPro.ServiceLayer.Log4net - ---Executing GetPendingOrdersGridData() in OrdersController----
2022-12-12 08:30:01,588 [18] DEBUG LTCPro.ServiceLayer.Log4net - ---Executing GetPendingOrdersGridData() in OrdersService----
2022-12-12 08:30:01,675 [18] DEBUG LTCPro.ServiceLayer.Log4net - ---Executed Successfully GetPendingOrdersGridData() in OrdersController----
2022-12-12 08:30:02,002 [12] DEBUG LTCPro.ServiceLayer.Log4net - ---Executed Successfully GetDueMARAlertData() in EmarController----
2022-12-12 08:30:02,682 [17] DEBUG LTCPro.ServiceLayer.Log4net - ---Executed Successfully GetNursingScheduleData() in EmarController----
2022-12-12 08:30:02,714 [18] DEBUG LTCPro.ServiceLayer.Log4net - ---Executing GetUserToken() in UserService----
2022-12-12 08:30:03,028 [18] DEBUG LTCPro.ServiceLayer.Log4net - ---Executing GetNurseShiftDrop() in CommonController----
2022-12-12 08:30:03,028 [18] DEBUG LTCPro.ServiceLayer.Log4net - ---Executing GetNurseShiftDrop() in CommonService----
2022-12-12 08:30:03,152 [18] DEBUG LTCPro.ServiceLayer.Log4net - ---Executed Successfully GetNurseShiftDrop() in CommonController----
2022-12-12 08:30:04,823 [25] DEBUG LTCPro.ServiceLayer.Log4net - ---Executing GetUserToken() in UserService----
2022-12-12 08:30:04,828 [25] DEBUG LTCPro.ServiceLayer.Log4net - ---Executing GetEmarResidentGridData() in EmarController----
2022-12-12 08:30:04,828 [25] DEBUG LTCPro.ServiceLayer.Log4net - ---Executing GetEmarResidentGridData() in EmarService----
2022-12-12 08:30:05,211 [25] DEBUG LTCPro.ServiceLayer.Log4net - ---Executed Successfully GetEmarResidentGridData() in EmarController----
2022-12-12 08:30:18,919 [25] DEBUG LTCPro.ServiceLayer.Log4net - ---Executing GetUserToken() in UserService----
2022-12-12 08:30:18,931 [25] DEBUG LTCPro.ServiceLayer.Log4net - ---Executing GetResidentInformation() in ResidentDemographicController----
2022-12-12 08:30:18,931 [25] DEBUG LTCPro.ServiceLayer.Log4net - ---Executing GetResidentInformation() in ResidentDemographicService----
2022-12-12 08:30:19,103 [18] DEBUG LTCPro.ServiceLayer.Log4net - ---Executing GetUserToken() in UserService----
2022-12-12 08:30:19,108 [18] DEBUG LTCPro.ServiceLayer.Log4net - ---Executing GetPendingOrdersGridData() in OrdersController----
2022-12-12 08:30:19,108 [18] DEBUG LTCPro.ServiceLayer.Log4net - ---Executing GetPendingOrdersGridData() in OrdersService----
2022-12-12 08:30:19,118 [17] DEBUG LTCPro.ServiceLayer.Log4net - ---Executing GetUserToken() in UserService----
2022-12-12 08:30:19,122 [17] DEBUG LTCPro.ServiceLayer.Log4net - ---Executing GetLiteralOrderGridData() in OrdersController----
2022-12-12 08:30:19,122 [17] DEBUG LTCPro.ServiceLayer.Log4net - ---Executing GetLiteralOrderGridData() in OrdersService----
2022-12-12 08:30:19,142 [18] DEBUG LTCPro.ServiceLayer.Log4net - ---Executed Successfully GetPendingOrdersGridData() in OrdersController----
2022-12-12 08:30:19,266 [17] DEBUG LTCPro.ServiceLayer.Log4net - ---Executed Successfully GetLiteralOrderGridData() in OrdersController----
2022-12-12 08:30:19,325 [25] DEBUG LTCPro.ServiceLayer.Log4net - ---Executed Successfully GetResidentInformation() in ResidentDemographicController----
2022-12-12 08:30:19,365 [17] DEBUG LTCPro.ServiceLayer.Log4net - ---Executing GetUserToken() in UserService----
2022-12-12 08:30:19,374 [12] DEBUG LTCPro.ServiceLayer.Log4net - ---Executing GetUserToken() in UserService----
2022-12-12 08:30:19,376 [17] DEBUG LTCPro.ServiceLayer.Log4net - ---Executing GetEmarOrdersList() in EmarController----
2022-12-12 08:30:19,376 [17] DEBUG LTCPro.ServiceLayer.Log4net - ---Executing GetEmarOrdersList() in EmarService----
2022-12-12 08:30:19,381 [12] DEBUG LTCPro.ServiceLayer.Log4net - ---Executing GetMedicationReason() in EmarController----
2022-12-12 08:30:19,381 [12] DEBUG LTCPro.ServiceLayer.Log4net - ---Executing GetMedicationReason() in EmarService----
2022-12-12 08:30:19,390 [12] DEBUG LTCPro.ServiceLayer.Log4net - ---Executed Successfully GetMedicationReason() in EmarController----
2022-12-12 08:30:19,401 [25] DEBUG LTCPro.ServiceLayer.Log4net - ---Executing GetUserToken() in UserService----
2022-12-12 08:30:19,406 [25] DEBUG LTCPro.ServiceLayer.Log4net - ---Executing GetPatientType() in ResidentDemographicController----
2022-12-12 08:30:19,406 [25] DEBUG LTCPro.ServiceLayer.Log4net - ---Executing GetPatientType() in EmarService----
2022-12-12 08:30:19,415 [25] DEBUG LTCPro.ServiceLayer.Log4net - ---Executed Successfully GetPatientType() in ResidentDemographicController----
2022-12-12 08:30:19,561 [18] DEBUG LTCPro.ServiceLayer.Log4net - ---Executing GetUserToken() in UserService----
2022-12-12 08:30:19,567 [18] DEBUG LTCPro.ServiceLayer.Log4net - ---Executing GetDiagnosisDetails() in OrdersController----
2022-12-12 08:30:19,567 [18] DEBUG LTCPro.ServiceLayer.Log4net - ---Executing GetDiagnosisDetails() in OrdersService----
2022-12-12 08:30:19,580 [18] DEBUG LTCPro.ServiceLayer.Log4net - ---Executed Successfully GetDiagnosisDetails() in OrdersController----
2022-12-12 08:30:20,551 [17] DEBUG LTCPro.ServiceLayer.Log4net - ---Executed Successfully GetEmarOrdersList() in EmarController----
2022-12-12 08:30:20,617 [17] DEBUG LTCPro.ServiceLayer.Log4net - ---Executing GetUserToken() in UserService----
2022-12-12 08:30:20,628 [17] DEBUG LTCPro.ServiceLayer.Log4net - ---Executing GetVitalsCheckList() in EMARController----
2022-12-12 08:30:20,648 [24] DEBUG LTCPro.ServiceLayer.Log4net - ---Executing GetUserToken() in UserService----
2022-12-12 08:30:20,653 [17] DEBUG LTCPro.ServiceLayer.Log4net - ---Executed Successfully GetVitalsCheckList() in EMARController----
2022-12-12 08:30:20,655 [24] DEBUG LTCPro.ServiceLayer.Log4net - ---Executing GetVitalsCheckList() in EMARController----
2022-12-12 08:30:20,667 [18] DEBUG LTCPro.ServiceLayer.Log4net - ---Executing GetUserToken() in UserService----
2022-12-12 08:30:20,684 [24] DEBUG LTCPro.ServiceLayer.Log4net - ---Executed Successfully GetVitalsCheckList() in EMARController----
2022-12-12 08:30:20,685 [18] DEBUG LTCPro.ServiceLayer.Log4net - ---Executing GetVitalsCheckList() in EMARController----
2022-12-12 08:30:20,843 [18] DEBUG LTCPro.ServiceLayer.Log4net - ---Executed Successfully GetVitalsCheckList() in EMARController----
2022-12-12 08:30:20,853 [17] DEBUG LTCPro.ServiceLayer.Log4net - ---Executing GetUserToken() in UserService----
2022-12-12 08:30:20,860 [17] DEBUG LTCPro.ServiceLayer.Log4net - ---Executing GetVitalsCheckList() in EMARController----
2022-12-12 08:30:20,869 [25] DEBUG LTCPro.ServiceLayer.Log4net - ---Executing GetUserToken() in UserService----
2022-12-12 08:30:20,874 [17] DEBUG LTCPro.ServiceLayer.Log4net - ---Executed Successfully GetVitalsCheckList() in EMARController----
2022-12-12 08:30:20,875 [25] DEBUG LTCPro.ServiceLayer.Log4net - ---Executing GetVitalsCheckList() in EMARController----
2022-12-12 08:30:20,876 [24] DEBUG LTCPro.ServiceLayer.Log4net - ---Executing GetUserToken() in UserService----
2022-12-12 08:30:20,885 [24] DEBUG LTCPro.ServiceLayer.Log4net - ---Executing GetVitalsCheckList() in EMARController----
2022-12-12 08:30:20,895 [25] DEBUG LTCPro.ServiceLayer.Log4net - ---Executed Successfully GetVitalsCheckList() in EMARController----
2022-12-12 08:30:20,900 [24] DEBUG LTCPro.ServiceLayer.Log4net - ---Executed Successfully GetVitalsCheckList() in EMARController----
2022-12-12 08:30:32,560 [17] DEBUG LTCPro.ServiceLayer.Log4net - ---Executing GetUserToken() in UserService----
2022-12-12 08:30:32,570 [24] DEBUG LTCPro.ServiceLayer.Log4net - ---Executing GetUserToken() in UserService----
2022-12-12 08:30:32,572 [18] DEBUG LTCPro.ServiceLayer.Log4net - ---Executing GetUserToken() in UserService----
2022-12-12 08:30:32,581 [17] DEBUG LTCPro.ServiceLayer.Log4net - ---Executing GetVitalsCheckList() in EMARController----
2022-12-12 08:30:32,586 [25] DEBUG LTCPro.ServiceLayer.Log4net - ---Executing GetUserToken() in UserService----
2022-12-12 08:30:32,586 [18] DEBUG LTCPro.ServiceLayer.Log4net - ---Executing GetVitalsCheckList() in EMARController----
2022-12-12 08:30:32,589 [24] DEBUG LTCPro.ServiceLayer.Log4net - ---Executing GetVitalsCheckList() in EMARController----
2022-12-12 08:30:32,622 [25] DEBUG LTCPro.ServiceLayer.Log4net - ---Executing GetVitalsCheckList() in EMARController----
2022-12-12 08:30:32,627 [17] DEBUG LTCPro.ServiceLayer.Log4net - ---Executed Successfully GetVitalsCheckList() in EMARController----
2022-12-12 08:30:32,628 [18] DEBUG LTCPro.ServiceLayer.Log4net - ---Executed Successfully GetVitalsCheckList() in EMARController----
2022-12-12 08:30:32,632 [24] DEBUG LTCPro.ServiceLayer.Log4net - ---Executed Successfully GetVitalsCheckList() in EMARController----
2022-12-12 08:30:32,640 [25] DEBUG LTCPro.ServiceLayer.Log4net - ---Executed Successfully GetVitalsCheckList() in EMARController----
2022-12-12 08:30:32,655 [18] DEBUG LTCPro.ServiceLayer.Log4net - ---Executing GetUserToken() in UserService----
2022-12-12 08:30:32,656 [17] DEBUG LTCPro.ServiceLayer.Log4net - ---Executing GetUserToken() in UserService----
2022-12-12 08:30:32,660 [18] DEBUG LTCPro.ServiceLayer.Log4net - ---Executing GetVitalsCheckList() in EMARController----
2022-12-12 08:30:32,667 [17] DEBUG LTCPro.ServiceLayer.Log4net - ---Executing GetVitalsCheckList() in EMARController----
2022-12-12 08:30:32,670 [18] DEBUG LTCPro.ServiceLayer.Log4net - ---Executed Successfully GetVitalsCheckList() in EMARController----
2022-12-12 08:30:32,677 [17] DEBUG LTCPro.ServiceLayer.Log4net - ---Executed Successfully GetVitalsCheckList() in EMARController----
2022-12-12 08:36:35,799 [8] DEBUG LTCPro.ServiceLayer.Log4net - ---Executing GetUserToken() in UserService----
2022-12-12 08:36:35,804 [19] DEBUG LTCPro.ServiceLayer.Log4net - ---Executing GetUserToken() in UserService----
2022-12-12 08:36:35,804 [20] DEBUG LTCPro.ServiceLayer.Log4net - ---Executing GetUserToken() in UserService----
2022-12-12 08:36:35,806 [14] DEBUG LTCPro.ServiceLayer.Log4net - ---Executing GetUserToken() in UserService----
2022-12-12 08:36:35,818 [15] DEBUG LTCPro.ServiceLayer.Log4net - ---Executing GetUserToken() in UserService----
2022-12-12 08:36:35,820 [8] DEBUG LTCPro.ServiceLayer.Log4net - ---Executing GetUserPassedDueFlag() in UserController----
2022-12-12 08:36:35,820 [8] DEBUG LTCPro.ServiceLayer.Log4net - ---Executing GetUserPassedDueFlag() in UserService----
2022-12-12 08:36:35,824 [14] DEBUG LTCPro.ServiceLayer.Log4net - ---Executing GetUserRecentFacNs() in UserController----
2022-12-12 08:36:35,824 [14] DEBUG LTCPro.ServiceLayer.Log4net - ---Executing GetUserRecentFacNs() in UserService----
2022-12-12 08:36:35,853 [8] DEBUG LTCPro.ServiceLayer.Log4net - ---Executed Successfully GetUserPassedDueFlag() in UserController----
2022-12-12 08:36:35,854 [19] DEBUG LTCPro.ServiceLayer.Log4net - ---Executing GetAlertsDetails() in MailboxController----
2022-12-12 08:36:35,854 [19] DEBUG LTCPro.ServiceLayer.Log4net - ---Executing GetAlertsDetails() in MailboxService----
2022-12-12 08:36:35,861 [16] DEBUG LTCPro.ServiceLayer.Log4net - ---Executing GetUserToken() in UserService----
2022-12-12 08:36:35,861 [20] DEBUG LTCPro.ServiceLayer.Log4net - ---Executing GetOutboundErrorDetails() in CommonController----
2022-12-12 08:36:35,862 [20] DEBUG LTCPro.ServiceLayer.Log4net - ---Executing GetOutboundErrorDetails() in CommonService----
2022-12-12 08:36:35,867 [15] DEBUG LTCPro.ServiceLayer.Log4net - ---Executing GetReadMailsCount() in MailboxController----
2022-12-12 08:36:35,867 [15] DEBUG LTCPro.ServiceLayer.Log4net - ---Executing GetReadMailsCount() in MailboxService----
2022-12-12 08:36:35,867 [16] DEBUG LTCPro.ServiceLayer.Log4net - ---Executing GetDueMARAlertData() in EmarController----
2022-12-12 08:36:35,867 [16] DEBUG LTCPro.ServiceLayer.Log4net - ---Executing GetDueMARAlertData() in EmarService----
2022-12-12 08:36:35,872 [15] DEBUG LTCPro.ServiceLayer.Log4net - ---Executed successfully GetReadMailsCount() in MailboxController----
2022-12-12 08:36:35,877 [14] DEBUG LTCPro.ServiceLayer.Log4net - ---Executed Successfully GetUserRecentFacNs() in UserController----
2022-12-12 08:36:35,885 [30] DEBUG LTCPro.ServiceLayer.Log4net - ---Executing GetUserToken() in UserService----
2022-12-12 08:36:35,889 [30] DEBUG LTCPro.ServiceLayer.Log4net - ---Executing GetPendingDosesList() in CommonController----
2022-12-12 08:36:35,889 [30] DEBUG LTCPro.ServiceLayer.Log4net - ---Executing GetPendingDosesList() in CommonService----
2022-12-12 08:36:35,910 [24] DEBUG LTCPro.ServiceLayer.Log4net - ---Executing GetUserToken() in UserService----
2022-12-12 08:36:35,922 [19] DEBUG LTCPro.ServiceLayer.Log4net - ---Executed successfully GetAlertsDetails() in MailboxController----
2022-12-12 08:36:35,934 [24] DEBUG LTCPro.ServiceLayer.Log4net - ---Executing GetDueMARAlertData() in EmarController----
2022-12-12 08:36:35,934 [24] DEBUG LTCPro.ServiceLayer.Log4net - ---Executing GetDueMARAlertData() in EmarService----
2022-12-12 08:36:35,939 [31] DEBUG LTCPro.ServiceLayer.Log4net - ---Executing GetUserToken() in UserService----
2022-12-12 08:36:35,947 [31] DEBUG LTCPro.ServiceLayer.Log4net - ---Executing GetUserRecentFacNs() in UserController----
2022-12-12 08:36:35,947 [31] DEBUG LTCPro.ServiceLayer.Log4net - ---Executing GetUserRecentFacNs() in UserService----
2022-12-12 08:36:35,967 [31] DEBUG LTCPro.ServiceLayer.Log4net - ---Executed Successfully GetUserRecentFacNs() in UserController----
2022-12-12 08:36:35,982 [31] DEBUG LTCPro.ServiceLayer.Log4net - ---Executing GetUserToken() in UserService----
2022-12-12 08:36:35,992 [31] DEBUG LTCPro.ServiceLayer.Log4net - ---Executing InsertUserActivityDetails() in CompanyController----
2022-12-12 08:36:35,992 [31] DEBUG LTCPro.ServiceLayer.Log4net - ---Executing InsertUserActivityDetails() in UserActivityService----
2022-12-12 08:36:36,013 [31] DEBUG LTCPro.ServiceLayer.Log4net - ---Executed Successfully InsertUserActivityDetails() in CompanyController----
2022-12-12 08:36:36,041 [30] DEBUG LTCPro.ServiceLayer.Log4net - ---Executed Successfully GetPendingDosesList() in CommonController----
2022-12-12 08:36:36,429 [16] DEBUG LTCPro.ServiceLayer.Log4net - ---Executed Successfully GetDueMARAlertData() in EmarController----
2022-12-12 08:36:36,466 [24] DEBUG LTCPro.ServiceLayer.Log4net - ---Executed Successfully GetDueMARAlertData() in EmarController----
2022-12-12 08:36:36,865 [20] DEBUG LTCPro.ServiceLayer.Log4net - ---Executed Successfully GetOutboundErrorDetails() in CommonController----
2022-12-12 08:36:39,343 [24] DEBUG LTCPro.ServiceLayer.Log4net - ---Executing GetUserToken() in UserService----
2022-12-12 08:36:39,349 [24] DEBUG LTCPro.ServiceLayer.Log4net - ---Executing GetUserAccessFacilityNurseStaions() in FacilityController----
2022-12-12 08:36:39,349 [24] DEBUG LTCPro.ServiceLayer.Log4net - ---Executing GetUserAccessFacilityNurseStaions() in FacilityService----
2022-12-12 08:36:39,361 [24] DEBUG LTCPro.ServiceLayer.Log4net - ---Executed Successfully GetUserAccessFacilityNurseStaions() in FacilityController----
2022-12-12 08:36:39,387 [30] DEBUG LTCPro.ServiceLayer.Log4net - ---Executing GetUserToken() in UserService----
2022-12-12 08:36:39,392 [30] DEBUG LTCPro.ServiceLayer.Log4net - ---Executing GetCompanyToBedData() in FacilityController----
2022-12-12 08:36:39,392 [30] DEBUG LTCPro.ServiceLayer.Log4net - ---Executing GetCompanyToBedData() in FacilityService----
2022-12-12 08:36:39,462 [30] DEBUG LTCPro.ServiceLayer.Log4net - ---Executed Successfully GetCompanyToBedData() in FacilityController----
2022-12-12 08:36:39,638 [24] DEBUG LTCPro.ServiceLayer.Log4net - ---Executing GetUserToken() in UserService----
2022-12-12 08:36:39,646 [24] DEBUG LTCPro.ServiceLayer.Log4net - ---Executing UserNurseStationDrop() in FacilityController----
2022-12-12 08:36:39,646 [24] DEBUG LTCPro.ServiceLayer.Log4net - ---Executing UserNurseStationDrop() in FacilityService----
2022-12-12 08:36:39,654 [24] DEBUG LTCPro.ServiceLayer.Log4net - ---Executed Successfully UserNurseStationDrop() in FacilityController----
2022-12-12 08:36:39,970 [30] DEBUG LTCPro.ServiceLayer.Log4net - ---Executing GetUserToken() in UserService----
2022-12-12 08:36:39,977 [30] DEBUG LTCPro.ServiceLayer.Log4net - ---Executing GetNursingScheduleData() in EmarController----
2022-12-12 08:36:39,977 [30] DEBUG LTCPro.ServiceLayer.Log4net - ---Executing GetNursingScheduleData() in EmarService----
2022-12-12 08:36:39,979 [16] DEBUG LTCPro.ServiceLayer.Log4net - ---Executing GetUserToken() in UserService----
2022-12-12 08:36:39,991 [16] DEBUG LTCPro.ServiceLayer.Log4net - ---Executing GetDrFirstFlagForCompanyByNSId() in CompanyController----
2022-12-12 08:36:39,992 [16] DEBUG LTCPro.ServiceLayer.Log4net - ---Executing GetDrFirstFlagForCompanyByNSId() in CompanyService----
2022-12-12 08:36:39,999 [16] DEBUG LTCPro.ServiceLayer.Log4net - ---Executed Successfully GetDrFirstFlagForCompanyByNSId() in CompanyController----
2022-12-12 08:36:40,246 [24] DEBUG LTCPro.ServiceLayer.Log4net - ---Executing GetUserToken() in UserService----
2022-12-12 08:36:40,285 [16] DEBUG LTCPro.ServiceLayer.Log4net - ---Executing GetUserToken() in UserService----
2022-12-12 08:36:40,399 [24] DEBUG LTCPro.ServiceLayer.Log4net - ---Executing GetPendingOrdersGridData() in OrdersController----
2022-12-12 08:36:40,399 [24] DEBUG LTCPro.ServiceLayer.Log4net - ---Executing GetPendingOrdersGridData() in OrdersService----
2022-12-12 08:36:40,401 [16] DEBUG LTCPro.ServiceLayer.Log4net - ---Executing GetTimeZoneDate() in CommonController----
2022-12-12 08:36:40,401 [16] DEBUG LTCPro.ServiceLayer.Log4net - ---Executing GetTimeZoneDate() in CommonService----
2022-12-12 08:36:40,447 [16] DEBUG LTCPro.ServiceLayer.Log4net - ---Executed Successfully GetTimeZoneDate() in CommonController----
2022-12-12 08:36:40,477 [24] DEBUG LTCPro.ServiceLayer.Log4net - ---Executed Successfully GetPendingOrdersGridData() in OrdersController----
2022-12-12 08:36:41,422 [30] DEBUG LTCPro.ServiceLayer.Log4net - ---Executed Successfully GetNursingScheduleData() in EmarController----
2022-12-12 08:36:41,460 [30] DEBUG LTCPro.ServiceLayer.Log4net - ---Executing GetUserToken() in UserService----
2022-12-12 08:36:41,464 [30] DEBUG LTCPro.ServiceLayer.Log4net - ---Executing GetNurseShiftDrop() in CommonController----
2022-12-12 08:36:41,464 [30] DEBUG LTCPro.ServiceLayer.Log4net - ---Executing GetNurseShiftDrop() in CommonService----
2022-12-12 08:36:41,579 [30] DEBUG LTCPro.ServiceLayer.Log4net - ---Executed Successfully GetNurseShiftDrop() in CommonController----
2022-12-12 08:36:50,624 [24] DEBUG LTCPro.ServiceLayer.Log4net - ---Executing GetUserToken() in UserService----
2022-12-12 08:36:50,629 [24] DEBUG LTCPro.ServiceLayer.Log4net - ---Executing GetEmarResidentGridData() in EmarController----
2022-12-12 08:36:50,629 [24] DEBUG LTCPro.ServiceLayer.Log4net - ---Executing GetEmarResidentGridData() in EmarService----
2022-12-12 08:36:50,962 [24] DEBUG LTCPro.ServiceLayer.Log4net - ---Executed Successfully GetEmarResidentGridData() in EmarController----
2022-12-12 08:36:52,790 [31] DEBUG LTCPro.ServiceLayer.Log4net - ---Executing GetUserToken() in UserService----
2022-12-12 08:36:52,795 [31] DEBUG LTCPro.ServiceLayer.Log4net - ---Executing GetResidentInformation() in ResidentDemographicController----
2022-12-12 08:36:52,795 [31] DEBUG LTCPro.ServiceLayer.Log4net - ---Executing GetResidentInformation() in ResidentDemographicService----
2022-12-12 08:36:53,003 [24] DEBUG LTCPro.ServiceLayer.Log4net - ---Executing GetUserToken() in UserService----
2022-12-12 08:36:53,009 [24] DEBUG LTCPro.ServiceLayer.Log4net - ---Executing GetPendingOrdersGridData() in OrdersController----
2022-12-12 08:36:53,009 [24] DEBUG LTCPro.ServiceLayer.Log4net - ---Executing GetPendingOrdersGridData() in OrdersService----
2022-12-12 08:36:53,025 [15] DEBUG LTCPro.ServiceLayer.Log4net - ---Executing GetUserToken() in UserService----
2022-12-12 08:36:53,029 [15] DEBUG LTCPro.ServiceLayer.Log4net - ---Executing GetLiteralOrderGridData() in OrdersController----
2022-12-12 08:36:53,029 [15] DEBUG LTCPro.ServiceLayer.Log4net - ---Executing GetLiteralOrderGridData() in OrdersService----
2022-12-12 08:36:53,050 [24] DEBUG LTCPro.ServiceLayer.Log4net - ---Executed Successfully GetPendingOrdersGridData() in OrdersController----
2022-12-12 08:36:53,173 [15] DEBUG LTCPro.ServiceLayer.Log4net - ---Executed Successfully GetLiteralOrderGridData() in OrdersController----
2022-12-12 08:36:53,281 [31] DEBUG LTCPro.ServiceLayer.Log4net - ---Executed Successfully GetResidentInformation() in ResidentDemographicController----
2022-12-12 08:36:53,378 [9] DEBUG LTCPro.ServiceLayer.Log4net - ---Executing GetUserToken() in UserService----
2022-12-12 08:36:53,383 [31] DEBUG LTCPro.ServiceLayer.Log4net - ---Executing GetUserToken() in UserService----
2022-12-12 08:36:53,388 [9] DEBUG LTCPro.ServiceLayer.Log4net - ---Executing GetEmarOrdersList() in EmarController----
2022-12-12 08:36:53,388 [9] DEBUG LTCPro.ServiceLayer.Log4net - ---Executing GetEmarOrdersList() in EmarService----
2022-12-12 08:36:53,390 [31] DEBUG LTCPro.ServiceLayer.Log4net - ---Executing GetPatientType() in ResidentDemographicController----
2022-12-12 08:36:53,390 [31] DEBUG LTCPro.ServiceLayer.Log4net - ---Executing GetPatientType() in EmarService----
2022-12-12 08:36:53,408 [24] DEBUG LTCPro.ServiceLayer.Log4net - ---Executing GetUserToken() in UserService----
2022-12-12 08:36:53,414 [31] DEBUG LTCPro.ServiceLayer.Log4net - ---Executed Successfully GetPatientType() in ResidentDemographicController----
2022-12-12 08:36:53,416 [24] DEBUG LTCPro.ServiceLayer.Log4net - ---Executing GetMedicationReason() in EmarController----
2022-12-12 08:36:53,416 [24] DEBUG LTCPro.ServiceLayer.Log4net - ---Executing GetMedicationReason() in EmarService----
2022-12-12 08:36:53,425 [24] DEBUG LTCPro.ServiceLayer.Log4net - ---Executed Successfully GetMedicationReason() in EmarController----
2022-12-12 08:36:53,592 [16] DEBUG LTCPro.ServiceLayer.Log4net - ---Executing GetUserToken() in UserService----
2022-12-12 08:36:53,598 [16] DEBUG LTCPro.ServiceLayer.Log4net - ---Executing GetDiagnosisDetails() in OrdersController----
2022-12-12 08:36:53,598 [16] DEBUG LTCPro.ServiceLayer.Log4net - ---Executing GetDiagnosisDetails() in OrdersService----
2022-12-12 08:36:53,627 [16] DEBUG LTCPro.ServiceLayer.Log4net - ---Executed Successfully GetDiagnosisDetails() in OrdersController----
2022-12-12 08:36:54,902 [9] DEBUG LTCPro.ServiceLayer.Log4net - ---Executed Successfully GetEmarOrdersList() in EmarController----
2022-12-12 08:36:54,957 [16] DEBUG LTCPro.ServiceLayer.Log4net - ---Executing GetUserToken() in UserService----
2022-12-12 08:36:54,970 [31] DEBUG LTCPro.ServiceLayer.Log4net - ---Executing GetUserToken() in UserService----
2022-12-12 08:36:54,977 [16] DEBUG LTCPro.ServiceLayer.Log4net - ---Executing GetVitalsCheckList() in EMARController----
2022-12-12 08:36:54,981 [31] DEBUG LTCPro.ServiceLayer.Log4net - ---Executing GetVitalsCheckList() in EMARController----
2022-12-12 08:36:54,985 [30] DEBUG LTCPro.ServiceLayer.Log4net - ---Executing GetUserToken() in UserService----
2022-12-12 08:36:54,995 [16] DEBUG LTCPro.ServiceLayer.Log4net - ---Executed Successfully GetVitalsCheckList() in EMARController----
2022-12-12 08:36:54,999 [30] DEBUG LTCPro.ServiceLayer.Log4net - ---Executing GetVitalsCheckList() in EMARController----
2022-12-12 08:36:55,081 [30] DEBUG LTCPro.ServiceLayer.Log4net - ---Executed Successfully GetVitalsCheckList() in EMARController----
2022-12-12 08:36:55,087 [31] DEBUG LTCPro.ServiceLayer.Log4net - ---Executed Successfully GetVitalsCheckList() in EMARController----
2022-12-12 08:36:55,094 [8] DEBUG LTCPro.ServiceLayer.Log4net - ---Executing GetUserToken() in UserService----
2022-12-12 08:36:55,107 [8] DEBUG LTCPro.ServiceLayer.Log4net - ---Executing GetVitalsCheckList() in EMARController----
2022-12-12 08:36:55,117 [8] DEBUG LTCPro.ServiceLayer.Log4net - ---Executed Successfully GetVitalsCheckList() in EMARController----
2022-12-12 08:36:55,123 [9] DEBUG LTCPro.ServiceLayer.Log4net - ---Executing GetUserToken() in UserService----
2022-12-12 08:36:55,128 [15] DEBUG LTCPro.ServiceLayer.Log4net - ---Executing GetUserToken() in UserService----
2022-12-12 08:36:55,128 [9] DEBUG LTCPro.ServiceLayer.Log4net - ---Executing GetVitalsCheckList() in EMARController----
2022-12-12 08:36:55,134 [15] DEBUG LTCPro.ServiceLayer.Log4net - ---Executing GetVitalsCheckList() in EMARController----
2022-12-12 08:36:55,140 [9] DEBUG LTCPro.ServiceLayer.Log4net - ---Executed Successfully GetVitalsCheckList() in EMARController----
2022-12-12 08:36:55,168 [15] DEBUG LTCPro.ServiceLayer.Log4net - ---Executed Successfully GetVitalsCheckList() in EMARController----
2022-12-12 08:37:28,613 [31] DEBUG LTCPro.ServiceLayer.Log4net - ---Executing GetUserToken() in UserService----
2022-12-12 08:37:28,615 [30] DEBUG LTCPro.ServiceLayer.Log4net - ---Executing GetUserToken() in UserService----
2022-12-12 08:37:28,633 [31] DEBUG LTCPro.ServiceLayer.Log4net - ---Executing GetVitalsCheckList() in EMARController----
2022-12-12 08:37:28,633 [20] DEBUG LTCPro.ServiceLayer.Log4net - ---Executing GetUserToken() in UserService----
2022-12-12 08:37:28,638 [30] DEBUG LTCPro.ServiceLayer.Log4net - ---Executing GetVitalsCheckList() in EMARController----
2022-12-12 08:37:28,639 [20] DEBUG LTCPro.ServiceLayer.Log4net - ---Executing GetVitalsCheckList() in EMARController----
2022-12-12 08:37:28,648 [31] DEBUG LTCPro.ServiceLayer.Log4net - ---Executed Successfully GetVitalsCheckList() in EMARController----
2022-12-12 08:37:28,652 [30] DEBUG LTCPro.ServiceLayer.Log4net - ---Executed Successfully GetVitalsCheckList() in EMARController----
2022-12-12 08:37:28,664 [14] DEBUG LTCPro.ServiceLayer.Log4net - ---Executing GetUserToken() in UserService----
2022-12-12 08:37:28,670 [14] DEBUG LTCPro.ServiceLayer.Log4net - ---Executing GetVitalsCheckList() in EMARController----
2022-12-12 08:37:28,678 [20] DEBUG LTCPro.ServiceLayer.Log4net - ---Executed Successfully GetVitalsCheckList() in EMARController----
2022-12-12 08:37:28,679 [30] DEBUG LTCPro.ServiceLayer.Log4net - ---Executing GetUserToken() in UserService----
2022-12-12 08:37:28,680 [31] DEBUG LTCPro.ServiceLayer.Log4net - ---Executing GetUserToken() in UserService----
2022-12-12 08:37:28,683 [14] DEBUG LTCPro.ServiceLayer.Log4net - ---Executed Successfully GetVitalsCheckList() in EMARController----
2022-12-12 08:37:28,734 [30] DEBUG LTCPro.ServiceLayer.Log4net - ---Executing GetVitalsCheckList() in EMARController----
2022-12-12 08:37:28,736 [31] DEBUG LTCPro.ServiceLayer.Log4net - ---Executing GetVitalsCheckList() in EMARController----
2022-12-12 08:37:28,745 [30] DEBUG LTCPro.ServiceLayer.Log4net - ---Executed Successfully GetVitalsCheckList() in EMARController----
2022-12-12 08:37:28,763 [31] DEBUG LTCPro.ServiceLayer.Log4net - ---Executed Successfully GetVitalsCheckList() in EMARController----
2022-12-12 08:39:08,340 [20] DEBUG LTCPro.ServiceLayer.Log4net - ---Executing GetUserToken() in UserService----
2022-12-12 08:39:08,344 [26] DEBUG LTCPro.ServiceLayer.Log4net - ---Executing GetUserToken() in UserService----
2022-12-12 08:39:08,371 [29] DEBUG LTCPro.ServiceLayer.Log4net - ---Executing GetUserToken() in UserService----
2022-12-12 08:39:08,372 [28] DEBUG LTCPro.ServiceLayer.Log4net - ---Executing GetUserToken() in UserService----
2022-12-12 08:39:08,385 [20] DEBUG LTCPro.ServiceLayer.Log4net - ---Executing GetDueMARAlertData() in EmarController----
2022-12-12 08:39:08,385 [20] DEBUG LTCPro.ServiceLayer.Log4net - ---Executing GetDueMARAlertData() in EmarService----
2022-12-12 08:39:08,387 [26] DEBUG LTCPro.ServiceLayer.Log4net - ---Executing GetAlertsDetails() in MailboxController----
2022-12-12 08:39:08,388 [26] DEBUG LTCPro.ServiceLayer.Log4net - ---Executing GetAlertsDetails() in MailboxService----
2022-12-12 08:39:08,388 [29] DEBUG LTCPro.ServiceLayer.Log4net - ---Executing GetUserPassedDueFlag() in UserController----
2022-12-12 08:39:08,388 [29] DEBUG LTCPro.ServiceLayer.Log4net - ---Executing GetUserPassedDueFlag() in UserService----
2022-12-12 08:39:08,449 [28] DEBUG LTCPro.ServiceLayer.Log4net - ---Executing GetReadMailsCount() in MailboxController----
2022-12-12 08:39:08,449 [28] DEBUG LTCPro.ServiceLayer.Log4net - ---Executing GetReadMailsCount() in MailboxService----
2022-12-12 08:39:08,452 [29] DEBUG LTCPro.ServiceLayer.Log4net - ---Executed Successfully GetUserPassedDueFlag() in UserController----
2022-12-12 08:39:08,457 [28] DEBUG LTCPro.ServiceLayer.Log4net - ---Executed successfully GetReadMailsCount() in MailboxController----
2022-12-12 08:39:08,473 [29] DEBUG LTCPro.ServiceLayer.Log4net - ---Executing GetUserToken() in UserService----
2022-12-12 08:39:08,475 [28] DEBUG LTCPro.ServiceLayer.Log4net - ---Executing GetUserToken() in UserService----
2022-12-12 08:39:08,481 [26] DEBUG LTCPro.ServiceLayer.Log4net - ---Executed successfully GetAlertsDetails() in MailboxController----
2022-12-12 08:39:08,485 [29] DEBUG LTCPro.ServiceLayer.Log4net - ---Executing GetOutboundErrorDetails() in CommonController----
2022-12-12 08:39:08,485 [29] DEBUG LTCPro.ServiceLayer.Log4net - ---Executing GetOutboundErrorDetails() in CommonService----
2022-12-12 08:39:08,486 [28] DEBUG LTCPro.ServiceLayer.Log4net - ---Executing GetPendingDosesList() in CommonController----
2022-12-12 08:39:08,486 [28] DEBUG LTCPro.ServiceLayer.Log4net - ---Executing GetPendingDosesList() in CommonService----
2022-12-12 08:39:08,514 [26] DEBUG LTCPro.ServiceLayer.Log4net - ---Executing GetUserToken() in UserService----
2022-12-12 08:39:08,564 [26] DEBUG LTCPro.ServiceLayer.Log4net - ---Executing GetUserRecentFacNs() in UserController----
2022-12-12 08:39:08,564 [26] DEBUG LTCPro.ServiceLayer.Log4net - ---Executing GetUserRecentFacNs() in UserService----
2022-12-12 08:39:08,583 [26] DEBUG LTCPro.ServiceLayer.Log4net - ---Executed Successfully GetUserRecentFacNs() in UserController----
2022-12-12 08:39:08,707 [35] DEBUG LTCPro.ServiceLayer.Log4net - ---Executing GetUserToken() in UserService----
2022-12-12 08:39:08,710 [21] DEBUG LTCPro.ServiceLayer.Log4net - ---Executing GetUserToken() in UserService----
2022-12-12 08:39:08,720 [35] DEBUG LTCPro.ServiceLayer.Log4net - ---Executing InsertUserActivityDetails() in CompanyController----
2022-12-12 08:39:08,720 [35] DEBUG LTCPro.ServiceLayer.Log4net - ---Executing InsertUserActivityDetails() in UserActivityService----
2022-12-12 08:39:08,776 [29] DEBUG LTCPro.ServiceLayer.Log4net - ---Executed Successfully GetOutboundErrorDetails() in CommonController----
2022-12-12 08:39:08,777 [21] DEBUG LTCPro.ServiceLayer.Log4net - ---Executing GetDueMARAlertData() in EmarController----
2022-12-12 08:39:08,777 [21] DEBUG LTCPro.ServiceLayer.Log4net - ---Executing GetDueMARAlertData() in EmarService----
2022-12-12 08:39:08,779 [35] DEBUG LTCPro.ServiceLayer.Log4net - ---Executed Successfully InsertUserActivityDetails() in CompanyController----
2022-12-12 08:39:08,838 [34] DEBUG LTCPro.ServiceLayer.Log4net - ---Executing GetUserToken() in UserService----
2022-12-12 08:39:08,860 [28] DEBUG LTCPro.ServiceLayer.Log4net - ---Executed Successfully GetPendingDosesList() in CommonController----
2022-12-12 08:39:08,868 [34] DEBUG LTCPro.ServiceLayer.Log4net - ---Executing GetUserRecentFacNs() in UserController----
2022-12-12 08:39:08,868 [34] DEBUG LTCPro.ServiceLayer.Log4net - ---Executing GetUserRecentFacNs() in UserService----
2022-12-12 08:39:08,901 [36] DEBUG LTCPro.ServiceLayer.Log4net - ---Executing GetUserToken() in UserService----
2022-12-12 08:39:08,945 [34] DEBUG LTCPro.ServiceLayer.Log4net - ---Executed Successfully GetUserRecentFacNs() in UserController----
2022-12-12 08:39:08,947 [36] DEBUG LTCPro.ServiceLayer.Log4net - ---Executing GetUserAccessFacilityNurseStaions() in FacilityController----
2022-12-12 08:39:08,947 [36] DEBUG LTCPro.ServiceLayer.Log4net - ---Executing GetUserAccessFacilityNurseStaions() in FacilityService----
2022-12-12 08:39:08,980 [36] DEBUG LTCPro.ServiceLayer.Log4net - ---Executed Successfully GetUserAccessFacilityNurseStaions() in FacilityController----
2022-12-12 08:39:09,029 [26] DEBUG LTCPro.ServiceLayer.Log4net - ---Executing GetUserToken() in UserService----
2022-12-12 08:39:09,038 [26] DEBUG LTCPro.ServiceLayer.Log4net - ---Executing GetCompanyToBedData() in FacilityController----
2022-12-12 08:39:09,038 [26] DEBUG LTCPro.ServiceLayer.Log4net - ---Executing GetCompanyToBedData() in FacilityService----
2022-12-12 08:39:09,117 [26] DEBUG LTCPro.ServiceLayer.Log4net - ---Executed Successfully GetCompanyToBedData() in FacilityController----
2022-12-12 08:39:09,143 [34] DEBUG LTCPro.ServiceLayer.Log4net - ---Executing GetUserToken() in UserService----
2022-12-12 08:39:09,148 [34] DEBUG LTCPro.ServiceLayer.Log4net - ---Executing UserNurseStationDrop() in FacilityController----
2022-12-12 08:39:09,148 [34] DEBUG LTCPro.ServiceLayer.Log4net - ---Executing UserNurseStationDrop() in FacilityService----
2022-12-12 08:39:09,156 [34] DEBUG LTCPro.ServiceLayer.Log4net - ---Executed Successfully UserNurseStationDrop() in FacilityController----
2022-12-12 08:39:09,224 [20] DEBUG LTCPro.ServiceLayer.Log4net - ---Executed Successfully GetDueMARAlertData() in EmarController----
2022-12-12 08:39:09,272 [33] DEBUG LTCPro.ServiceLayer.Log4net - ---Executing GetUserToken() in UserService----
2022-12-12 08:39:09,369 [33] DEBUG LTCPro.ServiceLayer.Log4net - ---Executing GetDrFirstFlagForCompanyByNSId() in CompanyController----
2022-12-12 08:39:09,369 [33] DEBUG LTCPro.ServiceLayer.Log4net - ---Executing GetDrFirstFlagForCompanyByNSId() in CompanyService----
2022-12-12 08:39:09,414 [21] DEBUG LTCPro.ServiceLayer.Log4net - ---Executed Successfully GetDueMARAlertData() in EmarController----
2022-12-12 08:39:09,428 [36] DEBUG LTCPro.ServiceLayer.Log4net - ---Executing GetUserToken() in UserService----
2022-12-12 08:39:09,433 [33] DEBUG LTCPro.ServiceLayer.Log4net - ---Executed Successfully GetDrFirstFlagForCompanyByNSId() in CompanyController----
2022-12-12 08:39:09,442 [36] DEBUG LTCPro.ServiceLayer.Log4net - ---Executing GetNursingScheduleData() in EmarController----
2022-12-12 08:39:09,442 [36] DEBUG LTCPro.ServiceLayer.Log4net - ---Executing GetNursingScheduleData() in EmarService----
2022-12-12 08:39:09,571 [26] DEBUG LTCPro.ServiceLayer.Log4net - ---Executing GetUserToken() in UserService----
2022-12-12 08:39:09,594 [26] DEBUG LTCPro.ServiceLayer.Log4net - ---Executing GetPendingOrdersGridData() in OrdersController----
2022-12-12 08:39:09,594 [26] DEBUG LTCPro.ServiceLayer.Log4net - ---Executing GetPendingOrdersGridData() in OrdersService----
2022-12-12 08:39:09,598 [38] DEBUG LTCPro.ServiceLayer.Log4net - ---Executing GetUserToken() in UserService----
2022-12-12 08:39:09,603 [38] DEBUG LTCPro.ServiceLayer.Log4net - ---Executing GetTimeZoneDate() in CommonController----
2022-12-12 08:39:09,603 [38] DEBUG LTCPro.ServiceLayer.Log4net - ---Executing GetTimeZoneDate() in CommonService----
2022-12-12 08:39:09,608 [38] DEBUG LTCPro.ServiceLayer.Log4net - ---Executed Successfully GetTimeZoneDate() in CommonController----
2022-12-12 08:39:09,970 [26] DEBUG LTCPro.ServiceLayer.Log4net - ---Executed Successfully GetPendingOrdersGridData() in OrdersController----
2022-12-12 08:39:10,473 [36] DEBUG LTCPro.ServiceLayer.Log4net - ---Executed Successfully GetNursingScheduleData() in EmarController----
2022-12-12 08:39:10,516 [21] DEBUG LTCPro.ServiceLayer.Log4net - ---Executing GetUserToken() in UserService----
2022-12-12 08:39:10,522 [21] DEBUG LTCPro.ServiceLayer.Log4net - ---Executing GetNurseShiftDrop() in CommonController----
2022-12-12 08:39:10,523 [21] DEBUG LTCPro.ServiceLayer.Log4net - ---Executing GetNurseShiftDrop() in CommonService----
2022-12-12 08:39:10,640 [21] DEBUG LTCPro.ServiceLayer.Log4net - ---Executed Successfully GetNurseShiftDrop() in CommonController----
2022-12-12 08:39:27,607 [29] DEBUG LTCPro.ServiceLayer.Log4net - ---Executing GetUserToken() in UserService----
2022-12-12 08:39:27,615 [29] DEBUG LTCPro.ServiceLayer.Log4net - ---Executing GetEmarResidentGridData() in EmarController----
2022-12-12 08:39:27,615 [29] DEBUG LTCPro.ServiceLayer.Log4net - ---Executing GetEmarResidentGridData() in EmarService----
2022-12-12 08:39:27,944 [29] DEBUG LTCPro.ServiceLayer.Log4net - ---Executed Successfully GetEmarResidentGridData() in EmarController----
2022-12-12 08:39:29,311 [20] DEBUG LTCPro.ServiceLayer.Log4net - ---Executing GetUserToken() in UserService----
2022-12-12 08:39:29,320 [20] DEBUG LTCPro.ServiceLayer.Log4net - ---Executing GetResidentInformation() in ResidentDemographicController----
2022-12-12 08:39:29,320 [20] DEBUG LTCPro.ServiceLayer.Log4net - ---Executing GetResidentInformation() in ResidentDemographicService----
2022-12-12 08:39:29,539 [29] DEBUG LTCPro.ServiceLayer.Log4net - ---Executing GetUserToken() in UserService----
2022-12-12 08:39:29,544 [29] DEBUG LTCPro.ServiceLayer.Log4net - ---Executing GetPendingOrdersGridData() in OrdersController----
2022-12-12 08:39:29,544 [29] DEBUG LTCPro.ServiceLayer.Log4net - ---Executing GetPendingOrdersGridData() in OrdersService----
2022-12-12 08:39:29,545 [28] DEBUG LTCPro.ServiceLayer.Log4net - ---Executing GetUserToken() in UserService----
2022-12-12 08:39:29,553 [28] DEBUG LTCPro.ServiceLayer.Log4net - ---Executing GetLiteralOrderGridData() in OrdersController----
2022-12-12 08:39:29,553 [28] DEBUG LTCPro.ServiceLayer.Log4net - ---Executing GetLiteralOrderGridData() in OrdersService----
2022-12-12 08:39:29,590 [29] DEBUG LTCPro.ServiceLayer.Log4net - ---Executed Successfully GetPendingOrdersGridData() in OrdersController----
2022-12-12 08:39:29,705 [28] DEBUG LTCPro.ServiceLayer.Log4net - ---Executed Successfully GetLiteralOrderGridData() in OrdersController----
2022-12-12 08:39:29,751 [20] DEBUG LTCPro.ServiceLayer.Log4net - ---Executed Successfully GetResidentInformation() in ResidentDemographicController----
2022-12-12 08:39:29,794 [33] DEBUG LTCPro.ServiceLayer.Log4net - ---Executing GetUserToken() in UserService----
2022-12-12 08:39:29,811 [20] DEBUG LTCPro.ServiceLayer.Log4net - ---Executing GetUserToken() in UserService----
2022-12-12 08:39:29,816 [34] DEBUG LTCPro.ServiceLayer.Log4net - ---Executing GetUserToken() in UserService----
2022-12-12 08:39:29,817 [20] DEBUG LTCPro.ServiceLayer.Log4net - ---Executing GetMedicationReason() in EmarController----
2022-12-12 08:39:29,817 [20] DEBUG LTCPro.ServiceLayer.Log4net - ---Executing GetMedicationReason() in EmarService----
2022-12-12 08:39:29,817 [33] DEBUG LTCPro.ServiceLayer.Log4net - ---Executing GetEmarOrdersList() in EmarController----
2022-12-12 08:39:29,817 [33] DEBUG LTCPro.ServiceLayer.Log4net - ---Executing GetEmarOrdersList() in EmarService----
2022-12-12 08:39:29,823 [34] DEBUG LTCPro.ServiceLayer.Log4net - ---Executing GetPatientType() in ResidentDemographicController----
2022-12-12 08:39:29,823 [34] DEBUG LTCPro.ServiceLayer.Log4net - ---Executing GetPatientType() in EmarService----
2022-12-12 08:39:29,823 [20] DEBUG LTCPro.ServiceLayer.Log4net - ---Executed Successfully GetMedicationReason() in EmarController----
2022-12-12 08:39:29,835 [34] DEBUG LTCPro.ServiceLayer.Log4net - ---Executed Successfully GetPatientType() in ResidentDemographicController----
2022-12-12 08:39:30,018 [29] DEBUG LTCPro.ServiceLayer.Log4net - ---Executing GetUserToken() in UserService----
2022-12-12 08:39:30,023 [29] DEBUG LTCPro.ServiceLayer.Log4net - ---Executing GetDiagnosisDetails() in OrdersController----
2022-12-12 08:39:30,023 [29] DEBUG LTCPro.ServiceLayer.Log4net - ---Executing GetDiagnosisDetails() in OrdersService----
2022-12-12 08:39:30,035 [29] DEBUG LTCPro.ServiceLayer.Log4net - ---Executed Successfully GetDiagnosisDetails() in OrdersController----
2022-12-12 08:39:31,415 [33] DEBUG LTCPro.ServiceLayer.Log4net - ---Executed Successfully GetEmarOrdersList() in EmarController----
2022-12-12 08:39:31,483 [36] DEBUG LTCPro.ServiceLayer.Log4net - ---Executing GetUserToken() in UserService----
2022-12-12 08:39:31,491 [26] DEBUG LTCPro.ServiceLayer.Log4net - ---Executing GetUserToken() in UserService----
2022-12-12 08:39:31,505 [36] DEBUG LTCPro.ServiceLayer.Log4net - ---Executing GetVitalsCheckList() in EMARController----
2022-12-12 08:39:31,529 [28] DEBUG LTCPro.ServiceLayer.Log4net - ---Executing GetUserToken() in UserService----
2022-12-12 08:39:31,542 [26] DEBUG LTCPro.ServiceLayer.Log4net - ---Executing GetVitalsCheckList() in EMARController----
2022-12-12 08:39:31,544 [28] DEBUG LTCPro.ServiceLayer.Log4net - ---Executing GetVitalsCheckList() in EMARController----
2022-12-12 08:39:31,703 [36] DEBUG LTCPro.ServiceLayer.Log4net - ---Executed Successfully GetVitalsCheckList() in EMARController----
2022-12-12 08:39:31,710 [26] DEBUG LTCPro.ServiceLayer.Log4net - ---Executed Successfully GetVitalsCheckList() in EMARController----
2022-12-12 08:39:31,715 [28] DEBUG LTCPro.ServiceLayer.Log4net - ---Executed Successfully GetVitalsCheckList() in EMARController----
2022-12-12 08:39:31,718 [37] DEBUG LTCPro.ServiceLayer.Log4net - ---Executing GetUserToken() in UserService----
2022-12-12 08:39:31,728 [35] DEBUG LTCPro.ServiceLayer.Log4net - ---Executing GetUserToken() in UserService----
2022-12-12 08:39:31,747 [37] DEBUG LTCPro.ServiceLayer.Log4net - ---Executing GetVitalsCheckList() in EMARController----
2022-12-12 08:39:31,758 [21] DEBUG LTCPro.ServiceLayer.Log4net - ---Executing GetUserToken() in UserService----
2022-12-12 08:39:31,771 [21] DEBUG LTCPro.ServiceLayer.Log4net - ---Executing GetVitalsCheckList() in EMARController----
2022-12-12 08:39:31,774 [37] DEBUG LTCPro.ServiceLayer.Log4net - ---Executed Successfully GetVitalsCheckList() in EMARController----
2022-12-12 08:39:31,774 [35] DEBUG LTCPro.ServiceLayer.Log4net - ---Executing GetVitalsCheckList() in EMARController----
2022-12-12 08:39:31,827 [21] DEBUG LTCPro.ServiceLayer.Log4net - ---Executed Successfully GetVitalsCheckList() in EMARController----
2022-12-12 08:39:31,833 [35] DEBUG LTCPro.ServiceLayer.Log4net - ---Executed Successfully GetVitalsCheckList() in EMARController----
2022-12-12 08:39:45,960 [35] DEBUG LTCPro.ServiceLayer.Log4net - ---Executing GetUserToken() in UserService----
2022-12-12 08:39:45,964 [37] DEBUG LTCPro.ServiceLayer.Log4net - ---Executing GetUserToken() in UserService----
2022-12-12 08:39:45,971 [35] DEBUG LTCPro.ServiceLayer.Log4net - ---Executing GetVitalsCheckList() in EMARController----
2022-12-12 08:39:45,971 [20] DEBUG LTCPro.ServiceLayer.Log4net - ---Executing GetUserToken() in UserService----
2022-12-12 08:39:45,979 [20] DEBUG LTCPro.ServiceLayer.Log4net - ---Executing GetVitalsCheckList() in EMARController----
2022-12-12 08:39:45,982 [37] DEBUG LTCPro.ServiceLayer.Log4net - ---Executing GetVitalsCheckList() in EMARController----
2022-12-12 08:39:45,983 [21] DEBUG LTCPro.ServiceLayer.Log4net - ---Executing GetUserToken() in UserService----
2022-12-12 08:39:45,987 [35] DEBUG LTCPro.ServiceLayer.Log4net - ---Executed Successfully GetVitalsCheckList() in EMARController----
2022-12-12 08:39:45,990 [21] DEBUG LTCPro.ServiceLayer.Log4net - ---Executing GetVitalsCheckList() in EMARController----
2022-12-12 08:39:45,999 [37] DEBUG LTCPro.ServiceLayer.Log4net - ---Executed Successfully GetVitalsCheckList() in EMARController----
2022-12-12 08:39:46,017 [33] DEBUG LTCPro.ServiceLayer.Log4net - ---Executing GetUserToken() in UserService----
2022-12-12 08:39:46,021 [21] DEBUG LTCPro.ServiceLayer.Log4net - ---Executed Successfully GetVitalsCheckList() in EMARController----
2022-12-12 08:39:46,036 [29] DEBUG LTCPro.ServiceLayer.Log4net - ---Executing GetUserToken() in UserService----
2022-12-12 08:39:46,046 [33] DEBUG LTCPro.ServiceLayer.Log4net - ---Executing GetVitalsCheckList() in EMARController----
2022-12-12 08:39:46,050 [29] DEBUG LTCPro.ServiceLayer.Log4net - ---Executing GetVitalsCheckList() in EMARController----
2022-12-12 08:39:46,051 [20] DEBUG LTCPro.ServiceLayer.Log4net - ---Executed Successfully GetVitalsCheckList() in EMARController----
2022-12-12 08:39:46,059 [33] DEBUG LTCPro.ServiceLayer.Log4net - ---Executed Successfully GetVitalsCheckList() in EMARController----
2022-12-12 08:39:46,059 [29] DEBUG LTCPro.ServiceLayer.Log4net - ---Executed Successfully GetVitalsCheckList() in EMARController----
2022-12-12 08:43:15,466 [20] DEBUG LTCPro.ServiceLayer.Log4net - ---Executing GetUserToken() in UserService----
2022-12-12 08:43:15,484 [30] DEBUG LTCPro.ServiceLayer.Log4net - ---Executing GetUserToken() in UserService----
2022-12-12 08:43:15,523 [20] DEBUG LTCPro.ServiceLayer.Log4net - ---Executing GetAlertsDetails() in MailboxController----
2022-12-12 08:43:15,523 [20] DEBUG LTCPro.ServiceLayer.Log4net - ---Executing GetAlertsDetails() in MailboxService----
2022-12-12 08:43:15,523 [35] DEBUG LTCPro.ServiceLayer.Log4net - ---Executing GetUserToken() in UserService----
2022-12-12 08:43:15,562 [30] DEBUG LTCPro.ServiceLayer.Log4net - ---Executing GetReadMailsCount() in MailboxController----
2022-12-12 08:43:15,562 [30] DEBUG LTCPro.ServiceLayer.Log4net - ---Executing GetReadMailsCount() in MailboxService----
2022-12-12 08:43:15,576 [35] DEBUG LTCPro.ServiceLayer.Log4net - ---Executing GetDueMARAlertData() in EmarController----
2022-12-12 08:43:15,576 [35] DEBUG LTCPro.ServiceLayer.Log4net - ---Executing GetDueMARAlertData() in EmarService----
2022-12-12 08:43:15,581 [8] DEBUG LTCPro.ServiceLayer.Log4net - ---Executing GetUserToken() in UserService----
2022-12-12 08:43:15,588 [20] DEBUG LTCPro.ServiceLayer.Log4net - ---Executed successfully GetAlertsDetails() in MailboxController----
2022-12-12 08:43:15,592 [30] DEBUG LTCPro.ServiceLayer.Log4net - ---Executed successfully GetReadMailsCount() in MailboxController----
2022-12-12 08:43:15,593 [19] DEBUG LTCPro.ServiceLayer.Log4net - ---Executing GetUserToken() in UserService----
2022-12-12 08:43:15,593 [8] DEBUG LTCPro.ServiceLayer.Log4net - ---Executing GetOutboundErrorDetails() in CommonController----
2022-12-12 08:43:15,593 [8] DEBUG LTCPro.ServiceLayer.Log4net - ---Executing GetOutboundErrorDetails() in CommonService----
2022-12-12 08:43:15,624 [19] DEBUG LTCPro.ServiceLayer.Log4net - ---Executing GetDueMARAlertData() in EmarController----
2022-12-12 08:43:15,624 [19] DEBUG LTCPro.ServiceLayer.Log4net - ---Executing GetDueMARAlertData() in EmarService----
2022-12-12 08:43:15,642 [30] DEBUG LTCPro.ServiceLayer.Log4net - ---Executing GetUserToken() in UserService----
2022-12-12 08:43:15,648 [14] DEBUG LTCPro.ServiceLayer.Log4net - ---Executing GetUserToken() in UserService----
2022-12-12 08:43:15,653 [31] DEBUG LTCPro.ServiceLayer.Log4net - ---Executing GetUserToken() in UserService----
2022-12-12 08:43:15,653 [14] DEBUG LTCPro.ServiceLayer.Log4net - ---Executing GetPendingDosesList() in CommonController----
2022-12-12 08:43:15,653 [14] DEBUG LTCPro.ServiceLayer.Log4net - ---Executing GetPendingDosesList() in CommonService----
2022-12-12 08:43:15,655 [30] DEBUG LTCPro.ServiceLayer.Log4net - ---Executing GetUserRecentFacNs() in UserController----
2022-12-12 08:43:15,655 [30] DEBUG LTCPro.ServiceLayer.Log4net - ---Executing GetUserRecentFacNs() in UserService----
2022-12-12 08:43:15,671 [30] DEBUG LTCPro.ServiceLayer.Log4net - ---Executed Successfully GetUserRecentFacNs() in UserController----
2022-12-12 08:43:15,684 [33] DEBUG LTCPro.ServiceLayer.Log4net - ---Executing GetUserToken() in UserService----
2022-12-12 08:43:15,689 [33] DEBUG LTCPro.ServiceLayer.Log4net - ---Executing InsertUserActivityDetails() in CompanyController----
2022-12-12 08:43:15,689 [33] DEBUG LTCPro.ServiceLayer.Log4net - ---Executing InsertUserActivityDetails() in UserActivityService----
2022-12-12 08:43:15,706 [33] DEBUG LTCPro.ServiceLayer.Log4net - ---Executed Successfully InsertUserActivityDetails() in CompanyController----
2022-12-12 08:43:15,718 [31] DEBUG LTCPro.ServiceLayer.Log4net - ---Executing GetUserPassedDueFlag() in UserController----
2022-12-12 08:43:15,718 [31] DEBUG LTCPro.ServiceLayer.Log4net - ---Executing GetUserPassedDueFlag() in UserService----
2022-12-12 08:43:15,728 [31] DEBUG LTCPro.ServiceLayer.Log4net - ---Executed Successfully GetUserPassedDueFlag() in UserController----
2022-12-12 08:43:15,728 [21] DEBUG LTCPro.ServiceLayer.Log4net - ---Executing GetUserToken() in UserService----
2022-12-12 08:43:15,735 [21] DEBUG LTCPro.ServiceLayer.Log4net - ---Executing GetUserRecentFacNs() in UserController----
2022-12-12 08:43:15,735 [21] DEBUG LTCPro.ServiceLayer.Log4net - ---Executing GetUserRecentFacNs() in UserService----
2022-12-12 08:43:15,750 [31] DEBUG LTCPro.ServiceLayer.Log4net - ---Executing GetUserToken() in UserService----
2022-12-12 08:43:15,773 [31] DEBUG LTCPro.ServiceLayer.Log4net - ---Executing GetUserAccessFacilityNurseStaions() in FacilityController----
2022-12-12 08:43:15,773 [31] DEBUG LTCPro.ServiceLayer.Log4net - ---Executing GetUserAccessFacilityNurseStaions() in FacilityService----
2022-12-12 08:43:15,785 [21] DEBUG LTCPro.ServiceLayer.Log4net - ---Executed Successfully GetUserRecentFacNs() in UserController----
2022-12-12 08:43:15,796 [14] DEBUG LTCPro.ServiceLayer.Log4net - ---Executed Successfully GetPendingDosesList() in CommonController----
2022-12-12 08:43:15,830 [31] DEBUG LTCPro.ServiceLayer.Log4net - ---Executed Successfully GetUserAccessFacilityNurseStaions() in FacilityController----
2022-12-12 08:43:15,844 [30] DEBUG LTCPro.ServiceLayer.Log4net - ---Executing GetUserToken() in UserService----
2022-12-12 08:43:15,852 [30] DEBUG LTCPro.ServiceLayer.Log4net - ---Executing GetCompanyToBedData() in FacilityController----
2022-12-12 08:43:15,852 [30] DEBUG LTCPro.ServiceLayer.Log4net - ---Executing GetCompanyToBedData() in FacilityService----
2022-12-12 08:43:15,934 [30] DEBUG LTCPro.ServiceLayer.Log4net - ---Executed Successfully GetCompanyToBedData() in FacilityController----
2022-12-12 08:43:16,000 [33] DEBUG LTCPro.ServiceLayer.Log4net - ---Executing GetUserToken() in UserService----
2022-12-12 08:43:16,015 [33] DEBUG LTCPro.ServiceLayer.Log4net - ---Executing UserNurseStationDrop() in FacilityController----
2022-12-12 08:43:16,015 [33] DEBUG LTCPro.ServiceLayer.Log4net - ---Executing UserNurseStationDrop() in FacilityService----
2022-12-12 08:43:16,028 [33] DEBUG LTCPro.ServiceLayer.Log4net - ---Executed Successfully UserNurseStationDrop() in FacilityController----
2022-12-12 08:43:16,087 [21] DEBUG LTCPro.ServiceLayer.Log4net - ---Executing GetUserToken() in UserService----
2022-12-12 08:43:16,089 [35] DEBUG LTCPro.ServiceLayer.Log4net - ---Executed Successfully GetDueMARAlertData() in EmarController----
2022-12-12 08:43:16,095 [33] DEBUG LTCPro.ServiceLayer.Log4net - ---Executing GetUserToken() in UserService----
2022-12-12 08:43:16,100 [21] DEBUG LTCPro.ServiceLayer.Log4net - ---Executing GetNursingScheduleData() in EmarController----
2022-12-12 08:43:16,103 [21] DEBUG LTCPro.ServiceLayer.Log4net - ---Executing GetNursingScheduleData() in EmarService----
2022-12-12 08:43:16,104 [19] DEBUG LTCPro.ServiceLayer.Log4net - ---Executed Successfully GetDueMARAlertData() in EmarController----
2022-12-12 08:43:16,126 [33] DEBUG LTCPro.ServiceLayer.Log4net - ---Executing GetDrFirstFlagForCompanyByNSId() in CompanyController----
2022-12-12 08:43:16,126 [33] DEBUG LTCPro.ServiceLayer.Log4net - ---Executing GetDrFirstFlagForCompanyByNSId() in CompanyService----
2022-12-12 08:43:16,137 [33] DEBUG LTCPro.ServiceLayer.Log4net - ---Executed Successfully GetDrFirstFlagForCompanyByNSId() in CompanyController----
2022-12-12 08:43:16,185 [8] DEBUG LTCPro.ServiceLayer.Log4net - ---Executed Successfully GetOutboundErrorDetails() in CommonController----
2022-12-12 08:43:16,210 [31] DEBUG LTCPro.ServiceLayer.Log4net - ---Executing GetUserToken() in UserService----
2022-12-12 08:43:16,230 [31] DEBUG LTCPro.ServiceLayer.Log4net - ---Executing GetTimeZoneDate() in CommonController----
2022-12-12 08:43:16,231 [31] DEBUG LTCPro.ServiceLayer.Log4net - ---Executing GetTimeZoneDate() in CommonService----
2022-12-12 08:43:16,234 [31] DEBUG LTCPro.ServiceLayer.Log4net - ---Executed Successfully GetTimeZoneDate() in CommonController----
2022-12-12 08:43:16,440 [26] DEBUG LTCPro.ServiceLayer.Log4net - ---Executing GetUserToken() in UserService----
2022-12-12 08:43:16,445 [26] DEBUG LTCPro.ServiceLayer.Log4net - ---Executing GetPendingOrdersGridData() in OrdersController----
2022-12-12 08:43:16,445 [26] DEBUG LTCPro.ServiceLayer.Log4net - ---Executing GetPendingOrdersGridData() in OrdersService----
2022-12-12 08:43:16,534 [26] DEBUG LTCPro.ServiceLayer.Log4net - ---Executed Successfully GetPendingOrdersGridData() in OrdersController----
2022-12-12 08:43:17,570 [21] DEBUG LTCPro.ServiceLayer.Log4net - ---Executed Successfully GetNursingScheduleData() in EmarController----
2022-12-12 08:43:17,731 [33] DEBUG LTCPro.ServiceLayer.Log4net - ---Executing GetUserToken() in UserService----
2022-12-12 08:43:17,743 [33] DEBUG LTCPro.ServiceLayer.Log4net - ---Executing GetNurseShiftDrop() in CommonController----
2022-12-12 08:43:17,743 [33] DEBUG LTCPro.ServiceLayer.Log4net - ---Executing GetNurseShiftDrop() in CommonService----
2022-12-12 08:43:17,826 [33] DEBUG LTCPro.ServiceLayer.Log4net - ---Executed Successfully GetNurseShiftDrop() in CommonController----
2022-12-12 08:43:21,805 [26] DEBUG LTCPro.ServiceLayer.Log4net - ---Executing GetUserToken() in UserService----
2022-12-12 08:43:21,815 [26] DEBUG LTCPro.ServiceLayer.Log4net - ---Executing GetEmarResidentGridData() in EmarController----
2022-12-12 08:43:21,815 [26] DEBUG LTCPro.ServiceLayer.Log4net - ---Executing GetEmarResidentGridData() in EmarService----
2022-12-12 08:43:22,092 [26] DEBUG LTCPro.ServiceLayer.Log4net - ---Executed Successfully GetEmarResidentGridData() in EmarController----
2022-12-12 08:43:23,494 [26] DEBUG LTCPro.ServiceLayer.Log4net - ---Executing GetUserToken() in UserService----
2022-12-12 08:43:23,500 [26] DEBUG LTCPro.ServiceLayer.Log4net - ---Executing GetResidentInformation() in ResidentDemographicController----
2022-12-12 08:43:23,500 [26] DEBUG LTCPro.ServiceLayer.Log4net - ---Executing GetResidentInformation() in ResidentDemographicService----
2022-12-12 08:43:23,712 [26] DEBUG LTCPro.ServiceLayer.Log4net - ---Executed Successfully GetResidentInformation() in ResidentDemographicController----
2022-12-12 08:43:23,763 [19] DEBUG LTCPro.ServiceLayer.Log4net - ---Executing GetUserToken() in UserService----
2022-12-12 08:43:23,783 [19] DEBUG LTCPro.ServiceLayer.Log4net - ---Executing GetPendingOrdersGridData() in OrdersController----
2022-12-12 08:43:23,783 [19] DEBUG LTCPro.ServiceLayer.Log4net - ---Executing GetPendingOrdersGridData() in OrdersService----
2022-12-12 08:43:23,794 [31] DEBUG LTCPro.ServiceLayer.Log4net - ---Executing GetUserToken() in UserService----
2022-12-12 08:43:23,820 [30] DEBUG LTCPro.ServiceLayer.Log4net - ---Executing GetUserToken() in UserService----
2022-12-12 08:43:23,849 [8] DEBUG LTCPro.ServiceLayer.Log4net - ---Executing GetUserToken() in UserService----
2022-12-12 08:43:23,855 [31] DEBUG LTCPro.ServiceLayer.Log4net - ---Executing GetLiteralOrderGridData() in OrdersController----
2022-12-12 08:43:23,855 [31] DEBUG LTCPro.ServiceLayer.Log4net - ---Executing GetLiteralOrderGridData() in OrdersService----
2022-12-12 08:43:23,862 [35] DEBUG LTCPro.ServiceLayer.Log4net - ---Executing GetUserToken() in UserService----
2022-12-12 08:43:23,866 [30] DEBUG LTCPro.ServiceLayer.Log4net - ---Executing GetMedicationReason() in EmarController----
2022-12-12 08:43:23,866 [30] DEBUG LTCPro.ServiceLayer.Log4net - ---Executing GetMedicationReason() in EmarService----
2022-12-12 08:43:23,868 [8] DEBUG LTCPro.ServiceLayer.Log4net - ---Executing GetPatientType() in ResidentDemographicController----
2022-12-12 08:43:23,868 [8] DEBUG LTCPro.ServiceLayer.Log4net - ---Executing GetPatientType() in EmarService----
2022-12-12 08:43:23,871 [35] DEBUG LTCPro.ServiceLayer.Log4net - ---Executing GetEmarOrdersList() in EmarController----
2022-12-12 08:43:23,871 [35] DEBUG LTCPro.ServiceLayer.Log4net - ---Executing GetEmarOrdersList() in EmarService----
2022-12-12 08:43:23,873 [30] DEBUG LTCPro.ServiceLayer.Log4net - ---Executed Successfully GetMedicationReason() in EmarController----
2022-12-12 08:43:23,885 [8] DEBUG LTCPro.ServiceLayer.Log4net - ---Executed Successfully GetPatientType() in ResidentDemographicController----
2022-12-12 08:43:24,028 [31] DEBUG LTCPro.ServiceLayer.Log4net - ---Executed Successfully GetLiteralOrderGridData() in OrdersController----
2022-12-12 08:43:24,107 [20] DEBUG LTCPro.ServiceLayer.Log4net - ---Executing GetUserToken() in UserService----
2022-12-12 08:43:24,121 [20] DEBUG LTCPro.ServiceLayer.Log4net - ---Executing GetDiagnosisDetails() in OrdersController----
2022-12-12 08:43:24,121 [20] DEBUG LTCPro.ServiceLayer.Log4net - ---Executing GetDiagnosisDetails() in OrdersService----
2022-12-12 08:43:24,172 [19] DEBUG LTCPro.ServiceLayer.Log4net - ---Executed Successfully GetPendingOrdersGridData() in OrdersController----
2022-12-12 08:43:24,180 [20] DEBUG LTCPro.ServiceLayer.Log4net - ---Executed Successfully GetDiagnosisDetails() in OrdersController----
2022-12-12 08:43:24,997 [35] DEBUG LTCPro.ServiceLayer.Log4net - ---Executed Successfully GetEmarOrdersList() in EmarController----
2022-12-12 08:43:25,266 [35] DEBUG LTCPro.ServiceLayer.Log4net - ---Executing GetUserToken() in UserService----
2022-12-12 08:43:25,270 [19] DEBUG LTCPro.ServiceLayer.Log4net - ---Executing GetUserToken() in UserService----
2022-12-12 08:43:25,270 [33] DEBUG LTCPro.ServiceLayer.Log4net - ---Executing GetUserToken() in UserService----
2022-12-12 08:43:25,277 [35] DEBUG LTCPro.ServiceLayer.Log4net - ---Executing GetVitalsCheckList() in EMARController----
2022-12-12 08:43:25,292 [31] DEBUG LTCPro.ServiceLayer.Log4net - ---Executing GetUserToken() in UserService----
2022-12-12 08:43:25,292 [8] DEBUG LTCPro.ServiceLayer.Log4net - ---Executing GetUserToken() in UserService----
2022-12-12 08:43:25,298 [19] DEBUG LTCPro.ServiceLayer.Log4net - ---Executing GetVitalsCheckList() in EMARController----
2022-12-12 08:43:25,299 [33] DEBUG LTCPro.ServiceLayer.Log4net - ---Executing GetVitalsCheckList() in EMARController----
2022-12-12 08:43:25,303 [31] DEBUG LTCPro.ServiceLayer.Log4net - ---Executing GetVitalsCheckList() in EMARController----
2022-12-12 08:43:25,308 [8] DEBUG LTCPro.ServiceLayer.Log4net - ---Executing GetVitalsCheckList() in EMARController----
2022-12-12 08:43:25,308 [35] DEBUG LTCPro.ServiceLayer.Log4net - ---Executed Successfully GetVitalsCheckList() in EMARController----
2022-12-12 08:43:25,313 [33] DEBUG LTCPro.ServiceLayer.Log4net - ---Executed Successfully GetVitalsCheckList() in EMARController----
2022-12-12 08:43:25,315 [31] DEBUG LTCPro.ServiceLayer.Log4net - ---Executed Successfully GetVitalsCheckList() in EMARController----
2022-12-12 08:43:25,332 [8] DEBUG LTCPro.ServiceLayer.Log4net - ---Executed Successfully GetVitalsCheckList() in EMARController----
2022-12-12 08:43:25,345 [26] DEBUG LTCPro.ServiceLayer.Log4net - ---Executing GetUserToken() in UserService----
2022-12-12 08:43:25,357 [26] DEBUG LTCPro.ServiceLayer.Log4net - ---Executing GetVitalsCheckList() in EMARController----
2022-12-12 08:43:25,357 [19] DEBUG LTCPro.ServiceLayer.Log4net - ---Executed Successfully GetVitalsCheckList() in EMARController----
2022-12-12 08:43:25,371 [26] DEBUG LTCPro.ServiceLayer.Log4net - ---Executed Successfully GetVitalsCheckList() in EMARController----
2022-12-12 08:43:27,232 [21] DEBUG LTCPro.ServiceLayer.Log4net - ---Executing GetUserToken() in UserService----
2022-12-12 08:43:31,460 [31] DEBUG LTCPro.ServiceLayer.Log4net - ---Executing GetUserToken() in UserService----
2022-12-12 08:43:31,461 [30] DEBUG LTCPro.ServiceLayer.Log4net - ---Executing GetUserToken() in UserService----
2022-12-12 08:43:31,463 [35] DEBUG LTCPro.ServiceLayer.Log4net - ---Executing GetUserToken() in UserService----
2022-12-12 08:43:31,474 [31] DEBUG LTCPro.ServiceLayer.Log4net - ---Executing GetVitalsCheckList() in EMARController----
2022-12-12 08:43:31,486 [30] DEBUG LTCPro.ServiceLayer.Log4net - ---Executing GetVitalsCheckList() in EMARController----
2022-12-12 08:43:31,489 [21] DEBUG LTCPro.ServiceLayer.Log4net - ---Executing GetUserToken() in UserService----
2022-12-12 08:43:31,489 [33] DEBUG LTCPro.ServiceLayer.Log4net - ---Executing GetUserToken() in UserService----
2022-12-12 08:43:31,492 [31] DEBUG LTCPro.ServiceLayer.Log4net - ---Executed Successfully GetVitalsCheckList() in EMARController----
2022-12-12 08:43:31,495 [35] DEBUG LTCPro.ServiceLayer.Log4net - ---Executing GetVitalsCheckList() in EMARController----
2022-12-12 08:43:31,500 [21] DEBUG LTCPro.ServiceLayer.Log4net - ---Executing GetVitalsCheckList() in EMARController----
2022-12-12 08:43:31,516 [19] DEBUG LTCPro.ServiceLayer.Log4net - ---Executing GetUserToken() in UserService----
2022-12-12 08:43:31,541 [33] DEBUG LTCPro.ServiceLayer.Log4net - ---Executing GetVitalsCheckList() in EMARController----
2022-12-12 08:43:31,542 [21] DEBUG LTCPro.ServiceLayer.Log4net - ---Executed Successfully GetVitalsCheckList() in EMARController----
2022-12-12 08:43:31,542 [35] DEBUG LTCPro.ServiceLayer.Log4net - ---Executed Successfully GetVitalsCheckList() in EMARController----
2022-12-12 08:43:31,543 [30] DEBUG LTCPro.ServiceLayer.Log4net - ---Executed Successfully GetVitalsCheckList() in EMARController----
2022-12-12 08:43:31,571 [19] DEBUG LTCPro.ServiceLayer.Log4net - ---Executing GetVitalsCheckList() in EMARController----
2022-12-12 08:43:31,578 [33] DEBUG LTCPro.ServiceLayer.Log4net - ---Executed Successfully GetVitalsCheckList() in EMARController----
2022-12-12 08:43:31,582 [19] DEBUG LTCPro.ServiceLayer.Log4net - ---Executed Successfully GetVitalsCheckList() in EMARController----
2022-12-12 08:43:33,196 [20] DEBUG LTCPro.ServiceLayer.Log4net - ---Executing GetUserToken() in UserService----
2022-12-12 08:43:36,345 [29] DEBUG LTCPro.ServiceLayer.Log4net - ---Executing GetUserToken() in UserService----
2022-12-12 08:43:36,345 [26] DEBUG LTCPro.ServiceLayer.Log4net - ---Executing GetUserToken() in UserService----
2022-12-12 08:43:36,347 [20] DEBUG LTCPro.ServiceLayer.Log4net - ---Executing GetUserToken() in UserService----
2022-12-12 08:43:36,365 [21] DEBUG LTCPro.ServiceLayer.Log4net - ---Executing GetUserToken() in UserService----
2022-12-12 08:43:36,368 [33] DEBUG LTCPro.ServiceLayer.Log4net - ---Executing GetUserToken() in UserService----
2022-12-12 08:43:36,368 [35] DEBUG LTCPro.ServiceLayer.Log4net - ---Executing GetUserToken() in UserService----
2022-12-12 08:43:36,393 [29] DEBUG LTCPro.ServiceLayer.Log4net - ---Executing GetVitalsCheckList() in EMARController----
2022-12-12 08:43:36,393 [26] DEBUG LTCPro.ServiceLayer.Log4net - ---Executing GetVitalsCheckList() in EMARController----
2022-12-12 08:43:36,394 [21] DEBUG LTCPro.ServiceLayer.Log4net - ---Executing GetVitalsCheckList() in EMARController----
2022-12-12 08:43:36,395 [33] DEBUG LTCPro.ServiceLayer.Log4net - ---Executing GetVitalsCheckList() in EMARController----
2022-12-12 08:43:36,395 [35] DEBUG LTCPro.ServiceLayer.Log4net - ---Executing GetVitalsCheckList() in EMARController----
2022-12-12 08:43:36,396 [20] DEBUG LTCPro.ServiceLayer.Log4net - ---Executing GetVitalsCheckList() in EMARController----
2022-12-12 08:43:36,415 [29] DEBUG LTCPro.ServiceLayer.Log4net - ---Executed Successfully GetVitalsCheckList() in EMARController----
2022-12-12 08:43:36,415 [26] DEBUG LTCPro.ServiceLayer.Log4net - ---Executed Successfully GetVitalsCheckList() in EMARController----
2022-12-12 08:43:36,420 [21] DEBUG LTCPro.ServiceLayer.Log4net - ---Executed Successfully GetVitalsCheckList() in EMARController----
2022-12-12 08:43:36,425 [35] DEBUG LTCPro.ServiceLayer.Log4net - ---Executed Successfully GetVitalsCheckList() in EMARController----
2022-12-12 08:43:36,432 [20] DEBUG LTCPro.ServiceLayer.Log4net - ---Executed Successfully GetVitalsCheckList() in EMARController----
2022-12-12 08:43:36,476 [33] DEBUG LTCPro.ServiceLayer.Log4net - ---Executed Successfully GetVitalsCheckList() in EMARController----
2022-12-12 08:44:55,115 [14] DEBUG LTCPro.ServiceLayer.Log4net - ---Executing GetUserToken() in UserService----
2022-12-12 08:45:34,422 [15] DEBUG LTCPro.ServiceLayer.Log4net - ---Executing GetUserToken() in UserService----
2022-12-12 08:45:34,422 [13] DEBUG LTCPro.ServiceLayer.Log4net - ---Executing GetUserToken() in UserService----
2022-12-12 08:45:34,432 [13] DEBUG LTCPro.ServiceLayer.Log4net - ---Executing GetAlertsDetails() in MailboxController----
2022-12-12 08:45:34,432 [13] DEBUG LTCPro.ServiceLayer.Log4net - ---Executing GetAlertsDetails() in MailboxService----
2022-12-12 08:45:34,440 [15] DEBUG LTCPro.ServiceLayer.Log4net - ---Executing GetReadMailsCount() in MailboxController----
2022-12-12 08:45:34,440 [15] DEBUG LTCPro.ServiceLayer.Log4net - ---Executing GetReadMailsCount() in MailboxService----
2022-12-12 08:45:34,461 [8] DEBUG LTCPro.ServiceLayer.Log4net - ---Executing GetUserToken() in UserService----
2022-12-12 08:45:34,462 [16] DEBUG LTCPro.ServiceLayer.Log4net - ---Executing GetUserToken() in UserService----
2022-12-12 08:45:34,462 [7] DEBUG LTCPro.ServiceLayer.Log4net - ---Executing GetUserToken() in UserService----
2022-12-12 08:45:34,464 [15] DEBUG LTCPro.ServiceLayer.Log4net - ---Executed successfully GetReadMailsCount() in MailboxController----
2022-12-12 08:45:34,468 [16] DEBUG LTCPro.ServiceLayer.Log4net - ---Executing GetUserRecentFacNs() in UserController----
2022-12-12 08:45:34,468 [16] DEBUG LTCPro.ServiceLayer.Log4net - ---Executing GetUserRecentFacNs() in UserService----
2022-12-12 08:45:34,468 [7] DEBUG LTCPro.ServiceLayer.Log4net - ---Executing GetDueMARAlertData() in EmarController----
2022-12-12 08:45:34,468 [7] DEBUG LTCPro.ServiceLayer.Log4net - ---Executing GetDueMARAlertData() in EmarService----
2022-12-12 08:45:34,476 [8] DEBUG LTCPro.ServiceLayer.Log4net - ---Executing GetOutboundErrorDetails() in CommonController----
2022-12-12 08:45:34,476 [8] DEBUG LTCPro.ServiceLayer.Log4net - ---Executing GetOutboundErrorDetails() in CommonService----
2022-12-12 08:45:34,481 [16] DEBUG LTCPro.ServiceLayer.Log4net - ---Executed Successfully GetUserRecentFacNs() in UserController----
2022-12-12 08:45:34,490 [13] DEBUG LTCPro.ServiceLayer.Log4net - ---Executed successfully GetAlertsDetails() in MailboxController----
2022-12-12 08:45:34,496 [15] DEBUG LTCPro.ServiceLayer.Log4net - ---Executing GetUserToken() in UserService----
2022-12-12 08:45:34,501 [15] DEBUG LTCPro.ServiceLayer.Log4net - ---Executing GetUserPassedDueFlag() in UserController----
2022-12-12 08:45:34,501 [15] DEBUG LTCPro.ServiceLayer.Log4net - ---Executing GetUserPassedDueFlag() in UserService----
2022-12-12 08:45:34,506 [15] DEBUG LTCPro.ServiceLayer.Log4net - ---Executed Successfully GetUserPassedDueFlag() in UserController----
2022-12-12 08:45:34,508 [16] DEBUG LTCPro.ServiceLayer.Log4net - ---Executing GetUserToken() in UserService----
2022-12-12 08:45:34,533 [13] DEBUG LTCPro.ServiceLayer.Log4net - ---Executing GetUserToken() in UserService----
2022-12-12 08:45:34,545 [16] DEBUG LTCPro.ServiceLayer.Log4net - ---Executing GetPendingDosesList() in CommonController----
2022-12-12 08:45:34,546 [16] DEBUG LTCPro.ServiceLayer.Log4net - ---Executing GetPendingDosesList() in CommonService----
2022-12-12 08:45:34,547 [13] DEBUG LTCPro.ServiceLayer.Log4net - ---Executing GetDueMARAlertData() in EmarController----
2022-12-12 08:45:34,547 [13] DEBUG LTCPro.ServiceLayer.Log4net - ---Executing GetDueMARAlertData() in EmarService----
2022-12-12 08:45:34,558 [15] DEBUG LTCPro.ServiceLayer.Log4net - ---Executing GetUserToken() in UserService----
2022-12-12 08:45:34,566 [15] DEBUG LTCPro.ServiceLayer.Log4net - ---Executing GetUserRecentFacNs() in UserController----
2022-12-12 08:45:34,566 [15] DEBUG LTCPro.ServiceLayer.Log4net - ---Executing GetUserRecentFacNs() in UserService----
2022-12-12 08:45:34,579 [15] DEBUG LTCPro.ServiceLayer.Log4net - ---Executed Successfully GetUserRecentFacNs() in UserController----
2022-12-12 08:45:34,589 [15] DEBUG LTCPro.ServiceLayer.Log4net - ---Executing GetUserToken() in UserService----
2022-12-12 08:45:34,593 [15] DEBUG LTCPro.ServiceLayer.Log4net - ---Executing InsertUserActivityDetails() in CompanyController----
2022-12-12 08:45:34,593 [15] DEBUG LTCPro.ServiceLayer.Log4net - ---Executing InsertUserActivityDetails() in UserActivityService----
2022-12-12 08:45:34,599 [15] DEBUG LTCPro.ServiceLayer.Log4net - ---Executed Successfully InsertUserActivityDetails() in CompanyController----
2022-12-12 08:45:34,653 [16] DEBUG LTCPro.ServiceLayer.Log4net - ---Executed Successfully GetPendingDosesList() in CommonController----
2022-12-12 08:45:34,944 [7] DEBUG LTCPro.ServiceLayer.Log4net - ---Executed Successfully GetDueMARAlertData() in EmarController----
2022-12-12 08:45:34,962 [13] DEBUG LTCPro.ServiceLayer.Log4net - ---Executed Successfully GetDueMARAlertData() in EmarController----
2022-12-12 08:45:34,986 [8] DEBUG LTCPro.ServiceLayer.Log4net - ---Executed Successfully GetOutboundErrorDetails() in CommonController----
2022-12-12 08:45:35,314 [16] DEBUG LTCPro.ServiceLayer.Log4net - ---Executing GetUserToken() in UserService----
2022-12-12 08:45:35,318 [16] DEBUG LTCPro.ServiceLayer.Log4net - ---Executing GetUserAccessFacilityNurseStaions() in FacilityController----
2022-12-12 08:45:35,319 [16] DEBUG LTCPro.ServiceLayer.Log4net - ---Executing GetUserAccessFacilityNurseStaions() in FacilityService----
2022-12-12 08:45:35,328 [8] DEBUG LTCPro.ServiceLayer.Log4net - ---Executing GetUserToken() in UserService----
2022-12-12 08:45:35,330 [16] DEBUG LTCPro.ServiceLayer.Log4net - ---Executed Successfully GetUserAccessFacilityNurseStaions() in FacilityController----
2022-12-12 08:45:35,333 [8] DEBUG LTCPro.ServiceLayer.Log4net - ---Executing GetCompanyToBedData() in FacilityController----
2022-12-12 08:45:35,333 [8] DEBUG LTCPro.ServiceLayer.Log4net - ---Executing GetCompanyToBedData() in FacilityService----
2022-12-12 08:45:35,418 [8] DEBUG LTCPro.ServiceLayer.Log4net - ---Executed Successfully GetCompanyToBedData() in FacilityController----
2022-12-12 08:45:35,741 [8] DEBUG LTCPro.ServiceLayer.Log4net - ---Executing GetUserToken() in UserService----
2022-12-12 08:45:35,747 [8] DEBUG LTCPro.ServiceLayer.Log4net - ---Executing UserNurseStationDrop() in FacilityController----
2022-12-12 08:45:35,747 [8] DEBUG LTCPro.ServiceLayer.Log4net - ---Executing UserNurseStationDrop() in FacilityService----
2022-12-12 08:45:35,759 [8] DEBUG LTCPro.ServiceLayer.Log4net - ---Executed Successfully UserNurseStationDrop() in FacilityController----
2022-12-12 08:45:35,836 [16] DEBUG LTCPro.ServiceLayer.Log4net - ---Executing GetUserToken() in UserService----
2022-12-12 08:45:35,884 [13] DEBUG LTCPro.ServiceLayer.Log4net - ---Executing GetUserToken() in UserService----
2022-12-12 08:45:35,887 [16] DEBUG LTCPro.ServiceLayer.Log4net - ---Executing GetNursingScheduleData() in EmarController----
2022-12-12 08:45:35,887 [16] DEBUG LTCPro.ServiceLayer.Log4net - ---Executing GetNursingScheduleData() in EmarService----
2022-12-12 08:45:35,894 [13] DEBUG LTCPro.ServiceLayer.Log4net - ---Executing GetDrFirstFlagForCompanyByNSId() in CompanyController----
2022-12-12 08:45:35,896 [13] DEBUG LTCPro.ServiceLayer.Log4net - ---Executing GetDrFirstFlagForCompanyByNSId() in CompanyService----
2022-12-12 08:45:35,924 [13] DEBUG LTCPro.ServiceLayer.Log4net - ---Executed Successfully GetDrFirstFlagForCompanyByNSId() in CompanyController----
2022-12-12 08:45:36,121 [7] DEBUG LTCPro.ServiceLayer.Log4net - ---Executing GetUserToken() in UserService----
2022-12-12 08:45:36,140 [7] DEBUG LTCPro.ServiceLayer.Log4net - ---Executing GetPendingOrdersGridData() in OrdersController----
2022-12-12 08:45:36,140 [7] DEBUG LTCPro.ServiceLayer.Log4net - ---Executing GetPendingOrdersGridData() in OrdersService----
2022-12-12 08:45:36,166 [8] DEBUG LTCPro.ServiceLayer.Log4net - ---Executing GetUserToken() in UserService----
2022-12-12 08:45:36,172 [8] DEBUG LTCPro.ServiceLayer.Log4net - ---Executing GetTimeZoneDate() in CommonController----
2022-12-12 08:45:36,172 [8] DEBUG LTCPro.ServiceLayer.Log4net - ---Executing GetTimeZoneDate() in CommonService----
2022-12-12 08:45:36,195 [8] DEBUG LTCPro.ServiceLayer.Log4net - ---Executed Successfully GetTimeZoneDate() in CommonController----
2022-12-12 08:45:36,317 [7] DEBUG LTCPro.ServiceLayer.Log4net - ---Executed Successfully GetPendingOrdersGridData() in OrdersController----
2022-12-12 08:45:37,590 [16] DEBUG LTCPro.ServiceLayer.Log4net - ---Executed Successfully GetNursingScheduleData() in EmarController----
2022-12-12 08:45:37,631 [16] DEBUG LTCPro.ServiceLayer.Log4net - ---Executing GetUserToken() in UserService----
2022-12-12 08:45:37,636 [16] DEBUG LTCPro.ServiceLayer.Log4net - ---Executing GetNurseShiftDrop() in CommonController----
2022-12-12 08:45:37,636 [16] DEBUG LTCPro.ServiceLayer.Log4net - ---Executing GetNurseShiftDrop() in CommonService----
2022-12-12 08:45:37,755 [16] DEBUG LTCPro.ServiceLayer.Log4net - ---Executed Successfully GetNurseShiftDrop() in CommonController----
2022-12-12 08:45:39,334 [8] DEBUG LTCPro.ServiceLayer.Log4net - ---Executing GetUserToken() in UserService----
2022-12-12 08:45:39,347 [8] DEBUG LTCPro.ServiceLayer.Log4net - ---Executing GetEmarResidentGridData() in EmarController----
2022-12-12 08:45:39,347 [8] DEBUG LTCPro.ServiceLayer.Log4net - ---Executing GetEmarResidentGridData() in EmarService----
2022-12-12 08:45:39,715 [8] DEBUG LTCPro.ServiceLayer.Log4net - ---Executed Successfully GetEmarResidentGridData() in EmarController----
2022-12-12 08:45:41,047 [14] DEBUG LTCPro.ServiceLayer.Log4net - ---Executing GetUserToken() in UserService----
2022-12-12 08:45:41,052 [14] DEBUG LTCPro.ServiceLayer.Log4net - ---Executing GetResidentInformation() in ResidentDemographicController----
2022-12-12 08:45:41,053 [14] DEBUG LTCPro.ServiceLayer.Log4net - ---Executing GetResidentInformation() in ResidentDemographicService----
2022-12-12 08:45:41,253 [15] DEBUG LTCPro.ServiceLayer.Log4net - ---Executing GetUserToken() in UserService----
2022-12-12 08:45:41,258 [15] DEBUG LTCPro.ServiceLayer.Log4net - ---Executing GetPendingOrdersGridData() in OrdersController----
2022-12-12 08:45:41,258 [15] DEBUG LTCPro.ServiceLayer.Log4net - ---Executing GetPendingOrdersGridData() in OrdersService----
2022-12-12 08:45:41,324 [15] DEBUG LTCPro.ServiceLayer.Log4net - ---Executed Successfully GetPendingOrdersGridData() in OrdersController----
2022-12-12 08:45:41,329 [8] DEBUG LTCPro.ServiceLayer.Log4net - ---Executing GetUserToken() in UserService----
2022-12-12 08:45:41,333 [8] DEBUG LTCPro.ServiceLayer.Log4net - ---Executing GetLiteralOrderGridData() in OrdersController----
2022-12-12 08:45:41,333 [8] DEBUG LTCPro.ServiceLayer.Log4net - ---Executing GetLiteralOrderGridData() in OrdersService----
2022-12-12 08:45:41,455 [8] DEBUG LTCPro.ServiceLayer.Log4net - ---Executed Successfully GetLiteralOrderGridData() in OrdersController----
2022-12-12 08:45:41,514 [14] DEBUG LTCPro.ServiceLayer.Log4net - ---Executed Successfully GetResidentInformation() in ResidentDemographicController----
2022-12-12 08:45:41,553 [16] DEBUG LTCPro.ServiceLayer.Log4net - ---Executing GetUserToken() in UserService----
2022-12-12 08:45:41,554 [7] DEBUG LTCPro.ServiceLayer.Log4net - ---Executing GetUserToken() in UserService----
2022-12-12 08:45:41,573 [16] DEBUG LTCPro.ServiceLayer.Log4net - ---Executing GetMedicationReason() in EmarController----
2022-12-12 08:45:41,573 [16] DEBUG LTCPro.ServiceLayer.Log4net - ---Executing GetMedicationReason() in EmarService----
2022-12-12 08:45:41,574 [7] DEBUG LTCPro.ServiceLayer.Log4net - ---Executing GetEmarOrdersList() in EmarController----
2022-12-12 08:45:41,574 [7] DEBUG LTCPro.ServiceLayer.Log4net - ---Executing GetEmarOrdersList() in EmarService----
2022-12-12 08:45:41,579 [16] DEBUG LTCPro.ServiceLayer.Log4net - ---Executed Successfully GetMedicationReason() in EmarController----
2022-12-12 08:45:41,606 [14] DEBUG LTCPro.ServiceLayer.Log4net - ---Executing GetUserToken() in UserService----
2022-12-12 08:45:41,620 [14] DEBUG LTCPro.ServiceLayer.Log4net - ---Executing GetPatientType() in ResidentDemographicController----
2022-12-12 08:45:41,620 [14] DEBUG LTCPro.ServiceLayer.Log4net - ---Executing GetPatientType() in EmarService----
2022-12-12 08:45:41,626 [14] DEBUG LTCPro.ServiceLayer.Log4net - ---Executed Successfully GetPatientType() in ResidentDemographicController----
2022-12-12 08:45:41,771 [32] DEBUG LTCPro.ServiceLayer.Log4net - ---Executing GetUserToken() in UserService----
2022-12-12 08:45:41,776 [32] DEBUG LTCPro.ServiceLayer.Log4net - ---Executing GetDiagnosisDetails() in OrdersController----
2022-12-12 08:45:41,776 [32] DEBUG LTCPro.ServiceLayer.Log4net - ---Executing GetDiagnosisDetails() in OrdersService----
2022-12-12 08:45:41,788 [32] DEBUG LTCPro.ServiceLayer.Log4net - ---Executed Successfully GetDiagnosisDetails() in OrdersController----
2022-12-12 08:45:43,187 [7] DEBUG LTCPro.ServiceLayer.Log4net - ---Executed Successfully GetEmarOrdersList() in EmarController----
2022-12-12 08:45:43,239 [9] DEBUG LTCPro.ServiceLayer.Log4net - ---Executing GetUserToken() in UserService----
2022-12-12 08:45:43,256 [15] DEBUG LTCPro.ServiceLayer.Log4net - ---Executing GetUserToken() in UserService----
2022-12-12 08:45:43,261 [9] DEBUG LTCPro.ServiceLayer.Log4net - ---Executing GetVitalsCheckList() in EMARController----
2022-12-12 08:45:43,269 [37] DEBUG LTCPro.ServiceLayer.Log4net - ---Executing GetUserToken() in UserService----
2022-12-12 08:45:43,277 [8] DEBUG LTCPro.ServiceLayer.Log4net - ---Executing GetUserToken() in UserService----
2022-12-12 08:45:43,279 [15] DEBUG LTCPro.ServiceLayer.Log4net - ---Executing GetVitalsCheckList() in EMARController----
2022-12-12 08:45:43,297 [37] DEBUG LTCPro.ServiceLayer.Log4net - ---Executing GetVitalsCheckList() in EMARController----
2022-12-12 08:45:43,318 [15] DEBUG LTCPro.ServiceLayer.Log4net - ---Executed Successfully GetVitalsCheckList() in EMARController----
2022-12-12 08:45:43,366 [16] DEBUG LTCPro.ServiceLayer.Log4net - ---Executing GetUserToken() in UserService----
2022-12-12 08:45:43,371 [9] DEBUG LTCPro.ServiceLayer.Log4net - ---Executed Successfully GetVitalsCheckList() in EMARController----
2022-12-12 08:45:43,375 [37] DEBUG LTCPro.ServiceLayer.Log4net - ---Executed Successfully GetVitalsCheckList() in EMARController----
2022-12-12 08:45:43,378 [16] DEBUG LTCPro.ServiceLayer.Log4net - ---Executing GetVitalsCheckList() in EMARController----
2022-12-12 08:45:43,403 [13] DEBUG LTCPro.ServiceLayer.Log4net - ---Executing GetUserToken() in UserService----
2022-12-12 08:45:43,405 [8] DEBUG LTCPro.ServiceLayer.Log4net - ---Executing GetVitalsCheckList() in EMARController----
2022-12-12 08:45:43,408 [16] DEBUG LTCPro.ServiceLayer.Log4net - ---Executed Successfully GetVitalsCheckList() in EMARController----
2022-12-12 08:45:43,427 [13] DEBUG LTCPro.ServiceLayer.Log4net - ---Executing GetVitalsCheckList() in EMARController----
2022-12-12 08:45:43,444 [8] DEBUG LTCPro.ServiceLayer.Log4net - ---Executed Successfully GetVitalsCheckList() in EMARController----
2022-12-12 08:45:43,446 [13] DEBUG LTCPro.ServiceLayer.Log4net - ---Executed Successfully GetVitalsCheckList() in EMARController----
