2023-02-21 05:17:37,660 [11] DEBUG LTCPro.ServiceLayer.Log4net - ---Executing UsersConfigNurseStationDrop() in FacilityController----
2023-02-21 05:17:37,729 [11] DEBUG LTCPro.ServiceLayer.Log4net - ---Executing UsersConfigNurseStationDrop() in FacilityService----
2023-02-21 05:17:52,620 [11] DEBUG LTCPro.ServiceLayer.Log4net - ---Executed Successfully UsersConfigNurseStationDrop() in FacilityController----
2023-02-21 05:17:53,049 [6] DEBUG LTCPro.ServiceLayer.Log4net - ---Executing GetProcessKeyMasterList() in FacilityController----
2023-02-21 05:17:53,050 [6] DEBUG LTCPro.ServiceLayer.Log4net - ---Executing GetProcessKeyMasterList() in FacilityService----
2023-02-21 05:17:53,315 [6] DEBUG LTCPro.ServiceLayer.Log4net - ---Executed Successfully GetProcessKeyMasterList() in FacilityController----
2023-02-21 05:17:59,714 [11] DEBUG LTCPro.ServiceLayer.Log4net - ---Executing UsersConfigNurseStationDrop() in FacilityController----
2023-02-21 05:17:59,714 [11] DEBUG LTCPro.ServiceLayer.Log4net - ---Executing UsersConfigNurseStationDrop() in FacilityService----
2023-02-21 05:17:59,946 [11] DEBUG LTCPro.ServiceLayer.Log4net - ---Executed Successfully UsersConfigNurseStationDrop() in FacilityController----
2023-02-21 05:18:05,390 [6] DEBUG LTCPro.ServiceLayer.Log4net - ---Executing UsersConfigNurseStationDrop() in FacilityController----
2023-02-21 05:18:05,390 [6] DEBUG LTCPro.ServiceLayer.Log4net - ---Executing UsersConfigNurseStationDrop() in FacilityService----
2023-02-21 05:18:05,856 [6] DEBUG LTCPro.ServiceLayer.Log4net - ---Executed Successfully UsersConfigNurseStationDrop() in FacilityController----
2023-02-21 05:18:05,965 [8] DEBUG LTCPro.ServiceLayer.Log4net - ---Executing GetProcessKeyMasterList() in FacilityController----
2023-02-21 05:18:05,966 [8] DEBUG LTCPro.ServiceLayer.Log4net - ---Executing GetProcessKeyMasterList() in FacilityService----
2023-02-21 05:18:06,198 [8] DEBUG LTCPro.ServiceLayer.Log4net - ---Executed Successfully GetProcessKeyMasterList() in FacilityController----
2023-02-21 05:18:08,254 [8] DEBUG LTCPro.ServiceLayer.Log4net - ---Executing CheckUser() in UserService----
2023-02-21 05:18:10,813 [8] DEBUG LTCPro.ServiceLayer.Log4net - ---Executing FindUser() in UserService----
2023-02-21 05:18:11,172 [8] DEBUG LTCPro.ServiceLayer.Log4net - ---Executing InsertUserSession() in UserService----
2023-02-21 05:18:12,024 [8] DEBUG LTCPro.ServiceLayer.Log4net - ---Executing InsertUserToken() in UserService----
2023-02-21 05:18:13,219 [8] DEBUG LTCPro.ServiceLayer.Log4net - ---Executing InsertUpdateUserRecentFacNs() in UserController----
2023-02-21 05:18:13,221 [6] DEBUG LTCPro.ServiceLayer.Log4net - ---Executing GetScreenPermissionsForLoggedInUser() in RoleController----
2023-02-21 05:18:13,221 [6] DEBUG LTCPro.ServiceLayer.Log4net - ---Executing GetScreenPermissionsForLoggedInUser() in RoleService----
2023-02-21 05:18:13,249 [8] DEBUG LTCPro.ServiceLayer.Log4net - ---Executing GetUserRecentFacNs() in UserService----
2023-02-21 05:18:13,473 [6] DEBUG LTCPro.ServiceLayer.Log4net - ---Executed Successfully GetScreenPermissionsForLoggedInUser() in RoleController----
2023-02-21 05:18:13,897 [11] DEBUG LTCPro.ServiceLayer.Log4net - ---Executing GetUserToken() in UserService----
2023-02-21 05:18:13,897 [7] DEBUG LTCPro.ServiceLayer.Log4net - ---Executing GetUserToken() in UserService----
2023-02-21 05:18:13,898 [6] DEBUG LTCPro.ServiceLayer.Log4net - ---Executing GetUserToken() in UserService----
2023-02-21 05:18:13,901 [14] DEBUG LTCPro.ServiceLayer.Log4net - ---Executing GetUserToken() in UserService----
2023-02-21 05:18:13,901 [5] DEBUG LTCPro.ServiceLayer.Log4net - ---Executing GetUserToken() in UserService----
2023-02-21 05:18:14,141 [11] DEBUG LTCPro.ServiceLayer.Log4net - ---Executing GetReadMailsCount() in MailboxController----
2023-02-21 05:18:14,149 [11] DEBUG LTCPro.ServiceLayer.Log4net - ---Executing GetReadMailsCount() in MailboxService----
2023-02-21 05:18:14,361 [6] DEBUG LTCPro.ServiceLayer.Log4net - ---Executing GetAlertsDetails() in MailboxController----
2023-02-21 05:18:14,362 [6] DEBUG LTCPro.ServiceLayer.Log4net - ---Executing GetAlertsDetails() in MailboxService----
2023-02-21 05:18:14,618 [11] DEBUG LTCPro.ServiceLayer.Log4net - ---Executed successfully GetReadMailsCount() in MailboxController----
2023-02-21 05:18:14,647 [11] DEBUG LTCPro.ServiceLayer.Log4net - ---Executing GetUserToken() in UserService----
2023-02-21 05:18:14,952 [11] DEBUG LTCPro.ServiceLayer.Log4net - ---Executing GetOutboundErrorDetails() in CommonController----
2023-02-21 05:18:14,953 [11] DEBUG LTCPro.ServiceLayer.Log4net - ---Executing GetOutboundErrorDetails() in CommonService----
2023-02-21 05:18:15,209 [8] DEBUG LTCPro.ServiceLayer.Log4net - ---Executing InsertUpdateUserRecentFacNs() in CommonService----
2023-02-21 05:18:15,310 [6] DEBUG LTCPro.ServiceLayer.Log4net - ---Executed successfully GetAlertsDetails() in MailboxController----
2023-02-21 05:18:15,342 [6] DEBUG LTCPro.ServiceLayer.Log4net - ---Executing GetUserToken() in UserService----
2023-02-21 05:18:15,792 [6] DEBUG LTCPro.ServiceLayer.Log4net - ---Executing GetUserRecentFacNs() in UserController----
2023-02-21 05:18:15,792 [6] DEBUG LTCPro.ServiceLayer.Log4net - ---Executing GetUserRecentFacNs() in UserService----
2023-02-21 05:18:15,879 [14] DEBUG LTCPro.ServiceLayer.Log4net - ---Executing GetUserPassedDueFlag() in UserController----
2023-02-21 05:18:15,880 [14] DEBUG LTCPro.ServiceLayer.Log4net - ---Executing GetUserPassedDueFlag() in UserService----
2023-02-21 05:18:16,183 [7] DEBUG LTCPro.ServiceLayer.Log4net - ---Executing InsertUserActivityDetails() in CompanyController----
2023-02-21 05:18:16,184 [7] DEBUG LTCPro.ServiceLayer.Log4net - ---Executing InsertUserActivityDetails() in UserActivityService----
2023-02-21 05:18:16,271 [14] DEBUG LTCPro.ServiceLayer.Log4net - ---Executed Successfully GetUserPassedDueFlag() in UserController----
2023-02-21 05:18:16,292 [14] DEBUG LTCPro.ServiceLayer.Log4net - ---Executing GetUserToken() in UserService----
2023-02-21 05:18:16,355 [5] DEBUG LTCPro.ServiceLayer.Log4net - ---Executing GetDueMARAlertData() in EmarController----
2023-02-21 05:18:16,384 [5] DEBUG LTCPro.ServiceLayer.Log4net - ---Executing GetDueMARAlertData() in EmarService----
2023-02-21 05:18:16,502 [6] DEBUG LTCPro.ServiceLayer.Log4net - ---Executed Successfully GetUserRecentFacNs() in UserController----
2023-02-21 05:18:16,573 [14] DEBUG LTCPro.ServiceLayer.Log4net - ---Executing GetPendingDosesList() in CommonController----
2023-02-21 05:18:16,574 [14] DEBUG LTCPro.ServiceLayer.Log4net - ---Executing GetPendingDosesList() in CommonService----
2023-02-21 05:18:16,578 [6] DEBUG LTCPro.ServiceLayer.Log4net - ---Executing GetUserToken() in UserService----
2023-02-21 05:18:16,822 [8] DEBUG LTCPro.ServiceLayer.Log4net - ---Executed Successfully InsertUpdateUserRecentFacNs() in UserController----
2023-02-21 05:18:17,055 [6] DEBUG LTCPro.ServiceLayer.Log4net - ---Executing GetUserActiveCompanyMasterList() in CompanyController----
2023-02-21 05:18:17,056 [6] DEBUG LTCPro.ServiceLayer.Log4net - ---Executing GetActiveCompanyMasterList() in CompanyService----
2023-02-21 05:18:17,109 [5] DEBUG LTCPro.ServiceLayer.Log4net - ---Executed Successfully GetDueMARAlertData() in EmarController----
2023-02-21 05:18:17,196 [7] DEBUG LTCPro.ServiceLayer.Log4net - ---Executed Successfully InsertUserActivityDetails() in CompanyController----
2023-02-21 05:18:17,236 [7] DEBUG LTCPro.ServiceLayer.Log4net - ---Executing GetUserToken() in UserService----
2023-02-21 05:18:17,491 [7] DEBUG LTCPro.ServiceLayer.Log4net - ---Executing GetUserAccessFacilityNurseStaions() in FacilityController----
2023-02-21 05:18:17,491 [7] DEBUG LTCPro.ServiceLayer.Log4net - ---Executing GetUserAccessFacilityNurseStaions() in FacilityService----
2023-02-21 05:18:17,980 [7] DEBUG LTCPro.ServiceLayer.Log4net - ---Executed Successfully GetUserAccessFacilityNurseStaions() in FacilityController----
2023-02-21 05:18:18,358 [6] DEBUG LTCPro.ServiceLayer.Log4net - ---Executed Successfully GetUserActiveCompanyMasterList() in CompanyController----
2023-02-21 05:18:19,356 [14] DEBUG LTCPro.ServiceLayer.Log4net - ---Executed Successfully GetPendingDosesList() in CommonController----
2023-02-21 05:18:20,942 [11] DEBUG LTCPro.ServiceLayer.Log4net - ---Executed Successfully GetOutboundErrorDetails() in CommonController----
2023-02-21 05:21:36,091 [15] DEBUG LTCPro.ServiceLayer.Log4net - ---Executing GetUserToken() in UserService----
2023-02-21 05:21:36,097 [14] DEBUG LTCPro.ServiceLayer.Log4net - ---Executing GetUserToken() in UserService----
2023-02-21 05:21:36,325 [15] DEBUG LTCPro.ServiceLayer.Log4net - ---Executing InsertUserActivityDetails() in CompanyController----
2023-02-21 05:21:36,325 [15] DEBUG LTCPro.ServiceLayer.Log4net - ---Executing InsertUserActivityDetails() in UserActivityService----
2023-02-21 05:21:36,355 [14] DEBUG LTCPro.ServiceLayer.Log4net - ---Executing GetUserRecentFacNs() in UserController----
2023-02-21 05:21:36,356 [14] DEBUG LTCPro.ServiceLayer.Log4net - ---Executing GetUserRecentFacNs() in UserService----
2023-02-21 05:21:36,401 [18] DEBUG LTCPro.ServiceLayer.Log4net - ---Executing GetUserToken() in UserService----
2023-02-21 05:21:36,663 [18] DEBUG LTCPro.ServiceLayer.Log4net - ---Executing OrderEndingSoonStatus() in OrdersController----
2023-02-21 05:21:36,683 [18] DEBUG LTCPro.ServiceLayer.Log4net - ---Executing OrderEndingSoonStatus() in OrdersService----
2023-02-21 05:21:36,820 [14] DEBUG LTCPro.ServiceLayer.Log4net - ---Executed Successfully GetUserRecentFacNs() in UserController----
2023-02-21 05:21:36,848 [16] DEBUG LTCPro.ServiceLayer.Log4net - ---Executing GetUserToken() in UserService----
2023-02-21 05:21:36,986 [18] DEBUG LTCPro.ServiceLayer.Log4net - ---Executed Successfully OrderEndingSoonStatus() in OrdersController----
2023-02-21 05:21:37,022 [15] DEBUG LTCPro.ServiceLayer.Log4net - ---Executed Successfully InsertUserActivityDetails() in CompanyController----
2023-02-21 05:21:37,082 [16] DEBUG LTCPro.ServiceLayer.Log4net - ---Executing GetUserAccessFacilityNurseStaions() in FacilityController----
2023-02-21 05:21:37,082 [16] DEBUG LTCPro.ServiceLayer.Log4net - ---Executing GetUserAccessFacilityNurseStaions() in FacilityService----
2023-02-21 05:21:37,554 [16] DEBUG LTCPro.ServiceLayer.Log4net - ---Executed Successfully GetUserAccessFacilityNurseStaions() in FacilityController----
2023-02-21 05:21:37,679 [16] DEBUG LTCPro.ServiceLayer.Log4net - ---Executing GetUserToken() in UserService----
2023-02-21 05:21:37,912 [16] DEBUG LTCPro.ServiceLayer.Log4net - ---Executing UserNurseStationDrop() in FacilityController----
2023-02-21 05:21:37,913 [16] DEBUG LTCPro.ServiceLayer.Log4net - ---Executing UserNurseStationDrop() in FacilityService----
2023-02-21 05:21:38,157 [16] DEBUG LTCPro.ServiceLayer.Log4net - ---Executed Successfully UserNurseStationDrop() in FacilityController----
2023-02-21 05:21:38,254 [17] DEBUG LTCPro.ServiceLayer.Log4net - ---Executing GetUserToken() in UserService----
2023-02-21 05:21:38,270 [16] DEBUG LTCPro.ServiceLayer.Log4net - ---Executing GetUserToken() in UserService----
2023-02-21 05:21:38,278 [15] DEBUG LTCPro.ServiceLayer.Log4net - ---Executing GetUserToken() in UserService----
2023-02-21 05:21:38,529 [17] DEBUG LTCPro.ServiceLayer.Log4net - ---Executing GetCompanyToBedFlagByFacId() in FacilityController----
2023-02-21 05:21:38,530 [17] DEBUG LTCPro.ServiceLayer.Log4net - ---Executing GetCompanyToBedFlagByFacId() in FacilityService----
2023-02-21 05:21:38,549 [18] DEBUG LTCPro.ServiceLayer.Log4net - ---Executing GetUserToken() in UserService----
2023-02-21 05:21:38,558 [14] DEBUG LTCPro.ServiceLayer.Log4net - ---Executing GetUserToken() in UserService----
2023-02-21 05:21:38,572 [15] DEBUG LTCPro.ServiceLayer.Log4net - ---Executing GetPRNDetailsByfilter() in EMARController----
2023-02-21 05:21:38,572 [16] DEBUG LTCPro.ServiceLayer.Log4net - ---Executing GetSeventyTwoHourDetailsByfilter() in EMARController----
2023-02-21 05:21:38,590 [15] DEBUG LTCPro.ServiceLayer.Log4net - ---Executing GetPRNDetailsByfilter() in EmarService----
2023-02-21 05:21:38,590 [16] DEBUG LTCPro.ServiceLayer.Log4net - ---Executing GetSeventyTwoHourDetailsByfilter() in EmarService----
2023-02-21 05:21:38,602 [19] DEBUG LTCPro.ServiceLayer.Log4net - ---Executing GetUserToken() in UserService----
2023-02-21 05:21:38,782 [18] DEBUG LTCPro.ServiceLayer.Log4net - ---Executing OrderEndingSoonStatus() in OrdersController----
2023-02-21 05:21:38,782 [18] DEBUG LTCPro.ServiceLayer.Log4net - ---Executing OrderEndingSoonStatus() in OrdersService----
2023-02-21 05:21:38,803 [14] DEBUG LTCPro.ServiceLayer.Log4net - ---Executing GetOrdersEndingSoon() in OrdersController----
2023-02-21 05:21:38,810 [14] DEBUG LTCPro.ServiceLayer.Log4net - ---Executing GetOrdersEndingSoon() in OrdersService----
2023-02-21 05:21:39,101 [18] DEBUG LTCPro.ServiceLayer.Log4net - ---Executed Successfully OrderEndingSoonStatus() in OrdersController----
2023-02-21 05:21:39,140 [17] DEBUG LTCPro.ServiceLayer.Log4net - ---Executed Successfully GetCompanyToBedFlagByFacId() in FacilityController----
2023-02-21 05:21:39,245 [18] DEBUG LTCPro.ServiceLayer.Log4net - ---Executing GetUserToken() in UserService----
2023-02-21 05:21:39,495 [18] DEBUG LTCPro.ServiceLayer.Log4net - ---Executing GetNurseStationHierarchyDetailsbyNsId() in CompanyController----
2023-02-21 05:21:39,534 [18] DEBUG LTCPro.ServiceLayer.Log4net - ---Executing GetNurseStationHierarchyDetailsbyNsId() in CompanyService----
2023-02-21 05:21:39,543 [14] DEBUG LTCPro.ServiceLayer.Log4net - ---Executed Successfully GetOrdersEndingSoon() in OrdersController----
2023-02-21 05:21:39,921 [18] DEBUG LTCPro.ServiceLayer.Log4net - ---Executed Successfully GetNurseStationHierarchyDetailsbyNsId() in CompanyController----
2023-02-21 05:21:40,063 [19] DEBUG LTCPro.ServiceLayer.Log4net - ---Executing GetOrdersGridData() in OrdersController----
2023-02-21 05:21:40,064 [19] DEBUG LTCPro.ServiceLayer.Log4net - ---Executing GetOrdersGridData() in OrdersService----
2023-02-21 05:21:41,325 [19] DEBUG LTCPro.ServiceLayer.Log4net - ---Executed Successfully GetOrdersGridData() in OrdersController----
2023-02-21 05:21:41,693 [14] DEBUG LTCPro.ServiceLayer.Log4net - ---Executing GetUserToken() in UserService----
2023-02-21 05:21:41,927 [14] DEBUG LTCPro.ServiceLayer.Log4net - ---Executing GetPendingOrdersGridData() in OrdersController----
2023-02-21 05:21:41,944 [14] DEBUG LTCPro.ServiceLayer.Log4net - ---Executing GetPendingOrdersGridData() in OrdersService----
2023-02-21 05:21:43,133 [14] DEBUG LTCPro.ServiceLayer.Log4net - ---Executed Successfully GetPendingOrdersGridData() in OrdersController----
2023-02-21 05:21:43,986 [14] DEBUG LTCPro.ServiceLayer.Log4net - ---Executing GetUserToken() in UserService----
2023-02-21 05:21:44,220 [14] DEBUG LTCPro.ServiceLayer.Log4net - ---Executing GetOrdersGridDataByPatientId() in OrdersController----
2023-02-21 05:21:44,221 [14] DEBUG LTCPro.ServiceLayer.Log4net - ---Executing GetOrdersGridDataByPatientId() in OrdersService----
2023-02-21 05:21:45,452 [14] DEBUG LTCPro.ServiceLayer.Log4net - ---Executed Successfully GetOrdersGridDataByPatientId() in OrdersController----
2023-02-21 05:21:46,210 [16] DEBUG LTCPro.ServiceLayer.Log4net - ---Executed Successfully GetSeventyTwoHourDetailsByfilter() in EMARController----
2023-02-21 05:21:46,269 [15] DEBUG LTCPro.ServiceLayer.Log4net - ---Executed Successfully GetPRNDetailsByfilter() in EMARController----
2023-02-21 05:22:09,687 [17] DEBUG LTCPro.ServiceLayer.Log4net - ---Executing GetUserToken() in UserService----
2023-02-21 05:22:09,859 [5] DEBUG LTCPro.ServiceLayer.Log4net - ---Executing GetUserToken() in UserService----
2023-02-21 05:22:09,940 [17] DEBUG LTCPro.ServiceLayer.Log4net - ---Executing GetFacilityNSResidentsDataByPId() in ResidentDemographicController----
2023-02-21 05:22:09,969 [17] DEBUG LTCPro.ServiceLayer.Log4net - ---Executing GetFacilityNSResidentsDataByPId() in ResidentDemographicService----
2023-02-21 05:22:10,093 [5] DEBUG LTCPro.ServiceLayer.Log4net - ---Executing GetNurseNotes() in OrdersController----
2023-02-21 05:22:10,094 [5] DEBUG LTCPro.ServiceLayer.Log4net - ---Executing GetNurseNotes() in OrdersService----
2023-02-21 05:22:11,380 [5] DEBUG LTCPro.ServiceLayer.Log4net - ---Executed Successfully GetNurseNotes() in OrdersController----
2023-02-21 05:22:11,528 [17] DEBUG LTCPro.ServiceLayer.Log4net - ---Executed Successfully GetFacilityNSResidentsDataByPId() in ResidentDemographicController----
2023-02-21 05:22:11,827 [14] DEBUG LTCPro.ServiceLayer.Log4net - ---Executing GetUserToken() in UserService----
2023-02-21 05:22:11,827 [17] DEBUG LTCPro.ServiceLayer.Log4net - ---Executing GetUserToken() in UserService----
2023-02-21 05:22:11,832 [16] DEBUG LTCPro.ServiceLayer.Log4net - ---Executing GetUserToken() in UserService----
2023-02-21 05:22:12,095 [5] DEBUG LTCPro.ServiceLayer.Log4net - ---Executing GetUserToken() in UserService----
2023-02-21 05:22:12,227 [17] DEBUG LTCPro.ServiceLayer.Log4net - ---Executing GetAllBarcodes() in StockEkitController----
2023-02-21 05:22:12,228 [14] DEBUG LTCPro.ServiceLayer.Log4net - ---Executing GetDrFirstFlagForCompanyByNSId() in CompanyController----
2023-02-21 05:22:12,228 [14] DEBUG LTCPro.ServiceLayer.Log4net - ---Executing GetDrFirstFlagForCompanyByNSId() in CompanyService----
2023-02-21 05:22:12,241 [16] DEBUG LTCPro.ServiceLayer.Log4net - ---Executing GetResidentInformation() in ResidentDemographicController----
2023-02-21 05:22:12,241 [16] DEBUG LTCPro.ServiceLayer.Log4net - ---Executing GetResidentInformation() in ResidentDemographicService----
2023-02-21 05:22:12,255 [17] DEBUG LTCPro.ServiceLayer.Log4net - ---Executing GetAllBarcodes() in StockEkitService----
2023-02-21 05:22:12,338 [5] DEBUG LTCPro.ServiceLayer.Log4net - ---Executing GetOrderRoutes() in OrdersController----
2023-02-21 05:22:12,339 [5] DEBUG LTCPro.ServiceLayer.Log4net - ---Executing GetOrderRoutes() in OrdersService----
2023-02-21 05:22:12,525 [14] DEBUG LTCPro.ServiceLayer.Log4net - ---Executed Successfully GetDrFirstFlagForCompanyByNSId() in CompanyController----
2023-02-21 05:22:12,602 [5] DEBUG LTCPro.ServiceLayer.Log4net - ---Executed Successfully GetOrderRoutes() in OrdersController----
2023-02-21 05:22:12,629 [15] DEBUG LTCPro.ServiceLayer.Log4net - ---Executing GetUserToken() in UserService----
2023-02-21 05:22:12,863 [15] DEBUG LTCPro.ServiceLayer.Log4net - ---Executing GetPhysicianDropData() in OrdersController----
2023-02-21 05:22:12,864 [15] DEBUG LTCPro.ServiceLayer.Log4net - ---Executing GetPhysicianDropData() in OrdersService----
2023-02-21 05:22:14,128 [15] DEBUG LTCPro.ServiceLayer.Log4net - ---Executed Successfully GetPhysicianDropData() in OrdersController----
2023-02-21 05:22:16,211 [16] DEBUG LTCPro.ServiceLayer.Log4net - ---Executed Successfully GetResidentInformation() in ResidentDemographicController----
2023-02-21 05:22:16,399 [16] DEBUG LTCPro.ServiceLayer.Log4net - ---Executing GetUserToken() in UserService----
2023-02-21 05:22:16,572 [5] DEBUG LTCPro.ServiceLayer.Log4net - ---Executing GetUserToken() in UserService----
2023-02-21 05:22:16,574 [15] DEBUG LTCPro.ServiceLayer.Log4net - ---Executing GetUserToken() in UserService----
2023-02-21 05:22:16,704 [16] DEBUG LTCPro.ServiceLayer.Log4net - ---Executing GetPatientType() in ResidentDemographicController----
2023-02-21 05:22:16,704 [16] DEBUG LTCPro.ServiceLayer.Log4net - ---Executing GetPatientType() in EmarService----
2023-02-21 05:22:16,806 [15] DEBUG LTCPro.ServiceLayer.Log4net - ---Executing GetDiagnosisDetails() in OrdersController----
2023-02-21 05:22:16,806 [5] DEBUG LTCPro.ServiceLayer.Log4net - ---Executing GetOrderGridData() in OrdersController----
2023-02-21 05:22:16,807 [15] DEBUG LTCPro.ServiceLayer.Log4net - ---Executing GetDiagnosisDetails() in OrdersService----
2023-02-21 05:22:16,807 [5] DEBUG LTCPro.ServiceLayer.Log4net - ---Executing GetOrderGridData() in OrdersService----
2023-02-21 05:22:16,945 [16] DEBUG LTCPro.ServiceLayer.Log4net - ---Executed Successfully GetPatientType() in ResidentDemographicController----
2023-02-21 05:22:16,982 [16] DEBUG LTCPro.ServiceLayer.Log4net - ---Executing GetUserToken() in UserService----
2023-02-21 05:22:17,111 [5] DEBUG LTCPro.ServiceLayer.Log4net - ---Executed Successfully GetOrderGridData() in OrdersController----
2023-02-21 05:22:17,158 [5] DEBUG LTCPro.ServiceLayer.Log4net - ---Executing GetUserToken() in UserService----
2023-02-21 05:22:17,283 [16] DEBUG LTCPro.ServiceLayer.Log4net - ---Executing GetDrFirstOrderCheck() in DrFirstIntegrationController----
2023-02-21 05:22:17,291 [16] DEBUG LTCPro.ServiceLayer.Log4net - ---Executing GetDrFirstOrderCheck() in DrFirstIntegrationService----
2023-02-21 05:22:17,408 [14] DEBUG LTCPro.ServiceLayer.Log4net - ---Executing GetUserToken() in UserService----
2023-02-21 05:22:17,417 [5] DEBUG LTCPro.ServiceLayer.Log4net - ---Executing GetAllBarcodes() in StockEkitController----
2023-02-21 05:22:17,417 [5] DEBUG LTCPro.ServiceLayer.Log4net - ---Executing GetAllBarcodes() in StockEkitService----
2023-02-21 05:22:17,420 [18] DEBUG LTCPro.ServiceLayer.Log4net - ---Executing GetUserToken() in UserService----
2023-02-21 05:22:17,546 [16] DEBUG LTCPro.ServiceLayer.Log4net - ---Executed Successfully GetDrFirstOrderCheck() in DrFirstIntegrationController----
2023-02-21 05:22:17,578 [15] DEBUG LTCPro.ServiceLayer.Log4net - ---Executed Successfully GetDiagnosisDetails() in OrdersController----
2023-02-21 05:22:17,646 [14] DEBUG LTCPro.ServiceLayer.Log4net - ---Executing GetOrderGridData() in OrdersController----
2023-02-21 05:22:17,646 [14] DEBUG LTCPro.ServiceLayer.Log4net - ---Executing GetOrderGridData() in OrdersService----
2023-02-21 05:22:17,653 [18] DEBUG LTCPro.ServiceLayer.Log4net - ---Executing GetOrdersData() in OrdersController----
2023-02-21 05:22:17,654 [18] DEBUG LTCPro.ServiceLayer.Log4net - ---Executing GetOrdersData() in OrdersService----
2023-02-21 05:22:17,883 [14] DEBUG LTCPro.ServiceLayer.Log4net - ---Executed Successfully GetOrderGridData() in OrdersController----
2023-02-21 05:22:18,474 [18] DEBUG LTCPro.ServiceLayer.Log4net - ---Executed Successfully GetOrdersData() in OrdersController----
2023-02-21 05:22:18,837 [14] DEBUG LTCPro.ServiceLayer.Log4net - ---Executing GetUserToken() in UserService----
2023-02-21 05:22:18,874 [15] DEBUG LTCPro.ServiceLayer.Log4net - ---Executing GetUserToken() in UserService----
2023-02-21 05:22:18,891 [19] DEBUG LTCPro.ServiceLayer.Log4net - ---Executing GetUserToken() in UserService----
2023-02-21 05:22:18,909 [16] DEBUG LTCPro.ServiceLayer.Log4net - ---Executing GetUserToken() in UserService----
2023-02-21 05:22:19,107 [15] DEBUG LTCPro.ServiceLayer.Log4net - ---Executing GetPhysicianDropData() in OrdersController----
2023-02-21 05:22:19,108 [15] DEBUG LTCPro.ServiceLayer.Log4net - ---Executing GetPhysicianDropData() in OrdersService----
2023-02-21 05:22:19,108 [14] DEBUG LTCPro.ServiceLayer.Log4net - ---Executing GetOrderStockDetails() in OrdersController----
2023-02-21 05:22:19,109 [14] DEBUG LTCPro.ServiceLayer.Log4net - ---Executing GetOrderStockDetails() in OrdersService----
2023-02-21 05:22:19,123 [19] DEBUG LTCPro.ServiceLayer.Log4net - ---Executing GetNurseNotes() in OrdersController----
2023-02-21 05:22:19,123 [19] DEBUG LTCPro.ServiceLayer.Log4net - ---Executing GetNurseNotes() in OrdersService----
2023-02-21 05:22:19,144 [16] DEBUG LTCPro.ServiceLayer.Log4net - ---Executing GetFavouritesMasterData() in OrdersController----
2023-02-21 05:22:19,145 [16] DEBUG LTCPro.ServiceLayer.Log4net - ---Executing GetFavouritesMasterData() in OrdersService----
2023-02-21 05:22:19,391 [16] DEBUG LTCPro.ServiceLayer.Log4net - ---Executed Successfully GetFavouritesMasterData() in OrdersController----
2023-02-21 05:22:19,400 [14] DEBUG LTCPro.ServiceLayer.Log4net - ---Executed Successfully GetOrderStockDetails() in OrdersController----
2023-02-21 05:22:20,312 [15] DEBUG LTCPro.ServiceLayer.Log4net - ---Executed Successfully GetPhysicianDropData() in OrdersController----
2023-02-21 05:22:20,345 [19] DEBUG LTCPro.ServiceLayer.Log4net - ---Executed Successfully GetNurseNotes() in OrdersController----
2023-02-21 05:22:27,261 [17] DEBUG LTCPro.ServiceLayer.Log4net - ---Executed Successfully GetAllBarcodes() in StockEkitController----
2023-02-21 05:22:33,493 [5] DEBUG LTCPro.ServiceLayer.Log4net - ---Executed Successfully GetAllBarcodes() in StockEkitController----
2023-02-21 05:25:12,211 [12] DEBUG LTCPro.ServiceLayer.Log4net - ---Executing GetUserToken() in UserService----
2023-02-21 05:25:26,758 [12] DEBUG LTCPro.ServiceLayer.Log4net - ---Executing UpdateOrdersDatabyOrderId() in OrdersController----
2023-02-21 05:25:29,963 [12] DEBUG LTCPro.ServiceLayer.Log4net - ---Executing UpdateOrdersDatabyOrderId() in OrdersService----
2023-02-21 05:25:30,499 [12] DEBUG LTCPro.ServiceLayer.Log4net - ---Executing UpdateOrdersDatabyOrderId() in OrdersService---- OrderID, UserID 52842,304
2023-02-21 05:25:39,595 [12] DEBUG LTCPro.ServiceLayer.Log4net - ---Executing DiscontinueOrder() in AdminApprovalService----
2023-02-21 05:25:43,897 [12] DEBUG LTCPro.ServiceLayer.Log4net - ---Executing GenerateOutboundFile() Discontinue in AdminApprovalService----
2023-02-21 05:25:44,578 [12] DEBUG LTCPro.ServiceLayer.Log4net - ---Generating OutboundFile Discontinue in AdminApprovalService----
2023-02-21 05:25:46,239 [12] DEBUG LTCPro.ServiceLayer.Log4net - ---Generated OutboundFile Download Start D:/Promantra/OutboundLive/Pending//Discontinue_02212023102544.hl7 in AdminApprovalService----
2023-02-21 05:25:46,288 [12] DEBUG LTCPro.ServiceLayer.Log4net - ---Generated OutboundFile Download Completed D:/Promantra/OutboundLive/Pending//Discontinue_02212023102544.hl7 in AdminApprovalService----
2023-02-21 05:25:46,288 [12] DEBUG LTCPro.ServiceLayer.Log4net - ---Executed GenerateOutboundFile() Discontinue in AdminApprovalService----
2023-02-21 05:25:49,924 [12] DEBUG LTCPro.ServiceLayer.Log4net - ---Executed Successfully UpdateOrdersDatabyOrderId() in OrdersController----
2023-02-21 05:25:50,916 [19] DEBUG LTCPro.ServiceLayer.Log4net - ---Executing GetUserToken() in UserService----
2023-02-21 05:25:51,151 [19] DEBUG LTCPro.ServiceLayer.Log4net - ---Executing GetOrderGridData() in OrdersController----
2023-02-21 05:25:51,151 [19] DEBUG LTCPro.ServiceLayer.Log4net - ---Executing GetOrderGridData() in OrdersService----
2023-02-21 05:25:51,381 [19] DEBUG LTCPro.ServiceLayer.Log4net - ---Executed Successfully GetOrderGridData() in OrdersController----
2023-02-21 05:25:51,693 [17] DEBUG LTCPro.ServiceLayer.Log4net - ---Executing GetUserToken() in UserService----
2023-02-21 05:25:51,922 [17] DEBUG LTCPro.ServiceLayer.Log4net - ---Executing GetOrderGridData() in OrdersController----
2023-02-21 05:25:51,922 [17] DEBUG LTCPro.ServiceLayer.Log4net - ---Executing GetOrderGridData() in OrdersService----
2023-02-21 05:25:52,151 [17] DEBUG LTCPro.ServiceLayer.Log4net - ---Executed Successfully GetOrderGridData() in OrdersController----
2023-02-21 05:25:54,209 [11] DEBUG LTCPro.ServiceLayer.Log4net - ---Executing GetUserToken() in UserService----
2023-02-21 05:25:54,433 [8] DEBUG LTCPro.ServiceLayer.Log4net - ---Executing GetUserToken() in UserService----
2023-02-21 05:25:54,437 [17] DEBUG LTCPro.ServiceLayer.Log4net - ---Executing GetUserToken() in UserService----
2023-02-21 05:25:54,438 [11] DEBUG LTCPro.ServiceLayer.Log4net - ---Executing GetAllBarcodes() in StockEkitController----
2023-02-21 05:25:54,438 [11] DEBUG LTCPro.ServiceLayer.Log4net - ---Executing GetAllBarcodes() in StockEkitService----
2023-02-21 05:25:54,658 [8] DEBUG LTCPro.ServiceLayer.Log4net - ---Executing GetMonthMasterData() in OrdersController----
2023-02-21 05:25:54,659 [8] DEBUG LTCPro.ServiceLayer.Log4net - ---Executing GetMonthMasterData() in OrdersService----
2023-02-21 05:25:54,662 [17] DEBUG LTCPro.ServiceLayer.Log4net - ---Executing GetWeekMasterData() in OrdersController----
2023-02-21 05:25:54,663 [17] DEBUG LTCPro.ServiceLayer.Log4net - ---Executing GetWeekMasterData() in OrdersService----
2023-02-21 05:25:55,008 [17] DEBUG LTCPro.ServiceLayer.Log4net - ---Executed Successfully GetWeekMasterData() in OrdersController----
2023-02-21 05:25:55,128 [8] DEBUG LTCPro.ServiceLayer.Log4net - ---Executed Successfully GetMonthMasterData() in OrdersController----
2023-02-21 05:26:02,769 [19] DEBUG LTCPro.ServiceLayer.Log4net - ---Executing GetUserToken() in UserService----
2023-02-21 05:26:02,787 [17] DEBUG LTCPro.ServiceLayer.Log4net - ---Executing GetUserToken() in UserService----
2023-02-21 05:26:03,000 [19] DEBUG LTCPro.ServiceLayer.Log4net - ---Executing GetUserRecentFacNs() in UserController----
2023-02-21 05:26:03,000 [19] DEBUG LTCPro.ServiceLayer.Log4net - ---Executing GetUserRecentFacNs() in UserService----
2023-02-21 05:26:03,010 [12] DEBUG LTCPro.ServiceLayer.Log4net - ---Executing GetUserToken() in UserService----
2023-02-21 05:26:03,015 [17] DEBUG LTCPro.ServiceLayer.Log4net - ---Executing InsertUserActivityDetails() in CompanyController----
2023-02-21 05:26:03,015 [17] DEBUG LTCPro.ServiceLayer.Log4net - ---Executing InsertUserActivityDetails() in UserActivityService----
2023-02-21 05:26:03,235 [12] DEBUG LTCPro.ServiceLayer.Log4net - ---Executing OrderEndingSoonStatus() in OrdersController----
2023-02-21 05:26:03,235 [12] DEBUG LTCPro.ServiceLayer.Log4net - ---Executing OrderEndingSoonStatus() in OrdersService----
2023-02-21 05:26:03,447 [19] DEBUG LTCPro.ServiceLayer.Log4net - ---Executed Successfully GetUserRecentFacNs() in UserController----
2023-02-21 05:26:03,495 [8] DEBUG LTCPro.ServiceLayer.Log4net - ---Executing GetUserToken() in UserService----
2023-02-21 05:26:03,522 [12] DEBUG LTCPro.ServiceLayer.Log4net - ---Executed Successfully OrderEndingSoonStatus() in OrdersController----
2023-02-21 05:26:03,682 [17] DEBUG LTCPro.ServiceLayer.Log4net - ---Executed Successfully InsertUserActivityDetails() in CompanyController----
2023-02-21 05:26:03,721 [8] DEBUG LTCPro.ServiceLayer.Log4net - ---Executing GetUserAccessFacilityNurseStaions() in FacilityController----
2023-02-21 05:26:03,721 [8] DEBUG LTCPro.ServiceLayer.Log4net - ---Executing GetUserAccessFacilityNurseStaions() in FacilityService----
2023-02-21 05:26:04,170 [8] DEBUG LTCPro.ServiceLayer.Log4net - ---Executed Successfully GetUserAccessFacilityNurseStaions() in FacilityController----
2023-02-21 05:26:04,210 [17] DEBUG LTCPro.ServiceLayer.Log4net - ---Executing GetUserToken() in UserService----
2023-02-21 05:26:04,436 [17] DEBUG LTCPro.ServiceLayer.Log4net - ---Executing UserNurseStationDrop() in FacilityController----
2023-02-21 05:26:04,436 [17] DEBUG LTCPro.ServiceLayer.Log4net - ---Executing UserNurseStationDrop() in FacilityService----
2023-02-21 05:26:04,663 [17] DEBUG LTCPro.ServiceLayer.Log4net - ---Executed Successfully UserNurseStationDrop() in FacilityController----
2023-02-21 05:26:04,714 [12] DEBUG LTCPro.ServiceLayer.Log4net - ---Executing GetUserToken() in UserService----
2023-02-21 05:26:04,724 [19] DEBUG LTCPro.ServiceLayer.Log4net - ---Executing GetUserToken() in UserService----
2023-02-21 05:26:04,744 [8] DEBUG LTCPro.ServiceLayer.Log4net - ---Executing GetUserToken() in UserService----
2023-02-21 05:26:04,945 [6] DEBUG LTCPro.ServiceLayer.Log4net - ---Executing GetUserToken() in UserService----
2023-02-21 05:26:04,959 [17] DEBUG LTCPro.ServiceLayer.Log4net - ---Executing GetUserToken() in UserService----
2023-02-21 05:26:04,973 [12] DEBUG LTCPro.ServiceLayer.Log4net - ---Executing GetCompanyToBedFlagByFacId() in FacilityController----
2023-02-21 05:26:04,973 [12] DEBUG LTCPro.ServiceLayer.Log4net - ---Executing GetCompanyToBedFlagByFacId() in FacilityService----
2023-02-21 05:26:04,973 [19] DEBUG LTCPro.ServiceLayer.Log4net - ---Executing GetSeventyTwoHourDetailsByfilter() in EMARController----
2023-02-21 05:26:04,973 [19] DEBUG LTCPro.ServiceLayer.Log4net - ---Executing GetSeventyTwoHourDetailsByfilter() in EmarService----
2023-02-21 05:26:04,974 [8] DEBUG LTCPro.ServiceLayer.Log4net - ---Executing GetPRNDetailsByfilter() in EMARController----
2023-02-21 05:26:04,974 [8] DEBUG LTCPro.ServiceLayer.Log4net - ---Executing GetPRNDetailsByfilter() in EmarService----
2023-02-21 05:26:05,172 [6] DEBUG LTCPro.ServiceLayer.Log4net - ---Executing OrderEndingSoonStatus() in OrdersController----
2023-02-21 05:26:05,172 [6] DEBUG LTCPro.ServiceLayer.Log4net - ---Executing OrderEndingSoonStatus() in OrdersService----
2023-02-21 05:26:05,186 [17] DEBUG LTCPro.ServiceLayer.Log4net - ---Executing GetOrdersGridData() in OrdersController----
2023-02-21 05:26:05,186 [17] DEBUG LTCPro.ServiceLayer.Log4net - ---Executing GetOrdersGridData() in OrdersService----
2023-02-21 05:26:05,436 [12] DEBUG LTCPro.ServiceLayer.Log4net - ---Executed Successfully GetCompanyToBedFlagByFacId() in FacilityController----
2023-02-21 05:26:05,465 [6] DEBUG LTCPro.ServiceLayer.Log4net - ---Executed Successfully OrderEndingSoonStatus() in OrdersController----
2023-02-21 05:26:06,402 [17] DEBUG LTCPro.ServiceLayer.Log4net - ---Executed Successfully GetOrdersGridData() in OrdersController----
2023-02-21 05:26:06,656 [17] DEBUG LTCPro.ServiceLayer.Log4net - ---Executing GetUserToken() in UserService----
2023-02-21 05:26:06,881 [17] DEBUG LTCPro.ServiceLayer.Log4net - ---Executing GetOrdersEndingSoon() in OrdersController----
2023-02-21 05:26:06,881 [17] DEBUG LTCPro.ServiceLayer.Log4net - ---Executing GetOrdersEndingSoon() in OrdersService----
2023-02-21 05:26:06,980 [12] DEBUG LTCPro.ServiceLayer.Log4net - ---Executing GetUserToken() in UserService----
2023-02-21 05:26:07,207 [12] DEBUG LTCPro.ServiceLayer.Log4net - ---Executing GetNurseStationHierarchyDetailsbyNsId() in CompanyController----
2023-02-21 05:26:07,207 [12] DEBUG LTCPro.ServiceLayer.Log4net - ---Executing GetNurseStationHierarchyDetailsbyNsId() in CompanyService----
2023-02-21 05:26:07,363 [17] DEBUG LTCPro.ServiceLayer.Log4net - ---Executed Successfully GetOrdersEndingSoon() in OrdersController----
2023-02-21 05:26:07,432 [12] DEBUG LTCPro.ServiceLayer.Log4net - ---Executed Successfully GetNurseStationHierarchyDetailsbyNsId() in CompanyController----
2023-02-21 05:26:07,644 [17] DEBUG LTCPro.ServiceLayer.Log4net - ---Executing GetUserToken() in UserService----
2023-02-21 05:26:07,870 [17] DEBUG LTCPro.ServiceLayer.Log4net - ---Executing GetPendingOrdersGridData() in OrdersController----
2023-02-21 05:26:07,870 [17] DEBUG LTCPro.ServiceLayer.Log4net - ---Executing GetPendingOrdersGridData() in OrdersService----
2023-02-21 05:26:09,321 [17] DEBUG LTCPro.ServiceLayer.Log4net - ---Executed Successfully GetPendingOrdersGridData() in OrdersController----
2023-02-21 05:26:10,877 [11] DEBUG LTCPro.ServiceLayer.Log4net - ---Executed Successfully GetAllBarcodes() in StockEkitController----
2023-02-21 05:26:12,412 [11] DEBUG LTCPro.ServiceLayer.Log4net - ---Executing GetUserToken() in UserService----
2023-02-21 05:26:12,642 [11] DEBUG LTCPro.ServiceLayer.Log4net - ---Executing GetOrdersGridDataByPatientId() in OrdersController----
2023-02-21 05:26:12,642 [11] DEBUG LTCPro.ServiceLayer.Log4net - ---Executing GetOrdersGridDataByPatientId() in OrdersService----
2023-02-21 05:26:13,411 [19] DEBUG LTCPro.ServiceLayer.Log4net - ---Executed Successfully GetSeventyTwoHourDetailsByfilter() in EMARController----
2023-02-21 05:26:13,497 [8] DEBUG LTCPro.ServiceLayer.Log4net - ---Executed Successfully GetPRNDetailsByfilter() in EMARController----
2023-02-21 05:26:13,830 [11] DEBUG LTCPro.ServiceLayer.Log4net - ---Executed Successfully GetOrdersGridDataByPatientId() in OrdersController----
2023-02-21 08:02:42,517 [8] DEBUG LTCPro.ServiceLayer.Log4net - ---Executing UsersConfigNurseStationDrop() in FacilityController----
2023-02-21 08:02:42,535 [8] DEBUG LTCPro.ServiceLayer.Log4net - ---Executing UsersConfigNurseStationDrop() in FacilityService----
2023-02-21 08:02:56,333 [8] DEBUG LTCPro.ServiceLayer.Log4net - ---Executed Successfully UsersConfigNurseStationDrop() in FacilityController----
2023-02-21 08:02:56,638 [5] DEBUG LTCPro.ServiceLayer.Log4net - ---Executing GetProcessKeyMasterList() in FacilityController----
2023-02-21 08:02:56,639 [5] DEBUG LTCPro.ServiceLayer.Log4net - ---Executing GetProcessKeyMasterList() in FacilityService----
2023-02-21 08:02:56,902 [5] DEBUG LTCPro.ServiceLayer.Log4net - ---Executed Successfully GetProcessKeyMasterList() in FacilityController----
2023-02-21 08:03:12,866 [8] DEBUG LTCPro.ServiceLayer.Log4net - ---Executing UsersConfigNurseStationDrop() in FacilityController----
2023-02-21 08:03:12,866 [8] DEBUG LTCPro.ServiceLayer.Log4net - ---Executing UsersConfigNurseStationDrop() in FacilityService----
2023-02-21 08:03:13,099 [8] DEBUG LTCPro.ServiceLayer.Log4net - ---Executed Successfully UsersConfigNurseStationDrop() in FacilityController----
2023-02-21 08:03:18,623 [8] DEBUG LTCPro.ServiceLayer.Log4net - ---Executing UsersConfigNurseStationDrop() in FacilityController----
2023-02-21 08:03:18,623 [8] DEBUG LTCPro.ServiceLayer.Log4net - ---Executing UsersConfigNurseStationDrop() in FacilityService----
2023-02-21 08:03:19,074 [8] DEBUG LTCPro.ServiceLayer.Log4net - ---Executed Successfully UsersConfigNurseStationDrop() in FacilityController----
2023-02-21 08:03:19,227 [6] DEBUG LTCPro.ServiceLayer.Log4net - ---Executing GetProcessKeyMasterList() in FacilityController----
2023-02-21 08:03:19,227 [6] DEBUG LTCPro.ServiceLayer.Log4net - ---Executing GetProcessKeyMasterList() in FacilityService----
2023-02-21 08:03:19,452 [6] DEBUG LTCPro.ServiceLayer.Log4net - ---Executed Successfully GetProcessKeyMasterList() in FacilityController----
2023-02-21 08:03:22,531 [8] DEBUG LTCPro.ServiceLayer.Log4net - ---Executing CheckUser() in UserService----
2023-02-21 08:03:24,898 [8] DEBUG LTCPro.ServiceLayer.Log4net - ---Executing FindUser() in UserService----
2023-02-21 08:03:25,217 [8] DEBUG LTCPro.ServiceLayer.Log4net - ---Executing InsertUserSession() in UserService----
2023-02-21 08:03:25,992 [8] DEBUG LTCPro.ServiceLayer.Log4net - ---Executing InsertUserToken() in UserService----
2023-02-21 08:03:27,196 [8] DEBUG LTCPro.ServiceLayer.Log4net - ---Executing GetScreenPermissionsForLoggedInUser() in RoleController----
2023-02-21 08:03:27,196 [12] DEBUG LTCPro.ServiceLayer.Log4net - ---Executing InsertUpdateUserRecentFacNs() in UserController----
2023-02-21 08:03:27,197 [8] DEBUG LTCPro.ServiceLayer.Log4net - ---Executing GetScreenPermissionsForLoggedInUser() in RoleService----
2023-02-21 08:03:27,203 [12] DEBUG LTCPro.ServiceLayer.Log4net - ---Executing GetUserRecentFacNs() in UserService----
2023-02-21 08:03:27,727 [12] DEBUG LTCPro.ServiceLayer.Log4net - ---Executing InsertUpdateUserRecentFacNs() in CommonService----
2023-02-21 08:03:28,372 [8] DEBUG LTCPro.ServiceLayer.Log4net - ---Executed Successfully GetScreenPermissionsForLoggedInUser() in RoleController----
2023-02-21 08:03:28,546 [13] DEBUG LTCPro.ServiceLayer.Log4net - ---Executing GetUserToken() in UserService----
2023-02-21 08:03:28,548 [5] DEBUG LTCPro.ServiceLayer.Log4net - ---Executing GetUserToken() in UserService----
2023-02-21 08:03:28,551 [7] DEBUG LTCPro.ServiceLayer.Log4net - ---Executing GetUserToken() in UserService----
2023-02-21 08:03:28,553 [8] DEBUG LTCPro.ServiceLayer.Log4net - ---Executing GetUserToken() in UserService----
2023-02-21 08:03:28,554 [6] DEBUG LTCPro.ServiceLayer.Log4net - ---Executing GetUserToken() in UserService----
2023-02-21 08:03:28,796 [13] DEBUG LTCPro.ServiceLayer.Log4net - ---Executing GetAlertsDetails() in MailboxController----
2023-02-21 08:03:28,797 [13] DEBUG LTCPro.ServiceLayer.Log4net - ---Executing GetAlertsDetails() in MailboxService----
2023-02-21 08:03:28,928 [12] DEBUG LTCPro.ServiceLayer.Log4net - ---Executed Successfully InsertUpdateUserRecentFacNs() in UserController----
2023-02-21 08:03:28,968 [11] DEBUG LTCPro.ServiceLayer.Log4net - ---Executing GetUserToken() in UserService----
2023-02-21 08:03:29,000 [6] DEBUG LTCPro.ServiceLayer.Log4net - ---Executing GetReadMailsCount() in MailboxController----
2023-02-21 08:03:29,008 [6] DEBUG LTCPro.ServiceLayer.Log4net - ---Executing GetReadMailsCount() in MailboxService----
2023-02-21 08:03:29,155 [8] DEBUG LTCPro.ServiceLayer.Log4net - ---Executing GetUserPassedDueFlag() in UserController----
2023-02-21 08:03:29,155 [8] DEBUG LTCPro.ServiceLayer.Log4net - ---Executing GetUserPassedDueFlag() in UserService----
2023-02-21 08:03:29,227 [11] DEBUG LTCPro.ServiceLayer.Log4net - ---Executing GetDueMARAlertData() in EmarController----
2023-02-21 08:03:29,239 [11] DEBUG LTCPro.ServiceLayer.Log4net - ---Executing GetDueMARAlertData() in EmarService----
2023-02-21 08:03:29,396 [6] DEBUG LTCPro.ServiceLayer.Log4net - ---Executed successfully GetReadMailsCount() in MailboxController----
2023-02-21 08:03:29,416 [12] DEBUG LTCPro.ServiceLayer.Log4net - ---Executing GetUserToken() in UserService----
2023-02-21 08:03:29,452 [8] DEBUG LTCPro.ServiceLayer.Log4net - ---Executed Successfully GetUserPassedDueFlag() in UserController----
2023-02-21 08:03:29,468 [6] DEBUG LTCPro.ServiceLayer.Log4net - ---Executing GetUserToken() in UserService----
2023-02-21 08:03:29,680 [12] DEBUG LTCPro.ServiceLayer.Log4net - ---Executing GetPendingDosesList() in CommonController----
2023-02-21 08:03:29,683 [12] DEBUG LTCPro.ServiceLayer.Log4net - ---Executing GetPendingDosesList() in CommonService----
2023-02-21 08:03:29,686 [5] DEBUG LTCPro.ServiceLayer.Log4net - ---Executing GetUserRecentFacNs() in UserController----
2023-02-21 08:03:29,686 [5] DEBUG LTCPro.ServiceLayer.Log4net - ---Executing GetUserRecentFacNs() in UserService----
2023-02-21 08:03:29,913 [7] DEBUG LTCPro.ServiceLayer.Log4net - ---Executing GetOutboundErrorDetails() in CommonController----
2023-02-21 08:03:29,914 [7] DEBUG LTCPro.ServiceLayer.Log4net - ---Executing GetOutboundErrorDetails() in CommonService----
2023-02-21 08:03:30,010 [6] DEBUG LTCPro.ServiceLayer.Log4net - ---Executing InsertUserActivityDetails() in CompanyController----
2023-02-21 08:03:30,011 [6] DEBUG LTCPro.ServiceLayer.Log4net - ---Executing InsertUserActivityDetails() in UserActivityService----
2023-02-21 08:03:30,418 [11] DEBUG LTCPro.ServiceLayer.Log4net - ---Executed Successfully GetDueMARAlertData() in EmarController----
2023-02-21 08:03:30,470 [11] DEBUG LTCPro.ServiceLayer.Log4net - ---Executing GetUserToken() in UserService----
2023-02-21 08:03:30,642 [5] DEBUG LTCPro.ServiceLayer.Log4net - ---Executed Successfully GetUserRecentFacNs() in UserController----
2023-02-21 08:03:30,675 [5] DEBUG LTCPro.ServiceLayer.Log4net - ---Executing GetUserToken() in UserService----
2023-02-21 08:03:30,801 [6] DEBUG LTCPro.ServiceLayer.Log4net - ---Executed Successfully InsertUserActivityDetails() in CompanyController----
2023-02-21 08:03:31,043 [5] DEBUG LTCPro.ServiceLayer.Log4net - ---Executing GetUserAccessFacilityNurseStaions() in FacilityController----
2023-02-21 08:03:31,045 [5] DEBUG LTCPro.ServiceLayer.Log4net - ---Executing GetUserAccessFacilityNurseStaions() in FacilityService----
2023-02-21 08:03:31,541 [5] DEBUG LTCPro.ServiceLayer.Log4net - ---Executed Successfully GetUserAccessFacilityNurseStaions() in FacilityController----
2023-02-21 08:03:31,586 [13] DEBUG LTCPro.ServiceLayer.Log4net - ---Executed successfully GetAlertsDetails() in MailboxController----
2023-02-21 08:03:31,783 [12] DEBUG LTCPro.ServiceLayer.Log4net - ---Executed Successfully GetPendingDosesList() in CommonController----
2023-02-21 08:03:31,989 [11] DEBUG LTCPro.ServiceLayer.Log4net - ---Executing GetUserActiveCompanyMasterList() in CompanyController----
2023-02-21 08:03:31,990 [11] DEBUG LTCPro.ServiceLayer.Log4net - ---Executing GetActiveCompanyMasterList() in CompanyService----
2023-02-21 08:03:33,173 [11] DEBUG LTCPro.ServiceLayer.Log4net - ---Executed Successfully GetUserActiveCompanyMasterList() in CompanyController----
2023-02-21 08:03:36,847 [7] DEBUG LTCPro.ServiceLayer.Log4net - ---Executed Successfully GetOutboundErrorDetails() in CommonController----
2023-02-21 08:03:47,064 [13] DEBUG LTCPro.ServiceLayer.Log4net - ---Executing GetUserToken() in UserService----
2023-02-21 08:03:47,070 [11] DEBUG LTCPro.ServiceLayer.Log4net - ---Executing GetUserToken() in UserService----
2023-02-21 08:03:47,289 [13] DEBUG LTCPro.ServiceLayer.Log4net - ---Executing InsertUserActivityDetails() in CompanyController----
2023-02-21 08:03:47,289 [13] DEBUG LTCPro.ServiceLayer.Log4net - ---Executing InsertUserActivityDetails() in UserActivityService----
2023-02-21 08:03:47,294 [11] DEBUG LTCPro.ServiceLayer.Log4net - ---Executing GetUserRecentFacNs() in UserController----
2023-02-21 08:03:47,294 [11] DEBUG LTCPro.ServiceLayer.Log4net - ---Executing GetUserRecentFacNs() in UserService----
2023-02-21 08:03:47,354 [8] DEBUG LTCPro.ServiceLayer.Log4net - ---Executing GetUserToken() in UserService----
2023-02-21 08:03:47,597 [8] DEBUG LTCPro.ServiceLayer.Log4net - ---Executing OrderEndingSoonStatus() in OrdersController----
2023-02-21 08:03:47,622 [8] DEBUG LTCPro.ServiceLayer.Log4net - ---Executing OrderEndingSoonStatus() in OrdersService----
2023-02-21 08:03:47,741 [11] DEBUG LTCPro.ServiceLayer.Log4net - ---Executed Successfully GetUserRecentFacNs() in UserController----
2023-02-21 08:03:47,763 [7] DEBUG LTCPro.ServiceLayer.Log4net - ---Executing GetUserToken() in UserService----
2023-02-21 08:03:47,941 [8] DEBUG LTCPro.ServiceLayer.Log4net - ---Executed Successfully OrderEndingSoonStatus() in OrdersController----
2023-02-21 08:03:47,971 [13] DEBUG LTCPro.ServiceLayer.Log4net - ---Executed Successfully InsertUserActivityDetails() in CompanyController----
2023-02-21 08:03:47,988 [7] DEBUG LTCPro.ServiceLayer.Log4net - ---Executing GetUserAccessFacilityNurseStaions() in FacilityController----
2023-02-21 08:03:47,988 [7] DEBUG LTCPro.ServiceLayer.Log4net - ---Executing GetUserAccessFacilityNurseStaions() in FacilityService----
2023-02-21 08:03:48,444 [7] DEBUG LTCPro.ServiceLayer.Log4net - ---Executed Successfully GetUserAccessFacilityNurseStaions() in FacilityController----
2023-02-21 08:03:48,480 [8] DEBUG LTCPro.ServiceLayer.Log4net - ---Executing GetUserToken() in UserService----
2023-02-21 08:03:48,708 [8] DEBUG LTCPro.ServiceLayer.Log4net - ---Executing UserNurseStationDrop() in FacilityController----
2023-02-21 08:03:48,710 [8] DEBUG LTCPro.ServiceLayer.Log4net - ---Executing UserNurseStationDrop() in FacilityService----
2023-02-21 08:03:48,956 [8] DEBUG LTCPro.ServiceLayer.Log4net - ---Executed Successfully UserNurseStationDrop() in FacilityController----
2023-02-21 08:03:49,091 [7] DEBUG LTCPro.ServiceLayer.Log4net - ---Executing GetUserToken() in UserService----
2023-02-21 08:03:49,291 [13] DEBUG LTCPro.ServiceLayer.Log4net - ---Executing GetUserToken() in UserService----
2023-02-21 08:03:49,298 [8] DEBUG LTCPro.ServiceLayer.Log4net - ---Executing GetUserToken() in UserService----
2023-02-21 08:03:49,315 [11] DEBUG LTCPro.ServiceLayer.Log4net - ---Executing GetUserToken() in UserService----
2023-02-21 08:03:49,333 [7] DEBUG LTCPro.ServiceLayer.Log4net - ---Executing GetSeventyTwoHourDetailsByfilter() in EMARController----
2023-02-21 08:03:49,334 [7] DEBUG LTCPro.ServiceLayer.Log4net - ---Executing GetSeventyTwoHourDetailsByfilter() in EmarService----
2023-02-21 08:03:49,524 [8] DEBUG LTCPro.ServiceLayer.Log4net - ---Executing OrderEndingSoonStatus() in OrdersController----
2023-02-21 08:03:49,524 [8] DEBUG LTCPro.ServiceLayer.Log4net - ---Executing OrderEndingSoonStatus() in OrdersService----
2023-02-21 08:03:49,534 [13] DEBUG LTCPro.ServiceLayer.Log4net - ---Executing GetOrdersEndingSoon() in OrdersController----
2023-02-21 08:03:49,536 [13] DEBUG LTCPro.ServiceLayer.Log4net - ---Executing GetOrdersEndingSoon() in OrdersService----
2023-02-21 08:03:49,596 [11] DEBUG LTCPro.ServiceLayer.Log4net - ---Executing GetOrdersGridData() in OrdersController----
2023-02-21 08:03:49,597 [11] DEBUG LTCPro.ServiceLayer.Log4net - ---Executing GetOrdersGridData() in OrdersService----
2023-02-21 08:03:49,878 [8] DEBUG LTCPro.ServiceLayer.Log4net - ---Executed Successfully OrderEndingSoonStatus() in OrdersController----
2023-02-21 08:03:49,900 [5] DEBUG LTCPro.ServiceLayer.Log4net - ---Executing GetUserToken() in UserService----
2023-02-21 08:03:49,907 [12] DEBUG LTCPro.ServiceLayer.Log4net - ---Executing GetUserToken() in UserService----
2023-02-21 08:03:50,127 [5] DEBUG LTCPro.ServiceLayer.Log4net - ---Executing GetCompanyToBedFlagByFacId() in FacilityController----
2023-02-21 08:03:50,128 [5] DEBUG LTCPro.ServiceLayer.Log4net - ---Executing GetCompanyToBedFlagByFacId() in FacilityService----
2023-02-21 08:03:50,138 [12] DEBUG LTCPro.ServiceLayer.Log4net - ---Executing GetPRNDetailsByfilter() in EMARController----
2023-02-21 08:03:50,139 [12] DEBUG LTCPro.ServiceLayer.Log4net - ---Executing GetPRNDetailsByfilter() in EmarService----
2023-02-21 08:03:50,212 [13] DEBUG LTCPro.ServiceLayer.Log4net - ---Executed Successfully GetOrdersEndingSoon() in OrdersController----
2023-02-21 08:03:50,679 [5] DEBUG LTCPro.ServiceLayer.Log4net - ---Executed Successfully GetCompanyToBedFlagByFacId() in FacilityController----
2023-02-21 08:03:50,743 [5] DEBUG LTCPro.ServiceLayer.Log4net - ---Executing GetUserToken() in UserService----
2023-02-21 08:03:50,983 [5] DEBUG LTCPro.ServiceLayer.Log4net - ---Executing GetNurseStationHierarchyDetailsbyNsId() in CompanyController----
2023-02-21 08:03:51,015 [5] DEBUG LTCPro.ServiceLayer.Log4net - ---Executing GetNurseStationHierarchyDetailsbyNsId() in CompanyService----
2023-02-21 08:03:51,283 [5] DEBUG LTCPro.ServiceLayer.Log4net - ---Executed Successfully GetNurseStationHierarchyDetailsbyNsId() in CompanyController----
2023-02-21 08:03:51,339 [11] DEBUG LTCPro.ServiceLayer.Log4net - ---Executed Successfully GetOrdersGridData() in OrdersController----
2023-02-21 08:03:51,586 [6] DEBUG LTCPro.ServiceLayer.Log4net - ---Executing GetUserToken() in UserService----
2023-02-21 08:03:51,812 [6] DEBUG LTCPro.ServiceLayer.Log4net - ---Executing GetPendingOrdersGridData() in OrdersController----
2023-02-21 08:03:51,843 [6] DEBUG LTCPro.ServiceLayer.Log4net - ---Executing GetPendingOrdersGridData() in OrdersService----
2023-02-21 08:03:53,478 [6] DEBUG LTCPro.ServiceLayer.Log4net - ---Executed Successfully GetPendingOrdersGridData() in OrdersController----
2023-02-21 08:03:58,128 [7] DEBUG LTCPro.ServiceLayer.Log4net - ---Executed Successfully GetSeventyTwoHourDetailsByfilter() in EMARController----
2023-02-21 08:03:58,962 [12] DEBUG LTCPro.ServiceLayer.Log4net - ---Executed Successfully GetPRNDetailsByfilter() in EMARController----
2023-02-21 08:04:05,671 [12] DEBUG LTCPro.ServiceLayer.Log4net - ---Executing GetUserToken() in UserService----
2023-02-21 08:04:05,690 [7] DEBUG LTCPro.ServiceLayer.Log4net - ---Executing GetUserToken() in UserService----
2023-02-21 08:04:05,704 [6] DEBUG LTCPro.ServiceLayer.Log4net - ---Executing GetUserToken() in UserService----
2023-02-21 08:04:05,872 [11] DEBUG LTCPro.ServiceLayer.Log4net - ---Executing GetUserToken() in UserService----
2023-02-21 08:04:05,890 [8] DEBUG LTCPro.ServiceLayer.Log4net - ---Executing GetUserToken() in UserService----
2023-02-21 08:04:05,918 [12] DEBUG LTCPro.ServiceLayer.Log4net - ---Executing GetCompanyToBedFlagByFacId() in FacilityController----
2023-02-21 08:04:05,918 [12] DEBUG LTCPro.ServiceLayer.Log4net - ---Executing GetCompanyToBedFlagByFacId() in FacilityService----
2023-02-21 08:04:05,918 [7] DEBUG LTCPro.ServiceLayer.Log4net - ---Executing GetPRNDetailsByfilter() in EMARController----
2023-02-21 08:04:05,918 [7] DEBUG LTCPro.ServiceLayer.Log4net - ---Executing GetPRNDetailsByfilter() in EmarService----
2023-02-21 08:04:05,929 [6] DEBUG LTCPro.ServiceLayer.Log4net - ---Executing GetSeventyTwoHourDetailsByfilter() in EMARController----
2023-02-21 08:04:05,929 [6] DEBUG LTCPro.ServiceLayer.Log4net - ---Executing GetSeventyTwoHourDetailsByfilter() in EmarService----
2023-02-21 08:04:06,096 [11] DEBUG LTCPro.ServiceLayer.Log4net - ---Executing GetOrdersGridData() in OrdersController----
2023-02-21 08:04:06,096 [11] DEBUG LTCPro.ServiceLayer.Log4net - ---Executing GetOrdersGridData() in OrdersService----
2023-02-21 08:04:06,114 [8] DEBUG LTCPro.ServiceLayer.Log4net - ---Executing GetOrdersEndingSoon() in OrdersController----
2023-02-21 08:04:06,114 [8] DEBUG LTCPro.ServiceLayer.Log4net - ---Executing GetOrdersEndingSoon() in OrdersService----
2023-02-21 08:04:06,370 [12] DEBUG LTCPro.ServiceLayer.Log4net - ---Executed Successfully GetCompanyToBedFlagByFacId() in FacilityController----
2023-02-21 08:04:06,425 [12] DEBUG LTCPro.ServiceLayer.Log4net - ---Executing GetUserToken() in UserService----
2023-02-21 08:04:06,622 [8] DEBUG LTCPro.ServiceLayer.Log4net - ---Executed Successfully GetOrdersEndingSoon() in OrdersController----
2023-02-21 08:04:06,650 [12] DEBUG LTCPro.ServiceLayer.Log4net - ---Executing GetNurseStationHierarchyDetailsbyNsId() in CompanyController----
2023-02-21 08:04:06,650 [12] DEBUG LTCPro.ServiceLayer.Log4net - ---Executing GetNurseStationHierarchyDetailsbyNsId() in CompanyService----
2023-02-21 08:04:06,876 [12] DEBUG LTCPro.ServiceLayer.Log4net - ---Executed Successfully GetNurseStationHierarchyDetailsbyNsId() in CompanyController----
2023-02-21 08:04:07,745 [11] DEBUG LTCPro.ServiceLayer.Log4net - ---Executed Successfully GetOrdersGridData() in OrdersController----
2023-02-21 08:04:08,078 [8] DEBUG LTCPro.ServiceLayer.Log4net - ---Executing GetUserToken() in UserService----
2023-02-21 08:04:08,354 [8] DEBUG LTCPro.ServiceLayer.Log4net - ---Executing GetPendingOrdersGridData() in OrdersController----
2023-02-21 08:04:08,354 [8] DEBUG LTCPro.ServiceLayer.Log4net - ---Executing GetPendingOrdersGridData() in OrdersService----
2023-02-21 08:04:11,091 [8] DEBUG LTCPro.ServiceLayer.Log4net - ---Executed Successfully GetPendingOrdersGridData() in OrdersController----
2023-02-21 08:04:16,684 [7] DEBUG LTCPro.ServiceLayer.Log4net - ---Executed Successfully GetPRNDetailsByfilter() in EMARController----
2023-02-21 08:04:16,848 [6] DEBUG LTCPro.ServiceLayer.Log4net - ---Executed Successfully GetSeventyTwoHourDetailsByfilter() in EMARController----
2023-02-21 08:04:20,651 [5] DEBUG LTCPro.ServiceLayer.Log4net - ---Executing GetUserToken() in UserService----
2023-02-21 08:04:20,877 [5] DEBUG LTCPro.ServiceLayer.Log4net - ---Executing GetOrdersGridDataByPatientId() in OrdersController----
2023-02-21 08:04:20,877 [5] DEBUG LTCPro.ServiceLayer.Log4net - ---Executing GetOrdersGridDataByPatientId() in OrdersService----
2023-02-21 08:04:22,337 [5] DEBUG LTCPro.ServiceLayer.Log4net - ---Executed Successfully GetOrdersGridDataByPatientId() in OrdersController----
2023-02-21 08:05:24,228 [14] DEBUG LTCPro.ServiceLayer.Log4net - ---Executing GetUserToken() in UserService----
2023-02-21 08:05:24,399 [12] DEBUG LTCPro.ServiceLayer.Log4net - ---Executing GetUserToken() in UserService----
2023-02-21 08:05:24,472 [14] DEBUG LTCPro.ServiceLayer.Log4net - ---Executing GetFacilityNSResidentsDataByPId() in ResidentDemographicController----
2023-02-21 08:05:24,533 [14] DEBUG LTCPro.ServiceLayer.Log4net - ---Executing GetFacilityNSResidentsDataByPId() in ResidentDemographicService----
2023-02-21 08:05:24,624 [12] DEBUG LTCPro.ServiceLayer.Log4net - ---Executing GetNurseNotes() in OrdersController----
2023-02-21 08:05:24,624 [12] DEBUG LTCPro.ServiceLayer.Log4net - ---Executing GetNurseNotes() in OrdersService----
2023-02-21 08:05:25,867 [12] DEBUG LTCPro.ServiceLayer.Log4net - ---Executed Successfully GetNurseNotes() in OrdersController----
2023-02-21 08:05:26,000 [14] DEBUG LTCPro.ServiceLayer.Log4net - ---Executed Successfully GetFacilityNSResidentsDataByPId() in ResidentDemographicController----
2023-02-21 08:05:26,175 [11] DEBUG LTCPro.ServiceLayer.Log4net - ---Executing GetUserToken() in UserService----
2023-02-21 08:05:26,231 [6] DEBUG LTCPro.ServiceLayer.Log4net - ---Executing GetUserToken() in UserService----
2023-02-21 08:05:26,233 [14] DEBUG LTCPro.ServiceLayer.Log4net - ---Executing GetUserToken() in UserService----
2023-02-21 08:05:26,417 [11] DEBUG LTCPro.ServiceLayer.Log4net - ---Executing GetDrFirstFlagForCompanyByNSId() in CompanyController----
2023-02-21 08:05:26,418 [11] DEBUG LTCPro.ServiceLayer.Log4net - ---Executing GetDrFirstFlagForCompanyByNSId() in CompanyService----
2023-02-21 08:05:26,482 [12] DEBUG LTCPro.ServiceLayer.Log4net - ---Executing GetUserToken() in UserService----
2023-02-21 08:05:26,531 [6] DEBUG LTCPro.ServiceLayer.Log4net - ---Executing GetResidentInformation() in ResidentDemographicController----
2023-02-21 08:05:26,532 [6] DEBUG LTCPro.ServiceLayer.Log4net - ---Executing GetResidentInformation() in ResidentDemographicService----
2023-02-21 08:05:26,576 [5] DEBUG LTCPro.ServiceLayer.Log4net - ---Executing GetUserToken() in UserService----
2023-02-21 08:05:26,684 [11] DEBUG LTCPro.ServiceLayer.Log4net - ---Executed Successfully GetDrFirstFlagForCompanyByNSId() in CompanyController----
2023-02-21 08:05:26,722 [12] DEBUG LTCPro.ServiceLayer.Log4net - ---Executing GetOrderRoutes() in OrdersController----
2023-02-21 08:05:26,732 [12] DEBUG LTCPro.ServiceLayer.Log4net - ---Executing GetOrderRoutes() in OrdersService----
2023-02-21 08:05:26,759 [14] DEBUG LTCPro.ServiceLayer.Log4net - ---Executing GetAllBarcodes() in StockEkitController----
2023-02-21 08:05:26,760 [14] DEBUG LTCPro.ServiceLayer.Log4net - ---Executing GetAllBarcodes() in StockEkitService----
2023-02-21 08:05:26,835 [5] DEBUG LTCPro.ServiceLayer.Log4net - ---Executing GetPhysicianDropData() in OrdersController----
2023-02-21 08:05:26,835 [5] DEBUG LTCPro.ServiceLayer.Log4net - ---Executing GetPhysicianDropData() in OrdersService----
2023-02-21 08:05:26,973 [12] DEBUG LTCPro.ServiceLayer.Log4net - ---Executed Successfully GetOrderRoutes() in OrdersController----
2023-02-21 08:05:28,090 [5] DEBUG LTCPro.ServiceLayer.Log4net - ---Executed Successfully GetPhysicianDropData() in OrdersController----
2023-02-21 08:05:30,355 [6] DEBUG LTCPro.ServiceLayer.Log4net - ---Executed Successfully GetResidentInformation() in ResidentDemographicController----
2023-02-21 08:05:30,488 [11] DEBUG LTCPro.ServiceLayer.Log4net - ---Executing GetUserToken() in UserService----
2023-02-21 08:05:30,516 [17] DEBUG LTCPro.ServiceLayer.Log4net - ---Executing GetUserToken() in UserService----
2023-02-21 08:05:30,659 [12] DEBUG LTCPro.ServiceLayer.Log4net - ---Executing GetUserToken() in UserService----
2023-02-21 08:05:30,671 [16] DEBUG LTCPro.ServiceLayer.Log4net - ---Executing GetUserToken() in UserService----
2023-02-21 08:05:30,714 [11] DEBUG LTCPro.ServiceLayer.Log4net - ---Executing GetPatientType() in ResidentDemographicController----
2023-02-21 08:05:30,715 [11] DEBUG LTCPro.ServiceLayer.Log4net - ---Executing GetPatientType() in EmarService----
2023-02-21 08:05:30,752 [17] DEBUG LTCPro.ServiceLayer.Log4net - ---Executing GetDrFirstOrderCheck() in DrFirstIntegrationController----
2023-02-21 08:05:30,770 [17] DEBUG LTCPro.ServiceLayer.Log4net - ---Executing GetDrFirstOrderCheck() in DrFirstIntegrationService----
2023-02-21 08:05:30,887 [12] DEBUG LTCPro.ServiceLayer.Log4net - ---Executing GetDiagnosisDetails() in OrdersController----
2023-02-21 08:05:30,889 [12] DEBUG LTCPro.ServiceLayer.Log4net - ---Executing GetDiagnosisDetails() in OrdersService----
2023-02-21 08:05:30,899 [16] DEBUG LTCPro.ServiceLayer.Log4net - ---Executing GetOrderGridData() in OrdersController----
2023-02-21 08:05:30,901 [16] DEBUG LTCPro.ServiceLayer.Log4net - ---Executing GetOrderGridData() in OrdersService----
2023-02-21 08:05:30,948 [11] DEBUG LTCPro.ServiceLayer.Log4net - ---Executed Successfully GetPatientType() in ResidentDemographicController----
2023-02-21 08:05:31,017 [17] DEBUG LTCPro.ServiceLayer.Log4net - ---Executed Successfully GetDrFirstOrderCheck() in DrFirstIntegrationController----
2023-02-21 08:05:31,182 [16] DEBUG LTCPro.ServiceLayer.Log4net - ---Executed Successfully GetOrderGridData() in OrdersController----
2023-02-21 08:05:31,524 [11] DEBUG LTCPro.ServiceLayer.Log4net - ---Executing GetUserToken() in UserService----
2023-02-21 08:05:31,725 [5] DEBUG LTCPro.ServiceLayer.Log4net - ---Executing GetUserToken() in UserService----
2023-02-21 08:05:31,727 [6] DEBUG LTCPro.ServiceLayer.Log4net - ---Executing GetUserToken() in UserService----
2023-02-21 08:05:31,748 [11] DEBUG LTCPro.ServiceLayer.Log4net - ---Executing GetAllBarcodes() in StockEkitController----
2023-02-21 08:05:31,748 [11] DEBUG LTCPro.ServiceLayer.Log4net - ---Executing GetAllBarcodes() in StockEkitService----
2023-02-21 08:05:31,778 [12] DEBUG LTCPro.ServiceLayer.Log4net - ---Executed Successfully GetDiagnosisDetails() in OrdersController----
2023-02-21 08:05:31,999 [6] DEBUG LTCPro.ServiceLayer.Log4net - ---Executing GetOrderGridData() in OrdersController----
2023-02-21 08:05:31,999 [6] DEBUG LTCPro.ServiceLayer.Log4net - ---Executing GetOrderGridData() in OrdersService----
2023-02-21 08:05:31,999 [5] DEBUG LTCPro.ServiceLayer.Log4net - ---Executing GetOrdersData() in OrdersController----
2023-02-21 08:05:32,000 [5] DEBUG LTCPro.ServiceLayer.Log4net - ---Executing GetOrdersData() in OrdersService----
2023-02-21 08:05:32,261 [6] DEBUG LTCPro.ServiceLayer.Log4net - ---Executed Successfully GetOrderGridData() in OrdersController----
2023-02-21 08:05:34,755 [5] DEBUG LTCPro.ServiceLayer.Log4net - ---Executed Successfully GetOrdersData() in OrdersController----
2023-02-21 08:05:35,498 [17] DEBUG LTCPro.ServiceLayer.Log4net - ---Executing GetUserToken() in UserService----
2023-02-21 08:05:35,503 [15] DEBUG LTCPro.ServiceLayer.Log4net - ---Executing GetUserToken() in UserService----
2023-02-21 08:05:35,543 [18] DEBUG LTCPro.ServiceLayer.Log4net - ---Executing GetUserToken() in UserService----
2023-02-21 08:05:35,548 [5] DEBUG LTCPro.ServiceLayer.Log4net - ---Executing GetUserToken() in UserService----
2023-02-21 08:05:35,733 [15] DEBUG LTCPro.ServiceLayer.Log4net - ---Executing GetOrderStockDetails() in OrdersController----
2023-02-21 08:05:35,733 [17] DEBUG LTCPro.ServiceLayer.Log4net - ---Executing GetFavouritesMasterData() in OrdersController----
2023-02-21 08:05:35,734 [15] DEBUG LTCPro.ServiceLayer.Log4net - ---Executing GetOrderStockDetails() in OrdersService----
2023-02-21 08:05:35,735 [17] DEBUG LTCPro.ServiceLayer.Log4net - ---Executing GetFavouritesMasterData() in OrdersService----
2023-02-21 08:05:35,768 [18] DEBUG LTCPro.ServiceLayer.Log4net - ---Executing GetNurseNotes() in OrdersController----
2023-02-21 08:05:35,768 [18] DEBUG LTCPro.ServiceLayer.Log4net - ---Executing GetNurseNotes() in OrdersService----
2023-02-21 08:05:35,986 [17] DEBUG LTCPro.ServiceLayer.Log4net - ---Executed Successfully GetFavouritesMasterData() in OrdersController----
2023-02-21 08:05:36,055 [15] DEBUG LTCPro.ServiceLayer.Log4net - ---Executed Successfully GetOrderStockDetails() in OrdersController----
2023-02-21 08:05:37,176 [5] DEBUG LTCPro.ServiceLayer.Log4net - ---Executing GetPhysicianDropData() in OrdersController----
2023-02-21 08:05:37,176 [5] DEBUG LTCPro.ServiceLayer.Log4net - ---Executing GetPhysicianDropData() in OrdersService----
2023-02-21 08:05:37,219 [18] DEBUG LTCPro.ServiceLayer.Log4net - ---Executed Successfully GetNurseNotes() in OrdersController----
2023-02-21 08:05:38,769 [5] DEBUG LTCPro.ServiceLayer.Log4net - ---Executed Successfully GetPhysicianDropData() in OrdersController----
2023-02-21 08:05:48,233 [14] DEBUG LTCPro.ServiceLayer.Log4net - ---Executed Successfully GetAllBarcodes() in StockEkitController----
2023-02-21 08:05:53,161 [11] DEBUG LTCPro.ServiceLayer.Log4net - ---Executed Successfully GetAllBarcodes() in StockEkitController----
2023-02-21 08:24:36,201 [38] DEBUG LTCPro.ServiceLayer.Log4net - ---Executing GetUserToken() in UserService----
2023-02-21 08:24:36,225 [36] DEBUG LTCPro.ServiceLayer.Log4net - ---Executing GetUserToken() in UserService----
2023-02-21 08:24:36,254 [34] DEBUG LTCPro.ServiceLayer.Log4net - ---Executing GetUserToken() in UserService----
2023-02-21 08:24:36,258 [37] DEBUG LTCPro.ServiceLayer.Log4net - ---Executing GetUserToken() in UserService----
2023-02-21 08:24:36,259 [15] DEBUG LTCPro.ServiceLayer.Log4net - ---Executing GetUserToken() in UserService----
2023-02-21 08:24:36,262 [35] DEBUG LTCPro.ServiceLayer.Log4net - ---Executing GetUserToken() in UserService----
2023-02-21 08:24:37,652 [38] DEBUG LTCPro.ServiceLayer.Log4net - ---Executing GetAlertsDetails() in MailboxController----
2023-02-21 08:24:37,652 [38] DEBUG LTCPro.ServiceLayer.Log4net - ---Executing GetAlertsDetails() in MailboxService----
2023-02-21 08:24:37,879 [15] DEBUG LTCPro.ServiceLayer.Log4net - ---Executing GetUserPassedDueFlag() in UserController----
2023-02-21 08:24:37,879 [15] DEBUG LTCPro.ServiceLayer.Log4net - ---Executing GetUserPassedDueFlag() in UserService----
2023-02-21 08:24:38,795 [36] DEBUG LTCPro.ServiceLayer.Log4net - ---Executing GetReadMailsCount() in MailboxController----
2023-02-21 08:24:38,795 [36] DEBUG LTCPro.ServiceLayer.Log4net - ---Executing GetReadMailsCount() in MailboxService----
2023-02-21 08:24:38,813 [38] DEBUG LTCPro.ServiceLayer.Log4net - ---Executed successfully GetAlertsDetails() in MailboxController----
2023-02-21 08:24:38,846 [30] DEBUG LTCPro.ServiceLayer.Log4net - ---Executing GetUserToken() in UserService----
2023-02-21 08:24:39,020 [15] DEBUG LTCPro.ServiceLayer.Log4net - ---Executed Successfully GetUserPassedDueFlag() in UserController----
2023-02-21 08:24:39,043 [35] DEBUG LTCPro.ServiceLayer.Log4net - ---Executing GetDueMARAlertData() in EmarController----
2023-02-21 08:24:39,043 [35] DEBUG LTCPro.ServiceLayer.Log4net - ---Executing GetDueMARAlertData() in EmarService----
2023-02-21 08:24:39,056 [15] DEBUG LTCPro.ServiceLayer.Log4net - ---Executing GetUserToken() in UserService----
2023-02-21 08:24:39,249 [30] DEBUG LTCPro.ServiceLayer.Log4net - ---Executing GetUserRecentFacNs() in UserController----
2023-02-21 08:24:39,249 [30] DEBUG LTCPro.ServiceLayer.Log4net - ---Executing GetUserRecentFacNs() in UserService----
2023-02-21 08:24:39,271 [37] DEBUG LTCPro.ServiceLayer.Log4net - ---Executing GetPendingDosesList() in CommonController----
2023-02-21 08:24:39,271 [37] DEBUG LTCPro.ServiceLayer.Log4net - ---Executing GetPendingDosesList() in CommonService----
2023-02-21 08:24:39,473 [15] DEBUG LTCPro.ServiceLayer.Log4net - ---Executing GetUserRecentFacNs() in UserController----
2023-02-21 08:24:39,473 [15] DEBUG LTCPro.ServiceLayer.Log4net - ---Executing GetUserRecentFacNs() in UserService----
2023-02-21 08:24:39,938 [34] DEBUG LTCPro.ServiceLayer.Log4net - ---Executing GetOutboundErrorDetails() in CommonController----
2023-02-21 08:24:39,938 [34] DEBUG LTCPro.ServiceLayer.Log4net - ---Executing GetOutboundErrorDetails() in CommonService----
2023-02-21 08:24:39,941 [30] DEBUG LTCPro.ServiceLayer.Log4net - ---Executed Successfully GetUserRecentFacNs() in UserController----
2023-02-21 08:24:40,281 [15] DEBUG LTCPro.ServiceLayer.Log4net - ---Executed Successfully GetUserRecentFacNs() in UserController----
2023-02-21 08:24:40,298 [33] DEBUG LTCPro.ServiceLayer.Log4net - ---Executing GetUserToken() in UserService----
2023-02-21 08:24:40,358 [30] DEBUG LTCPro.ServiceLayer.Log4net - ---Executing GetUserToken() in UserService----
2023-02-21 08:24:40,497 [35] DEBUG LTCPro.ServiceLayer.Log4net - ---Executed Successfully GetDueMARAlertData() in EmarController----
2023-02-21 08:24:40,515 [36] DEBUG LTCPro.ServiceLayer.Log4net - ---Executed successfully GetReadMailsCount() in MailboxController----
2023-02-21 08:24:40,540 [38] DEBUG LTCPro.ServiceLayer.Log4net - ---Executing GetUserToken() in UserService----
2023-02-21 08:24:40,540 [15] DEBUG LTCPro.ServiceLayer.Log4net - ---Executing GetUserToken() in UserService----
2023-02-21 08:24:40,724 [30] DEBUG LTCPro.ServiceLayer.Log4net - ---Executing OrderEndingSoonStatus() in OrdersController----
2023-02-21 08:24:40,724 [30] DEBUG LTCPro.ServiceLayer.Log4net - ---Executing OrderEndingSoonStatus() in OrdersService----
2023-02-21 08:24:40,743 [33] DEBUG LTCPro.ServiceLayer.Log4net - ---Executing InsertUserActivityDetails() in CompanyController----
2023-02-21 08:24:40,743 [33] DEBUG LTCPro.ServiceLayer.Log4net - ---Executing InsertUserActivityDetails() in UserActivityService----
2023-02-21 08:24:40,950 [15] DEBUG LTCPro.ServiceLayer.Log4net - ---Executing GetUserAccessFacilityNurseStaions() in FacilityController----
2023-02-21 08:24:40,950 [15] DEBUG LTCPro.ServiceLayer.Log4net - ---Executing GetUserAccessFacilityNurseStaions() in FacilityService----
2023-02-21 08:24:41,071 [30] DEBUG LTCPro.ServiceLayer.Log4net - ---Executed Successfully OrderEndingSoonStatus() in OrdersController----
2023-02-21 08:24:41,175 [38] DEBUG LTCPro.ServiceLayer.Log4net - ---Executing GetUserAccessFacilityNurseStaions() in FacilityController----
2023-02-21 08:24:41,176 [38] DEBUG LTCPro.ServiceLayer.Log4net - ---Executing GetUserAccessFacilityNurseStaions() in FacilityService----
2023-02-21 08:24:41,526 [15] DEBUG LTCPro.ServiceLayer.Log4net - ---Executed Successfully GetUserAccessFacilityNurseStaions() in FacilityController----
2023-02-21 08:24:41,626 [38] DEBUG LTCPro.ServiceLayer.Log4net - ---Executed Successfully GetUserAccessFacilityNurseStaions() in FacilityController----
2023-02-21 08:24:41,658 [30] DEBUG LTCPro.ServiceLayer.Log4net - ---Executing GetUserToken() in UserService----
2023-02-21 08:24:41,884 [30] DEBUG LTCPro.ServiceLayer.Log4net - ---Executing UserNurseStationDrop() in FacilityController----
2023-02-21 08:24:41,884 [30] DEBUG LTCPro.ServiceLayer.Log4net - ---Executing UserNurseStationDrop() in FacilityService----
2023-02-21 08:24:42,126 [30] DEBUG LTCPro.ServiceLayer.Log4net - ---Executed Successfully UserNurseStationDrop() in FacilityController----
2023-02-21 08:24:42,190 [30] DEBUG LTCPro.ServiceLayer.Log4net - ---Executing GetUserToken() in UserService----
2023-02-21 08:24:42,391 [38] DEBUG LTCPro.ServiceLayer.Log4net - ---Executing GetUserToken() in UserService----
2023-02-21 08:24:42,393 [36] DEBUG LTCPro.ServiceLayer.Log4net - ---Executing GetUserToken() in UserService----
2023-02-21 08:24:42,415 [30] DEBUG LTCPro.ServiceLayer.Log4net - ---Executing GetCompanyToBedFlagByFacId() in FacilityController----
2023-02-21 08:24:42,416 [30] DEBUG LTCPro.ServiceLayer.Log4net - ---Executing GetCompanyToBedFlagByFacId() in FacilityService----
2023-02-21 08:24:42,619 [37] DEBUG LTCPro.ServiceLayer.Log4net - ---Executed Successfully GetPendingDosesList() in CommonController----
2023-02-21 08:24:42,621 [38] DEBUG LTCPro.ServiceLayer.Log4net - ---Executing OrderEndingSoonStatus() in OrdersController----
2023-02-21 08:24:42,621 [38] DEBUG LTCPro.ServiceLayer.Log4net - ---Executing OrderEndingSoonStatus() in OrdersService----
2023-02-21 08:24:42,674 [15] DEBUG LTCPro.ServiceLayer.Log4net - ---Executing GetUserToken() in UserService----
2023-02-21 08:24:42,851 [33] DEBUG LTCPro.ServiceLayer.Log4net - ---Executed Successfully InsertUserActivityDetails() in CompanyController----
2023-02-21 08:24:42,880 [30] DEBUG LTCPro.ServiceLayer.Log4net - ---Executed Successfully GetCompanyToBedFlagByFacId() in FacilityController----
2023-02-21 08:24:42,905 [35] DEBUG LTCPro.ServiceLayer.Log4net - ---Executing GetUserToken() in UserService----
2023-02-21 08:24:42,910 [15] DEBUG LTCPro.ServiceLayer.Log4net - ---Executing GetPRNDetailsByfilter() in EMARController----
2023-02-21 08:24:42,910 [15] DEBUG LTCPro.ServiceLayer.Log4net - ---Executing GetPRNDetailsByfilter() in EmarService----
2023-02-21 08:24:42,940 [38] DEBUG LTCPro.ServiceLayer.Log4net - ---Executed Successfully OrderEndingSoonStatus() in OrdersController----
2023-02-21 08:24:43,112 [30] DEBUG LTCPro.ServiceLayer.Log4net - ---Executing GetUserToken() in UserService----
2023-02-21 08:24:43,130 [35] DEBUG LTCPro.ServiceLayer.Log4net - ---Executing GetSeventyTwoHourDetailsByfilter() in EMARController----
2023-02-21 08:24:43,130 [35] DEBUG LTCPro.ServiceLayer.Log4net - ---Executing GetSeventyTwoHourDetailsByfilter() in EmarService----
2023-02-21 08:24:43,340 [30] DEBUG LTCPro.ServiceLayer.Log4net - ---Executing GetOrdersGridData() in OrdersController----
2023-02-21 08:24:43,340 [30] DEBUG LTCPro.ServiceLayer.Log4net - ---Executing GetOrdersGridData() in OrdersService----
2023-02-21 08:24:43,516 [38] DEBUG LTCPro.ServiceLayer.Log4net - ---Executing GetUserToken() in UserService----
2023-02-21 08:24:43,740 [38] DEBUG LTCPro.ServiceLayer.Log4net - ---Executing GetNurseStationHierarchyDetailsbyNsId() in CompanyController----
2023-02-21 08:24:43,740 [38] DEBUG LTCPro.ServiceLayer.Log4net - ---Executing GetNurseStationHierarchyDetailsbyNsId() in CompanyService----
2023-02-21 08:24:43,759 [36] DEBUG LTCPro.ServiceLayer.Log4net - ---Executing GetOrdersEndingSoon() in OrdersController----
2023-02-21 08:24:43,759 [36] DEBUG LTCPro.ServiceLayer.Log4net - ---Executing GetOrdersEndingSoon() in OrdersService----
2023-02-21 08:24:43,965 [38] DEBUG LTCPro.ServiceLayer.Log4net - ---Executed Successfully GetNurseStationHierarchyDetailsbyNsId() in CompanyController----
2023-02-21 08:24:44,248 [36] DEBUG LTCPro.ServiceLayer.Log4net - ---Executed Successfully GetOrdersEndingSoon() in OrdersController----
2023-02-21 08:24:45,032 [30] DEBUG LTCPro.ServiceLayer.Log4net - ---Executed Successfully GetOrdersGridData() in OrdersController----
2023-02-21 08:24:45,336 [30] DEBUG LTCPro.ServiceLayer.Log4net - ---Executing GetUserToken() in UserService----
2023-02-21 08:24:45,564 [30] DEBUG LTCPro.ServiceLayer.Log4net - ---Executing GetPendingOrdersGridData() in OrdersController----
2023-02-21 08:24:45,564 [30] DEBUG LTCPro.ServiceLayer.Log4net - ---Executing GetPendingOrdersGridData() in OrdersService----
2023-02-21 08:24:46,548 [34] DEBUG LTCPro.ServiceLayer.Log4net - ---Executed Successfully GetOutboundErrorDetails() in CommonController----
2023-02-21 08:24:47,032 [30] DEBUG LTCPro.ServiceLayer.Log4net - ---Executed Successfully GetPendingOrdersGridData() in OrdersController----
2023-02-21 08:24:51,333 [15] DEBUG LTCPro.ServiceLayer.Log4net - ---Executed Successfully GetPRNDetailsByfilter() in EMARController----
2023-02-21 08:24:51,404 [35] DEBUG LTCPro.ServiceLayer.Log4net - ---Executed Successfully GetSeventyTwoHourDetailsByfilter() in EMARController----
2023-02-21 08:37:44,027 [31] DEBUG LTCPro.ServiceLayer.Log4net - ---Executing GetUserToken() in UserService----
2023-02-21 08:37:50,722 [16] DEBUG LTCPro.ServiceLayer.Log4net - ---Executing GetUserToken() in UserService----
2023-02-21 08:37:56,558 [31] DEBUG LTCPro.ServiceLayer.Log4net - ---Executing GetOrdersGridDataByPatientId() in OrdersController----
2023-02-21 08:37:56,558 [31] DEBUG LTCPro.ServiceLayer.Log4net - ---Executing GetOrdersGridDataByPatientId() in OrdersService----
2023-02-21 08:37:57,743 [16] DEBUG LTCPro.ServiceLayer.Log4net - ---Executing GetOrdersGridDataByPatientId() in OrdersController----
2023-02-21 08:37:57,743 [16] DEBUG LTCPro.ServiceLayer.Log4net - ---Executing GetOrdersGridDataByPatientId() in OrdersService----
2023-02-21 08:37:58,015 [31] DEBUG LTCPro.ServiceLayer.Log4net - ---Executed Successfully GetOrdersGridDataByPatientId() in OrdersController----
2023-02-21 08:37:59,199 [16] DEBUG LTCPro.ServiceLayer.Log4net - ---Executed Successfully GetOrdersGridDataByPatientId() in OrdersController----
2023-02-21 08:38:04,618 [29] DEBUG LTCPro.ServiceLayer.Log4net - ---Executing GetUserToken() in UserService----
2023-02-21 08:38:04,793 [7] DEBUG LTCPro.ServiceLayer.Log4net - ---Executing GetUserToken() in UserService----
2023-02-21 08:38:04,850 [29] DEBUG LTCPro.ServiceLayer.Log4net - ---Executing GetFacilityNSResidentsDataByPId() in ResidentDemographicController----
2023-02-21 08:38:04,850 [29] DEBUG LTCPro.ServiceLayer.Log4net - ---Executing GetFacilityNSResidentsDataByPId() in ResidentDemographicService----
2023-02-21 08:38:05,026 [7] DEBUG LTCPro.ServiceLayer.Log4net - ---Executing GetNurseNotes() in OrdersController----
2023-02-21 08:38:05,026 [7] DEBUG LTCPro.ServiceLayer.Log4net - ---Executing GetNurseNotes() in OrdersService----
2023-02-21 08:38:06,235 [7] DEBUG LTCPro.ServiceLayer.Log4net - ---Executed Successfully GetNurseNotes() in OrdersController----
2023-02-21 08:38:06,265 [29] DEBUG LTCPro.ServiceLayer.Log4net - ---Executed Successfully GetFacilityNSResidentsDataByPId() in ResidentDemographicController----
2023-02-21 08:38:06,467 [29] DEBUG LTCPro.ServiceLayer.Log4net - ---Executing GetUserToken() in UserService----
2023-02-21 08:38:06,568 [31] DEBUG LTCPro.ServiceLayer.Log4net - ---Executing GetUserToken() in UserService----
2023-02-21 08:38:06,759 [29] DEBUG LTCPro.ServiceLayer.Log4net - ---Executing GetDrFirstFlagForCompanyByNSId() in CompanyController----
2023-02-21 08:38:06,759 [29] DEBUG LTCPro.ServiceLayer.Log4net - ---Executing GetDrFirstFlagForCompanyByNSId() in CompanyService----
2023-02-21 08:38:06,802 [7] DEBUG LTCPro.ServiceLayer.Log4net - ---Executing GetUserToken() in UserService----
2023-02-21 08:38:06,822 [16] DEBUG LTCPro.ServiceLayer.Log4net - ---Executing GetUserToken() in UserService----
2023-02-21 08:38:06,853 [31] DEBUG LTCPro.ServiceLayer.Log4net - ---Executing GetAllBarcodes() in StockEkitController----
2023-02-21 08:38:06,853 [31] DEBUG LTCPro.ServiceLayer.Log4net - ---Executing GetAllBarcodes() in StockEkitService----
2023-02-21 08:38:07,060 [29] DEBUG LTCPro.ServiceLayer.Log4net - ---Executed Successfully GetDrFirstFlagForCompanyByNSId() in CompanyController----
2023-02-21 08:38:07,086 [16] DEBUG LTCPro.ServiceLayer.Log4net - ---Executing GetOrderRoutes() in OrdersController----
2023-02-21 08:38:07,086 [16] DEBUG LTCPro.ServiceLayer.Log4net - ---Executing GetOrderRoutes() in OrdersService----
2023-02-21 08:38:07,101 [29] DEBUG LTCPro.ServiceLayer.Log4net - ---Executing GetUserToken() in UserService----
2023-02-21 08:38:07,322 [16] DEBUG LTCPro.ServiceLayer.Log4net - ---Executed Successfully GetOrderRoutes() in OrdersController----
2023-02-21 08:38:07,556 [29] DEBUG LTCPro.ServiceLayer.Log4net - ---Executing GetResidentInformation() in ResidentDemographicController----
2023-02-21 08:38:07,556 [29] DEBUG LTCPro.ServiceLayer.Log4net - ---Executing GetResidentInformation() in ResidentDemographicService----
2023-02-21 08:38:08,244 [7] DEBUG LTCPro.ServiceLayer.Log4net - ---Executing GetPhysicianDropData() in OrdersController----
2023-02-21 08:38:08,244 [7] DEBUG LTCPro.ServiceLayer.Log4net - ---Executing GetPhysicianDropData() in OrdersService----
2023-02-21 08:38:09,425 [7] DEBUG LTCPro.ServiceLayer.Log4net - ---Executed Successfully GetPhysicianDropData() in OrdersController----
2023-02-21 08:38:11,303 [29] DEBUG LTCPro.ServiceLayer.Log4net - ---Executed Successfully GetResidentInformation() in ResidentDemographicController----
2023-02-21 08:38:11,448 [7] DEBUG LTCPro.ServiceLayer.Log4net - ---Executing GetUserToken() in UserService----
2023-02-21 08:38:11,455 [16] DEBUG LTCPro.ServiceLayer.Log4net - ---Executing GetUserToken() in UserService----
2023-02-21 08:38:11,628 [24] DEBUG LTCPro.ServiceLayer.Log4net - ---Executing GetUserToken() in UserService----
2023-02-21 08:38:11,642 [29] DEBUG LTCPro.ServiceLayer.Log4net - ---Executing GetUserToken() in UserService----
2023-02-21 08:38:11,903 [16] DEBUG LTCPro.ServiceLayer.Log4net - ---Executing GetPatientType() in ResidentDemographicController----
2023-02-21 08:38:11,903 [16] DEBUG LTCPro.ServiceLayer.Log4net - ---Executing GetPatientType() in EmarService----
2023-02-21 08:38:11,903 [7] DEBUG LTCPro.ServiceLayer.Log4net - ---Executing GetDrFirstOrderCheck() in DrFirstIntegrationController----
2023-02-21 08:38:11,903 [7] DEBUG LTCPro.ServiceLayer.Log4net - ---Executing GetDrFirstOrderCheck() in DrFirstIntegrationService----
2023-02-21 08:38:12,137 [29] DEBUG LTCPro.ServiceLayer.Log4net - ---Executing GetOrderGridData() in OrdersController----
2023-02-21 08:38:12,137 [29] DEBUG LTCPro.ServiceLayer.Log4net - ---Executing GetOrderGridData() in OrdersService----
2023-02-21 08:38:12,138 [16] DEBUG LTCPro.ServiceLayer.Log4net - ---Executed Successfully GetPatientType() in ResidentDemographicController----
2023-02-21 08:38:12,376 [7] DEBUG LTCPro.ServiceLayer.Log4net - ---Executed Successfully GetDrFirstOrderCheck() in DrFirstIntegrationController----
2023-02-21 08:38:13,253 [29] DEBUG LTCPro.ServiceLayer.Log4net - ---Executed Successfully GetOrderGridData() in OrdersController----
2023-02-21 08:38:13,253 [24] DEBUG LTCPro.ServiceLayer.Log4net - ---Executing GetDiagnosisDetails() in OrdersController----
2023-02-21 08:38:13,253 [24] DEBUG LTCPro.ServiceLayer.Log4net - ---Executing GetDiagnosisDetails() in OrdersService----
2023-02-21 08:38:13,317 [23] DEBUG LTCPro.ServiceLayer.Log4net - ---Executing GetUserToken() in UserService----
2023-02-21 08:38:13,610 [23] DEBUG LTCPro.ServiceLayer.Log4net - ---Executing GetAllBarcodes() in StockEkitController----
2023-02-21 08:38:13,610 [23] DEBUG LTCPro.ServiceLayer.Log4net - ---Executing GetAllBarcodes() in StockEkitService----
2023-02-21 08:38:13,686 [25] DEBUG LTCPro.ServiceLayer.Log4net - ---Executing GetUserToken() in UserService----
2023-02-21 08:38:13,700 [29] DEBUG LTCPro.ServiceLayer.Log4net - ---Executing GetUserToken() in UserService----
2023-02-21 08:38:13,918 [25] DEBUG LTCPro.ServiceLayer.Log4net - ---Executing GetOrderGridData() in OrdersController----
2023-02-21 08:38:13,918 [25] DEBUG LTCPro.ServiceLayer.Log4net - ---Executing GetOrderGridData() in OrdersService----
2023-02-21 08:38:14,079 [24] DEBUG LTCPro.ServiceLayer.Log4net - ---Executed Successfully GetDiagnosisDetails() in OrdersController----
2023-02-21 08:38:14,987 [25] DEBUG LTCPro.ServiceLayer.Log4net - ---Executed Successfully GetOrderGridData() in OrdersController----
2023-02-21 08:38:15,379 [29] DEBUG LTCPro.ServiceLayer.Log4net - ---Executing GetOrdersData() in OrdersController----
2023-02-21 08:38:15,379 [29] DEBUG LTCPro.ServiceLayer.Log4net - ---Executing GetOrdersData() in OrdersService----
2023-02-21 08:38:16,248 [29] DEBUG LTCPro.ServiceLayer.Log4net - ---Executed Successfully GetOrdersData() in OrdersController----
2023-02-21 08:38:16,496 [7] DEBUG LTCPro.ServiceLayer.Log4net - ---Executing GetUserToken() in UserService----
2023-02-21 08:38:16,501 [25] DEBUG LTCPro.ServiceLayer.Log4net - ---Executing GetUserToken() in UserService----
2023-02-21 08:38:16,526 [27] DEBUG LTCPro.ServiceLayer.Log4net - ---Executing GetUserToken() in UserService----
2023-02-21 08:38:16,736 [25] DEBUG LTCPro.ServiceLayer.Log4net - ---Executing GetFavouritesMasterData() in OrdersController----
2023-02-21 08:38:16,736 [25] DEBUG LTCPro.ServiceLayer.Log4net - ---Executing GetFavouritesMasterData() in OrdersService----
2023-02-21 08:38:16,737 [7] DEBUG LTCPro.ServiceLayer.Log4net - ---Executing GetOrderStockDetails() in OrdersController----
2023-02-21 08:38:16,737 [7] DEBUG LTCPro.ServiceLayer.Log4net - ---Executing GetOrderStockDetails() in OrdersService----
2023-02-21 08:38:16,811 [24] DEBUG LTCPro.ServiceLayer.Log4net - ---Executing GetUserToken() in UserService----
2023-02-21 08:38:16,965 [27] DEBUG LTCPro.ServiceLayer.Log4net - ---Executing GetPhysicianDropData() in OrdersController----
2023-02-21 08:38:16,965 [27] DEBUG LTCPro.ServiceLayer.Log4net - ---Executing GetPhysicianDropData() in OrdersService----
2023-02-21 08:38:16,978 [25] DEBUG LTCPro.ServiceLayer.Log4net - ---Executed Successfully GetFavouritesMasterData() in OrdersController----
2023-02-21 08:38:16,981 [7] DEBUG LTCPro.ServiceLayer.Log4net - ---Executed Successfully GetOrderStockDetails() in OrdersController----
2023-02-21 08:38:18,794 [24] DEBUG LTCPro.ServiceLayer.Log4net - ---Executing GetNurseNotes() in OrdersController----
2023-02-21 08:38:18,794 [24] DEBUG LTCPro.ServiceLayer.Log4net - ---Executing GetNurseNotes() in OrdersService----
2023-02-21 08:38:19,261 [27] DEBUG LTCPro.ServiceLayer.Log4net - ---Executed Successfully GetPhysicianDropData() in OrdersController----
2023-02-21 08:38:20,209 [24] DEBUG LTCPro.ServiceLayer.Log4net - ---Executed Successfully GetNurseNotes() in OrdersController----
2023-02-21 08:38:29,426 [16] DEBUG LTCPro.ServiceLayer.Log4net - ---Executing GetUserToken() in UserService----
2023-02-21 08:38:29,431 [25] DEBUG LTCPro.ServiceLayer.Log4net - ---Executing GetUserToken() in UserService----
2023-02-21 08:38:29,632 [29] DEBUG LTCPro.ServiceLayer.Log4net - ---Executing GetUserToken() in UserService----
2023-02-21 08:38:29,665 [25] DEBUG LTCPro.ServiceLayer.Log4net - ---Executing GetUserRecentFacNs() in UserController----
2023-02-21 08:38:29,665 [25] DEBUG LTCPro.ServiceLayer.Log4net - ---Executing GetUserRecentFacNs() in UserService----
2023-02-21 08:38:29,665 [16] DEBUG LTCPro.ServiceLayer.Log4net - ---Executing InsertUserActivityDetails() in CompanyController----
2023-02-21 08:38:29,665 [16] DEBUG LTCPro.ServiceLayer.Log4net - ---Executing InsertUserActivityDetails() in UserActivityService----
2023-02-21 08:38:29,867 [29] DEBUG LTCPro.ServiceLayer.Log4net - ---Executing OrderEndingSoonStatus() in OrdersController----
2023-02-21 08:38:29,867 [29] DEBUG LTCPro.ServiceLayer.Log4net - ---Executing OrderEndingSoonStatus() in OrdersService----
2023-02-21 08:38:30,140 [25] DEBUG LTCPro.ServiceLayer.Log4net - ---Executed Successfully GetUserRecentFacNs() in UserController----
2023-02-21 08:38:30,170 [24] DEBUG LTCPro.ServiceLayer.Log4net - ---Executing GetUserToken() in UserService----
2023-02-21 08:38:30,205 [29] DEBUG LTCPro.ServiceLayer.Log4net - ---Executed Successfully OrderEndingSoonStatus() in OrdersController----
2023-02-21 08:38:30,365 [16] DEBUG LTCPro.ServiceLayer.Log4net - ---Executed Successfully InsertUserActivityDetails() in CompanyController----
2023-02-21 08:38:30,404 [24] DEBUG LTCPro.ServiceLayer.Log4net - ---Executing GetUserAccessFacilityNurseStaions() in FacilityController----
2023-02-21 08:38:30,404 [24] DEBUG LTCPro.ServiceLayer.Log4net - ---Executing GetUserAccessFacilityNurseStaions() in FacilityService----
2023-02-21 08:38:30,873 [24] DEBUG LTCPro.ServiceLayer.Log4net - ---Executed Successfully GetUserAccessFacilityNurseStaions() in FacilityController----
2023-02-21 08:38:30,922 [24] DEBUG LTCPro.ServiceLayer.Log4net - ---Executing GetUserToken() in UserService----
2023-02-21 08:38:31,165 [24] DEBUG LTCPro.ServiceLayer.Log4net - ---Executing UserNurseStationDrop() in FacilityController----
2023-02-21 08:38:31,165 [24] DEBUG LTCPro.ServiceLayer.Log4net - ---Executing UserNurseStationDrop() in FacilityService----
2023-02-21 08:38:31,401 [24] DEBUG LTCPro.ServiceLayer.Log4net - ---Executed Successfully UserNurseStationDrop() in FacilityController----
2023-02-21 08:38:31,479 [29] DEBUG LTCPro.ServiceLayer.Log4net - ---Executing GetUserToken() in UserService----
2023-02-21 08:38:31,485 [7] DEBUG LTCPro.ServiceLayer.Log4net - ---Executing GetUserToken() in UserService----
2023-02-21 08:38:31,674 [24] DEBUG LTCPro.ServiceLayer.Log4net - ---Executing GetUserToken() in UserService----
2023-02-21 08:38:31,699 [16] DEBUG LTCPro.ServiceLayer.Log4net - ---Executing GetUserToken() in UserService----
2023-02-21 08:38:31,721 [7] DEBUG LTCPro.ServiceLayer.Log4net - ---Executing GetSeventyTwoHourDetailsByfilter() in EMARController----
2023-02-21 08:38:31,721 [7] DEBUG LTCPro.ServiceLayer.Log4net - ---Executing GetSeventyTwoHourDetailsByfilter() in EmarService----
2023-02-21 08:38:31,721 [29] DEBUG LTCPro.ServiceLayer.Log4net - ---Executing GetPRNDetailsByfilter() in EMARController----
2023-02-21 08:38:31,722 [29] DEBUG LTCPro.ServiceLayer.Log4net - ---Executing GetPRNDetailsByfilter() in EmarService----
2023-02-21 08:38:31,907 [24] DEBUG LTCPro.ServiceLayer.Log4net - ---Executing GetOrdersGridData() in OrdersController----
2023-02-21 08:38:31,907 [24] DEBUG LTCPro.ServiceLayer.Log4net - ---Executing GetOrdersGridData() in OrdersService----
2023-02-21 08:38:31,931 [16] DEBUG LTCPro.ServiceLayer.Log4net - ---Executing OrderEndingSoonStatus() in OrdersController----
2023-02-21 08:38:31,931 [16] DEBUG LTCPro.ServiceLayer.Log4net - ---Executing OrderEndingSoonStatus() in OrdersService----
2023-02-21 08:38:31,949 [31] DEBUG LTCPro.ServiceLayer.Log4net - ---Executed Successfully GetAllBarcodes() in StockEkitController----
2023-02-21 08:38:32,255 [16] DEBUG LTCPro.ServiceLayer.Log4net - ---Executed Successfully OrderEndingSoonStatus() in OrdersController----
2023-02-21 08:38:32,273 [16] DEBUG LTCPro.ServiceLayer.Log4net - ---Executing GetUserToken() in UserService----
2023-02-21 08:38:32,552 [16] DEBUG LTCPro.ServiceLayer.Log4net - ---Executing GetCompanyToBedFlagByFacId() in FacilityController----
2023-02-21 08:38:32,552 [16] DEBUG LTCPro.ServiceLayer.Log4net - ---Executing GetCompanyToBedFlagByFacId() in FacilityService----
2023-02-21 08:38:32,607 [31] DEBUG LTCPro.ServiceLayer.Log4net - ---Executing GetUserToken() in UserService----
2023-02-21 08:38:32,959 [31] DEBUG LTCPro.ServiceLayer.Log4net - ---Executing GetOrdersEndingSoon() in OrdersController----
2023-02-21 08:38:32,959 [31] DEBUG LTCPro.ServiceLayer.Log4net - ---Executing GetOrdersEndingSoon() in OrdersService----
2023-02-21 08:38:33,240 [16] DEBUG LTCPro.ServiceLayer.Log4net - ---Executed Successfully GetCompanyToBedFlagByFacId() in FacilityController----
2023-02-21 08:38:33,280 [27] DEBUG LTCPro.ServiceLayer.Log4net - ---Executing GetUserToken() in UserService----
2023-02-21 08:38:33,691 [27] DEBUG LTCPro.ServiceLayer.Log4net - ---Executing GetNurseStationHierarchyDetailsbyNsId() in CompanyController----
2023-02-21 08:38:33,691 [27] DEBUG LTCPro.ServiceLayer.Log4net - ---Executing GetNurseStationHierarchyDetailsbyNsId() in CompanyService----
2023-02-21 08:38:33,702 [31] DEBUG LTCPro.ServiceLayer.Log4net - ---Executed Successfully GetOrdersEndingSoon() in OrdersController----
2023-02-21 08:38:33,940 [27] DEBUG LTCPro.ServiceLayer.Log4net - ---Executed Successfully GetNurseStationHierarchyDetailsbyNsId() in CompanyController----
2023-02-21 08:38:33,946 [24] DEBUG LTCPro.ServiceLayer.Log4net - ---Executed Successfully GetOrdersGridData() in OrdersController----
2023-02-21 08:38:34,353 [31] DEBUG LTCPro.ServiceLayer.Log4net - ---Executing GetUserToken() in UserService----
2023-02-21 08:38:34,587 [31] DEBUG LTCPro.ServiceLayer.Log4net - ---Executing GetPendingOrdersGridData() in OrdersController----
2023-02-21 08:38:34,587 [31] DEBUG LTCPro.ServiceLayer.Log4net - ---Executing GetPendingOrdersGridData() in OrdersService----
2023-02-21 08:38:38,249 [31] DEBUG LTCPro.ServiceLayer.Log4net - ---Executed Successfully GetPendingOrdersGridData() in OrdersController----
2023-02-21 08:38:38,519 [31] DEBUG LTCPro.ServiceLayer.Log4net - ---Executing GetUserToken() in UserService----
2023-02-21 08:38:39,316 [31] DEBUG LTCPro.ServiceLayer.Log4net - ---Executing GetOrdersGridDataByPatientId() in OrdersController----
2023-02-21 08:38:39,316 [31] DEBUG LTCPro.ServiceLayer.Log4net - ---Executing GetOrdersGridDataByPatientId() in OrdersService----
2023-02-21 08:38:40,358 [23] DEBUG LTCPro.ServiceLayer.Log4net - ---Executed Successfully GetAllBarcodes() in StockEkitController----
2023-02-21 08:38:41,502 [31] DEBUG LTCPro.ServiceLayer.Log4net - ---Executed Successfully GetOrdersGridDataByPatientId() in OrdersController----
2023-02-21 08:38:43,808 [7] DEBUG LTCPro.ServiceLayer.Log4net - ---Executed Successfully GetSeventyTwoHourDetailsByfilter() in EMARController----
2023-02-21 08:38:44,702 [29] DEBUG LTCPro.ServiceLayer.Log4net - ---Executed Successfully GetPRNDetailsByfilter() in EMARController----
2023-02-21 08:38:45,930 [24] DEBUG LTCPro.ServiceLayer.Log4net - ---Executing GetUserToken() in UserService----
2023-02-21 08:38:46,097 [31] DEBUG LTCPro.ServiceLayer.Log4net - ---Executing GetUserToken() in UserService----
2023-02-21 08:38:46,164 [24] DEBUG LTCPro.ServiceLayer.Log4net - ---Executing GetFacilityNSResidentsDataByPId() in ResidentDemographicController----
2023-02-21 08:38:46,164 [24] DEBUG LTCPro.ServiceLayer.Log4net - ---Executing GetFacilityNSResidentsDataByPId() in ResidentDemographicService----
2023-02-21 08:38:46,332 [31] DEBUG LTCPro.ServiceLayer.Log4net - ---Executing GetNurseNotes() in OrdersController----
2023-02-21 08:38:46,332 [31] DEBUG LTCPro.ServiceLayer.Log4net - ---Executing GetNurseNotes() in OrdersService----
2023-02-21 08:38:47,532 [31] DEBUG LTCPro.ServiceLayer.Log4net - ---Executed Successfully GetNurseNotes() in OrdersController----
2023-02-21 08:38:47,571 [24] DEBUG LTCPro.ServiceLayer.Log4net - ---Executed Successfully GetFacilityNSResidentsDataByPId() in ResidentDemographicController----
2023-02-21 08:38:47,649 [24] DEBUG LTCPro.ServiceLayer.Log4net - ---Executing GetUserToken() in UserService----
2023-02-21 08:38:47,658 [29] DEBUG LTCPro.ServiceLayer.Log4net - ---Executing GetUserToken() in UserService----
2023-02-21 08:38:47,698 [23] DEBUG LTCPro.ServiceLayer.Log4net - ---Executing GetUserToken() in UserService----
2023-02-21 08:38:47,866 [31] DEBUG LTCPro.ServiceLayer.Log4net - ---Executing GetUserToken() in UserService----
2023-02-21 08:38:47,873 [7] DEBUG LTCPro.ServiceLayer.Log4net - ---Executing GetUserToken() in UserService----
2023-02-21 08:38:47,892 [24] DEBUG LTCPro.ServiceLayer.Log4net - ---Executing GetAllBarcodes() in StockEkitController----
2023-02-21 08:38:47,892 [24] DEBUG LTCPro.ServiceLayer.Log4net - ---Executing GetAllBarcodes() in StockEkitService----
2023-02-21 08:38:47,892 [29] DEBUG LTCPro.ServiceLayer.Log4net - ---Executing GetDrFirstFlagForCompanyByNSId() in CompanyController----
2023-02-21 08:38:47,892 [29] DEBUG LTCPro.ServiceLayer.Log4net - ---Executing GetDrFirstFlagForCompanyByNSId() in CompanyService----
2023-02-21 08:38:47,933 [23] DEBUG LTCPro.ServiceLayer.Log4net - ---Executing GetResidentInformation() in ResidentDemographicController----
2023-02-21 08:38:47,933 [23] DEBUG LTCPro.ServiceLayer.Log4net - ---Executing GetResidentInformation() in ResidentDemographicService----
2023-02-21 08:38:48,099 [31] DEBUG LTCPro.ServiceLayer.Log4net - ---Executing GetPhysicianDropData() in OrdersController----
2023-02-21 08:38:48,099 [31] DEBUG LTCPro.ServiceLayer.Log4net - ---Executing GetPhysicianDropData() in OrdersService----
2023-02-21 08:38:48,106 [7] DEBUG LTCPro.ServiceLayer.Log4net - ---Executing GetOrderRoutes() in OrdersController----
2023-02-21 08:38:48,106 [7] DEBUG LTCPro.ServiceLayer.Log4net - ---Executing GetOrderRoutes() in OrdersService----
2023-02-21 08:38:48,132 [29] DEBUG LTCPro.ServiceLayer.Log4net - ---Executed Successfully GetDrFirstFlagForCompanyByNSId() in CompanyController----
2023-02-21 08:38:48,339 [7] DEBUG LTCPro.ServiceLayer.Log4net - ---Executed Successfully GetOrderRoutes() in OrdersController----
2023-02-21 08:38:49,286 [31] DEBUG LTCPro.ServiceLayer.Log4net - ---Executed Successfully GetPhysicianDropData() in OrdersController----
2023-02-21 08:38:51,707 [23] DEBUG LTCPro.ServiceLayer.Log4net - ---Executed Successfully GetResidentInformation() in ResidentDemographicController----
2023-02-21 08:38:51,776 [23] DEBUG LTCPro.ServiceLayer.Log4net - ---Executing GetUserToken() in UserService----
2023-02-21 08:38:51,781 [29] DEBUG LTCPro.ServiceLayer.Log4net - ---Executing GetUserToken() in UserService----
2023-02-21 08:38:52,016 [29] DEBUG LTCPro.ServiceLayer.Log4net - ---Executing GetDrFirstOrderCheck() in DrFirstIntegrationController----
2023-02-21 08:38:52,016 [29] DEBUG LTCPro.ServiceLayer.Log4net - ---Executing GetDrFirstOrderCheck() in DrFirstIntegrationService----
2023-02-21 08:38:52,017 [23] DEBUG LTCPro.ServiceLayer.Log4net - ---Executing GetPatientType() in ResidentDemographicController----
2023-02-21 08:38:52,017 [23] DEBUG LTCPro.ServiceLayer.Log4net - ---Executing GetPatientType() in EmarService----
2023-02-21 08:38:52,025 [16] DEBUG LTCPro.ServiceLayer.Log4net - ---Executing GetUserToken() in UserService----
2023-02-21 08:38:52,029 [31] DEBUG LTCPro.ServiceLayer.Log4net - ---Executing GetUserToken() in UserService----
2023-02-21 08:38:52,250 [29] DEBUG LTCPro.ServiceLayer.Log4net - ---Executed Successfully GetDrFirstOrderCheck() in DrFirstIntegrationController----
2023-02-21 08:38:52,250 [23] DEBUG LTCPro.ServiceLayer.Log4net - ---Executed Successfully GetPatientType() in ResidentDemographicController----
2023-02-21 08:38:52,257 [16] DEBUG LTCPro.ServiceLayer.Log4net - ---Executing GetDiagnosisDetails() in OrdersController----
2023-02-21 08:38:52,257 [16] DEBUG LTCPro.ServiceLayer.Log4net - ---Executing GetDiagnosisDetails() in OrdersService----
2023-02-21 08:38:52,261 [31] DEBUG LTCPro.ServiceLayer.Log4net - ---Executing GetOrderGridData() in OrdersController----
2023-02-21 08:38:52,261 [31] DEBUG LTCPro.ServiceLayer.Log4net - ---Executing GetOrderGridData() in OrdersService----
2023-02-21 08:38:52,528 [31] DEBUG LTCPro.ServiceLayer.Log4net - ---Executed Successfully GetOrderGridData() in OrdersController----
2023-02-21 08:38:52,576 [7] DEBUG LTCPro.ServiceLayer.Log4net - ---Executing GetUserToken() in UserService----
2023-02-21 08:38:52,776 [29] DEBUG LTCPro.ServiceLayer.Log4net - ---Executing GetUserToken() in UserService----
2023-02-21 08:38:52,776 [23] DEBUG LTCPro.ServiceLayer.Log4net - ---Executing GetUserToken() in UserService----
2023-02-21 08:38:52,810 [7] DEBUG LTCPro.ServiceLayer.Log4net - ---Executing GetAllBarcodes() in StockEkitController----
2023-02-21 08:38:52,810 [7] DEBUG LTCPro.ServiceLayer.Log4net - ---Executing GetAllBarcodes() in StockEkitService----
2023-02-21 08:38:52,954 [16] DEBUG LTCPro.ServiceLayer.Log4net - ---Executed Successfully GetDiagnosisDetails() in OrdersController----
2023-02-21 08:38:53,011 [23] DEBUG LTCPro.ServiceLayer.Log4net - ---Executing GetOrderGridData() in OrdersController----
2023-02-21 08:38:53,011 [23] DEBUG LTCPro.ServiceLayer.Log4net - ---Executing GetOrderGridData() in OrdersService----
2023-02-21 08:38:53,011 [29] DEBUG LTCPro.ServiceLayer.Log4net - ---Executing GetOrdersData() in OrdersController----
2023-02-21 08:38:53,011 [29] DEBUG LTCPro.ServiceLayer.Log4net - ---Executing GetOrdersData() in OrdersService----
2023-02-21 08:38:53,297 [23] DEBUG LTCPro.ServiceLayer.Log4net - ---Executed Successfully GetOrderGridData() in OrdersController----
2023-02-21 08:38:55,841 [29] DEBUG LTCPro.ServiceLayer.Log4net - ---Executed Successfully GetOrdersData() in OrdersController----
2023-02-21 08:38:56,229 [28] DEBUG LTCPro.ServiceLayer.Log4net - ---Executing GetUserToken() in UserService----
2023-02-21 08:38:56,249 [31] DEBUG LTCPro.ServiceLayer.Log4net - ---Executing GetUserToken() in UserService----
2023-02-21 08:38:56,258 [25] DEBUG LTCPro.ServiceLayer.Log4net - ---Executing GetUserToken() in UserService----
2023-02-21 08:38:56,325 [23] DEBUG LTCPro.ServiceLayer.Log4net - ---Executing GetUserToken() in UserService----
2023-02-21 08:38:56,510 [28] DEBUG LTCPro.ServiceLayer.Log4net - ---Executing GetPhysicianDropData() in OrdersController----
2023-02-21 08:38:56,510 [28] DEBUG LTCPro.ServiceLayer.Log4net - ---Executing GetPhysicianDropData() in OrdersService----
2023-02-21 08:38:56,512 [31] DEBUG LTCPro.ServiceLayer.Log4net - ---Executing GetOrderStockDetails() in OrdersController----
2023-02-21 08:38:56,512 [31] DEBUG LTCPro.ServiceLayer.Log4net - ---Executing GetOrderStockDetails() in OrdersService----
2023-02-21 08:38:56,512 [25] DEBUG LTCPro.ServiceLayer.Log4net - ---Executing GetFavouritesMasterData() in OrdersController----
2023-02-21 08:38:56,512 [25] DEBUG LTCPro.ServiceLayer.Log4net - ---Executing GetFavouritesMasterData() in OrdersService----
2023-02-21 08:38:56,559 [23] DEBUG LTCPro.ServiceLayer.Log4net - ---Executing GetNurseNotes() in OrdersController----
2023-02-21 08:38:56,559 [23] DEBUG LTCPro.ServiceLayer.Log4net - ---Executing GetNurseNotes() in OrdersService----
2023-02-21 08:38:56,771 [25] DEBUG LTCPro.ServiceLayer.Log4net - ---Executed Successfully GetFavouritesMasterData() in OrdersController----
2023-02-21 08:38:56,774 [31] DEBUG LTCPro.ServiceLayer.Log4net - ---Executed Successfully GetOrderStockDetails() in OrdersController----
2023-02-21 08:38:57,718 [28] DEBUG LTCPro.ServiceLayer.Log4net - ---Executed Successfully GetPhysicianDropData() in OrdersController----
2023-02-21 08:38:57,760 [23] DEBUG LTCPro.ServiceLayer.Log4net - ---Executed Successfully GetNurseNotes() in OrdersController----
2023-02-21 08:39:09,239 [24] DEBUG LTCPro.ServiceLayer.Log4net - ---Executed Successfully GetAllBarcodes() in StockEkitController----
2023-02-21 08:39:15,664 [7] DEBUG LTCPro.ServiceLayer.Log4net - ---Executed Successfully GetAllBarcodes() in StockEkitController----
2023-02-21 08:39:47,643 [31] DEBUG LTCPro.ServiceLayer.Log4net - ---Executing GetUserToken() in UserService----
2023-02-21 08:39:47,877 [31] DEBUG LTCPro.ServiceLayer.Log4net - ---Executing GetOrdersData() in OrdersController----
2023-02-21 08:39:47,877 [31] DEBUG LTCPro.ServiceLayer.Log4net - ---Executing GetOrdersData() in OrdersService----
2023-02-21 08:39:50,570 [31] DEBUG LTCPro.ServiceLayer.Log4net - ---Executed Successfully GetOrdersData() in OrdersController----
2023-02-21 08:39:50,972 [7] DEBUG LTCPro.ServiceLayer.Log4net - ---Executing GetUserToken() in UserService----
2023-02-21 08:39:50,983 [23] DEBUG LTCPro.ServiceLayer.Log4net - ---Executing GetUserToken() in UserService----
2023-02-21 08:39:50,991 [29] DEBUG LTCPro.ServiceLayer.Log4net - ---Executing GetUserToken() in UserService----
2023-02-21 08:39:51,136 [24] DEBUG LTCPro.ServiceLayer.Log4net - ---Executing GetUserToken() in UserService----
2023-02-21 08:39:51,222 [23] DEBUG LTCPro.ServiceLayer.Log4net - ---Executing GetPhysicianDropData() in OrdersController----
2023-02-21 08:39:51,222 [23] DEBUG LTCPro.ServiceLayer.Log4net - ---Executing GetPhysicianDropData() in OrdersService----
2023-02-21 08:39:51,222 [7] DEBUG LTCPro.ServiceLayer.Log4net - ---Executing GetOrderStockDetails() in OrdersController----
2023-02-21 08:39:51,222 [7] DEBUG LTCPro.ServiceLayer.Log4net - ---Executing GetOrderStockDetails() in OrdersService----
2023-02-21 08:39:51,224 [29] DEBUG LTCPro.ServiceLayer.Log4net - ---Executing GetFavouritesMasterData() in OrdersController----
2023-02-21 08:39:51,224 [29] DEBUG LTCPro.ServiceLayer.Log4net - ---Executing GetFavouritesMasterData() in OrdersService----
2023-02-21 08:39:51,372 [24] DEBUG LTCPro.ServiceLayer.Log4net - ---Executing GetNurseNotes() in OrdersController----
2023-02-21 08:39:51,372 [24] DEBUG LTCPro.ServiceLayer.Log4net - ---Executing GetNurseNotes() in OrdersService----
2023-02-21 08:39:51,462 [29] DEBUG LTCPro.ServiceLayer.Log4net - ---Executed Successfully GetFavouritesMasterData() in OrdersController----
2023-02-21 08:39:51,472 [7] DEBUG LTCPro.ServiceLayer.Log4net - ---Executed Successfully GetOrderStockDetails() in OrdersController----
2023-02-21 08:39:52,407 [23] DEBUG LTCPro.ServiceLayer.Log4net - ---Executed Successfully GetPhysicianDropData() in OrdersController----
2023-02-21 08:39:52,581 [24] DEBUG LTCPro.ServiceLayer.Log4net - ---Executed Successfully GetNurseNotes() in OrdersController----
2023-02-21 08:40:06,337 [16] DEBUG LTCPro.ServiceLayer.Log4net - ---Executing GetUserToken() in UserService----
2023-02-21 08:40:06,575 [16] DEBUG LTCPro.ServiceLayer.Log4net - ---Executing GetOrdersData() in OrdersController----
2023-02-21 08:40:06,575 [16] DEBUG LTCPro.ServiceLayer.Log4net - ---Executing GetOrdersData() in OrdersService----
2023-02-21 08:40:07,562 [16] DEBUG LTCPro.ServiceLayer.Log4net - ---Executed Successfully GetOrdersData() in OrdersController----
2023-02-21 08:40:07,959 [23] DEBUG LTCPro.ServiceLayer.Log4net - ---Executing GetUserToken() in UserService----
2023-02-21 08:40:07,965 [16] DEBUG LTCPro.ServiceLayer.Log4net - ---Executing GetUserToken() in UserService----
2023-02-21 08:40:07,977 [24] DEBUG LTCPro.ServiceLayer.Log4net - ---Executing GetUserToken() in UserService----
2023-02-21 08:40:07,997 [7] DEBUG LTCPro.ServiceLayer.Log4net - ---Executing GetUserToken() in UserService----
2023-02-21 08:40:08,212 [23] DEBUG LTCPro.ServiceLayer.Log4net - ---Executing GetFavouritesMasterData() in OrdersController----
2023-02-21 08:40:08,212 [23] DEBUG LTCPro.ServiceLayer.Log4net - ---Executing GetFavouritesMasterData() in OrdersService----
2023-02-21 08:40:08,214 [16] DEBUG LTCPro.ServiceLayer.Log4net - ---Executing GetNurseNotes() in OrdersController----
2023-02-21 08:40:08,214 [16] DEBUG LTCPro.ServiceLayer.Log4net - ---Executing GetNurseNotes() in OrdersService----
2023-02-21 08:40:08,214 [24] DEBUG LTCPro.ServiceLayer.Log4net - ---Executing GetOrderStockDetails() in OrdersController----
2023-02-21 08:40:08,214 [24] DEBUG LTCPro.ServiceLayer.Log4net - ---Executing GetOrderStockDetails() in OrdersService----
2023-02-21 08:40:08,230 [7] DEBUG LTCPro.ServiceLayer.Log4net - ---Executing GetPhysicianDropData() in OrdersController----
2023-02-21 08:40:08,230 [7] DEBUG LTCPro.ServiceLayer.Log4net - ---Executing GetPhysicianDropData() in OrdersService----
2023-02-21 08:40:08,453 [23] DEBUG LTCPro.ServiceLayer.Log4net - ---Executed Successfully GetFavouritesMasterData() in OrdersController----
2023-02-21 08:40:08,455 [24] DEBUG LTCPro.ServiceLayer.Log4net - ---Executed Successfully GetOrderStockDetails() in OrdersController----
2023-02-21 08:40:09,412 [7] DEBUG LTCPro.ServiceLayer.Log4net - ---Executed Successfully GetPhysicianDropData() in OrdersController----
2023-02-21 08:40:09,420 [16] DEBUG LTCPro.ServiceLayer.Log4net - ---Executed Successfully GetNurseNotes() in OrdersController----
2023-02-21 08:40:12,065 [31] DEBUG LTCPro.ServiceLayer.Log4net - ---Executing GetUserToken() in UserService----
2023-02-21 08:40:12,299 [31] DEBUG LTCPro.ServiceLayer.Log4net - ---Executing GetOrdersData() in OrdersController----
2023-02-21 08:40:12,299 [31] DEBUG LTCPro.ServiceLayer.Log4net - ---Executing GetOrdersData() in OrdersService----
2023-02-21 08:40:13,145 [31] DEBUG LTCPro.ServiceLayer.Log4net - ---Executed Successfully GetOrdersData() in OrdersController----
2023-02-21 08:40:13,408 [7] DEBUG LTCPro.ServiceLayer.Log4net - ---Executing GetUserToken() in UserService----
2023-02-21 08:40:13,507 [16] DEBUG LTCPro.ServiceLayer.Log4net - ---Executing GetUserToken() in UserService----
2023-02-21 08:40:13,511 [23] DEBUG LTCPro.ServiceLayer.Log4net - ---Executing GetUserToken() in UserService----
2023-02-21 08:40:13,648 [7] DEBUG LTCPro.ServiceLayer.Log4net - ---Executing GetPhysicianDropData() in OrdersController----
2023-02-21 08:40:13,648 [7] DEBUG LTCPro.ServiceLayer.Log4net - ---Executing GetPhysicianDropData() in OrdersService----
2023-02-21 08:40:13,713 [29] DEBUG LTCPro.ServiceLayer.Log4net - ---Executing GetUserToken() in UserService----
2023-02-21 08:40:13,740 [16] DEBUG LTCPro.ServiceLayer.Log4net - ---Executing GetOrderStockDetails() in OrdersController----
2023-02-21 08:40:13,740 [16] DEBUG LTCPro.ServiceLayer.Log4net - ---Executing GetOrderStockDetails() in OrdersService----
2023-02-21 08:40:13,742 [23] DEBUG LTCPro.ServiceLayer.Log4net - ---Executing GetNurseNotes() in OrdersController----
2023-02-21 08:40:13,743 [23] DEBUG LTCPro.ServiceLayer.Log4net - ---Executing GetNurseNotes() in OrdersService----
2023-02-21 08:40:13,946 [29] DEBUG LTCPro.ServiceLayer.Log4net - ---Executing GetFavouritesMasterData() in OrdersController----
2023-02-21 08:40:13,947 [29] DEBUG LTCPro.ServiceLayer.Log4net - ---Executing GetFavouritesMasterData() in OrdersService----
2023-02-21 08:40:14,011 [16] DEBUG LTCPro.ServiceLayer.Log4net - ---Executed Successfully GetOrderStockDetails() in OrdersController----
2023-02-21 08:40:14,182 [29] DEBUG LTCPro.ServiceLayer.Log4net - ---Executed Successfully GetFavouritesMasterData() in OrdersController----
2023-02-21 08:40:14,821 [7] DEBUG LTCPro.ServiceLayer.Log4net - ---Executed Successfully GetPhysicianDropData() in OrdersController----
2023-02-21 08:40:14,981 [23] DEBUG LTCPro.ServiceLayer.Log4net - ---Executed Successfully GetNurseNotes() in OrdersController----
2023-02-21 08:40:15,532 [29] DEBUG LTCPro.ServiceLayer.Log4net - ---Executing GetUserToken() in UserService----
2023-02-21 08:40:15,764 [29] DEBUG LTCPro.ServiceLayer.Log4net - ---Executing GetOrderGridData() in OrdersController----
2023-02-21 08:40:15,764 [29] DEBUG LTCPro.ServiceLayer.Log4net - ---Executing GetOrderGridData() in OrdersService----
2023-02-21 08:40:16,033 [29] DEBUG LTCPro.ServiceLayer.Log4net - ---Executed Successfully GetOrderGridData() in OrdersController----
2023-02-21 08:40:16,571 [29] DEBUG LTCPro.ServiceLayer.Log4net - ---Executing GetUserToken() in UserService----
2023-02-21 08:40:16,764 [31] DEBUG LTCPro.ServiceLayer.Log4net - ---Executing GetUserToken() in UserService----
2023-02-21 08:40:16,767 [7] DEBUG LTCPro.ServiceLayer.Log4net - ---Executing GetUserToken() in UserService----
2023-02-21 08:40:16,807 [29] DEBUG LTCPro.ServiceLayer.Log4net - ---Executing GetAllBarcodes() in StockEkitController----
2023-02-21 08:40:16,807 [29] DEBUG LTCPro.ServiceLayer.Log4net - ---Executing GetAllBarcodes() in StockEkitService----
2023-02-21 08:40:16,996 [31] DEBUG LTCPro.ServiceLayer.Log4net - ---Executing GetOrderGridData() in OrdersController----
2023-02-21 08:40:16,996 [31] DEBUG LTCPro.ServiceLayer.Log4net - ---Executing GetOrderGridData() in OrdersService----
2023-02-21 08:40:16,999 [7] DEBUG LTCPro.ServiceLayer.Log4net - ---Executing GetOrdersData() in OrdersController----
2023-02-21 08:40:16,999 [7] DEBUG LTCPro.ServiceLayer.Log4net - ---Executing GetOrdersData() in OrdersService----
2023-02-21 08:40:17,263 [31] DEBUG LTCPro.ServiceLayer.Log4net - ---Executed Successfully GetOrderGridData() in OrdersController----
2023-02-21 08:40:18,099 [7] DEBUG LTCPro.ServiceLayer.Log4net - ---Executed Successfully GetOrdersData() in OrdersController----
2023-02-21 08:40:18,486 [31] DEBUG LTCPro.ServiceLayer.Log4net - ---Executing GetUserToken() in UserService----
2023-02-21 08:40:18,498 [7] DEBUG LTCPro.ServiceLayer.Log4net - ---Executing GetUserToken() in UserService----
2023-02-21 08:40:18,517 [23] DEBUG LTCPro.ServiceLayer.Log4net - ---Executing GetUserToken() in UserService----
2023-02-21 08:40:18,522 [25] DEBUG LTCPro.ServiceLayer.Log4net - ---Executing GetUserToken() in UserService----
2023-02-21 08:40:18,754 [31] DEBUG LTCPro.ServiceLayer.Log4net - ---Executing GetNurseNotes() in OrdersController----
2023-02-21 08:40:18,754 [31] DEBUG LTCPro.ServiceLayer.Log4net - ---Executing GetNurseNotes() in OrdersService----
2023-02-21 08:40:18,757 [7] DEBUG LTCPro.ServiceLayer.Log4net - ---Executing GetOrderStockDetails() in OrdersController----
2023-02-21 08:40:18,757 [7] DEBUG LTCPro.ServiceLayer.Log4net - ---Executing GetOrderStockDetails() in OrdersService----
2023-02-21 08:40:18,758 [23] DEBUG LTCPro.ServiceLayer.Log4net - ---Executing GetPhysicianDropData() in OrdersController----
2023-02-21 08:40:18,758 [23] DEBUG LTCPro.ServiceLayer.Log4net - ---Executing GetPhysicianDropData() in OrdersService----
2023-02-21 08:40:18,759 [25] DEBUG LTCPro.ServiceLayer.Log4net - ---Executing GetFavouritesMasterData() in OrdersController----
2023-02-21 08:40:18,759 [25] DEBUG LTCPro.ServiceLayer.Log4net - ---Executing GetFavouritesMasterData() in OrdersService----
2023-02-21 08:40:18,997 [25] DEBUG LTCPro.ServiceLayer.Log4net - ---Executed Successfully GetFavouritesMasterData() in OrdersController----
2023-02-21 08:40:18,999 [7] DEBUG LTCPro.ServiceLayer.Log4net - ---Executed Successfully GetOrderStockDetails() in OrdersController----
2023-02-21 08:40:19,936 [23] DEBUG LTCPro.ServiceLayer.Log4net - ---Executed Successfully GetPhysicianDropData() in OrdersController----
2023-02-21 08:40:19,967 [31] DEBUG LTCPro.ServiceLayer.Log4net - ---Executed Successfully GetNurseNotes() in OrdersController----
2023-02-21 08:40:31,646 [17] DEBUG LTCPro.ServiceLayer.Log4net - ---Executing GetUserToken() in UserService----
2023-02-21 08:40:31,882 [17] DEBUG LTCPro.ServiceLayer.Log4net - ---Executing GetOrdersData() in OrdersController----
2023-02-21 08:40:31,882 [17] DEBUG LTCPro.ServiceLayer.Log4net - ---Executing GetOrdersData() in OrdersService----
2023-02-21 08:40:32,897 [17] DEBUG LTCPro.ServiceLayer.Log4net - ---Executed Successfully GetOrdersData() in OrdersController----
2023-02-21 08:40:33,270 [17] DEBUG LTCPro.ServiceLayer.Log4net - ---Executing GetUserToken() in UserService----
2023-02-21 08:40:33,271 [14] DEBUG LTCPro.ServiceLayer.Log4net - ---Executing GetUserToken() in UserService----
2023-02-21 08:40:33,275 [18] DEBUG LTCPro.ServiceLayer.Log4net - ---Executing GetUserToken() in UserService----
2023-02-21 08:40:33,531 [17] DEBUG LTCPro.ServiceLayer.Log4net - ---Executing GetPhysicianDropData() in OrdersController----
2023-02-21 08:40:33,531 [17] DEBUG LTCPro.ServiceLayer.Log4net - ---Executing GetPhysicianDropData() in OrdersService----
2023-02-21 08:40:33,532 [14] DEBUG LTCPro.ServiceLayer.Log4net - ---Executing GetFavouritesMasterData() in OrdersController----
2023-02-21 08:40:33,532 [14] DEBUG LTCPro.ServiceLayer.Log4net - ---Executing GetFavouritesMasterData() in OrdersService----
2023-02-21 08:40:33,532 [18] DEBUG LTCPro.ServiceLayer.Log4net - ---Executing GetOrderStockDetails() in OrdersController----
2023-02-21 08:40:33,532 [18] DEBUG LTCPro.ServiceLayer.Log4net - ---Executing GetOrderStockDetails() in OrdersService----
2023-02-21 08:40:33,770 [14] DEBUG LTCPro.ServiceLayer.Log4net - ---Executed Successfully GetFavouritesMasterData() in OrdersController----
2023-02-21 08:40:33,771 [18] DEBUG LTCPro.ServiceLayer.Log4net - ---Executed Successfully GetOrderStockDetails() in OrdersController----
2023-02-21 08:40:34,035 [18] DEBUG LTCPro.ServiceLayer.Log4net - ---Executing GetUserToken() in UserService----
2023-02-21 08:40:34,268 [18] DEBUG LTCPro.ServiceLayer.Log4net - ---Executing GetNurseNotes() in OrdersController----
2023-02-21 08:40:34,268 [18] DEBUG LTCPro.ServiceLayer.Log4net - ---Executing GetNurseNotes() in OrdersService----
2023-02-21 08:40:34,931 [17] DEBUG LTCPro.ServiceLayer.Log4net - ---Executed Successfully GetPhysicianDropData() in OrdersController----
2023-02-21 08:40:35,679 [18] DEBUG LTCPro.ServiceLayer.Log4net - ---Executed Successfully GetNurseNotes() in OrdersController----
2023-02-21 08:40:36,798 [29] DEBUG LTCPro.ServiceLayer.Log4net - ---Executed Successfully GetAllBarcodes() in StockEkitController----
2023-02-21 08:40:46,542 [18] DEBUG LTCPro.ServiceLayer.Log4net - ---Executing GetUserToken() in UserService----
2023-02-21 08:40:46,810 [18] DEBUG LTCPro.ServiceLayer.Log4net - ---Executing GetOrderGridData() in OrdersController----
2023-02-21 08:40:46,810 [18] DEBUG LTCPro.ServiceLayer.Log4net - ---Executing GetOrderGridData() in OrdersService----
2023-02-21 08:40:47,110 [18] DEBUG LTCPro.ServiceLayer.Log4net - ---Executed Successfully GetOrderGridData() in OrdersController----
2023-02-21 08:40:47,591 [29] DEBUG LTCPro.ServiceLayer.Log4net - ---Executing GetUserToken() in UserService----
2023-02-21 08:40:47,778 [17] DEBUG LTCPro.ServiceLayer.Log4net - ---Executing GetUserToken() in UserService----
2023-02-21 08:40:47,783 [18] DEBUG LTCPro.ServiceLayer.Log4net - ---Executing GetUserToken() in UserService----
2023-02-21 08:40:47,826 [29] DEBUG LTCPro.ServiceLayer.Log4net - ---Executing GetAllBarcodes() in StockEkitController----
2023-02-21 08:40:47,826 [29] DEBUG LTCPro.ServiceLayer.Log4net - ---Executing GetAllBarcodes() in StockEkitService----
2023-02-21 08:40:48,012 [17] DEBUG LTCPro.ServiceLayer.Log4net - ---Executing GetOrderGridData() in OrdersController----
2023-02-21 08:40:48,012 [17] DEBUG LTCPro.ServiceLayer.Log4net - ---Executing GetOrderGridData() in OrdersService----
2023-02-21 08:40:48,016 [18] DEBUG LTCPro.ServiceLayer.Log4net - ---Executing GetOrdersData() in OrdersController----
2023-02-21 08:40:48,016 [18] DEBUG LTCPro.ServiceLayer.Log4net - ---Executing GetOrdersData() in OrdersService----
2023-02-21 08:40:48,287 [17] DEBUG LTCPro.ServiceLayer.Log4net - ---Executed Successfully GetOrderGridData() in OrdersController----
2023-02-21 08:40:50,940 [14] DEBUG LTCPro.ServiceLayer.Log4net - ---Executing GetUserToken() in UserService----
2023-02-21 08:40:51,018 [18] DEBUG LTCPro.ServiceLayer.Log4net - ---Executed Successfully GetOrdersData() in OrdersController----
2023-02-21 08:40:51,174 [14] DEBUG LTCPro.ServiceLayer.Log4net - ---Executing GetOrdersData() in OrdersController----
2023-02-21 08:40:51,174 [14] DEBUG LTCPro.ServiceLayer.Log4net - ---Executing GetOrdersData() in OrdersService----
2023-02-21 08:40:51,965 [31] DEBUG LTCPro.ServiceLayer.Log4net - ---Executing GetUserToken() in UserService----
2023-02-21 08:40:51,973 [24] DEBUG LTCPro.ServiceLayer.Log4net - ---Executing GetUserToken() in UserService----
2023-02-21 08:40:51,975 [18] DEBUG LTCPro.ServiceLayer.Log4net - ---Executing GetUserToken() in UserService----
2023-02-21 08:40:52,231 [28] DEBUG LTCPro.ServiceLayer.Log4net - ---Executing GetUserToken() in UserService----
2023-02-21 08:40:52,299 [31] DEBUG LTCPro.ServiceLayer.Log4net - ---Executing GetOrderStockDetails() in OrdersController----
2023-02-21 08:40:52,299 [31] DEBUG LTCPro.ServiceLayer.Log4net - ---Executing GetOrderStockDetails() in OrdersService----
2023-02-21 08:40:52,305 [24] DEBUG LTCPro.ServiceLayer.Log4net - ---Executing GetPhysicianDropData() in OrdersController----
2023-02-21 08:40:52,305 [24] DEBUG LTCPro.ServiceLayer.Log4net - ---Executing GetPhysicianDropData() in OrdersService----
2023-02-21 08:40:52,308 [18] DEBUG LTCPro.ServiceLayer.Log4net - ---Executing GetFavouritesMasterData() in OrdersController----
2023-02-21 08:40:52,308 [18] DEBUG LTCPro.ServiceLayer.Log4net - ---Executing GetFavouritesMasterData() in OrdersService----
2023-02-21 08:40:52,570 [28] DEBUG LTCPro.ServiceLayer.Log4net - ---Executing GetNurseNotes() in OrdersController----
2023-02-21 08:40:52,570 [28] DEBUG LTCPro.ServiceLayer.Log4net - ---Executing GetNurseNotes() in OrdersService----
2023-02-21 08:40:52,571 [31] DEBUG LTCPro.ServiceLayer.Log4net - ---Executed Successfully GetOrderStockDetails() in OrdersController----
2023-02-21 08:40:52,607 [18] DEBUG LTCPro.ServiceLayer.Log4net - ---Executed Successfully GetFavouritesMasterData() in OrdersController----
2023-02-21 08:40:53,746 [24] DEBUG LTCPro.ServiceLayer.Log4net - ---Executed Successfully GetPhysicianDropData() in OrdersController----
2023-02-21 08:40:54,043 [14] DEBUG LTCPro.ServiceLayer.Log4net - ---Executed Successfully GetOrdersData() in OrdersController----
2023-02-21 08:40:54,472 [27] DEBUG LTCPro.ServiceLayer.Log4net - ---Executing GetUserToken() in UserService----
2023-02-21 08:40:54,484 [30] DEBUG LTCPro.ServiceLayer.Log4net - ---Executing GetUserToken() in UserService----
2023-02-21 08:40:54,485 [28] DEBUG LTCPro.ServiceLayer.Log4net - ---Executed Successfully GetNurseNotes() in OrdersController----
2023-02-21 08:40:54,486 [31] DEBUG LTCPro.ServiceLayer.Log4net - ---Executing GetUserToken() in UserService----
2023-02-21 08:40:54,649 [24] DEBUG LTCPro.ServiceLayer.Log4net - ---Executing GetUserToken() in UserService----
2023-02-21 08:40:54,711 [27] DEBUG LTCPro.ServiceLayer.Log4net - ---Executing GetNurseNotes() in OrdersController----
2023-02-21 08:40:54,711 [27] DEBUG LTCPro.ServiceLayer.Log4net - ---Executing GetNurseNotes() in OrdersService----
2023-02-21 08:40:54,719 [30] DEBUG LTCPro.ServiceLayer.Log4net - ---Executing GetOrderStockDetails() in OrdersController----
2023-02-21 08:40:54,750 [30] DEBUG LTCPro.ServiceLayer.Log4net - ---Executing GetOrderStockDetails() in OrdersService----
2023-02-21 08:40:54,751 [31] DEBUG LTCPro.ServiceLayer.Log4net - ---Executing GetFavouritesMasterData() in OrdersController----
2023-02-21 08:40:54,751 [31] DEBUG LTCPro.ServiceLayer.Log4net - ---Executing GetFavouritesMasterData() in OrdersService----
2023-02-21 08:40:54,888 [24] DEBUG LTCPro.ServiceLayer.Log4net - ---Executing GetPhysicianDropData() in OrdersController----
2023-02-21 08:40:54,888 [24] DEBUG LTCPro.ServiceLayer.Log4net - ---Executing GetPhysicianDropData() in OrdersService----
2023-02-21 08:40:54,989 [30] DEBUG LTCPro.ServiceLayer.Log4net - ---Executed Successfully GetOrderStockDetails() in OrdersController----
2023-02-21 08:40:54,992 [31] DEBUG LTCPro.ServiceLayer.Log4net - ---Executed Successfully GetFavouritesMasterData() in OrdersController----
2023-02-21 08:40:56,099 [27] DEBUG LTCPro.ServiceLayer.Log4net - ---Executed Successfully GetNurseNotes() in OrdersController----
2023-02-21 08:40:56,282 [24] DEBUG LTCPro.ServiceLayer.Log4net - ---Executed Successfully GetPhysicianDropData() in OrdersController----
2023-02-21 08:41:00,757 [24] DEBUG LTCPro.ServiceLayer.Log4net - ---Executing GetUserToken() in UserService----
2023-02-21 08:41:00,990 [24] DEBUG LTCPro.ServiceLayer.Log4net - ---Executing GetOrderGridData() in OrdersController----
2023-02-21 08:41:00,990 [24] DEBUG LTCPro.ServiceLayer.Log4net - ---Executing GetOrderGridData() in OrdersService----
2023-02-21 08:41:01,263 [24] DEBUG LTCPro.ServiceLayer.Log4net - ---Executed Successfully GetOrderGridData() in OrdersController----
2023-02-21 08:41:01,700 [14] DEBUG LTCPro.ServiceLayer.Log4net - ---Executing GetUserToken() in UserService----
2023-02-21 08:41:01,897 [24] DEBUG LTCPro.ServiceLayer.Log4net - ---Executing GetUserToken() in UserService----
2023-02-21 08:41:01,901 [31] DEBUG LTCPro.ServiceLayer.Log4net - ---Executing GetUserToken() in UserService----
2023-02-21 08:41:01,946 [14] DEBUG LTCPro.ServiceLayer.Log4net - ---Executing GetAllBarcodes() in StockEkitController----
2023-02-21 08:41:01,946 [14] DEBUG LTCPro.ServiceLayer.Log4net - ---Executing GetAllBarcodes() in StockEkitService----
2023-02-21 08:41:02,134 [24] DEBUG LTCPro.ServiceLayer.Log4net - ---Executing GetOrderGridData() in OrdersController----
2023-02-21 08:41:02,134 [24] DEBUG LTCPro.ServiceLayer.Log4net - ---Executing GetOrderGridData() in OrdersService----
2023-02-21 08:41:02,136 [31] DEBUG LTCPro.ServiceLayer.Log4net - ---Executing GetOrdersData() in OrdersController----
2023-02-21 08:41:02,136 [31] DEBUG LTCPro.ServiceLayer.Log4net - ---Executing GetOrdersData() in OrdersService----
2023-02-21 08:41:02,406 [24] DEBUG LTCPro.ServiceLayer.Log4net - ---Executed Successfully GetOrderGridData() in OrdersController----
2023-02-21 08:41:03,233 [31] DEBUG LTCPro.ServiceLayer.Log4net - ---Executed Successfully GetOrdersData() in OrdersController----
2023-02-21 08:41:03,536 [17] DEBUG LTCPro.ServiceLayer.Log4net - ---Executing GetUserToken() in UserService----
2023-02-21 08:41:03,539 [24] DEBUG LTCPro.ServiceLayer.Log4net - ---Executing GetUserToken() in UserService----
2023-02-21 08:41:03,545 [31] DEBUG LTCPro.ServiceLayer.Log4net - ---Executing GetUserToken() in UserService----
2023-02-21 08:41:03,741 [27] DEBUG LTCPro.ServiceLayer.Log4net - ---Executing GetUserToken() in UserService----
2023-02-21 08:41:03,781 [17] DEBUG LTCPro.ServiceLayer.Log4net - ---Executing GetFavouritesMasterData() in OrdersController----
2023-02-21 08:41:03,781 [17] DEBUG LTCPro.ServiceLayer.Log4net - ---Executing GetFavouritesMasterData() in OrdersService----
2023-02-21 08:41:03,787 [24] DEBUG LTCPro.ServiceLayer.Log4net - ---Executing GetOrderStockDetails() in OrdersController----
2023-02-21 08:41:03,787 [24] DEBUG LTCPro.ServiceLayer.Log4net - ---Executing GetOrderStockDetails() in OrdersService----
2023-02-21 08:41:03,791 [31] DEBUG LTCPro.ServiceLayer.Log4net - ---Executing GetPhysicianDropData() in OrdersController----
2023-02-21 08:41:03,791 [31] DEBUG LTCPro.ServiceLayer.Log4net - ---Executing GetPhysicianDropData() in OrdersService----
2023-02-21 08:41:03,974 [27] DEBUG LTCPro.ServiceLayer.Log4net - ---Executing GetNurseNotes() in OrdersController----
2023-02-21 08:41:03,974 [27] DEBUG LTCPro.ServiceLayer.Log4net - ---Executing GetNurseNotes() in OrdersService----
2023-02-21 08:41:04,018 [17] DEBUG LTCPro.ServiceLayer.Log4net - ---Executed Successfully GetFavouritesMasterData() in OrdersController----
2023-02-21 08:41:04,023 [24] DEBUG LTCPro.ServiceLayer.Log4net - ---Executed Successfully GetOrderStockDetails() in OrdersController----
2023-02-21 08:41:04,960 [31] DEBUG LTCPro.ServiceLayer.Log4net - ---Executed Successfully GetPhysicianDropData() in OrdersController----
2023-02-21 08:41:05,183 [27] DEBUG LTCPro.ServiceLayer.Log4net - ---Executed Successfully GetNurseNotes() in OrdersController----
2023-02-21 08:41:10,612 [24] DEBUG LTCPro.ServiceLayer.Log4net - ---Executing GetUserToken() in UserService----
2023-02-21 08:41:10,783 [29] DEBUG LTCPro.ServiceLayer.Log4net - ---Executed Successfully GetAllBarcodes() in StockEkitController----
2023-02-21 08:41:10,845 [24] DEBUG LTCPro.ServiceLayer.Log4net - ---Executing GetOrdersData() in OrdersController----
2023-02-21 08:41:10,845 [24] DEBUG LTCPro.ServiceLayer.Log4net - ---Executing GetOrdersData() in OrdersService----
2023-02-21 08:41:11,316 [24] DEBUG LTCPro.ServiceLayer.Log4net - ---Executed Successfully GetOrdersData() in OrdersController----
2023-02-21 08:41:12,043 [27] DEBUG LTCPro.ServiceLayer.Log4net - ---Executing GetUserToken() in UserService----
2023-02-21 08:41:12,075 [29] DEBUG LTCPro.ServiceLayer.Log4net - ---Executing GetUserToken() in UserService----
2023-02-21 08:41:12,089 [31] DEBUG LTCPro.ServiceLayer.Log4net - ---Executing GetUserToken() in UserService----
2023-02-21 08:41:12,209 [24] DEBUG LTCPro.ServiceLayer.Log4net - ---Executing GetUserToken() in UserService----
2023-02-21 08:41:12,311 [27] DEBUG LTCPro.ServiceLayer.Log4net - ---Executing GetOrderStockDetails() in OrdersController----
2023-02-21 08:41:12,311 [27] DEBUG LTCPro.ServiceLayer.Log4net - ---Executing GetOrderStockDetails() in OrdersService----
2023-02-21 08:41:12,311 [29] DEBUG LTCPro.ServiceLayer.Log4net - ---Executing GetNurseNotes() in OrdersController----
2023-02-21 08:41:12,311 [29] DEBUG LTCPro.ServiceLayer.Log4net - ---Executing GetNurseNotes() in OrdersService----
2023-02-21 08:41:12,326 [31] DEBUG LTCPro.ServiceLayer.Log4net - ---Executing GetFavouritesMasterData() in OrdersController----
2023-02-21 08:41:12,326 [31] DEBUG LTCPro.ServiceLayer.Log4net - ---Executing GetFavouritesMasterData() in OrdersService----
2023-02-21 08:41:12,441 [24] DEBUG LTCPro.ServiceLayer.Log4net - ---Executing GetPhysicianDropData() in OrdersController----
2023-02-21 08:41:12,441 [24] DEBUG LTCPro.ServiceLayer.Log4net - ---Executing GetPhysicianDropData() in OrdersService----
2023-02-21 08:41:12,547 [27] DEBUG LTCPro.ServiceLayer.Log4net - ---Executed Successfully GetOrderStockDetails() in OrdersController----
2023-02-21 08:41:12,561 [31] DEBUG LTCPro.ServiceLayer.Log4net - ---Executed Successfully GetFavouritesMasterData() in OrdersController----
2023-02-21 08:41:13,526 [29] DEBUG LTCPro.ServiceLayer.Log4net - ---Executed Successfully GetNurseNotes() in OrdersController----
2023-02-21 08:41:13,922 [24] DEBUG LTCPro.ServiceLayer.Log4net - ---Executed Successfully GetPhysicianDropData() in OrdersController----
2023-02-21 08:41:19,928 [29] DEBUG LTCPro.ServiceLayer.Log4net - ---Executing GetUserToken() in UserService----
2023-02-21 08:41:20,244 [29] DEBUG LTCPro.ServiceLayer.Log4net - ---Executing GetOrdersData() in OrdersController----
2023-02-21 08:41:20,244 [29] DEBUG LTCPro.ServiceLayer.Log4net - ---Executing GetOrdersData() in OrdersService----
2023-02-21 08:41:21,849 [29] DEBUG LTCPro.ServiceLayer.Log4net - ---Executed Successfully GetOrdersData() in OrdersController----
2023-02-21 08:41:22,227 [28] DEBUG LTCPro.ServiceLayer.Log4net - ---Executing GetUserToken() in UserService----
2023-02-21 08:41:22,229 [30] DEBUG LTCPro.ServiceLayer.Log4net - ---Executing GetUserToken() in UserService----
2023-02-21 08:41:22,229 [24] DEBUG LTCPro.ServiceLayer.Log4net - ---Executing GetUserToken() in UserService----
2023-02-21 08:41:22,449 [29] DEBUG LTCPro.ServiceLayer.Log4net - ---Executing GetUserToken() in UserService----
2023-02-21 08:41:22,460 [30] DEBUG LTCPro.ServiceLayer.Log4net - ---Executing GetPhysicianDropData() in OrdersController----
2023-02-21 08:41:22,460 [30] DEBUG LTCPro.ServiceLayer.Log4net - ---Executing GetPhysicianDropData() in OrdersService----
2023-02-21 08:41:22,460 [24] DEBUG LTCPro.ServiceLayer.Log4net - ---Executing GetOrderStockDetails() in OrdersController----
2023-02-21 08:41:22,460 [24] DEBUG LTCPro.ServiceLayer.Log4net - ---Executing GetOrderStockDetails() in OrdersService----
2023-02-21 08:41:22,658 [28] DEBUG LTCPro.ServiceLayer.Log4net - ---Executing GetFavouritesMasterData() in OrdersController----
2023-02-21 08:41:22,658 [28] DEBUG LTCPro.ServiceLayer.Log4net - ---Executing GetFavouritesMasterData() in OrdersService----
2023-02-21 08:41:22,885 [29] DEBUG LTCPro.ServiceLayer.Log4net - ---Executing GetNurseNotes() in OrdersController----
2023-02-21 08:41:22,885 [29] DEBUG LTCPro.ServiceLayer.Log4net - ---Executing GetNurseNotes() in OrdersService----
2023-02-21 08:41:22,886 [24] DEBUG LTCPro.ServiceLayer.Log4net - ---Executed Successfully GetOrderStockDetails() in OrdersController----
2023-02-21 08:41:23,059 [28] DEBUG LTCPro.ServiceLayer.Log4net - ---Executed Successfully GetFavouritesMasterData() in OrdersController----
2023-02-21 08:41:24,639 [29] DEBUG LTCPro.ServiceLayer.Log4net - ---Executed Successfully GetNurseNotes() in OrdersController----
2023-02-21 08:41:25,474 [14] DEBUG LTCPro.ServiceLayer.Log4net - ---Executed Successfully GetAllBarcodes() in StockEkitController----
2023-02-21 08:41:27,695 [30] DEBUG LTCPro.ServiceLayer.Log4net - ---Executed Successfully GetPhysicianDropData() in OrdersController----
2023-02-21 08:41:41,034 [31] DEBUG LTCPro.ServiceLayer.Log4net - ---Executing GetUserToken() in UserService----
2023-02-21 08:41:41,259 [31] DEBUG LTCPro.ServiceLayer.Log4net - ---Executing GetOrderGridData() in OrdersController----
2023-02-21 08:41:41,259 [31] DEBUG LTCPro.ServiceLayer.Log4net - ---Executing GetOrderGridData() in OrdersService----
2023-02-21 08:41:41,521 [31] DEBUG LTCPro.ServiceLayer.Log4net - ---Executed Successfully GetOrderGridData() in OrdersController----
2023-02-21 08:41:42,085 [29] DEBUG LTCPro.ServiceLayer.Log4net - ---Executing GetUserToken() in UserService----
2023-02-21 08:41:42,276 [14] DEBUG LTCPro.ServiceLayer.Log4net - ---Executing GetUserToken() in UserService----
2023-02-21 08:41:42,282 [31] DEBUG LTCPro.ServiceLayer.Log4net - ---Executing GetUserToken() in UserService----
2023-02-21 08:41:42,311 [29] DEBUG LTCPro.ServiceLayer.Log4net - ---Executing GetAllBarcodes() in StockEkitController----
2023-02-21 08:41:42,312 [29] DEBUG LTCPro.ServiceLayer.Log4net - ---Executing GetAllBarcodes() in StockEkitService----
2023-02-21 08:41:42,501 [14] DEBUG LTCPro.ServiceLayer.Log4net - ---Executing GetOrderGridData() in OrdersController----
2023-02-21 08:41:42,501 [14] DEBUG LTCPro.ServiceLayer.Log4net - ---Executing GetOrderGridData() in OrdersService----
2023-02-21 08:41:42,506 [31] DEBUG LTCPro.ServiceLayer.Log4net - ---Executing GetOrdersData() in OrdersController----
2023-02-21 08:41:42,506 [31] DEBUG LTCPro.ServiceLayer.Log4net - ---Executing GetOrdersData() in OrdersService----
2023-02-21 08:41:42,762 [14] DEBUG LTCPro.ServiceLayer.Log4net - ---Executed Successfully GetOrderGridData() in OrdersController----
2023-02-21 08:41:45,392 [31] DEBUG LTCPro.ServiceLayer.Log4net - ---Executed Successfully GetOrdersData() in OrdersController----
2023-02-21 08:41:45,756 [17] DEBUG LTCPro.ServiceLayer.Log4net - ---Executing GetUserToken() in UserService----
2023-02-21 08:41:45,757 [28] DEBUG LTCPro.ServiceLayer.Log4net - ---Executing GetUserToken() in UserService----
2023-02-21 08:41:45,758 [30] DEBUG LTCPro.ServiceLayer.Log4net - ---Executing GetUserToken() in UserService----
2023-02-21 08:41:45,959 [18] DEBUG LTCPro.ServiceLayer.Log4net - ---Executing GetUserToken() in UserService----
2023-02-21 08:41:45,985 [17] DEBUG LTCPro.ServiceLayer.Log4net - ---Executing GetOrderStockDetails() in OrdersController----
2023-02-21 08:41:45,985 [17] DEBUG LTCPro.ServiceLayer.Log4net - ---Executing GetOrderStockDetails() in OrdersService----
2023-02-21 08:41:45,988 [28] DEBUG LTCPro.ServiceLayer.Log4net - ---Executing GetPhysicianDropData() in OrdersController----
2023-02-21 08:41:45,988 [28] DEBUG LTCPro.ServiceLayer.Log4net - ---Executing GetPhysicianDropData() in OrdersService----
2023-02-21 08:41:45,988 [30] DEBUG LTCPro.ServiceLayer.Log4net - ---Executing GetFavouritesMasterData() in OrdersController----
2023-02-21 08:41:45,988 [30] DEBUG LTCPro.ServiceLayer.Log4net - ---Executing GetFavouritesMasterData() in OrdersService----
2023-02-21 08:41:46,186 [18] DEBUG LTCPro.ServiceLayer.Log4net - ---Executing GetNurseNotes() in OrdersController----
2023-02-21 08:41:46,186 [18] DEBUG LTCPro.ServiceLayer.Log4net - ---Executing GetNurseNotes() in OrdersService----
2023-02-21 08:41:46,197 [31] DEBUG LTCPro.ServiceLayer.Log4net - ---Executing GetUserToken() in UserService----
2023-02-21 08:41:46,216 [30] DEBUG LTCPro.ServiceLayer.Log4net - ---Executed Successfully GetFavouritesMasterData() in OrdersController----
2023-02-21 08:41:46,252 [17] DEBUG LTCPro.ServiceLayer.Log4net - ---Executed Successfully GetOrderStockDetails() in OrdersController----
2023-02-21 08:41:46,421 [31] DEBUG LTCPro.ServiceLayer.Log4net - ---Executing GetOrdersData() in OrdersController----
2023-02-21 08:41:46,421 [31] DEBUG LTCPro.ServiceLayer.Log4net - ---Executing GetOrdersData() in OrdersService----
2023-02-21 08:41:47,118 [28] DEBUG LTCPro.ServiceLayer.Log4net - ---Executed Successfully GetPhysicianDropData() in OrdersController----
2023-02-21 08:41:47,346 [18] DEBUG LTCPro.ServiceLayer.Log4net - ---Executed Successfully GetNurseNotes() in OrdersController----
2023-02-21 08:41:49,259 [31] DEBUG LTCPro.ServiceLayer.Log4net - ---Executed Successfully GetOrdersData() in OrdersController----
2023-02-21 08:41:49,782 [30] DEBUG LTCPro.ServiceLayer.Log4net - ---Executing GetUserToken() in UserService----
2023-02-21 08:41:49,796 [31] DEBUG LTCPro.ServiceLayer.Log4net - ---Executing GetUserToken() in UserService----
2023-02-21 08:41:49,797 [18] DEBUG LTCPro.ServiceLayer.Log4net - ---Executing GetUserToken() in UserService----
2023-02-21 08:41:49,939 [24] DEBUG LTCPro.ServiceLayer.Log4net - ---Executing GetUserToken() in UserService----
2023-02-21 08:41:50,024 [30] DEBUG LTCPro.ServiceLayer.Log4net - ---Executing GetOrderStockDetails() in OrdersController----
2023-02-21 08:41:50,024 [30] DEBUG LTCPro.ServiceLayer.Log4net - ---Executing GetOrderStockDetails() in OrdersService----
2023-02-21 08:41:50,026 [31] DEBUG LTCPro.ServiceLayer.Log4net - ---Executing GetPhysicianDropData() in OrdersController----
2023-02-21 08:41:50,026 [31] DEBUG LTCPro.ServiceLayer.Log4net - ---Executing GetPhysicianDropData() in OrdersService----
2023-02-21 08:41:50,027 [18] DEBUG LTCPro.ServiceLayer.Log4net - ---Executing GetFavouritesMasterData() in OrdersController----
2023-02-21 08:41:50,027 [18] DEBUG LTCPro.ServiceLayer.Log4net - ---Executing GetFavouritesMasterData() in OrdersService----
2023-02-21 08:41:50,163 [24] DEBUG LTCPro.ServiceLayer.Log4net - ---Executing GetNurseNotes() in OrdersController----
2023-02-21 08:41:50,164 [24] DEBUG LTCPro.ServiceLayer.Log4net - ---Executing GetNurseNotes() in OrdersService----
2023-02-21 08:41:50,252 [18] DEBUG LTCPro.ServiceLayer.Log4net - ---Executed Successfully GetFavouritesMasterData() in OrdersController----
2023-02-21 08:41:50,253 [30] DEBUG LTCPro.ServiceLayer.Log4net - ---Executed Successfully GetOrderStockDetails() in OrdersController----
2023-02-21 08:41:51,357 [24] DEBUG LTCPro.ServiceLayer.Log4net - ---Executed Successfully GetNurseNotes() in OrdersController----
2023-02-21 08:41:52,245 [31] DEBUG LTCPro.ServiceLayer.Log4net - ---Executed Successfully GetPhysicianDropData() in OrdersController----
2023-02-21 08:42:00,970 [24] DEBUG LTCPro.ServiceLayer.Log4net - ---Executing GetUserToken() in UserService----
2023-02-21 08:42:06,443 [24] DEBUG LTCPro.ServiceLayer.Log4net - ---Executing UpdateOrdersDatabyOrderId() in OrdersController----
2023-02-21 08:42:09,864 [24] DEBUG LTCPro.ServiceLayer.Log4net - ---Executing UpdateOrdersDatabyOrderId() in OrdersService----
2023-02-21 08:42:11,079 [24] DEBUG LTCPro.ServiceLayer.Log4net - ---Executing UpdateOrdersDatabyOrderId() in OrdersService---- OrderID, UserID 62441,304
2023-02-21 08:42:18,061 [29] DEBUG LTCPro.ServiceLayer.Log4net - ---Executed Successfully GetAllBarcodes() in StockEkitController----
2023-02-21 08:42:33,506 [24] DEBUG LTCPro.ServiceLayer.Log4net - ---Executed Successfully UpdateOrdersDatabyOrderId() in OrdersController----
2023-02-21 08:42:34,742 [23] DEBUG LTCPro.ServiceLayer.Log4net - ---Executing GetUserToken() in UserService----
2023-02-21 08:42:34,970 [23] DEBUG LTCPro.ServiceLayer.Log4net - ---Executing GetOrderGridData() in OrdersController----
2023-02-21 08:42:34,970 [23] DEBUG LTCPro.ServiceLayer.Log4net - ---Executing GetOrderGridData() in OrdersService----
2023-02-21 08:42:35,230 [23] DEBUG LTCPro.ServiceLayer.Log4net - ---Executed Successfully GetOrderGridData() in OrdersController----
2023-02-21 08:42:35,282 [23] DEBUG LTCPro.ServiceLayer.Log4net - ---Executing GetUserToken() in UserService----
2023-02-21 08:42:35,589 [23] DEBUG LTCPro.ServiceLayer.Log4net - ---Executing GetAllBarcodes() in StockEkitController----
2023-02-21 08:42:35,589 [23] DEBUG LTCPro.ServiceLayer.Log4net - ---Executing GetAllBarcodes() in StockEkitService----
2023-02-21 08:42:35,611 [29] DEBUG LTCPro.ServiceLayer.Log4net - ---Executing GetUserToken() in UserService----
2023-02-21 08:42:35,613 [24] DEBUG LTCPro.ServiceLayer.Log4net - ---Executing GetUserToken() in UserService----
2023-02-21 08:42:35,837 [29] DEBUG LTCPro.ServiceLayer.Log4net - ---Executing GetOrderGridData() in OrdersController----
2023-02-21 08:42:35,837 [29] DEBUG LTCPro.ServiceLayer.Log4net - ---Executing GetOrderGridData() in OrdersService----
2023-02-21 08:42:35,840 [24] DEBUG LTCPro.ServiceLayer.Log4net - ---Executing GetOrdersData() in OrdersController----
2023-02-21 08:42:35,840 [24] DEBUG LTCPro.ServiceLayer.Log4net - ---Executing GetOrdersData() in OrdersService----
2023-02-21 08:42:36,130 [29] DEBUG LTCPro.ServiceLayer.Log4net - ---Executed Successfully GetOrderGridData() in OrdersController----
2023-02-21 08:42:39,307 [24] DEBUG LTCPro.ServiceLayer.Log4net - ---Executed Successfully GetOrdersData() in OrdersController----
2023-02-21 08:42:39,555 [33] DEBUG LTCPro.ServiceLayer.Log4net - ---Executing GetUserToken() in UserService----
2023-02-21 08:42:39,569 [24] DEBUG LTCPro.ServiceLayer.Log4net - ---Executing GetUserToken() in UserService----
2023-02-21 08:42:39,576 [29] DEBUG LTCPro.ServiceLayer.Log4net - ---Executing GetUserToken() in UserService----
2023-02-21 08:42:39,799 [33] DEBUG LTCPro.ServiceLayer.Log4net - ---Executing GetPhysicianDropData() in OrdersController----
2023-02-21 08:42:39,799 [33] DEBUG LTCPro.ServiceLayer.Log4net - ---Executing GetPhysicianDropData() in OrdersService----
2023-02-21 08:42:39,799 [24] DEBUG LTCPro.ServiceLayer.Log4net - ---Executing GetOrderStockDetails() in OrdersController----
2023-02-21 08:42:39,799 [24] DEBUG LTCPro.ServiceLayer.Log4net - ---Executing GetOrderStockDetails() in OrdersService----
2023-02-21 08:42:39,801 [29] DEBUG LTCPro.ServiceLayer.Log4net - ---Executing GetFavouritesMasterData() in OrdersController----
2023-02-21 08:42:39,801 [29] DEBUG LTCPro.ServiceLayer.Log4net - ---Executing GetFavouritesMasterData() in OrdersService----
2023-02-21 08:42:40,027 [29] DEBUG LTCPro.ServiceLayer.Log4net - ---Executed Successfully GetFavouritesMasterData() in OrdersController----
2023-02-21 08:42:40,028 [24] DEBUG LTCPro.ServiceLayer.Log4net - ---Executed Successfully GetOrderStockDetails() in OrdersController----
2023-02-21 08:42:40,249 [24] DEBUG LTCPro.ServiceLayer.Log4net - ---Executing GetUserToken() in UserService----
2023-02-21 08:42:40,473 [24] DEBUG LTCPro.ServiceLayer.Log4net - ---Executing GetNurseNotes() in OrdersController----
2023-02-21 08:42:40,474 [24] DEBUG LTCPro.ServiceLayer.Log4net - ---Executing GetNurseNotes() in OrdersService----
2023-02-21 08:42:40,936 [33] DEBUG LTCPro.ServiceLayer.Log4net - ---Executed Successfully GetPhysicianDropData() in OrdersController----
2023-02-21 08:42:41,628 [24] DEBUG LTCPro.ServiceLayer.Log4net - ---Executed Successfully GetNurseNotes() in OrdersController----
2023-02-21 08:42:48,963 [31] DEBUG LTCPro.ServiceLayer.Log4net - ---Executing GetUserToken() in UserService----
2023-02-21 08:42:49,187 [31] DEBUG LTCPro.ServiceLayer.Log4net - ---Executing GetOrdersData() in OrdersController----
2023-02-21 08:42:49,187 [31] DEBUG LTCPro.ServiceLayer.Log4net - ---Executing GetOrdersData() in OrdersService----
2023-02-21 08:42:52,872 [31] DEBUG LTCPro.ServiceLayer.Log4net - ---Executed Successfully GetOrdersData() in OrdersController----
2023-02-21 08:42:53,179 [18] DEBUG LTCPro.ServiceLayer.Log4net - ---Executing GetUserToken() in UserService----
2023-02-21 08:42:53,181 [24] DEBUG LTCPro.ServiceLayer.Log4net - ---Executing GetUserToken() in UserService----
2023-02-21 08:42:53,193 [14] DEBUG LTCPro.ServiceLayer.Log4net - ---Executing GetUserToken() in UserService----
2023-02-21 08:42:53,390 [29] DEBUG LTCPro.ServiceLayer.Log4net - ---Executing GetUserToken() in UserService----
2023-02-21 08:42:53,407 [24] DEBUG LTCPro.ServiceLayer.Log4net - ---Executing GetOrderStockDetails() in OrdersController----
2023-02-21 08:42:53,407 [24] DEBUG LTCPro.ServiceLayer.Log4net - ---Executing GetOrderStockDetails() in OrdersService----
2023-02-21 08:42:53,407 [18] DEBUG LTCPro.ServiceLayer.Log4net - ---Executing GetPhysicianDropData() in OrdersController----
2023-02-21 08:42:53,408 [18] DEBUG LTCPro.ServiceLayer.Log4net - ---Executing GetPhysicianDropData() in OrdersService----
2023-02-21 08:42:53,419 [14] DEBUG LTCPro.ServiceLayer.Log4net - ---Executing GetFavouritesMasterData() in OrdersController----
2023-02-21 08:42:53,419 [14] DEBUG LTCPro.ServiceLayer.Log4net - ---Executing GetFavouritesMasterData() in OrdersService----
2023-02-21 08:42:53,614 [29] DEBUG LTCPro.ServiceLayer.Log4net - ---Executing GetNurseNotes() in OrdersController----
2023-02-21 08:42:53,614 [29] DEBUG LTCPro.ServiceLayer.Log4net - ---Executing GetNurseNotes() in OrdersService----
2023-02-21 08:42:53,636 [24] DEBUG LTCPro.ServiceLayer.Log4net - ---Executed Successfully GetOrderStockDetails() in OrdersController----
2023-02-21 08:42:53,648 [14] DEBUG LTCPro.ServiceLayer.Log4net - ---Executed Successfully GetFavouritesMasterData() in OrdersController----
2023-02-21 08:42:54,547 [18] DEBUG LTCPro.ServiceLayer.Log4net - ---Executed Successfully GetPhysicianDropData() in OrdersController----
2023-02-21 08:42:54,775 [29] DEBUG LTCPro.ServiceLayer.Log4net - ---Executed Successfully GetNurseNotes() in OrdersController----
2023-02-21 08:42:58,216 [24] DEBUG LTCPro.ServiceLayer.Log4net - ---Executing GetUserToken() in UserService----
2023-02-21 08:42:58,442 [24] DEBUG LTCPro.ServiceLayer.Log4net - ---Executing GetOrdersData() in OrdersController----
2023-02-21 08:42:58,442 [24] DEBUG LTCPro.ServiceLayer.Log4net - ---Executing GetOrdersData() in OrdersService----
2023-02-21 08:43:00,041 [23] DEBUG LTCPro.ServiceLayer.Log4net - ---Executed Successfully GetAllBarcodes() in StockEkitController----
2023-02-21 08:43:02,031 [24] DEBUG LTCPro.ServiceLayer.Log4net - ---Executed Successfully GetOrdersData() in OrdersController----
2023-02-21 08:43:02,381 [18] DEBUG LTCPro.ServiceLayer.Log4net - ---Executing GetUserToken() in UserService----
2023-02-21 08:43:02,388 [31] DEBUG LTCPro.ServiceLayer.Log4net - ---Executing GetUserToken() in UserService----
2023-02-21 08:43:02,390 [29] DEBUG LTCPro.ServiceLayer.Log4net - ---Executing GetUserToken() in UserService----
2023-02-21 08:43:02,592 [17] DEBUG LTCPro.ServiceLayer.Log4net - ---Executing GetUserToken() in UserService----
2023-02-21 08:43:02,609 [18] DEBUG LTCPro.ServiceLayer.Log4net - ---Executing GetFavouritesMasterData() in OrdersController----
2023-02-21 08:43:02,609 [18] DEBUG LTCPro.ServiceLayer.Log4net - ---Executing GetFavouritesMasterData() in OrdersService----
2023-02-21 08:43:02,611 [31] DEBUG LTCPro.ServiceLayer.Log4net - ---Executing GetPhysicianDropData() in OrdersController----
2023-02-21 08:43:02,611 [31] DEBUG LTCPro.ServiceLayer.Log4net - ---Executing GetPhysicianDropData() in OrdersService----
2023-02-21 08:43:02,618 [29] DEBUG LTCPro.ServiceLayer.Log4net - ---Executing GetOrderStockDetails() in OrdersController----
2023-02-21 08:43:02,618 [29] DEBUG LTCPro.ServiceLayer.Log4net - ---Executing GetOrderStockDetails() in OrdersService----
2023-02-21 08:43:02,817 [17] DEBUG LTCPro.ServiceLayer.Log4net - ---Executing GetNurseNotes() in OrdersController----
2023-02-21 08:43:02,817 [17] DEBUG LTCPro.ServiceLayer.Log4net - ---Executing GetNurseNotes() in OrdersService----
2023-02-21 08:43:02,844 [18] DEBUG LTCPro.ServiceLayer.Log4net - ---Executed Successfully GetFavouritesMasterData() in OrdersController----
2023-02-21 08:43:02,847 [29] DEBUG LTCPro.ServiceLayer.Log4net - ---Executed Successfully GetOrderStockDetails() in OrdersController----
2023-02-21 08:43:03,758 [31] DEBUG LTCPro.ServiceLayer.Log4net - ---Executed Successfully GetPhysicianDropData() in OrdersController----
2023-02-21 08:43:04,003 [17] DEBUG LTCPro.ServiceLayer.Log4net - ---Executed Successfully GetNurseNotes() in OrdersController----
2023-02-21 08:44:01,833 [29] DEBUG LTCPro.ServiceLayer.Log4net - ---Executing GetUserToken() in UserService----
2023-02-21 08:44:03,936 [29] DEBUG LTCPro.ServiceLayer.Log4net - ---Executing UpdateOrdersDatabyOrderId() in OrdersController----
2023-02-21 08:44:03,936 [29] DEBUG LTCPro.ServiceLayer.Log4net - ---Executing UpdateOrdersDatabyOrderId() in OrdersService----
2023-02-21 08:44:03,936 [29] DEBUG LTCPro.ServiceLayer.Log4net - ---Executing UpdateOrdersDatabyOrderId() in OrdersService---- OrderID, UserID 62441,304
2023-02-21 08:44:07,726 [29] DEBUG LTCPro.ServiceLayer.Log4net - ---Executed Successfully UpdateOrdersDatabyOrderId() in OrdersController----
2023-02-21 08:44:08,470 [7] DEBUG LTCPro.ServiceLayer.Log4net - ---Executing GetUserToken() in UserService----
2023-02-21 08:44:08,697 [7] DEBUG LTCPro.ServiceLayer.Log4net - ---Executing GetOrderGridData() in OrdersController----
2023-02-21 08:44:08,697 [7] DEBUG LTCPro.ServiceLayer.Log4net - ---Executing GetOrderGridData() in OrdersService----
2023-02-21 08:44:08,957 [7] DEBUG LTCPro.ServiceLayer.Log4net - ---Executed Successfully GetOrderGridData() in OrdersController----
2023-02-21 08:44:09,012 [17] DEBUG LTCPro.ServiceLayer.Log4net - ---Executing GetUserToken() in UserService----
2023-02-21 08:44:09,247 [17] DEBUG LTCPro.ServiceLayer.Log4net - ---Executing GetAllBarcodes() in StockEkitController----
2023-02-21 08:44:09,247 [17] DEBUG LTCPro.ServiceLayer.Log4net - ---Executing GetAllBarcodes() in StockEkitService----
2023-02-21 08:44:09,310 [30] DEBUG LTCPro.ServiceLayer.Log4net - ---Executing GetUserToken() in UserService----
2023-02-21 08:44:09,326 [29] DEBUG LTCPro.ServiceLayer.Log4net - ---Executing GetUserToken() in UserService----
2023-02-21 08:44:09,535 [30] DEBUG LTCPro.ServiceLayer.Log4net - ---Executing GetOrderGridData() in OrdersController----
2023-02-21 08:44:09,536 [30] DEBUG LTCPro.ServiceLayer.Log4net - ---Executing GetOrderGridData() in OrdersService----
2023-02-21 08:44:09,551 [29] DEBUG LTCPro.ServiceLayer.Log4net - ---Executing GetOrdersData() in OrdersController----
2023-02-21 08:44:09,551 [29] DEBUG LTCPro.ServiceLayer.Log4net - ---Executing GetOrdersData() in OrdersService----
2023-02-21 08:44:09,797 [30] DEBUG LTCPro.ServiceLayer.Log4net - ---Executed Successfully GetOrderGridData() in OrdersController----
2023-02-21 08:44:11,468 [16] DEBUG LTCPro.ServiceLayer.Log4net - ---Executing GetUserToken() in UserService----
2023-02-21 08:44:11,692 [16] DEBUG LTCPro.ServiceLayer.Log4net - ---Executing GetOrdersData() in OrdersController----
2023-02-21 08:44:11,692 [16] DEBUG LTCPro.ServiceLayer.Log4net - ---Executing GetOrdersData() in OrdersService----
2023-02-21 08:44:13,390 [29] DEBUG LTCPro.ServiceLayer.Log4net - ---Executed Successfully GetOrdersData() in OrdersController----
2023-02-21 08:44:13,635 [32] DEBUG LTCPro.ServiceLayer.Log4net - ---Executing GetUserToken() in UserService----
2023-02-21 08:44:13,643 [27] DEBUG LTCPro.ServiceLayer.Log4net - ---Executing GetUserToken() in UserService----
2023-02-21 08:44:13,661 [29] DEBUG LTCPro.ServiceLayer.Log4net - ---Executing GetUserToken() in UserService----
2023-02-21 08:44:13,922 [15] DEBUG LTCPro.ServiceLayer.Log4net - ---Executing GetUserToken() in UserService----
2023-02-21 08:44:14,086 [32] DEBUG LTCPro.ServiceLayer.Log4net - ---Executing GetOrderStockDetails() in OrdersController----
2023-02-21 08:44:14,086 [32] DEBUG LTCPro.ServiceLayer.Log4net - ---Executing GetOrderStockDetails() in OrdersService----
2023-02-21 08:44:14,087 [27] DEBUG LTCPro.ServiceLayer.Log4net - ---Executing GetFavouritesMasterData() in OrdersController----
2023-02-21 08:44:14,087 [27] DEBUG LTCPro.ServiceLayer.Log4net - ---Executing GetFavouritesMasterData() in OrdersService----
2023-02-21 08:44:14,087 [29] DEBUG LTCPro.ServiceLayer.Log4net - ---Executing GetPhysicianDropData() in OrdersController----
2023-02-21 08:44:14,087 [29] DEBUG LTCPro.ServiceLayer.Log4net - ---Executing GetPhysicianDropData() in OrdersService----
2023-02-21 08:44:14,146 [15] DEBUG LTCPro.ServiceLayer.Log4net - ---Executing GetNurseNotes() in OrdersController----
2023-02-21 08:44:14,146 [15] DEBUG LTCPro.ServiceLayer.Log4net - ---Executing GetNurseNotes() in OrdersService----
2023-02-21 08:44:14,314 [32] DEBUG LTCPro.ServiceLayer.Log4net - ---Executed Successfully GetOrderStockDetails() in OrdersController----
2023-02-21 08:44:14,536 [27] DEBUG LTCPro.ServiceLayer.Log4net - ---Executed Successfully GetFavouritesMasterData() in OrdersController----
2023-02-21 08:44:15,304 [15] DEBUG LTCPro.ServiceLayer.Log4net - ---Executed Successfully GetNurseNotes() in OrdersController----
2023-02-21 08:44:15,709 [16] DEBUG LTCPro.ServiceLayer.Log4net - ---Executed Successfully GetOrdersData() in OrdersController----
2023-02-21 08:44:15,950 [30] DEBUG LTCPro.ServiceLayer.Log4net - ---Executing GetUserToken() in UserService----
2023-02-21 08:44:15,951 [15] DEBUG LTCPro.ServiceLayer.Log4net - ---Executing GetUserToken() in UserService----
2023-02-21 08:44:15,961 [7] DEBUG LTCPro.ServiceLayer.Log4net - ---Executing GetUserToken() in UserService----
2023-02-21 08:44:15,964 [29] DEBUG LTCPro.ServiceLayer.Log4net - ---Executed Successfully GetPhysicianDropData() in OrdersController----
2023-02-21 08:44:16,029 [16] DEBUG LTCPro.ServiceLayer.Log4net - ---Executing GetUserToken() in UserService----
2023-02-21 08:44:16,191 [30] DEBUG LTCPro.ServiceLayer.Log4net - ---Executing GetFavouritesMasterData() in OrdersController----
2023-02-21 08:44:16,191 [30] DEBUG LTCPro.ServiceLayer.Log4net - ---Executing GetFavouritesMasterData() in OrdersService----
2023-02-21 08:44:16,191 [15] DEBUG LTCPro.ServiceLayer.Log4net - ---Executing GetOrderStockDetails() in OrdersController----
2023-02-21 08:44:16,191 [15] DEBUG LTCPro.ServiceLayer.Log4net - ---Executing GetOrderStockDetails() in OrdersService----
2023-02-21 08:44:16,476 [15] DEBUG LTCPro.ServiceLayer.Log4net - ---Executed Successfully GetOrderStockDetails() in OrdersController----
2023-02-21 08:44:16,477 [7] DEBUG LTCPro.ServiceLayer.Log4net - ---Executing GetPhysicianDropData() in OrdersController----
2023-02-21 08:44:16,477 [7] DEBUG LTCPro.ServiceLayer.Log4net - ---Executing GetPhysicianDropData() in OrdersService----
2023-02-21 08:44:16,478 [16] DEBUG LTCPro.ServiceLayer.Log4net - ---Executing GetNurseNotes() in OrdersController----
2023-02-21 08:44:16,478 [16] DEBUG LTCPro.ServiceLayer.Log4net - ---Executing GetNurseNotes() in OrdersService----
2023-02-21 08:44:16,479 [30] DEBUG LTCPro.ServiceLayer.Log4net - ---Executed Successfully GetFavouritesMasterData() in OrdersController----
2023-02-21 08:44:16,997 [30] DEBUG LTCPro.ServiceLayer.Log4net - ---Executing GetUserToken() in UserService----
2023-02-21 08:44:17,221 [30] DEBUG LTCPro.ServiceLayer.Log4net - ---Executing GetOrdersData() in OrdersController----
2023-02-21 08:44:17,221 [30] DEBUG LTCPro.ServiceLayer.Log4net - ---Executing GetOrdersData() in OrdersService----
2023-02-21 08:44:17,613 [7] DEBUG LTCPro.ServiceLayer.Log4net - ---Executed Successfully GetPhysicianDropData() in OrdersController----
2023-02-21 08:44:17,858 [16] DEBUG LTCPro.ServiceLayer.Log4net - ---Executed Successfully GetNurseNotes() in OrdersController----
2023-02-21 08:44:19,724 [16] DEBUG LTCPro.ServiceLayer.Log4net - ---Executing GetUserToken() in UserService----
2023-02-21 08:44:19,965 [16] DEBUG LTCPro.ServiceLayer.Log4net - ---Executing GetOrdersData() in OrdersController----
2023-02-21 08:44:19,965 [16] DEBUG LTCPro.ServiceLayer.Log4net - ---Executing GetOrdersData() in OrdersService----
2023-02-21 08:44:21,228 [30] DEBUG LTCPro.ServiceLayer.Log4net - ---Executed Successfully GetOrdersData() in OrdersController----
2023-02-21 08:44:21,465 [30] DEBUG LTCPro.ServiceLayer.Log4net - ---Executing GetUserToken() in UserService----
2023-02-21 08:44:21,465 [15] DEBUG LTCPro.ServiceLayer.Log4net - ---Executing GetUserToken() in UserService----
2023-02-21 08:44:21,690 [15] DEBUG LTCPro.ServiceLayer.Log4net - ---Executing GetOrderStockDetails() in OrdersController----
2023-02-21 08:44:21,690 [15] DEBUG LTCPro.ServiceLayer.Log4net - ---Executing GetOrderStockDetails() in OrdersService----
2023-02-21 08:44:21,693 [30] DEBUG LTCPro.ServiceLayer.Log4net - ---Executing GetFavouritesMasterData() in OrdersController----
2023-02-21 08:44:21,693 [30] DEBUG LTCPro.ServiceLayer.Log4net - ---Executing GetFavouritesMasterData() in OrdersService----
2023-02-21 08:44:21,921 [30] DEBUG LTCPro.ServiceLayer.Log4net - ---Executed Successfully GetFavouritesMasterData() in OrdersController----
2023-02-21 08:44:21,924 [15] DEBUG LTCPro.ServiceLayer.Log4net - ---Executed Successfully GetOrderStockDetails() in OrdersController----
2023-02-21 08:44:22,128 [29] DEBUG LTCPro.ServiceLayer.Log4net - ---Executing GetUserToken() in UserService----
2023-02-21 08:44:22,150 [15] DEBUG LTCPro.ServiceLayer.Log4net - ---Executing GetUserToken() in UserService----
2023-02-21 08:44:22,354 [29] DEBUG LTCPro.ServiceLayer.Log4net - ---Executing GetPhysicianDropData() in OrdersController----
2023-02-21 08:44:22,354 [29] DEBUG LTCPro.ServiceLayer.Log4net - ---Executing GetPhysicianDropData() in OrdersService----
2023-02-21 08:44:22,375 [15] DEBUG LTCPro.ServiceLayer.Log4net - ---Executing GetNurseNotes() in OrdersController----
2023-02-21 08:44:22,376 [15] DEBUG LTCPro.ServiceLayer.Log4net - ---Executing GetNurseNotes() in OrdersService----
2023-02-21 08:44:23,495 [29] DEBUG LTCPro.ServiceLayer.Log4net - ---Executed Successfully GetPhysicianDropData() in OrdersController----
2023-02-21 08:44:23,541 [15] DEBUG LTCPro.ServiceLayer.Log4net - ---Executed Successfully GetNurseNotes() in OrdersController----
2023-02-21 08:44:23,722 [16] DEBUG LTCPro.ServiceLayer.Log4net - ---Executed Successfully GetOrdersData() in OrdersController----
2023-02-21 08:44:24,269 [29] DEBUG LTCPro.ServiceLayer.Log4net - ---Executing GetUserToken() in UserService----
2023-02-21 08:44:24,278 [16] DEBUG LTCPro.ServiceLayer.Log4net - ---Executing GetUserToken() in UserService----
2023-02-21 08:44:24,280 [30] DEBUG LTCPro.ServiceLayer.Log4net - ---Executing GetUserToken() in UserService----
2023-02-21 08:44:24,502 [29] DEBUG LTCPro.ServiceLayer.Log4net - ---Executing GetPhysicianDropData() in OrdersController----
2023-02-21 08:44:24,502 [29] DEBUG LTCPro.ServiceLayer.Log4net - ---Executing GetPhysicianDropData() in OrdersService----
2023-02-21 08:44:24,506 [30] DEBUG LTCPro.ServiceLayer.Log4net - ---Executing GetFavouritesMasterData() in OrdersController----
2023-02-21 08:44:24,507 [30] DEBUG LTCPro.ServiceLayer.Log4net - ---Executing GetFavouritesMasterData() in OrdersService----
2023-02-21 08:44:24,507 [16] DEBUG LTCPro.ServiceLayer.Log4net - ---Executing GetOrderStockDetails() in OrdersController----
2023-02-21 08:44:24,507 [16] DEBUG LTCPro.ServiceLayer.Log4net - ---Executing GetOrderStockDetails() in OrdersService----
2023-02-21 08:44:24,733 [30] DEBUG LTCPro.ServiceLayer.Log4net - ---Executed Successfully GetFavouritesMasterData() in OrdersController----
2023-02-21 08:44:24,735 [16] DEBUG LTCPro.ServiceLayer.Log4net - ---Executed Successfully GetOrderStockDetails() in OrdersController----
2023-02-21 08:44:24,937 [30] DEBUG LTCPro.ServiceLayer.Log4net - ---Executing GetUserToken() in UserService----
2023-02-21 08:44:25,162 [30] DEBUG LTCPro.ServiceLayer.Log4net - ---Executing GetNurseNotes() in OrdersController----
2023-02-21 08:44:25,162 [30] DEBUG LTCPro.ServiceLayer.Log4net - ---Executing GetNurseNotes() in OrdersService----
2023-02-21 08:44:25,641 [29] DEBUG LTCPro.ServiceLayer.Log4net - ---Executed Successfully GetPhysicianDropData() in OrdersController----
2023-02-21 08:44:26,323 [30] DEBUG LTCPro.ServiceLayer.Log4net - ---Executed Successfully GetNurseNotes() in OrdersController----
2023-02-21 08:44:30,311 [17] DEBUG LTCPro.ServiceLayer.Log4net - ---Executed Successfully GetAllBarcodes() in StockEkitController----
2023-02-21 08:44:35,692 [32] DEBUG LTCPro.ServiceLayer.Log4net - ---Executing GetUserToken() in UserService----
2023-02-21 08:44:35,698 [29] DEBUG LTCPro.ServiceLayer.Log4net - ---Executing GetUserToken() in UserService----
2023-02-21 08:44:35,919 [17] DEBUG LTCPro.ServiceLayer.Log4net - ---Executing GetUserToken() in UserService----
2023-02-21 08:44:35,924 [29] DEBUG LTCPro.ServiceLayer.Log4net - ---Executing GetUserRecentFacNs() in UserController----
2023-02-21 08:44:35,924 [29] DEBUG LTCPro.ServiceLayer.Log4net - ---Executing GetUserRecentFacNs() in UserService----
2023-02-21 08:44:35,927 [32] DEBUG LTCPro.ServiceLayer.Log4net - ---Executing InsertUserActivityDetails() in CompanyController----
2023-02-21 08:44:35,927 [32] DEBUG LTCPro.ServiceLayer.Log4net - ---Executing InsertUserActivityDetails() in UserActivityService----
2023-02-21 08:44:36,143 [17] DEBUG LTCPro.ServiceLayer.Log4net - ---Executing OrderEndingSoonStatus() in OrdersController----
2023-02-21 08:44:36,143 [17] DEBUG LTCPro.ServiceLayer.Log4net - ---Executing OrderEndingSoonStatus() in OrdersService----
2023-02-21 08:44:36,370 [29] DEBUG LTCPro.ServiceLayer.Log4net - ---Executed Successfully GetUserRecentFacNs() in UserController----
2023-02-21 08:44:36,406 [16] DEBUG LTCPro.ServiceLayer.Log4net - ---Executing GetUserToken() in UserService----
2023-02-21 08:44:36,449 [17] DEBUG LTCPro.ServiceLayer.Log4net - ---Executed Successfully OrderEndingSoonStatus() in OrdersController----
2023-02-21 08:44:36,601 [32] DEBUG LTCPro.ServiceLayer.Log4net - ---Executed Successfully InsertUserActivityDetails() in CompanyController----
2023-02-21 08:44:36,632 [16] DEBUG LTCPro.ServiceLayer.Log4net - ---Executing GetUserAccessFacilityNurseStaions() in FacilityController----
2023-02-21 08:44:36,632 [16] DEBUG LTCPro.ServiceLayer.Log4net - ---Executing GetUserAccessFacilityNurseStaions() in FacilityService----
2023-02-21 08:44:37,082 [16] DEBUG LTCPro.ServiceLayer.Log4net - ---Executed Successfully GetUserAccessFacilityNurseStaions() in FacilityController----
2023-02-21 08:44:37,111 [17] DEBUG LTCPro.ServiceLayer.Log4net - ---Executing GetUserToken() in UserService----
2023-02-21 08:44:37,337 [17] DEBUG LTCPro.ServiceLayer.Log4net - ---Executing UserNurseStationDrop() in FacilityController----
2023-02-21 08:44:37,338 [17] DEBUG LTCPro.ServiceLayer.Log4net - ---Executing UserNurseStationDrop() in FacilityService----
2023-02-21 08:44:37,570 [17] DEBUG LTCPro.ServiceLayer.Log4net - ---Executed Successfully UserNurseStationDrop() in FacilityController----
2023-02-21 08:44:37,650 [7] DEBUG LTCPro.ServiceLayer.Log4net - ---Executing GetUserToken() in UserService----
2023-02-21 08:44:37,661 [27] DEBUG LTCPro.ServiceLayer.Log4net - ---Executing GetUserToken() in UserService----
2023-02-21 08:44:37,684 [17] DEBUG LTCPro.ServiceLayer.Log4net - ---Executing GetUserToken() in UserService----
2023-02-21 08:44:37,970 [7] DEBUG LTCPro.ServiceLayer.Log4net - ---Executing GetCompanyToBedFlagByFacId() in FacilityController----
2023-02-21 08:44:37,970 [7] DEBUG LTCPro.ServiceLayer.Log4net - ---Executing GetCompanyToBedFlagByFacId() in FacilityService----
2023-02-21 08:44:37,972 [27] DEBUG LTCPro.ServiceLayer.Log4net - ---Executing GetPRNDetailsByfilter() in EMARController----
2023-02-21 08:44:37,973 [27] DEBUG LTCPro.ServiceLayer.Log4net - ---Executing GetPRNDetailsByfilter() in EmarService----
2023-02-21 08:44:37,997 [30] DEBUG LTCPro.ServiceLayer.Log4net - ---Executing GetUserToken() in UserService----
2023-02-21 08:44:38,019 [29] DEBUG LTCPro.ServiceLayer.Log4net - ---Executing GetUserToken() in UserService----
2023-02-21 08:44:38,030 [16] DEBUG LTCPro.ServiceLayer.Log4net - ---Executing GetUserToken() in UserService----
2023-02-21 08:44:38,043 [17] DEBUG LTCPro.ServiceLayer.Log4net - ---Executing GetSeventyTwoHourDetailsByfilter() in EMARController----
2023-02-21 08:44:38,043 [17] DEBUG LTCPro.ServiceLayer.Log4net - ---Executing GetSeventyTwoHourDetailsByfilter() in EmarService----
2023-02-21 08:44:38,233 [30] DEBUG LTCPro.ServiceLayer.Log4net - ---Executing OrderEndingSoonStatus() in OrdersController----
2023-02-21 08:44:38,234 [30] DEBUG LTCPro.ServiceLayer.Log4net - ---Executing OrderEndingSoonStatus() in OrdersService----
2023-02-21 08:44:38,252 [29] DEBUG LTCPro.ServiceLayer.Log4net - ---Executing GetOrdersGridData() in OrdersController----
2023-02-21 08:44:38,252 [29] DEBUG LTCPro.ServiceLayer.Log4net - ---Executing GetOrdersGridData() in OrdersService----
2023-02-21 08:44:38,254 [16] DEBUG LTCPro.ServiceLayer.Log4net - ---Executing GetOrdersEndingSoon() in OrdersController----
2023-02-21 08:44:38,255 [16] DEBUG LTCPro.ServiceLayer.Log4net - ---Executing GetOrdersEndingSoon() in OrdersService----
2023-02-21 08:44:38,426 [7] DEBUG LTCPro.ServiceLayer.Log4net - ---Executed Successfully GetCompanyToBedFlagByFacId() in FacilityController----
2023-02-21 08:44:38,488 [32] DEBUG LTCPro.ServiceLayer.Log4net - ---Executing GetUserToken() in UserService----
2023-02-21 08:44:38,556 [30] DEBUG LTCPro.ServiceLayer.Log4net - ---Executed Successfully OrderEndingSoonStatus() in OrdersController----
2023-02-21 08:44:38,717 [32] DEBUG LTCPro.ServiceLayer.Log4net - ---Executing GetNurseStationHierarchyDetailsbyNsId() in CompanyController----
2023-02-21 08:44:38,717 [32] DEBUG LTCPro.ServiceLayer.Log4net - ---Executing GetNurseStationHierarchyDetailsbyNsId() in CompanyService----
2023-02-21 08:44:38,794 [16] DEBUG LTCPro.ServiceLayer.Log4net - ---Executed Successfully GetOrdersEndingSoon() in OrdersController----
2023-02-21 08:44:38,947 [32] DEBUG LTCPro.ServiceLayer.Log4net - ---Executed Successfully GetNurseStationHierarchyDetailsbyNsId() in CompanyController----
2023-02-21 08:44:39,831 [29] DEBUG LTCPro.ServiceLayer.Log4net - ---Executed Successfully GetOrdersGridData() in OrdersController----
2023-02-21 08:44:40,110 [7] DEBUG LTCPro.ServiceLayer.Log4net - ---Executing GetUserToken() in UserService----
2023-02-21 08:44:40,341 [7] DEBUG LTCPro.ServiceLayer.Log4net - ---Executing GetPendingOrdersGridData() in OrdersController----
2023-02-21 08:44:40,341 [7] DEBUG LTCPro.ServiceLayer.Log4net - ---Executing GetPendingOrdersGridData() in OrdersService----
2023-02-21 08:44:40,899 [15] DEBUG LTCPro.ServiceLayer.Log4net - ---Executing GetUserToken() in UserService----
2023-02-21 08:44:40,905 [29] DEBUG LTCPro.ServiceLayer.Log4net - ---Executing GetUserToken() in UserService----
2023-02-21 08:44:41,129 [15] DEBUG LTCPro.ServiceLayer.Log4net - ---Executing InsertUserActivityDetails() in CompanyController----
2023-02-21 08:44:41,129 [15] DEBUG LTCPro.ServiceLayer.Log4net - ---Executing InsertUserActivityDetails() in UserActivityService----
2023-02-21 08:44:41,134 [29] DEBUG LTCPro.ServiceLayer.Log4net - ---Executing GetUserRecentFacNs() in UserController----
2023-02-21 08:44:41,134 [29] DEBUG LTCPro.ServiceLayer.Log4net - ---Executing GetUserRecentFacNs() in UserService----
2023-02-21 08:44:41,590 [29] DEBUG LTCPro.ServiceLayer.Log4net - ---Executed Successfully GetUserRecentFacNs() in UserController----
2023-02-21 08:44:41,620 [29] DEBUG LTCPro.ServiceLayer.Log4net - ---Executing GetUserToken() in UserService----
2023-02-21 08:44:41,782 [7] DEBUG LTCPro.ServiceLayer.Log4net - ---Executed Successfully GetPendingOrdersGridData() in OrdersController----
2023-02-21 08:44:41,814 [15] DEBUG LTCPro.ServiceLayer.Log4net - ---Executed Successfully InsertUserActivityDetails() in CompanyController----
2023-02-21 08:44:41,850 [29] DEBUG LTCPro.ServiceLayer.Log4net - ---Executing GetUserAccessFacilityNurseStaions() in FacilityController----
2023-02-21 08:44:41,850 [29] DEBUG LTCPro.ServiceLayer.Log4net - ---Executing GetUserAccessFacilityNurseStaions() in FacilityService----
2023-02-21 08:44:42,308 [29] DEBUG LTCPro.ServiceLayer.Log4net - ---Executed Successfully GetUserAccessFacilityNurseStaions() in FacilityController----
2023-02-21 08:44:42,329 [32] DEBUG LTCPro.ServiceLayer.Log4net - ---Executing GetUserToken() in UserService----
2023-02-21 08:44:42,558 [32] DEBUG LTCPro.ServiceLayer.Log4net - ---Executing UserNurseStationDrop() in FacilityController----
2023-02-21 08:44:42,558 [32] DEBUG LTCPro.ServiceLayer.Log4net - ---Executing UserNurseStationDrop() in FacilityService----
2023-02-21 08:44:42,790 [32] DEBUG LTCPro.ServiceLayer.Log4net - ---Executed Successfully UserNurseStationDrop() in FacilityController----
2023-02-21 08:44:42,853 [15] DEBUG LTCPro.ServiceLayer.Log4net - ---Executing GetUserToken() in UserService----
2023-02-21 08:44:43,157 [15] DEBUG LTCPro.ServiceLayer.Log4net - ---Executing GetCompanyToBedFlagByFacId() in FacilityController----
2023-02-21 08:44:43,157 [15] DEBUG LTCPro.ServiceLayer.Log4net - ---Executing GetCompanyToBedFlagByFacId() in FacilityService----
2023-02-21 08:44:43,175 [32] DEBUG LTCPro.ServiceLayer.Log4net - ---Executing GetUserToken() in UserService----
2023-02-21 08:44:43,646 [15] DEBUG LTCPro.ServiceLayer.Log4net - ---Executed Successfully GetCompanyToBedFlagByFacId() in FacilityController----
2023-02-21 08:44:43,663 [32] DEBUG LTCPro.ServiceLayer.Log4net - ---Executing GetControlSubstanceGridData() in OrdersController----
2023-02-21 08:44:43,665 [32] DEBUG LTCPro.ServiceLayer.Log4net - ---Executing GetControlSubstanceGridData() in OrdersService----
2023-02-21 08:44:43,706 [15] DEBUG LTCPro.ServiceLayer.Log4net - ---Executing GetUserToken() in UserService----
2023-02-21 08:44:43,934 [15] DEBUG LTCPro.ServiceLayer.Log4net - ---Executing GetNurseStationHierarchyDetailsbyNsId() in CompanyController----
2023-02-21 08:44:43,934 [15] DEBUG LTCPro.ServiceLayer.Log4net - ---Executing GetNurseStationHierarchyDetailsbyNsId() in CompanyService----
2023-02-21 08:44:44,164 [15] DEBUG LTCPro.ServiceLayer.Log4net - ---Executed Successfully GetNurseStationHierarchyDetailsbyNsId() in CompanyController----
2023-02-21 08:44:46,346 [17] DEBUG LTCPro.ServiceLayer.Log4net - ---Executed Successfully GetSeventyTwoHourDetailsByfilter() in EMARController----
2023-02-21 08:44:46,760 [27] DEBUG LTCPro.ServiceLayer.Log4net - ---Executed Successfully GetPRNDetailsByfilter() in EMARController----
2023-02-21 08:47:57,841 [32] DEBUG LTCPro.ServiceLayer.Log4net - ---Executed Successfully GetControlSubstanceGridData() in OrdersController----
