2022-02-02 00:01:29,080 [7] DEBUG LTCPro.ServiceLayer.Log4net - ---Executing GetRoleConfigDetailsByScreenID() in RoleController----
2022-02-02 00:01:29,088 [7] DEBUG LTCPro.ServiceLayer.Log4net - ---Executing GetRoleConfigDetailsByScreenID() in RoleService----
2022-02-02 00:01:30,031 [7] DEBUG LTCPro.ServiceLayer.Log4net - ---Executed Successfully GetRoleConfigDetailsByScreenID() in RoleController----
2022-02-02 00:01:31,702 [8] DEBUG LTCPro.ServiceLayer.Log4net - ---Executing GetRoleConfigDetailsByScreenID() in RoleController----
2022-02-02 00:01:31,702 [8] DEBUG LTCPro.ServiceLayer.Log4net - ---Executing GetRoleConfigDetailsByScreenID() in RoleService----
2022-02-02 00:01:31,716 [8] DEBUG LTCPro.ServiceLayer.Log4net - ---Executed Successfully GetRoleConfigDetailsByScreenID() in RoleController----
2022-02-02 00:01:32,291 [8] DEBUG LTCPro.ServiceLayer.Log4net - ---Executing GetRoleConfigDetailsByScreenID() in RoleController----
2022-02-02 00:01:32,291 [8] DEBUG LTCPro.ServiceLayer.Log4net - ---Executing GetRoleConfigDetailsByScreenID() in RoleService----
2022-02-02 00:01:32,299 [8] DEBUG LTCPro.ServiceLayer.Log4net - ---Executed Successfully GetRoleConfigDetailsByScreenID() in RoleController----
2022-02-02 00:01:33,101 [5] DEBUG LTCPro.ServiceLayer.Log4net - ---Executing GetRoleConfigDetailsByScreenID() in RoleController----
2022-02-02 00:01:33,101 [5] DEBUG LTCPro.ServiceLayer.Log4net - ---Executing GetRoleConfigDetailsByScreenID() in RoleService----
2022-02-02 00:01:33,110 [5] DEBUG LTCPro.ServiceLayer.Log4net - ---Executed Successfully GetRoleConfigDetailsByScreenID() in RoleController----
2022-02-02 00:01:33,524 [8] DEBUG LTCPro.ServiceLayer.Log4net - ---Executing GetRoleConfigDetailsByScreenID() in RoleController----
2022-02-02 00:01:33,524 [8] DEBUG LTCPro.ServiceLayer.Log4net - ---Executing GetRoleConfigDetailsByScreenID() in RoleService----
2022-02-02 00:01:33,534 [8] DEBUG LTCPro.ServiceLayer.Log4net - ---Executed Successfully GetRoleConfigDetailsByScreenID() in RoleController----
2022-02-02 00:01:34,416 [5] DEBUG LTCPro.ServiceLayer.Log4net - ---Executing GetRoleConfigDetailsByScreenID() in RoleController----
2022-02-02 00:01:34,417 [5] DEBUG LTCPro.ServiceLayer.Log4net - ---Executing GetRoleConfigDetailsByScreenID() in RoleService----
2022-02-02 00:01:34,427 [5] DEBUG LTCPro.ServiceLayer.Log4net - ---Executed Successfully GetRoleConfigDetailsByScreenID() in RoleController----
2022-02-02 00:01:46,793 [7] DEBUG LTCPro.ServiceLayer.Log4net - ---Executing Insert/Update() in RoleController----
2022-02-02 00:01:46,794 [7] DEBUG LTCPro.ServiceLayer.Log4net - ---Executing InsertRoleConfigMaster() in RoleService----
2022-02-02 00:02:44,519 [7] DEBUG LTCPro.ServiceLayer.Log4net - ---Executed Successfully Insert/Update() in RoleController----
2022-02-02 00:02:46,553 [6] DEBUG LTCPro.ServiceLayer.Log4net - ---Executing GetRoleConfigsGrid() in RoleController----
2022-02-02 00:02:46,554 [6] DEBUG LTCPro.ServiceLayer.Log4net - ---Executing GetRoleConfigsGrid() in RoleService----
2022-02-02 00:02:46,606 [6] DEBUG LTCPro.ServiceLayer.Log4net - ---Executed Successfully GetRoleConfigsGrid() in RoleController----
2022-02-02 00:03:55,288 [6] DEBUG LTCPro.ServiceLayer.Log4net - ---Executing GetRoleConfigDetailsByID() in RoleController----
2022-02-02 00:03:55,289 [6] DEBUG LTCPro.ServiceLayer.Log4net - ---Executing GetRoleConfigDetailsByID() in RoleService----
2022-02-02 00:03:55,335 [6] DEBUG LTCPro.ServiceLayer.Log4net - ---Executed Successfully GetRoleConfigDetailsByID() in RoleController----
2022-02-02 00:03:55,356 [6] DEBUG LTCPro.ServiceLayer.Log4net - ---Executing GetSubRolesScreenList() in RoleController----
2022-02-02 00:03:55,356 [6] DEBUG LTCPro.ServiceLayer.Log4net - ---Executing GetSubRolesScreenList() in RoleService----
2022-02-02 00:03:55,398 [6] DEBUG LTCPro.ServiceLayer.Log4net - ---Executed Successfully GetScreenPermissionsForLoggedInUser() in RoleController----
2022-02-02 00:04:13,069 [7] DEBUG LTCPro.ServiceLayer.Log4net - ---Executing Insert/Update() in RoleController----
2022-02-02 00:04:13,069 [7] DEBUG LTCPro.ServiceLayer.Log4net - ---Executing InsertRoleConfigMaster() in RoleService----
2022-02-02 00:04:27,001 [7] DEBUG LTCPro.ServiceLayer.Log4net - ---Executed Successfully Insert/Update() in RoleController----
2022-02-02 00:04:28,568 [8] DEBUG LTCPro.ServiceLayer.Log4net - ---Executing GetRoleConfigsGrid() in RoleController----
2022-02-02 00:04:28,568 [8] DEBUG LTCPro.ServiceLayer.Log4net - ---Executing GetRoleConfigsGrid() in RoleService----
2022-02-02 00:04:28,582 [8] DEBUG LTCPro.ServiceLayer.Log4net - ---Executed Successfully GetRoleConfigsGrid() in RoleController----
2022-02-02 00:06:41,113 [15] DEBUG LTCPro.ServiceLayer.Log4net - ---Executing GetRoleConfigDetailsByID() in RoleController----
2022-02-02 00:06:41,113 [15] DEBUG LTCPro.ServiceLayer.Log4net - ---Executing GetRoleConfigDetailsByID() in RoleService----
2022-02-02 00:06:41,122 [15] DEBUG LTCPro.ServiceLayer.Log4net - ---Executed Successfully GetRoleConfigDetailsByID() in RoleController----
2022-02-02 00:06:41,139 [7] DEBUG LTCPro.ServiceLayer.Log4net - ---Executing GetSubRolesScreenList() in RoleController----
2022-02-02 00:06:41,139 [7] DEBUG LTCPro.ServiceLayer.Log4net - ---Executing GetSubRolesScreenList() in RoleService----
2022-02-02 00:06:41,151 [7] DEBUG LTCPro.ServiceLayer.Log4net - ---Executed Successfully GetScreenPermissionsForLoggedInUser() in RoleController----
2022-02-02 00:06:47,388 [7] DEBUG LTCPro.ServiceLayer.Log4net - ---Executing Insert/Update() in RoleController----
2022-02-02 00:06:47,388 [7] DEBUG LTCPro.ServiceLayer.Log4net - ---Executing InsertRoleConfigMaster() in RoleService----
2022-02-02 00:07:01,014 [7] DEBUG LTCPro.ServiceLayer.Log4net - ---Executed Successfully Insert/Update() in RoleController----
2022-02-02 00:07:02,432 [14] DEBUG LTCPro.ServiceLayer.Log4net - ---Executing GetRoleConfigsGrid() in RoleController----
2022-02-02 00:07:02,432 [14] DEBUG LTCPro.ServiceLayer.Log4net - ---Executing GetRoleConfigsGrid() in RoleService----
2022-02-02 00:07:02,441 [14] DEBUG LTCPro.ServiceLayer.Log4net - ---Executed Successfully GetRoleConfigsGrid() in RoleController----
2022-02-02 00:07:18,693 [14] DEBUG LTCPro.ServiceLayer.Log4net - ---Executing GetUserToken() in UserService----
2022-02-02 00:07:18,986 [14] DEBUG LTCPro.ServiceLayer.Log4net - ---Executing GetAuditTableData() in AuditController----
2022-02-02 00:07:19,060 [14] DEBUG LTCPro.ServiceLayer.Log4net - ---Executing GetAuditTableData() in AuditService----
2022-02-02 00:07:19,450 [14] DEBUG LTCPro.ServiceLayer.Log4net - ---Executed Successfully GetAuditTableData() in AuditController----
2022-02-02 00:07:33,342 [15] DEBUG LTCPro.ServiceLayer.Log4net - ---Executing GetSubRolesScreenList() in RoleController----
2022-02-02 00:07:33,343 [15] DEBUG LTCPro.ServiceLayer.Log4net - ---Executing GetSubRolesScreenList() in RoleService----
2022-02-02 00:07:34,965 [16] DEBUG LTCPro.ServiceLayer.Log4net - ---Executing GetRoleConfigsGrid() in RoleController----
2022-02-02 00:07:34,965 [16] DEBUG LTCPro.ServiceLayer.Log4net - ---Executing GetRoleConfigsGrid() in RoleService----
2022-02-02 00:07:34,986 [15] DEBUG LTCPro.ServiceLayer.Log4net - ---Executed Successfully GetScreenPermissionsForLoggedInUser() in RoleController----
2022-02-02 00:07:34,998 [16] DEBUG LTCPro.ServiceLayer.Log4net - ---Executed Successfully GetRoleConfigsGrid() in RoleController----
2022-02-02 00:07:56,712 [15] DEBUG LTCPro.ServiceLayer.Log4net - ---Executing GetRoleConfigDetailsByScreenID() in RoleController----
2022-02-02 00:07:56,712 [15] DEBUG LTCPro.ServiceLayer.Log4net - ---Executing GetRoleConfigDetailsByScreenID() in RoleService----
2022-02-02 00:07:56,732 [15] DEBUG LTCPro.ServiceLayer.Log4net - ---Executed Successfully GetRoleConfigDetailsByScreenID() in RoleController----
2022-02-02 00:07:57,221 [16] DEBUG LTCPro.ServiceLayer.Log4net - ---Executing GetRoleConfigDetailsByScreenID() in RoleController----
2022-02-02 00:07:57,221 [16] DEBUG LTCPro.ServiceLayer.Log4net - ---Executing GetRoleConfigDetailsByScreenID() in RoleService----
2022-02-02 00:07:57,235 [16] DEBUG LTCPro.ServiceLayer.Log4net - ---Executed Successfully GetRoleConfigDetailsByScreenID() in RoleController----
2022-02-02 00:08:23,597 [16] DEBUG LTCPro.ServiceLayer.Log4net - ---Executing Insert/Update() in RoleController----
2022-02-02 00:08:23,597 [16] DEBUG LTCPro.ServiceLayer.Log4net - ---Executing InsertRoleConfigMaster() in RoleService----
2022-02-02 00:08:33,589 [16] DEBUG LTCPro.ServiceLayer.Log4net - ---Executed Successfully Insert/Update() in RoleController----
2022-02-02 00:08:34,678 [16] DEBUG LTCPro.ServiceLayer.Log4net - ---Executing GetRoleConfigsGrid() in RoleController----
2022-02-02 00:08:34,679 [16] DEBUG LTCPro.ServiceLayer.Log4net - ---Executing GetRoleConfigsGrid() in RoleService----
2022-02-02 00:08:34,697 [16] DEBUG LTCPro.ServiceLayer.Log4net - ---Executed Successfully GetRoleConfigsGrid() in RoleController----
2022-02-02 00:08:51,937 [14] DEBUG LTCPro.ServiceLayer.Log4net - ---Executing GetSubRolesScreenList() in RoleController----
2022-02-02 00:08:51,937 [14] DEBUG LTCPro.ServiceLayer.Log4net - ---Executing GetSubRolesScreenList() in RoleService----
2022-02-02 00:08:54,241 [15] DEBUG LTCPro.ServiceLayer.Log4net - ---Executing GetRoleConfigsGrid() in RoleController----
2022-02-02 00:08:54,241 [15] DEBUG LTCPro.ServiceLayer.Log4net - ---Executing GetRoleConfigsGrid() in RoleService----
2022-02-02 00:08:54,253 [14] DEBUG LTCPro.ServiceLayer.Log4net - ---Executed Successfully GetScreenPermissionsForLoggedInUser() in RoleController----
2022-02-02 00:08:54,253 [15] DEBUG LTCPro.ServiceLayer.Log4net - ---Executed Successfully GetRoleConfigsGrid() in RoleController----
2022-02-02 00:09:06,274 [19] DEBUG LTCPro.ServiceLayer.Log4net - ---Executing GetSubRolesScreenList() in RoleController----
2022-02-02 00:09:07,982 [19] DEBUG LTCPro.ServiceLayer.Log4net - ---Executing GetSubRolesScreenList() in RoleService----
2022-02-02 00:09:07,982 [16] DEBUG LTCPro.ServiceLayer.Log4net - ---Executing GetRoleConfigsGrid() in RoleController----
2022-02-02 00:09:07,982 [16] DEBUG LTCPro.ServiceLayer.Log4net - ---Executing GetRoleConfigsGrid() in RoleService----
2022-02-02 00:09:07,994 [16] DEBUG LTCPro.ServiceLayer.Log4net - ---Executed Successfully GetRoleConfigsGrid() in RoleController----
2022-02-02 00:09:07,995 [19] DEBUG LTCPro.ServiceLayer.Log4net - ---Executed Successfully GetScreenPermissionsForLoggedInUser() in RoleController----
2022-02-02 00:09:12,781 [16] DEBUG LTCPro.ServiceLayer.Log4net - ---Executing GetRoleConfigDetailsByScreenID() in RoleController----
2022-02-02 00:09:12,781 [16] DEBUG LTCPro.ServiceLayer.Log4net - ---Executing GetRoleConfigDetailsByScreenID() in RoleService----
2022-02-02 00:09:12,794 [16] DEBUG LTCPro.ServiceLayer.Log4net - ---Executed Successfully GetRoleConfigDetailsByScreenID() in RoleController----
2022-02-02 00:09:13,186 [17] DEBUG LTCPro.ServiceLayer.Log4net - ---Executing GetRoleConfigDetailsByScreenID() in RoleController----
2022-02-02 00:09:13,186 [17] DEBUG LTCPro.ServiceLayer.Log4net - ---Executing GetRoleConfigDetailsByScreenID() in RoleService----
2022-02-02 00:09:13,199 [17] DEBUG LTCPro.ServiceLayer.Log4net - ---Executed Successfully GetRoleConfigDetailsByScreenID() in RoleController----
2022-02-02 00:09:18,480 [16] DEBUG LTCPro.ServiceLayer.Log4net - ---Executing Insert/Update() in RoleController----
2022-02-02 00:09:18,480 [16] DEBUG LTCPro.ServiceLayer.Log4net - ---Executing InsertRoleConfigMaster() in RoleService----
2022-02-02 00:09:20,295 [16] DEBUG LTCPro.ServiceLayer.Log4net - ---Executed Successfully Insert/Update() in RoleController----
2022-02-02 00:09:21,926 [15] DEBUG LTCPro.ServiceLayer.Log4net - ---Executing GetRoleConfigsGrid() in RoleController----
2022-02-02 00:09:21,926 [15] DEBUG LTCPro.ServiceLayer.Log4net - ---Executing GetRoleConfigsGrid() in RoleService----
2022-02-02 00:09:21,941 [15] DEBUG LTCPro.ServiceLayer.Log4net - ---Executed Successfully GetRoleConfigsGrid() in RoleController----
2022-02-02 00:09:26,619 [20] DEBUG LTCPro.ServiceLayer.Log4net - ---Executing GetSubRolesScreenList() in RoleController----
2022-02-02 00:09:26,619 [20] DEBUG LTCPro.ServiceLayer.Log4net - ---Executing GetSubRolesScreenList() in RoleService----
2022-02-02 00:09:28,517 [15] DEBUG LTCPro.ServiceLayer.Log4net - ---Executing GetRoleConfigsGrid() in RoleController----
2022-02-02 00:09:28,519 [15] DEBUG LTCPro.ServiceLayer.Log4net - ---Executing GetRoleConfigsGrid() in RoleService----
2022-02-02 00:09:28,557 [20] DEBUG LTCPro.ServiceLayer.Log4net - ---Executed Successfully GetScreenPermissionsForLoggedInUser() in RoleController----
2022-02-02 00:09:28,558 [15] DEBUG LTCPro.ServiceLayer.Log4net - ---Executed Successfully GetRoleConfigsGrid() in RoleController----
2022-02-02 00:11:44,159 [22] DEBUG LTCPro.ServiceLayer.Log4net - ---Executing GetUserToken() in UserService----
2022-02-02 00:11:44,159 [11] DEBUG LTCPro.ServiceLayer.Log4net - ---Executing GetUserToken() in UserService----
2022-02-02 00:11:44,164 [15] DEBUG LTCPro.ServiceLayer.Log4net - ---Executing GetUserToken() in UserService----
2022-02-02 00:11:44,198 [22] DEBUG LTCPro.ServiceLayer.Log4net - ---Executing GetDueMARAlertData() in EmarController----
2022-02-02 00:11:44,268 [23] DEBUG LTCPro.ServiceLayer.Log4net - ---Executing GetUserToken() in UserService----
2022-02-02 00:11:44,268 [16] DEBUG LTCPro.ServiceLayer.Log4net - ---Executing GetUserToken() in UserService----
2022-02-02 00:11:44,268 [21] DEBUG LTCPro.ServiceLayer.Log4net - ---Executing GetUserToken() in UserService----
2022-02-02 00:11:44,273 [11] DEBUG LTCPro.ServiceLayer.Log4net - ---Executing GetAlertsDetails() in MailboxController----
2022-02-02 00:11:44,289 [11] DEBUG LTCPro.ServiceLayer.Log4net - ---Executing GetAlertsDetails() in MailboxService----
2022-02-02 00:11:44,289 [22] DEBUG LTCPro.ServiceLayer.Log4net - ---Executing GetDueMARAlertData() in EmarService----
2022-02-02 00:11:44,416 [23] DEBUG LTCPro.ServiceLayer.Log4net - ---Executing GetUserPassedDueFlag() in UserController----
2022-02-02 00:11:44,417 [16] DEBUG LTCPro.ServiceLayer.Log4net - ---Executing GetPendingDosesList() in CommonController----
2022-02-02 00:11:44,420 [21] DEBUG LTCPro.ServiceLayer.Log4net - ---Executing GetUserRecentFacNs() in UserController----
2022-02-02 00:11:44,426 [15] DEBUG LTCPro.ServiceLayer.Log4net - ---Executing GetReadMailsCount() in MailboxController----
2022-02-02 00:11:44,427 [15] DEBUG LTCPro.ServiceLayer.Log4net - ---Executing GetReadMailsCount() in MailboxService----
2022-02-02 00:11:44,475 [21] DEBUG LTCPro.ServiceLayer.Log4net - ---Executing GetUserRecentFacNs() in UserService----
2022-02-02 00:11:44,491 [23] DEBUG LTCPro.ServiceLayer.Log4net - ---Executing GetUserPassedDueFlag() in UserService----
2022-02-02 00:11:44,491 [16] DEBUG LTCPro.ServiceLayer.Log4net - ---Executing GetPendingDosesList() in CommonService----
2022-02-02 00:11:44,692 [15] DEBUG LTCPro.ServiceLayer.Log4net - ---Executed successfully GetReadMailsCount() in MailboxController----
2022-02-02 00:11:44,771 [23] DEBUG LTCPro.ServiceLayer.Log4net - ---Executed Successfully GetUserPassedDueFlag() in UserController----
2022-02-02 00:11:44,773 [15] DEBUG LTCPro.ServiceLayer.Log4net - ---Executing GetUserToken() in UserService----
2022-02-02 00:11:45,103 [13] DEBUG LTCPro.ServiceLayer.Log4net - ---Executing GetUserToken() in UserService----
2022-02-02 00:11:45,107 [11] DEBUG LTCPro.ServiceLayer.Log4net - ---Executed successfully GetAlertsDetails() in MailboxController----
2022-02-02 00:11:45,370 [16] DEBUG LTCPro.ServiceLayer.Log4net - ---Executed Successfully GetPendingDosesList() in CommonController----
2022-02-02 00:11:45,373 [13] DEBUG LTCPro.ServiceLayer.Log4net - ---Executing GetOutboundErrorDetails() in CommonController----
2022-02-02 00:11:45,374 [13] DEBUG LTCPro.ServiceLayer.Log4net - ---Executing GetOutboundErrorDetails() in CommonService----
2022-02-02 00:11:45,389 [11] DEBUG LTCPro.ServiceLayer.Log4net - ---Executing GetSubRolesList() in RoleController----
2022-02-02 00:11:45,391 [11] DEBUG LTCPro.ServiceLayer.Log4net - ---Executing GetSubRolesList() in RoleService----
2022-02-02 00:11:53,381 [15] DEBUG LTCPro.ServiceLayer.Log4net - ---Executing InsertUserActivityDetails() in CompanyController----
2022-02-02 00:11:53,384 [21] DEBUG LTCPro.ServiceLayer.Log4net - ---Executed Successfully GetUserRecentFacNs() in UserController----
2022-02-02 00:11:53,385 [18] DEBUG LTCPro.ServiceLayer.Log4net - ---Executing GetRoleConfigsGrid() in RoleController----
2022-02-02 00:11:53,385 [18] DEBUG LTCPro.ServiceLayer.Log4net - ---Executing GetRoleConfigsGrid() in RoleService----
2022-02-02 00:11:53,398 [15] DEBUG LTCPro.ServiceLayer.Log4net - ---Executing InsertUserActivityDetails() in UserActivityService----
2022-02-02 00:11:53,439 [18] DEBUG LTCPro.ServiceLayer.Log4net - ---Executed Successfully GetRoleConfigsGrid() in RoleController----
2022-02-02 00:11:53,450 [11] DEBUG LTCPro.ServiceLayer.Log4net - ---Executed Successfully GetSubRolesList() in RoleController----
2022-02-02 00:11:53,460 [13] DEBUG LTCPro.ServiceLayer.Log4net - ---Executed Successfully GetOutboundErrorDetails() in CommonController----
2022-02-02 00:11:53,509 [22] DEBUG LTCPro.ServiceLayer.Log4net - ---Executed Successfully GetDueMARAlertData() in EmarController----
2022-02-02 00:11:53,576 [5] DEBUG LTCPro.ServiceLayer.Log4net - ---Executing GetUserToken() in UserService----
2022-02-02 00:11:53,648 [5] DEBUG LTCPro.ServiceLayer.Log4net - ---Executing GetUserAccessFacilityNurseStaions() in FacilityController----
2022-02-02 00:11:53,648 [5] DEBUG LTCPro.ServiceLayer.Log4net - ---Executing GetUserAccessFacilityNurseStaions() in FacilityService----
2022-02-02 00:11:53,916 [5] DEBUG LTCPro.ServiceLayer.Log4net - ---Executed Successfully GetUserAccessFacilityNurseStaions() in FacilityController----
2022-02-02 00:11:54,900 [15] DEBUG LTCPro.ServiceLayer.Log4net - ---Executed Successfully InsertUserActivityDetails() in CompanyController----
2022-02-02 21:33:39,991 [8] DEBUG LTCPro.ServiceLayer.Log4net - ---Executing UsersConfigNurseStationDrop() in FacilityController----
2022-02-02 21:33:40,106 [8] DEBUG LTCPro.ServiceLayer.Log4net - ---Executing UsersConfigNurseStationDrop() in FacilityService----
2022-02-02 21:33:57,888 [8] DEBUG LTCPro.ServiceLayer.Log4net - ---Executed Successfully UsersConfigNurseStationDrop() in FacilityController----
2022-02-02 21:33:58,234 [8] DEBUG LTCPro.ServiceLayer.Log4net - ---Executing GetProcessKeyMasterList() in FacilityController----
2022-02-02 21:33:58,246 [8] DEBUG LTCPro.ServiceLayer.Log4net - ---Executing GetProcessKeyMasterList() in FacilityService----
2022-02-02 21:33:58,490 [8] DEBUG LTCPro.ServiceLayer.Log4net - ---Executed Successfully GetProcessKeyMasterList() in FacilityController----
2022-02-02 21:34:04,450 [8] DEBUG LTCPro.ServiceLayer.Log4net - ---Executing GetProcessKeyMasterList() in FacilityController----
2022-02-02 21:34:04,450 [8] DEBUG LTCPro.ServiceLayer.Log4net - ---Executing GetProcessKeyMasterList() in FacilityService----
2022-02-02 21:34:04,662 [8] DEBUG LTCPro.ServiceLayer.Log4net - ---Executed Successfully GetProcessKeyMasterList() in FacilityController----
2022-02-02 21:34:07,394 [11] DEBUG LTCPro.ServiceLayer.Log4net - ---Executing CheckUser() in UserService----
2022-02-02 21:34:09,830 [11] DEBUG LTCPro.ServiceLayer.Log4net - ---Executing FindUser() in UserService----
2022-02-02 21:34:10,221 [11] DEBUG LTCPro.ServiceLayer.Log4net - ---Executing InsertUserSession() in UserService----
2022-02-02 21:34:11,011 [11] DEBUG LTCPro.ServiceLayer.Log4net - ---Executing InsertUserToken() in UserService----
2022-02-02 21:34:11,940 [7] DEBUG LTCPro.ServiceLayer.Log4net - ---Executing GetScreenPermissionsForLoggedInUser() in RoleController----
2022-02-02 21:34:11,968 [7] DEBUG LTCPro.ServiceLayer.Log4net - ---Executing GetScreenPermissionsForLoggedInUser() in RoleService----
2022-02-02 21:34:12,040 [8] DEBUG LTCPro.ServiceLayer.Log4net - ---Executing InsertUpdateUserRecentFacNs() in UserController----
2022-02-02 21:34:12,052 [8] DEBUG LTCPro.ServiceLayer.Log4net - ---Executing GetUserRecentFacNs() in UserService----
2022-02-02 21:34:12,194 [7] DEBUG LTCPro.ServiceLayer.Log4net - ---Executed Successfully GetScreenPermissionsForLoggedInUser() in RoleController----
2022-02-02 21:34:12,445 [7] DEBUG LTCPro.ServiceLayer.Log4net - ---Executing GetUserToken() in UserService----
2022-02-02 21:34:12,445 [13] DEBUG LTCPro.ServiceLayer.Log4net - ---Executing GetUserToken() in UserService----
2022-02-02 21:34:12,445 [6] DEBUG LTCPro.ServiceLayer.Log4net - ---Executing GetUserToken() in UserService----
2022-02-02 21:34:12,569 [11] DEBUG LTCPro.ServiceLayer.Log4net - ---Executing GetUserToken() in UserService----
2022-02-02 21:34:12,571 [12] DEBUG LTCPro.ServiceLayer.Log4net - ---Executing GetUserToken() in UserService----
2022-02-02 21:34:12,777 [7] DEBUG LTCPro.ServiceLayer.Log4net - ---Executing InsertUserActivityDetails() in CompanyController----
2022-02-02 21:34:12,778 [7] DEBUG LTCPro.ServiceLayer.Log4net - ---Executing InsertUserActivityDetails() in UserActivityService----
2022-02-02 21:34:12,863 [6] DEBUG LTCPro.ServiceLayer.Log4net - ---Executing GetAlertsDetails() in MailboxController----
2022-02-02 21:34:12,875 [6] DEBUG LTCPro.ServiceLayer.Log4net - ---Executing GetAlertsDetails() in MailboxService----
2022-02-02 21:34:13,485 [7] DEBUG LTCPro.ServiceLayer.Log4net - ---Executed Successfully InsertUserActivityDetails() in CompanyController----
2022-02-02 21:34:13,507 [5] DEBUG LTCPro.ServiceLayer.Log4net - ---Executing GetUserToken() in UserService----
2022-02-02 21:34:14,136 [6] DEBUG LTCPro.ServiceLayer.Log4net - ---Executed successfully GetAlertsDetails() in MailboxController----
2022-02-02 21:34:14,153 [6] DEBUG LTCPro.ServiceLayer.Log4net - ---Executing GetUserToken() in UserService----
2022-02-02 21:34:14,346 [12] DEBUG LTCPro.ServiceLayer.Log4net - ---Executing GetPendingDosesList() in CommonController----
2022-02-02 21:34:14,347 [12] DEBUG LTCPro.ServiceLayer.Log4net - ---Executing GetPendingDosesList() in CommonService----
2022-02-02 21:34:14,439 [6] DEBUG LTCPro.ServiceLayer.Log4net - ---Executing GetUserPassedDueFlag() in UserController----
2022-02-02 21:34:14,440 [6] DEBUG LTCPro.ServiceLayer.Log4net - ---Executing GetUserPassedDueFlag() in UserService----
2022-02-02 21:34:14,554 [13] DEBUG LTCPro.ServiceLayer.Log4net - ---Executing GetReadMailsCount() in MailboxController----
2022-02-02 21:34:14,555 [13] DEBUG LTCPro.ServiceLayer.Log4net - ---Executing GetReadMailsCount() in MailboxService----
2022-02-02 21:34:14,661 [8] DEBUG LTCPro.ServiceLayer.Log4net - ---Executing InsertUpdateUserRecentFacNs() in CommonService----
2022-02-02 21:34:14,760 [6] DEBUG LTCPro.ServiceLayer.Log4net - ---Executed Successfully GetUserPassedDueFlag() in UserController----
2022-02-02 21:34:14,773 [7] DEBUG LTCPro.ServiceLayer.Log4net - ---Executing GetUserToken() in UserService----
2022-02-02 21:34:15,186 [7] DEBUG LTCPro.ServiceLayer.Log4net - ---Executing GetDueMARAlertData() in EmarController----
2022-02-02 21:34:15,222 [7] DEBUG LTCPro.ServiceLayer.Log4net - ---Executing GetDueMARAlertData() in EmarService----
2022-02-02 21:34:15,787 [11] DEBUG LTCPro.ServiceLayer.Log4net - ---Executing GetUserRecentFacNs() in UserController----
2022-02-02 21:34:15,787 [11] DEBUG LTCPro.ServiceLayer.Log4net - ---Executing GetUserRecentFacNs() in UserService----
2022-02-02 21:34:16,040 [13] DEBUG LTCPro.ServiceLayer.Log4net - ---Executed successfully GetReadMailsCount() in MailboxController----
2022-02-02 21:34:16,052 [14] DEBUG LTCPro.ServiceLayer.Log4net - ---Executing GetUserToken() in UserService----
2022-02-02 21:34:16,342 [7] DEBUG LTCPro.ServiceLayer.Log4net - ---Executed Successfully GetDueMARAlertData() in EmarController----
2022-02-02 21:34:16,456 [5] DEBUG LTCPro.ServiceLayer.Log4net - ---Executing GetOutboundErrorDetails() in CommonController----
2022-02-02 21:34:16,456 [5] DEBUG LTCPro.ServiceLayer.Log4net - ---Executing GetOutboundErrorDetails() in CommonService----
2022-02-02 21:34:16,549 [11] DEBUG LTCPro.ServiceLayer.Log4net - ---Executed Successfully GetUserRecentFacNs() in UserController----
2022-02-02 21:34:16,651 [6] DEBUG LTCPro.ServiceLayer.Log4net - ---Executing GetUserToken() in UserService----
2022-02-02 21:34:16,654 [12] DEBUG LTCPro.ServiceLayer.Log4net - ---Executed Successfully GetPendingDosesList() in CommonController----
2022-02-02 21:34:16,664 [14] DEBUG LTCPro.ServiceLayer.Log4net - ---Executing GetUserActiveCompanyMasterList() in CompanyController----
2022-02-02 21:34:16,665 [14] DEBUG LTCPro.ServiceLayer.Log4net - ---Executing GetActiveCompanyMasterList() in CompanyService----
2022-02-02 21:34:16,861 [6] DEBUG LTCPro.ServiceLayer.Log4net - ---Executing GetUserAccessFacilityNurseStaions() in FacilityController----
2022-02-02 21:34:16,862 [6] DEBUG LTCPro.ServiceLayer.Log4net - ---Executing GetUserAccessFacilityNurseStaions() in FacilityService----
2022-02-02 21:34:17,335 [6] DEBUG LTCPro.ServiceLayer.Log4net - ---Executed Successfully GetUserAccessFacilityNurseStaions() in FacilityController----
2022-02-02 21:34:17,819 [14] DEBUG LTCPro.ServiceLayer.Log4net - ---Executed Successfully GetUserActiveCompanyMasterList() in CompanyController----
2022-02-02 21:34:18,065 [8] DEBUG LTCPro.ServiceLayer.Log4net - ---Executed Successfully InsertUpdateUserRecentFacNs() in UserController----
2022-02-02 21:34:21,356 [5] DEBUG LTCPro.ServiceLayer.Log4net - ---Executed Successfully GetOutboundErrorDetails() in CommonController----
2022-02-02 21:34:33,409 [6] DEBUG LTCPro.ServiceLayer.Log4net - ---Executing GetUserToken() in UserService----
2022-02-02 21:34:33,410 [11] DEBUG LTCPro.ServiceLayer.Log4net - ---Executing GetUserToken() in UserService----
2022-02-02 21:34:33,619 [11] DEBUG LTCPro.ServiceLayer.Log4net - ---Executing GetUserRecentFacNs() in UserController----
2022-02-02 21:34:33,619 [11] DEBUG LTCPro.ServiceLayer.Log4net - ---Executing GetUserRecentFacNs() in UserService----
2022-02-02 21:34:33,620 [6] DEBUG LTCPro.ServiceLayer.Log4net - ---Executing InsertUserActivityDetails() in CompanyController----
2022-02-02 21:34:33,620 [6] DEBUG LTCPro.ServiceLayer.Log4net - ---Executing InsertUserActivityDetails() in UserActivityService----
2022-02-02 21:34:34,039 [11] DEBUG LTCPro.ServiceLayer.Log4net - ---Executed Successfully GetUserRecentFacNs() in UserController----
2022-02-02 21:34:34,245 [6] DEBUG LTCPro.ServiceLayer.Log4net - ---Executed Successfully InsertUserActivityDetails() in CompanyController----
2022-02-02 21:34:35,308 [7] DEBUG LTCPro.ServiceLayer.Log4net - ---Executing GetUserToken() in UserService----
2022-02-02 21:34:35,529 [7] DEBUG LTCPro.ServiceLayer.Log4net - ---Executing AutoLogoutUser() in UserService----
2022-02-02 21:34:58,797 [5] DEBUG LTCPro.ServiceLayer.Log4net - ---Executing UsersConfigNurseStationDrop() in FacilityController----
2022-02-02 21:34:58,797 [5] DEBUG LTCPro.ServiceLayer.Log4net - ---Executing UsersConfigNurseStationDrop() in FacilityService----
2022-02-02 21:34:59,221 [5] DEBUG LTCPro.ServiceLayer.Log4net - ---Executed Successfully UsersConfigNurseStationDrop() in FacilityController----
2022-02-02 21:34:59,267 [8] DEBUG LTCPro.ServiceLayer.Log4net - ---Executing GetProcessKeyMasterList() in FacilityController----
2022-02-02 21:34:59,267 [8] DEBUG LTCPro.ServiceLayer.Log4net - ---Executing GetProcessKeyMasterList() in FacilityService----
2022-02-02 21:34:59,476 [8] DEBUG LTCPro.ServiceLayer.Log4net - ---Executed Successfully GetProcessKeyMasterList() in FacilityController----
2022-02-02 21:35:01,888 [13] DEBUG LTCPro.ServiceLayer.Log4net - ---Executing GetProcessKeyMasterList() in FacilityController----
2022-02-02 21:35:01,888 [13] DEBUG LTCPro.ServiceLayer.Log4net - ---Executing GetProcessKeyMasterList() in FacilityService----
2022-02-02 21:35:02,097 [13] DEBUG LTCPro.ServiceLayer.Log4net - ---Executed Successfully GetProcessKeyMasterList() in FacilityController----
2022-02-02 21:35:04,178 [8] DEBUG LTCPro.ServiceLayer.Log4net - ---Executing CheckUser() in UserService----
2022-02-02 21:35:06,156 [8] DEBUG LTCPro.ServiceLayer.Log4net - ---Executing FindUser() in UserService----
2022-02-02 21:35:06,370 [8] DEBUG LTCPro.ServiceLayer.Log4net - ---Executing InsertUserSession() in UserService----
2022-02-02 21:35:07,009 [8] DEBUG LTCPro.ServiceLayer.Log4net - ---Executing InsertUserToken() in UserService----
2022-02-02 21:35:07,884 [13] DEBUG LTCPro.ServiceLayer.Log4net - ---Executing GetScreenPermissionsForLoggedInUser() in RoleController----
2022-02-02 21:35:07,884 [13] DEBUG LTCPro.ServiceLayer.Log4net - ---Executing GetScreenPermissionsForLoggedInUser() in RoleService----
2022-02-02 21:35:07,896 [8] DEBUG LTCPro.ServiceLayer.Log4net - ---Executing InsertUpdateUserRecentFacNs() in UserController----
2022-02-02 21:35:07,896 [8] DEBUG LTCPro.ServiceLayer.Log4net - ---Executing GetUserRecentFacNs() in UserService----
2022-02-02 21:35:08,093 [13] DEBUG LTCPro.ServiceLayer.Log4net - ---Executed Successfully GetScreenPermissionsForLoggedInUser() in RoleController----
2022-02-02 21:35:08,224 [15] DEBUG LTCPro.ServiceLayer.Log4net - ---Executing GetUserToken() in UserService----
2022-02-02 21:35:08,224 [5] DEBUG LTCPro.ServiceLayer.Log4net - ---Executing GetUserToken() in UserService----
2022-02-02 21:35:08,228 [13] DEBUG LTCPro.ServiceLayer.Log4net - ---Executing GetUserToken() in UserService----
2022-02-02 21:35:08,228 [6] DEBUG LTCPro.ServiceLayer.Log4net - ---Executing GetUserToken() in UserService----
2022-02-02 21:35:08,231 [7] DEBUG LTCPro.ServiceLayer.Log4net - ---Executing GetUserToken() in UserService----
2022-02-02 21:35:08,313 [8] DEBUG LTCPro.ServiceLayer.Log4net - ---Executing InsertUpdateUserRecentFacNs() in CommonService----
2022-02-02 21:35:08,435 [15] DEBUG LTCPro.ServiceLayer.Log4net - ---Executing GetAlertsDetails() in MailboxController----
2022-02-02 21:35:08,435 [15] DEBUG LTCPro.ServiceLayer.Log4net - ---Executing GetAlertsDetails() in MailboxService----
2022-02-02 21:35:08,438 [13] DEBUG LTCPro.ServiceLayer.Log4net - ---Executing GetUserPassedDueFlag() in UserController----
2022-02-02 21:35:08,438 [13] DEBUG LTCPro.ServiceLayer.Log4net - ---Executing GetUserPassedDueFlag() in UserService----
2022-02-02 21:35:08,438 [5] DEBUG LTCPro.ServiceLayer.Log4net - ---Executing GetReadMailsCount() in MailboxController----
2022-02-02 21:35:08,438 [5] DEBUG LTCPro.ServiceLayer.Log4net - ---Executing GetReadMailsCount() in MailboxService----
2022-02-02 21:35:08,643 [7] DEBUG LTCPro.ServiceLayer.Log4net - ---Executing GetOutboundErrorDetails() in CommonController----
2022-02-02 21:35:08,643 [7] DEBUG LTCPro.ServiceLayer.Log4net - ---Executing GetOutboundErrorDetails() in CommonService----
2022-02-02 21:35:08,648 [13] DEBUG LTCPro.ServiceLayer.Log4net - ---Executed Successfully GetUserPassedDueFlag() in UserController----
2022-02-02 21:35:08,656 [5] DEBUG LTCPro.ServiceLayer.Log4net - ---Executed successfully GetReadMailsCount() in MailboxController----
2022-02-02 21:35:08,667 [19] DEBUG LTCPro.ServiceLayer.Log4net - ---Executing GetUserToken() in UserService----
2022-02-02 21:35:08,672 [5] DEBUG LTCPro.ServiceLayer.Log4net - ---Executing GetUserToken() in UserService----
2022-02-02 21:35:08,883 [19] DEBUG LTCPro.ServiceLayer.Log4net - ---Executing GetPendingDosesList() in CommonController----
2022-02-02 21:35:08,883 [19] DEBUG LTCPro.ServiceLayer.Log4net - ---Executing GetPendingDosesList() in CommonService----
2022-02-02 21:35:09,058 [5] DEBUG LTCPro.ServiceLayer.Log4net - ---Executing GetUserRecentFacNs() in UserController----
2022-02-02 21:35:09,059 [5] DEBUG LTCPro.ServiceLayer.Log4net - ---Executing GetUserRecentFacNs() in UserService----
2022-02-02 21:35:09,197 [15] DEBUG LTCPro.ServiceLayer.Log4net - ---Executed successfully GetAlertsDetails() in MailboxController----
2022-02-02 21:35:09,204 [13] DEBUG LTCPro.ServiceLayer.Log4net - ---Executing GetUserToken() in UserService----
2022-02-02 21:35:09,511 [8] DEBUG LTCPro.ServiceLayer.Log4net - ---Executed Successfully InsertUpdateUserRecentFacNs() in UserController----
2022-02-02 21:35:09,519 [17] DEBUG LTCPro.ServiceLayer.Log4net - ---Executing GetUserToken() in UserService----
2022-02-02 21:35:09,615 [13] DEBUG LTCPro.ServiceLayer.Log4net - ---Executing InsertUserActivityDetails() in CompanyController----
2022-02-02 21:35:09,615 [13] DEBUG LTCPro.ServiceLayer.Log4net - ---Executing InsertUserActivityDetails() in UserActivityService----
2022-02-02 21:35:09,721 [5] DEBUG LTCPro.ServiceLayer.Log4net - ---Executed Successfully GetUserRecentFacNs() in UserController----
2022-02-02 21:35:09,892 [17] DEBUG LTCPro.ServiceLayer.Log4net - ---Executing GetUserActiveCompanyMasterList() in CompanyController----
2022-02-02 21:35:09,892 [17] DEBUG LTCPro.ServiceLayer.Log4net - ---Executing GetActiveCompanyMasterList() in CompanyService----
2022-02-02 21:35:09,892 [8] DEBUG LTCPro.ServiceLayer.Log4net - ---Executing GetUserToken() in UserService----
2022-02-02 21:35:10,310 [8] DEBUG LTCPro.ServiceLayer.Log4net - ---Executing GetUserAccessFacilityNurseStaions() in FacilityController----
2022-02-02 21:35:10,311 [8] DEBUG LTCPro.ServiceLayer.Log4net - ---Executing GetUserAccessFacilityNurseStaions() in FacilityService----
2022-02-02 21:35:10,321 [6] DEBUG LTCPro.ServiceLayer.Log4net - ---Executing GetDueMARAlertData() in EmarController----
2022-02-02 21:35:10,321 [6] DEBUG LTCPro.ServiceLayer.Log4net - ---Executing GetDueMARAlertData() in EmarService----
2022-02-02 21:35:10,348 [13] DEBUG LTCPro.ServiceLayer.Log4net - ---Executed Successfully InsertUserActivityDetails() in CompanyController----
2022-02-02 21:35:10,460 [19] DEBUG LTCPro.ServiceLayer.Log4net - ---Executed Successfully GetPendingDosesList() in CommonController----
2022-02-02 21:35:10,730 [8] DEBUG LTCPro.ServiceLayer.Log4net - ---Executed Successfully GetUserAccessFacilityNurseStaions() in FacilityController----
2022-02-02 21:35:11,435 [6] DEBUG LTCPro.ServiceLayer.Log4net - ---Executed Successfully GetDueMARAlertData() in EmarController----
2022-02-02 21:35:12,862 [17] DEBUG LTCPro.ServiceLayer.Log4net - ---Executed Successfully GetUserActiveCompanyMasterList() in CompanyController----
2022-02-02 21:35:14,004 [7] DEBUG LTCPro.ServiceLayer.Log4net - ---Executed Successfully GetOutboundErrorDetails() in CommonController----
2022-02-02 21:35:17,669 [7] DEBUG LTCPro.ServiceLayer.Log4net - ---Executing GetUserToken() in UserService----
2022-02-02 21:35:17,670 [6] DEBUG LTCPro.ServiceLayer.Log4net - ---Executing GetUserToken() in UserService----
2022-02-02 21:35:17,878 [6] DEBUG LTCPro.ServiceLayer.Log4net - ---Executing GetUserRecentFacNs() in UserController----
2022-02-02 21:35:17,878 [6] DEBUG LTCPro.ServiceLayer.Log4net - ---Executing GetUserRecentFacNs() in UserService----
2022-02-02 21:35:17,881 [7] DEBUG LTCPro.ServiceLayer.Log4net - ---Executing InsertUserActivityDetails() in CompanyController----
2022-02-02 21:35:17,882 [7] DEBUG LTCPro.ServiceLayer.Log4net - ---Executing InsertUserActivityDetails() in UserActivityService----
2022-02-02 21:35:18,294 [6] DEBUG LTCPro.ServiceLayer.Log4net - ---Executed Successfully GetUserRecentFacNs() in UserController----
2022-02-02 21:35:18,312 [16] DEBUG LTCPro.ServiceLayer.Log4net - ---Executing GetUserToken() in UserService----
2022-02-02 21:35:18,506 [7] DEBUG LTCPro.ServiceLayer.Log4net - ---Executed Successfully InsertUserActivityDetails() in CompanyController----
2022-02-02 21:35:18,527 [16] DEBUG LTCPro.ServiceLayer.Log4net - ---Executing GetUserAccessFacilityNurseStaions() in FacilityController----
2022-02-02 21:35:18,527 [16] DEBUG LTCPro.ServiceLayer.Log4net - ---Executing GetUserAccessFacilityNurseStaions() in FacilityService----
2022-02-02 21:35:18,944 [16] DEBUG LTCPro.ServiceLayer.Log4net - ---Executed Successfully GetUserAccessFacilityNurseStaions() in FacilityController----
2022-02-02 21:35:19,046 [8] DEBUG LTCPro.ServiceLayer.Log4net - ---Executing GetUserToken() in UserService----
2022-02-02 21:35:19,278 [8] DEBUG LTCPro.ServiceLayer.Log4net - ---Executing UserNurseStationDrop() in FacilityController----
2022-02-02 21:35:19,279 [8] DEBUG LTCPro.ServiceLayer.Log4net - ---Executing UserNurseStationDrop() in FacilityService----
2022-02-02 21:35:19,511 [8] DEBUG LTCPro.ServiceLayer.Log4net - ---Executed Successfully UserNurseStationDrop() in FacilityController----
2022-02-02 21:35:19,527 [6] DEBUG LTCPro.ServiceLayer.Log4net - ---Executing GetUserToken() in UserService----
2022-02-02 21:35:19,628 [7] DEBUG LTCPro.ServiceLayer.Log4net - ---Executing GetUserToken() in UserService----
2022-02-02 21:35:19,738 [6] DEBUG LTCPro.ServiceLayer.Log4net - ---Executing GetTimeZoneDate() in CommonController----
2022-02-02 21:35:19,739 [6] DEBUG LTCPro.ServiceLayer.Log4net - ---Executing GetTimeZoneDate() in CommonService----
2022-02-02 21:35:19,869 [7] DEBUG LTCPro.ServiceLayer.Log4net - ---Executing successfully GetResidentDetails() in ResidentDemographicController---
2022-02-02 21:35:19,896 [7] DEBUG LTCPro.ServiceLayer.Log4net - ---Executing GetResidentDetails() in ResidentDemographic----
2022-02-02 21:35:19,990 [6] DEBUG LTCPro.ServiceLayer.Log4net - ---Executed Successfully GetTimeZoneDate() in CommonController----
2022-02-02 21:35:20,264 [7] DEBUG LTCPro.ServiceLayer.Log4net - ---Executed successfully GetResidentDetails() in ResidentDemographicController--- 
2022-02-02 21:35:20,361 [6] DEBUG LTCPro.ServiceLayer.Log4net - ---Executing GetUserToken() in UserService----
2022-02-02 21:35:27,788 [6] DEBUG LTCPro.ServiceLayer.Log4net - ---Executing GetOrderChangeDetailsGrid() in ReportsController----
2022-02-02 21:35:27,898 [6] DEBUG LTCPro.ServiceLayer.Log4net - ---Executing GetOrderChangeDetailsReport() in OrdersService----
2022-02-02 21:35:59,853 [13] DEBUG LTCPro.ServiceLayer.Log4net - ---Executing GetUserToken() in UserService----
2022-02-02 21:36:03,483 [13] DEBUG LTCPro.ServiceLayer.Log4net - ---Executing GetOrderChangeDetailsGrid() in ReportsController----
2022-02-02 21:36:12,665 [13] DEBUG LTCPro.ServiceLayer.Log4net - ---Executing GetOrderChangeDetailsReport() in OrdersService----
2022-02-02 21:37:11,888 [13] DEBUG LTCPro.ServiceLayer.Log4net - ---Executing GetOrderChangeDetailsReport() in OrdersService----
2022-02-02 21:38:07,627 [13] ERROR LTCPro.ServiceLayer.Log4net - ===================================
2022-02-02 21:38:07,643 [13] ERROR LTCPro.ServiceLayer.Log4net -  Source : = System.Data
2022-02-02 21:38:07,643 [13] ERROR LTCPro.ServiceLayer.Log4net -  Stack Trace : =    at System.Data.DataTableCollection.get_Item(Int32 index)
   at LTCPro.WebApi.Controllers.ReportsController.GetOrderChangeDetailsGrid(String fromdate, String todate, Int32 userId, String nursestationId, String residentId) in D:\old system Data 04042021\Emar Service Latest 1\WebApi\Controllers\ReportsController.cs:line 2118
   at lambda_method(Closure , Object , Object[] )
   at System.Web.Http.Controllers.ReflectedHttpActionDescriptor.ActionExecutor.<>c__DisplayClass6_1.<GetExecutor>b__3(Object instance, Object[] methodParameters)
   at System.Web.Http.Controllers.ReflectedHttpActionDescriptor.ActionExecutor.Execute(Object instance, Object[] arguments)
   at System.Web.Http.Controllers.ReflectedHttpActionDescriptor.ExecuteAsync(HttpControllerContext controllerContext, IDictionary`2 arguments, CancellationToken cancellationToken)
--- End of stack trace from previous location where exception was thrown ---
   at System.Runtime.CompilerServices.TaskAwaiter.ThrowForNonSuccess(Task task)
   at System.Runtime.CompilerServices.TaskAwaiter.HandleNonSuccessAndDebuggerNotification(Task task)
   at System.Web.Http.Controllers.ApiControllerActionInvoker.<InvokeActionAsyncCore>d__1.MoveNext()
--- End of stack trace from previous location where exception was thrown ---
   at System.Runtime.CompilerServices.TaskAwaiter.ThrowForNonSuccess(Task task)
   at System.Runtime.CompilerServices.TaskAwaiter.HandleNonSuccessAndDebuggerNotification(Task task)
   at System.Web.Http.Controllers.ActionFilterResult.<ExecuteAsync>d__5.MoveNext()
--- End of stack trace from previous location where exception was thrown ---
   at System.Runtime.CompilerServices.TaskAwaiter.ThrowForNonSuccess(Task task)
   at System.Runtime.CompilerServices.TaskAwaiter.HandleNonSuccessAndDebuggerNotification(Task task)
   at System.Web.Http.Filters.AuthorizationFilterAttribute.<ExecuteAuthorizationFilterAsyncCore>d__3.MoveNext()
--- End of stack trace from previous location where exception was thrown ---
   at System.Runtime.CompilerServices.TaskAwaiter.ThrowForNonSuccess(Task task)
   at System.Runtime.CompilerServices.TaskAwaiter.HandleNonSuccessAndDebuggerNotification(Task task)
   at System.Web.Http.Controllers.ExceptionFilterResult.<ExecuteAsync>d__6.MoveNext()
2022-02-02 21:38:07,643 [13] ERROR LTCPro.ServiceLayer.Log4net -  Exception Message : = Cannot find table 0.
2022-02-02 21:38:07,643 [13] ERROR LTCPro.ServiceLayer.Log4net - ============= Inner Exception  Stack Trace  ===========
2022-02-02 21:46:14,424 [5] DEBUG LTCPro.ServiceLayer.Log4net - ---Executing UsersConfigNurseStationDrop() in FacilityController----
2022-02-02 21:46:14,512 [5] DEBUG LTCPro.ServiceLayer.Log4net - ---Executing UsersConfigNurseStationDrop() in FacilityService----
2022-02-02 21:46:37,243 [5] ERROR LTCPro.ServiceLayer.Log4net - ===================================
2022-02-02 21:46:37,276 [5] ERROR LTCPro.ServiceLayer.Log4net -  Source : = mscorlib
2022-02-02 21:46:37,277 [5] ERROR LTCPro.ServiceLayer.Log4net -  Stack Trace : =    at System.Threading.Tasks.Task.ThrowIfExceptional(Boolean includeTaskCanceledExceptions)
   at System.Threading.Tasks.Task`1.GetResultCore(Boolean waitCompletionNotification)
   at System.Threading.Tasks.Task`1.get_Result()
   at LTCPro.WebApi.Controllers.RoleController.UsersConfigNurseStationDrop(String username, String password) in D:\old system Data 04042021\Emar Service Latest 1\WebApi\Controllers\RoleController.cs:line 297
   at lambda_method(Closure , Object , Object[] )
   at System.Web.Http.Controllers.ReflectedHttpActionDescriptor.ActionExecutor.<>c__DisplayClass6_1.<GetExecutor>b__3(Object instance, Object[] methodParameters)
   at System.Web.Http.Controllers.ReflectedHttpActionDescriptor.ActionExecutor.Execute(Object instance, Object[] arguments)
   at System.Web.Http.Controllers.ReflectedHttpActionDescriptor.ExecuteAsync(HttpControllerContext controllerContext, IDictionary`2 arguments, CancellationToken cancellationToken)
--- End of stack trace from previous location where exception was thrown ---
   at System.Runtime.CompilerServices.TaskAwaiter.ThrowForNonSuccess(Task task)
   at System.Runtime.CompilerServices.TaskAwaiter.HandleNonSuccessAndDebuggerNotification(Task task)
   at System.Web.Http.Controllers.ApiControllerActionInvoker.<InvokeActionAsyncCore>d__1.MoveNext()
--- End of stack trace from previous location where exception was thrown ---
   at System.Runtime.CompilerServices.TaskAwaiter.ThrowForNonSuccess(Task task)
   at System.Runtime.CompilerServices.TaskAwaiter.HandleNonSuccessAndDebuggerNotification(Task task)
   at System.Web.Http.Controllers.ActionFilterResult.<ExecuteAsync>d__5.MoveNext()
--- End of stack trace from previous location where exception was thrown ---
   at System.Runtime.CompilerServices.TaskAwaiter.ThrowForNonSuccess(Task task)
   at System.Runtime.CompilerServices.TaskAwaiter.HandleNonSuccessAndDebuggerNotification(Task task)
   at System.Web.Http.Controllers.ExceptionFilterResult.<ExecuteAsync>d__6.MoveNext()
2022-02-02 21:46:37,277 [5] ERROR LTCPro.ServiceLayer.Log4net -  Exception Message : = One or more errors occurred.
2022-02-02 21:46:37,277 [5] ERROR LTCPro.ServiceLayer.Log4net - ============= Inner Exception  Stack Trace  ===========
2022-02-02 21:46:37,405 [5] ERROR LTCPro.ServiceLayer.Log4net -  Inner Exception  Stack Trace : =    at System.Data.Entity.SqlServer.DefaultSqlExecutionStrategy.Execute[TResult](Func`1 operation)
   at System.Data.Entity.Core.Objects.ObjectQuery`1.GetResults(Nullable`1 forMergeOption)
   at System.Data.Entity.Core.Objects.ObjectQuery`1.<System.Collections.Generic.IEnumerable<T>.GetEnumerator>b__0()
   at System.Data.Entity.Internal.LazyEnumerator`1.MoveNext()
   at System.Linq.Enumerable.FirstOrDefault[TSource](IEnumerable`1 source)
   at System.Data.Entity.Core.Objects.ELinq.ObjectQueryProvider.<GetElementFunction>b__1[TResult](IEnumerable`1 sequence)
   at System.Data.Entity.Core.Objects.ELinq.ObjectQueryProvider.ExecuteSingle[TResult](IEnumerable`1 query, Expression queryRoot)
   at System.Data.Entity.Core.Objects.ELinq.ObjectQueryProvider.System.Linq.IQueryProvider.Execute[TResult](Expression expression)
   at System.Data.Entity.Internal.Linq.DbQueryProvider.Execute[TResult](Expression expression)
   at System.Linq.Queryable.FirstOrDefault[TSource](IQueryable`1 source)
   at LTCPro.Repositories.FacilityRepository.UsersConfigNurseStationDrop(String username, String password) in D:\old system Data 04042021\Emar Service Latest 1\Repositories\Repositories\FacilityRepository.cs:line 1939
   at LTCPro.ServiceLayer.FacilityService.<UsersConfigNurseStationDrop>d__62.MoveNext() in D:\old system Data 04042021\Emar Service Latest 1\BusinessLayer\Services\FacilityService.cs:line 403
2022-02-02 21:46:37,405 [5] ERROR LTCPro.ServiceLayer.Log4net - ============= Inner Exception  Stack Trace End  ===========
2022-02-02 21:46:37,405 [5] ERROR LTCPro.ServiceLayer.Log4net - ============= Inner Exception  Message  ===========
2022-02-02 21:46:37,405 [5] ERROR LTCPro.ServiceLayer.Log4net -  Inner Exception Message : = An exception has been raised that is likely due to a transient failure. If you are connecting to a SQL Azure database consider using SqlAzureExecutionStrategy.
2022-02-02 21:46:37,405 [5] ERROR LTCPro.ServiceLayer.Log4net - ============= Inner Exception  Message End  ===========
2022-02-02 21:49:18,899 [8] DEBUG LTCPro.ServiceLayer.Log4net - ---Executing UsersConfigNurseStationDrop() in FacilityController----
2022-02-02 21:49:18,899 [8] DEBUG LTCPro.ServiceLayer.Log4net - ---Executing UsersConfigNurseStationDrop() in FacilityService----
2022-02-02 21:49:35,539 [8] DEBUG LTCPro.ServiceLayer.Log4net - ---Executed Successfully UsersConfigNurseStationDrop() in FacilityController----
2022-02-02 21:49:35,787 [7] DEBUG LTCPro.ServiceLayer.Log4net - ---Executing GetProcessKeyMasterList() in FacilityController----
2022-02-02 21:49:35,823 [7] DEBUG LTCPro.ServiceLayer.Log4net - ---Executing GetProcessKeyMasterList() in FacilityService----
2022-02-02 21:49:36,101 [7] DEBUG LTCPro.ServiceLayer.Log4net - ---Executed Successfully GetProcessKeyMasterList() in FacilityController----
2022-02-02 21:49:41,503 [8] DEBUG LTCPro.ServiceLayer.Log4net - ---Executing GetProcessKeyMasterList() in FacilityController----
2022-02-02 21:49:41,504 [8] DEBUG LTCPro.ServiceLayer.Log4net - ---Executing GetProcessKeyMasterList() in FacilityService----
2022-02-02 21:49:41,715 [8] DEBUG LTCPro.ServiceLayer.Log4net - ---Executed Successfully GetProcessKeyMasterList() in FacilityController----
2022-02-02 21:49:43,898 [13] DEBUG LTCPro.ServiceLayer.Log4net - ---Executing CheckUser() in UserService----
2022-02-02 21:49:46,459 [13] DEBUG LTCPro.ServiceLayer.Log4net - ---Executing FindUser() in UserService----
2022-02-02 21:49:46,945 [13] DEBUG LTCPro.ServiceLayer.Log4net - ---Executing InsertUserSession() in UserService----
2022-02-02 21:49:47,742 [13] DEBUG LTCPro.ServiceLayer.Log4net - ---Executing InsertUserToken() in UserService----
2022-02-02 21:49:48,810 [8] DEBUG LTCPro.ServiceLayer.Log4net - ---Executing InsertUpdateUserRecentFacNs() in UserController----
2022-02-02 21:49:48,829 [16] DEBUG LTCPro.ServiceLayer.Log4net - ---Executing GetScreenPermissionsForLoggedInUser() in RoleController----
2022-02-02 21:49:48,838 [8] DEBUG LTCPro.ServiceLayer.Log4net - ---Executing GetUserRecentFacNs() in UserService----
2022-02-02 21:49:48,893 [16] DEBUG LTCPro.ServiceLayer.Log4net - ---Executing GetScreenPermissionsForLoggedInUser() in RoleService----
2022-02-02 21:49:49,560 [8] DEBUG LTCPro.ServiceLayer.Log4net - ---Executing InsertUpdateUserRecentFacNs() in CommonService----
2022-02-02 21:49:50,011 [8] DEBUG LTCPro.ServiceLayer.Log4net - ---Executed Successfully InsertUpdateUserRecentFacNs() in UserController----
2022-02-02 21:49:51,017 [16] DEBUG LTCPro.ServiceLayer.Log4net - ---Executed Successfully GetScreenPermissionsForLoggedInUser() in RoleController----
2022-02-02 21:49:51,155 [16] DEBUG LTCPro.ServiceLayer.Log4net - ---Executing GetUserToken() in UserService----
2022-02-02 21:49:51,168 [11] DEBUG LTCPro.ServiceLayer.Log4net - ---Executing GetUserToken() in UserService----
2022-02-02 21:49:51,173 [13] DEBUG LTCPro.ServiceLayer.Log4net - ---Executing GetUserToken() in UserService----
2022-02-02 21:49:51,173 [8] DEBUG LTCPro.ServiceLayer.Log4net - ---Executing GetUserToken() in UserService----
2022-02-02 21:49:51,184 [7] DEBUG LTCPro.ServiceLayer.Log4net - ---Executing GetUserToken() in UserService----
2022-02-02 21:49:51,384 [16] DEBUG LTCPro.ServiceLayer.Log4net - ---Executing GetUserPassedDueFlag() in UserController----
2022-02-02 21:49:51,384 [11] DEBUG LTCPro.ServiceLayer.Log4net - ---Executing GetReadMailsCount() in MailboxController----
2022-02-02 21:49:51,385 [16] DEBUG LTCPro.ServiceLayer.Log4net - ---Executing GetUserPassedDueFlag() in UserService----
2022-02-02 21:49:51,448 [11] DEBUG LTCPro.ServiceLayer.Log4net - ---Executing GetReadMailsCount() in MailboxService----
2022-02-02 21:49:51,589 [8] DEBUG LTCPro.ServiceLayer.Log4net - ---Executing GetAlertsDetails() in MailboxController----
2022-02-02 21:49:51,590 [8] DEBUG LTCPro.ServiceLayer.Log4net - ---Executing GetAlertsDetails() in MailboxService----
2022-02-02 21:49:51,649 [7] DEBUG LTCPro.ServiceLayer.Log4net - ---Executing GetUserRecentFacNs() in UserController----
2022-02-02 21:49:51,649 [7] DEBUG LTCPro.ServiceLayer.Log4net - ---Executing GetUserRecentFacNs() in UserService----
2022-02-02 21:49:51,783 [16] DEBUG LTCPro.ServiceLayer.Log4net - ---Executed Successfully GetUserPassedDueFlag() in UserController----
2022-02-02 21:49:51,805 [16] DEBUG LTCPro.ServiceLayer.Log4net - ---Executing GetUserToken() in UserService----
2022-02-02 21:49:51,922 [11] DEBUG LTCPro.ServiceLayer.Log4net - ---Executed successfully GetReadMailsCount() in MailboxController----
2022-02-02 21:49:51,949 [11] DEBUG LTCPro.ServiceLayer.Log4net - ---Executing GetUserToken() in UserService----
2022-02-02 21:49:52,204 [16] DEBUG LTCPro.ServiceLayer.Log4net - ---Executing GetOutboundErrorDetails() in CommonController----
2022-02-02 21:49:52,206 [16] DEBUG LTCPro.ServiceLayer.Log4net - ---Executing GetOutboundErrorDetails() in CommonService----
2022-02-02 21:49:52,413 [7] DEBUG LTCPro.ServiceLayer.Log4net - ---Executed Successfully GetUserRecentFacNs() in UserController----
2022-02-02 21:49:52,453 [7] DEBUG LTCPro.ServiceLayer.Log4net - ---Executing GetUserToken() in UserService----
2022-02-02 21:49:52,617 [8] DEBUG LTCPro.ServiceLayer.Log4net - ---Executed successfully GetAlertsDetails() in MailboxController----
2022-02-02 21:49:52,688 [8] DEBUG LTCPro.ServiceLayer.Log4net - ---Executing GetUserToken() in UserService----
2022-02-02 21:49:52,995 [7] DEBUG LTCPro.ServiceLayer.Log4net - ---Executing InsertUserActivityDetails() in CompanyController----
2022-02-02 21:49:52,996 [7] DEBUG LTCPro.ServiceLayer.Log4net - ---Executing InsertUserActivityDetails() in UserActivityService----
2022-02-02 21:49:53,056 [8] DEBUG LTCPro.ServiceLayer.Log4net - ---Executing GetUserActiveCompanyMasterList() in CompanyController----
2022-02-02 21:49:53,057 [8] DEBUG LTCPro.ServiceLayer.Log4net - ---Executing GetActiveCompanyMasterList() in CompanyService----
2022-02-02 21:49:53,283 [13] DEBUG LTCPro.ServiceLayer.Log4net - ---Executing GetDueMARAlertData() in EmarController----
2022-02-02 21:49:53,323 [13] DEBUG LTCPro.ServiceLayer.Log4net - ---Executing GetDueMARAlertData() in EmarService----
2022-02-02 21:49:53,546 [6] DEBUG LTCPro.ServiceLayer.Log4net - ---Executing GetUserToken() in UserService----
2022-02-02 21:49:53,656 [7] DEBUG LTCPro.ServiceLayer.Log4net - ---Executed Successfully InsertUserActivityDetails() in CompanyController----
2022-02-02 21:49:54,074 [6] DEBUG LTCPro.ServiceLayer.Log4net - ---Executing GetUserAccessFacilityNurseStaions() in FacilityController----
2022-02-02 21:49:54,075 [6] DEBUG LTCPro.ServiceLayer.Log4net - ---Executing GetUserAccessFacilityNurseStaions() in FacilityService----
2022-02-02 21:49:54,738 [8] DEBUG LTCPro.ServiceLayer.Log4net - ---Executed Successfully GetUserActiveCompanyMasterList() in CompanyController----
2022-02-02 21:49:54,760 [13] DEBUG LTCPro.ServiceLayer.Log4net - ---Executed Successfully GetDueMARAlertData() in EmarController----
2022-02-02 21:49:55,105 [11] DEBUG LTCPro.ServiceLayer.Log4net - ---Executing GetPendingDosesList() in CommonController----
2022-02-02 21:49:55,106 [11] DEBUG LTCPro.ServiceLayer.Log4net - ---Executing GetPendingDosesList() in CommonService----
2022-02-02 21:49:55,197 [6] DEBUG LTCPro.ServiceLayer.Log4net - ---Executed Successfully GetUserAccessFacilityNurseStaions() in FacilityController----
2022-02-02 21:49:57,083 [11] DEBUG LTCPro.ServiceLayer.Log4net - ---Executed Successfully GetPendingDosesList() in CommonController----
2022-02-02 21:49:57,394 [16] DEBUG LTCPro.ServiceLayer.Log4net - ---Executed Successfully GetOutboundErrorDetails() in CommonController----
2022-02-02 21:50:00,613 [7] DEBUG LTCPro.ServiceLayer.Log4net - ---Executing GetUserToken() in UserService----
2022-02-02 21:50:00,713 [8] DEBUG LTCPro.ServiceLayer.Log4net - ---Executing GetUserToken() in UserService----
2022-02-02 21:50:00,825 [7] DEBUG LTCPro.ServiceLayer.Log4net - ---Executing InsertUserActivityDetails() in CompanyController----
2022-02-02 21:50:00,825 [7] DEBUG LTCPro.ServiceLayer.Log4net - ---Executing InsertUserActivityDetails() in UserActivityService----
2022-02-02 21:50:00,921 [8] DEBUG LTCPro.ServiceLayer.Log4net - ---Executing GetUserRecentFacNs() in UserController----
2022-02-02 21:50:00,921 [8] DEBUG LTCPro.ServiceLayer.Log4net - ---Executing GetUserRecentFacNs() in UserService----
2022-02-02 21:50:01,350 [8] DEBUG LTCPro.ServiceLayer.Log4net - ---Executed Successfully GetUserRecentFacNs() in UserController----
2022-02-02 21:50:01,391 [6] DEBUG LTCPro.ServiceLayer.Log4net - ---Executing GetUserToken() in UserService----
2022-02-02 21:50:01,448 [7] DEBUG LTCPro.ServiceLayer.Log4net - ---Executed Successfully InsertUserActivityDetails() in CompanyController----
2022-02-02 21:50:01,600 [6] DEBUG LTCPro.ServiceLayer.Log4net - ---Executing GetUserAccessFacilityNurseStaions() in FacilityController----
2022-02-02 21:50:01,600 [6] DEBUG LTCPro.ServiceLayer.Log4net - ---Executing GetUserAccessFacilityNurseStaions() in FacilityService----
2022-02-02 21:50:02,019 [6] DEBUG LTCPro.ServiceLayer.Log4net - ---Executed Successfully GetUserAccessFacilityNurseStaions() in FacilityController----
2022-02-02 21:50:02,041 [7] DEBUG LTCPro.ServiceLayer.Log4net - ---Executing GetUserToken() in UserService----
2022-02-02 21:50:02,263 [7] DEBUG LTCPro.ServiceLayer.Log4net - ---Executing UserNurseStationDrop() in FacilityController----
2022-02-02 21:50:02,265 [7] DEBUG LTCPro.ServiceLayer.Log4net - ---Executing UserNurseStationDrop() in FacilityService----
2022-02-02 21:50:02,501 [7] DEBUG LTCPro.ServiceLayer.Log4net - ---Executed Successfully UserNurseStationDrop() in FacilityController----
2022-02-02 21:50:02,543 [7] DEBUG LTCPro.ServiceLayer.Log4net - ---Executing GetUserToken() in UserService----
2022-02-02 21:50:02,665 [8] DEBUG LTCPro.ServiceLayer.Log4net - ---Executing GetUserToken() in UserService----
2022-02-02 21:50:02,773 [7] DEBUG LTCPro.ServiceLayer.Log4net - ---Executing GetTimeZoneDate() in CommonController----
2022-02-02 21:50:02,774 [7] DEBUG LTCPro.ServiceLayer.Log4net - ---Executing GetTimeZoneDate() in CommonService----
2022-02-02 21:50:02,881 [8] DEBUG LTCPro.ServiceLayer.Log4net - ---Executing successfully GetResidentDetails() in ResidentDemographicController---
2022-02-02 21:50:02,882 [8] DEBUG LTCPro.ServiceLayer.Log4net - ---Executing GetResidentDetails() in ResidentDemographic----
2022-02-02 21:50:03,012 [7] DEBUG LTCPro.ServiceLayer.Log4net - ---Executed Successfully GetTimeZoneDate() in CommonController----
2022-02-02 21:50:03,173 [8] DEBUG LTCPro.ServiceLayer.Log4net - ---Executed successfully GetResidentDetails() in ResidentDemographicController--- 
2022-02-02 21:50:03,308 [8] DEBUG LTCPro.ServiceLayer.Log4net - ---Executing GetUserToken() in UserService----
2022-02-02 21:50:06,572 [8] DEBUG LTCPro.ServiceLayer.Log4net - ---Executing GetOrderChangeDetailsGrid() in ReportsController----
2022-02-02 21:50:06,593 [8] DEBUG LTCPro.ServiceLayer.Log4net - ---Executing GetOrderChangeDetailsReport() in OrdersService----
2022-02-02 21:50:25,543 [8] DEBUG LTCPro.ServiceLayer.Log4net - ---Executing GetUserToken() in UserService----
2022-02-02 21:50:28,780 [8] DEBUG LTCPro.ServiceLayer.Log4net - ---Executing GetOrderChangeDetailsGrid() in ReportsController----
2022-02-02 21:50:28,780 [8] DEBUG LTCPro.ServiceLayer.Log4net - ---Executing GetOrderChangeDetailsReport() in OrdersService----
2022-02-02 21:51:00,093 [8] ERROR LTCPro.ServiceLayer.Log4net - ===================================
2022-02-02 21:51:00,094 [8] ERROR LTCPro.ServiceLayer.Log4net -  Source : = System.Data
2022-02-02 21:51:00,094 [8] ERROR LTCPro.ServiceLayer.Log4net -  Stack Trace : =    at System.Data.DataTableCollection.get_Item(Int32 index)
   at LTCPro.WebApi.Controllers.ReportsController.GetOrderChangeDetailsGrid(String fromdate, String todate, Int32 userId, String nursestationId, String residentId) in D:\old system Data 04042021\Emar Service Latest 1\WebApi\Controllers\ReportsController.cs:line 2118
   at lambda_method(Closure , Object , Object[] )
   at System.Web.Http.Controllers.ReflectedHttpActionDescriptor.ActionExecutor.<>c__DisplayClass6_1.<GetExecutor>b__3(Object instance, Object[] methodParameters)
   at System.Web.Http.Controllers.ReflectedHttpActionDescriptor.ActionExecutor.Execute(Object instance, Object[] arguments)
   at System.Web.Http.Controllers.ReflectedHttpActionDescriptor.ExecuteAsync(HttpControllerContext controllerContext, IDictionary`2 arguments, CancellationToken cancellationToken)
--- End of stack trace from previous location where exception was thrown ---
   at System.Runtime.CompilerServices.TaskAwaiter.ThrowForNonSuccess(Task task)
   at System.Runtime.CompilerServices.TaskAwaiter.HandleNonSuccessAndDebuggerNotification(Task task)
   at System.Web.Http.Controllers.ApiControllerActionInvoker.<InvokeActionAsyncCore>d__1.MoveNext()
--- End of stack trace from previous location where exception was thrown ---
   at System.Runtime.CompilerServices.TaskAwaiter.ThrowForNonSuccess(Task task)
   at System.Runtime.CompilerServices.TaskAwaiter.HandleNonSuccessAndDebuggerNotification(Task task)
   at System.Web.Http.Controllers.ActionFilterResult.<ExecuteAsync>d__5.MoveNext()
--- End of stack trace from previous location where exception was thrown ---
   at System.Runtime.CompilerServices.TaskAwaiter.ThrowForNonSuccess(Task task)
   at System.Runtime.CompilerServices.TaskAwaiter.HandleNonSuccessAndDebuggerNotification(Task task)
   at System.Web.Http.Filters.AuthorizationFilterAttribute.<ExecuteAuthorizationFilterAsyncCore>d__3.MoveNext()
--- End of stack trace from previous location where exception was thrown ---
   at System.Runtime.CompilerServices.TaskAwaiter.ThrowForNonSuccess(Task task)
   at System.Runtime.CompilerServices.TaskAwaiter.HandleNonSuccessAndDebuggerNotification(Task task)
   at System.Web.Http.Controllers.ExceptionFilterResult.<ExecuteAsync>d__6.MoveNext()
2022-02-02 21:51:00,094 [8] ERROR LTCPro.ServiceLayer.Log4net -  Exception Message : = Cannot find table 0.
2022-02-02 21:51:00,094 [8] ERROR LTCPro.ServiceLayer.Log4net - ============= Inner Exception  Stack Trace  ===========
2022-02-02 21:52:26,864 [11] DEBUG LTCPro.ServiceLayer.Log4net - ---Executing UsersConfigNurseStationDrop() in FacilityController----
2022-02-02 21:52:26,864 [11] DEBUG LTCPro.ServiceLayer.Log4net - ---Executing UsersConfigNurseStationDrop() in FacilityService----
2022-02-02 21:52:27,284 [11] DEBUG LTCPro.ServiceLayer.Log4net - ---Executed Successfully UsersConfigNurseStationDrop() in FacilityController----
2022-02-02 21:52:27,379 [8] DEBUG LTCPro.ServiceLayer.Log4net - ---Executing GetProcessKeyMasterList() in FacilityController----
2022-02-02 21:52:27,379 [8] DEBUG LTCPro.ServiceLayer.Log4net - ---Executing GetProcessKeyMasterList() in FacilityService----
2022-02-02 21:52:27,588 [8] DEBUG LTCPro.ServiceLayer.Log4net - ---Executed Successfully GetProcessKeyMasterList() in FacilityController----
2022-02-02 21:52:30,770 [11] DEBUG LTCPro.ServiceLayer.Log4net - ---Executing GetProcessKeyMasterList() in FacilityController----
2022-02-02 21:52:30,770 [11] DEBUG LTCPro.ServiceLayer.Log4net - ---Executing GetProcessKeyMasterList() in FacilityService----
2022-02-02 21:52:30,981 [11] DEBUG LTCPro.ServiceLayer.Log4net - ---Executed Successfully GetProcessKeyMasterList() in FacilityController----
2022-02-02 21:52:33,099 [11] DEBUG LTCPro.ServiceLayer.Log4net - ---Executing CheckUser() in UserService----
2022-02-02 21:52:35,141 [11] DEBUG LTCPro.ServiceLayer.Log4net - ---Executing FindUser() in UserService----
2022-02-02 21:52:35,355 [11] DEBUG LTCPro.ServiceLayer.Log4net - ---Executing InsertUserSession() in UserService----
2022-02-02 21:52:35,987 [11] DEBUG LTCPro.ServiceLayer.Log4net - ---Executing InsertUserToken() in UserService----
2022-02-02 21:52:36,916 [11] DEBUG LTCPro.ServiceLayer.Log4net - ---Executing InsertUpdateUserRecentFacNs() in UserController----
2022-02-02 21:52:36,916 [11] DEBUG LTCPro.ServiceLayer.Log4net - ---Executing GetUserRecentFacNs() in UserService----
2022-02-02 21:52:36,964 [18] DEBUG LTCPro.ServiceLayer.Log4net - ---Executing GetScreenPermissionsForLoggedInUser() in RoleController----
2022-02-02 21:52:36,964 [18] DEBUG LTCPro.ServiceLayer.Log4net - ---Executing GetScreenPermissionsForLoggedInUser() in RoleService----
2022-02-02 21:52:37,173 [18] DEBUG LTCPro.ServiceLayer.Log4net - ---Executed Successfully GetScreenPermissionsForLoggedInUser() in RoleController----
2022-02-02 21:52:37,332 [5] DEBUG LTCPro.ServiceLayer.Log4net - ---Executing GetUserToken() in UserService----
2022-02-02 21:52:37,332 [17] DEBUG LTCPro.ServiceLayer.Log4net - ---Executing GetUserToken() in UserService----
2022-02-02 21:52:37,336 [11] DEBUG LTCPro.ServiceLayer.Log4net - ---Executing InsertUpdateUserRecentFacNs() in CommonService----
2022-02-02 21:52:37,342 [18] DEBUG LTCPro.ServiceLayer.Log4net - ---Executing GetUserToken() in UserService----
2022-02-02 21:52:37,540 [5] DEBUG LTCPro.ServiceLayer.Log4net - ---Executing GetReadMailsCount() in MailboxController----
2022-02-02 21:52:37,540 [5] DEBUG LTCPro.ServiceLayer.Log4net - ---Executing GetReadMailsCount() in MailboxService----
2022-02-02 21:52:37,540 [17] DEBUG LTCPro.ServiceLayer.Log4net - ---Executing GetAlertsDetails() in MailboxController----
2022-02-02 21:52:37,540 [17] DEBUG LTCPro.ServiceLayer.Log4net - ---Executing GetAlertsDetails() in MailboxService----
2022-02-02 21:52:37,550 [18] DEBUG LTCPro.ServiceLayer.Log4net - ---Executing GetDueMARAlertData() in EmarController----
2022-02-02 21:52:37,550 [18] DEBUG LTCPro.ServiceLayer.Log4net - ---Executing GetDueMARAlertData() in EmarService----
2022-02-02 21:52:37,748 [5] DEBUG LTCPro.ServiceLayer.Log4net - ---Executed successfully GetReadMailsCount() in MailboxController----
2022-02-02 21:52:37,752 [11] DEBUG LTCPro.ServiceLayer.Log4net - ---Executed Successfully InsertUpdateUserRecentFacNs() in UserController----
2022-02-02 21:52:37,766 [5] DEBUG LTCPro.ServiceLayer.Log4net - ---Executing GetUserToken() in UserService----
2022-02-02 21:52:37,769 [11] DEBUG LTCPro.ServiceLayer.Log4net - ---Executing GetUserToken() in UserService----
2022-02-02 21:52:37,974 [5] DEBUG LTCPro.ServiceLayer.Log4net - ---Executing GetOutboundErrorDetails() in CommonController----
2022-02-02 21:52:37,974 [5] DEBUG LTCPro.ServiceLayer.Log4net - ---Executing GetOutboundErrorDetails() in CommonService----
2022-02-02 21:52:37,977 [11] DEBUG LTCPro.ServiceLayer.Log4net - ---Executing GetUserPassedDueFlag() in UserController----
2022-02-02 21:52:37,977 [11] DEBUG LTCPro.ServiceLayer.Log4net - ---Executing GetUserPassedDueFlag() in UserService----
2022-02-02 21:52:38,130 [17] DEBUG LTCPro.ServiceLayer.Log4net - ---Executed successfully GetAlertsDetails() in MailboxController----
2022-02-02 21:52:38,151 [17] DEBUG LTCPro.ServiceLayer.Log4net - ---Executing GetUserToken() in UserService----
2022-02-02 21:52:38,184 [11] DEBUG LTCPro.ServiceLayer.Log4net - ---Executed Successfully GetUserPassedDueFlag() in UserController----
2022-02-02 21:52:38,198 [11] DEBUG LTCPro.ServiceLayer.Log4net - ---Executing GetUserToken() in UserService----
2022-02-02 21:52:38,359 [17] DEBUG LTCPro.ServiceLayer.Log4net - ---Executing InsertUserActivityDetails() in CompanyController----
2022-02-02 21:52:38,359 [17] DEBUG LTCPro.ServiceLayer.Log4net - ---Executing InsertUserActivityDetails() in UserActivityService----
2022-02-02 21:52:38,407 [11] DEBUG LTCPro.ServiceLayer.Log4net - ---Executing GetUserRecentFacNs() in UserController----
2022-02-02 21:52:38,407 [11] DEBUG LTCPro.ServiceLayer.Log4net - ---Executing GetUserRecentFacNs() in UserService----
2022-02-02 21:52:38,551 [18] DEBUG LTCPro.ServiceLayer.Log4net - ---Executed Successfully GetDueMARAlertData() in EmarController----
2022-02-02 21:52:38,567 [18] DEBUG LTCPro.ServiceLayer.Log4net - ---Executing GetUserToken() in UserService----
2022-02-02 21:52:38,830 [11] DEBUG LTCPro.ServiceLayer.Log4net - ---Executed Successfully GetUserRecentFacNs() in UserController----
2022-02-02 21:52:38,830 [18] DEBUG LTCPro.ServiceLayer.Log4net - ---Executing GetPendingDosesList() in CommonController----
2022-02-02 21:52:38,830 [18] DEBUG LTCPro.ServiceLayer.Log4net - ---Executing GetPendingDosesList() in CommonService----
2022-02-02 21:52:38,874 [11] DEBUG LTCPro.ServiceLayer.Log4net - ---Executing GetUserToken() in UserService----
2022-02-02 21:52:39,040 [17] DEBUG LTCPro.ServiceLayer.Log4net - ---Executed Successfully InsertUserActivityDetails() in CompanyController----
2022-02-02 21:52:39,060 [17] DEBUG LTCPro.ServiceLayer.Log4net - ---Executing GetUserToken() in UserService----
2022-02-02 21:52:39,082 [11] DEBUG LTCPro.ServiceLayer.Log4net - ---Executing GetUserActiveCompanyMasterList() in CompanyController----
2022-02-02 21:52:39,082 [11] DEBUG LTCPro.ServiceLayer.Log4net - ---Executing GetActiveCompanyMasterList() in CompanyService----
2022-02-02 21:52:39,268 [17] DEBUG LTCPro.ServiceLayer.Log4net - ---Executing GetUserAccessFacilityNurseStaions() in FacilityController----
2022-02-02 21:52:39,268 [17] DEBUG LTCPro.ServiceLayer.Log4net - ---Executing GetUserAccessFacilityNurseStaions() in FacilityService----
2022-02-02 21:52:39,703 [17] DEBUG LTCPro.ServiceLayer.Log4net - ---Executed Successfully GetUserAccessFacilityNurseStaions() in FacilityController----
2022-02-02 21:52:40,169 [11] DEBUG LTCPro.ServiceLayer.Log4net - ---Executed Successfully GetUserActiveCompanyMasterList() in CompanyController----
2022-02-02 21:52:40,255 [18] DEBUG LTCPro.ServiceLayer.Log4net - ---Executed Successfully GetPendingDosesList() in CommonController----
2022-02-02 21:52:45,257 [18] DEBUG LTCPro.ServiceLayer.Log4net - ---Executing GetUserToken() in UserService----
2022-02-02 21:52:45,309 [15] DEBUG LTCPro.ServiceLayer.Log4net - ---Executing GetUserToken() in UserService----
2022-02-02 21:52:45,334 [5] DEBUG LTCPro.ServiceLayer.Log4net - ---Executed Successfully GetOutboundErrorDetails() in CommonController----
2022-02-02 21:52:45,465 [18] DEBUG LTCPro.ServiceLayer.Log4net - ---Executing InsertUserActivityDetails() in CompanyController----
2022-02-02 21:52:45,465 [18] DEBUG LTCPro.ServiceLayer.Log4net - ---Executing InsertUserActivityDetails() in UserActivityService----
2022-02-02 21:52:45,517 [15] DEBUG LTCPro.ServiceLayer.Log4net - ---Executing GetUserRecentFacNs() in UserController----
2022-02-02 21:52:45,517 [15] DEBUG LTCPro.ServiceLayer.Log4net - ---Executing GetUserRecentFacNs() in UserService----
2022-02-02 21:52:45,931 [15] DEBUG LTCPro.ServiceLayer.Log4net - ---Executed Successfully GetUserRecentFacNs() in UserController----
2022-02-02 21:52:46,087 [18] DEBUG LTCPro.ServiceLayer.Log4net - ---Executed Successfully InsertUserActivityDetails() in CompanyController----
2022-02-02 21:52:46,453 [8] DEBUG LTCPro.ServiceLayer.Log4net - ---Executing GetUserToken() in UserService----
2022-02-02 21:52:46,663 [8] DEBUG LTCPro.ServiceLayer.Log4net - ---Executing GetUserAccessFacilityNurseStaions() in FacilityController----
2022-02-02 21:52:46,663 [8] DEBUG LTCPro.ServiceLayer.Log4net - ---Executing GetUserAccessFacilityNurseStaions() in FacilityService----
2022-02-02 21:52:47,081 [8] DEBUG LTCPro.ServiceLayer.Log4net - ---Executed Successfully GetUserAccessFacilityNurseStaions() in FacilityController----
2022-02-02 21:52:47,103 [11] DEBUG LTCPro.ServiceLayer.Log4net - ---Executing GetUserToken() in UserService----
2022-02-02 21:52:47,312 [11] DEBUG LTCPro.ServiceLayer.Log4net - ---Executing UserNurseStationDrop() in FacilityController----
2022-02-02 21:52:47,312 [11] DEBUG LTCPro.ServiceLayer.Log4net - ---Executing UserNurseStationDrop() in FacilityService----
2022-02-02 21:52:47,526 [11] DEBUG LTCPro.ServiceLayer.Log4net - ---Executed Successfully UserNurseStationDrop() in FacilityController----
2022-02-02 21:52:47,594 [18] DEBUG LTCPro.ServiceLayer.Log4net - ---Executing GetUserToken() in UserService----
2022-02-02 21:52:47,621 [15] DEBUG LTCPro.ServiceLayer.Log4net - ---Executing GetUserToken() in UserService----
2022-02-02 21:52:47,801 [18] DEBUG LTCPro.ServiceLayer.Log4net - ---Executing GetTimeZoneDate() in CommonController----
2022-02-02 21:52:47,802 [18] DEBUG LTCPro.ServiceLayer.Log4net - ---Executing GetTimeZoneDate() in CommonService----
2022-02-02 21:52:47,829 [15] DEBUG LTCPro.ServiceLayer.Log4net - ---Executing successfully GetResidentDetails() in ResidentDemographicController---
2022-02-02 21:52:47,829 [15] DEBUG LTCPro.ServiceLayer.Log4net - ---Executing GetResidentDetails() in ResidentDemographic----
2022-02-02 21:52:48,012 [18] DEBUG LTCPro.ServiceLayer.Log4net - ---Executed Successfully GetTimeZoneDate() in CommonController----
2022-02-02 21:52:48,051 [15] DEBUG LTCPro.ServiceLayer.Log4net - ---Executed successfully GetResidentDetails() in ResidentDemographicController--- 
2022-02-02 21:52:48,124 [11] DEBUG LTCPro.ServiceLayer.Log4net - ---Executing GetUserToken() in UserService----
2022-02-02 21:52:49,840 [11] DEBUG LTCPro.ServiceLayer.Log4net - ---Executing GetOrderChangeDetailsGrid() in ReportsController----
2022-02-02 21:52:49,840 [11] DEBUG LTCPro.ServiceLayer.Log4net - ---Executing GetOrderChangeDetailsReport() in OrdersService----
2022-02-02 21:53:03,485 [17] DEBUG LTCPro.ServiceLayer.Log4net - ---Executing GetUserToken() in UserService----
2022-02-02 21:53:06,657 [17] DEBUG LTCPro.ServiceLayer.Log4net - ---Executing GetOrderChangeDetailsGrid() in ReportsController----
2022-02-02 21:53:10,672 [17] DEBUG LTCPro.ServiceLayer.Log4net - ---Executing GetOrderChangeDetailsReport() in OrdersService----
2022-02-02 21:54:20,438 [17] ERROR LTCPro.ServiceLayer.Log4net - ===================================
2022-02-02 21:54:20,438 [17] ERROR LTCPro.ServiceLayer.Log4net -  Source : = System.Data
2022-02-02 21:54:20,439 [17] ERROR LTCPro.ServiceLayer.Log4net -  Stack Trace : =    at System.Data.DataTableCollection.get_Item(Int32 index)
   at LTCPro.WebApi.Controllers.ReportsController.GetOrderChangeDetailsGrid(String fromdate, String todate, Int32 userId, String nursestationId, String residentId) in D:\old system Data 04042021\Emar Service Latest 1\WebApi\Controllers\ReportsController.cs:line 2118
   at lambda_method(Closure , Object , Object[] )
   at System.Web.Http.Controllers.ReflectedHttpActionDescriptor.ActionExecutor.<>c__DisplayClass6_1.<GetExecutor>b__3(Object instance, Object[] methodParameters)
   at System.Web.Http.Controllers.ReflectedHttpActionDescriptor.ActionExecutor.Execute(Object instance, Object[] arguments)
   at System.Web.Http.Controllers.ReflectedHttpActionDescriptor.ExecuteAsync(HttpControllerContext controllerContext, IDictionary`2 arguments, CancellationToken cancellationToken)
--- End of stack trace from previous location where exception was thrown ---
   at System.Runtime.CompilerServices.TaskAwaiter.ThrowForNonSuccess(Task task)
   at System.Runtime.CompilerServices.TaskAwaiter.HandleNonSuccessAndDebuggerNotification(Task task)
   at System.Web.Http.Controllers.ApiControllerActionInvoker.<InvokeActionAsyncCore>d__1.MoveNext()
--- End of stack trace from previous location where exception was thrown ---
   at System.Runtime.CompilerServices.TaskAwaiter.ThrowForNonSuccess(Task task)
   at System.Runtime.CompilerServices.TaskAwaiter.HandleNonSuccessAndDebuggerNotification(Task task)
   at System.Web.Http.Controllers.ActionFilterResult.<ExecuteAsync>d__5.MoveNext()
--- End of stack trace from previous location where exception was thrown ---
   at System.Runtime.CompilerServices.TaskAwaiter.ThrowForNonSuccess(Task task)
   at System.Runtime.CompilerServices.TaskAwaiter.HandleNonSuccessAndDebuggerNotification(Task task)
   at System.Web.Http.Filters.AuthorizationFilterAttribute.<ExecuteAuthorizationFilterAsyncCore>d__3.MoveNext()
--- End of stack trace from previous location where exception was thrown ---
   at System.Runtime.CompilerServices.TaskAwaiter.ThrowForNonSuccess(Task task)
   at System.Runtime.CompilerServices.TaskAwaiter.HandleNonSuccessAndDebuggerNotification(Task task)
   at System.Web.Http.Controllers.ExceptionFilterResult.<ExecuteAsync>d__6.MoveNext()
2022-02-02 21:54:20,439 [17] ERROR LTCPro.ServiceLayer.Log4net -  Exception Message : = Cannot find table 0.
2022-02-02 21:54:20,439 [17] ERROR LTCPro.ServiceLayer.Log4net - ============= Inner Exception  Stack Trace  ===========
2022-02-02 21:55:35,423 [8] DEBUG LTCPro.ServiceLayer.Log4net - ---Executing UsersConfigNurseStationDrop() in FacilityController----
2022-02-02 21:55:35,976 [8] DEBUG LTCPro.ServiceLayer.Log4net - ---Executing UsersConfigNurseStationDrop() in FacilityService----
2022-02-02 21:55:40,873 [8] DEBUG LTCPro.ServiceLayer.Log4net - ---Executed Successfully UsersConfigNurseStationDrop() in FacilityController----
2022-02-02 21:55:41,300 [5] DEBUG LTCPro.ServiceLayer.Log4net - ---Executing GetProcessKeyMasterList() in FacilityController----
2022-02-02 21:55:41,403 [5] DEBUG LTCPro.ServiceLayer.Log4net - ---Executing GetProcessKeyMasterList() in FacilityService----
2022-02-02 21:55:42,291 [5] DEBUG LTCPro.ServiceLayer.Log4net - ---Executed Successfully GetProcessKeyMasterList() in FacilityController----
2022-02-02 21:55:46,080 [9] DEBUG LTCPro.ServiceLayer.Log4net - ---Executing GetProcessKeyMasterList() in FacilityController----
2022-02-02 21:55:46,080 [9] DEBUG LTCPro.ServiceLayer.Log4net - ---Executing GetProcessKeyMasterList() in FacilityService----
2022-02-02 21:55:46,289 [9] DEBUG LTCPro.ServiceLayer.Log4net - ---Executed Successfully GetProcessKeyMasterList() in FacilityController----
2022-02-02 21:55:48,691 [8] DEBUG LTCPro.ServiceLayer.Log4net - ---Executing CheckUser() in UserService----
2022-02-02 21:55:51,017 [8] DEBUG LTCPro.ServiceLayer.Log4net - ---Executing FindUser() in UserService----
2022-02-02 21:55:51,403 [8] DEBUG LTCPro.ServiceLayer.Log4net - ---Executing InsertUserSession() in UserService----
2022-02-02 21:55:52,092 [8] DEBUG LTCPro.ServiceLayer.Log4net - ---Executing InsertUserToken() in UserService----
2022-02-02 21:55:53,131 [5] DEBUG LTCPro.ServiceLayer.Log4net - ---Executing GetScreenPermissionsForLoggedInUser() in RoleController----
2022-02-02 21:55:53,192 [5] DEBUG LTCPro.ServiceLayer.Log4net - ---Executing GetScreenPermissionsForLoggedInUser() in RoleService----
2022-02-02 21:55:53,291 [8] DEBUG LTCPro.ServiceLayer.Log4net - ---Executing InsertUpdateUserRecentFacNs() in UserController----
2022-02-02 21:55:53,343 [8] DEBUG LTCPro.ServiceLayer.Log4net - ---Executing GetUserRecentFacNs() in UserService----
2022-02-02 21:55:53,463 [5] DEBUG LTCPro.ServiceLayer.Log4net - ---Executed Successfully GetScreenPermissionsForLoggedInUser() in RoleController----
2022-02-02 21:55:53,708 [5] DEBUG LTCPro.ServiceLayer.Log4net - ---Executing GetUserToken() in UserService----
2022-02-02 21:55:53,708 [9] DEBUG LTCPro.ServiceLayer.Log4net - ---Executing GetUserToken() in UserService----
2022-02-02 21:55:53,738 [11] DEBUG LTCPro.ServiceLayer.Log4net - ---Executing GetUserToken() in UserService----
2022-02-02 21:55:53,738 [10] DEBUG LTCPro.ServiceLayer.Log4net - ---Executing GetUserToken() in UserService----
2022-02-02 21:55:54,019 [5] DEBUG LTCPro.ServiceLayer.Log4net - ---Executing GetUserPassedDueFlag() in UserController----
2022-02-02 21:55:54,020 [5] DEBUG LTCPro.ServiceLayer.Log4net - ---Executing GetUserPassedDueFlag() in UserService----
2022-02-02 21:55:54,219 [9] DEBUG LTCPro.ServiceLayer.Log4net - ---Executing GetOutboundErrorDetails() in CommonController----
2022-02-02 21:55:54,220 [9] DEBUG LTCPro.ServiceLayer.Log4net - ---Executing GetOutboundErrorDetails() in CommonService----
2022-02-02 21:55:54,435 [5] DEBUG LTCPro.ServiceLayer.Log4net - ---Executed Successfully GetUserPassedDueFlag() in UserController----
2022-02-02 21:55:54,476 [5] DEBUG LTCPro.ServiceLayer.Log4net - ---Executing GetUserToken() in UserService----
2022-02-02 21:55:54,727 [10] DEBUG LTCPro.ServiceLayer.Log4net - ---Executing GetReadMailsCount() in MailboxController----
2022-02-02 21:55:54,917 [5] DEBUG LTCPro.ServiceLayer.Log4net - ---Executing GetDueMARAlertData() in EmarController----
2022-02-02 21:55:55,008 [5] DEBUG LTCPro.ServiceLayer.Log4net - ---Executing GetDueMARAlertData() in EmarService----
2022-02-02 21:55:55,015 [10] DEBUG LTCPro.ServiceLayer.Log4net - ---Executing GetReadMailsCount() in MailboxService----
2022-02-02 21:55:55,021 [12] DEBUG LTCPro.ServiceLayer.Log4net - ---Executing GetUserToken() in UserService----
2022-02-02 21:55:55,875 [10] DEBUG LTCPro.ServiceLayer.Log4net - ---Executed successfully GetReadMailsCount() in MailboxController----
2022-02-02 21:55:55,908 [10] DEBUG LTCPro.ServiceLayer.Log4net - ---Executing GetUserToken() in UserService----
2022-02-02 21:55:56,097 [8] DEBUG LTCPro.ServiceLayer.Log4net - ---Executing InsertUpdateUserRecentFacNs() in CommonService----
2022-02-02 21:55:56,338 [10] DEBUG LTCPro.ServiceLayer.Log4net - ---Executing GetUserRecentFacNs() in UserController----
2022-02-02 21:55:56,339 [10] DEBUG LTCPro.ServiceLayer.Log4net - ---Executing GetUserRecentFacNs() in UserService----
2022-02-02 21:55:56,942 [8] DEBUG LTCPro.ServiceLayer.Log4net - ---Executed Successfully InsertUpdateUserRecentFacNs() in UserController----
2022-02-02 21:55:57,149 [10] DEBUG LTCPro.ServiceLayer.Log4net - ---Executed Successfully GetUserRecentFacNs() in UserController----
2022-02-02 21:55:57,196 [10] DEBUG LTCPro.ServiceLayer.Log4net - ---Executing GetUserToken() in UserService----
2022-02-02 21:55:57,374 [11] DEBUG LTCPro.ServiceLayer.Log4net - ---Executing GetAlertsDetails() in MailboxController----
2022-02-02 21:55:57,394 [11] DEBUG LTCPro.ServiceLayer.Log4net - ---Executing GetAlertsDetails() in MailboxService----
2022-02-02 21:55:57,725 [10] DEBUG LTCPro.ServiceLayer.Log4net - ---Executing InsertUserActivityDetails() in CompanyController----
2022-02-02 21:55:57,726 [10] DEBUG LTCPro.ServiceLayer.Log4net - ---Executing InsertUserActivityDetails() in UserActivityService----
2022-02-02 21:55:57,996 [8] DEBUG LTCPro.ServiceLayer.Log4net - ---Executing GetUserToken() in UserService----
2022-02-02 21:55:58,165 [11] DEBUG LTCPro.ServiceLayer.Log4net - ---Executed successfully GetAlertsDetails() in MailboxController----
2022-02-02 21:55:58,188 [11] DEBUG LTCPro.ServiceLayer.Log4net - ---Executing GetUserToken() in UserService----
2022-02-02 21:55:58,386 [8] DEBUG LTCPro.ServiceLayer.Log4net - ---Executing GetUserActiveCompanyMasterList() in CompanyController----
2022-02-02 21:55:58,388 [8] DEBUG LTCPro.ServiceLayer.Log4net - ---Executing GetActiveCompanyMasterList() in CompanyService----
2022-02-02 21:55:58,462 [5] DEBUG LTCPro.ServiceLayer.Log4net - ---Executed Successfully GetDueMARAlertData() in EmarController----
2022-02-02 21:55:58,879 [11] DEBUG LTCPro.ServiceLayer.Log4net - ---Executing GetUserAccessFacilityNurseStaions() in FacilityController----
2022-02-02 21:55:58,880 [11] DEBUG LTCPro.ServiceLayer.Log4net - ---Executing GetUserAccessFacilityNurseStaions() in FacilityService----
2022-02-02 21:55:59,002 [10] DEBUG LTCPro.ServiceLayer.Log4net - ---Executed Successfully InsertUserActivityDetails() in CompanyController----
2022-02-02 21:55:59,261 [12] DEBUG LTCPro.ServiceLayer.Log4net - ---Executing GetPendingDosesList() in CommonController----
2022-02-02 21:55:59,262 [12] DEBUG LTCPro.ServiceLayer.Log4net - ---Executing GetPendingDosesList() in CommonService----
2022-02-02 21:55:59,466 [11] DEBUG LTCPro.ServiceLayer.Log4net - ---Executed Successfully GetUserAccessFacilityNurseStaions() in FacilityController----
2022-02-02 21:56:00,100 [8] DEBUG LTCPro.ServiceLayer.Log4net - ---Executed Successfully GetUserActiveCompanyMasterList() in CompanyController----
2022-02-02 21:56:01,279 [12] DEBUG LTCPro.ServiceLayer.Log4net - ---Executed Successfully GetPendingDosesList() in CommonController----
2022-02-02 21:56:01,636 [9] DEBUG LTCPro.ServiceLayer.Log4net - ---Executed Successfully GetOutboundErrorDetails() in CommonController----
2022-02-02 21:56:05,716 [8] DEBUG LTCPro.ServiceLayer.Log4net - ---Executing GetUserToken() in UserService----
2022-02-02 21:56:05,722 [9] DEBUG LTCPro.ServiceLayer.Log4net - ---Executing GetUserToken() in UserService----
2022-02-02 21:56:05,924 [8] DEBUG LTCPro.ServiceLayer.Log4net - ---Executing InsertUserActivityDetails() in CompanyController----
2022-02-02 21:56:05,924 [8] DEBUG LTCPro.ServiceLayer.Log4net - ---Executing InsertUserActivityDetails() in UserActivityService----
2022-02-02 21:56:05,929 [9] DEBUG LTCPro.ServiceLayer.Log4net - ---Executing GetUserRecentFacNs() in UserController----
2022-02-02 21:56:05,929 [9] DEBUG LTCPro.ServiceLayer.Log4net - ---Executing GetUserRecentFacNs() in UserService----
2022-02-02 21:56:06,343 [9] DEBUG LTCPro.ServiceLayer.Log4net - ---Executed Successfully GetUserRecentFacNs() in UserController----
2022-02-02 21:56:06,370 [5] DEBUG LTCPro.ServiceLayer.Log4net - ---Executing GetUserToken() in UserService----
2022-02-02 21:56:06,545 [8] DEBUG LTCPro.ServiceLayer.Log4net - ---Executed Successfully InsertUserActivityDetails() in CompanyController----
2022-02-02 21:56:06,580 [5] DEBUG LTCPro.ServiceLayer.Log4net - ---Executing GetUserAccessFacilityNurseStaions() in FacilityController----
2022-02-02 21:56:06,580 [5] DEBUG LTCPro.ServiceLayer.Log4net - ---Executing GetUserAccessFacilityNurseStaions() in FacilityService----
2022-02-02 21:56:07,001 [5] DEBUG LTCPro.ServiceLayer.Log4net - ---Executed Successfully GetUserAccessFacilityNurseStaions() in FacilityController----
2022-02-02 21:56:07,027 [8] DEBUG LTCPro.ServiceLayer.Log4net - ---Executing GetUserToken() in UserService----
2022-02-02 21:56:07,261 [8] DEBUG LTCPro.ServiceLayer.Log4net - ---Executing UserNurseStationDrop() in FacilityController----
2022-02-02 21:56:07,262 [8] DEBUG LTCPro.ServiceLayer.Log4net - ---Executing UserNurseStationDrop() in FacilityService----
2022-02-02 21:56:07,502 [8] DEBUG LTCPro.ServiceLayer.Log4net - ---Executed Successfully UserNurseStationDrop() in FacilityController----
2022-02-02 21:56:07,566 [5] DEBUG LTCPro.ServiceLayer.Log4net - ---Executing GetUserToken() in UserService----
2022-02-02 21:56:07,670 [8] DEBUG LTCPro.ServiceLayer.Log4net - ---Executing GetUserToken() in UserService----
2022-02-02 21:56:07,776 [5] DEBUG LTCPro.ServiceLayer.Log4net - ---Executing GetTimeZoneDate() in CommonController----
2022-02-02 21:56:07,777 [5] DEBUG LTCPro.ServiceLayer.Log4net - ---Executing GetTimeZoneDate() in CommonService----
2022-02-02 21:56:07,914 [8] DEBUG LTCPro.ServiceLayer.Log4net - ---Executing successfully GetResidentDetails() in ResidentDemographicController---
2022-02-02 21:56:07,938 [8] DEBUG LTCPro.ServiceLayer.Log4net - ---Executing GetResidentDetails() in ResidentDemographic----
2022-02-02 21:56:08,012 [5] DEBUG LTCPro.ServiceLayer.Log4net - ---Executed Successfully GetTimeZoneDate() in CommonController----
2022-02-02 21:56:08,197 [8] DEBUG LTCPro.ServiceLayer.Log4net - ---Executed successfully GetResidentDetails() in ResidentDemographicController--- 
2022-02-02 21:56:08,365 [8] DEBUG LTCPro.ServiceLayer.Log4net - ---Executing GetUserToken() in UserService----
2022-02-02 21:56:11,374 [8] DEBUG LTCPro.ServiceLayer.Log4net - ---Executing GetOrderChangeDetailsGrid() in ReportsController----
2022-02-02 21:56:11,450 [8] DEBUG LTCPro.ServiceLayer.Log4net - ---Executing GetOrderChangeDetailsReport() in OrdersService----
2022-02-02 21:56:28,866 [8] DEBUG LTCPro.ServiceLayer.Log4net - ---Executing GetUserToken() in UserService----
2022-02-02 21:56:31,311 [8] DEBUG LTCPro.ServiceLayer.Log4net - ---Executing GetOrderChangeDetailsGrid() in ReportsController----
2022-02-02 21:56:35,282 [8] DEBUG LTCPro.ServiceLayer.Log4net - ---Executing GetOrderChangeDetailsReport() in OrdersService----
2022-02-02 21:57:52,677 [8] ERROR LTCPro.ServiceLayer.Log4net - ===================================
2022-02-02 21:57:52,720 [8] ERROR LTCPro.ServiceLayer.Log4net -  Source : = System.Data
2022-02-02 21:57:52,720 [8] ERROR LTCPro.ServiceLayer.Log4net -  Stack Trace : =    at System.Data.DataTableCollection.get_Item(Int32 index)
   at LTCPro.WebApi.Controllers.ReportsController.GetOrderChangeDetailsGrid(String fromdate, String todate, Int32 userId, String nursestationId, String residentId) in D:\old system Data 04042021\Emar Service Latest 1\WebApi\Controllers\ReportsController.cs:line 2118
   at lambda_method(Closure , Object , Object[] )
   at System.Web.Http.Controllers.ReflectedHttpActionDescriptor.ActionExecutor.<>c__DisplayClass6_1.<GetExecutor>b__3(Object instance, Object[] methodParameters)
   at System.Web.Http.Controllers.ReflectedHttpActionDescriptor.ActionExecutor.Execute(Object instance, Object[] arguments)
   at System.Web.Http.Controllers.ReflectedHttpActionDescriptor.ExecuteAsync(HttpControllerContext controllerContext, IDictionary`2 arguments, CancellationToken cancellationToken)
--- End of stack trace from previous location where exception was thrown ---
   at System.Runtime.CompilerServices.TaskAwaiter.ThrowForNonSuccess(Task task)
   at System.Runtime.CompilerServices.TaskAwaiter.HandleNonSuccessAndDebuggerNotification(Task task)
   at System.Web.Http.Controllers.ApiControllerActionInvoker.<InvokeActionAsyncCore>d__1.MoveNext()
--- End of stack trace from previous location where exception was thrown ---
   at System.Runtime.CompilerServices.TaskAwaiter.ThrowForNonSuccess(Task task)
   at System.Runtime.CompilerServices.TaskAwaiter.HandleNonSuccessAndDebuggerNotification(Task task)
   at System.Web.Http.Controllers.ActionFilterResult.<ExecuteAsync>d__5.MoveNext()
--- End of stack trace from previous location where exception was thrown ---
   at System.Runtime.CompilerServices.TaskAwaiter.ThrowForNonSuccess(Task task)
   at System.Runtime.CompilerServices.TaskAwaiter.HandleNonSuccessAndDebuggerNotification(Task task)
   at System.Web.Http.Filters.AuthorizationFilterAttribute.<ExecuteAuthorizationFilterAsyncCore>d__3.MoveNext()
--- End of stack trace from previous location where exception was thrown ---
   at System.Runtime.CompilerServices.TaskAwaiter.ThrowForNonSuccess(Task task)
   at System.Runtime.CompilerServices.TaskAwaiter.HandleNonSuccessAndDebuggerNotification(Task task)
   at System.Web.Http.Controllers.ExceptionFilterResult.<ExecuteAsync>d__6.MoveNext()
2022-02-02 21:57:52,720 [8] ERROR LTCPro.ServiceLayer.Log4net -  Exception Message : = Cannot find table 0.
2022-02-02 21:57:52,720 [8] ERROR LTCPro.ServiceLayer.Log4net - ============= Inner Exception  Stack Trace  ===========
2022-02-02 22:04:53,579 [5] DEBUG LTCPro.ServiceLayer.Log4net - ---Executing UsersConfigNurseStationDrop() in FacilityController----
2022-02-02 22:04:53,586 [5] DEBUG LTCPro.ServiceLayer.Log4net - ---Executing UsersConfigNurseStationDrop() in FacilityService----
2022-02-02 22:04:57,039 [5] DEBUG LTCPro.ServiceLayer.Log4net - ---Executed Successfully UsersConfigNurseStationDrop() in FacilityController----
2022-02-02 22:04:57,320 [5] DEBUG LTCPro.ServiceLayer.Log4net - ---Executing GetProcessKeyMasterList() in FacilityController----
2022-02-02 22:04:57,337 [5] DEBUG LTCPro.ServiceLayer.Log4net - ---Executing GetProcessKeyMasterList() in FacilityService----
2022-02-02 22:04:57,624 [5] DEBUG LTCPro.ServiceLayer.Log4net - ---Executed Successfully GetProcessKeyMasterList() in FacilityController----
2022-02-02 22:05:00,592 [6] DEBUG LTCPro.ServiceLayer.Log4net - ---Executing GetProcessKeyMasterList() in FacilityController----
2022-02-02 22:05:00,592 [6] DEBUG LTCPro.ServiceLayer.Log4net - ---Executing GetProcessKeyMasterList() in FacilityService----
2022-02-02 22:05:00,801 [6] DEBUG LTCPro.ServiceLayer.Log4net - ---Executed Successfully GetProcessKeyMasterList() in FacilityController----
2022-02-02 22:05:02,461 [7] DEBUG LTCPro.ServiceLayer.Log4net - ---Executing CheckUser() in UserService----
2022-02-02 22:05:04,808 [7] DEBUG LTCPro.ServiceLayer.Log4net - ---Executing FindUser() in UserService----
2022-02-02 22:05:05,129 [7] DEBUG LTCPro.ServiceLayer.Log4net - ---Executing InsertUserSession() in UserService----
2022-02-02 22:05:05,799 [7] DEBUG LTCPro.ServiceLayer.Log4net - ---Executing InsertUserToken() in UserService----
2022-02-02 22:05:06,976 [5] DEBUG LTCPro.ServiceLayer.Log4net - ---Executing InsertUpdateUserRecentFacNs() in UserController----
2022-02-02 22:05:06,983 [5] DEBUG LTCPro.ServiceLayer.Log4net - ---Executing GetUserRecentFacNs() in UserService----
2022-02-02 22:05:07,005 [6] DEBUG LTCPro.ServiceLayer.Log4net - ---Executing GetScreenPermissionsForLoggedInUser() in RoleController----
2022-02-02 22:05:07,047 [6] DEBUG LTCPro.ServiceLayer.Log4net - ---Executing GetScreenPermissionsForLoggedInUser() in RoleService----
2022-02-02 22:05:07,521 [5] DEBUG LTCPro.ServiceLayer.Log4net - ---Executing InsertUpdateUserRecentFacNs() in CommonService----
2022-02-02 22:05:07,955 [5] DEBUG LTCPro.ServiceLayer.Log4net - ---Executed Successfully InsertUpdateUserRecentFacNs() in UserController----
2022-02-02 22:05:09,055 [6] DEBUG LTCPro.ServiceLayer.Log4net - ---Executed Successfully GetScreenPermissionsForLoggedInUser() in RoleController----
2022-02-02 22:05:09,220 [5] DEBUG LTCPro.ServiceLayer.Log4net - ---Executing GetUserToken() in UserService----
2022-02-02 22:05:09,495 [6] DEBUG LTCPro.ServiceLayer.Log4net - ---Executing GetUserToken() in UserService----
2022-02-02 22:05:09,693 [5] DEBUG LTCPro.ServiceLayer.Log4net - ---Executing InsertUserActivityDetails() in CompanyController----
2022-02-02 22:05:09,694 [5] DEBUG LTCPro.ServiceLayer.Log4net - ---Executing InsertUserActivityDetails() in UserActivityService----
2022-02-02 22:05:09,760 [6] DEBUG LTCPro.ServiceLayer.Log4net - ---Executing GetAlertsDetails() in MailboxController----
2022-02-02 22:05:09,881 [7] DEBUG LTCPro.ServiceLayer.Log4net - ---Executing GetUserToken() in UserService----
2022-02-02 22:05:09,892 [11] DEBUG LTCPro.ServiceLayer.Log4net - ---Executing GetUserToken() in UserService----
2022-02-02 22:05:10,058 [6] DEBUG LTCPro.ServiceLayer.Log4net - ---Executing GetAlertsDetails() in MailboxService----
2022-02-02 22:05:10,218 [7] DEBUG LTCPro.ServiceLayer.Log4net - ---Executing GetUserPassedDueFlag() in UserController----
2022-02-02 22:05:10,218 [7] DEBUG LTCPro.ServiceLayer.Log4net - ---Executing GetUserPassedDueFlag() in UserService----
2022-02-02 22:05:10,320 [5] DEBUG LTCPro.ServiceLayer.Log4net - ---Executed Successfully InsertUserActivityDetails() in CompanyController----
2022-02-02 22:05:10,336 [5] DEBUG LTCPro.ServiceLayer.Log4net - ---Executing GetUserToken() in UserService----
2022-02-02 22:05:10,429 [7] DEBUG LTCPro.ServiceLayer.Log4net - ---Executed Successfully GetUserPassedDueFlag() in UserController----
2022-02-02 22:05:10,454 [7] DEBUG LTCPro.ServiceLayer.Log4net - ---Executing GetUserToken() in UserService----
2022-02-02 22:05:10,545 [5] DEBUG LTCPro.ServiceLayer.Log4net - ---Executing GetReadMailsCount() in MailboxController----
2022-02-02 22:05:10,546 [5] DEBUG LTCPro.ServiceLayer.Log4net - ---Executing GetReadMailsCount() in MailboxService----
2022-02-02 22:05:10,754 [7] DEBUG LTCPro.ServiceLayer.Log4net - ---Executing GetOutboundErrorDetails() in CommonController----
2022-02-02 22:05:10,755 [7] DEBUG LTCPro.ServiceLayer.Log4net - ---Executing GetOutboundErrorDetails() in CommonService----
2022-02-02 22:05:10,984 [5] DEBUG LTCPro.ServiceLayer.Log4net - ---Executed successfully GetReadMailsCount() in MailboxController----
2022-02-02 22:05:11,017 [5] DEBUG LTCPro.ServiceLayer.Log4net - ---Executing GetUserToken() in UserService----
2022-02-02 22:05:11,115 [6] DEBUG LTCPro.ServiceLayer.Log4net - ---Executed successfully GetAlertsDetails() in MailboxController----
2022-02-02 22:05:11,152 [6] DEBUG LTCPro.ServiceLayer.Log4net - ---Executing GetUserToken() in UserService----
2022-02-02 22:05:11,347 [5] DEBUG LTCPro.ServiceLayer.Log4net - ---Executing GetPendingDosesList() in CommonController----
2022-02-02 22:05:11,348 [5] DEBUG LTCPro.ServiceLayer.Log4net - ---Executing GetPendingDosesList() in CommonService----
2022-02-02 22:05:11,532 [6] DEBUG LTCPro.ServiceLayer.Log4net - ---Executing GetUserActiveCompanyMasterList() in CompanyController----
2022-02-02 22:05:11,532 [6] DEBUG LTCPro.ServiceLayer.Log4net - ---Executing GetActiveCompanyMasterList() in CompanyService----
2022-02-02 22:05:11,749 [11] DEBUG LTCPro.ServiceLayer.Log4net - ---Executing GetDueMARAlertData() in EmarController----
2022-02-02 22:05:11,815 [11] DEBUG LTCPro.ServiceLayer.Log4net - ---Executing GetDueMARAlertData() in EmarService----
2022-02-02 22:05:12,085 [4] DEBUG LTCPro.ServiceLayer.Log4net - ---Executing GetUserToken() in UserService----
2022-02-02 22:05:13,046 [11] DEBUG LTCPro.ServiceLayer.Log4net - ---Executed Successfully GetDueMARAlertData() in EmarController----
2022-02-02 22:05:13,257 [4] DEBUG LTCPro.ServiceLayer.Log4net - ---Executing GetUserRecentFacNs() in UserController----
2022-02-02 22:05:13,257 [4] DEBUG LTCPro.ServiceLayer.Log4net - ---Executing GetUserRecentFacNs() in UserService----
2022-02-02 22:05:13,674 [4] DEBUG LTCPro.ServiceLayer.Log4net - ---Executed Successfully GetUserRecentFacNs() in UserController----
2022-02-02 22:05:13,757 [5] DEBUG LTCPro.ServiceLayer.Log4net - ---Executed Successfully GetPendingDosesList() in CommonController----
2022-02-02 22:05:13,763 [12] DEBUG LTCPro.ServiceLayer.Log4net - ---Executing GetUserToken() in UserService----
2022-02-02 22:05:13,974 [12] DEBUG LTCPro.ServiceLayer.Log4net - ---Executing GetUserAccessFacilityNurseStaions() in FacilityController----
2022-02-02 22:05:13,975 [12] DEBUG LTCPro.ServiceLayer.Log4net - ---Executing GetUserAccessFacilityNurseStaions() in FacilityService----
2022-02-02 22:05:14,427 [12] DEBUG LTCPro.ServiceLayer.Log4net - ---Executed Successfully GetUserAccessFacilityNurseStaions() in FacilityController----
2022-02-02 22:05:14,744 [6] DEBUG LTCPro.ServiceLayer.Log4net - ---Executed Successfully GetUserActiveCompanyMasterList() in CompanyController----
2022-02-02 22:05:16,918 [7] DEBUG LTCPro.ServiceLayer.Log4net - ---Executed Successfully GetOutboundErrorDetails() in CommonController----
2022-02-02 22:05:21,048 [7] DEBUG LTCPro.ServiceLayer.Log4net - ---Executing GetUserToken() in UserService----
2022-02-02 22:05:21,055 [11] DEBUG LTCPro.ServiceLayer.Log4net - ---Executing GetUserToken() in UserService----
2022-02-02 22:05:21,257 [7] DEBUG LTCPro.ServiceLayer.Log4net - ---Executing InsertUserActivityDetails() in CompanyController----
2022-02-02 22:05:21,258 [7] DEBUG LTCPro.ServiceLayer.Log4net - ---Executing InsertUserActivityDetails() in UserActivityService----
2022-02-02 22:05:21,263 [11] DEBUG LTCPro.ServiceLayer.Log4net - ---Executing GetUserRecentFacNs() in UserController----
2022-02-02 22:05:21,263 [11] DEBUG LTCPro.ServiceLayer.Log4net - ---Executing GetUserRecentFacNs() in UserService----
2022-02-02 22:05:21,680 [11] DEBUG LTCPro.ServiceLayer.Log4net - ---Executed Successfully GetUserRecentFacNs() in UserController----
2022-02-02 22:05:21,710 [12] DEBUG LTCPro.ServiceLayer.Log4net - ---Executing GetUserToken() in UserService----
2022-02-02 22:05:21,884 [7] DEBUG LTCPro.ServiceLayer.Log4net - ---Executed Successfully InsertUserActivityDetails() in CompanyController----
2022-02-02 22:05:21,918 [12] DEBUG LTCPro.ServiceLayer.Log4net - ---Executing GetUserAccessFacilityNurseStaions() in FacilityController----
2022-02-02 22:05:21,918 [12] DEBUG LTCPro.ServiceLayer.Log4net - ---Executing GetUserAccessFacilityNurseStaions() in FacilityService----
2022-02-02 22:05:22,336 [12] DEBUG LTCPro.ServiceLayer.Log4net - ---Executed Successfully GetUserAccessFacilityNurseStaions() in FacilityController----
2022-02-02 22:05:22,363 [5] DEBUG LTCPro.ServiceLayer.Log4net - ---Executing GetUserToken() in UserService----
2022-02-02 22:05:22,612 [5] DEBUG LTCPro.ServiceLayer.Log4net - ---Executing UserNurseStationDrop() in FacilityController----
2022-02-02 22:05:22,612 [5] DEBUG LTCPro.ServiceLayer.Log4net - ---Executing UserNurseStationDrop() in FacilityService----
2022-02-02 22:05:22,852 [5] DEBUG LTCPro.ServiceLayer.Log4net - ---Executed Successfully UserNurseStationDrop() in FacilityController----
2022-02-02 22:05:22,893 [7] DEBUG LTCPro.ServiceLayer.Log4net - ---Executing GetUserToken() in UserService----
2022-02-02 22:05:22,944 [11] DEBUG LTCPro.ServiceLayer.Log4net - ---Executing GetUserToken() in UserService----
2022-02-02 22:05:23,103 [7] DEBUG LTCPro.ServiceLayer.Log4net - ---Executing GetTimeZoneDate() in CommonController----
2022-02-02 22:05:23,105 [7] DEBUG LTCPro.ServiceLayer.Log4net - ---Executing GetTimeZoneDate() in CommonService----
2022-02-02 22:05:23,178 [11] DEBUG LTCPro.ServiceLayer.Log4net - ---Executing successfully GetResidentDetails() in ResidentDemographicController---
2022-02-02 22:05:23,207 [11] DEBUG LTCPro.ServiceLayer.Log4net - ---Executing GetResidentDetails() in ResidentDemographic----
2022-02-02 22:05:23,330 [7] DEBUG LTCPro.ServiceLayer.Log4net - ---Executed Successfully GetTimeZoneDate() in CommonController----
2022-02-02 22:05:23,470 [11] DEBUG LTCPro.ServiceLayer.Log4net - ---Executed successfully GetResidentDetails() in ResidentDemographicController--- 
2022-02-02 22:05:23,596 [4] DEBUG LTCPro.ServiceLayer.Log4net - ---Executing GetUserToken() in UserService----
2022-02-02 22:05:26,879 [4] DEBUG LTCPro.ServiceLayer.Log4net - ---Executing GetOrderChangeDetailsGrid() in ReportsController----
2022-02-02 22:05:26,912 [4] DEBUG LTCPro.ServiceLayer.Log4net - ---Executing GetOrderChangeDetailsReport() in OrdersService----
2022-02-02 22:05:43,453 [5] DEBUG LTCPro.ServiceLayer.Log4net - ---Executing GetUserToken() in UserService----
2022-02-02 22:05:45,871 [5] DEBUG LTCPro.ServiceLayer.Log4net - ---Executing GetOrderChangeDetailsGrid() in ReportsController----
2022-02-02 22:05:48,791 [5] DEBUG LTCPro.ServiceLayer.Log4net - ---Executing GetOrderChangeDetailsReport() in OrdersService----
2022-02-02 22:26:57,077 [25] DEBUG LTCPro.ServiceLayer.Log4net - ---Executing LogoutUser() in UserController----
2022-02-02 22:26:57,078 [25] DEBUG LTCPro.ServiceLayer.Log4net - ---Executing LogoutUser() in UserService----
2022-02-02 22:26:57,394 [26] ERROR LTCPro.ServiceLayer.Log4net - ===================================
2022-02-02 22:26:57,430 [26] ERROR LTCPro.ServiceLayer.Log4net -  Source : = mscorlib
2022-02-02 22:26:57,430 [26] ERROR LTCPro.ServiceLayer.Log4net -  Stack Trace : =    at System.IO.__Error.WinIOError(Int32 errorCode, String maybeFullPath)
   at System.IO.FileStream.Init(String path, FileMode mode, FileAccess access, Int32 rights, Boolean useRights, FileShare share, Int32 bufferSize, FileOptions options, SECURITY_ATTRIBUTES secAttrs, String msgPath, Boolean bFromProxy, Boolean useLongPath, Boolean checkHost)
   at System.IO.FileStream..ctor(String path, FileMode mode, FileAccess access, FileShare share, Int32 bufferSize)
   at System.IO.File.Create(String path)
   at LTCPro.ServiceLayer.AngularLogs.ErrorLogging(String errorMessage) in D:\old system Data 04042021\Emar Service Latest 1\BusinessLayer\AngularLogs.cs:line 25
   at LTCPro.WebApi.Controllers.AngularLogController.LogError(String errorMessage) in D:\old system Data 04042021\Emar Service Latest 1\WebApi\Controllers\AngularLogController.cs:line 29
   at lambda_method(Closure , Object , Object[] )
   at System.Web.Http.Controllers.ReflectedHttpActionDescriptor.ActionExecutor.<>c__DisplayClass6_1.<GetExecutor>b__3(Object instance, Object[] methodParameters)
   at System.Web.Http.Controllers.ReflectedHttpActionDescriptor.ActionExecutor.Execute(Object instance, Object[] arguments)
   at System.Web.Http.Controllers.ReflectedHttpActionDescriptor.ExecuteAsync(HttpControllerContext controllerContext, IDictionary`2 arguments, CancellationToken cancellationToken)
--- End of stack trace from previous location where exception was thrown ---
   at System.Runtime.CompilerServices.TaskAwaiter.ThrowForNonSuccess(Task task)
   at System.Runtime.CompilerServices.TaskAwaiter.HandleNonSuccessAndDebuggerNotification(Task task)
   at System.Web.Http.Controllers.ApiControllerActionInvoker.<InvokeActionAsyncCore>d__1.MoveNext()
--- End of stack trace from previous location where exception was thrown ---
   at System.Runtime.CompilerServices.TaskAwaiter.ThrowForNonSuccess(Task task)
   at System.Runtime.CompilerServices.TaskAwaiter.HandleNonSuccessAndDebuggerNotification(Task task)
   at System.Web.Http.Controllers.ActionFilterResult.<ExecuteAsync>d__5.MoveNext()
--- End of stack trace from previous location where exception was thrown ---
   at System.Runtime.CompilerServices.TaskAwaiter.ThrowForNonSuccess(Task task)
   at System.Runtime.CompilerServices.TaskAwaiter.HandleNonSuccessAndDebuggerNotification(Task task)
   at System.Web.Http.Controllers.ExceptionFilterResult.<ExecuteAsync>d__6.MoveNext()
2022-02-02 22:26:57,430 [26] ERROR LTCPro.ServiceLayer.Log4net -  Exception Message : = The process cannot access the file 'D:\old system Data 04042021\Emar Service Latest 1\WebApi\app_data\AngularLog\20220202.log' because it is being used by another process.
2022-02-02 22:26:57,430 [26] ERROR LTCPro.ServiceLayer.Log4net - ============= Inner Exception  Stack Trace  ===========
2022-02-02 22:27:18,845 [25] ERROR LTCPro.ServiceLayer.Log4net - ===================================
2022-02-02 22:27:18,845 [25] ERROR LTCPro.ServiceLayer.Log4net -  Source : = mscorlib
2022-02-02 22:27:18,845 [25] ERROR LTCPro.ServiceLayer.Log4net -  Stack Trace : =    at System.Threading.Tasks.Task.ThrowIfExceptional(Boolean includeTaskCanceledExceptions)
   at System.Threading.Tasks.Task`1.GetResultCore(Boolean waitCompletionNotification)
   at System.Threading.Tasks.Task`1.get_Result()
   at WebApi.Controllers.UserController.LogoutUser(Int32 userId) in D:\old system Data 04042021\Emar Service Latest 1\WebApi\Controllers\UserController.cs:line 72
   at lambda_method(Closure , Object , Object[] )
   at System.Web.Http.Controllers.ReflectedHttpActionDescriptor.ActionExecutor.<>c__DisplayClass6_1.<GetExecutor>b__3(Object instance, Object[] methodParameters)
   at System.Web.Http.Controllers.ReflectedHttpActionDescriptor.ActionExecutor.Execute(Object instance, Object[] arguments)
   at System.Web.Http.Controllers.ReflectedHttpActionDescriptor.ExecuteAsync(HttpControllerContext controllerContext, IDictionary`2 arguments, CancellationToken cancellationToken)
--- End of stack trace from previous location where exception was thrown ---
   at System.Runtime.CompilerServices.TaskAwaiter.ThrowForNonSuccess(Task task)
   at System.Runtime.CompilerServices.TaskAwaiter.HandleNonSuccessAndDebuggerNotification(Task task)
   at System.Web.Http.Controllers.ApiControllerActionInvoker.<InvokeActionAsyncCore>d__1.MoveNext()
--- End of stack trace from previous location where exception was thrown ---
   at System.Runtime.CompilerServices.TaskAwaiter.ThrowForNonSuccess(Task task)
   at System.Runtime.CompilerServices.TaskAwaiter.HandleNonSuccessAndDebuggerNotification(Task task)
   at System.Web.Http.Controllers.ActionFilterResult.<ExecuteAsync>d__5.MoveNext()
--- End of stack trace from previous location where exception was thrown ---
   at System.Runtime.CompilerServices.TaskAwaiter.ThrowForNonSuccess(Task task)
   at System.Runtime.CompilerServices.TaskAwaiter.HandleNonSuccessAndDebuggerNotification(Task task)
   at System.Web.Http.Filters.AuthorizationFilterAttribute.<ExecuteAuthorizationFilterAsyncCore>d__3.MoveNext()
--- End of stack trace from previous location where exception was thrown ---
   at System.Runtime.CompilerServices.TaskAwaiter.ThrowForNonSuccess(Task task)
   at System.Runtime.CompilerServices.TaskAwaiter.HandleNonSuccessAndDebuggerNotification(Task task)
   at System.Web.Http.Controllers.ExceptionFilterResult.<ExecuteAsync>d__6.MoveNext()
2022-02-02 22:27:18,845 [25] ERROR LTCPro.ServiceLayer.Log4net -  Exception Message : = One or more errors occurred.
2022-02-02 22:27:18,845 [25] ERROR LTCPro.ServiceLayer.Log4net - ============= Inner Exception  Stack Trace  ===========
2022-02-02 22:27:18,902 [25] ERROR LTCPro.ServiceLayer.Log4net -  Inner Exception  Stack Trace : =    at System.Data.Entity.SqlServer.DefaultSqlExecutionStrategy.Execute[TResult](Func`1 operation)
   at System.Data.Entity.Core.Objects.ObjectQuery`1.GetResults(Nullable`1 forMergeOption)
   at System.Data.Entity.Core.Objects.ObjectQuery`1.<System.Collections.Generic.IEnumerable<T>.GetEnumerator>b__0()
   at System.Data.Entity.Internal.LazyEnumerator`1.MoveNext()
   at System.Linq.Enumerable.SingleOrDefault[TSource](IEnumerable`1 source)
   at System.Data.Entity.Core.Objects.ELinq.ObjectQueryProvider.<GetElementFunction>b__2[TResult](IEnumerable`1 sequence)
   at System.Data.Entity.Core.Objects.ELinq.ObjectQueryProvider.ExecuteSingle[TResult](IEnumerable`1 query, Expression queryRoot)
   at System.Data.Entity.Core.Objects.ELinq.ObjectQueryProvider.System.Linq.IQueryProvider.Execute[TResult](Expression expression)
   at System.Data.Entity.Internal.Linq.DbQueryProvider.Execute[TResult](Expression expression)
   at System.Linq.Queryable.SingleOrDefault[TSource](IQueryable`1 source)
   at LTCPro.Repositories.UserRepository.LogoutUser(Int32 userId) in D:\old system Data 04042021\Emar Service Latest 1\Repositories\Repositories\UserRepository.cs:line 419
   at LTCPro.ServiceLayer.UserService.<LogoutUser>d__13.MoveNext() in D:\old system Data 04042021\Emar Service Latest 1\BusinessLayer\Services\UserService.cs:line 76
2022-02-02 22:27:18,902 [25] ERROR LTCPro.ServiceLayer.Log4net - ============= Inner Exception  Stack Trace End  ===========
2022-02-02 22:27:18,902 [25] ERROR LTCPro.ServiceLayer.Log4net - ============= Inner Exception  Message  ===========
2022-02-02 22:27:18,902 [25] ERROR LTCPro.ServiceLayer.Log4net -  Inner Exception Message : = An exception has been raised that is likely due to a transient failure. If you are connecting to a SQL Azure database consider using SqlAzureExecutionStrategy.
2022-02-02 22:27:18,902 [25] ERROR LTCPro.ServiceLayer.Log4net - ============= Inner Exception  Message End  ===========
2022-02-02 23:28:17,569 [8] DEBUG LTCPro.ServiceLayer.Log4net - ---Executing UsersConfigNurseStationDrop() in FacilityController----
2022-02-02 23:28:17,598 [8] DEBUG LTCPro.ServiceLayer.Log4net - ---Executing UsersConfigNurseStationDrop() in FacilityService----
2022-02-02 23:28:18,458 [8] DEBUG LTCPro.ServiceLayer.Log4net - ---Executed Successfully UsersConfigNurseStationDrop() in FacilityController----
2022-02-02 23:28:18,778 [5] DEBUG LTCPro.ServiceLayer.Log4net - ---Executing GetProcessKeyMasterList() in FacilityController----
2022-02-02 23:28:18,789 [5] DEBUG LTCPro.ServiceLayer.Log4net - ---Executing GetProcessKeyMasterList() in FacilityService----
2022-02-02 23:28:18,823 [5] DEBUG LTCPro.ServiceLayer.Log4net - ---Executed Successfully GetProcessKeyMasterList() in FacilityController----
2022-02-02 23:28:43,948 [5] DEBUG LTCPro.ServiceLayer.Log4net - ---Executing GetProcessKeyMasterList() in FacilityController----
2022-02-02 23:28:43,948 [5] DEBUG LTCPro.ServiceLayer.Log4net - ---Executing GetProcessKeyMasterList() in FacilityService----
2022-02-02 23:28:43,953 [5] DEBUG LTCPro.ServiceLayer.Log4net - ---Executed Successfully GetProcessKeyMasterList() in FacilityController----
2022-02-02 23:28:47,077 [6] DEBUG LTCPro.ServiceLayer.Log4net - ---Executing CheckUser() in UserService----
2022-02-02 23:28:47,417 [6] DEBUG LTCPro.ServiceLayer.Log4net - ---Executing FindUser() in UserService----
2022-02-02 23:28:47,503 [6] DEBUG LTCPro.ServiceLayer.Log4net - ---Executing InsertUserSession() in UserService----
2022-02-02 23:28:47,654 [6] DEBUG LTCPro.ServiceLayer.Log4net - ---Executing InsertUserToken() in UserService----
2022-02-02 23:28:47,804 [8] DEBUG LTCPro.ServiceLayer.Log4net - ---Executing InsertUpdateUserRecentFacNs() in UserController----
2022-02-02 23:28:47,833 [8] DEBUG LTCPro.ServiceLayer.Log4net - ---Executing GetUserRecentFacNs() in UserService----
2022-02-02 23:28:47,890 [5] DEBUG LTCPro.ServiceLayer.Log4net - ---Executing GetScreenPermissionsForLoggedInUser() in RoleController----
2022-02-02 23:28:47,912 [5] DEBUG LTCPro.ServiceLayer.Log4net - ---Executing GetScreenPermissionsForLoggedInUser() in RoleService----
2022-02-02 23:28:47,954 [8] DEBUG LTCPro.ServiceLayer.Log4net - ---Executing InsertUpdateUserRecentFacNs() in CommonService----
2022-02-02 23:28:47,980 [5] DEBUG LTCPro.ServiceLayer.Log4net - ---Executed Successfully GetScreenPermissionsForLoggedInUser() in RoleController----
2022-02-02 23:28:48,068 [8] DEBUG LTCPro.ServiceLayer.Log4net - ---Executed Successfully InsertUpdateUserRecentFacNs() in UserController----
2022-02-02 23:28:48,148 [7] DEBUG LTCPro.ServiceLayer.Log4net - ---Executing GetUserToken() in UserService----
2022-02-02 23:28:48,160 [11] DEBUG LTCPro.ServiceLayer.Log4net - ---Executing GetUserToken() in UserService----
2022-02-02 23:28:48,189 [11] DEBUG LTCPro.ServiceLayer.Log4net - ---Executing GetUserPassedDueFlag() in UserController----
2022-02-02 23:28:48,190 [11] DEBUG LTCPro.ServiceLayer.Log4net - ---Executing GetUserPassedDueFlag() in UserService----
2022-02-02 23:28:48,221 [11] DEBUG LTCPro.ServiceLayer.Log4net - ---Executed Successfully GetUserPassedDueFlag() in UserController----
2022-02-02 23:28:48,233 [8] DEBUG LTCPro.ServiceLayer.Log4net - ---Executing GetUserToken() in UserService----
2022-02-02 23:28:48,233 [6] DEBUG LTCPro.ServiceLayer.Log4net - ---Executing GetUserToken() in UserService----
2022-02-02 23:28:48,237 [11] DEBUG LTCPro.ServiceLayer.Log4net - ---Executing GetUserToken() in UserService----
2022-02-02 23:28:48,256 [6] DEBUG LTCPro.ServiceLayer.Log4net - ---Executing GetReadMailsCount() in MailboxController----
2022-02-02 23:28:48,264 [8] DEBUG LTCPro.ServiceLayer.Log4net - ---Executing GetAlertsDetails() in MailboxController----
2022-02-02 23:28:48,276 [11] DEBUG LTCPro.ServiceLayer.Log4net - ---Executing GetOutboundErrorDetails() in CommonController----
2022-02-02 23:28:48,277 [11] DEBUG LTCPro.ServiceLayer.Log4net - ---Executing GetOutboundErrorDetails() in CommonService----
2022-02-02 23:28:48,303 [6] DEBUG LTCPro.ServiceLayer.Log4net - ---Executing GetReadMailsCount() in MailboxService----
2022-02-02 23:28:48,303 [8] DEBUG LTCPro.ServiceLayer.Log4net - ---Executing GetAlertsDetails() in MailboxService----
2022-02-02 23:28:48,305 [7] DEBUG LTCPro.ServiceLayer.Log4net - ---Executing InsertUserActivityDetails() in CompanyController----
2022-02-02 23:28:48,306 [7] DEBUG LTCPro.ServiceLayer.Log4net - ---Executing InsertUserActivityDetails() in UserActivityService----
2022-02-02 23:28:48,320 [7] DEBUG LTCPro.ServiceLayer.Log4net - ---Executed Successfully InsertUserActivityDetails() in CompanyController----
2022-02-02 23:28:48,349 [7] DEBUG LTCPro.ServiceLayer.Log4net - ---Executing GetUserToken() in UserService----
2022-02-02 23:28:48,352 [6] DEBUG LTCPro.ServiceLayer.Log4net - ---Executed successfully GetReadMailsCount() in MailboxController----
2022-02-02 23:28:48,374 [8] DEBUG LTCPro.ServiceLayer.Log4net - ---Executed successfully GetAlertsDetails() in MailboxController----
2022-02-02 23:28:48,374 [6] DEBUG LTCPro.ServiceLayer.Log4net - ---Executing GetUserToken() in UserService----
2022-02-02 23:28:48,379 [7] DEBUG LTCPro.ServiceLayer.Log4net - ---Executing GetDueMARAlertData() in EmarController----
2022-02-02 23:28:48,381 [7] DEBUG LTCPro.ServiceLayer.Log4net - ---Executing GetDueMARAlertData() in EmarService----
2022-02-02 23:28:48,402 [6] DEBUG LTCPro.ServiceLayer.Log4net - ---Executing GetPendingDosesList() in CommonController----
2022-02-02 23:28:48,403 [6] DEBUG LTCPro.ServiceLayer.Log4net - ---Executing GetPendingDosesList() in CommonService----
2022-02-02 23:28:48,415 [8] DEBUG LTCPro.ServiceLayer.Log4net - ---Executing GetUserToken() in UserService----
2022-02-02 23:28:48,450 [8] DEBUG LTCPro.ServiceLayer.Log4net - ---Executing GetUserActiveCompanyMasterList() in CompanyController----
2022-02-02 23:28:48,451 [8] DEBUG LTCPro.ServiceLayer.Log4net - ---Executing GetActiveCompanyMasterList() in CompanyService----
2022-02-02 23:28:48,452 [11] DEBUG LTCPro.ServiceLayer.Log4net - ---Executed Successfully GetOutboundErrorDetails() in CommonController----
2022-02-02 23:28:48,470 [11] DEBUG LTCPro.ServiceLayer.Log4net - ---Executing GetUserToken() in UserService----
2022-02-02 23:28:48,477 [11] DEBUG LTCPro.ServiceLayer.Log4net - ---Executing GetUserRecentFacNs() in UserController----
2022-02-02 23:28:48,477 [11] DEBUG LTCPro.ServiceLayer.Log4net - ---Executing GetUserRecentFacNs() in UserService----
2022-02-02 23:28:48,511 [11] DEBUG LTCPro.ServiceLayer.Log4net - ---Executed Successfully GetUserRecentFacNs() in UserController----
2022-02-02 23:28:48,535 [11] DEBUG LTCPro.ServiceLayer.Log4net - ---Executing GetUserToken() in UserService----
2022-02-02 23:28:48,542 [11] DEBUG LTCPro.ServiceLayer.Log4net - ---Executing GetUserAccessFacilityNurseStaions() in FacilityController----
2022-02-02 23:28:48,543 [11] DEBUG LTCPro.ServiceLayer.Log4net - ---Executing GetUserAccessFacilityNurseStaions() in FacilityService----
2022-02-02 23:28:48,605 [11] DEBUG LTCPro.ServiceLayer.Log4net - ---Executed Successfully GetUserAccessFacilityNurseStaions() in FacilityController----
2022-02-02 23:28:48,605 [8] DEBUG LTCPro.ServiceLayer.Log4net - ---Executed Successfully GetUserActiveCompanyMasterList() in CompanyController----
2022-02-02 23:28:48,709 [6] DEBUG LTCPro.ServiceLayer.Log4net - ---Executed Successfully GetPendingDosesList() in CommonController----
2022-02-02 23:28:49,070 [7] DEBUG LTCPro.ServiceLayer.Log4net - ---Executed Successfully GetDueMARAlertData() in EmarController----
2022-02-02 23:28:52,072 [7] DEBUG LTCPro.ServiceLayer.Log4net - ---Executing GetUserToken() in UserService----
2022-02-02 23:28:52,078 [5] DEBUG LTCPro.ServiceLayer.Log4net - ---Executing GetUserToken() in UserService----
2022-02-02 23:28:52,093 [5] DEBUG LTCPro.ServiceLayer.Log4net - ---Executing GetUserRecentFacNs() in UserController----
2022-02-02 23:28:52,093 [5] DEBUG LTCPro.ServiceLayer.Log4net - ---Executing GetUserRecentFacNs() in UserService----
2022-02-02 23:28:52,093 [7] DEBUG LTCPro.ServiceLayer.Log4net - ---Executing InsertUserActivityDetails() in CompanyController----
2022-02-02 23:28:52,093 [7] DEBUG LTCPro.ServiceLayer.Log4net - ---Executing InsertUserActivityDetails() in UserActivityService----
2022-02-02 23:28:52,151 [7] DEBUG LTCPro.ServiceLayer.Log4net - ---Executed Successfully InsertUserActivityDetails() in CompanyController----
2022-02-02 23:28:52,153 [5] DEBUG LTCPro.ServiceLayer.Log4net - ---Executed Successfully GetUserRecentFacNs() in UserController----
2022-02-02 23:28:52,175 [11] DEBUG LTCPro.ServiceLayer.Log4net - ---Executing GetUserToken() in UserService----
2022-02-02 23:28:52,186 [11] DEBUG LTCPro.ServiceLayer.Log4net - ---Executing GetUserAccessFacilityNurseStaions() in FacilityController----
2022-02-02 23:28:52,186 [11] DEBUG LTCPro.ServiceLayer.Log4net - ---Executing GetUserAccessFacilityNurseStaions() in FacilityService----
2022-02-02 23:28:52,211 [11] DEBUG LTCPro.ServiceLayer.Log4net - ---Executed Successfully GetUserAccessFacilityNurseStaions() in FacilityController----
2022-02-02 23:28:52,248 [11] DEBUG LTCPro.ServiceLayer.Log4net - ---Executing GetUserToken() in UserService----
2022-02-02 23:28:52,332 [11] DEBUG LTCPro.ServiceLayer.Log4net - ---Executing UserNurseStationDrop() in FacilityController----
2022-02-02 23:28:52,332 [11] DEBUG LTCPro.ServiceLayer.Log4net - ---Executing UserNurseStationDrop() in FacilityService----
2022-02-02 23:28:52,347 [11] DEBUG LTCPro.ServiceLayer.Log4net - ---Executed Successfully UserNurseStationDrop() in FacilityController----
2022-02-02 23:28:52,383 [7] DEBUG LTCPro.ServiceLayer.Log4net - ---Executing GetUserToken() in UserService----
2022-02-02 23:28:52,393 [7] DEBUG LTCPro.ServiceLayer.Log4net - ---Executing GetCompanyToBedFlagByFacId() in FacilityController----
2022-02-02 23:28:52,394 [7] DEBUG LTCPro.ServiceLayer.Log4net - ---Executing GetCompanyToBedFlagByFacId() in FacilityService----
2022-02-02 23:28:52,407 [8] DEBUG LTCPro.ServiceLayer.Log4net - ---Executing GetUserToken() in UserService----
2022-02-02 23:28:52,457 [8] DEBUG LTCPro.ServiceLayer.Log4net - ---Executing GetSeventyTwoHourDetailsByfilter() in EMARController----
2022-02-02 23:28:52,469 [6] DEBUG LTCPro.ServiceLayer.Log4net - ---Executing GetUserToken() in UserService----
2022-02-02 23:28:52,473 [8] DEBUG LTCPro.ServiceLayer.Log4net - ---Executing GetSeventyTwoHourDetailsByfilter() in EmarService----
2022-02-02 23:28:52,557 [6] DEBUG LTCPro.ServiceLayer.Log4net - ---Executing OrderEndingSoonStatus() in OrdersController----
2022-02-02 23:28:52,578 [6] DEBUG LTCPro.ServiceLayer.Log4net - ---Executing OrderEndingSoonStatus() in OrdersService----
2022-02-02 23:28:52,588 [7] DEBUG LTCPro.ServiceLayer.Log4net - ---Executed Successfully GetCompanyToBedFlagByFacId() in FacilityController----
2022-02-02 23:28:52,622 [6] DEBUG LTCPro.ServiceLayer.Log4net - ---Executed Successfully OrderEndingSoonStatus() in OrdersController----
2022-02-02 23:28:52,668 [11] DEBUG LTCPro.ServiceLayer.Log4net - ---Executing GetUserToken() in UserService----
2022-02-02 23:28:52,699 [5] DEBUG LTCPro.ServiceLayer.Log4net - ---Executing GetUserToken() in UserService----
2022-02-02 23:28:52,736 [11] DEBUG LTCPro.ServiceLayer.Log4net - ---Executing OrderEndingSoonStatus() in OrdersController----
2022-02-02 23:28:52,736 [11] DEBUG LTCPro.ServiceLayer.Log4net - ---Executing OrderEndingSoonStatus() in OrdersService----
2022-02-02 23:28:52,737 [7] DEBUG LTCPro.ServiceLayer.Log4net - ---Executing GetUserToken() in UserService----
2022-02-02 23:28:52,760 [5] DEBUG LTCPro.ServiceLayer.Log4net - ---Executing GetOrdersEndingSoon() in OrdersController----
2022-02-02 23:28:52,761 [11] DEBUG LTCPro.ServiceLayer.Log4net - ---Executed Successfully OrderEndingSoonStatus() in OrdersController----
2022-02-02 23:28:52,764 [5] DEBUG LTCPro.ServiceLayer.Log4net - ---Executing GetOrdersEndingSoon() in OrdersService----
2022-02-02 23:28:52,783 [7] DEBUG LTCPro.ServiceLayer.Log4net - ---Executing GetPRNDetailsByfilter() in EMARController----
2022-02-02 23:28:52,784 [7] DEBUG LTCPro.ServiceLayer.Log4net - ---Executing GetPRNDetailsByfilter() in EmarService----
2022-02-02 23:28:52,907 [5] DEBUG LTCPro.ServiceLayer.Log4net - ---Executed Successfully GetOrdersEndingSoon() in OrdersController----
2022-02-02 23:28:52,909 [8] DEBUG LTCPro.ServiceLayer.Log4net - ---Executed Successfully GetSeventyTwoHourDetailsByfilter() in EMARController----
2022-02-02 23:28:53,063 [7] DEBUG LTCPro.ServiceLayer.Log4net - ---Executed Successfully GetPRNDetailsByfilter() in EMARController----
2022-02-02 23:28:53,076 [5] DEBUG LTCPro.ServiceLayer.Log4net - ---Executing GetUserToken() in UserService----
2022-02-02 23:28:53,090 [5] DEBUG LTCPro.ServiceLayer.Log4net - ---Executing GetNurseStationHierarchyDetailsbyNsId() in CompanyController----
2022-02-02 23:28:53,093 [6] DEBUG LTCPro.ServiceLayer.Log4net - ---Executing GetUserToken() in UserService----
2022-02-02 23:28:53,104 [6] DEBUG LTCPro.ServiceLayer.Log4net - ---Executing GetOrdersGridData() in OrdersController----
2022-02-02 23:28:53,105 [6] DEBUG LTCPro.ServiceLayer.Log4net - ---Executing GetOrdersGridData() in OrdersService----
2022-02-02 23:28:53,115 [5] DEBUG LTCPro.ServiceLayer.Log4net - ---Executing GetNurseStationHierarchyDetailsbyNsId() in CompanyService----
2022-02-02 23:28:53,154 [5] DEBUG LTCPro.ServiceLayer.Log4net - ---Executed Successfully GetNurseStationHierarchyDetailsbyNsId() in CompanyController----
2022-02-02 23:28:53,240 [6] DEBUG LTCPro.ServiceLayer.Log4net - ---Executed Successfully GetOrdersGridData() in OrdersController----
2022-02-02 23:28:53,540 [7] DEBUG LTCPro.ServiceLayer.Log4net - ---Executing GetUserToken() in UserService----
2022-02-02 23:28:53,551 [7] DEBUG LTCPro.ServiceLayer.Log4net - ---Executing GetPendingOrdersGridData() in OrdersController----
2022-02-02 23:28:53,552 [7] DEBUG LTCPro.ServiceLayer.Log4net - ---Executing GetPendingOrdersGridData() in OrdersService----
2022-02-02 23:28:53,615 [7] DEBUG LTCPro.ServiceLayer.Log4net - ---Executed Successfully GetPendingOrdersGridData() in OrdersController----
2022-02-02 23:28:56,326 [6] DEBUG LTCPro.ServiceLayer.Log4net - ---Executing GetUserToken() in UserService----
2022-02-02 23:28:56,330 [8] DEBUG LTCPro.ServiceLayer.Log4net - ---Executing GetUserToken() in UserService----
2022-02-02 23:28:56,337 [6] DEBUG LTCPro.ServiceLayer.Log4net - ---Executing InsertUserActivityDetails() in CompanyController----
2022-02-02 23:28:56,337 [6] DEBUG LTCPro.ServiceLayer.Log4net - ---Executing InsertUserActivityDetails() in UserActivityService----
2022-02-02 23:28:56,337 [8] DEBUG LTCPro.ServiceLayer.Log4net - ---Executing GetUserRecentFacNs() in UserController----
2022-02-02 23:28:56,337 [8] DEBUG LTCPro.ServiceLayer.Log4net - ---Executing GetUserRecentFacNs() in UserService----
2022-02-02 23:28:56,348 [6] DEBUG LTCPro.ServiceLayer.Log4net - ---Executed Successfully InsertUserActivityDetails() in CompanyController----
2022-02-02 23:28:56,351 [8] DEBUG LTCPro.ServiceLayer.Log4net - ---Executed Successfully GetUserRecentFacNs() in UserController----
2022-02-02 23:28:56,372 [7] DEBUG LTCPro.ServiceLayer.Log4net - ---Executing GetUserToken() in UserService----
2022-02-02 23:28:56,377 [7] DEBUG LTCPro.ServiceLayer.Log4net - ---Executing GetUserAccessFacilityNurseStaions() in FacilityController----
2022-02-02 23:28:56,377 [7] DEBUG LTCPro.ServiceLayer.Log4net - ---Executing GetUserAccessFacilityNurseStaions() in FacilityService----
2022-02-02 23:28:56,389 [7] DEBUG LTCPro.ServiceLayer.Log4net - ---Executed Successfully GetUserAccessFacilityNurseStaions() in FacilityController----
2022-02-02 23:28:56,407 [5] DEBUG LTCPro.ServiceLayer.Log4net - ---Executing GetUserToken() in UserService----
2022-02-02 23:28:56,412 [5] DEBUG LTCPro.ServiceLayer.Log4net - ---Executing UserNurseStationDrop() in FacilityController----
2022-02-02 23:28:56,412 [5] DEBUG LTCPro.ServiceLayer.Log4net - ---Executing UserNurseStationDrop() in FacilityService----
2022-02-02 23:28:56,418 [5] DEBUG LTCPro.ServiceLayer.Log4net - ---Executed Successfully UserNurseStationDrop() in FacilityController----
2022-02-02 23:28:56,438 [8] DEBUG LTCPro.ServiceLayer.Log4net - ---Executing GetUserToken() in UserService----
2022-02-02 23:28:56,445 [8] DEBUG LTCPro.ServiceLayer.Log4net - ---Executing GetCompanyToBedFlagByFacId() in FacilityController----
2022-02-02 23:28:56,445 [8] DEBUG LTCPro.ServiceLayer.Log4net - ---Executing GetCompanyToBedFlagByFacId() in FacilityService----
2022-02-02 23:28:56,460 [8] DEBUG LTCPro.ServiceLayer.Log4net - ---Executed Successfully GetCompanyToBedFlagByFacId() in FacilityController----
2022-02-02 23:28:56,495 [6] DEBUG LTCPro.ServiceLayer.Log4net - ---Executing GetUserToken() in UserService----
2022-02-02 23:28:56,500 [6] DEBUG LTCPro.ServiceLayer.Log4net - ---Executing GetNurseStationHierarchyDetailsbyNsId() in CompanyController----
2022-02-02 23:28:56,500 [6] DEBUG LTCPro.ServiceLayer.Log4net - ---Executing GetNurseStationHierarchyDetailsbyNsId() in CompanyService----
2022-02-02 23:28:56,511 [6] DEBUG LTCPro.ServiceLayer.Log4net - ---Executed Successfully GetNurseStationHierarchyDetailsbyNsId() in CompanyController----
2022-02-02 23:28:56,650 [5] DEBUG LTCPro.ServiceLayer.Log4net - ---Executing GetUserToken() in UserService----
2022-02-02 23:28:56,673 [5] DEBUG LTCPro.ServiceLayer.Log4net - ---Executing GetControlSubstanceGridData() in OrdersController----
2022-02-02 23:28:56,684 [5] DEBUG LTCPro.ServiceLayer.Log4net - ---Executing GetControlSubstanceGridData() in OrdersService----
2022-02-02 23:34:00,955 [5] DEBUG LTCPro.ServiceLayer.Log4net - ---Executed Successfully GetControlSubstanceGridData() in OrdersController----
2022-02-02 23:34:08,888 [13] DEBUG LTCPro.ServiceLayer.Log4net - ---Executing GetUserToken() in UserService----
2022-02-02 23:34:08,896 [13] DEBUG LTCPro.ServiceLayer.Log4net - ---Executing InsertUserActivityDetails() in CompanyController----
2022-02-02 23:34:08,896 [13] DEBUG LTCPro.ServiceLayer.Log4net - ---Executing InsertUserActivityDetails() in UserActivityService----
2022-02-02 23:34:08,904 [19] DEBUG LTCPro.ServiceLayer.Log4net - ---Executing GetUserToken() in UserService----
2022-02-02 23:34:08,911 [19] DEBUG LTCPro.ServiceLayer.Log4net - ---Executing GetUserRecentFacNs() in UserController----
2022-02-02 23:34:08,912 [19] DEBUG LTCPro.ServiceLayer.Log4net - ---Executing GetUserRecentFacNs() in UserService----
2022-02-02 23:34:08,919 [5] DEBUG LTCPro.ServiceLayer.Log4net - ---Executing GetUserToken() in UserService----
2022-02-02 23:34:08,920 [13] DEBUG LTCPro.ServiceLayer.Log4net - ---Executed Successfully InsertUserActivityDetails() in CompanyController----
2022-02-02 23:34:08,924 [17] DEBUG LTCPro.ServiceLayer.Log4net - ---Executing GetUserToken() in UserService----
2022-02-02 23:34:08,924 [19] DEBUG LTCPro.ServiceLayer.Log4net - ---Executed Successfully GetUserRecentFacNs() in UserController----
2022-02-02 23:34:08,931 [17] DEBUG LTCPro.ServiceLayer.Log4net - ---Executing GetAllStockEkitBarcodes() in RoleController----
2022-02-02 23:34:08,931 [17] DEBUG LTCPro.ServiceLayer.Log4net - ---Executing GetAllStockEkitBarcodes() in StockEkitService----
2022-02-02 23:34:08,934 [5] DEBUG LTCPro.ServiceLayer.Log4net - ---Executing GetAllStock() in StockEkitController----
2022-02-02 23:34:08,943 [5] DEBUG LTCPro.ServiceLayer.Log4net - ---Executing GetPatientTypeDrop() in StockEkitService----
2022-02-02 23:34:08,994 [17] DEBUG LTCPro.ServiceLayer.Log4net - ---Executed Successfully GetAllStockEkitBarcodes() in RoleController----
2022-02-02 23:34:09,070 [19] DEBUG LTCPro.ServiceLayer.Log4net - ---Executing GetUserToken() in UserService----
2022-02-02 23:34:09,093 [19] DEBUG LTCPro.ServiceLayer.Log4net - ---Executing GetUserAccessFacilityNurseStaions() in FacilityController----
2022-02-02 23:34:09,093 [19] DEBUG LTCPro.ServiceLayer.Log4net - ---Executing GetUserAccessFacilityNurseStaions() in FacilityService----
2022-02-02 23:34:09,117 [19] DEBUG LTCPro.ServiceLayer.Log4net - ---Executed Successfully GetUserAccessFacilityNurseStaions() in FacilityController----
2022-02-02 23:34:09,149 [17] DEBUG LTCPro.ServiceLayer.Log4net - ---Executing GetUserToken() in UserService----
2022-02-02 23:34:09,155 [17] DEBUG LTCPro.ServiceLayer.Log4net - ---Executing UserNurseStationDrop() in FacilityController----
2022-02-02 23:34:09,155 [17] DEBUG LTCPro.ServiceLayer.Log4net - ---Executing UserNurseStationDrop() in FacilityService----
2022-02-02 23:34:09,161 [17] DEBUG LTCPro.ServiceLayer.Log4net - ---Executed Successfully UserNurseStationDrop() in FacilityController----
2022-02-02 23:34:09,206 [13] DEBUG LTCPro.ServiceLayer.Log4net - ---Executing GetUserToken() in UserService----
2022-02-02 23:34:09,212 [13] DEBUG LTCPro.ServiceLayer.Log4net - ---Executing IsDataAvailableToCloneStock() in StockEkitController----
2022-02-02 23:34:09,213 [13] DEBUG LTCPro.ServiceLayer.Log4net - ---Executing IsDataAvailableToCloneStock() in StockEkitService----
2022-02-02 23:34:09,221 [13] DEBUG LTCPro.ServiceLayer.Log4net - ---Executed Successfully IsDataAvailableToCloneStock() in StockEkitController----
2022-02-02 23:34:09,435 [5] DEBUG LTCPro.ServiceLayer.Log4net - ---Executed Successfully GetAllStock() in StockEkitController----
2022-02-02 23:34:10,660 [5] DEBUG LTCPro.ServiceLayer.Log4net - ---Executing GetUserToken() in UserService----
2022-02-02 23:34:10,666 [5] DEBUG LTCPro.ServiceLayer.Log4net - ---Executing InsertUserActivityDetails() in CompanyController----
2022-02-02 23:34:10,666 [5] DEBUG LTCPro.ServiceLayer.Log4net - ---Executing InsertUserActivityDetails() in UserActivityService----
2022-02-02 23:34:10,680 [13] DEBUG LTCPro.ServiceLayer.Log4net - ---Executing GetUserToken() in UserService----
2022-02-02 23:34:10,681 [5] DEBUG LTCPro.ServiceLayer.Log4net - ---Executed Successfully InsertUserActivityDetails() in CompanyController----
2022-02-02 23:34:10,689 [13] DEBUG LTCPro.ServiceLayer.Log4net - ---Executing GetUserRecentFacNs() in UserController----
2022-02-02 23:34:10,689 [13] DEBUG LTCPro.ServiceLayer.Log4net - ---Executing GetUserRecentFacNs() in UserService----
2022-02-02 23:34:10,698 [13] DEBUG LTCPro.ServiceLayer.Log4net - ---Executed Successfully GetUserRecentFacNs() in UserController----
2022-02-02 23:34:10,715 [19] DEBUG LTCPro.ServiceLayer.Log4net - ---Executing GetUserToken() in UserService----
2022-02-02 23:34:10,720 [19] DEBUG LTCPro.ServiceLayer.Log4net - ---Executing GetUserAccessFacilityNurseStaions() in FacilityController----
2022-02-02 23:34:10,720 [19] DEBUG LTCPro.ServiceLayer.Log4net - ---Executing GetUserAccessFacilityNurseStaions() in FacilityService----
2022-02-02 23:34:10,730 [19] DEBUG LTCPro.ServiceLayer.Log4net - ---Executed Successfully GetUserAccessFacilityNurseStaions() in FacilityController----
2022-02-02 23:34:10,749 [17] DEBUG LTCPro.ServiceLayer.Log4net - ---Executing GetUserToken() in UserService----
2022-02-02 23:34:10,754 [17] DEBUG LTCPro.ServiceLayer.Log4net - ---Executing UserNurseStationDrop() in FacilityController----
2022-02-02 23:34:10,754 [17] DEBUG LTCPro.ServiceLayer.Log4net - ---Executing UserNurseStationDrop() in FacilityService----
2022-02-02 23:34:10,760 [17] DEBUG LTCPro.ServiceLayer.Log4net - ---Executed Successfully UserNurseStationDrop() in FacilityController----
2022-02-02 23:34:10,793 [19] DEBUG LTCPro.ServiceLayer.Log4net - ---Executing GetUserToken() in UserService----
2022-02-02 23:34:10,798 [19] DEBUG LTCPro.ServiceLayer.Log4net - ---Executing GetCompanyToBedFlagByFacId() in FacilityController----
2022-02-02 23:34:10,798 [19] DEBUG LTCPro.ServiceLayer.Log4net - ---Executing GetCompanyToBedFlagByFacId() in FacilityService----
2022-02-02 23:34:10,810 [19] DEBUG LTCPro.ServiceLayer.Log4net - ---Executed Successfully GetCompanyToBedFlagByFacId() in FacilityController----
2022-02-02 23:34:10,941 [5] DEBUG LTCPro.ServiceLayer.Log4net - ---Executing GetUserToken() in UserService----
2022-02-02 23:34:10,946 [5] DEBUG LTCPro.ServiceLayer.Log4net - ---Executing GetNurseStationHierarchyDetailsbyNsId() in CompanyController----
2022-02-02 23:34:10,946 [5] DEBUG LTCPro.ServiceLayer.Log4net - ---Executing GetNurseStationHierarchyDetailsbyNsId() in CompanyService----
2022-02-02 23:34:10,954 [5] DEBUG LTCPro.ServiceLayer.Log4net - ---Executed Successfully GetNurseStationHierarchyDetailsbyNsId() in CompanyController----
2022-02-02 23:34:11,012 [17] DEBUG LTCPro.ServiceLayer.Log4net - ---Executing GetUserToken() in UserService----
2022-02-02 23:34:11,017 [17] DEBUG LTCPro.ServiceLayer.Log4net - ---Executing GetControlSubstanceGridData() in OrdersController----
2022-02-02 23:34:11,017 [17] DEBUG LTCPro.ServiceLayer.Log4net - ---Executing GetControlSubstanceGridData() in OrdersService----
2022-02-02 23:37:24,666 [17] DEBUG LTCPro.ServiceLayer.Log4net - ---Executed Successfully GetControlSubstanceGridData() in OrdersController----
2022-02-02 23:42:04,971 [25] DEBUG LTCPro.ServiceLayer.Log4net - ---Executing GetUserToken() in UserService----
2022-02-02 23:42:04,982 [24] DEBUG LTCPro.ServiceLayer.Log4net - ---Executing GetUserToken() in UserService----
2022-02-02 23:42:04,984 [16] DEBUG LTCPro.ServiceLayer.Log4net - ---Executing GetUserToken() in UserService----
2022-02-02 23:42:04,989 [15] DEBUG LTCPro.ServiceLayer.Log4net - ---Executing GetUserToken() in UserService----
2022-02-02 23:42:05,009 [25] DEBUG LTCPro.ServiceLayer.Log4net - ---Executing AutoLogoutUser() in UserService----
2022-02-02 23:42:05,017 [15] DEBUG LTCPro.ServiceLayer.Log4net - ---Executing AutoLogoutUser() in UserService----
2022-02-02 23:42:05,024 [16] DEBUG LTCPro.ServiceLayer.Log4net - ---Executing AutoLogoutUser() in UserService----
2022-02-02 23:42:05,036 [24] DEBUG LTCPro.ServiceLayer.Log4net - ---Executing AutoLogoutUser() in UserService----
2022-02-02 23:42:13,037 [15] DEBUG LTCPro.ServiceLayer.Log4net - ---Executing UsersConfigNurseStationDrop() in FacilityController----
2022-02-02 23:42:13,037 [15] DEBUG LTCPro.ServiceLayer.Log4net - ---Executing UsersConfigNurseStationDrop() in FacilityService----
2022-02-02 23:42:13,050 [15] DEBUG LTCPro.ServiceLayer.Log4net - ---Executed Successfully UsersConfigNurseStationDrop() in FacilityController----
2022-02-02 23:42:13,125 [24] DEBUG LTCPro.ServiceLayer.Log4net - ---Executing GetProcessKeyMasterList() in FacilityController----
2022-02-02 23:42:13,125 [24] DEBUG LTCPro.ServiceLayer.Log4net - ---Executing GetProcessKeyMasterList() in FacilityService----
2022-02-02 23:42:13,131 [24] DEBUG LTCPro.ServiceLayer.Log4net - ---Executed Successfully GetProcessKeyMasterList() in FacilityController----
2022-02-02 23:42:17,540 [16] DEBUG LTCPro.ServiceLayer.Log4net - ---Executing GetProcessKeyMasterList() in FacilityController----
2022-02-02 23:42:17,540 [16] DEBUG LTCPro.ServiceLayer.Log4net - ---Executing GetProcessKeyMasterList() in FacilityService----
2022-02-02 23:42:17,545 [16] DEBUG LTCPro.ServiceLayer.Log4net - ---Executed Successfully GetProcessKeyMasterList() in FacilityController----
2022-02-02 23:42:20,669 [24] DEBUG LTCPro.ServiceLayer.Log4net - ---Executing CheckUser() in UserService----
2022-02-02 23:42:20,712 [24] DEBUG LTCPro.ServiceLayer.Log4net - ---Executing FindUser() in UserService----
2022-02-02 23:42:20,725 [24] DEBUG LTCPro.ServiceLayer.Log4net - ---Executing InsertUserSession() in UserService----
2022-02-02 23:42:20,742 [24] DEBUG LTCPro.ServiceLayer.Log4net - ---Executing InsertUserToken() in UserService----
2022-02-02 23:42:20,803 [26] DEBUG LTCPro.ServiceLayer.Log4net - ---Executing InsertUpdateUserRecentFacNs() in UserController----
2022-02-02 23:42:20,803 [26] DEBUG LTCPro.ServiceLayer.Log4net - ---Executing GetUserRecentFacNs() in UserService----
2022-02-02 23:42:20,816 [26] DEBUG LTCPro.ServiceLayer.Log4net - ---Executing InsertUpdateUserRecentFacNs() in CommonService----
2022-02-02 23:42:20,875 [26] DEBUG LTCPro.ServiceLayer.Log4net - ---Executed Successfully InsertUpdateUserRecentFacNs() in UserController----
2022-02-02 23:42:20,890 [24] DEBUG LTCPro.ServiceLayer.Log4net - ---Executing GetScreenPermissionsForLoggedInUser() in RoleController----
2022-02-02 23:42:20,890 [24] DEBUG LTCPro.ServiceLayer.Log4net - ---Executing GetScreenPermissionsForLoggedInUser() in RoleService----
2022-02-02 23:42:20,898 [24] DEBUG LTCPro.ServiceLayer.Log4net - ---Executed Successfully GetScreenPermissionsForLoggedInUser() in RoleController----
2022-02-02 23:42:20,957 [24] DEBUG LTCPro.ServiceLayer.Log4net - ---Executing GetUserToken() in UserService----
2022-02-02 23:42:20,968 [26] DEBUG LTCPro.ServiceLayer.Log4net - ---Executing GetUserToken() in UserService----
2022-02-02 23:42:20,968 [16] DEBUG LTCPro.ServiceLayer.Log4net - ---Executing GetUserToken() in UserService----
2022-02-02 23:42:20,972 [24] DEBUG LTCPro.ServiceLayer.Log4net - ---Executing GetUserPassedDueFlag() in UserController----
2022-02-02 23:42:20,972 [24] DEBUG LTCPro.ServiceLayer.Log4net - ---Executing GetUserPassedDueFlag() in UserService----
2022-02-02 23:42:20,979 [16] DEBUG LTCPro.ServiceLayer.Log4net - ---Executing GetReadMailsCount() in MailboxController----
2022-02-02 23:42:20,979 [16] DEBUG LTCPro.ServiceLayer.Log4net - ---Executing GetReadMailsCount() in MailboxService----
2022-02-02 23:42:20,981 [26] DEBUG LTCPro.ServiceLayer.Log4net - ---Executing GetAlertsDetails() in MailboxController----
2022-02-02 23:42:20,981 [26] DEBUG LTCPro.ServiceLayer.Log4net - ---Executing GetAlertsDetails() in MailboxService----
2022-02-02 23:42:20,982 [24] DEBUG LTCPro.ServiceLayer.Log4net - ---Executed Successfully GetUserPassedDueFlag() in UserController----
2022-02-02 23:42:20,990 [16] DEBUG LTCPro.ServiceLayer.Log4net - ---Executed successfully GetReadMailsCount() in MailboxController----
2022-02-02 23:42:20,992 [15] DEBUG LTCPro.ServiceLayer.Log4net - ---Executing GetUserToken() in UserService----
2022-02-02 23:42:21,012 [15] DEBUG LTCPro.ServiceLayer.Log4net - ---Executing GetOutboundErrorDetails() in CommonController----
2022-02-02 23:42:21,012 [15] DEBUG LTCPro.ServiceLayer.Log4net - ---Executing GetOutboundErrorDetails() in CommonService----
2022-02-02 23:42:21,021 [16] DEBUG LTCPro.ServiceLayer.Log4net - ---Executing GetUserToken() in UserService----
2022-02-02 23:42:21,022 [24] DEBUG LTCPro.ServiceLayer.Log4net - ---Executing GetUserToken() in UserService----
2022-02-02 23:42:21,024 [26] DEBUG LTCPro.ServiceLayer.Log4net - ---Executed successfully GetAlertsDetails() in MailboxController----
2022-02-02 23:42:21,025 [16] DEBUG LTCPro.ServiceLayer.Log4net - ---Executing GetUserRecentFacNs() in UserController----
2022-02-02 23:42:21,026 [16] DEBUG LTCPro.ServiceLayer.Log4net - ---Executing GetUserRecentFacNs() in UserService----
2022-02-02 23:42:21,028 [24] DEBUG LTCPro.ServiceLayer.Log4net - ---Executing GetDueMARAlertData() in EmarController----
2022-02-02 23:42:21,028 [24] DEBUG LTCPro.ServiceLayer.Log4net - ---Executing GetDueMARAlertData() in EmarService----
2022-02-02 23:42:21,036 [16] DEBUG LTCPro.ServiceLayer.Log4net - ---Executed Successfully GetUserRecentFacNs() in UserController----
2022-02-02 23:42:21,037 [26] DEBUG LTCPro.ServiceLayer.Log4net - ---Executing GetUserToken() in UserService----
2022-02-02 23:42:21,043 [26] DEBUG LTCPro.ServiceLayer.Log4net - ---Executing InsertUserActivityDetails() in CompanyController----
2022-02-02 23:42:21,043 [26] DEBUG LTCPro.ServiceLayer.Log4net - ---Executing InsertUserActivityDetails() in UserActivityService----
2022-02-02 23:42:21,055 [16] DEBUG LTCPro.ServiceLayer.Log4net - ---Executing GetUserToken() in UserService----
2022-02-02 23:42:21,059 [26] DEBUG LTCPro.ServiceLayer.Log4net - ---Executed Successfully InsertUserActivityDetails() in CompanyController----
2022-02-02 23:42:21,062 [16] DEBUG LTCPro.ServiceLayer.Log4net - ---Executing GetPendingDosesList() in CommonController----
2022-02-02 23:42:21,062 [16] DEBUG LTCPro.ServiceLayer.Log4net - ---Executing GetPendingDosesList() in CommonService----
2022-02-02 23:42:21,091 [26] DEBUG LTCPro.ServiceLayer.Log4net - ---Executing GetUserToken() in UserService----
2022-02-02 23:42:21,108 [26] DEBUG LTCPro.ServiceLayer.Log4net - ---Executing GetUserActiveCompanyMasterList() in CompanyController----
2022-02-02 23:42:21,108 [26] DEBUG LTCPro.ServiceLayer.Log4net - ---Executing GetActiveCompanyMasterList() in CompanyService----
2022-02-02 23:42:21,125 [15] DEBUG LTCPro.ServiceLayer.Log4net - ---Executed Successfully GetOutboundErrorDetails() in CommonController----
2022-02-02 23:42:21,149 [15] DEBUG LTCPro.ServiceLayer.Log4net - ---Executing GetUserToken() in UserService----
2022-02-02 23:42:21,151 [26] DEBUG LTCPro.ServiceLayer.Log4net - ---Executed Successfully GetUserActiveCompanyMasterList() in CompanyController----
2022-02-02 23:42:21,156 [15] DEBUG LTCPro.ServiceLayer.Log4net - ---Executing GetUserAccessFacilityNurseStaions() in FacilityController----
2022-02-02 23:42:21,156 [15] DEBUG LTCPro.ServiceLayer.Log4net - ---Executing GetUserAccessFacilityNurseStaions() in FacilityService----
2022-02-02 23:42:21,171 [15] DEBUG LTCPro.ServiceLayer.Log4net - ---Executed Successfully GetUserAccessFacilityNurseStaions() in FacilityController----
2022-02-02 23:42:21,218 [16] DEBUG LTCPro.ServiceLayer.Log4net - ---Executed Successfully GetPendingDosesList() in CommonController----
2022-02-02 23:42:21,498 [24] DEBUG LTCPro.ServiceLayer.Log4net - ---Executed Successfully GetDueMARAlertData() in EmarController----
2022-02-02 23:42:22,751 [16] DEBUG LTCPro.ServiceLayer.Log4net - ---Executing GetUserToken() in UserService----
2022-02-02 23:42:22,754 [24] DEBUG LTCPro.ServiceLayer.Log4net - ---Executing GetUserToken() in UserService----
2022-02-02 23:42:22,758 [16] DEBUG LTCPro.ServiceLayer.Log4net - ---Executing InsertUserActivityDetails() in CompanyController----
2022-02-02 23:42:22,758 [16] DEBUG LTCPro.ServiceLayer.Log4net - ---Executing InsertUserActivityDetails() in UserActivityService----
2022-02-02 23:42:22,761 [24] DEBUG LTCPro.ServiceLayer.Log4net - ---Executing GetUserRecentFacNs() in UserController----
2022-02-02 23:42:22,761 [24] DEBUG LTCPro.ServiceLayer.Log4net - ---Executing GetUserRecentFacNs() in UserService----
2022-02-02 23:42:22,767 [16] DEBUG LTCPro.ServiceLayer.Log4net - ---Executed Successfully InsertUserActivityDetails() in CompanyController----
2022-02-02 23:42:22,770 [24] DEBUG LTCPro.ServiceLayer.Log4net - ---Executed Successfully GetUserRecentFacNs() in UserController----
2022-02-02 23:42:22,793 [23] DEBUG LTCPro.ServiceLayer.Log4net - ---Executing GetUserToken() in UserService----
2022-02-02 23:42:22,798 [23] DEBUG LTCPro.ServiceLayer.Log4net - ---Executing GetUserAccessFacilityNurseStaions() in FacilityController----
2022-02-02 23:42:22,798 [23] DEBUG LTCPro.ServiceLayer.Log4net - ---Executing GetUserAccessFacilityNurseStaions() in FacilityService----
2022-02-02 23:42:22,813 [23] DEBUG LTCPro.ServiceLayer.Log4net - ---Executed Successfully GetUserAccessFacilityNurseStaions() in FacilityController----
2022-02-02 23:42:22,842 [26] DEBUG LTCPro.ServiceLayer.Log4net - ---Executing GetUserToken() in UserService----
2022-02-02 23:42:22,848 [26] DEBUG LTCPro.ServiceLayer.Log4net - ---Executing UserNurseStationDrop() in FacilityController----
2022-02-02 23:42:22,848 [26] DEBUG LTCPro.ServiceLayer.Log4net - ---Executing UserNurseStationDrop() in FacilityService----
2022-02-02 23:42:22,863 [26] DEBUG LTCPro.ServiceLayer.Log4net - ---Executed Successfully UserNurseStationDrop() in FacilityController----
2022-02-02 23:42:22,908 [25] DEBUG LTCPro.ServiceLayer.Log4net - ---Executing GetUserToken() in UserService----
2022-02-02 23:42:22,921 [15] DEBUG LTCPro.ServiceLayer.Log4net - ---Executing GetUserToken() in UserService----
2022-02-02 23:42:22,943 [25] DEBUG LTCPro.ServiceLayer.Log4net - ---Executing GetCompanyToBedFlagByFacId() in FacilityController----
2022-02-02 23:42:22,943 [25] DEBUG LTCPro.ServiceLayer.Log4net - ---Executing GetCompanyToBedFlagByFacId() in FacilityService----
2022-02-02 23:42:22,957 [16] DEBUG LTCPro.ServiceLayer.Log4net - ---Executing GetUserToken() in UserService----
2022-02-02 23:42:22,995 [16] DEBUG LTCPro.ServiceLayer.Log4net - ---Executing GetPRNDetailsByfilter() in EMARController----
2022-02-02 23:42:22,995 [16] DEBUG LTCPro.ServiceLayer.Log4net - ---Executing GetPRNDetailsByfilter() in EmarService----
2022-02-02 23:42:22,997 [15] DEBUG LTCPro.ServiceLayer.Log4net - ---Executing GetSeventyTwoHourDetailsByfilter() in EMARController----
2022-02-02 23:42:22,997 [15] DEBUG LTCPro.ServiceLayer.Log4net - ---Executing GetSeventyTwoHourDetailsByfilter() in EmarService----
2022-02-02 23:42:23,015 [25] DEBUG LTCPro.ServiceLayer.Log4net - ---Executed Successfully GetCompanyToBedFlagByFacId() in FacilityController----
2022-02-02 23:42:23,187 [24] DEBUG LTCPro.ServiceLayer.Log4net - ---Executing GetUserToken() in UserService----
2022-02-02 23:42:23,245 [24] DEBUG LTCPro.ServiceLayer.Log4net - ---Executing OrderEndingSoonStatus() in OrdersController----
2022-02-02 23:42:23,245 [24] DEBUG LTCPro.ServiceLayer.Log4net - ---Executing OrderEndingSoonStatus() in OrdersService----
2022-02-02 23:42:23,315 [24] DEBUG LTCPro.ServiceLayer.Log4net - ---Executed Successfully OrderEndingSoonStatus() in OrdersController----
2022-02-02 23:42:23,336 [15] DEBUG LTCPro.ServiceLayer.Log4net - ---Executed Successfully GetSeventyTwoHourDetailsByfilter() in EMARController----
2022-02-02 23:42:23,385 [29] DEBUG LTCPro.ServiceLayer.Log4net - ---Executing GetUserToken() in UserService----
2022-02-02 23:42:23,421 [16] DEBUG LTCPro.ServiceLayer.Log4net - ---Executed Successfully GetPRNDetailsByfilter() in EMARController----
2022-02-02 23:42:23,433 [29] DEBUG LTCPro.ServiceLayer.Log4net - ---Executing GetOrdersEndingSoon() in OrdersController----
2022-02-02 23:42:23,433 [29] DEBUG LTCPro.ServiceLayer.Log4net - ---Executing GetOrdersEndingSoon() in OrdersService----
2022-02-02 23:42:23,440 [28] DEBUG LTCPro.ServiceLayer.Log4net - ---Executing GetUserToken() in UserService----
2022-02-02 23:42:23,454 [28] DEBUG LTCPro.ServiceLayer.Log4net - ---Executing GetOrdersGridData() in OrdersController----
2022-02-02 23:42:23,454 [28] DEBUG LTCPro.ServiceLayer.Log4net - ---Executing GetOrdersGridData() in OrdersService----
2022-02-02 23:42:23,461 [29] DEBUG LTCPro.ServiceLayer.Log4net - ---Executed Successfully GetOrdersEndingSoon() in OrdersController----
2022-02-02 23:42:23,463 [23] DEBUG LTCPro.ServiceLayer.Log4net - ---Executing GetUserToken() in UserService----
2022-02-02 23:42:23,469 [23] DEBUG LTCPro.ServiceLayer.Log4net - ---Executing OrderEndingSoonStatus() in OrdersController----
2022-02-02 23:42:23,469 [23] DEBUG LTCPro.ServiceLayer.Log4net - ---Executing OrderEndingSoonStatus() in OrdersService----
2022-02-02 23:42:23,491 [23] DEBUG LTCPro.ServiceLayer.Log4net - ---Executed Successfully OrderEndingSoonStatus() in OrdersController----
2022-02-02 23:42:23,500 [15] DEBUG LTCPro.ServiceLayer.Log4net - ---Executing GetUserToken() in UserService----
2022-02-02 23:42:23,506 [15] DEBUG LTCPro.ServiceLayer.Log4net - ---Executing GetNurseStationHierarchyDetailsbyNsId() in CompanyController----
2022-02-02 23:42:23,506 [15] DEBUG LTCPro.ServiceLayer.Log4net - ---Executing GetNurseStationHierarchyDetailsbyNsId() in CompanyService----
2022-02-02 23:42:23,513 [15] DEBUG LTCPro.ServiceLayer.Log4net - ---Executed Successfully GetNurseStationHierarchyDetailsbyNsId() in CompanyController----
2022-02-02 23:42:23,533 [28] DEBUG LTCPro.ServiceLayer.Log4net - ---Executed Successfully GetOrdersGridData() in OrdersController----
2022-02-02 23:42:23,817 [23] DEBUG LTCPro.ServiceLayer.Log4net - ---Executing GetUserToken() in UserService----
2022-02-02 23:42:23,824 [23] DEBUG LTCPro.ServiceLayer.Log4net - ---Executing GetPendingOrdersGridData() in OrdersController----
2022-02-02 23:42:23,824 [23] DEBUG LTCPro.ServiceLayer.Log4net - ---Executing GetPendingOrdersGridData() in OrdersService----
2022-02-02 23:42:23,880 [23] DEBUG LTCPro.ServiceLayer.Log4net - ---Executed Successfully GetPendingOrdersGridData() in OrdersController----
2022-02-02 23:42:25,013 [15] DEBUG LTCPro.ServiceLayer.Log4net - ---Executing GetUserToken() in UserService----
2022-02-02 23:42:25,016 [23] DEBUG LTCPro.ServiceLayer.Log4net - ---Executing GetUserToken() in UserService----
2022-02-02 23:42:25,022 [23] DEBUG LTCPro.ServiceLayer.Log4net - ---Executing GetUserRecentFacNs() in UserController----
2022-02-02 23:42:25,022 [15] DEBUG LTCPro.ServiceLayer.Log4net - ---Executing InsertUserActivityDetails() in CompanyController----
2022-02-02 23:42:25,022 [15] DEBUG LTCPro.ServiceLayer.Log4net - ---Executing InsertUserActivityDetails() in UserActivityService----
2022-02-02 23:42:25,022 [23] DEBUG LTCPro.ServiceLayer.Log4net - ---Executing GetUserRecentFacNs() in UserService----
2022-02-02 23:42:25,036 [23] DEBUG LTCPro.ServiceLayer.Log4net - ---Executed Successfully GetUserRecentFacNs() in UserController----
2022-02-02 23:42:25,036 [15] DEBUG LTCPro.ServiceLayer.Log4net - ---Executed Successfully InsertUserActivityDetails() in CompanyController----
2022-02-02 23:42:25,096 [26] DEBUG LTCPro.ServiceLayer.Log4net - ---Executing GetUserToken() in UserService----
2022-02-02 23:42:25,102 [26] DEBUG LTCPro.ServiceLayer.Log4net - ---Executing GetUserAccessFacilityNurseStaions() in FacilityController----
2022-02-02 23:42:25,102 [26] DEBUG LTCPro.ServiceLayer.Log4net - ---Executing GetUserAccessFacilityNurseStaions() in FacilityService----
2022-02-02 23:42:25,114 [26] DEBUG LTCPro.ServiceLayer.Log4net - ---Executed Successfully GetUserAccessFacilityNurseStaions() in FacilityController----
2022-02-02 23:42:25,131 [25] DEBUG LTCPro.ServiceLayer.Log4net - ---Executing GetUserToken() in UserService----
2022-02-02 23:42:25,136 [25] DEBUG LTCPro.ServiceLayer.Log4net - ---Executing UserNurseStationDrop() in FacilityController----
2022-02-02 23:42:25,136 [25] DEBUG LTCPro.ServiceLayer.Log4net - ---Executing UserNurseStationDrop() in FacilityService----
2022-02-02 23:42:25,143 [25] DEBUG LTCPro.ServiceLayer.Log4net - ---Executed Successfully UserNurseStationDrop() in FacilityController----
2022-02-02 23:42:25,159 [28] DEBUG LTCPro.ServiceLayer.Log4net - ---Executing GetUserToken() in UserService----
2022-02-02 23:42:25,165 [28] DEBUG LTCPro.ServiceLayer.Log4net - ---Executing GetCompanyToBedFlagByFacId() in FacilityController----
2022-02-02 23:42:25,165 [28] DEBUG LTCPro.ServiceLayer.Log4net - ---Executing GetCompanyToBedFlagByFacId() in FacilityService----
2022-02-02 23:42:25,178 [28] DEBUG LTCPro.ServiceLayer.Log4net - ---Executed Successfully GetCompanyToBedFlagByFacId() in FacilityController----
2022-02-02 23:42:25,216 [26] DEBUG LTCPro.ServiceLayer.Log4net - ---Executing GetUserToken() in UserService----
2022-02-02 23:42:25,221 [26] DEBUG LTCPro.ServiceLayer.Log4net - ---Executing GetNurseStationHierarchyDetailsbyNsId() in CompanyController----
2022-02-02 23:42:25,222 [26] DEBUG LTCPro.ServiceLayer.Log4net - ---Executing GetNurseStationHierarchyDetailsbyNsId() in CompanyService----
2022-02-02 23:42:25,226 [26] DEBUG LTCPro.ServiceLayer.Log4net - ---Executed Successfully GetNurseStationHierarchyDetailsbyNsId() in CompanyController----
2022-02-02 23:42:25,369 [23] DEBUG LTCPro.ServiceLayer.Log4net - ---Executing GetUserToken() in UserService----
2022-02-02 23:42:25,375 [23] DEBUG LTCPro.ServiceLayer.Log4net - ---Executing GetControlSubstanceGridData() in OrdersController----
2022-02-02 23:42:25,375 [23] DEBUG LTCPro.ServiceLayer.Log4net - ---Executing GetControlSubstanceGridData() in OrdersService----
2022-02-02 23:44:29,473 [23] DEBUG LTCPro.ServiceLayer.Log4net - ---Executed Successfully GetControlSubstanceGridData() in OrdersController----
