2021-09-27 11:59:55,348 [7] DEBUG LTCPro.ServiceLayer.Log4net - ---Executing UsersConfigNurseStationDrop() in FacilityController----
2021-09-27 11:59:55,418 [7] DEBUG LTCPro.ServiceLayer.Log4net - ---Executing UsersConfigNurseStationDrop() in FacilityService----
2021-09-27 12:00:00,932 [7] DEBUG LTCPro.ServiceLayer.Log4net - ---Executed Successfully UsersConfigNurseStationDrop() in FacilityController----
2021-09-27 12:00:01,405 [5] DEBUG LTCPro.ServiceLayer.Log4net - ---Executing GetProcessKeyMasterList() in FacilityController----
2021-09-27 12:00:01,406 [5] DEBUG LTCPro.ServiceLayer.Log4net - ---Executing GetProcessKeyMasterList() in FacilityService----
2021-09-27 12:00:01,653 [5] DEBUG LTCPro.ServiceLayer.Log4net - ---Executed Successfully GetProcessKeyMasterList() in FacilityController----
2021-09-27 12:00:04,974 [6] DEBUG LTCPro.ServiceLayer.Log4net - ---Executing CheckUser() in UserService----
2021-09-27 12:00:08,005 [6] DEBUG LTCPro.ServiceLayer.Log4net - ---Executing FindUser() in UserService----
2021-09-27 12:00:08,525 [6] DEBUG LTCPro.ServiceLayer.Log4net - ---Executing InsertUserSession() in UserService----
2021-09-27 12:00:09,620 [6] DEBUG LTCPro.ServiceLayer.Log4net - ---Executing InsertUserToken() in UserService----
2021-09-27 12:00:10,702 [6] DEBUG LTCPro.ServiceLayer.Log4net - ---Executing InsertUpdateUserRecentFacNs() in UserController----
2021-09-27 12:00:10,716 [8] DEBUG LTCPro.ServiceLayer.Log4net - ---Executing GetScreenPermissionsForLoggedInUser() in RoleController----
2021-09-27 12:00:10,736 [8] DEBUG LTCPro.ServiceLayer.Log4net - ---Executing GetScreenPermissionsForLoggedInUser() in RoleService----
2021-09-27 12:00:10,759 [6] DEBUG LTCPro.ServiceLayer.Log4net - ---Executing GetUserRecentFacNs() in UserService----
2021-09-27 12:00:10,990 [8] DEBUG LTCPro.ServiceLayer.Log4net - ---Executed Successfully GetScreenPermissionsForLoggedInUser() in RoleController----
2021-09-27 12:00:11,230 [7] DEBUG LTCPro.ServiceLayer.Log4net - ---Executing GetUserToken() in UserService----
2021-09-27 12:00:11,230 [11] DEBUG LTCPro.ServiceLayer.Log4net - ---Executing GetUserToken() in UserService----
2021-09-27 12:00:11,238 [8] DEBUG LTCPro.ServiceLayer.Log4net - ---Executing GetUserToken() in UserService----
2021-09-27 12:00:11,498 [7] DEBUG LTCPro.ServiceLayer.Log4net - ---Executing GetAlertsDetails() in MailboxController----
2021-09-27 12:00:11,576 [7] DEBUG LTCPro.ServiceLayer.Log4net - ---Executing GetAlertsDetails() in MailboxService----
2021-09-27 12:00:11,854 [11] DEBUG LTCPro.ServiceLayer.Log4net - ---Executing GetReadMailsCount() in MailboxController----
2021-09-27 12:00:11,854 [8] DEBUG LTCPro.ServiceLayer.Log4net - ---Executing InsertUserActivityDetails() in CompanyController----
2021-09-27 12:00:11,855 [8] DEBUG LTCPro.ServiceLayer.Log4net - ---Executing InsertUserActivityDetails() in UserActivityService----
2021-09-27 12:00:11,911 [11] DEBUG LTCPro.ServiceLayer.Log4net - ---Executing GetReadMailsCount() in MailboxService----
2021-09-27 12:00:12,006 [5] DEBUG LTCPro.ServiceLayer.Log4net - ---Executing GetUserToken() in UserService----
2021-09-27 12:00:12,122 [7] DEBUG LTCPro.ServiceLayer.Log4net - ---Executed successfully GetAlertsDetails() in MailboxController----
2021-09-27 12:00:12,174 [7] DEBUG LTCPro.ServiceLayer.Log4net - ---Executing GetUserToken() in UserService----
2021-09-27 12:00:12,339 [5] DEBUG LTCPro.ServiceLayer.Log4net - ---Executing GetOutboundErrorDetails() in CommonController----
2021-09-27 12:00:12,340 [5] DEBUG LTCPro.ServiceLayer.Log4net - ---Executing GetOutboundErrorDetails() in CommonService----
2021-09-27 12:00:12,537 [7] DEBUG LTCPro.ServiceLayer.Log4net - ---Executing GetUserPassedDueFlag() in UserController----
2021-09-27 12:00:12,537 [7] DEBUG LTCPro.ServiceLayer.Log4net - ---Executing GetUserPassedDueFlag() in UserService----
2021-09-27 12:00:13,146 [13] DEBUG LTCPro.ServiceLayer.Log4net - ---Executing GetUserToken() in UserService----
2021-09-27 12:00:13,164 [7] DEBUG LTCPro.ServiceLayer.Log4net - ---Executed Successfully GetUserPassedDueFlag() in UserController----
2021-09-27 12:00:13,192 [7] DEBUG LTCPro.ServiceLayer.Log4net - ---Executing GetUserToken() in UserService----
2021-09-27 12:00:13,427 [11] DEBUG LTCPro.ServiceLayer.Log4net - ---Executed successfully GetReadMailsCount() in MailboxController----
2021-09-27 12:00:13,451 [11] DEBUG LTCPro.ServiceLayer.Log4net - ---Executing GetUserToken() in UserService----
2021-09-27 12:00:13,666 [6] DEBUG LTCPro.ServiceLayer.Log4net - ---Executing InsertUpdateUserRecentFacNs() in CommonService----
2021-09-27 12:00:13,872 [7] DEBUG LTCPro.ServiceLayer.Log4net - ---Executing GetPendingDosesList() in CommonController----
2021-09-27 12:00:13,873 [7] DEBUG LTCPro.ServiceLayer.Log4net - ---Executing GetPendingDosesList() in CommonService----
2021-09-27 12:00:14,550 [7] DEBUG LTCPro.ServiceLayer.Log4net - ---Executed Successfully GetPendingDosesList() in CommonController----
2021-09-27 12:00:14,609 [7] DEBUG LTCPro.ServiceLayer.Log4net - ---Executing GetUserToken() in UserService----
2021-09-27 12:00:14,715 [6] DEBUG LTCPro.ServiceLayer.Log4net - ---Executed Successfully InsertUpdateUserRecentFacNs() in UserController----
2021-09-27 12:00:14,924 [7] DEBUG LTCPro.ServiceLayer.Log4net - ---Executing GetUserActiveCompanyMasterList() in CompanyController----
2021-09-27 12:00:14,925 [7] DEBUG LTCPro.ServiceLayer.Log4net - ---Executing GetActiveCompanyMasterList() in CompanyService----
2021-09-27 12:00:14,981 [8] DEBUG LTCPro.ServiceLayer.Log4net - ---Executed Successfully InsertUserActivityDetails() in CompanyController----
2021-09-27 12:00:15,153 [13] DEBUG LTCPro.ServiceLayer.Log4net - ---Executing GetDueMARAlertData() in EmarController----
2021-09-27 12:00:15,164 [13] DEBUG LTCPro.ServiceLayer.Log4net - ---Executing GetDueMARAlertData() in EmarService----
2021-09-27 12:00:15,651 [13] DEBUG LTCPro.ServiceLayer.Log4net - ---Executed Successfully GetDueMARAlertData() in EmarController----
2021-09-27 12:00:16,217 [11] DEBUG LTCPro.ServiceLayer.Log4net - ---Executing GetUserRecentFacNs() in UserController----
2021-09-27 12:00:16,217 [11] DEBUG LTCPro.ServiceLayer.Log4net - ---Executing GetUserRecentFacNs() in UserService----
2021-09-27 12:00:16,260 [7] DEBUG LTCPro.ServiceLayer.Log4net - ---Executed Successfully GetUserActiveCompanyMasterList() in CompanyController----
2021-09-27 12:00:16,655 [11] DEBUG LTCPro.ServiceLayer.Log4net - ---Executed Successfully GetUserRecentFacNs() in UserController----
2021-09-27 12:00:16,729 [6] DEBUG LTCPro.ServiceLayer.Log4net - ---Executing GetUserToken() in UserService----
2021-09-27 12:00:16,963 [6] DEBUG LTCPro.ServiceLayer.Log4net - ---Executing GetUserAccessFacilityNurseStaions() in FacilityController----
2021-09-27 12:00:16,971 [6] DEBUG LTCPro.ServiceLayer.Log4net - ---Executing GetUserAccessFacilityNurseStaions() in FacilityService----
2021-09-27 12:00:17,408 [6] DEBUG LTCPro.ServiceLayer.Log4net - ---Executed Successfully GetUserAccessFacilityNurseStaions() in FacilityController----
2021-09-27 12:00:22,023 [5] DEBUG LTCPro.ServiceLayer.Log4net - ---Executed Successfully GetOutboundErrorDetails() in CommonController----
2021-09-27 12:00:22,849 [5] DEBUG LTCPro.ServiceLayer.Log4net - ---Executing GetUserToken() in UserService----
2021-09-27 12:00:22,855 [7] DEBUG LTCPro.ServiceLayer.Log4net - ---Executing GetUserToken() in UserService----
2021-09-27 12:00:22,862 [6] DEBUG LTCPro.ServiceLayer.Log4net - ---Executing GetUserToken() in UserService----
2021-09-27 12:00:23,058 [5] DEBUG LTCPro.ServiceLayer.Log4net - ---Executing InsertUserActivityDetails() in CompanyController----
2021-09-27 12:00:23,058 [5] DEBUG LTCPro.ServiceLayer.Log4net - ---Executing InsertUserActivityDetails() in UserActivityService----
2021-09-27 12:00:23,060 [7] DEBUG LTCPro.ServiceLayer.Log4net - ---Executing GetUserRecentFacNs() in UserController----
2021-09-27 12:00:23,061 [7] DEBUG LTCPro.ServiceLayer.Log4net - ---Executing GetUserRecentFacNs() in UserService----
2021-09-27 12:00:23,068 [6] DEBUG LTCPro.ServiceLayer.Log4net - ---Executing GetDueMARAlertData() in EmarController----
2021-09-27 12:00:23,068 [6] DEBUG LTCPro.ServiceLayer.Log4net - ---Executing GetDueMARAlertData() in EmarService----
2021-09-27 12:00:23,478 [7] DEBUG LTCPro.ServiceLayer.Log4net - ---Executed Successfully GetUserRecentFacNs() in UserController----
2021-09-27 12:00:23,502 [6] DEBUG LTCPro.ServiceLayer.Log4net - ---Executed Successfully GetDueMARAlertData() in EmarController----
2021-09-27 12:00:23,548 [6] DEBUG LTCPro.ServiceLayer.Log4net - ---Executing GetUserToken() in UserService----
2021-09-27 12:00:23,684 [5] DEBUG LTCPro.ServiceLayer.Log4net - ---Executed Successfully InsertUserActivityDetails() in CompanyController----
2021-09-27 12:00:23,785 [6] DEBUG LTCPro.ServiceLayer.Log4net - ---Executing GetCompanyToBedData() in FacilityController----
2021-09-27 12:00:23,786 [6] DEBUG LTCPro.ServiceLayer.Log4net - ---Executing GetCompanyToBedData() in FacilityService----
2021-09-27 12:00:25,996 [6] DEBUG LTCPro.ServiceLayer.Log4net - ---Executed Successfully GetCompanyToBedData() in FacilityController----
2021-09-27 12:00:26,026 [5] DEBUG LTCPro.ServiceLayer.Log4net - ---Executing GetUserToken() in UserService----
2021-09-27 12:00:26,234 [5] DEBUG LTCPro.ServiceLayer.Log4net - ---Executing UserNurseStationDrop() in FacilityController----
2021-09-27 12:00:26,235 [5] DEBUG LTCPro.ServiceLayer.Log4net - ---Executing UserNurseStationDrop() in FacilityService----
2021-09-27 12:00:26,451 [5] DEBUG LTCPro.ServiceLayer.Log4net - ---Executed Successfully UserNurseStationDrop() in FacilityController----
2021-09-27 12:00:26,510 [11] DEBUG LTCPro.ServiceLayer.Log4net - ---Executing GetUserToken() in UserService----
2021-09-27 12:00:26,517 [7] DEBUG LTCPro.ServiceLayer.Log4net - ---Executing GetUserToken() in UserService----
2021-09-27 12:00:26,731 [7] DEBUG LTCPro.ServiceLayer.Log4net - ---Executing GetDrFirstFlagForCompanyByNSId() in CompanyController----
2021-09-27 12:00:26,733 [7] DEBUG LTCPro.ServiceLayer.Log4net - ---Executing GetDrFirstFlagForCompanyByNSId() in CompanyService----
2021-09-27 12:00:26,733 [11] DEBUG LTCPro.ServiceLayer.Log4net - ---Executing GetNursingScheduleData() in EmarController----
2021-09-27 12:00:26,753 [11] DEBUG LTCPro.ServiceLayer.Log4net - ---Executing GetNursingScheduleData() in EmarService----
2021-09-27 12:00:26,998 [7] DEBUG LTCPro.ServiceLayer.Log4net - ---Executed Successfully GetDrFirstFlagForCompanyByNSId() in CompanyController----
2021-09-27 12:00:27,060 [5] DEBUG LTCPro.ServiceLayer.Log4net - ---Executing GetUserToken() in UserService----
2021-09-27 12:00:27,267 [5] DEBUG LTCPro.ServiceLayer.Log4net - ---Executing GetTimeZoneDate() in CommonController----
2021-09-27 12:00:27,267 [5] DEBUG LTCPro.ServiceLayer.Log4net - ---Executing GetTimeZoneDate() in CommonService----
2021-09-27 12:00:27,485 [5] DEBUG LTCPro.ServiceLayer.Log4net - ---Executed Successfully GetTimeZoneDate() in CommonController----
2021-09-27 12:00:27,516 [8] DEBUG LTCPro.ServiceLayer.Log4net - ---Executing GetUserToken() in UserService----
2021-09-27 12:00:27,724 [8] DEBUG LTCPro.ServiceLayer.Log4net - ---Executing GetUserRecentFacNs() in UserController----
2021-09-27 12:00:27,724 [8] DEBUG LTCPro.ServiceLayer.Log4net - ---Executing GetUserRecentFacNs() in UserService----
2021-09-27 12:00:28,153 [8] DEBUG LTCPro.ServiceLayer.Log4net - ---Executed Successfully GetUserRecentFacNs() in UserController----
2021-09-27 12:00:28,176 [5] DEBUG LTCPro.ServiceLayer.Log4net - ---Executing GetUserToken() in UserService----
2021-09-27 12:00:28,383 [5] DEBUG LTCPro.ServiceLayer.Log4net - ---Executing GetUserAccessFacilityNurseStaions() in FacilityController----
2021-09-27 12:00:28,383 [5] DEBUG LTCPro.ServiceLayer.Log4net - ---Executing GetUserAccessFacilityNurseStaions() in FacilityService----
2021-09-27 12:00:28,812 [5] DEBUG LTCPro.ServiceLayer.Log4net - ---Executed Successfully GetUserAccessFacilityNurseStaions() in FacilityController----
2021-09-27 12:00:28,839 [7] DEBUG LTCPro.ServiceLayer.Log4net - ---Executing GetUserToken() in UserService----
2021-09-27 12:00:29,047 [7] DEBUG LTCPro.ServiceLayer.Log4net - ---Executing UserNurseStationDrop() in FacilityController----
2021-09-27 12:00:29,047 [7] DEBUG LTCPro.ServiceLayer.Log4net - ---Executing UserNurseStationDrop() in FacilityService----
2021-09-27 12:00:29,258 [7] DEBUG LTCPro.ServiceLayer.Log4net - ---Executed Successfully UserNurseStationDrop() in FacilityController----
2021-09-27 12:00:29,415 [5] DEBUG LTCPro.ServiceLayer.Log4net - ---Executing GetUserToken() in UserService----
2021-09-27 12:00:29,632 [5] DEBUG LTCPro.ServiceLayer.Log4net - ---Executing GetResidentnamesmarReport() in ReportsController----
2021-09-27 12:00:29,659 [5] DEBUG LTCPro.ServiceLayer.Log4net - ---Executing GetResidentnamesmarReport() in ReportService----
2021-09-27 12:00:30,127 [5] DEBUG LTCPro.ServiceLayer.Log4net - ---Executing GetUserToken() in UserService----
2021-09-27 12:00:30,373 [5] DEBUG LTCPro.ServiceLayer.Log4net - ---Executing GetEmarResidentdetailsReport() in ReportsController----
2021-09-27 12:00:30,374 [5] DEBUG LTCPro.ServiceLayer.Log4net - ---Executing GetEmarResidentdetailsReport() in ReportsService----
2021-09-27 12:00:46,677 [11] DEBUG LTCPro.ServiceLayer.Log4net - ---Executed Successfully GetNursingScheduleData() in EmarController----
2021-09-27 12:00:46,748 [5] DEBUG LTCPro.ServiceLayer.Log4net - ---Executing GetUserToken() in UserService----
2021-09-27 12:00:46,956 [5] DEBUG LTCPro.ServiceLayer.Log4net - ---Executing GetNurseShiftDrop() in CommonController----
2021-09-27 12:00:46,957 [5] DEBUG LTCPro.ServiceLayer.Log4net - ---Executing GetNurseShiftDrop() in CommonService----
2021-09-27 12:00:47,251 [5] DEBUG LTCPro.ServiceLayer.Log4net - ---Executed Successfully GetNurseShiftDrop() in CommonController----
2021-09-27 12:00:50,933 [6] DEBUG LTCPro.ServiceLayer.Log4net - ---Executing GetUserToken() in UserService----
2021-09-27 12:00:51,142 [6] DEBUG LTCPro.ServiceLayer.Log4net - ---Executing GetResidentnamesmarReport() in ReportsController----
2021-09-27 12:00:51,143 [6] DEBUG LTCPro.ServiceLayer.Log4net - ---Executing GetResidentnamesmarReport() in ReportService----
2021-09-27 12:00:51,625 [5] DEBUG LTCPro.ServiceLayer.Log4net - ---Executing GetUserToken() in UserService----
2021-09-27 12:00:51,852 [5] DEBUG LTCPro.ServiceLayer.Log4net - ---Executing GetEmarResidentdetailsReport() in ReportsController----
2021-09-27 12:00:51,852 [5] DEBUG LTCPro.ServiceLayer.Log4net - ---Executing GetEmarResidentdetailsReport() in ReportsService----
2021-09-27 12:00:59,728 [6] DEBUG LTCPro.ServiceLayer.Log4net - ---Executing GetUserToken() in UserService----
2021-09-27 12:00:59,936 [6] DEBUG LTCPro.ServiceLayer.Log4net - ---Executing GetResidentnamesmarReport() in ReportsController----
2021-09-27 12:00:59,936 [6] DEBUG LTCPro.ServiceLayer.Log4net - ---Executing GetResidentnamesmarReport() in ReportService----
2021-09-27 12:01:00,313 [5] DEBUG LTCPro.ServiceLayer.Log4net - ---Executing GetUserToken() in UserService----
2021-09-27 12:01:00,522 [5] DEBUG LTCPro.ServiceLayer.Log4net - ---Executing GetEmarResidentdetailsReport() in ReportsController----
2021-09-27 12:01:00,523 [5] DEBUG LTCPro.ServiceLayer.Log4net - ---Executing GetEmarResidentdetailsReport() in ReportsService----
2021-09-27 12:01:16,375 [6] DEBUG LTCPro.ServiceLayer.Log4net - ---Executing GetUserToken() in UserService----
2021-09-27 12:01:16,583 [6] DEBUG LTCPro.ServiceLayer.Log4net - ---Executing GetEmarResidentdetailsReport() in ReportsController----
2021-09-27 12:01:16,583 [6] DEBUG LTCPro.ServiceLayer.Log4net - ---Executing GetEmarResidentdetailsReport() in ReportsService----
2021-09-27 12:01:29,618 [7] DEBUG LTCPro.ServiceLayer.Log4net - ---Executing GetUserToken() in UserService----
2021-09-27 12:01:29,825 [7] DEBUG LTCPro.ServiceLayer.Log4net - ---Executing GetEmarResidentdetailsReport() in ReportsController----
2021-09-27 12:01:29,825 [7] DEBUG LTCPro.ServiceLayer.Log4net - ---Executing GetEmarResidentdetailsReport() in ReportsService----
2021-09-27 12:03:20,383 [11] DEBUG LTCPro.ServiceLayer.Log4net - ---Executing GetUserToken() in UserService----
2021-09-27 12:03:20,383 [9] DEBUG LTCPro.ServiceLayer.Log4net - ---Executing GetUserToken() in UserService----
2021-09-27 12:03:20,383 [10] DEBUG LTCPro.ServiceLayer.Log4net - ---Executing GetUserToken() in UserService----
2021-09-27 12:03:20,383 [13] DEBUG LTCPro.ServiceLayer.Log4net - ---Executing GetUserToken() in UserService----
2021-09-27 12:03:20,383 [8] DEBUG LTCPro.ServiceLayer.Log4net - ---Executing GetUserToken() in UserService----
2021-09-27 12:03:20,383 [5] DEBUG LTCPro.ServiceLayer.Log4net - ---Executing GetUserToken() in UserService----
2021-09-27 12:03:21,511 [11] DEBUG LTCPro.ServiceLayer.Log4net - ---Executing GetUserToken() in UserService----
2021-09-27 12:03:21,541 [10] DEBUG LTCPro.ServiceLayer.Log4net - ---Executing GetUserToken() in UserService----
2021-09-27 12:23:08,430 [20] DEBUG LTCPro.ServiceLayer.Log4net - ---Executing UsersConfigNurseStationDrop() in FacilityController----
2021-09-27 12:23:08,442 [20] DEBUG LTCPro.ServiceLayer.Log4net - ---Executing UsersConfigNurseStationDrop() in FacilityService----
2021-09-27 12:23:08,558 [20] DEBUG LTCPro.ServiceLayer.Log4net - ---Executed Successfully UsersConfigNurseStationDrop() in FacilityController----
2021-09-27 12:23:08,802 [17] DEBUG LTCPro.ServiceLayer.Log4net - ---Executing GetProcessKeyMasterList() in FacilityController----
2021-09-27 12:23:08,803 [17] DEBUG LTCPro.ServiceLayer.Log4net - ---Executing GetProcessKeyMasterList() in FacilityService----
2021-09-27 12:23:08,823 [17] DEBUG LTCPro.ServiceLayer.Log4net - ---Executed Successfully GetProcessKeyMasterList() in FacilityController----
2021-09-27 12:23:11,547 [22] DEBUG LTCPro.ServiceLayer.Log4net - ---Executing CheckUser() in UserService----
2021-09-27 12:23:11,800 [22] DEBUG LTCPro.ServiceLayer.Log4net - ---Executing FindUser() in UserService----
2021-09-27 12:23:11,861 [22] DEBUG LTCPro.ServiceLayer.Log4net - ---Executing InsertUserSession() in UserService----
2021-09-27 12:23:11,886 [22] DEBUG LTCPro.ServiceLayer.Log4net - ---Executing InsertUserToken() in UserService----
2021-09-27 12:23:11,959 [20] DEBUG LTCPro.ServiceLayer.Log4net - ---Executing InsertUpdateUserRecentFacNs() in UserController----
2021-09-27 12:23:11,982 [17] DEBUG LTCPro.ServiceLayer.Log4net - ---Executing GetScreenPermissionsForLoggedInUser() in RoleController----
2021-09-27 12:23:11,988 [20] DEBUG LTCPro.ServiceLayer.Log4net - ---Executing GetUserRecentFacNs() in UserService----
2021-09-27 12:23:12,000 [17] DEBUG LTCPro.ServiceLayer.Log4net - ---Executing GetScreenPermissionsForLoggedInUser() in RoleService----
2021-09-27 12:23:12,030 [17] DEBUG LTCPro.ServiceLayer.Log4net - ---Executed Successfully GetScreenPermissionsForLoggedInUser() in RoleController----
2021-09-27 12:23:12,124 [24] DEBUG LTCPro.ServiceLayer.Log4net - ---Executing GetUserToken() in UserService----
2021-09-27 12:23:12,137 [26] DEBUG LTCPro.ServiceLayer.Log4net - ---Executing GetUserToken() in UserService----
2021-09-27 12:23:12,140 [22] DEBUG LTCPro.ServiceLayer.Log4net - ---Executing GetUserToken() in UserService----
2021-09-27 12:23:12,141 [24] DEBUG LTCPro.ServiceLayer.Log4net - ---Executing GetUserPassedDueFlag() in UserController----
2021-09-27 12:23:12,142 [24] DEBUG LTCPro.ServiceLayer.Log4net - ---Executing GetUserPassedDueFlag() in UserService----
2021-09-27 12:23:12,152 [20] DEBUG LTCPro.ServiceLayer.Log4net - ---Executing InsertUpdateUserRecentFacNs() in CommonService----
2021-09-27 12:23:12,152 [22] DEBUG LTCPro.ServiceLayer.Log4net - ---Executing GetAlertsDetails() in MailboxController----
2021-09-27 12:23:12,153 [22] DEBUG LTCPro.ServiceLayer.Log4net - ---Executing GetAlertsDetails() in MailboxService----
2021-09-27 12:23:12,161 [26] DEBUG LTCPro.ServiceLayer.Log4net - ---Executing GetDueMARAlertData() in EmarController----
2021-09-27 12:23:12,170 [24] DEBUG LTCPro.ServiceLayer.Log4net - ---Executed Successfully GetUserPassedDueFlag() in UserController----
2021-09-27 12:23:12,182 [26] DEBUG LTCPro.ServiceLayer.Log4net - ---Executing GetDueMARAlertData() in EmarService----
2021-09-27 12:23:12,201 [17] DEBUG LTCPro.ServiceLayer.Log4net - ---Executing GetUserToken() in UserService----
2021-09-27 12:23:12,208 [17] DEBUG LTCPro.ServiceLayer.Log4net - ---Executing GetReadMailsCount() in MailboxController----
2021-09-27 12:23:12,210 [17] DEBUG LTCPro.ServiceLayer.Log4net - ---Executing GetReadMailsCount() in MailboxService----
2021-09-27 12:23:12,290 [22] DEBUG LTCPro.ServiceLayer.Log4net - ---Executed successfully GetAlertsDetails() in MailboxController----
2021-09-27 12:23:12,295 [26] DEBUG LTCPro.ServiceLayer.Log4net - ---Executed Successfully GetDueMARAlertData() in EmarController----
2021-09-27 12:23:12,295 [20] DEBUG LTCPro.ServiceLayer.Log4net - ---Executed Successfully InsertUpdateUserRecentFacNs() in UserController----
2021-09-27 12:23:12,298 [24] DEBUG LTCPro.ServiceLayer.Log4net - ---Executing GetUserToken() in UserService----
2021-09-27 12:23:12,307 [17] DEBUG LTCPro.ServiceLayer.Log4net - ---Executed successfully GetReadMailsCount() in MailboxController----
2021-09-27 12:23:12,307 [24] DEBUG LTCPro.ServiceLayer.Log4net - ---Executing GetPendingDosesList() in CommonController----
2021-09-27 12:23:12,308 [24] DEBUG LTCPro.ServiceLayer.Log4net - ---Executing GetPendingDosesList() in CommonService----
2021-09-27 12:23:12,329 [20] DEBUG LTCPro.ServiceLayer.Log4net - ---Executing GetUserToken() in UserService----
2021-09-27 12:23:12,330 [26] DEBUG LTCPro.ServiceLayer.Log4net - ---Executing GetUserToken() in UserService----
2021-09-27 12:23:12,334 [17] DEBUG LTCPro.ServiceLayer.Log4net - ---Executing GetUserToken() in UserService----
2021-09-27 12:23:12,370 [17] DEBUG LTCPro.ServiceLayer.Log4net - ---Executing GetOutboundErrorDetails() in CommonController----
2021-09-27 12:23:12,371 [17] DEBUG LTCPro.ServiceLayer.Log4net - ---Executing GetOutboundErrorDetails() in CommonService----
2021-09-27 12:23:12,376 [20] DEBUG LTCPro.ServiceLayer.Log4net - ---Executing GetUserRecentFacNs() in UserController----
2021-09-27 12:23:12,376 [20] DEBUG LTCPro.ServiceLayer.Log4net - ---Executing GetUserRecentFacNs() in UserService----
2021-09-27 12:23:12,438 [24] DEBUG LTCPro.ServiceLayer.Log4net - ---Executed Successfully GetPendingDosesList() in CommonController----
2021-09-27 12:23:12,444 [17] DEBUG LTCPro.ServiceLayer.Log4net - ---Executed Successfully GetOutboundErrorDetails() in CommonController----
2021-09-27 12:23:12,450 [20] DEBUG LTCPro.ServiceLayer.Log4net - ---Executed Successfully GetUserRecentFacNs() in UserController----
2021-09-27 12:23:12,491 [24] DEBUG LTCPro.ServiceLayer.Log4net - ---Executing GetUserToken() in UserService----
2021-09-27 12:23:12,497 [24] DEBUG LTCPro.ServiceLayer.Log4net - ---Executing GetUserActiveCompanyMasterList() in CompanyController----
2021-09-27 12:23:12,498 [24] DEBUG LTCPro.ServiceLayer.Log4net - ---Executing GetActiveCompanyMasterList() in CompanyService----
2021-09-27 12:23:12,507 [20] DEBUG LTCPro.ServiceLayer.Log4net - ---Executing GetUserToken() in UserService----
2021-09-27 12:23:12,518 [26] DEBUG LTCPro.ServiceLayer.Log4net - ---Executing InsertUserActivityDetails() in CompanyController----
2021-09-27 12:23:12,519 [26] DEBUG LTCPro.ServiceLayer.Log4net - ---Executing InsertUserActivityDetails() in UserActivityService----
2021-09-27 12:23:12,525 [20] DEBUG LTCPro.ServiceLayer.Log4net - ---Executing GetUserAccessFacilityNurseStaions() in FacilityController----
2021-09-27 12:23:12,557 [20] DEBUG LTCPro.ServiceLayer.Log4net - ---Executing GetUserAccessFacilityNurseStaions() in FacilityService----
2021-09-27 12:23:12,566 [26] DEBUG LTCPro.ServiceLayer.Log4net - ---Executed Successfully InsertUserActivityDetails() in CompanyController----
2021-09-27 12:23:12,582 [24] DEBUG LTCPro.ServiceLayer.Log4net - ---Executed Successfully GetUserActiveCompanyMasterList() in CompanyController----
2021-09-27 12:23:12,608 [20] DEBUG LTCPro.ServiceLayer.Log4net - ---Executed Successfully GetUserAccessFacilityNurseStaions() in FacilityController----
2021-09-27 12:23:18,613 [17] DEBUG LTCPro.ServiceLayer.Log4net - ---Executing GetUserToken() in UserService----
2021-09-27 12:23:18,623 [17] DEBUG LTCPro.ServiceLayer.Log4net - ---Executing GetUserRecentFacNs() in UserController----
2021-09-27 12:23:18,623 [17] DEBUG LTCPro.ServiceLayer.Log4net - ---Executing GetUserRecentFacNs() in UserService----
2021-09-27 12:23:18,639 [17] DEBUG LTCPro.ServiceLayer.Log4net - ---Executed Successfully GetUserRecentFacNs() in UserController----
2021-09-27 12:23:18,676 [17] DEBUG LTCPro.ServiceLayer.Log4net - ---Executing GetUserToken() in UserService----
2021-09-27 12:23:18,683 [17] DEBUG LTCPro.ServiceLayer.Log4net - ---Executing GetUserAccessFacilityNurseStaions() in FacilityController----
2021-09-27 12:23:18,683 [17] DEBUG LTCPro.ServiceLayer.Log4net - ---Executing GetUserAccessFacilityNurseStaions() in FacilityService----
2021-09-27 12:23:18,695 [17] DEBUG LTCPro.ServiceLayer.Log4net - ---Executed Successfully GetUserAccessFacilityNurseStaions() in FacilityController----
2021-09-27 12:23:18,731 [17] DEBUG LTCPro.ServiceLayer.Log4net - ---Executing GetUserToken() in UserService----
2021-09-27 12:23:18,738 [17] DEBUG LTCPro.ServiceLayer.Log4net - ---Executing UserNurseStationDrop() in FacilityController----
2021-09-27 12:23:18,739 [17] DEBUG LTCPro.ServiceLayer.Log4net - ---Executing UserNurseStationDrop() in FacilityService----
2021-09-27 12:23:18,755 [17] DEBUG LTCPro.ServiceLayer.Log4net - ---Executed Successfully UserNurseStationDrop() in FacilityController----
2021-09-27 12:23:18,896 [17] DEBUG LTCPro.ServiceLayer.Log4net - ---Executing GetUserToken() in UserService----
2021-09-27 12:23:18,912 [17] DEBUG LTCPro.ServiceLayer.Log4net - ---Executing GetResidentnamesmarReport() in ReportsController----
2021-09-27 12:23:18,939 [17] DEBUG LTCPro.ServiceLayer.Log4net - ---Executing GetResidentnamesmarReport() in ReportService----
2021-09-27 12:23:19,128 [17] DEBUG LTCPro.ServiceLayer.Log4net - ---Executing GetUserToken() in UserService----
2021-09-27 12:23:19,158 [17] DEBUG LTCPro.ServiceLayer.Log4net - ---Executing GetEmarResidentdetailsReport() in ReportsController----
2021-09-27 12:23:19,159 [17] DEBUG LTCPro.ServiceLayer.Log4net - ---Executing GetEmarResidentdetailsReport() in ReportsService----
2021-09-27 12:23:28,569 [17] DEBUG LTCPro.ServiceLayer.Log4net - ---Executing GetUserToken() in UserService----
2021-09-27 12:23:28,576 [17] DEBUG LTCPro.ServiceLayer.Log4net - ---Executing UserNurseStationDrop() in FacilityController----
2021-09-27 12:23:28,576 [17] DEBUG LTCPro.ServiceLayer.Log4net - ---Executing UserNurseStationDrop() in FacilityService----
2021-09-27 12:23:28,582 [17] DEBUG LTCPro.ServiceLayer.Log4net - ---Executed Successfully UserNurseStationDrop() in FacilityController----
2021-09-27 12:23:28,697 [17] DEBUG LTCPro.ServiceLayer.Log4net - ---Executing GetUserToken() in UserService----
2021-09-27 12:23:28,703 [17] DEBUG LTCPro.ServiceLayer.Log4net - ---Executing GetResidentnamesmarReport() in ReportsController----
2021-09-27 12:23:28,703 [17] DEBUG LTCPro.ServiceLayer.Log4net - ---Executing GetResidentnamesmarReport() in ReportService----
2021-09-27 12:23:28,800 [17] DEBUG LTCPro.ServiceLayer.Log4net - ---Executing GetUserToken() in UserService----
2021-09-27 12:23:28,805 [17] DEBUG LTCPro.ServiceLayer.Log4net - ---Executing GetEmarResidentdetailsReport() in ReportsController----
2021-09-27 12:23:28,805 [17] DEBUG LTCPro.ServiceLayer.Log4net - ---Executing GetEmarResidentdetailsReport() in ReportsService----
2021-09-27 12:24:05,388 [17] DEBUG LTCPro.ServiceLayer.Log4net - ---Executing GetUserToken() in UserService----
2021-09-27 12:24:05,391 [26] DEBUG LTCPro.ServiceLayer.Log4net - ---Executing GetUserToken() in UserService----
2021-09-27 12:24:05,408 [22] DEBUG LTCPro.ServiceLayer.Log4net - ---Executing GetUserToken() in UserService----
2021-09-27 12:24:05,413 [26] DEBUG LTCPro.ServiceLayer.Log4net - ---Executing GetUserPassedDueFlag() in UserController----
2021-09-27 12:24:05,413 [26] DEBUG LTCPro.ServiceLayer.Log4net - ---Executing GetUserPassedDueFlag() in UserService----
2021-09-27 12:24:05,416 [17] DEBUG LTCPro.ServiceLayer.Log4net - ---Executing GetReadMailsCount() in MailboxController----
2021-09-27 12:24:05,416 [17] DEBUG LTCPro.ServiceLayer.Log4net - ---Executing GetReadMailsCount() in MailboxService----
2021-09-27 12:24:05,417 [22] DEBUG LTCPro.ServiceLayer.Log4net - ---Executing GetAlertsDetails() in MailboxController----
2021-09-27 12:24:05,418 [22] DEBUG LTCPro.ServiceLayer.Log4net - ---Executing GetAlertsDetails() in MailboxService----
2021-09-27 12:24:05,420 [26] DEBUG LTCPro.ServiceLayer.Log4net - ---Executed Successfully GetUserPassedDueFlag() in UserController----
2021-09-27 12:24:05,432 [22] DEBUG LTCPro.ServiceLayer.Log4net - ---Executed successfully GetAlertsDetails() in MailboxController----
2021-09-27 12:24:05,449 [20] DEBUG LTCPro.ServiceLayer.Log4net - ---Executing GetUserToken() in UserService----
2021-09-27 12:24:05,450 [17] DEBUG LTCPro.ServiceLayer.Log4net - ---Executed successfully GetReadMailsCount() in MailboxController----
2021-09-27 12:24:05,470 [21] DEBUG LTCPro.ServiceLayer.Log4net - ---Executing GetUserToken() in UserService----
2021-09-27 12:24:05,472 [20] DEBUG LTCPro.ServiceLayer.Log4net - ---Executing GetDueMARAlertData() in EmarController----
2021-09-27 12:24:05,472 [20] DEBUG LTCPro.ServiceLayer.Log4net - ---Executing GetDueMARAlertData() in EmarService----
2021-09-27 12:24:05,476 [26] DEBUG LTCPro.ServiceLayer.Log4net - ---Executing GetUserToken() in UserService----
2021-09-27 12:24:05,477 [21] DEBUG LTCPro.ServiceLayer.Log4net - ---Executing GetOutboundErrorDetails() in CommonController----
2021-09-27 12:24:05,478 [21] DEBUG LTCPro.ServiceLayer.Log4net - ---Executing GetOutboundErrorDetails() in CommonService----
2021-09-27 12:24:05,493 [19] DEBUG LTCPro.ServiceLayer.Log4net - ---Executing GetUserToken() in UserService----
2021-09-27 12:24:05,500 [26] DEBUG LTCPro.ServiceLayer.Log4net - ---Executing GetPendingDosesList() in CommonController----
2021-09-27 12:24:05,500 [26] DEBUG LTCPro.ServiceLayer.Log4net - ---Executing GetPendingDosesList() in CommonService----
2021-09-27 12:24:05,502 [19] DEBUG LTCPro.ServiceLayer.Log4net - ---Executing GetUserRecentFacNs() in UserController----
2021-09-27 12:24:05,502 [19] DEBUG LTCPro.ServiceLayer.Log4net - ---Executing GetUserRecentFacNs() in UserService----
2021-09-27 12:24:05,517 [17] DEBUG LTCPro.ServiceLayer.Log4net - ---Executing GetUserToken() in UserService----
2021-09-27 12:24:05,523 [21] DEBUG LTCPro.ServiceLayer.Log4net - ---Executed Successfully GetOutboundErrorDetails() in CommonController----
2021-09-27 12:24:05,562 [26] DEBUG LTCPro.ServiceLayer.Log4net - ---Executed Successfully GetPendingDosesList() in CommonController----
2021-09-27 12:24:05,562 [17] DEBUG LTCPro.ServiceLayer.Log4net - ---Executing GetUserRecentFacNs() in UserController----
2021-09-27 12:24:05,562 [17] DEBUG LTCPro.ServiceLayer.Log4net - ---Executing GetUserRecentFacNs() in UserService----
2021-09-27 12:24:05,562 [20] DEBUG LTCPro.ServiceLayer.Log4net - ---Executed Successfully GetDueMARAlertData() in EmarController----
2021-09-27 12:24:05,566 [19] DEBUG LTCPro.ServiceLayer.Log4net - ---Executed Successfully GetUserRecentFacNs() in UserController----
2021-09-27 12:24:05,581 [17] DEBUG LTCPro.ServiceLayer.Log4net - ---Executed Successfully GetUserRecentFacNs() in UserController----
2021-09-27 12:24:05,595 [22] DEBUG LTCPro.ServiceLayer.Log4net - ---Executing GetUserToken() in UserService----
2021-09-27 12:24:05,601 [22] DEBUG LTCPro.ServiceLayer.Log4net - ---Executing GetUserAccessFacilityNurseStaions() in FacilityController----
2021-09-27 12:24:05,601 [22] DEBUG LTCPro.ServiceLayer.Log4net - ---Executing GetUserAccessFacilityNurseStaions() in FacilityService----
2021-09-27 12:24:05,616 [22] DEBUG LTCPro.ServiceLayer.Log4net - ---Executed Successfully GetUserAccessFacilityNurseStaions() in FacilityController----
2021-09-27 12:24:05,647 [22] DEBUG LTCPro.ServiceLayer.Log4net - ---Executing GetUserToken() in UserService----
2021-09-27 12:24:05,652 [22] DEBUG LTCPro.ServiceLayer.Log4net - ---Executing GetUserAccessFacilityNurseStaions() in FacilityController----
2021-09-27 12:24:05,652 [22] DEBUG LTCPro.ServiceLayer.Log4net - ---Executing GetUserAccessFacilityNurseStaions() in FacilityService----
2021-09-27 12:24:05,662 [22] DEBUG LTCPro.ServiceLayer.Log4net - ---Executed Successfully GetUserAccessFacilityNurseStaions() in FacilityController----
2021-09-27 12:24:05,691 [17] DEBUG LTCPro.ServiceLayer.Log4net - ---Executing GetUserToken() in UserService----
2021-09-27 12:24:05,698 [17] DEBUG LTCPro.ServiceLayer.Log4net - ---Executing UserNurseStationDrop() in FacilityController----
2021-09-27 12:24:05,698 [17] DEBUG LTCPro.ServiceLayer.Log4net - ---Executing UserNurseStationDrop() in FacilityService----
2021-09-27 12:24:05,705 [17] DEBUG LTCPro.ServiceLayer.Log4net - ---Executed Successfully UserNurseStationDrop() in FacilityController----
2021-09-27 12:24:05,745 [17] DEBUG LTCPro.ServiceLayer.Log4net - ---Executing GetUserToken() in UserService----
2021-09-27 12:24:05,750 [17] DEBUG LTCPro.ServiceLayer.Log4net - ---Executing GetResidentnamesmarReport() in ReportsController----
2021-09-27 12:24:05,750 [17] DEBUG LTCPro.ServiceLayer.Log4net - ---Executing GetResidentnamesmarReport() in ReportService----
2021-09-27 12:24:05,836 [20] DEBUG LTCPro.ServiceLayer.Log4net - ---Executing GetUserToken() in UserService----
2021-09-27 12:24:05,842 [20] DEBUG LTCPro.ServiceLayer.Log4net - ---Executing GetEmarResidentdetailsReport() in ReportsController----
2021-09-27 12:24:05,842 [20] DEBUG LTCPro.ServiceLayer.Log4net - ---Executing GetEmarResidentdetailsReport() in ReportsService----
2021-09-27 12:24:40,925 [21] DEBUG LTCPro.ServiceLayer.Log4net - ---Executing GetUserToken() in UserService----
2021-09-27 12:24:40,930 [21] DEBUG LTCPro.ServiceLayer.Log4net - ---Executing UserNurseStationDrop() in FacilityController----
2021-09-27 12:24:40,931 [21] DEBUG LTCPro.ServiceLayer.Log4net - ---Executing UserNurseStationDrop() in FacilityService----
2021-09-27 12:24:40,937 [21] DEBUG LTCPro.ServiceLayer.Log4net - ---Executed Successfully UserNurseStationDrop() in FacilityController----
2021-09-27 12:24:41,065 [22] DEBUG LTCPro.ServiceLayer.Log4net - ---Executing GetUserToken() in UserService----
2021-09-27 12:24:41,069 [22] DEBUG LTCPro.ServiceLayer.Log4net - ---Executing GetResidentnamesmarReport() in ReportsController----
2021-09-27 12:24:41,069 [22] DEBUG LTCPro.ServiceLayer.Log4net - ---Executing GetResidentnamesmarReport() in ReportService----
2021-09-27 12:24:41,172 [26] DEBUG LTCPro.ServiceLayer.Log4net - ---Executing GetUserToken() in UserService----
2021-09-27 12:24:41,178 [26] DEBUG LTCPro.ServiceLayer.Log4net - ---Executing GetEmarResidentdetailsReport() in ReportsController----
2021-09-27 12:24:41,178 [26] DEBUG LTCPro.ServiceLayer.Log4net - ---Executing GetEmarResidentdetailsReport() in ReportsService----
2021-09-27 12:24:54,960 [22] DEBUG LTCPro.ServiceLayer.Log4net - ---Executing GetUserToken() in UserService----
2021-09-27 12:24:54,966 [22] DEBUG LTCPro.ServiceLayer.Log4net - ---Executing GetResidentnamesmarReport() in ReportsController----
2021-09-27 12:24:54,966 [22] DEBUG LTCPro.ServiceLayer.Log4net - ---Executing GetResidentnamesmarReport() in ReportService----
2021-09-27 12:24:55,051 [26] DEBUG LTCPro.ServiceLayer.Log4net - ---Executing GetUserToken() in UserService----
2021-09-27 12:24:55,057 [26] DEBUG LTCPro.ServiceLayer.Log4net - ---Executing GetEmarResidentdetailsReport() in ReportsController----
2021-09-27 12:24:55,057 [26] DEBUG LTCPro.ServiceLayer.Log4net - ---Executing GetEmarResidentdetailsReport() in ReportsService----
2021-09-27 12:25:04,249 [22] DEBUG LTCPro.ServiceLayer.Log4net - ---Executing GetUserToken() in UserService----
2021-09-27 12:25:04,256 [22] DEBUG LTCPro.ServiceLayer.Log4net - ---Executing GetEmarResidentdetailsReport() in ReportsController----
2021-09-27 12:25:04,256 [22] DEBUG LTCPro.ServiceLayer.Log4net - ---Executing GetEmarResidentdetailsReport() in ReportsService----
2021-09-27 12:27:03,196 [26] DEBUG LTCPro.ServiceLayer.Log4net - ---Executing GetUserToken() in UserService----
2021-09-27 12:27:03,205 [26] DEBUG LTCPro.ServiceLayer.Log4net - ---Executing GetAlertsDetails() in MailboxController----
2021-09-27 12:27:03,205 [26] DEBUG LTCPro.ServiceLayer.Log4net - ---Executing GetAlertsDetails() in MailboxService----
2021-09-27 12:27:03,214 [14] DEBUG LTCPro.ServiceLayer.Log4net - ---Executing GetUserToken() in UserService----
2021-09-27 12:27:03,223 [26] DEBUG LTCPro.ServiceLayer.Log4net - ---Executed successfully GetAlertsDetails() in MailboxController----
2021-09-27 12:27:03,227 [15] DEBUG LTCPro.ServiceLayer.Log4net - ---Executing GetUserToken() in UserService----
2021-09-27 12:27:03,229 [18] DEBUG LTCPro.ServiceLayer.Log4net - ---Executing GetUserToken() in UserService----
2021-09-27 12:27:03,231 [14] DEBUG LTCPro.ServiceLayer.Log4net - ---Executing GetUserPassedDueFlag() in UserController----
2021-09-27 12:27:03,231 [14] DEBUG LTCPro.ServiceLayer.Log4net - ---Executing GetUserPassedDueFlag() in UserService----
2021-09-27 12:27:03,232 [21] DEBUG LTCPro.ServiceLayer.Log4net - ---Executing GetUserToken() in UserService----
2021-09-27 12:27:03,234 [15] DEBUG LTCPro.ServiceLayer.Log4net - ---Executing GetOutboundErrorDetails() in CommonController----
2021-09-27 12:27:03,234 [15] DEBUG LTCPro.ServiceLayer.Log4net - ---Executing GetOutboundErrorDetails() in CommonService----
2021-09-27 12:27:03,236 [18] DEBUG LTCPro.ServiceLayer.Log4net - ---Executing GetReadMailsCount() in MailboxController----
2021-09-27 12:27:03,236 [18] DEBUG LTCPro.ServiceLayer.Log4net - ---Executing GetReadMailsCount() in MailboxService----
2021-09-27 12:27:03,238 [14] DEBUG LTCPro.ServiceLayer.Log4net - ---Executed Successfully GetUserPassedDueFlag() in UserController----
2021-09-27 12:27:03,239 [21] DEBUG LTCPro.ServiceLayer.Log4net - ---Executing GetUserRecentFacNs() in UserController----
2021-09-27 12:27:03,239 [21] DEBUG LTCPro.ServiceLayer.Log4net - ---Executing GetUserRecentFacNs() in UserService----
2021-09-27 12:27:03,243 [18] DEBUG LTCPro.ServiceLayer.Log4net - ---Executed successfully GetReadMailsCount() in MailboxController----
2021-09-27 12:27:03,244 [19] DEBUG LTCPro.ServiceLayer.Log4net - ---Executing GetUserToken() in UserService----
2021-09-27 12:27:03,249 [21] DEBUG LTCPro.ServiceLayer.Log4net - ---Executed Successfully GetUserRecentFacNs() in UserController----
2021-09-27 12:27:03,251 [19] DEBUG LTCPro.ServiceLayer.Log4net - ---Executing GetDueMARAlertData() in EmarController----
2021-09-27 12:27:03,251 [19] DEBUG LTCPro.ServiceLayer.Log4net - ---Executing GetDueMARAlertData() in EmarService----
2021-09-27 12:27:03,263 [15] DEBUG LTCPro.ServiceLayer.Log4net - ---Executed Successfully GetOutboundErrorDetails() in CommonController----
2021-09-27 12:27:03,277 [22] DEBUG LTCPro.ServiceLayer.Log4net - ---Executing GetUserToken() in UserService----
2021-09-27 12:27:03,278 [14] DEBUG LTCPro.ServiceLayer.Log4net - ---Executing GetUserToken() in UserService----
2021-09-27 12:27:03,282 [14] DEBUG LTCPro.ServiceLayer.Log4net - ---Executing GetPendingDosesList() in CommonController----
2021-09-27 12:27:03,282 [14] DEBUG LTCPro.ServiceLayer.Log4net - ---Executing GetPendingDosesList() in CommonService----
2021-09-27 12:27:03,284 [22] DEBUG LTCPro.ServiceLayer.Log4net - ---Executing GetUserRecentFacNs() in UserController----
2021-09-27 12:27:03,284 [22] DEBUG LTCPro.ServiceLayer.Log4net - ---Executing GetUserRecentFacNs() in UserService----
2021-09-27 12:27:03,307 [14] DEBUG LTCPro.ServiceLayer.Log4net - ---Executed Successfully GetPendingDosesList() in CommonController----
2021-09-27 12:27:03,312 [22] DEBUG LTCPro.ServiceLayer.Log4net - ---Executed Successfully GetUserRecentFacNs() in UserController----
2021-09-27 12:27:03,315 [19] DEBUG LTCPro.ServiceLayer.Log4net - ---Executed Successfully GetDueMARAlertData() in EmarController----
2021-09-27 12:27:03,841 [26] DEBUG LTCPro.ServiceLayer.Log4net - ---Executing GetUserToken() in UserService----
2021-09-27 12:27:03,841 [19] DEBUG LTCPro.ServiceLayer.Log4net - ---Executing GetUserToken() in UserService----
2021-09-27 12:27:03,901 [19] DEBUG LTCPro.ServiceLayer.Log4net - ---Executing GetUserAccessFacilityNurseStaions() in FacilityController----
2021-09-27 12:27:03,901 [19] DEBUG LTCPro.ServiceLayer.Log4net - ---Executing GetUserAccessFacilityNurseStaions() in FacilityService----
2021-09-27 12:27:03,901 [26] DEBUG LTCPro.ServiceLayer.Log4net - ---Executing GetUserAccessFacilityNurseStaions() in FacilityController----
2021-09-27 12:27:03,901 [26] DEBUG LTCPro.ServiceLayer.Log4net - ---Executing GetUserAccessFacilityNurseStaions() in FacilityService----
2021-09-27 12:27:03,915 [19] DEBUG LTCPro.ServiceLayer.Log4net - ---Executed Successfully GetUserAccessFacilityNurseStaions() in FacilityController----
2021-09-27 12:27:03,916 [26] DEBUG LTCPro.ServiceLayer.Log4net - ---Executed Successfully GetUserAccessFacilityNurseStaions() in FacilityController----
2021-09-27 12:27:04,041 [21] DEBUG LTCPro.ServiceLayer.Log4net - ---Executing GetUserToken() in UserService----
2021-09-27 12:27:04,046 [21] DEBUG LTCPro.ServiceLayer.Log4net - ---Executing UserNurseStationDrop() in FacilityController----
2021-09-27 12:27:04,046 [21] DEBUG LTCPro.ServiceLayer.Log4net - ---Executing UserNurseStationDrop() in FacilityService----
2021-09-27 12:27:04,053 [21] DEBUG LTCPro.ServiceLayer.Log4net - ---Executed Successfully UserNurseStationDrop() in FacilityController----
2021-09-27 12:27:04,188 [26] DEBUG LTCPro.ServiceLayer.Log4net - ---Executing GetUserToken() in UserService----
2021-09-27 12:27:04,194 [26] DEBUG LTCPro.ServiceLayer.Log4net - ---Executing GetResidentnamesmarReport() in ReportsController----
2021-09-27 12:27:04,194 [26] DEBUG LTCPro.ServiceLayer.Log4net - ---Executing GetResidentnamesmarReport() in ReportService----
2021-09-27 12:27:04,562 [26] DEBUG LTCPro.ServiceLayer.Log4net - ---Executing GetUserToken() in UserService----
2021-09-27 12:27:04,569 [26] DEBUG LTCPro.ServiceLayer.Log4net - ---Executing GetEmarResidentdetailsReport() in ReportsController----
2021-09-27 12:27:04,569 [26] DEBUG LTCPro.ServiceLayer.Log4net - ---Executing GetEmarResidentdetailsReport() in ReportsService----
2021-09-27 12:27:10,421 [21] DEBUG LTCPro.ServiceLayer.Log4net - ---Executing GetUserToken() in UserService----
2021-09-27 12:27:10,427 [21] DEBUG LTCPro.ServiceLayer.Log4net - ---Executing UserNurseStationDrop() in FacilityController----
2021-09-27 12:27:10,427 [21] DEBUG LTCPro.ServiceLayer.Log4net - ---Executing UserNurseStationDrop() in FacilityService----
2021-09-27 12:27:10,433 [21] DEBUG LTCPro.ServiceLayer.Log4net - ---Executed Successfully UserNurseStationDrop() in FacilityController----
2021-09-27 12:27:10,580 [26] DEBUG LTCPro.ServiceLayer.Log4net - ---Executing GetUserToken() in UserService----
2021-09-27 12:27:10,586 [26] DEBUG LTCPro.ServiceLayer.Log4net - ---Executing GetResidentnamesmarReport() in ReportsController----
2021-09-27 12:27:10,586 [26] DEBUG LTCPro.ServiceLayer.Log4net - ---Executing GetResidentnamesmarReport() in ReportService----
2021-09-27 12:27:10,693 [15] DEBUG LTCPro.ServiceLayer.Log4net - ---Executing GetUserToken() in UserService----
2021-09-27 12:27:10,700 [15] DEBUG LTCPro.ServiceLayer.Log4net - ---Executing GetEmarResidentdetailsReport() in ReportsController----
2021-09-27 12:27:10,700 [15] DEBUG LTCPro.ServiceLayer.Log4net - ---Executing GetEmarResidentdetailsReport() in ReportsService----
2021-09-27 12:27:17,641 [21] DEBUG LTCPro.ServiceLayer.Log4net - ---Executing GetUserToken() in UserService----
2021-09-27 12:27:17,647 [21] DEBUG LTCPro.ServiceLayer.Log4net - ---Executing GetResidentnamesmarReport() in ReportsController----
2021-09-27 12:27:17,647 [21] DEBUG LTCPro.ServiceLayer.Log4net - ---Executing GetResidentnamesmarReport() in ReportService----
2021-09-27 12:27:17,789 [22] DEBUG LTCPro.ServiceLayer.Log4net - ---Executing GetUserToken() in UserService----
2021-09-27 12:27:17,794 [22] DEBUG LTCPro.ServiceLayer.Log4net - ---Executing GetEmarResidentdetailsReport() in ReportsController----
2021-09-27 12:27:17,794 [22] DEBUG LTCPro.ServiceLayer.Log4net - ---Executing GetEmarResidentdetailsReport() in ReportsService----
2021-09-27 12:27:29,168 [26] DEBUG LTCPro.ServiceLayer.Log4net - ---Executing GetUserToken() in UserService----
2021-09-27 12:27:29,174 [26] DEBUG LTCPro.ServiceLayer.Log4net - ---Executing GetEmarResidentdetailsReport() in ReportsController----
2021-09-27 12:27:29,174 [26] DEBUG LTCPro.ServiceLayer.Log4net - ---Executing GetEmarResidentdetailsReport() in ReportsService----
2021-09-27 12:28:46,915 [21] DEBUG LTCPro.ServiceLayer.Log4net - ---Executing GetUserToken() in UserService----
2021-09-27 12:28:46,916 [23] DEBUG LTCPro.ServiceLayer.Log4net - ---Executing GetUserToken() in UserService----
2021-09-27 12:28:46,929 [22] DEBUG LTCPro.ServiceLayer.Log4net - ---Executing GetUserToken() in UserService----
2021-09-27 12:28:46,933 [21] DEBUG LTCPro.ServiceLayer.Log4net - ---Executing GetReadMailsCount() in MailboxController----
2021-09-27 12:28:46,933 [21] DEBUG LTCPro.ServiceLayer.Log4net - ---Executing GetReadMailsCount() in MailboxService----
2021-09-27 12:28:46,933 [23] DEBUG LTCPro.ServiceLayer.Log4net - ---Executing GetAlertsDetails() in MailboxController----
2021-09-27 12:28:46,933 [23] DEBUG LTCPro.ServiceLayer.Log4net - ---Executing GetAlertsDetails() in MailboxService----
2021-09-27 12:28:46,935 [22] DEBUG LTCPro.ServiceLayer.Log4net - ---Executing GetDueMARAlertData() in EmarController----
2021-09-27 12:28:46,935 [22] DEBUG LTCPro.ServiceLayer.Log4net - ---Executing GetDueMARAlertData() in EmarService----
2021-09-27 12:28:46,940 [26] DEBUG LTCPro.ServiceLayer.Log4net - ---Executing GetUserToken() in UserService----
2021-09-27 12:28:46,944 [23] DEBUG LTCPro.ServiceLayer.Log4net - ---Executed successfully GetAlertsDetails() in MailboxController----
2021-09-27 12:28:46,944 [21] DEBUG LTCPro.ServiceLayer.Log4net - ---Executed successfully GetReadMailsCount() in MailboxController----
2021-09-27 12:28:46,946 [26] DEBUG LTCPro.ServiceLayer.Log4net - ---Executing GetOutboundErrorDetails() in CommonController----
2021-09-27 12:28:46,946 [26] DEBUG LTCPro.ServiceLayer.Log4net - ---Executing GetOutboundErrorDetails() in CommonService----
2021-09-27 12:28:46,961 [23] DEBUG LTCPro.ServiceLayer.Log4net - ---Executing GetUserToken() in UserService----
2021-09-27 12:28:46,962 [21] DEBUG LTCPro.ServiceLayer.Log4net - ---Executing GetUserToken() in UserService----
2021-09-27 12:28:46,968 [26] DEBUG LTCPro.ServiceLayer.Log4net - ---Executed Successfully GetOutboundErrorDetails() in CommonController----
2021-09-27 12:28:46,969 [21] DEBUG LTCPro.ServiceLayer.Log4net - ---Executing GetUserPassedDueFlag() in UserController----
2021-09-27 12:28:46,969 [21] DEBUG LTCPro.ServiceLayer.Log4net - ---Executing GetUserPassedDueFlag() in UserService----
2021-09-27 12:28:46,969 [23] DEBUG LTCPro.ServiceLayer.Log4net - ---Executing GetUserRecentFacNs() in UserController----
2021-09-27 12:28:46,969 [23] DEBUG LTCPro.ServiceLayer.Log4net - ---Executing GetUserRecentFacNs() in UserService----
2021-09-27 12:28:46,975 [21] DEBUG LTCPro.ServiceLayer.Log4net - ---Executed Successfully GetUserPassedDueFlag() in UserController----
2021-09-27 12:28:46,978 [23] DEBUG LTCPro.ServiceLayer.Log4net - ---Executed Successfully GetUserRecentFacNs() in UserController----
2021-09-27 12:28:46,987 [26] DEBUG LTCPro.ServiceLayer.Log4net - ---Executing GetUserToken() in UserService----
2021-09-27 12:28:46,990 [21] DEBUG LTCPro.ServiceLayer.Log4net - ---Executing GetUserToken() in UserService----
2021-09-27 12:28:46,994 [26] DEBUG LTCPro.ServiceLayer.Log4net - ---Executing GetUserRecentFacNs() in UserController----
2021-09-27 12:28:46,994 [26] DEBUG LTCPro.ServiceLayer.Log4net - ---Executing GetUserRecentFacNs() in UserService----
2021-09-27 12:28:47,012 [22] DEBUG LTCPro.ServiceLayer.Log4net - ---Executed Successfully GetDueMARAlertData() in EmarController----
2021-09-27 12:28:47,013 [21] DEBUG LTCPro.ServiceLayer.Log4net - ---Executing GetPendingDosesList() in CommonController----
2021-09-27 12:28:47,013 [21] DEBUG LTCPro.ServiceLayer.Log4net - ---Executing GetPendingDosesList() in CommonService----
2021-09-27 12:28:47,019 [26] DEBUG LTCPro.ServiceLayer.Log4net - ---Executed Successfully GetUserRecentFacNs() in UserController----
2021-09-27 12:28:47,040 [21] DEBUG LTCPro.ServiceLayer.Log4net - ---Executed Successfully GetPendingDosesList() in CommonController----
2021-09-27 12:28:47,204 [26] DEBUG LTCPro.ServiceLayer.Log4net - ---Executing GetUserToken() in UserService----
2021-09-27 12:28:47,204 [21] DEBUG LTCPro.ServiceLayer.Log4net - ---Executing GetUserToken() in UserService----
2021-09-27 12:28:47,212 [26] DEBUG LTCPro.ServiceLayer.Log4net - ---Executing GetUserAccessFacilityNurseStaions() in FacilityController----
2021-09-27 12:28:47,212 [26] DEBUG LTCPro.ServiceLayer.Log4net - ---Executing GetUserAccessFacilityNurseStaions() in FacilityService----
2021-09-27 12:28:47,212 [21] DEBUG LTCPro.ServiceLayer.Log4net - ---Executing GetUserAccessFacilityNurseStaions() in FacilityController----
2021-09-27 12:28:47,212 [21] DEBUG LTCPro.ServiceLayer.Log4net - ---Executing GetUserAccessFacilityNurseStaions() in FacilityService----
2021-09-27 12:28:47,224 [26] DEBUG LTCPro.ServiceLayer.Log4net - ---Executed Successfully GetUserAccessFacilityNurseStaions() in FacilityController----
2021-09-27 12:28:47,225 [21] DEBUG LTCPro.ServiceLayer.Log4net - ---Executed Successfully GetUserAccessFacilityNurseStaions() in FacilityController----
2021-09-27 12:28:47,247 [26] DEBUG LTCPro.ServiceLayer.Log4net - ---Executing GetUserToken() in UserService----
2021-09-27 12:28:47,256 [26] DEBUG LTCPro.ServiceLayer.Log4net - ---Executing UserNurseStationDrop() in FacilityController----
2021-09-27 12:28:47,256 [26] DEBUG LTCPro.ServiceLayer.Log4net - ---Executing UserNurseStationDrop() in FacilityService----
2021-09-27 12:28:47,264 [26] DEBUG LTCPro.ServiceLayer.Log4net - ---Executed Successfully UserNurseStationDrop() in FacilityController----
2021-09-27 12:28:47,324 [22] DEBUG LTCPro.ServiceLayer.Log4net - ---Executing GetUserToken() in UserService----
2021-09-27 12:28:47,330 [22] DEBUG LTCPro.ServiceLayer.Log4net - ---Executing GetResidentnamesmarReport() in ReportsController----
2021-09-27 12:28:47,330 [22] DEBUG LTCPro.ServiceLayer.Log4net - ---Executing GetResidentnamesmarReport() in ReportService----
2021-09-27 12:28:47,497 [23] DEBUG LTCPro.ServiceLayer.Log4net - ---Executing GetUserToken() in UserService----
2021-09-27 12:28:47,503 [23] DEBUG LTCPro.ServiceLayer.Log4net - ---Executing GetEmarResidentdetailsReport() in ReportsController----
2021-09-27 12:28:47,503 [23] DEBUG LTCPro.ServiceLayer.Log4net - ---Executing GetEmarResidentdetailsReport() in ReportsService----
2021-09-27 12:28:53,816 [21] DEBUG LTCPro.ServiceLayer.Log4net - ---Executing GetUserToken() in UserService----
2021-09-27 12:28:53,822 [21] DEBUG LTCPro.ServiceLayer.Log4net - ---Executing UserNurseStationDrop() in FacilityController----
2021-09-27 12:28:53,822 [21] DEBUG LTCPro.ServiceLayer.Log4net - ---Executing UserNurseStationDrop() in FacilityService----
2021-09-27 12:28:53,828 [21] DEBUG LTCPro.ServiceLayer.Log4net - ---Executed Successfully UserNurseStationDrop() in FacilityController----
2021-09-27 12:28:53,954 [22] DEBUG LTCPro.ServiceLayer.Log4net - ---Executing GetUserToken() in UserService----
2021-09-27 12:28:53,962 [22] DEBUG LTCPro.ServiceLayer.Log4net - ---Executing GetResidentnamesmarReport() in ReportsController----
2021-09-27 12:28:53,962 [22] DEBUG LTCPro.ServiceLayer.Log4net - ---Executing GetResidentnamesmarReport() in ReportService----
2021-09-27 12:28:54,060 [22] DEBUG LTCPro.ServiceLayer.Log4net - ---Executing GetUserToken() in UserService----
2021-09-27 12:28:54,066 [22] DEBUG LTCPro.ServiceLayer.Log4net - ---Executing GetEmarResidentdetailsReport() in ReportsController----
2021-09-27 12:28:54,066 [22] DEBUG LTCPro.ServiceLayer.Log4net - ---Executing GetEmarResidentdetailsReport() in ReportsService----
2021-09-27 12:28:59,120 [22] DEBUG LTCPro.ServiceLayer.Log4net - ---Executing GetUserToken() in UserService----
2021-09-27 12:28:59,126 [22] DEBUG LTCPro.ServiceLayer.Log4net - ---Executing GetResidentnamesmarReport() in ReportsController----
2021-09-27 12:28:59,126 [22] DEBUG LTCPro.ServiceLayer.Log4net - ---Executing GetResidentnamesmarReport() in ReportService----
2021-09-27 12:28:59,224 [22] DEBUG LTCPro.ServiceLayer.Log4net - ---Executing GetUserToken() in UserService----
2021-09-27 12:28:59,230 [22] DEBUG LTCPro.ServiceLayer.Log4net - ---Executing GetEmarResidentdetailsReport() in ReportsController----
2021-09-27 12:28:59,230 [22] DEBUG LTCPro.ServiceLayer.Log4net - ---Executing GetEmarResidentdetailsReport() in ReportsService----
2021-09-27 12:29:09,479 [21] DEBUG LTCPro.ServiceLayer.Log4net - ---Executing GetUserToken() in UserService----
2021-09-27 12:29:09,485 [21] DEBUG LTCPro.ServiceLayer.Log4net - ---Executing GetEmarResidentdetailsReport() in ReportsController----
2021-09-27 12:29:09,485 [21] DEBUG LTCPro.ServiceLayer.Log4net - ---Executing GetEmarResidentdetailsReport() in ReportsService----
2021-09-27 12:29:34,347 [22] DEBUG LTCPro.ServiceLayer.Log4net - ---Executing GetUserToken() in UserService----
2021-09-27 12:29:34,353 [22] DEBUG LTCPro.ServiceLayer.Log4net - ---Executing GetResidentnamesmarReport() in ReportsController----
2021-09-27 12:29:34,353 [22] DEBUG LTCPro.ServiceLayer.Log4net - ---Executing GetResidentnamesmarReport() in ReportService----
2021-09-27 12:29:34,484 [22] DEBUG LTCPro.ServiceLayer.Log4net - ---Executing GetUserToken() in UserService----
2021-09-27 12:29:34,494 [22] DEBUG LTCPro.ServiceLayer.Log4net - ---Executing GetEmarResidentdetailsReport() in ReportsController----
2021-09-27 12:29:34,494 [22] DEBUG LTCPro.ServiceLayer.Log4net - ---Executing GetEmarResidentdetailsReport() in ReportsService----
2021-09-27 12:29:44,290 [23] DEBUG LTCPro.ServiceLayer.Log4net - ---Executing GetUserToken() in UserService----
2021-09-27 12:29:44,296 [23] DEBUG LTCPro.ServiceLayer.Log4net - ---Executing GetEmarResidentdetailsReport() in ReportsController----
2021-09-27 12:29:44,296 [23] DEBUG LTCPro.ServiceLayer.Log4net - ---Executing GetEmarResidentdetailsReport() in ReportsService----
2021-09-27 13:16:21,002 [58] DEBUG LTCPro.ServiceLayer.Log4net - ---Executing GetUserToken() in UserService----
2021-09-27 13:16:21,023 [63] DEBUG LTCPro.ServiceLayer.Log4net - ---Executing GetUserToken() in UserService----
2021-09-27 13:16:21,033 [65] DEBUG LTCPro.ServiceLayer.Log4net - ---Executing GetUserToken() in UserService----
2021-09-27 13:16:21,056 [61] DEBUG LTCPro.ServiceLayer.Log4net - ---Executing GetUserToken() in UserService----
2021-09-27 13:16:21,563 [58] DEBUG LTCPro.ServiceLayer.Log4net - ---Executing GetOutboundErrorDetails() in CommonController----
2021-09-27 13:16:21,564 [58] DEBUG LTCPro.ServiceLayer.Log4net - ---Executing GetOutboundErrorDetails() in CommonService----
2021-09-27 13:16:21,563 [61] DEBUG LTCPro.ServiceLayer.Log4net - ---Executing GetPendingDosesList() in CommonController----
2021-09-27 13:16:21,564 [61] DEBUG LTCPro.ServiceLayer.Log4net - ---Executing GetPendingDosesList() in CommonService----
2021-09-27 13:16:21,563 [65] DEBUG LTCPro.ServiceLayer.Log4net - ---Executing GetDueMARAlertData() in EmarController----
2021-09-27 13:16:21,563 [63] DEBUG LTCPro.ServiceLayer.Log4net - ---Executing GetUserRecentFacNs() in UserController----
2021-09-27 13:16:21,565 [63] DEBUG LTCPro.ServiceLayer.Log4net - ---Executing GetUserRecentFacNs() in UserService----
2021-09-27 13:16:21,565 [65] DEBUG LTCPro.ServiceLayer.Log4net - ---Executing GetDueMARAlertData() in EmarService----
2021-09-27 13:16:21,668 [58] DEBUG LTCPro.ServiceLayer.Log4net - ---Executed Successfully GetOutboundErrorDetails() in CommonController----
2021-09-27 13:16:21,671 [61] DEBUG LTCPro.ServiceLayer.Log4net - ---Executed Successfully GetPendingDosesList() in CommonController----
2021-09-27 13:16:21,704 [64] DEBUG LTCPro.ServiceLayer.Log4net - ---Executing GetUserToken() in UserService----
2021-09-27 13:16:21,717 [65] DEBUG LTCPro.ServiceLayer.Log4net - ---Executed Successfully GetDueMARAlertData() in EmarController----
2021-09-27 13:16:21,717 [64] DEBUG LTCPro.ServiceLayer.Log4net - ---Executing GetUserRecentFacNs() in UserController----
2021-09-27 13:16:21,717 [64] DEBUG LTCPro.ServiceLayer.Log4net - ---Executing GetUserRecentFacNs() in UserService----
2021-09-27 13:16:21,957 [64] DEBUG LTCPro.ServiceLayer.Log4net - ---Executed Successfully GetUserRecentFacNs() in UserController----
2021-09-27 13:16:21,958 [63] DEBUG LTCPro.ServiceLayer.Log4net - ---Executed Successfully GetUserRecentFacNs() in UserController----
2021-09-27 13:16:21,963 [58] DEBUG LTCPro.ServiceLayer.Log4net - ---Executing GetUserToken() in UserService----
2021-09-27 13:16:21,964 [61] DEBUG LTCPro.ServiceLayer.Log4net - ---Executing GetUserToken() in UserService----
2021-09-27 13:16:21,964 [65] DEBUG LTCPro.ServiceLayer.Log4net - ---Executing GetUserToken() in UserService----
2021-09-27 13:16:22,051 [58] DEBUG LTCPro.ServiceLayer.Log4net - ---Executing GetReadMailsCount() in MailboxController----
2021-09-27 13:16:22,051 [65] DEBUG LTCPro.ServiceLayer.Log4net - ---Executing GetAlertsDetails() in MailboxController----
2021-09-27 13:16:22,051 [65] DEBUG LTCPro.ServiceLayer.Log4net - ---Executing GetAlertsDetails() in MailboxService----
2021-09-27 13:16:22,051 [58] DEBUG LTCPro.ServiceLayer.Log4net - ---Executing GetReadMailsCount() in MailboxService----
2021-09-27 13:16:22,053 [61] DEBUG LTCPro.ServiceLayer.Log4net - ---Executing GetUserPassedDueFlag() in UserController----
2021-09-27 13:16:22,053 [61] DEBUG LTCPro.ServiceLayer.Log4net - ---Executing GetUserPassedDueFlag() in UserService----
2021-09-27 13:16:22,067 [61] DEBUG LTCPro.ServiceLayer.Log4net - ---Executed Successfully GetUserPassedDueFlag() in UserController----
2021-09-27 13:16:22,087 [65] DEBUG LTCPro.ServiceLayer.Log4net - ---Executed successfully GetAlertsDetails() in MailboxController----
2021-09-27 13:16:22,165 [58] DEBUG LTCPro.ServiceLayer.Log4net - ---Executed successfully GetReadMailsCount() in MailboxController----
2021-09-27 13:16:22,190 [63] DEBUG LTCPro.ServiceLayer.Log4net - ---Executing GetUserToken() in UserService----
2021-09-27 13:16:22,191 [61] DEBUG LTCPro.ServiceLayer.Log4net - ---Executing GetUserToken() in UserService----
2021-09-27 13:16:22,196 [63] DEBUG LTCPro.ServiceLayer.Log4net - ---Executing GetUserAccessFacilityNurseStaions() in FacilityController----
2021-09-27 13:16:22,197 [63] DEBUG LTCPro.ServiceLayer.Log4net - ---Executing GetUserAccessFacilityNurseStaions() in FacilityService----
2021-09-27 13:16:22,197 [61] DEBUG LTCPro.ServiceLayer.Log4net - ---Executing GetUserAccessFacilityNurseStaions() in FacilityController----
2021-09-27 13:16:22,197 [61] DEBUG LTCPro.ServiceLayer.Log4net - ---Executing GetUserAccessFacilityNurseStaions() in FacilityService----
2021-09-27 13:16:22,301 [63] DEBUG LTCPro.ServiceLayer.Log4net - ---Executed Successfully GetUserAccessFacilityNurseStaions() in FacilityController----
2021-09-27 13:16:22,301 [61] DEBUG LTCPro.ServiceLayer.Log4net - ---Executed Successfully GetUserAccessFacilityNurseStaions() in FacilityController----
2021-09-27 13:16:22,417 [61] DEBUG LTCPro.ServiceLayer.Log4net - ---Executing GetUserToken() in UserService----
2021-09-27 13:16:22,423 [61] DEBUG LTCPro.ServiceLayer.Log4net - ---Executing UserNurseStationDrop() in FacilityController----
2021-09-27 13:16:22,423 [61] DEBUG LTCPro.ServiceLayer.Log4net - ---Executing UserNurseStationDrop() in FacilityService----
2021-09-27 13:16:22,545 [61] DEBUG LTCPro.ServiceLayer.Log4net - ---Executed Successfully UserNurseStationDrop() in FacilityController----
2021-09-27 13:16:22,621 [63] DEBUG LTCPro.ServiceLayer.Log4net - ---Executing GetUserToken() in UserService----
2021-09-27 13:16:22,631 [63] DEBUG LTCPro.ServiceLayer.Log4net - ---Executing GetResidentnamesmarReport() in ReportsController----
2021-09-27 13:16:22,631 [63] DEBUG LTCPro.ServiceLayer.Log4net - ---Executing GetResidentnamesmarReport() in ReportService----
2021-09-27 13:16:22,887 [58] DEBUG LTCPro.ServiceLayer.Log4net - ---Executing GetUserToken() in UserService----
2021-09-27 13:16:22,916 [58] DEBUG LTCPro.ServiceLayer.Log4net - ---Executing GetEmarResidentdetailsReport() in ReportsController----
2021-09-27 13:16:22,916 [58] DEBUG LTCPro.ServiceLayer.Log4net - ---Executing GetEmarResidentdetailsReport() in ReportsService----
2021-09-27 13:18:25,422 [65] DEBUG LTCPro.ServiceLayer.Log4net - ---Executing GetUserToken() in UserService----
2021-09-27 13:18:25,428 [65] DEBUG LTCPro.ServiceLayer.Log4net - ---Executing UserNurseStationDrop() in FacilityController----
2021-09-27 13:18:25,428 [65] DEBUG LTCPro.ServiceLayer.Log4net - ---Executing UserNurseStationDrop() in FacilityService----
2021-09-27 13:18:25,434 [65] DEBUG LTCPro.ServiceLayer.Log4net - ---Executed Successfully UserNurseStationDrop() in FacilityController----
2021-09-27 13:18:25,603 [58] DEBUG LTCPro.ServiceLayer.Log4net - ---Executing GetUserToken() in UserService----
2021-09-27 13:18:25,609 [58] DEBUG LTCPro.ServiceLayer.Log4net - ---Executing GetResidentnamesmarReport() in ReportsController----
2021-09-27 13:18:25,609 [58] DEBUG LTCPro.ServiceLayer.Log4net - ---Executing GetResidentnamesmarReport() in ReportService----
2021-09-27 13:18:25,765 [58] DEBUG LTCPro.ServiceLayer.Log4net - ---Executing GetUserToken() in UserService----
2021-09-27 13:18:25,772 [58] DEBUG LTCPro.ServiceLayer.Log4net - ---Executing GetEmarResidentdetailsReport() in ReportsController----
2021-09-27 13:18:25,772 [58] DEBUG LTCPro.ServiceLayer.Log4net - ---Executing GetEmarResidentdetailsReport() in ReportsService----
2021-09-27 13:18:41,208 [65] DEBUG LTCPro.ServiceLayer.Log4net - ---Executing GetUserToken() in UserService----
2021-09-27 13:18:41,215 [65] DEBUG LTCPro.ServiceLayer.Log4net - ---Executing GetEmarResidentdetailsReport() in ReportsController----
2021-09-27 13:18:41,215 [65] DEBUG LTCPro.ServiceLayer.Log4net - ---Executing GetEmarResidentdetailsReport() in ReportsService----
2021-09-27 15:13:11,872 [53] DEBUG LTCPro.ServiceLayer.Log4net - ---Executing UsersConfigNurseStationDrop() in FacilityController----
2021-09-27 15:13:11,888 [53] DEBUG LTCPro.ServiceLayer.Log4net - ---Executing UsersConfigNurseStationDrop() in FacilityService----
2021-09-27 15:13:12,309 [53] DEBUG LTCPro.ServiceLayer.Log4net - ---Executed Successfully UsersConfigNurseStationDrop() in FacilityController----
2021-09-27 15:13:13,047 [54] DEBUG LTCPro.ServiceLayer.Log4net - ---Executing GetProcessKeyMasterList() in FacilityController----
2021-09-27 15:13:13,047 [54] DEBUG LTCPro.ServiceLayer.Log4net - ---Executing GetProcessKeyMasterList() in FacilityService----
2021-09-27 15:13:13,066 [54] DEBUG LTCPro.ServiceLayer.Log4net - ---Executed Successfully GetProcessKeyMasterList() in FacilityController----
2021-09-27 15:13:15,794 [53] DEBUG LTCPro.ServiceLayer.Log4net - ---Executing CheckUser() in UserService----
2021-09-27 15:13:16,336 [53] DEBUG LTCPro.ServiceLayer.Log4net - ---Executing FindUser() in UserService----
2021-09-27 15:13:16,467 [53] DEBUG LTCPro.ServiceLayer.Log4net - ---Executing InsertUserSession() in UserService----
2021-09-27 15:13:16,606 [53] DEBUG LTCPro.ServiceLayer.Log4net - ---Executing InsertUserToken() in UserService----
2021-09-27 15:13:16,756 [53] DEBUG LTCPro.ServiceLayer.Log4net - ---Executing InsertUpdateUserRecentFacNs() in UserController----
2021-09-27 15:13:16,756 [53] DEBUG LTCPro.ServiceLayer.Log4net - ---Executing GetUserRecentFacNs() in UserService----
2021-09-27 15:13:16,817 [53] DEBUG LTCPro.ServiceLayer.Log4net - ---Executing InsertUpdateUserRecentFacNs() in CommonService----
2021-09-27 15:13:16,887 [53] DEBUG LTCPro.ServiceLayer.Log4net - ---Executed Successfully InsertUpdateUserRecentFacNs() in UserController----
2021-09-27 15:13:16,926 [49] DEBUG LTCPro.ServiceLayer.Log4net - ---Executing GetScreenPermissionsForLoggedInUser() in RoleController----
2021-09-27 15:13:16,926 [49] DEBUG LTCPro.ServiceLayer.Log4net - ---Executing GetScreenPermissionsForLoggedInUser() in RoleService----
2021-09-27 15:13:16,934 [49] DEBUG LTCPro.ServiceLayer.Log4net - ---Executed Successfully GetScreenPermissionsForLoggedInUser() in RoleController----
2021-09-27 15:13:17,364 [56] DEBUG LTCPro.ServiceLayer.Log4net - ---Executing GetUserToken() in UserService----
2021-09-27 15:13:17,365 [49] DEBUG LTCPro.ServiceLayer.Log4net - ---Executing GetUserToken() in UserService----
2021-09-27 15:13:17,371 [53] DEBUG LTCPro.ServiceLayer.Log4net - ---Executing GetUserToken() in UserService----
2021-09-27 15:13:17,375 [57] DEBUG LTCPro.ServiceLayer.Log4net - ---Executing GetUserToken() in UserService----
2021-09-27 15:13:17,383 [56] DEBUG LTCPro.ServiceLayer.Log4net - ---Executing GetUserRecentFacNs() in UserController----
2021-09-27 15:13:17,383 [56] DEBUG LTCPro.ServiceLayer.Log4net - ---Executing GetUserRecentFacNs() in UserService----
2021-09-27 15:13:17,406 [57] DEBUG LTCPro.ServiceLayer.Log4net - ---Executing GetAlertsDetails() in MailboxController----
2021-09-27 15:13:17,406 [57] DEBUG LTCPro.ServiceLayer.Log4net - ---Executing GetAlertsDetails() in MailboxService----
2021-09-27 15:13:17,407 [49] DEBUG LTCPro.ServiceLayer.Log4net - ---Executing GetOutboundErrorDetails() in CommonController----
2021-09-27 15:13:17,407 [49] DEBUG LTCPro.ServiceLayer.Log4net - ---Executing GetOutboundErrorDetails() in CommonService----
2021-09-27 15:13:17,414 [53] DEBUG LTCPro.ServiceLayer.Log4net - ---Executing GetDueMARAlertData() in EmarController----
2021-09-27 15:13:17,414 [53] DEBUG LTCPro.ServiceLayer.Log4net - ---Executing GetDueMARAlertData() in EmarService----
2021-09-27 15:13:17,415 [56] DEBUG LTCPro.ServiceLayer.Log4net - ---Executed Successfully GetUserRecentFacNs() in UserController----
2021-09-27 15:13:17,554 [51] DEBUG LTCPro.ServiceLayer.Log4net - ---Executing GetUserToken() in UserService----
2021-09-27 15:13:17,561 [54] DEBUG LTCPro.ServiceLayer.Log4net - ---Executing GetUserToken() in UserService----
2021-09-27 15:13:17,565 [57] DEBUG LTCPro.ServiceLayer.Log4net - ---Executed successfully GetAlertsDetails() in MailboxController----
2021-09-27 15:13:17,569 [51] DEBUG LTCPro.ServiceLayer.Log4net - ---Executing GetPendingDosesList() in CommonController----
2021-09-27 15:13:17,569 [51] DEBUG LTCPro.ServiceLayer.Log4net - ---Executing GetPendingDosesList() in CommonService----
2021-09-27 15:13:17,595 [49] DEBUG LTCPro.ServiceLayer.Log4net - ---Executed Successfully GetOutboundErrorDetails() in CommonController----
2021-09-27 15:13:17,603 [56] DEBUG LTCPro.ServiceLayer.Log4net - ---Executing GetUserToken() in UserService----
2021-09-27 15:13:17,614 [57] DEBUG LTCPro.ServiceLayer.Log4net - ---Executing GetUserToken() in UserService----
2021-09-27 15:13:17,617 [51] DEBUG LTCPro.ServiceLayer.Log4net - ---Executed Successfully GetPendingDosesList() in CommonController----
2021-09-27 15:13:17,633 [53] DEBUG LTCPro.ServiceLayer.Log4net - ---Executed Successfully GetDueMARAlertData() in EmarController----
2021-09-27 15:13:17,634 [56] DEBUG LTCPro.ServiceLayer.Log4net - ---Executing GetReadMailsCount() in MailboxController----
2021-09-27 15:13:17,634 [56] DEBUG LTCPro.ServiceLayer.Log4net - ---Executing GetReadMailsCount() in MailboxService----
2021-09-27 15:13:17,646 [57] DEBUG LTCPro.ServiceLayer.Log4net - ---Executing InsertUserActivityDetails() in CompanyController----
2021-09-27 15:13:17,646 [57] DEBUG LTCPro.ServiceLayer.Log4net - ---Executing InsertUserActivityDetails() in UserActivityService----
2021-09-27 15:13:17,654 [54] DEBUG LTCPro.ServiceLayer.Log4net - ---Executing GetUserPassedDueFlag() in UserController----
2021-09-27 15:13:17,655 [54] DEBUG LTCPro.ServiceLayer.Log4net - ---Executing GetUserPassedDueFlag() in UserService----
2021-09-27 15:13:17,679 [54] DEBUG LTCPro.ServiceLayer.Log4net - ---Executed Successfully GetUserPassedDueFlag() in UserController----
2021-09-27 15:13:17,680 [56] DEBUG LTCPro.ServiceLayer.Log4net - ---Executed successfully GetReadMailsCount() in MailboxController----
2021-09-27 15:13:17,696 [57] DEBUG LTCPro.ServiceLayer.Log4net - ---Executed Successfully InsertUserActivityDetails() in CompanyController----
2021-09-27 15:13:17,715 [54] DEBUG LTCPro.ServiceLayer.Log4net - ---Executing GetUserToken() in UserService----
2021-09-27 15:13:17,724 [54] DEBUG LTCPro.ServiceLayer.Log4net - ---Executing GetUserAccessFacilityNurseStaions() in FacilityController----
2021-09-27 15:13:17,724 [54] DEBUG LTCPro.ServiceLayer.Log4net - ---Executing GetUserAccessFacilityNurseStaions() in FacilityService----
2021-09-27 15:13:17,763 [54] DEBUG LTCPro.ServiceLayer.Log4net - ---Executed Successfully GetUserAccessFacilityNurseStaions() in FacilityController----
2021-09-27 15:13:17,792 [49] DEBUG LTCPro.ServiceLayer.Log4net - ---Executing GetUserToken() in UserService----
2021-09-27 15:13:17,801 [49] DEBUG LTCPro.ServiceLayer.Log4net - ---Executing GetUserActiveCompanyMasterList() in CompanyController----
2021-09-27 15:13:17,801 [49] DEBUG LTCPro.ServiceLayer.Log4net - ---Executing GetActiveCompanyMasterList() in CompanyService----
2021-09-27 15:13:18,160 [49] DEBUG LTCPro.ServiceLayer.Log4net - ---Executed Successfully GetUserActiveCompanyMasterList() in CompanyController----
2021-09-27 15:13:24,555 [49] DEBUG LTCPro.ServiceLayer.Log4net - ---Executing GetUserToken() in UserService----
2021-09-27 15:13:24,561 [49] DEBUG LTCPro.ServiceLayer.Log4net - ---Executing GetUserRecentFacNs() in UserController----
2021-09-27 15:13:24,561 [49] DEBUG LTCPro.ServiceLayer.Log4net - ---Executing GetUserRecentFacNs() in UserService----
2021-09-27 15:13:24,580 [49] DEBUG LTCPro.ServiceLayer.Log4net - ---Executed Successfully GetUserRecentFacNs() in UserController----
2021-09-27 15:13:24,607 [51] DEBUG LTCPro.ServiceLayer.Log4net - ---Executing GetUserToken() in UserService----
2021-09-27 15:13:24,613 [51] DEBUG LTCPro.ServiceLayer.Log4net - ---Executing GetUserAccessFacilityNurseStaions() in FacilityController----
2021-09-27 15:13:24,613 [51] DEBUG LTCPro.ServiceLayer.Log4net - ---Executing GetUserAccessFacilityNurseStaions() in FacilityService----
2021-09-27 15:13:24,626 [51] DEBUG LTCPro.ServiceLayer.Log4net - ---Executed Successfully GetUserAccessFacilityNurseStaions() in FacilityController----
2021-09-27 15:13:24,693 [49] DEBUG LTCPro.ServiceLayer.Log4net - ---Executing GetUserToken() in UserService----
2021-09-27 15:13:24,699 [49] DEBUG LTCPro.ServiceLayer.Log4net - ---Executing UserNurseStationDrop() in FacilityController----
2021-09-27 15:13:24,699 [49] DEBUG LTCPro.ServiceLayer.Log4net - ---Executing UserNurseStationDrop() in FacilityService----
2021-09-27 15:13:24,705 [49] DEBUG LTCPro.ServiceLayer.Log4net - ---Executed Successfully UserNurseStationDrop() in FacilityController----
2021-09-27 15:13:24,878 [54] DEBUG LTCPro.ServiceLayer.Log4net - ---Executing GetUserToken() in UserService----
2021-09-27 15:13:24,884 [54] DEBUG LTCPro.ServiceLayer.Log4net - ---Executing GetResidentnamesmarReport() in ReportsController----
2021-09-27 15:13:24,884 [54] DEBUG LTCPro.ServiceLayer.Log4net - ---Executing GetResidentnamesmarReport() in ReportService----
2021-09-27 15:13:25,183 [49] DEBUG LTCPro.ServiceLayer.Log4net - ---Executing GetUserToken() in UserService----
2021-09-27 15:13:25,189 [49] DEBUG LTCPro.ServiceLayer.Log4net - ---Executing GetEmarResidentdetailsReport() in ReportsController----
2021-09-27 15:13:25,189 [49] DEBUG LTCPro.ServiceLayer.Log4net - ---Executing GetEmarResidentdetailsReport() in ReportsService----
2021-09-27 15:13:39,122 [53] DEBUG LTCPro.ServiceLayer.Log4net - ---Executing GetUserToken() in UserService----
2021-09-27 15:13:39,128 [53] DEBUG LTCPro.ServiceLayer.Log4net - ---Executing UserNurseStationDrop() in FacilityController----
2021-09-27 15:13:39,128 [53] DEBUG LTCPro.ServiceLayer.Log4net - ---Executing UserNurseStationDrop() in FacilityService----
2021-09-27 15:13:39,134 [53] DEBUG LTCPro.ServiceLayer.Log4net - ---Executed Successfully UserNurseStationDrop() in FacilityController----
2021-09-27 15:13:39,254 [49] DEBUG LTCPro.ServiceLayer.Log4net - ---Executing GetUserToken() in UserService----
2021-09-27 15:13:39,259 [49] DEBUG LTCPro.ServiceLayer.Log4net - ---Executing GetResidentnamesmarReport() in ReportsController----
2021-09-27 15:13:39,259 [49] DEBUG LTCPro.ServiceLayer.Log4net - ---Executing GetResidentnamesmarReport() in ReportService----
2021-09-27 15:13:39,472 [57] DEBUG LTCPro.ServiceLayer.Log4net - ---Executing GetUserToken() in UserService----
2021-09-27 15:13:39,478 [57] DEBUG LTCPro.ServiceLayer.Log4net - ---Executing GetEmarResidentdetailsReport() in ReportsController----
2021-09-27 15:13:39,478 [57] DEBUG LTCPro.ServiceLayer.Log4net - ---Executing GetEmarResidentdetailsReport() in ReportsService----
2021-09-27 15:13:52,010 [49] DEBUG LTCPro.ServiceLayer.Log4net - ---Executing GetUserToken() in UserService----
2021-09-27 15:13:52,022 [49] DEBUG LTCPro.ServiceLayer.Log4net - ---Executing GetEmarResidentdetailsReport() in ReportsController----
2021-09-27 15:13:52,022 [49] DEBUG LTCPro.ServiceLayer.Log4net - ---Executing GetEmarResidentdetailsReport() in ReportsService----
2021-09-27 15:14:48,624 [53] DEBUG LTCPro.ServiceLayer.Log4net - ---Executing GetUserToken() in UserService----
2021-09-27 15:14:48,633 [53] DEBUG LTCPro.ServiceLayer.Log4net - ---Executing GetEmarResidentdetailsReport() in ReportsController----
2021-09-27 15:14:48,633 [53] DEBUG LTCPro.ServiceLayer.Log4net - ---Executing GetEmarResidentdetailsReport() in ReportsService----
2021-09-27 15:16:59,492 [8] DEBUG LTCPro.ServiceLayer.Log4net - ---Executing GetUserToken() in UserService----
2021-09-27 15:17:38,045 [8] DEBUG LTCPro.ServiceLayer.Log4net - ---Executing UsersConfigNurseStationDrop() in FacilityController----
2021-09-27 15:17:38,139 [8] DEBUG LTCPro.ServiceLayer.Log4net - ---Executing UsersConfigNurseStationDrop() in FacilityService----
2021-09-27 15:17:38,922 [8] DEBUG LTCPro.ServiceLayer.Log4net - ---Executed Successfully UsersConfigNurseStationDrop() in FacilityController----
2021-09-27 15:17:39,273 [8] DEBUG LTCPro.ServiceLayer.Log4net - ---Executing GetProcessKeyMasterList() in FacilityController----
2021-09-27 15:17:39,274 [8] DEBUG LTCPro.ServiceLayer.Log4net - ---Executing GetProcessKeyMasterList() in FacilityService----
2021-09-27 15:17:39,548 [8] DEBUG LTCPro.ServiceLayer.Log4net - ---Executed Successfully GetProcessKeyMasterList() in FacilityController----
2021-09-27 15:17:42,223 [5] DEBUG LTCPro.ServiceLayer.Log4net - ---Executing CheckUser() in UserService----
2021-09-27 15:17:45,304 [5] DEBUG LTCPro.ServiceLayer.Log4net - ---Executing FindUser() in UserService----
2021-09-27 15:17:45,718 [5] DEBUG LTCPro.ServiceLayer.Log4net - ---Executing InsertUserSession() in UserService----
2021-09-27 15:17:46,493 [5] DEBUG LTCPro.ServiceLayer.Log4net - ---Executing InsertUserToken() in UserService----
2021-09-27 15:17:47,465 [8] DEBUG LTCPro.ServiceLayer.Log4net - ---Executing GetScreenPermissionsForLoggedInUser() in RoleController----
2021-09-27 15:17:47,498 [8] DEBUG LTCPro.ServiceLayer.Log4net - ---Executing GetScreenPermissionsForLoggedInUser() in RoleService----
2021-09-27 15:17:47,522 [7] DEBUG LTCPro.ServiceLayer.Log4net - ---Executing InsertUpdateUserRecentFacNs() in UserController----
2021-09-27 15:17:47,548 [7] DEBUG LTCPro.ServiceLayer.Log4net - ---Executing GetUserRecentFacNs() in UserService----
2021-09-27 15:17:47,738 [8] DEBUG LTCPro.ServiceLayer.Log4net - ---Executed Successfully GetScreenPermissionsForLoggedInUser() in RoleController----
2021-09-27 15:17:47,877 [11] DEBUG LTCPro.ServiceLayer.Log4net - ---Executing GetUserToken() in UserService----
2021-09-27 15:17:47,889 [5] DEBUG LTCPro.ServiceLayer.Log4net - ---Executing GetUserToken() in UserService----
2021-09-27 15:17:47,926 [8] DEBUG LTCPro.ServiceLayer.Log4net - ---Executing GetUserToken() in UserService----
2021-09-27 15:17:48,218 [11] DEBUG LTCPro.ServiceLayer.Log4net - ---Executing InsertUserActivityDetails() in CompanyController----
2021-09-27 15:17:48,218 [11] DEBUG LTCPro.ServiceLayer.Log4net - ---Executing InsertUserActivityDetails() in UserActivityService----
2021-09-27 15:17:48,310 [5] DEBUG LTCPro.ServiceLayer.Log4net - ---Executing GetUserPassedDueFlag() in UserController----
2021-09-27 15:17:48,310 [5] DEBUG LTCPro.ServiceLayer.Log4net - ---Executing GetUserPassedDueFlag() in UserService----
2021-09-27 15:17:48,393 [6] DEBUG LTCPro.ServiceLayer.Log4net - ---Executing GetUserToken() in UserService----
2021-09-27 15:17:48,501 [8] DEBUG LTCPro.ServiceLayer.Log4net - ---Executing GetAlertsDetails() in MailboxController----
2021-09-27 15:17:48,530 [8] DEBUG LTCPro.ServiceLayer.Log4net - ---Executing GetAlertsDetails() in MailboxService----
2021-09-27 15:17:48,707 [5] DEBUG LTCPro.ServiceLayer.Log4net - ---Executed Successfully GetUserPassedDueFlag() in UserController----
2021-09-27 15:17:48,731 [5] DEBUG LTCPro.ServiceLayer.Log4net - ---Executing GetUserToken() in UserService----
2021-09-27 15:17:48,914 [6] DEBUG LTCPro.ServiceLayer.Log4net - ---Executing GetOutboundErrorDetails() in CommonController----
2021-09-27 15:17:48,915 [6] DEBUG LTCPro.ServiceLayer.Log4net - ---Executing GetOutboundErrorDetails() in CommonService----
2021-09-27 15:17:49,121 [5] DEBUG LTCPro.ServiceLayer.Log4net - ---Executing GetReadMailsCount() in MailboxController----
2021-09-27 15:17:49,121 [5] DEBUG LTCPro.ServiceLayer.Log4net - ---Executing GetReadMailsCount() in MailboxService----
2021-09-27 15:17:49,479 [12] DEBUG LTCPro.ServiceLayer.Log4net - ---Executing GetUserToken() in UserService----
2021-09-27 15:17:49,987 [8] DEBUG LTCPro.ServiceLayer.Log4net - ---Executed successfully GetAlertsDetails() in MailboxController----
2021-09-27 15:17:50,006 [8] DEBUG LTCPro.ServiceLayer.Log4net - ---Executing GetUserToken() in UserService----
2021-09-27 15:17:50,232 [7] DEBUG LTCPro.ServiceLayer.Log4net - ---Executing InsertUpdateUserRecentFacNs() in CommonService----
2021-09-27 15:17:50,439 [8] DEBUG LTCPro.ServiceLayer.Log4net - ---Executing GetPendingDosesList() in CommonController----
2021-09-27 15:17:50,441 [8] DEBUG LTCPro.ServiceLayer.Log4net - ---Executing GetPendingDosesList() in CommonService----
2021-09-27 15:17:51,178 [8] DEBUG LTCPro.ServiceLayer.Log4net - ---Executed Successfully GetPendingDosesList() in CommonController----
2021-09-27 15:17:51,199 [8] DEBUG LTCPro.ServiceLayer.Log4net - ---Executing GetUserToken() in UserService----
2021-09-27 15:17:51,348 [5] DEBUG LTCPro.ServiceLayer.Log4net - ---Executed successfully GetReadMailsCount() in MailboxController----
2021-09-27 15:17:51,380 [13] DEBUG LTCPro.ServiceLayer.Log4net - ---Executing GetUserToken() in UserService----
2021-09-27 15:17:51,558 [8] DEBUG LTCPro.ServiceLayer.Log4net - ---Executing GetUserRecentFacNs() in UserController----
2021-09-27 15:17:51,558 [8] DEBUG LTCPro.ServiceLayer.Log4net - ---Executing GetUserRecentFacNs() in UserService----
2021-09-27 15:17:51,758 [11] DEBUG LTCPro.ServiceLayer.Log4net - ---Executed Successfully InsertUserActivityDetails() in CompanyController----
2021-09-27 15:17:51,799 [12] DEBUG LTCPro.ServiceLayer.Log4net - ---Executing GetDueMARAlertData() in EmarController----
2021-09-27 15:17:51,810 [12] DEBUG LTCPro.ServiceLayer.Log4net - ---Executing GetDueMARAlertData() in EmarService----
2021-09-27 15:17:51,966 [13] DEBUG LTCPro.ServiceLayer.Log4net - ---Executing GetUserActiveCompanyMasterList() in CompanyController----
2021-09-27 15:17:51,967 [13] DEBUG LTCPro.ServiceLayer.Log4net - ---Executing GetActiveCompanyMasterList() in CompanyService----
2021-09-27 15:17:52,184 [8] DEBUG LTCPro.ServiceLayer.Log4net - ---Executed Successfully GetUserRecentFacNs() in UserController----
2021-09-27 15:17:52,216 [8] DEBUG LTCPro.ServiceLayer.Log4net - ---Executing GetUserToken() in UserService----
2021-09-27 15:17:52,321 [12] DEBUG LTCPro.ServiceLayer.Log4net - ---Executed Successfully GetDueMARAlertData() in EmarController----
2021-09-27 15:17:52,567 [8] DEBUG LTCPro.ServiceLayer.Log4net - ---Executing GetUserAccessFacilityNurseStaions() in FacilityController----
2021-09-27 15:17:52,584 [8] DEBUG LTCPro.ServiceLayer.Log4net - ---Executing GetUserAccessFacilityNurseStaions() in FacilityService----
2021-09-27 15:17:53,029 [8] DEBUG LTCPro.ServiceLayer.Log4net - ---Executed Successfully GetUserAccessFacilityNurseStaions() in FacilityController----
2021-09-27 15:17:53,158 [7] DEBUG LTCPro.ServiceLayer.Log4net - ---Executed Successfully InsertUpdateUserRecentFacNs() in UserController----
2021-09-27 15:17:53,279 [13] DEBUG LTCPro.ServiceLayer.Log4net - ---Executed Successfully GetUserActiveCompanyMasterList() in CompanyController----
2021-09-27 15:17:57,516 [6] DEBUG LTCPro.ServiceLayer.Log4net - ---Executed Successfully GetOutboundErrorDetails() in CommonController----
2021-09-27 15:18:00,844 [5] DEBUG LTCPro.ServiceLayer.Log4net - ---Executing GetUserToken() in UserService----
2021-09-27 15:18:01,051 [5] DEBUG LTCPro.ServiceLayer.Log4net - ---Executing GetUserRecentFacNs() in UserController----
2021-09-27 15:18:01,052 [5] DEBUG LTCPro.ServiceLayer.Log4net - ---Executing GetUserRecentFacNs() in UserService----
2021-09-27 15:18:01,463 [5] DEBUG LTCPro.ServiceLayer.Log4net - ---Executed Successfully GetUserRecentFacNs() in UserController----
2021-09-27 15:18:01,486 [6] DEBUG LTCPro.ServiceLayer.Log4net - ---Executing GetUserToken() in UserService----
2021-09-27 15:18:01,693 [6] DEBUG LTCPro.ServiceLayer.Log4net - ---Executing GetUserAccessFacilityNurseStaions() in FacilityController----
2021-09-27 15:18:01,693 [6] DEBUG LTCPro.ServiceLayer.Log4net - ---Executing GetUserAccessFacilityNurseStaions() in FacilityService----
2021-09-27 15:18:02,110 [6] DEBUG LTCPro.ServiceLayer.Log4net - ---Executed Successfully GetUserAccessFacilityNurseStaions() in FacilityController----
2021-09-27 15:18:02,147 [5] DEBUG LTCPro.ServiceLayer.Log4net - ---Executing GetUserToken() in UserService----
2021-09-27 15:18:02,357 [5] DEBUG LTCPro.ServiceLayer.Log4net - ---Executing UserNurseStationDrop() in FacilityController----
2021-09-27 15:18:02,358 [5] DEBUG LTCPro.ServiceLayer.Log4net - ---Executing UserNurseStationDrop() in FacilityService----
2021-09-27 15:18:02,587 [5] DEBUG LTCPro.ServiceLayer.Log4net - ---Executed Successfully UserNurseStationDrop() in FacilityController----
2021-09-27 15:18:02,636 [6] DEBUG LTCPro.ServiceLayer.Log4net - ---Executing GetUserToken() in UserService----
2021-09-27 15:18:02,888 [6] DEBUG LTCPro.ServiceLayer.Log4net - ---Executing GetResidentnamesmarReport() in ReportsController----
2021-09-27 15:18:02,957 [6] DEBUG LTCPro.ServiceLayer.Log4net - ---Executing GetResidentnamesmarReport() in ReportService----
2021-09-27 15:18:03,615 [5] DEBUG LTCPro.ServiceLayer.Log4net - ---Executing GetUserToken() in UserService----
2021-09-27 15:18:03,867 [5] DEBUG LTCPro.ServiceLayer.Log4net - ---Executing GetEmarResidentdetailsReport() in ReportsController----
2021-09-27 15:18:03,868 [5] DEBUG LTCPro.ServiceLayer.Log4net - ---Executing GetEmarResidentdetailsReport() in ReportsService----
2021-09-27 15:18:22,122 [6] DEBUG LTCPro.ServiceLayer.Log4net - ---Executing GetUserToken() in UserService----
2021-09-27 15:18:22,330 [6] DEBUG LTCPro.ServiceLayer.Log4net - ---Executing GetEmarResidentdetailsReport() in ReportsController----
2021-09-27 15:18:22,330 [6] DEBUG LTCPro.ServiceLayer.Log4net - ---Executing GetEmarResidentdetailsReport() in ReportsService----
2021-09-27 15:18:57,991 [5] DEBUG LTCPro.ServiceLayer.Log4net - ---Executing GetUserToken() in UserService----
2021-09-27 15:19:19,811 [5] ERROR LTCPro.ServiceLayer.Log4net - ===================================
2021-09-27 15:19:19,817 [5] ERROR LTCPro.ServiceLayer.Log4net -  Source : = System
2021-09-27 15:19:19,846 [5] ERROR LTCPro.ServiceLayer.Log4net -  Stack Trace : =    at System.Net.Mail.SmtpClient.Send(MailMessage message)
   at LTCPro.WebApi.Controllers.AngularLogController.LogError(String errorMessage) in D:\old system Data 04042021\Emar Service Latest 1\WebApi\Controllers\AngularLogController.cs:line 45
   at lambda_method(Closure , Object , Object[] )
   at System.Web.Http.Controllers.ReflectedHttpActionDescriptor.ActionExecutor.<>c__DisplayClass6_1.<GetExecutor>b__3(Object instance, Object[] methodParameters)
   at System.Web.Http.Controllers.ReflectedHttpActionDescriptor.ActionExecutor.Execute(Object instance, Object[] arguments)
   at System.Web.Http.Controllers.ReflectedHttpActionDescriptor.ExecuteAsync(HttpControllerContext controllerContext, IDictionary`2 arguments, CancellationToken cancellationToken)
--- End of stack trace from previous location where exception was thrown ---
   at System.Runtime.CompilerServices.TaskAwaiter.ThrowForNonSuccess(Task task)
   at System.Runtime.CompilerServices.TaskAwaiter.HandleNonSuccessAndDebuggerNotification(Task task)
   at System.Web.Http.Controllers.ApiControllerActionInvoker.<InvokeActionAsyncCore>d__1.MoveNext()
--- End of stack trace from previous location where exception was thrown ---
   at System.Runtime.CompilerServices.TaskAwaiter.ThrowForNonSuccess(Task task)
   at System.Runtime.CompilerServices.TaskAwaiter.HandleNonSuccessAndDebuggerNotification(Task task)
   at System.Web.Http.Controllers.ActionFilterResult.<ExecuteAsync>d__5.MoveNext()
--- End of stack trace from previous location where exception was thrown ---
   at System.Runtime.CompilerServices.TaskAwaiter.ThrowForNonSuccess(Task task)
   at System.Runtime.CompilerServices.TaskAwaiter.HandleNonSuccessAndDebuggerNotification(Task task)
   at System.Web.Http.Filters.AuthorizationFilterAttribute.<ExecuteAuthorizationFilterAsyncCore>d__3.MoveNext()
--- End of stack trace from previous location where exception was thrown ---
   at System.Runtime.CompilerServices.TaskAwaiter.ThrowForNonSuccess(Task task)
   at System.Runtime.CompilerServices.TaskAwaiter.HandleNonSuccessAndDebuggerNotification(Task task)
   at System.Web.Http.Controllers.ExceptionFilterResult.<ExecuteAsync>d__6.MoveNext()
2021-09-27 15:19:19,846 [5] ERROR LTCPro.ServiceLayer.Log4net -  Exception Message : = Failure sending mail.
2021-09-27 15:19:19,846 [5] ERROR LTCPro.ServiceLayer.Log4net - ============= Inner Exception  Stack Trace  ===========
2021-09-27 15:19:19,851 [5] ERROR LTCPro.ServiceLayer.Log4net -  Inner Exception  Stack Trace : =    at System.Net.ServicePoint.GetConnection(PooledStream PooledStream, Object owner, Boolean async, IPAddress& address, Socket& abortSocket, Socket& abortSocket6)
   at System.Net.PooledStream.Activate(Object owningObject, Boolean async, GeneralAsyncDelegate asyncCallback)
   at System.Net.PooledStream.Activate(Object owningObject, GeneralAsyncDelegate asyncCallback)
   at System.Net.ConnectionPool.GetConnection(Object owningObject, GeneralAsyncDelegate asyncCallback, Int32 creationTimeout)
   at System.Net.Mail.SmtpConnection.GetConnection(ServicePoint servicePoint)
   at System.Net.Mail.SmtpTransport.GetConnection(ServicePoint servicePoint)
   at System.Net.Mail.SmtpClient.GetConnection()
   at System.Net.Mail.SmtpClient.Send(MailMessage message)
2021-09-27 15:19:19,851 [5] ERROR LTCPro.ServiceLayer.Log4net - ============= Inner Exception  Stack Trace End  ===========
2021-09-27 15:19:19,851 [5] ERROR LTCPro.ServiceLayer.Log4net - ============= Inner Exception  Message  ===========
2021-09-27 15:19:19,851 [5] ERROR LTCPro.ServiceLayer.Log4net -  Inner Exception Message : = Unable to connect to the remote server
2021-09-27 15:19:19,851 [5] ERROR LTCPro.ServiceLayer.Log4net - ============= Inner Exception  Message End  ===========
2021-09-27 15:36:05,189 [33] DEBUG LTCPro.ServiceLayer.Log4net - ---Executing UsersConfigNurseStationDrop() in FacilityController----
2021-09-27 15:36:05,189 [33] DEBUG LTCPro.ServiceLayer.Log4net - ---Executing UsersConfigNurseStationDrop() in FacilityService----
2021-09-27 15:36:07,599 [33] DEBUG LTCPro.ServiceLayer.Log4net - ---Executed Successfully UsersConfigNurseStationDrop() in FacilityController----
2021-09-27 15:36:07,762 [30] DEBUG LTCPro.ServiceLayer.Log4net - ---Executing GetProcessKeyMasterList() in FacilityController----
2021-09-27 15:36:07,762 [30] DEBUG LTCPro.ServiceLayer.Log4net - ---Executing GetProcessKeyMasterList() in FacilityService----
2021-09-27 15:36:07,971 [30] DEBUG LTCPro.ServiceLayer.Log4net - ---Executed Successfully GetProcessKeyMasterList() in FacilityController----
2021-09-27 15:36:10,569 [30] DEBUG LTCPro.ServiceLayer.Log4net - ---Executing CheckUser() in UserService----
2021-09-27 15:36:13,075 [30] DEBUG LTCPro.ServiceLayer.Log4net - ---Executing FindUser() in UserService----
2021-09-27 15:36:13,291 [30] DEBUG LTCPro.ServiceLayer.Log4net - ---Executing InsertUserSession() in UserService----
2021-09-27 15:36:13,927 [30] DEBUG LTCPro.ServiceLayer.Log4net - ---Executing InsertUserToken() in UserService----
2021-09-27 15:36:14,826 [29] DEBUG LTCPro.ServiceLayer.Log4net - ---Executing InsertUpdateUserRecentFacNs() in UserController----
2021-09-27 15:36:14,826 [29] DEBUG LTCPro.ServiceLayer.Log4net - ---Executing GetUserRecentFacNs() in UserService----
2021-09-27 15:36:14,871 [33] DEBUG LTCPro.ServiceLayer.Log4net - ---Executing GetScreenPermissionsForLoggedInUser() in RoleController----
2021-09-27 15:36:14,871 [33] DEBUG LTCPro.ServiceLayer.Log4net - ---Executing GetScreenPermissionsForLoggedInUser() in RoleService----
2021-09-27 15:36:15,240 [29] DEBUG LTCPro.ServiceLayer.Log4net - ---Executing InsertUpdateUserRecentFacNs() in CommonService----
2021-09-27 15:36:15,654 [29] DEBUG LTCPro.ServiceLayer.Log4net - ---Executed Successfully InsertUpdateUserRecentFacNs() in UserController----
2021-09-27 15:36:16,925 [33] DEBUG LTCPro.ServiceLayer.Log4net - ---Executed Successfully GetScreenPermissionsForLoggedInUser() in RoleController----
2021-09-27 15:36:17,026 [29] DEBUG LTCPro.ServiceLayer.Log4net - ---Executing GetUserToken() in UserService----
2021-09-27 15:36:17,051 [27] DEBUG LTCPro.ServiceLayer.Log4net - ---Executing GetUserToken() in UserService----
2021-09-27 15:36:17,053 [30] DEBUG LTCPro.ServiceLayer.Log4net - ---Executing GetUserToken() in UserService----
2021-09-27 15:36:17,062 [35] DEBUG LTCPro.ServiceLayer.Log4net - ---Executing GetUserToken() in UserService----
2021-09-27 15:36:17,068 [33] DEBUG LTCPro.ServiceLayer.Log4net - ---Executing GetUserToken() in UserService----
2021-09-27 15:36:17,080 [34] DEBUG LTCPro.ServiceLayer.Log4net - ---Executing GetUserToken() in UserService----
2021-09-27 15:36:17,232 [29] DEBUG LTCPro.ServiceLayer.Log4net - ---Executing GetAlertsDetails() in MailboxController----
2021-09-27 15:36:17,233 [29] DEBUG LTCPro.ServiceLayer.Log4net - ---Executing GetAlertsDetails() in MailboxService----
2021-09-27 15:36:17,257 [27] DEBUG LTCPro.ServiceLayer.Log4net - ---Executing GetReadMailsCount() in MailboxController----
2021-09-27 15:36:17,257 [27] DEBUG LTCPro.ServiceLayer.Log4net - ---Executing GetReadMailsCount() in MailboxService----
2021-09-27 15:36:17,439 [33] DEBUG LTCPro.ServiceLayer.Log4net - ---Executing GetDueMARAlertData() in EmarController----
2021-09-27 15:36:17,439 [33] DEBUG LTCPro.ServiceLayer.Log4net - ---Executing GetDueMARAlertData() in EmarService----
2021-09-27 15:36:17,495 [29] DEBUG LTCPro.ServiceLayer.Log4net - ---Executed successfully GetAlertsDetails() in MailboxController----
2021-09-27 15:36:17,534 [36] DEBUG LTCPro.ServiceLayer.Log4net - ---Executing GetUserToken() in UserService----
2021-09-27 15:36:17,645 [27] DEBUG LTCPro.ServiceLayer.Log4net - ---Executed successfully GetReadMailsCount() in MailboxController----
2021-09-27 15:36:17,666 [29] DEBUG LTCPro.ServiceLayer.Log4net - ---Executing GetUserToken() in UserService----
2021-09-27 15:36:17,845 [33] DEBUG LTCPro.ServiceLayer.Log4net - ---Executed Successfully GetDueMARAlertData() in EmarController----
2021-09-27 15:36:17,855 [35] DEBUG LTCPro.ServiceLayer.Log4net - ---Executing GetOutboundErrorDetails() in CommonController----
2021-09-27 15:36:17,855 [35] DEBUG LTCPro.ServiceLayer.Log4net - ---Executing GetOutboundErrorDetails() in CommonService----
2021-09-27 15:36:17,885 [33] DEBUG LTCPro.ServiceLayer.Log4net - ---Executing GetUserToken() in UserService----
2021-09-27 15:36:18,052 [29] DEBUG LTCPro.ServiceLayer.Log4net - ---Executing InsertUserActivityDetails() in CompanyController----
2021-09-27 15:36:18,052 [29] DEBUG LTCPro.ServiceLayer.Log4net - ---Executing InsertUserActivityDetails() in UserActivityService----
2021-09-27 15:36:18,062 [36] DEBUG LTCPro.ServiceLayer.Log4net - ---Executing GetUserRecentFacNs() in UserController----
2021-09-27 15:36:18,062 [36] DEBUG LTCPro.ServiceLayer.Log4net - ---Executing GetUserRecentFacNs() in UserService----
2021-09-27 15:36:18,259 [33] DEBUG LTCPro.ServiceLayer.Log4net - ---Executing GetUserActiveCompanyMasterList() in CompanyController----
2021-09-27 15:36:18,259 [33] DEBUG LTCPro.ServiceLayer.Log4net - ---Executing GetActiveCompanyMasterList() in CompanyService----
2021-09-27 15:36:18,680 [29] DEBUG LTCPro.ServiceLayer.Log4net - ---Executed Successfully InsertUserActivityDetails() in CompanyController----
2021-09-27 15:36:19,110 [30] DEBUG LTCPro.ServiceLayer.Log4net - ---Executing GetUserPassedDueFlag() in UserController----
2021-09-27 15:36:19,110 [30] DEBUG LTCPro.ServiceLayer.Log4net - ---Executing GetUserPassedDueFlag() in UserService----
2021-09-27 15:36:19,316 [36] DEBUG LTCPro.ServiceLayer.Log4net - ---Executed Successfully GetUserRecentFacNs() in UserController----
2021-09-27 15:36:19,337 [29] DEBUG LTCPro.ServiceLayer.Log4net - ---Executing GetUserToken() in UserService----
2021-09-27 15:36:19,508 [30] DEBUG LTCPro.ServiceLayer.Log4net - ---Executed Successfully GetUserPassedDueFlag() in UserController----
2021-09-27 15:36:19,718 [29] DEBUG LTCPro.ServiceLayer.Log4net - ---Executing GetUserAccessFacilityNurseStaions() in FacilityController----
2021-09-27 15:36:19,719 [29] DEBUG LTCPro.ServiceLayer.Log4net - ---Executing GetUserAccessFacilityNurseStaions() in FacilityService----
2021-09-27 15:36:19,945 [33] DEBUG LTCPro.ServiceLayer.Log4net - ---Executed Successfully GetUserActiveCompanyMasterList() in CompanyController----
2021-09-27 15:36:20,138 [29] DEBUG LTCPro.ServiceLayer.Log4net - ---Executed Successfully GetUserAccessFacilityNurseStaions() in FacilityController----
2021-09-27 15:36:20,968 [34] DEBUG LTCPro.ServiceLayer.Log4net - ---Executing GetPendingDosesList() in CommonController----
2021-09-27 15:36:20,968 [34] DEBUG LTCPro.ServiceLayer.Log4net - ---Executing GetPendingDosesList() in CommonService----
2021-09-27 15:36:21,386 [34] DEBUG LTCPro.ServiceLayer.Log4net - ---Executed Successfully GetPendingDosesList() in CommonController----
2021-09-27 15:36:34,779 [27] DEBUG LTCPro.ServiceLayer.Log4net - ---Executing GetUserToken() in UserService----
2021-09-27 15:36:34,986 [27] DEBUG LTCPro.ServiceLayer.Log4net - ---Executing GetUserRecentFacNs() in UserController----
2021-09-27 15:36:34,987 [27] DEBUG LTCPro.ServiceLayer.Log4net - ---Executing GetUserRecentFacNs() in UserService----
2021-09-27 15:36:35,374 [35] DEBUG LTCPro.ServiceLayer.Log4net - ---Executed Successfully GetOutboundErrorDetails() in CommonController----
2021-09-27 15:36:35,411 [27] DEBUG LTCPro.ServiceLayer.Log4net - ---Executed Successfully GetUserRecentFacNs() in UserController----
2021-09-27 15:36:35,480 [27] DEBUG LTCPro.ServiceLayer.Log4net - ---Executing GetUserToken() in UserService----
2021-09-27 15:36:35,686 [27] DEBUG LTCPro.ServiceLayer.Log4net - ---Executing GetUserAccessFacilityNurseStaions() in FacilityController----
2021-09-27 15:36:35,687 [27] DEBUG LTCPro.ServiceLayer.Log4net - ---Executing GetUserAccessFacilityNurseStaions() in FacilityService----
2021-09-27 15:36:36,105 [27] DEBUG LTCPro.ServiceLayer.Log4net - ---Executed Successfully GetUserAccessFacilityNurseStaions() in FacilityController----
2021-09-27 15:36:36,157 [27] DEBUG LTCPro.ServiceLayer.Log4net - ---Executing GetUserToken() in UserService----
2021-09-27 15:36:36,364 [27] DEBUG LTCPro.ServiceLayer.Log4net - ---Executing UserNurseStationDrop() in FacilityController----
2021-09-27 15:36:36,364 [27] DEBUG LTCPro.ServiceLayer.Log4net - ---Executing UserNurseStationDrop() in FacilityService----
2021-09-27 15:36:36,574 [27] DEBUG LTCPro.ServiceLayer.Log4net - ---Executed Successfully UserNurseStationDrop() in FacilityController----
2021-09-27 15:36:36,615 [27] DEBUG LTCPro.ServiceLayer.Log4net - ---Executing GetUserToken() in UserService----
2021-09-27 15:36:36,825 [27] DEBUG LTCPro.ServiceLayer.Log4net - ---Executing GetResidentnamesmarReport() in ReportsController----
2021-09-27 15:36:36,825 [27] DEBUG LTCPro.ServiceLayer.Log4net - ---Executing GetResidentnamesmarReport() in ReportService----
2021-09-27 15:36:37,211 [37] DEBUG LTCPro.ServiceLayer.Log4net - ---Executing GetUserToken() in UserService----
2021-09-27 15:36:37,420 [37] DEBUG LTCPro.ServiceLayer.Log4net - ---Executing GetEmarResidentdetailsReport() in ReportsController----
2021-09-27 15:36:37,420 [37] DEBUG LTCPro.ServiceLayer.Log4net - ---Executing GetEmarResidentdetailsReport() in ReportsService----
2021-09-27 15:36:49,308 [30] DEBUG LTCPro.ServiceLayer.Log4net - ---Executing GetUserToken() in UserService----
2021-09-27 15:36:49,517 [30] DEBUG LTCPro.ServiceLayer.Log4net - ---Executing GetEmarResidentdetailsReport() in ReportsController----
2021-09-27 15:36:49,517 [30] DEBUG LTCPro.ServiceLayer.Log4net - ---Executing GetEmarResidentdetailsReport() in ReportsService----
2021-09-27 15:36:57,684 [27] DEBUG LTCPro.ServiceLayer.Log4net - ---Executing GetUserToken() in UserService----
2021-09-27 15:37:19,085 [27] ERROR LTCPro.ServiceLayer.Log4net - ===================================
2021-09-27 15:37:19,085 [27] ERROR LTCPro.ServiceLayer.Log4net -  Source : = System
2021-09-27 15:37:19,085 [27] ERROR LTCPro.ServiceLayer.Log4net -  Stack Trace : =    at System.Net.Mail.SmtpClient.Send(MailMessage message)
   at LTCPro.WebApi.Controllers.AngularLogController.LogError(String errorMessage) in D:\old system Data 04042021\Emar Service Latest 1\WebApi\Controllers\AngularLogController.cs:line 45
   at lambda_method(Closure , Object , Object[] )
   at System.Web.Http.Controllers.ReflectedHttpActionDescriptor.ActionExecutor.<>c__DisplayClass6_1.<GetExecutor>b__3(Object instance, Object[] methodParameters)
   at System.Web.Http.Controllers.ReflectedHttpActionDescriptor.ActionExecutor.Execute(Object instance, Object[] arguments)
   at System.Web.Http.Controllers.ReflectedHttpActionDescriptor.ExecuteAsync(HttpControllerContext controllerContext, IDictionary`2 arguments, CancellationToken cancellationToken)
--- End of stack trace from previous location where exception was thrown ---
   at System.Runtime.CompilerServices.TaskAwaiter.ThrowForNonSuccess(Task task)
   at System.Runtime.CompilerServices.TaskAwaiter.HandleNonSuccessAndDebuggerNotification(Task task)
   at System.Web.Http.Controllers.ApiControllerActionInvoker.<InvokeActionAsyncCore>d__1.MoveNext()
--- End of stack trace from previous location where exception was thrown ---
   at System.Runtime.CompilerServices.TaskAwaiter.ThrowForNonSuccess(Task task)
   at System.Runtime.CompilerServices.TaskAwaiter.HandleNonSuccessAndDebuggerNotification(Task task)
   at System.Web.Http.Controllers.ActionFilterResult.<ExecuteAsync>d__5.MoveNext()
--- End of stack trace from previous location where exception was thrown ---
   at System.Runtime.CompilerServices.TaskAwaiter.ThrowForNonSuccess(Task task)
   at System.Runtime.CompilerServices.TaskAwaiter.HandleNonSuccessAndDebuggerNotification(Task task)
   at System.Web.Http.Filters.AuthorizationFilterAttribute.<ExecuteAuthorizationFilterAsyncCore>d__3.MoveNext()
--- End of stack trace from previous location where exception was thrown ---
   at System.Runtime.CompilerServices.TaskAwaiter.ThrowForNonSuccess(Task task)
   at System.Runtime.CompilerServices.TaskAwaiter.HandleNonSuccessAndDebuggerNotification(Task task)
   at System.Web.Http.Controllers.ExceptionFilterResult.<ExecuteAsync>d__6.MoveNext()
2021-09-27 15:37:19,085 [27] ERROR LTCPro.ServiceLayer.Log4net -  Exception Message : = Failure sending mail.
2021-09-27 15:37:19,085 [27] ERROR LTCPro.ServiceLayer.Log4net - ============= Inner Exception  Stack Trace  ===========
2021-09-27 15:37:19,085 [27] ERROR LTCPro.ServiceLayer.Log4net -  Inner Exception  Stack Trace : =    at System.Net.ServicePoint.GetConnection(PooledStream PooledStream, Object owner, Boolean async, IPAddress& address, Socket& abortSocket, Socket& abortSocket6)
   at System.Net.PooledStream.Activate(Object owningObject, Boolean async, GeneralAsyncDelegate asyncCallback)
   at System.Net.PooledStream.Activate(Object owningObject, GeneralAsyncDelegate asyncCallback)
   at System.Net.ConnectionPool.GetConnection(Object owningObject, GeneralAsyncDelegate asyncCallback, Int32 creationTimeout)
   at System.Net.Mail.SmtpConnection.GetConnection(ServicePoint servicePoint)
   at System.Net.Mail.SmtpTransport.GetConnection(ServicePoint servicePoint)
   at System.Net.Mail.SmtpClient.GetConnection()
   at System.Net.Mail.SmtpClient.Send(MailMessage message)
2021-09-27 15:37:19,085 [27] ERROR LTCPro.ServiceLayer.Log4net - ============= Inner Exception  Stack Trace End  ===========
2021-09-27 15:37:19,085 [27] ERROR LTCPro.ServiceLayer.Log4net - ============= Inner Exception  Message  ===========
2021-09-27 15:37:19,085 [27] ERROR LTCPro.ServiceLayer.Log4net -  Inner Exception Message : = Unable to connect to the remote server
2021-09-27 15:37:19,085 [27] ERROR LTCPro.ServiceLayer.Log4net - ============= Inner Exception  Message End  ===========
2021-09-27 15:39:36,344 [29] DEBUG LTCPro.ServiceLayer.Log4net - ---Executing UsersConfigNurseStationDrop() in FacilityController----
2021-09-27 15:39:36,344 [29] DEBUG LTCPro.ServiceLayer.Log4net - ---Executing UsersConfigNurseStationDrop() in FacilityService----
2021-09-27 15:39:38,612 [29] DEBUG LTCPro.ServiceLayer.Log4net - ---Executed Successfully UsersConfigNurseStationDrop() in FacilityController----
2021-09-27 15:39:38,732 [27] DEBUG LTCPro.ServiceLayer.Log4net - ---Executing GetProcessKeyMasterList() in FacilityController----
2021-09-27 15:39:38,732 [27] DEBUG LTCPro.ServiceLayer.Log4net - ---Executing GetProcessKeyMasterList() in FacilityService----
2021-09-27 15:39:38,940 [27] DEBUG LTCPro.ServiceLayer.Log4net - ---Executed Successfully GetProcessKeyMasterList() in FacilityController----
2021-09-27 15:39:48,196 [29] DEBUG LTCPro.ServiceLayer.Log4net - ---Executing CheckUser() in UserService----
2021-09-27 15:39:50,689 [29] DEBUG LTCPro.ServiceLayer.Log4net - ---Executing FindUser() in UserService----
2021-09-27 15:39:50,900 [29] DEBUG LTCPro.ServiceLayer.Log4net - ---Executing InsertUserSession() in UserService----
2021-09-27 15:39:51,527 [29] DEBUG LTCPro.ServiceLayer.Log4net - ---Executing InsertUserToken() in UserService----
2021-09-27 15:39:52,408 [27] DEBUG LTCPro.ServiceLayer.Log4net - ---Executing InsertUpdateUserRecentFacNs() in UserController----
2021-09-27 15:39:52,408 [27] DEBUG LTCPro.ServiceLayer.Log4net - ---Executing GetUserRecentFacNs() in UserService----
2021-09-27 15:39:52,452 [35] DEBUG LTCPro.ServiceLayer.Log4net - ---Executing GetScreenPermissionsForLoggedInUser() in RoleController----
2021-09-27 15:39:52,452 [35] DEBUG LTCPro.ServiceLayer.Log4net - ---Executing GetScreenPermissionsForLoggedInUser() in RoleService----
2021-09-27 15:39:52,821 [27] DEBUG LTCPro.ServiceLayer.Log4net - ---Executing InsertUpdateUserRecentFacNs() in CommonService----
2021-09-27 15:39:53,237 [27] DEBUG LTCPro.ServiceLayer.Log4net - ---Executed Successfully InsertUpdateUserRecentFacNs() in UserController----
2021-09-27 15:39:54,507 [35] DEBUG LTCPro.ServiceLayer.Log4net - ---Executed Successfully GetScreenPermissionsForLoggedInUser() in RoleController----
2021-09-27 15:40:16,586 [37] DEBUG LTCPro.ServiceLayer.Log4net - ---Executing GetUserToken() in UserService----
2021-09-27 15:40:16,586 [35] DEBUG LTCPro.ServiceLayer.Log4net - ---Executing GetUserToken() in UserService----
2021-09-27 15:40:16,596 [31] DEBUG LTCPro.ServiceLayer.Log4net - ---Executing GetUserToken() in UserService----
2021-09-27 15:40:16,596 [32] DEBUG LTCPro.ServiceLayer.Log4net - ---Executing GetUserToken() in UserService----
2021-09-27 15:40:16,611 [34] DEBUG LTCPro.ServiceLayer.Log4net - ---Executing GetUserToken() in UserService----
2021-09-27 15:40:16,615 [28] DEBUG LTCPro.ServiceLayer.Log4net - ---Executing GetUserToken() in UserService----
2021-09-27 15:40:16,800 [35] DEBUG LTCPro.ServiceLayer.Log4net - ---Executing GetOutboundErrorDetails() in CommonController----
2021-09-27 15:40:16,800 [35] DEBUG LTCPro.ServiceLayer.Log4net - ---Executing GetOutboundErrorDetails() in CommonService----
2021-09-27 15:40:16,800 [37] DEBUG LTCPro.ServiceLayer.Log4net - ---Executing GetAlertsDetails() in MailboxController----
2021-09-27 15:40:16,800 [37] DEBUG LTCPro.ServiceLayer.Log4net - ---Executing GetAlertsDetails() in MailboxService----
2021-09-27 15:40:17,041 [34] DEBUG LTCPro.ServiceLayer.Log4net - ---Executing GetPendingDosesList() in CommonController----
2021-09-27 15:40:17,041 [34] DEBUG LTCPro.ServiceLayer.Log4net - ---Executing GetPendingDosesList() in CommonService----
2021-09-27 15:40:17,042 [28] DEBUG LTCPro.ServiceLayer.Log4net - ---Executing GetDueMARAlertData() in EmarController----
2021-09-27 15:40:17,042 [28] DEBUG LTCPro.ServiceLayer.Log4net - ---Executing GetDueMARAlertData() in EmarService----
2021-09-27 15:40:17,293 [37] DEBUG LTCPro.ServiceLayer.Log4net - ---Executed successfully GetAlertsDetails() in MailboxController----
2021-09-27 15:40:17,311 [29] DEBUG LTCPro.ServiceLayer.Log4net - ---Executing GetUserToken() in UserService----
2021-09-27 15:40:17,823 [34] DEBUG LTCPro.ServiceLayer.Log4net - ---Executed Successfully GetPendingDosesList() in CommonController----
2021-09-27 15:40:17,854 [27] DEBUG LTCPro.ServiceLayer.Log4net - ---Executing GetUserToken() in UserService----
2021-09-27 15:40:18,034 [29] DEBUG LTCPro.ServiceLayer.Log4net - ---Executing GetUserRecentFacNs() in UserController----
2021-09-27 15:40:18,034 [29] DEBUG LTCPro.ServiceLayer.Log4net - ---Executing GetUserRecentFacNs() in UserService----
2021-09-27 15:40:18,242 [27] DEBUG LTCPro.ServiceLayer.Log4net - ---Executing GetUserActiveCompanyMasterList() in CompanyController----
2021-09-27 15:40:18,242 [27] DEBUG LTCPro.ServiceLayer.Log4net - ---Executing GetActiveCompanyMasterList() in CompanyService----
2021-09-27 15:40:18,646 [31] DEBUG LTCPro.ServiceLayer.Log4net - ---Executing GetReadMailsCount() in MailboxController----
2021-09-27 15:40:18,646 [31] DEBUG LTCPro.ServiceLayer.Log4net - ---Executing GetReadMailsCount() in MailboxService----
2021-09-27 15:40:18,851 [29] DEBUG LTCPro.ServiceLayer.Log4net - ---Executed Successfully GetUserRecentFacNs() in UserController----
2021-09-27 15:40:18,865 [34] DEBUG LTCPro.ServiceLayer.Log4net - ---Executing GetUserToken() in UserService----
2021-09-27 15:40:18,871 [31] DEBUG LTCPro.ServiceLayer.Log4net - ---Executed successfully GetReadMailsCount() in MailboxController----
2021-09-27 15:40:18,891 [29] DEBUG LTCPro.ServiceLayer.Log4net - ---Executing GetUserToken() in UserService----
2021-09-27 15:40:19,094 [34] DEBUG LTCPro.ServiceLayer.Log4net - ---Executing InsertUserActivityDetails() in CompanyController----
2021-09-27 15:40:19,095 [34] DEBUG LTCPro.ServiceLayer.Log4net - ---Executing InsertUserActivityDetails() in UserActivityService----
2021-09-27 15:40:19,302 [29] DEBUG LTCPro.ServiceLayer.Log4net - ---Executing GetUserAccessFacilityNurseStaions() in FacilityController----
2021-09-27 15:40:19,302 [29] DEBUG LTCPro.ServiceLayer.Log4net - ---Executing GetUserAccessFacilityNurseStaions() in FacilityService----
2021-09-27 15:40:19,458 [28] DEBUG LTCPro.ServiceLayer.Log4net - ---Executed Successfully GetDueMARAlertData() in EmarController----
2021-09-27 15:40:19,736 [27] DEBUG LTCPro.ServiceLayer.Log4net - ---Executed Successfully GetUserActiveCompanyMasterList() in CompanyController----
2021-09-27 15:40:19,943 [29] DEBUG LTCPro.ServiceLayer.Log4net - ---Executed Successfully GetUserAccessFacilityNurseStaions() in FacilityController----
2021-09-27 15:40:20,284 [34] DEBUG LTCPro.ServiceLayer.Log4net - ---Executed Successfully InsertUserActivityDetails() in CompanyController----
2021-09-27 15:40:20,505 [32] DEBUG LTCPro.ServiceLayer.Log4net - ---Executing GetUserPassedDueFlag() in UserController----
2021-09-27 15:40:20,505 [32] DEBUG LTCPro.ServiceLayer.Log4net - ---Executing GetUserPassedDueFlag() in UserService----
2021-09-27 15:40:20,714 [32] DEBUG LTCPro.ServiceLayer.Log4net - ---Executed Successfully GetUserPassedDueFlag() in UserController----
2021-09-27 15:40:25,173 [35] DEBUG LTCPro.ServiceLayer.Log4net - ---Executed Successfully GetOutboundErrorDetails() in CommonController----
2021-09-27 15:40:37,096 [29] DEBUG LTCPro.ServiceLayer.Log4net - ---Executing GetUserToken() in UserService----
2021-09-27 15:40:37,306 [29] DEBUG LTCPro.ServiceLayer.Log4net - ---Executing GetUserRecentFacNs() in UserController----
2021-09-27 15:40:37,306 [29] DEBUG LTCPro.ServiceLayer.Log4net - ---Executing GetUserRecentFacNs() in UserService----
2021-09-27 15:40:37,721 [29] DEBUG LTCPro.ServiceLayer.Log4net - ---Executed Successfully GetUserRecentFacNs() in UserController----
2021-09-27 15:40:37,744 [34] DEBUG LTCPro.ServiceLayer.Log4net - ---Executing GetUserToken() in UserService----
2021-09-27 15:40:37,951 [34] DEBUG LTCPro.ServiceLayer.Log4net - ---Executing GetUserAccessFacilityNurseStaions() in FacilityController----
2021-09-27 15:40:37,951 [34] DEBUG LTCPro.ServiceLayer.Log4net - ---Executing GetUserAccessFacilityNurseStaions() in FacilityService----
2021-09-27 15:40:38,365 [34] DEBUG LTCPro.ServiceLayer.Log4net - ---Executed Successfully GetUserAccessFacilityNurseStaions() in FacilityController----
2021-09-27 15:40:38,399 [29] DEBUG LTCPro.ServiceLayer.Log4net - ---Executing GetUserToken() in UserService----
2021-09-27 15:40:38,608 [29] DEBUG LTCPro.ServiceLayer.Log4net - ---Executing UserNurseStationDrop() in FacilityController----
2021-09-27 15:40:38,608 [29] DEBUG LTCPro.ServiceLayer.Log4net - ---Executing UserNurseStationDrop() in FacilityService----
2021-09-27 15:40:38,817 [29] DEBUG LTCPro.ServiceLayer.Log4net - ---Executed Successfully UserNurseStationDrop() in FacilityController----
2021-09-27 15:40:38,861 [27] DEBUG LTCPro.ServiceLayer.Log4net - ---Executing GetUserToken() in UserService----
2021-09-27 15:40:39,068 [27] DEBUG LTCPro.ServiceLayer.Log4net - ---Executing GetResidentnamesmarReport() in ReportsController----
2021-09-27 15:40:39,068 [27] DEBUG LTCPro.ServiceLayer.Log4net - ---Executing GetResidentnamesmarReport() in ReportService----
2021-09-27 15:40:39,446 [27] DEBUG LTCPro.ServiceLayer.Log4net - ---Executing GetUserToken() in UserService----
2021-09-27 15:40:39,653 [27] DEBUG LTCPro.ServiceLayer.Log4net - ---Executing GetEmarResidentdetailsReport() in ReportsController----
2021-09-27 15:40:39,653 [27] DEBUG LTCPro.ServiceLayer.Log4net - ---Executing GetEmarResidentdetailsReport() in ReportsService----
2021-09-27 15:42:47,879 [20] DEBUG LTCPro.ServiceLayer.Log4net - ---Executing GetUserToken() in UserService----
2021-09-27 15:42:47,881 [21] DEBUG LTCPro.ServiceLayer.Log4net - ---Executing GetUserToken() in UserService----
2021-09-27 15:42:47,890 [19] DEBUG LTCPro.ServiceLayer.Log4net - ---Executing GetUserToken() in UserService----
2021-09-27 15:42:47,900 [22] DEBUG LTCPro.ServiceLayer.Log4net - ---Executing GetUserToken() in UserService----
2021-09-27 15:42:47,907 [27] DEBUG LTCPro.ServiceLayer.Log4net - ---Executing GetUserToken() in UserService----
2021-09-27 15:42:47,910 [17] DEBUG LTCPro.ServiceLayer.Log4net - ---Executing GetUserToken() in UserService----
2021-09-27 15:42:48,088 [20] DEBUG LTCPro.ServiceLayer.Log4net - ---Executing GetReadMailsCount() in MailboxController----
2021-09-27 15:42:48,088 [20] DEBUG LTCPro.ServiceLayer.Log4net - ---Executing GetReadMailsCount() in MailboxService----
2021-09-27 15:42:48,089 [21] DEBUG LTCPro.ServiceLayer.Log4net - ---Executing GetUserPassedDueFlag() in UserController----
2021-09-27 15:42:48,089 [21] DEBUG LTCPro.ServiceLayer.Log4net - ---Executing GetUserPassedDueFlag() in UserService----
2021-09-27 15:42:48,097 [19] DEBUG LTCPro.ServiceLayer.Log4net - ---Executing GetAlertsDetails() in MailboxController----
2021-09-27 15:42:48,097 [19] DEBUG LTCPro.ServiceLayer.Log4net - ---Executing GetAlertsDetails() in MailboxService----
2021-09-27 15:42:48,108 [22] DEBUG LTCPro.ServiceLayer.Log4net - ---Executing GetPendingDosesList() in CommonController----
2021-09-27 15:42:48,108 [22] DEBUG LTCPro.ServiceLayer.Log4net - ---Executing GetPendingDosesList() in CommonService----
2021-09-27 15:42:48,296 [17] DEBUG LTCPro.ServiceLayer.Log4net - ---Executing GetDueMARAlertData() in EmarController----
2021-09-27 15:42:48,296 [17] DEBUG LTCPro.ServiceLayer.Log4net - ---Executing GetDueMARAlertData() in EmarService----
2021-09-27 15:42:48,301 [20] DEBUG LTCPro.ServiceLayer.Log4net - ---Executed successfully GetReadMailsCount() in MailboxController----
2021-09-27 15:42:48,303 [21] DEBUG LTCPro.ServiceLayer.Log4net - ---Executed Successfully GetUserPassedDueFlag() in UserController----
2021-09-27 15:42:48,849 [17] DEBUG LTCPro.ServiceLayer.Log4net - ---Executed Successfully GetDueMARAlertData() in EmarController----
2021-09-27 15:42:48,853 [19] DEBUG LTCPro.ServiceLayer.Log4net - ---Executed successfully GetAlertsDetails() in MailboxController----
2021-09-27 15:42:48,876 [24] DEBUG LTCPro.ServiceLayer.Log4net - ---Executing GetUserToken() in UserService----
2021-09-27 15:42:48,894 [22] DEBUG LTCPro.ServiceLayer.Log4net - ---Executed Successfully GetPendingDosesList() in CommonController----
2021-09-27 15:42:49,089 [24] DEBUG LTCPro.ServiceLayer.Log4net - ---Executing GetUserRecentFacNs() in UserController----
2021-09-27 15:42:49,089 [24] DEBUG LTCPro.ServiceLayer.Log4net - ---Executing GetUserRecentFacNs() in UserService----
2021-09-27 15:42:49,505 [24] DEBUG LTCPro.ServiceLayer.Log4net - ---Executed Successfully GetUserRecentFacNs() in UserController----
2021-09-27 15:42:49,777 [28] DEBUG LTCPro.ServiceLayer.Log4net - ---Executing GetUserToken() in UserService----
2021-09-27 15:42:49,866 [22] DEBUG LTCPro.ServiceLayer.Log4net - ---Executing GetUserToken() in UserService----
2021-09-27 15:42:49,987 [28] DEBUG LTCPro.ServiceLayer.Log4net - ---Executing GetUserRecentFacNs() in UserController----
2021-09-27 15:42:49,988 [28] DEBUG LTCPro.ServiceLayer.Log4net - ---Executing GetUserRecentFacNs() in UserService----
2021-09-27 15:42:50,076 [22] DEBUG LTCPro.ServiceLayer.Log4net - ---Executing GetUserAccessFacilityNurseStaions() in FacilityController----
2021-09-27 15:42:50,076 [22] DEBUG LTCPro.ServiceLayer.Log4net - ---Executing GetUserAccessFacilityNurseStaions() in FacilityService----
2021-09-27 15:42:50,288 [27] DEBUG LTCPro.ServiceLayer.Log4net - ---Executing GetOutboundErrorDetails() in CommonController----
2021-09-27 15:42:50,288 [27] DEBUG LTCPro.ServiceLayer.Log4net - ---Executing GetOutboundErrorDetails() in CommonService----
2021-09-27 15:42:50,405 [28] DEBUG LTCPro.ServiceLayer.Log4net - ---Executed Successfully GetUserRecentFacNs() in UserController----
2021-09-27 15:42:50,498 [22] DEBUG LTCPro.ServiceLayer.Log4net - ---Executed Successfully GetUserAccessFacilityNurseStaions() in FacilityController----
2021-09-27 15:42:50,883 [19] DEBUG LTCPro.ServiceLayer.Log4net - ---Executing GetUserToken() in UserService----
2021-09-27 15:42:51,091 [19] DEBUG LTCPro.ServiceLayer.Log4net - ---Executing GetUserAccessFacilityNurseStaions() in FacilityController----
2021-09-27 15:42:51,091 [19] DEBUG LTCPro.ServiceLayer.Log4net - ---Executing GetUserAccessFacilityNurseStaions() in FacilityService----
2021-09-27 15:42:51,507 [19] DEBUG LTCPro.ServiceLayer.Log4net - ---Executed Successfully GetUserAccessFacilityNurseStaions() in FacilityController----
2021-09-27 15:42:51,537 [24] DEBUG LTCPro.ServiceLayer.Log4net - ---Executing GetUserToken() in UserService----
2021-09-27 15:42:51,745 [24] DEBUG LTCPro.ServiceLayer.Log4net - ---Executing UserNurseStationDrop() in FacilityController----
2021-09-27 15:42:51,745 [24] DEBUG LTCPro.ServiceLayer.Log4net - ---Executing UserNurseStationDrop() in FacilityService----
2021-09-27 15:42:51,958 [24] DEBUG LTCPro.ServiceLayer.Log4net - ---Executed Successfully UserNurseStationDrop() in FacilityController----
2021-09-27 15:42:52,024 [24] DEBUG LTCPro.ServiceLayer.Log4net - ---Executing GetUserToken() in UserService----
2021-09-27 15:42:52,231 [24] DEBUG LTCPro.ServiceLayer.Log4net - ---Executing GetResidentnamesmarReport() in ReportsController----
2021-09-27 15:42:52,231 [24] DEBUG LTCPro.ServiceLayer.Log4net - ---Executing GetResidentnamesmarReport() in ReportService----
2021-09-27 15:42:52,627 [28] DEBUG LTCPro.ServiceLayer.Log4net - ---Executing GetUserToken() in UserService----
2021-09-27 15:42:52,857 [28] DEBUG LTCPro.ServiceLayer.Log4net - ---Executing GetEmarResidentdetailsReport() in ReportsController----
2021-09-27 15:42:52,857 [28] DEBUG LTCPro.ServiceLayer.Log4net - ---Executing GetEmarResidentdetailsReport() in ReportsService----
2021-09-27 15:43:03,813 [27] DEBUG LTCPro.ServiceLayer.Log4net - ---Executed Successfully GetOutboundErrorDetails() in CommonController----
2021-09-27 15:43:05,769 [28] DEBUG LTCPro.ServiceLayer.Log4net - ---Executing GetUserToken() in UserService----
2021-09-27 15:43:05,977 [28] DEBUG LTCPro.ServiceLayer.Log4net - ---Executing GetEmarResidentdetailsReport() in ReportsController----
2021-09-27 15:43:05,977 [28] DEBUG LTCPro.ServiceLayer.Log4net - ---Executing GetEmarResidentdetailsReport() in ReportsService----
2021-09-27 15:43:14,816 [39] DEBUG LTCPro.ServiceLayer.Log4net - ---Executing GetUserToken() in UserService----
2021-09-27 15:43:36,512 [39] ERROR LTCPro.ServiceLayer.Log4net - ===================================
2021-09-27 15:43:36,512 [39] ERROR LTCPro.ServiceLayer.Log4net -  Source : = System
2021-09-27 15:43:36,512 [39] ERROR LTCPro.ServiceLayer.Log4net -  Stack Trace : =    at System.Net.Mail.SmtpClient.Send(MailMessage message)
   at LTCPro.WebApi.Controllers.AngularLogController.LogError(String errorMessage) in D:\old system Data 04042021\Emar Service Latest 1\WebApi\Controllers\AngularLogController.cs:line 45
   at lambda_method(Closure , Object , Object[] )
   at System.Web.Http.Controllers.ReflectedHttpActionDescriptor.ActionExecutor.<>c__DisplayClass6_1.<GetExecutor>b__3(Object instance, Object[] methodParameters)
   at System.Web.Http.Controllers.ReflectedHttpActionDescriptor.ActionExecutor.Execute(Object instance, Object[] arguments)
   at System.Web.Http.Controllers.ReflectedHttpActionDescriptor.ExecuteAsync(HttpControllerContext controllerContext, IDictionary`2 arguments, CancellationToken cancellationToken)
--- End of stack trace from previous location where exception was thrown ---
   at System.Runtime.CompilerServices.TaskAwaiter.ThrowForNonSuccess(Task task)
   at System.Runtime.CompilerServices.TaskAwaiter.HandleNonSuccessAndDebuggerNotification(Task task)
   at System.Web.Http.Controllers.ApiControllerActionInvoker.<InvokeActionAsyncCore>d__1.MoveNext()
--- End of stack trace from previous location where exception was thrown ---
   at System.Runtime.CompilerServices.TaskAwaiter.ThrowForNonSuccess(Task task)
   at System.Runtime.CompilerServices.TaskAwaiter.HandleNonSuccessAndDebuggerNotification(Task task)
   at System.Web.Http.Controllers.ActionFilterResult.<ExecuteAsync>d__5.MoveNext()
--- End of stack trace from previous location where exception was thrown ---
   at System.Runtime.CompilerServices.TaskAwaiter.ThrowForNonSuccess(Task task)
   at System.Runtime.CompilerServices.TaskAwaiter.HandleNonSuccessAndDebuggerNotification(Task task)
   at System.Web.Http.Filters.AuthorizationFilterAttribute.<ExecuteAuthorizationFilterAsyncCore>d__3.MoveNext()
--- End of stack trace from previous location where exception was thrown ---
   at System.Runtime.CompilerServices.TaskAwaiter.ThrowForNonSuccess(Task task)
   at System.Runtime.CompilerServices.TaskAwaiter.HandleNonSuccessAndDebuggerNotification(Task task)
   at System.Web.Http.Controllers.ExceptionFilterResult.<ExecuteAsync>d__6.MoveNext()
2021-09-27 15:43:36,512 [39] ERROR LTCPro.ServiceLayer.Log4net -  Exception Message : = Failure sending mail.
2021-09-27 15:43:36,512 [39] ERROR LTCPro.ServiceLayer.Log4net - ============= Inner Exception  Stack Trace  ===========
2021-09-27 15:43:36,513 [39] ERROR LTCPro.ServiceLayer.Log4net -  Inner Exception  Stack Trace : =    at System.Net.ServicePoint.GetConnection(PooledStream PooledStream, Object owner, Boolean async, IPAddress& address, Socket& abortSocket, Socket& abortSocket6)
   at System.Net.PooledStream.Activate(Object owningObject, Boolean async, GeneralAsyncDelegate asyncCallback)
   at System.Net.PooledStream.Activate(Object owningObject, GeneralAsyncDelegate asyncCallback)
   at System.Net.ConnectionPool.GetConnection(Object owningObject, GeneralAsyncDelegate asyncCallback, Int32 creationTimeout)
   at System.Net.Mail.SmtpConnection.GetConnection(ServicePoint servicePoint)
   at System.Net.Mail.SmtpTransport.GetConnection(ServicePoint servicePoint)
   at System.Net.Mail.SmtpClient.GetConnection()
   at System.Net.Mail.SmtpClient.Send(MailMessage message)
2021-09-27 15:43:36,513 [39] ERROR LTCPro.ServiceLayer.Log4net - ============= Inner Exception  Stack Trace End  ===========
2021-09-27 15:43:36,513 [39] ERROR LTCPro.ServiceLayer.Log4net - ============= Inner Exception  Message  ===========
2021-09-27 15:43:36,513 [39] ERROR LTCPro.ServiceLayer.Log4net -  Inner Exception Message : = Unable to connect to the remote server
2021-09-27 15:43:36,513 [39] ERROR LTCPro.ServiceLayer.Log4net - ============= Inner Exception  Message End  ===========
2021-09-27 15:47:41,213 [39] DEBUG LTCPro.ServiceLayer.Log4net - ---Executing UsersConfigNurseStationDrop() in FacilityController----
2021-09-27 15:47:41,213 [39] DEBUG LTCPro.ServiceLayer.Log4net - ---Executing UsersConfigNurseStationDrop() in FacilityService----
2021-09-27 15:47:43,265 [39] DEBUG LTCPro.ServiceLayer.Log4net - ---Executed Successfully UsersConfigNurseStationDrop() in FacilityController----
2021-09-27 15:47:43,346 [13] DEBUG LTCPro.ServiceLayer.Log4net - ---Executing GetProcessKeyMasterList() in FacilityController----
2021-09-27 15:47:43,346 [13] DEBUG LTCPro.ServiceLayer.Log4net - ---Executing GetProcessKeyMasterList() in FacilityService----
2021-09-27 15:47:43,555 [13] DEBUG LTCPro.ServiceLayer.Log4net - ---Executed Successfully GetProcessKeyMasterList() in FacilityController----
2021-09-27 15:47:45,393 [13] DEBUG LTCPro.ServiceLayer.Log4net - ---Executing CheckUser() in UserService----
2021-09-27 15:47:47,905 [13] DEBUG LTCPro.ServiceLayer.Log4net - ---Executing FindUser() in UserService----
2021-09-27 15:47:48,116 [13] DEBUG LTCPro.ServiceLayer.Log4net - ---Executing InsertUserSession() in UserService----
2021-09-27 15:47:48,749 [13] DEBUG LTCPro.ServiceLayer.Log4net - ---Executing InsertUserToken() in UserService----
2021-09-27 15:47:49,635 [13] DEBUG LTCPro.ServiceLayer.Log4net - ---Executing InsertUpdateUserRecentFacNs() in UserController----
2021-09-27 15:47:49,635 [13] DEBUG LTCPro.ServiceLayer.Log4net - ---Executing GetUserRecentFacNs() in UserService----
2021-09-27 15:47:49,680 [27] DEBUG LTCPro.ServiceLayer.Log4net - ---Executing GetScreenPermissionsForLoggedInUser() in RoleController----
2021-09-27 15:47:49,680 [27] DEBUG LTCPro.ServiceLayer.Log4net - ---Executing GetScreenPermissionsForLoggedInUser() in RoleService----
2021-09-27 15:47:50,056 [13] DEBUG LTCPro.ServiceLayer.Log4net - ---Executing InsertUpdateUserRecentFacNs() in CommonService----
2021-09-27 15:47:50,469 [13] DEBUG LTCPro.ServiceLayer.Log4net - ---Executed Successfully InsertUpdateUserRecentFacNs() in UserController----
2021-09-27 15:47:51,867 [27] DEBUG LTCPro.ServiceLayer.Log4net - ---Executed Successfully GetScreenPermissionsForLoggedInUser() in RoleController----
2021-09-27 15:47:52,039 [39] DEBUG LTCPro.ServiceLayer.Log4net - ---Executing GetUserToken() in UserService----
2021-09-27 15:47:52,046 [23] DEBUG LTCPro.ServiceLayer.Log4net - ---Executing GetUserToken() in UserService----
2021-09-27 15:47:52,055 [41] DEBUG LTCPro.ServiceLayer.Log4net - ---Executing GetUserToken() in UserService----
2021-09-27 15:47:52,062 [40] DEBUG LTCPro.ServiceLayer.Log4net - ---Executing GetUserToken() in UserService----
2021-09-27 15:47:52,062 [13] DEBUG LTCPro.ServiceLayer.Log4net - ---Executing GetUserToken() in UserService----
2021-09-27 15:47:52,065 [27] DEBUG LTCPro.ServiceLayer.Log4net - ---Executing GetUserToken() in UserService----
2021-09-27 15:47:52,251 [39] DEBUG LTCPro.ServiceLayer.Log4net - ---Executing GetReadMailsCount() in MailboxController----
2021-09-27 15:47:52,251 [39] DEBUG LTCPro.ServiceLayer.Log4net - ---Executing GetReadMailsCount() in MailboxService----
2021-09-27 15:47:52,254 [23] DEBUG LTCPro.ServiceLayer.Log4net - ---Executing GetDueMARAlertData() in EmarController----
2021-09-27 15:47:52,254 [23] DEBUG LTCPro.ServiceLayer.Log4net - ---Executing GetDueMARAlertData() in EmarService----
2021-09-27 15:47:52,461 [27] DEBUG LTCPro.ServiceLayer.Log4net - ---Executing GetUserRecentFacNs() in UserController----
2021-09-27 15:47:52,461 [27] DEBUG LTCPro.ServiceLayer.Log4net - ---Executing GetUserRecentFacNs() in UserService----
2021-09-27 15:47:52,461 [13] DEBUG LTCPro.ServiceLayer.Log4net - ---Executing GetOutboundErrorDetails() in CommonController----
2021-09-27 15:47:52,461 [13] DEBUG LTCPro.ServiceLayer.Log4net - ---Executing GetOutboundErrorDetails() in CommonService----
2021-09-27 15:47:52,670 [39] DEBUG LTCPro.ServiceLayer.Log4net - ---Executed successfully GetReadMailsCount() in MailboxController----
2021-09-27 15:47:52,670 [40] DEBUG LTCPro.ServiceLayer.Log4net - ---Executing GetPendingDosesList() in CommonController----
2021-09-27 15:47:52,670 [40] DEBUG LTCPro.ServiceLayer.Log4net - ---Executing GetPendingDosesList() in CommonService----
2021-09-27 15:47:52,685 [39] DEBUG LTCPro.ServiceLayer.Log4net - ---Executing GetUserToken() in UserService----
2021-09-27 15:47:53,089 [39] DEBUG LTCPro.ServiceLayer.Log4net - ---Executing InsertUserActivityDetails() in CompanyController----
2021-09-27 15:47:53,089 [39] DEBUG LTCPro.ServiceLayer.Log4net - ---Executing InsertUserActivityDetails() in UserActivityService----
2021-09-27 15:47:53,293 [27] DEBUG LTCPro.ServiceLayer.Log4net - ---Executed Successfully GetUserRecentFacNs() in UserController----
2021-09-27 15:47:53,311 [38] DEBUG LTCPro.ServiceLayer.Log4net - ---Executing GetUserToken() in UserService----
2021-09-27 15:47:53,932 [39] DEBUG LTCPro.ServiceLayer.Log4net - ---Executed Successfully InsertUserActivityDetails() in CompanyController----
2021-09-27 15:47:53,963 [32] DEBUG LTCPro.ServiceLayer.Log4net - ---Executing GetUserToken() in UserService----
2021-09-27 15:47:54,121 [41] DEBUG LTCPro.ServiceLayer.Log4net - ---Executing GetUserPassedDueFlag() in UserController----
2021-09-27 15:47:54,121 [41] DEBUG LTCPro.ServiceLayer.Log4net - ---Executing GetUserPassedDueFlag() in UserService----
2021-09-27 15:47:54,288 [23] DEBUG LTCPro.ServiceLayer.Log4net - ---Executed Successfully GetDueMARAlertData() in EmarController----
2021-09-27 15:47:54,315 [27] DEBUG LTCPro.ServiceLayer.Log4net - ---Executing GetUserToken() in UserService----
2021-09-27 15:47:54,328 [32] DEBUG LTCPro.ServiceLayer.Log4net - ---Executing GetUserActiveCompanyMasterList() in CompanyController----
2021-09-27 15:47:54,329 [32] DEBUG LTCPro.ServiceLayer.Log4net - ---Executing GetActiveCompanyMasterList() in CompanyService----
2021-09-27 15:47:54,497 [41] DEBUG LTCPro.ServiceLayer.Log4net - ---Executed Successfully GetUserPassedDueFlag() in UserController----
2021-09-27 15:47:54,538 [27] DEBUG LTCPro.ServiceLayer.Log4net - ---Executing GetUserAccessFacilityNurseStaions() in FacilityController----
2021-09-27 15:47:54,538 [27] DEBUG LTCPro.ServiceLayer.Log4net - ---Executing GetUserAccessFacilityNurseStaions() in FacilityService----
2021-09-27 15:47:54,747 [38] DEBUG LTCPro.ServiceLayer.Log4net - ---Executing GetAlertsDetails() in MailboxController----
2021-09-27 15:47:54,747 [38] DEBUG LTCPro.ServiceLayer.Log4net - ---Executing GetAlertsDetails() in MailboxService----
2021-09-27 15:47:55,175 [27] DEBUG LTCPro.ServiceLayer.Log4net - ---Executed Successfully GetUserAccessFacilityNurseStaions() in FacilityController----
2021-09-27 15:47:55,176 [38] DEBUG LTCPro.ServiceLayer.Log4net - ---Executed successfully GetAlertsDetails() in MailboxController----
2021-09-27 15:47:55,804 [32] DEBUG LTCPro.ServiceLayer.Log4net - ---Executed Successfully GetUserActiveCompanyMasterList() in CompanyController----
2021-09-27 15:47:56,230 [40] DEBUG LTCPro.ServiceLayer.Log4net - ---Executed Successfully GetPendingDosesList() in CommonController----
2021-09-27 15:47:59,688 [39] DEBUG LTCPro.ServiceLayer.Log4net - ---Executing GetUserToken() in UserService----
2021-09-27 15:47:59,894 [39] DEBUG LTCPro.ServiceLayer.Log4net - ---Executing GetUserRecentFacNs() in UserController----
2021-09-27 15:47:59,894 [39] DEBUG LTCPro.ServiceLayer.Log4net - ---Executing GetUserRecentFacNs() in UserService----
2021-09-27 15:48:00,306 [39] DEBUG LTCPro.ServiceLayer.Log4net - ---Executed Successfully GetUserRecentFacNs() in UserController----
2021-09-27 15:48:00,327 [27] DEBUG LTCPro.ServiceLayer.Log4net - ---Executing GetUserToken() in UserService----
2021-09-27 15:48:00,533 [27] DEBUG LTCPro.ServiceLayer.Log4net - ---Executing GetUserAccessFacilityNurseStaions() in FacilityController----
2021-09-27 15:48:00,533 [27] DEBUG LTCPro.ServiceLayer.Log4net - ---Executing GetUserAccessFacilityNurseStaions() in FacilityService----
2021-09-27 15:48:00,946 [27] DEBUG LTCPro.ServiceLayer.Log4net - ---Executed Successfully GetUserAccessFacilityNurseStaions() in FacilityController----
2021-09-27 15:48:00,968 [27] DEBUG LTCPro.ServiceLayer.Log4net - ---Executing GetUserToken() in UserService----
2021-09-27 15:48:01,176 [27] DEBUG LTCPro.ServiceLayer.Log4net - ---Executing UserNurseStationDrop() in FacilityController----
2021-09-27 15:48:01,176 [27] DEBUG LTCPro.ServiceLayer.Log4net - ---Executing UserNurseStationDrop() in FacilityService----
2021-09-27 15:48:01,385 [27] DEBUG LTCPro.ServiceLayer.Log4net - ---Executed Successfully UserNurseStationDrop() in FacilityController----
2021-09-27 15:48:01,425 [27] DEBUG LTCPro.ServiceLayer.Log4net - ---Executing GetUserToken() in UserService----
2021-09-27 15:48:01,633 [27] DEBUG LTCPro.ServiceLayer.Log4net - ---Executing GetResidentnamesmarReport() in ReportsController----
2021-09-27 15:48:01,633 [27] DEBUG LTCPro.ServiceLayer.Log4net - ---Executing GetResidentnamesmarReport() in ReportService----
2021-09-27 15:48:02,487 [27] DEBUG LTCPro.ServiceLayer.Log4net - ---Executing GetUserToken() in UserService----
2021-09-27 15:48:02,696 [27] DEBUG LTCPro.ServiceLayer.Log4net - ---Executing GetEmarResidentdetailsReport() in ReportsController----
2021-09-27 15:48:02,696 [27] DEBUG LTCPro.ServiceLayer.Log4net - ---Executing GetEmarResidentdetailsReport() in ReportsService----
2021-09-27 15:48:26,781 [13] DEBUG LTCPro.ServiceLayer.Log4net - ---Executed Successfully GetOutboundErrorDetails() in CommonController----
2021-09-27 15:48:56,302 [39] DEBUG LTCPro.ServiceLayer.Log4net - ---Executing GetUserToken() in UserService----
2021-09-27 15:48:56,512 [39] DEBUG LTCPro.ServiceLayer.Log4net - ---Executing GetEmarResidentdetailsReport() in ReportsController----
2021-09-27 15:48:56,512 [39] DEBUG LTCPro.ServiceLayer.Log4net - ---Executing GetEmarResidentdetailsReport() in ReportsService----
2021-09-27 16:11:26,586 [48] DEBUG LTCPro.ServiceLayer.Log4net - ---Executing LogoutUser() in UserController----
2021-09-27 16:11:26,866 [48] DEBUG LTCPro.ServiceLayer.Log4net - ---Executing LogoutUser() in UserService----
2021-09-27 16:11:58,732 [48] ERROR LTCPro.ServiceLayer.Log4net - ===================================
2021-09-27 16:11:58,993 [48] ERROR LTCPro.ServiceLayer.Log4net -  Source : = mscorlib
2021-09-27 16:11:59,110 [48] ERROR LTCPro.ServiceLayer.Log4net -  Stack Trace : =    at System.Threading.Tasks.Task.ThrowIfExceptional(Boolean includeTaskCanceledExceptions)
   at System.Threading.Tasks.Task`1.GetResultCore(Boolean waitCompletionNotification)
   at System.Threading.Tasks.Task`1.get_Result()
   at WebApi.Controllers.UserController.LogoutUser(Int32 userId) in D:\old system Data 04042021\Emar Service Latest 1\WebApi\Controllers\UserController.cs:line 72
   at lambda_method(Closure , Object , Object[] )
   at System.Web.Http.Controllers.ReflectedHttpActionDescriptor.ActionExecutor.<>c__DisplayClass6_1.<GetExecutor>b__3(Object instance, Object[] methodParameters)
   at System.Web.Http.Controllers.ReflectedHttpActionDescriptor.ActionExecutor.Execute(Object instance, Object[] arguments)
   at System.Web.Http.Controllers.ReflectedHttpActionDescriptor.ExecuteAsync(HttpControllerContext controllerContext, IDictionary`2 arguments, CancellationToken cancellationToken)
--- End of stack trace from previous location where exception was thrown ---
   at System.Runtime.CompilerServices.TaskAwaiter.ThrowForNonSuccess(Task task)
   at System.Runtime.CompilerServices.TaskAwaiter.HandleNonSuccessAndDebuggerNotification(Task task)
   at System.Web.Http.Controllers.ApiControllerActionInvoker.<InvokeActionAsyncCore>d__1.MoveNext()
--- End of stack trace from previous location where exception was thrown ---
   at System.Runtime.CompilerServices.TaskAwaiter.ThrowForNonSuccess(Task task)
   at System.Runtime.CompilerServices.TaskAwaiter.HandleNonSuccessAndDebuggerNotification(Task task)
   at System.Web.Http.Controllers.ActionFilterResult.<ExecuteAsync>d__5.MoveNext()
--- End of stack trace from previous location where exception was thrown ---
   at System.Runtime.CompilerServices.TaskAwaiter.ThrowForNonSuccess(Task task)
   at System.Runtime.CompilerServices.TaskAwaiter.HandleNonSuccessAndDebuggerNotification(Task task)
   at System.Web.Http.Filters.AuthorizationFilterAttribute.<ExecuteAuthorizationFilterAsyncCore>d__3.MoveNext()
--- End of stack trace from previous location where exception was thrown ---
   at System.Runtime.CompilerServices.TaskAwaiter.ThrowForNonSuccess(Task task)
   at System.Runtime.CompilerServices.TaskAwaiter.HandleNonSuccessAndDebuggerNotification(Task task)
   at System.Web.Http.Controllers.ExceptionFilterResult.<ExecuteAsync>d__6.MoveNext()
2021-09-27 16:11:59,110 [48] ERROR LTCPro.ServiceLayer.Log4net -  Exception Message : = One or more errors occurred.
2021-09-27 16:11:59,110 [48] ERROR LTCPro.ServiceLayer.Log4net - ============= Inner Exception  Stack Trace  ===========
2021-09-27 16:12:05,221 [48] ERROR LTCPro.ServiceLayer.Log4net -  Inner Exception  Stack Trace : =    at System.Data.Entity.SqlServer.DefaultSqlExecutionStrategy.Execute[TResult](Func`1 operation)
   at System.Data.Entity.Core.Objects.ObjectQuery`1.GetResults(Nullable`1 forMergeOption)
   at System.Data.Entity.Core.Objects.ObjectQuery`1.<System.Collections.Generic.IEnumerable<T>.GetEnumerator>b__0()
   at System.Data.Entity.Internal.LazyEnumerator`1.MoveNext()
   at System.Linq.Enumerable.SingleOrDefault[TSource](IEnumerable`1 source)
   at System.Data.Entity.Core.Objects.ELinq.ObjectQueryProvider.<GetElementFunction>b__2[TResult](IEnumerable`1 sequence)
   at System.Data.Entity.Core.Objects.ELinq.ObjectQueryProvider.ExecuteSingle[TResult](IEnumerable`1 query, Expression queryRoot)
   at System.Data.Entity.Core.Objects.ELinq.ObjectQueryProvider.System.Linq.IQueryProvider.Execute[TResult](Expression expression)
   at System.Data.Entity.Internal.Linq.DbQueryProvider.Execute[TResult](Expression expression)
   at System.Linq.Queryable.SingleOrDefault[TSource](IQueryable`1 source)
   at LTCPro.Repositories.UserRepository.LogoutUser(Int32 userId) in D:\old system Data 04042021\Emar Service Latest 1\Repositories\Repositories\UserRepository.cs:line 419
   at LTCPro.ServiceLayer.UserService.<LogoutUser>d__13.MoveNext() in D:\old system Data 04042021\Emar Service Latest 1\BusinessLayer\Services\UserService.cs:line 76
2021-09-27 16:12:05,221 [48] ERROR LTCPro.ServiceLayer.Log4net - ============= Inner Exception  Stack Trace End  ===========
2021-09-27 16:12:05,221 [48] ERROR LTCPro.ServiceLayer.Log4net - ============= Inner Exception  Message  ===========
2021-09-27 16:12:05,221 [48] ERROR LTCPro.ServiceLayer.Log4net -  Inner Exception Message : = An exception has been raised that is likely due to a transient failure. If you are connecting to a SQL Azure database consider using SqlAzureExecutionStrategy.
2021-09-27 16:12:05,221 [48] ERROR LTCPro.ServiceLayer.Log4net - ============= Inner Exception  Message End  ===========
2021-09-27 16:12:10,808 [48] ERROR LTCPro.ServiceLayer.Log4net -  InnerException Message : = An exception has been raised that is likely due to a transient failure. If you are connecting to a SQL Azure database consider using SqlAzureExecutionStrategy.
2021-09-27 16:12:10,808 [48] ERROR LTCPro.ServiceLayer.Log4net - ===================================
