2022-10-27 05:36:56,276 [7] DEBUG LTCPro.ServiceLayer.Log4net - ---Executing UsersConfigNurseStationDrop() in FacilityController----
2022-10-27 05:36:56,358 [7] DEBUG LTCPro.ServiceLayer.Log4net - ---Executing UsersConfigNurseStationDrop() in FacilityService----
2022-10-27 05:37:01,099 [7] DEBUG LTCPro.ServiceLayer.Log4net - ---Executed Successfully UsersConfigNurseStationDrop() in FacilityController----
2022-10-27 05:51:28,655 [20] DEBUG LTCPro.ServiceLayer.Log4net - ---Executing UsersConfigNurseStationDrop() in FacilityController----
2022-10-27 05:51:28,656 [20] DEBUG LTCPro.ServiceLayer.Log4net - ---Executing UsersConfigNurseStationDrop() in FacilityService----
2022-10-27 05:51:40,872 [20] DEBUG LTCPro.ServiceLayer.Log4net - ---Executed Successfully UsersConfigNurseStationDrop() in FacilityController----
2022-10-27 05:51:48,439 [21] DEBUG LTCPro.ServiceLayer.Log4net - ---Executing UsersConfigNurseStationDrop() in FacilityController----
2022-10-27 05:51:48,439 [21] DEBUG LTCPro.ServiceLayer.Log4net - ---Executing UsersConfigNurseStationDrop() in FacilityService----
2022-10-27 05:51:49,075 [21] DEBUG LTCPro.ServiceLayer.Log4net - ---Executed Successfully UsersConfigNurseStationDrop() in FacilityController----
2022-10-27 05:51:49,451 [21] DEBUG LTCPro.ServiceLayer.Log4net - ---Executing GetProcessKeyMasterList() in FacilityController----
2022-10-27 05:51:49,476 [21] DEBUG LTCPro.ServiceLayer.Log4net - ---Executing GetProcessKeyMasterList() in FacilityService----
2022-10-27 05:51:49,726 [21] DEBUG LTCPro.ServiceLayer.Log4net - ---Executed Successfully GetProcessKeyMasterList() in FacilityController----
2022-10-27 05:51:53,972 [22] DEBUG LTCPro.ServiceLayer.Log4net - ---Executing CheckUser() in UserService----
2022-10-27 05:51:55,055 [22] DEBUG LTCPro.ServiceLayer.Log4net - ---Executing FindUser() in UserService----
2022-10-27 05:51:55,544 [22] DEBUG LTCPro.ServiceLayer.Log4net - ---Executing InsertUserSession() in UserService----
2022-10-27 05:51:56,619 [22] DEBUG LTCPro.ServiceLayer.Log4net - ---Executing InsertUserToken() in UserService----
2022-10-27 05:51:57,727 [21] DEBUG LTCPro.ServiceLayer.Log4net - ---Executing GetScreenPermissionsForLoggedInUser() in RoleController----
2022-10-27 05:51:57,730 [22] DEBUG LTCPro.ServiceLayer.Log4net - ---Executing InsertUpdateUserRecentFacNs() in UserController----
2022-10-27 05:51:57,752 [21] DEBUG LTCPro.ServiceLayer.Log4net - ---Executing GetScreenPermissionsForLoggedInUser() in RoleService----
2022-10-27 05:51:57,758 [22] DEBUG LTCPro.ServiceLayer.Log4net - ---Executing GetUserRecentFacNs() in UserService----
2022-10-27 05:51:58,420 [22] DEBUG LTCPro.ServiceLayer.Log4net - ---Executing InsertUpdateUserRecentFacNs() in CommonService----
2022-10-27 05:51:59,254 [21] DEBUG LTCPro.ServiceLayer.Log4net - ---Executed Successfully GetScreenPermissionsForLoggedInUser() in RoleController----
2022-10-27 05:51:59,573 [20] DEBUG LTCPro.ServiceLayer.Log4net - ---Executing GetUserToken() in UserService----
2022-10-27 05:51:59,573 [16] DEBUG LTCPro.ServiceLayer.Log4net - ---Executing GetUserToken() in UserService----
2022-10-27 05:51:59,573 [23] DEBUG LTCPro.ServiceLayer.Log4net - ---Executing GetUserToken() in UserService----
2022-10-27 05:51:59,573 [21] DEBUG LTCPro.ServiceLayer.Log4net - ---Executing GetUserToken() in UserService----
2022-10-27 05:51:59,576 [15] DEBUG LTCPro.ServiceLayer.Log4net - ---Executing GetUserToken() in UserService----
2022-10-27 05:51:59,614 [22] DEBUG LTCPro.ServiceLayer.Log4net - ---Executed Successfully InsertUpdateUserRecentFacNs() in UserController----
2022-10-27 05:51:59,643 [22] DEBUG LTCPro.ServiceLayer.Log4net - ---Executing GetUserToken() in UserService----
2022-10-27 05:51:59,805 [20] DEBUG LTCPro.ServiceLayer.Log4net - ---Executing GetReadMailsCount() in MailboxController----
2022-10-27 05:51:59,812 [20] DEBUG LTCPro.ServiceLayer.Log4net - ---Executing GetReadMailsCount() in MailboxService----
2022-10-27 05:51:59,837 [23] DEBUG LTCPro.ServiceLayer.Log4net - ---Executing GetDueMARAlertData() in EmarController----
2022-10-27 05:51:59,850 [23] DEBUG LTCPro.ServiceLayer.Log4net - ---Executing GetDueMARAlertData() in EmarService----
2022-10-27 05:52:00,027 [15] DEBUG LTCPro.ServiceLayer.Log4net - ---Executing GetAlertsDetails() in MailboxController----
2022-10-27 05:52:00,029 [15] DEBUG LTCPro.ServiceLayer.Log4net - ---Executing GetAlertsDetails() in MailboxService----
2022-10-27 05:52:00,162 [20] DEBUG LTCPro.ServiceLayer.Log4net - ---Executed successfully GetReadMailsCount() in MailboxController----
2022-10-27 05:52:00,185 [20] DEBUG LTCPro.ServiceLayer.Log4net - ---Executing GetUserToken() in UserService----
2022-10-27 05:52:00,249 [21] DEBUG LTCPro.ServiceLayer.Log4net - ---Executing GetUserPassedDueFlag() in UserController----
2022-10-27 05:52:00,250 [21] DEBUG LTCPro.ServiceLayer.Log4net - ---Executing GetUserPassedDueFlag() in UserService----
2022-10-27 05:52:00,470 [20] DEBUG LTCPro.ServiceLayer.Log4net - ---Executing GetUserRecentFacNs() in UserController----
2022-10-27 05:52:00,470 [20] DEBUG LTCPro.ServiceLayer.Log4net - ---Executing GetUserRecentFacNs() in UserService----
2022-10-27 05:52:00,689 [21] DEBUG LTCPro.ServiceLayer.Log4net - ---Executed Successfully GetUserPassedDueFlag() in UserController----
2022-10-27 05:52:00,707 [21] DEBUG LTCPro.ServiceLayer.Log4net - ---Executing GetUserToken() in UserService----
2022-10-27 05:52:01,126 [15] DEBUG LTCPro.ServiceLayer.Log4net - ---Executed successfully GetAlertsDetails() in MailboxController----
2022-10-27 05:52:01,148 [21] DEBUG LTCPro.ServiceLayer.Log4net - ---Executing GetPendingDosesList() in CommonController----
2022-10-27 05:52:01,150 [21] DEBUG LTCPro.ServiceLayer.Log4net - ---Executing GetPendingDosesList() in CommonService----
2022-10-27 05:52:01,158 [20] DEBUG LTCPro.ServiceLayer.Log4net - ---Executed Successfully GetUserRecentFacNs() in UserController----
2022-10-27 05:52:01,200 [16] DEBUG LTCPro.ServiceLayer.Log4net - ---Executing InsertUserActivityDetails() in CompanyController----
2022-10-27 05:52:01,201 [16] DEBUG LTCPro.ServiceLayer.Log4net - ---Executing InsertUserActivityDetails() in UserActivityService----
2022-10-27 05:52:01,272 [15] DEBUG LTCPro.ServiceLayer.Log4net - ---Executing GetUserToken() in UserService----
2022-10-27 05:52:01,277 [20] DEBUG LTCPro.ServiceLayer.Log4net - ---Executing GetUserToken() in UserService----
2022-10-27 05:52:01,730 [23] DEBUG LTCPro.ServiceLayer.Log4net - ---Executed Successfully GetDueMARAlertData() in EmarController----
2022-10-27 05:52:01,883 [16] DEBUG LTCPro.ServiceLayer.Log4net - ---Executed Successfully InsertUserActivityDetails() in CompanyController----
2022-10-27 05:52:01,968 [15] DEBUG LTCPro.ServiceLayer.Log4net - ---Executing GetUserActiveCompanyMasterList() in CompanyController----
2022-10-27 05:52:01,968 [15] DEBUG LTCPro.ServiceLayer.Log4net - ---Executing GetActiveCompanyMasterList() in CompanyService----
2022-10-27 05:52:02,075 [22] DEBUG LTCPro.ServiceLayer.Log4net - ---Executing GetOutboundErrorDetails() in CommonController----
2022-10-27 05:52:02,076 [22] DEBUG LTCPro.ServiceLayer.Log4net - ---Executing GetOutboundErrorDetails() in CommonService----
2022-10-27 05:52:03,215 [15] DEBUG LTCPro.ServiceLayer.Log4net - ---Executed Successfully GetUserActiveCompanyMasterList() in CompanyController----
2022-10-27 05:52:03,426 [20] DEBUG LTCPro.ServiceLayer.Log4net - ---Executing GetUserAccessFacilityNurseStaions() in FacilityController----
2022-10-27 05:52:03,427 [20] DEBUG LTCPro.ServiceLayer.Log4net - ---Executing GetUserAccessFacilityNurseStaions() in FacilityService----
2022-10-27 05:52:03,569 [21] DEBUG LTCPro.ServiceLayer.Log4net - ---Executed Successfully GetPendingDosesList() in CommonController----
2022-10-27 05:52:03,923 [20] DEBUG LTCPro.ServiceLayer.Log4net - ---Executed Successfully GetUserAccessFacilityNurseStaions() in FacilityController----
2022-10-27 05:52:08,074 [22] DEBUG LTCPro.ServiceLayer.Log4net - ---Executed Successfully GetOutboundErrorDetails() in CommonController----
2022-10-27 05:52:09,579 [15] DEBUG LTCPro.ServiceLayer.Log4net - ---Executing GetUserToken() in UserService----
2022-10-27 05:52:09,585 [20] DEBUG LTCPro.ServiceLayer.Log4net - ---Executing GetUserToken() in UserService----
2022-10-27 05:52:09,594 [16] DEBUG LTCPro.ServiceLayer.Log4net - ---Executing GetUserToken() in UserService----
2022-10-27 05:52:09,807 [20] DEBUG LTCPro.ServiceLayer.Log4net - ---Executing GetUserRecentFacNs() in UserController----
2022-10-27 05:52:09,807 [20] DEBUG LTCPro.ServiceLayer.Log4net - ---Executing GetUserRecentFacNs() in UserService----
2022-10-27 05:52:09,808 [15] DEBUG LTCPro.ServiceLayer.Log4net - ---Executing InsertUserActivityDetails() in CompanyController----
2022-10-27 05:52:09,808 [15] DEBUG LTCPro.ServiceLayer.Log4net - ---Executing InsertUserActivityDetails() in UserActivityService----
2022-10-27 05:52:09,840 [16] DEBUG LTCPro.ServiceLayer.Log4net - ---Executing GetDueMARAlertData() in EmarController----
2022-10-27 05:52:09,840 [16] DEBUG LTCPro.ServiceLayer.Log4net - ---Executing GetDueMARAlertData() in EmarService----
2022-10-27 05:52:10,249 [20] DEBUG LTCPro.ServiceLayer.Log4net - ---Executed Successfully GetUserRecentFacNs() in UserController----
2022-10-27 05:52:10,341 [16] DEBUG LTCPro.ServiceLayer.Log4net - ---Executed Successfully GetDueMARAlertData() in EmarController----
2022-10-27 05:52:10,468 [15] DEBUG LTCPro.ServiceLayer.Log4net - ---Executed Successfully InsertUserActivityDetails() in CompanyController----
2022-10-27 05:52:10,915 [15] DEBUG LTCPro.ServiceLayer.Log4net - ---Executing GetUserToken() in UserService----
2022-10-27 05:52:11,136 [15] DEBUG LTCPro.ServiceLayer.Log4net - ---Executing GetCompanyToBedData() in FacilityController----
2022-10-27 05:52:11,137 [15] DEBUG LTCPro.ServiceLayer.Log4net - ---Executing GetCompanyToBedData() in FacilityService----
2022-10-27 05:52:13,457 [15] DEBUG LTCPro.ServiceLayer.Log4net - ---Executed Successfully GetCompanyToBedData() in FacilityController----
2022-10-27 05:52:13,503 [20] DEBUG LTCPro.ServiceLayer.Log4net - ---Executing GetUserToken() in UserService----
2022-10-27 05:52:13,741 [20] DEBUG LTCPro.ServiceLayer.Log4net - ---Executing UserNurseStationDrop() in FacilityController----
2022-10-27 05:52:13,741 [20] DEBUG LTCPro.ServiceLayer.Log4net - ---Executing UserNurseStationDrop() in FacilityService----
2022-10-27 05:52:13,973 [20] DEBUG LTCPro.ServiceLayer.Log4net - ---Executed Successfully UserNurseStationDrop() in FacilityController----
2022-10-27 05:52:14,028 [20] DEBUG LTCPro.ServiceLayer.Log4net - ---Executing GetUserToken() in UserService----
2022-10-27 05:52:14,036 [16] DEBUG LTCPro.ServiceLayer.Log4net - ---Executing GetUserToken() in UserService----
2022-10-27 05:52:14,259 [20] DEBUG LTCPro.ServiceLayer.Log4net - ---Executing GetNursingScheduleData() in EmarController----
2022-10-27 05:52:14,262 [15] DEBUG LTCPro.ServiceLayer.Log4net - ---Executing GetUserToken() in UserService----
2022-10-27 05:52:14,268 [16] DEBUG LTCPro.ServiceLayer.Log4net - ---Executing GetDrFirstFlagForCompanyByNSId() in CompanyController----
2022-10-27 05:52:14,269 [16] DEBUG LTCPro.ServiceLayer.Log4net - ---Executing GetDrFirstFlagForCompanyByNSId() in CompanyService----
2022-10-27 05:52:14,272 [20] DEBUG LTCPro.ServiceLayer.Log4net - ---Executing GetNursingScheduleData() in EmarService----
2022-10-27 05:52:14,519 [16] DEBUG LTCPro.ServiceLayer.Log4net - ---Executed Successfully GetDrFirstFlagForCompanyByNSId() in CompanyController----
2022-10-27 05:52:14,535 [15] DEBUG LTCPro.ServiceLayer.Log4net - ---Executing GetPendingOrdersGridData() in OrdersController----
2022-10-27 05:52:14,545 [15] DEBUG LTCPro.ServiceLayer.Log4net - ---Executing GetPendingOrdersGridData() in OrdersService----
2022-10-27 05:52:14,554 [23] DEBUG LTCPro.ServiceLayer.Log4net - ---Executing GetUserToken() in UserService----
2022-10-27 05:52:14,776 [23] DEBUG LTCPro.ServiceLayer.Log4net - ---Executing GetTimeZoneDate() in CommonController----
2022-10-27 05:52:14,777 [23] DEBUG LTCPro.ServiceLayer.Log4net - ---Executing GetTimeZoneDate() in CommonService----
2022-10-27 05:52:15,022 [23] DEBUG LTCPro.ServiceLayer.Log4net - ---Executed Successfully GetTimeZoneDate() in CommonController----
2022-10-27 05:52:33,570 [20] DEBUG LTCPro.ServiceLayer.Log4net - ---Executed Successfully GetNursingScheduleData() in EmarController----
2022-10-27 05:52:33,632 [20] DEBUG LTCPro.ServiceLayer.Log4net - ---Executing GetUserToken() in UserService----
2022-10-27 05:52:33,999 [20] DEBUG LTCPro.ServiceLayer.Log4net - ---Executing GetNurseShiftDrop() in CommonController----
2022-10-27 05:52:34,001 [20] DEBUG LTCPro.ServiceLayer.Log4net - ---Executing GetNurseShiftDrop() in CommonService----
2022-10-27 05:52:34,422 [20] DEBUG LTCPro.ServiceLayer.Log4net - ---Executed Successfully GetNurseShiftDrop() in CommonController----
2022-10-27 05:52:38,014 [20] DEBUG LTCPro.ServiceLayer.Log4net - ---Executing GetUserToken() in UserService----
2022-10-27 05:52:38,323 [20] DEBUG LTCPro.ServiceLayer.Log4net - ---Executing GetEmarResidentGridData() in EmarController----
2022-10-27 05:52:38,324 [20] DEBUG LTCPro.ServiceLayer.Log4net - ---Executing GetEmarResidentGridData() in EmarService----
2022-10-27 05:52:40,274 [20] DEBUG LTCPro.ServiceLayer.Log4net - ---Executed Successfully GetEmarResidentGridData() in EmarController----
2022-10-27 05:52:42,509 [20] DEBUG LTCPro.ServiceLayer.Log4net - ---Executing GetUserToken() in UserService----
2022-10-27 05:52:43,232 [20] DEBUG LTCPro.ServiceLayer.Log4net - ---Executing GetOrdersGridData() in OrdersController----
2022-10-27 05:52:43,233 [20] DEBUG LTCPro.ServiceLayer.Log4net - ---Executing GetOrdersGridData() in OrdersService----
2022-10-27 05:52:51,200 [20] DEBUG LTCPro.ServiceLayer.Log4net - ---Executed Successfully GetOrdersGridData() in OrdersController----
2022-10-27 05:52:53,515 [22] DEBUG LTCPro.ServiceLayer.Log4net - ---Executing GetUserToken() in UserService----
2022-10-27 05:52:53,737 [22] DEBUG LTCPro.ServiceLayer.Log4net - ---Executing GetOrdersGridData() in OrdersController----
2022-10-27 05:52:53,737 [22] DEBUG LTCPro.ServiceLayer.Log4net - ---Executing GetOrdersGridData() in OrdersService----
2022-10-27 05:52:58,765 [22] DEBUG LTCPro.ServiceLayer.Log4net - ---Executed Successfully GetOrdersGridData() in OrdersController----
2022-10-27 05:53:01,064 [22] DEBUG LTCPro.ServiceLayer.Log4net - ---Executing GetUserToken() in UserService----
2022-10-27 05:53:01,374 [22] DEBUG LTCPro.ServiceLayer.Log4net - ---Executing GetOrdersGridData() in OrdersController----
2022-10-27 05:53:01,375 [22] DEBUG LTCPro.ServiceLayer.Log4net - ---Executing GetOrdersGridData() in OrdersService----
2022-10-27 05:53:02,445 [22] DEBUG LTCPro.ServiceLayer.Log4net - ---Executed Successfully GetOrdersGridData() in OrdersController----
2022-10-27 05:53:03,632 [22] DEBUG LTCPro.ServiceLayer.Log4net - ---Executing GetUserToken() in UserService----
2022-10-27 05:53:04,163 [22] DEBUG LTCPro.ServiceLayer.Log4net - ---Executing GetOrdersGridData() in OrdersController----
2022-10-27 05:53:04,163 [22] DEBUG LTCPro.ServiceLayer.Log4net - ---Executing GetOrdersGridData() in OrdersService----
2022-10-27 05:53:05,449 [22] DEBUG LTCPro.ServiceLayer.Log4net - ---Executed Successfully GetOrdersGridData() in OrdersController----
2022-10-27 05:53:29,050 [15] DEBUG LTCPro.ServiceLayer.Log4net - ---Executed Successfully GetPendingOrdersGridData() in OrdersController----
2022-10-27 05:54:28,644 [22] DEBUG LTCPro.ServiceLayer.Log4net - ---Executing GetUserToken() in UserService----
2022-10-27 05:54:28,865 [22] DEBUG LTCPro.ServiceLayer.Log4net - ---Executing GetOrdersGridData() in OrdersController----
2022-10-27 05:54:28,866 [22] DEBUG LTCPro.ServiceLayer.Log4net - ---Executing GetOrdersGridData() in OrdersService----
2022-10-27 05:55:12,473 [22] DEBUG LTCPro.ServiceLayer.Log4net - ---Executed Successfully GetOrdersGridData() in OrdersController----
2022-10-27 05:55:15,048 [22] DEBUG LTCPro.ServiceLayer.Log4net - ---Executing GetUserToken() in UserService----
2022-10-27 05:55:15,270 [22] DEBUG LTCPro.ServiceLayer.Log4net - ---Executing GetOrdersGridData() in OrdersController----
2022-10-27 05:55:15,270 [22] DEBUG LTCPro.ServiceLayer.Log4net - ---Executing GetOrdersGridData() in OrdersService----
2022-10-27 05:55:20,863 [22] DEBUG LTCPro.ServiceLayer.Log4net - ---Executed Successfully GetOrdersGridData() in OrdersController----
2022-10-27 05:57:15,137 [18] DEBUG LTCPro.ServiceLayer.Log4net - ---Executing GetUserToken() in UserService----
2022-10-27 05:57:15,365 [18] DEBUG LTCPro.ServiceLayer.Log4net - ---Executing AutoLogoutUser() in UserService----
2022-10-27 05:57:27,710 [18] DEBUG LTCPro.ServiceLayer.Log4net - ---Executing UsersConfigNurseStationDrop() in FacilityController----
2022-10-27 05:57:27,710 [18] DEBUG LTCPro.ServiceLayer.Log4net - ---Executing UsersConfigNurseStationDrop() in FacilityService----
2022-10-27 05:57:28,157 [18] DEBUG LTCPro.ServiceLayer.Log4net - ---Executed Successfully UsersConfigNurseStationDrop() in FacilityController----
2022-10-27 05:57:28,246 [21] DEBUG LTCPro.ServiceLayer.Log4net - ---Executing GetProcessKeyMasterList() in FacilityController----
2022-10-27 05:57:28,246 [21] DEBUG LTCPro.ServiceLayer.Log4net - ---Executing GetProcessKeyMasterList() in FacilityService----
2022-10-27 05:57:28,466 [21] DEBUG LTCPro.ServiceLayer.Log4net - ---Executed Successfully GetProcessKeyMasterList() in FacilityController----
2022-10-27 05:57:33,906 [23] DEBUG LTCPro.ServiceLayer.Log4net - ---Executing CheckUser() in UserService----
2022-10-27 05:57:35,937 [23] DEBUG LTCPro.ServiceLayer.Log4net - ---Executing FindUser() in UserService----
2022-10-27 05:57:36,167 [23] DEBUG LTCPro.ServiceLayer.Log4net - ---Executing InsertUserSession() in UserService----
2022-10-27 05:57:36,837 [23] DEBUG LTCPro.ServiceLayer.Log4net - ---Executing InsertUserToken() in UserService----
2022-10-27 05:57:37,792 [21] DEBUG LTCPro.ServiceLayer.Log4net - ---Executing InsertUpdateUserRecentFacNs() in UserController----
2022-10-27 05:57:37,792 [21] DEBUG LTCPro.ServiceLayer.Log4net - ---Executing GetUserRecentFacNs() in UserService----
2022-10-27 05:57:37,836 [15] DEBUG LTCPro.ServiceLayer.Log4net - ---Executing GetScreenPermissionsForLoggedInUser() in RoleController----
2022-10-27 05:57:37,836 [15] DEBUG LTCPro.ServiceLayer.Log4net - ---Executing GetScreenPermissionsForLoggedInUser() in RoleService----
2022-10-27 05:57:38,078 [15] DEBUG LTCPro.ServiceLayer.Log4net - ---Executed Successfully GetScreenPermissionsForLoggedInUser() in RoleController----
2022-10-27 05:57:38,181 [19] DEBUG LTCPro.ServiceLayer.Log4net - ---Executing GetUserToken() in UserService----
2022-10-27 05:57:38,183 [18] DEBUG LTCPro.ServiceLayer.Log4net - ---Executing GetUserToken() in UserService----
2022-10-27 05:57:38,225 [23] DEBUG LTCPro.ServiceLayer.Log4net - ---Executing GetUserToken() in UserService----
2022-10-27 05:57:38,230 [21] DEBUG LTCPro.ServiceLayer.Log4net - ---Executing InsertUpdateUserRecentFacNs() in CommonService----
2022-10-27 05:57:38,413 [19] DEBUG LTCPro.ServiceLayer.Log4net - ---Executing GetAlertsDetails() in MailboxController----
2022-10-27 05:57:38,413 [19] DEBUG LTCPro.ServiceLayer.Log4net - ---Executing GetAlertsDetails() in MailboxService----
2022-10-27 05:57:38,413 [18] DEBUG LTCPro.ServiceLayer.Log4net - ---Executing GetUserPassedDueFlag() in UserController----
2022-10-27 05:57:38,413 [18] DEBUG LTCPro.ServiceLayer.Log4net - ---Executing GetUserPassedDueFlag() in UserService----
2022-10-27 05:57:38,446 [23] DEBUG LTCPro.ServiceLayer.Log4net - ---Executing GetReadMailsCount() in MailboxController----
2022-10-27 05:57:38,446 [23] DEBUG LTCPro.ServiceLayer.Log4net - ---Executing GetReadMailsCount() in MailboxService----
2022-10-27 05:57:38,633 [18] DEBUG LTCPro.ServiceLayer.Log4net - ---Executed Successfully GetUserPassedDueFlag() in UserController----
2022-10-27 05:57:38,657 [18] DEBUG LTCPro.ServiceLayer.Log4net - ---Executing GetUserToken() in UserService----
2022-10-27 05:57:38,665 [23] DEBUG LTCPro.ServiceLayer.Log4net - ---Executed successfully GetReadMailsCount() in MailboxController----
2022-10-27 05:57:38,667 [21] DEBUG LTCPro.ServiceLayer.Log4net - ---Executed Successfully InsertUpdateUserRecentFacNs() in UserController----
2022-10-27 05:57:38,684 [23] DEBUG LTCPro.ServiceLayer.Log4net - ---Executing GetUserToken() in UserService----
2022-10-27 05:57:38,691 [21] DEBUG LTCPro.ServiceLayer.Log4net - ---Executing GetUserToken() in UserService----
2022-10-27 05:57:38,878 [18] DEBUG LTCPro.ServiceLayer.Log4net - ---Executing GetDueMARAlertData() in EmarController----
2022-10-27 05:57:38,878 [18] DEBUG LTCPro.ServiceLayer.Log4net - ---Executing GetDueMARAlertData() in EmarService----
2022-10-27 05:57:38,907 [23] DEBUG LTCPro.ServiceLayer.Log4net - ---Executing GetOutboundErrorDetails() in CommonController----
2022-10-27 05:57:38,907 [23] DEBUG LTCPro.ServiceLayer.Log4net - ---Executing GetOutboundErrorDetails() in CommonService----
2022-10-27 05:57:38,915 [21] DEBUG LTCPro.ServiceLayer.Log4net - ---Executing GetUserRecentFacNs() in UserController----
2022-10-27 05:57:38,916 [21] DEBUG LTCPro.ServiceLayer.Log4net - ---Executing GetUserRecentFacNs() in UserService----
2022-10-27 05:57:39,251 [15] DEBUG LTCPro.ServiceLayer.Log4net - ---Executing GetUserToken() in UserService----
2022-10-27 05:57:39,279 [19] DEBUG LTCPro.ServiceLayer.Log4net - ---Executed successfully GetAlertsDetails() in MailboxController----
2022-10-27 05:57:39,289 [19] DEBUG LTCPro.ServiceLayer.Log4net - ---Executing GetUserToken() in UserService----
2022-10-27 05:57:39,356 [21] DEBUG LTCPro.ServiceLayer.Log4net - ---Executed Successfully GetUserRecentFacNs() in UserController----
2022-10-27 05:57:39,656 [18] DEBUG LTCPro.ServiceLayer.Log4net - ---Executed Successfully GetDueMARAlertData() in EmarController----
2022-10-27 05:57:39,658 [15] DEBUG LTCPro.ServiceLayer.Log4net - ---Executing GetPendingDosesList() in CommonController----
2022-10-27 05:57:39,658 [15] DEBUG LTCPro.ServiceLayer.Log4net - ---Executing GetPendingDosesList() in CommonService----
2022-10-27 05:57:39,703 [18] DEBUG LTCPro.ServiceLayer.Log4net - ---Executing GetUserToken() in UserService----
2022-10-27 05:57:39,722 [19] DEBUG LTCPro.ServiceLayer.Log4net - ---Executing InsertUserActivityDetails() in CompanyController----
2022-10-27 05:57:39,722 [19] DEBUG LTCPro.ServiceLayer.Log4net - ---Executing InsertUserActivityDetails() in UserActivityService----
2022-10-27 05:57:39,922 [18] DEBUG LTCPro.ServiceLayer.Log4net - ---Executing GetUserActiveCompanyMasterList() in CompanyController----
2022-10-27 05:57:39,922 [18] DEBUG LTCPro.ServiceLayer.Log4net - ---Executing GetActiveCompanyMasterList() in CompanyService----
2022-10-27 05:57:40,257 [21] DEBUG LTCPro.ServiceLayer.Log4net - ---Executing GetUserToken() in UserService----
2022-10-27 05:57:40,382 [19] DEBUG LTCPro.ServiceLayer.Log4net - ---Executed Successfully InsertUserActivityDetails() in CompanyController----
2022-10-27 05:57:40,477 [21] DEBUG LTCPro.ServiceLayer.Log4net - ---Executing GetUserAccessFacilityNurseStaions() in FacilityController----
2022-10-27 05:57:40,477 [21] DEBUG LTCPro.ServiceLayer.Log4net - ---Executing GetUserAccessFacilityNurseStaions() in FacilityService----
2022-10-27 05:57:41,040 [18] DEBUG LTCPro.ServiceLayer.Log4net - ---Executed Successfully GetUserActiveCompanyMasterList() in CompanyController----
2022-10-27 05:57:41,049 [21] DEBUG LTCPro.ServiceLayer.Log4net - ---Executed Successfully GetUserAccessFacilityNurseStaions() in FacilityController----
2022-10-27 05:57:41,693 [15] DEBUG LTCPro.ServiceLayer.Log4net - ---Executed Successfully GetPendingDosesList() in CommonController----
2022-10-27 05:57:44,630 [15] DEBUG LTCPro.ServiceLayer.Log4net - ---Executing GetUserToken() in UserService----
2022-10-27 05:57:44,637 [19] DEBUG LTCPro.ServiceLayer.Log4net - ---Executing GetUserToken() in UserService----
2022-10-27 05:57:44,643 [21] DEBUG LTCPro.ServiceLayer.Log4net - ---Executing GetUserToken() in UserService----
2022-10-27 05:57:44,849 [15] DEBUG LTCPro.ServiceLayer.Log4net - ---Executing InsertUserActivityDetails() in CompanyController----
2022-10-27 05:57:44,850 [15] DEBUG LTCPro.ServiceLayer.Log4net - ---Executing InsertUserActivityDetails() in UserActivityService----
2022-10-27 05:57:44,856 [19] DEBUG LTCPro.ServiceLayer.Log4net - ---Executing GetUserRecentFacNs() in UserController----
2022-10-27 05:57:44,856 [19] DEBUG LTCPro.ServiceLayer.Log4net - ---Executing GetUserRecentFacNs() in UserService----
2022-10-27 05:57:44,863 [21] DEBUG LTCPro.ServiceLayer.Log4net - ---Executing GetDueMARAlertData() in EmarController----
2022-10-27 05:57:44,863 [21] DEBUG LTCPro.ServiceLayer.Log4net - ---Executing GetDueMARAlertData() in EmarService----
2022-10-27 05:57:45,300 [19] DEBUG LTCPro.ServiceLayer.Log4net - ---Executed Successfully GetUserRecentFacNs() in UserController----
2022-10-27 05:57:45,336 [18] DEBUG LTCPro.ServiceLayer.Log4net - ---Executing GetUserToken() in UserService----
2022-10-27 05:57:45,409 [21] DEBUG LTCPro.ServiceLayer.Log4net - ---Executed Successfully GetDueMARAlertData() in EmarController----
2022-10-27 05:57:45,520 [15] DEBUG LTCPro.ServiceLayer.Log4net - ---Executed Successfully InsertUserActivityDetails() in CompanyController----
2022-10-27 05:57:45,558 [18] DEBUG LTCPro.ServiceLayer.Log4net - ---Executing GetCompanyToBedData() in FacilityController----
2022-10-27 05:57:45,558 [18] DEBUG LTCPro.ServiceLayer.Log4net - ---Executing GetCompanyToBedData() in FacilityService----
2022-10-27 05:57:45,622 [23] DEBUG LTCPro.ServiceLayer.Log4net - ---Executed Successfully GetOutboundErrorDetails() in CommonController----
2022-10-27 05:57:47,770 [18] DEBUG LTCPro.ServiceLayer.Log4net - ---Executed Successfully GetCompanyToBedData() in FacilityController----
2022-10-27 05:57:48,141 [23] DEBUG LTCPro.ServiceLayer.Log4net - ---Executing GetUserToken() in UserService----
2022-10-27 05:57:48,361 [23] DEBUG LTCPro.ServiceLayer.Log4net - ---Executing UserNurseStationDrop() in FacilityController----
2022-10-27 05:57:48,361 [23] DEBUG LTCPro.ServiceLayer.Log4net - ---Executing UserNurseStationDrop() in FacilityService----
2022-10-27 05:57:48,583 [23] DEBUG LTCPro.ServiceLayer.Log4net - ---Executed Successfully UserNurseStationDrop() in FacilityController----
2022-10-27 05:57:48,868 [23] DEBUG LTCPro.ServiceLayer.Log4net - ---Executing GetUserToken() in UserService----
2022-10-27 05:57:48,875 [21] DEBUG LTCPro.ServiceLayer.Log4net - ---Executing GetUserToken() in UserService----
2022-10-27 05:57:49,054 [14] DEBUG LTCPro.ServiceLayer.Log4net - ---Executing GetUserToken() in UserService----
2022-10-27 05:57:49,092 [23] DEBUG LTCPro.ServiceLayer.Log4net - ---Executing GetNursingScheduleData() in EmarController----
2022-10-27 05:57:49,092 [23] DEBUG LTCPro.ServiceLayer.Log4net - ---Executing GetNursingScheduleData() in EmarService----
2022-10-27 05:57:49,094 [21] DEBUG LTCPro.ServiceLayer.Log4net - ---Executing GetDrFirstFlagForCompanyByNSId() in CompanyController----
2022-10-27 05:57:49,094 [21] DEBUG LTCPro.ServiceLayer.Log4net - ---Executing GetDrFirstFlagForCompanyByNSId() in CompanyService----
2022-10-27 05:57:49,274 [14] DEBUG LTCPro.ServiceLayer.Log4net - ---Executing GetPendingOrdersGridData() in OrdersController----
2022-10-27 05:57:49,275 [14] DEBUG LTCPro.ServiceLayer.Log4net - ---Executing GetPendingOrdersGridData() in OrdersService----
2022-10-27 05:57:49,322 [21] DEBUG LTCPro.ServiceLayer.Log4net - ---Executed Successfully GetDrFirstFlagForCompanyByNSId() in CompanyController----
2022-10-27 05:57:49,346 [17] DEBUG LTCPro.ServiceLayer.Log4net - ---Executing GetUserToken() in UserService----
2022-10-27 05:57:49,566 [17] DEBUG LTCPro.ServiceLayer.Log4net - ---Executing GetTimeZoneDate() in CommonController----
2022-10-27 05:57:49,566 [17] DEBUG LTCPro.ServiceLayer.Log4net - ---Executing GetTimeZoneDate() in CommonService----
2022-10-27 05:57:49,784 [17] DEBUG LTCPro.ServiceLayer.Log4net - ---Executed Successfully GetTimeZoneDate() in CommonController----
2022-10-27 05:58:04,000 [23] DEBUG LTCPro.ServiceLayer.Log4net - ---Executed Successfully GetNursingScheduleData() in EmarController----
2022-10-27 05:58:04,043 [23] DEBUG LTCPro.ServiceLayer.Log4net - ---Executing GetUserToken() in UserService----
2022-10-27 05:58:04,425 [23] DEBUG LTCPro.ServiceLayer.Log4net - ---Executing GetNurseShiftDrop() in CommonController----
2022-10-27 05:58:04,425 [23] DEBUG LTCPro.ServiceLayer.Log4net - ---Executing GetNurseShiftDrop() in CommonService----
2022-10-27 05:58:04,856 [23] DEBUG LTCPro.ServiceLayer.Log4net - ---Executed Successfully GetNurseShiftDrop() in CommonController----
2022-10-27 05:58:07,804 [17] DEBUG LTCPro.ServiceLayer.Log4net - ---Executing GetUserToken() in UserService----
2022-10-27 05:58:08,024 [17] DEBUG LTCPro.ServiceLayer.Log4net - ---Executing GetEmarResidentGridData() in EmarController----
2022-10-27 05:58:08,024 [17] DEBUG LTCPro.ServiceLayer.Log4net - ---Executing GetEmarResidentGridData() in EmarService----
2022-10-27 05:58:09,368 [17] DEBUG LTCPro.ServiceLayer.Log4net - ---Executed Successfully GetEmarResidentGridData() in EmarController----
2022-10-27 05:58:10,863 [8] DEBUG LTCPro.ServiceLayer.Log4net - ---Executing GetUserToken() in UserService----
2022-10-27 05:58:11,523 [8] DEBUG LTCPro.ServiceLayer.Log4net - ---Executing GetOrdersGridData() in OrdersController----
2022-10-27 05:58:11,523 [8] DEBUG LTCPro.ServiceLayer.Log4net - ---Executing GetOrdersGridData() in OrdersService----
2022-10-27 06:02:45,347 [8] DEBUG LTCPro.ServiceLayer.Log4net - ---Executed Successfully GetOrdersGridData() in OrdersController----
2022-10-27 06:03:12,355 [14] DEBUG LTCPro.ServiceLayer.Log4net - ---Executed Successfully GetPendingOrdersGridData() in OrdersController----
2022-10-27 06:18:07,684 [30] DEBUG LTCPro.ServiceLayer.Log4net - ---Executing LogoutUser() in UserController----
2022-10-27 06:18:07,684 [30] DEBUG LTCPro.ServiceLayer.Log4net - ---Executing LogoutUser() in UserService----
2022-10-27 06:18:07,785 [32] DEBUG LTCPro.ServiceLayer.Log4net - ---Executing GetUserToken() in UserService----
2022-10-27 06:18:07,836 [28] DEBUG LTCPro.ServiceLayer.Log4net - ---Executing GetUserToken() in UserService----
2022-10-27 06:18:21,985 [28] DEBUG LTCPro.ServiceLayer.Log4net - ---Executing AutoLogoutUser() in UserService----
2022-10-27 06:18:22,924 [32] DEBUG LTCPro.ServiceLayer.Log4net - ---Executing AutoLogoutUser() in UserService----
2022-10-27 06:18:24,177 [30] DEBUG LTCPro.ServiceLayer.Log4net - ---Executed Successfully LogoutUser() in UserController----
2022-10-27 08:47:19,491 [7] DEBUG LTCPro.ServiceLayer.Log4net - ---Executing InsertUpdatePatientType() in CommonController----
2022-10-27 08:47:19,570 [7] DEBUG LTCPro.ServiceLayer.Log4net - ---Executing InsertUpdateDocumentCheck() in CommonService----
2022-10-27 08:47:19,872 [7] ERROR LTCPro.ServiceLayer.Log4net - ===================================
2022-10-27 08:47:19,908 [7] ERROR LTCPro.ServiceLayer.Log4net -  Source : = mscorlib
2022-10-27 08:47:19,908 [7] ERROR LTCPro.ServiceLayer.Log4net -  Stack Trace : =    at System.Threading.Tasks.Task.ThrowIfExceptional(Boolean includeTaskCanceledExceptions)
   at System.Threading.Tasks.Task`1.GetResultCore(Boolean waitCompletionNotification)
   at System.Threading.Tasks.Task`1.get_Result()
   at LTCPro.WebApi.Controllers.CommonController.InsertUpdateDocumentCheck(List`1 entity) in D:\old system Data 04042021\Emar Service Latest 1\WebApi\Controllers\CommonController.cs:line 214
   at lambda_method(Closure , Object , Object[] )
   at System.Web.Http.Controllers.ReflectedHttpActionDescriptor.ActionExecutor.<>c__DisplayClass6_1.<GetExecutor>b__3(Object instance, Object[] methodParameters)
   at System.Web.Http.Controllers.ReflectedHttpActionDescriptor.ActionExecutor.Execute(Object instance, Object[] arguments)
   at System.Web.Http.Controllers.ReflectedHttpActionDescriptor.ExecuteAsync(HttpControllerContext controllerContext, IDictionary`2 arguments, CancellationToken cancellationToken)
--- End of stack trace from previous location where exception was thrown ---
   at System.Runtime.CompilerServices.TaskAwaiter.ThrowForNonSuccess(Task task)
   at System.Runtime.CompilerServices.TaskAwaiter.HandleNonSuccessAndDebuggerNotification(Task task)
   at System.Web.Http.Controllers.ApiControllerActionInvoker.<InvokeActionAsyncCore>d__1.MoveNext()
--- End of stack trace from previous location where exception was thrown ---
   at System.Runtime.CompilerServices.TaskAwaiter.ThrowForNonSuccess(Task task)
   at System.Runtime.CompilerServices.TaskAwaiter.HandleNonSuccessAndDebuggerNotification(Task task)
   at System.Web.Http.Controllers.ActionFilterResult.<ExecuteAsync>d__5.MoveNext()
--- End of stack trace from previous location where exception was thrown ---
   at System.Runtime.CompilerServices.TaskAwaiter.ThrowForNonSuccess(Task task)
   at System.Runtime.CompilerServices.TaskAwaiter.HandleNonSuccessAndDebuggerNotification(Task task)
   at System.Web.Http.Controllers.ExceptionFilterResult.<ExecuteAsync>d__6.MoveNext()
2022-10-27 08:47:19,908 [7] ERROR LTCPro.ServiceLayer.Log4net -  Exception Message : = One or more errors occurred.
2022-10-27 08:47:19,908 [7] ERROR LTCPro.ServiceLayer.Log4net - ============= Inner Exception  Stack Trace  ===========
2022-10-27 08:47:19,949 [7] ERROR LTCPro.ServiceLayer.Log4net -  Inner Exception  Stack Trace : =    at LTCPro.Repositories.CommonRepository.InsertUpdateDocumentCheck(List`1 data) in D:\old system Data 04042021\Emar Service Latest 1\Repositories\Repositories\CommonRepository.cs:line 345
   at LTCPro.ServiceLayer.CommonService.<InsertUpdateDocumentCheck>d__20.MoveNext() in D:\old system Data 04042021\Emar Service Latest 1\BusinessLayer\Services\CommonService.cs:line 116
2022-10-27 08:47:19,949 [7] ERROR LTCPro.ServiceLayer.Log4net - ============= Inner Exception  Stack Trace End  ===========
2022-10-27 08:47:19,949 [7] ERROR LTCPro.ServiceLayer.Log4net - ============= Inner Exception  Message  ===========
2022-10-27 08:47:19,949 [7] ERROR LTCPro.ServiceLayer.Log4net -  Inner Exception Message : = Object reference not set to an instance of an object.
2022-10-27 08:47:19,949 [7] ERROR LTCPro.ServiceLayer.Log4net - ============= Inner Exception  Message End  ===========
2022-10-27 08:48:48,254 [5] ERROR LTCPro.ServiceLayer.Log4net - ===================================
2022-10-27 08:48:48,254 [5] ERROR LTCPro.ServiceLayer.Log4net -  Source : = System.Web.Http
2022-10-27 08:48:48,255 [5] ERROR LTCPro.ServiceLayer.Log4net -  Stack Trace : =    at System.Web.Http.ModelBinding.FormatterParameterBinding.ReadContentAsync(HttpRequestMessage request, Type type, IEnumerable`1 formatters, IFormatterLogger formatterLogger, CancellationToken cancellationToken)
   at System.Web.Http.ModelBinding.FormatterParameterBinding.ReadContentAsync(HttpRequestMessage request, Type type, IEnumerable`1 formatters, IFormatterLogger formatterLogger)
   at System.Web.Http.ModelBinding.FormatterParameterBinding.<ExecuteBindingAsyncCore>d__18.MoveNext()
--- End of stack trace from previous location where exception was thrown ---
   at System.Runtime.CompilerServices.TaskAwaiter.ThrowForNonSuccess(Task task)
   at System.Runtime.CompilerServices.TaskAwaiter.HandleNonSuccessAndDebuggerNotification(Task task)
   at System.Web.Http.Controllers.HttpActionBinding.<ExecuteBindingAsyncCore>d__12.MoveNext()
--- End of stack trace from previous location where exception was thrown ---
   at System.Runtime.CompilerServices.TaskAwaiter.ThrowForNonSuccess(Task task)
   at System.Runtime.CompilerServices.TaskAwaiter.HandleNonSuccessAndDebuggerNotification(Task task)
   at System.Web.Http.Controllers.ActionFilterResult.<ExecuteAsync>d__5.MoveNext()
--- End of stack trace from previous location where exception was thrown ---
   at System.Runtime.CompilerServices.TaskAwaiter.ThrowForNonSuccess(Task task)
   at System.Runtime.CompilerServices.TaskAwaiter.HandleNonSuccessAndDebuggerNotification(Task task)
   at System.Web.Http.Controllers.ExceptionFilterResult.<ExecuteAsync>d__6.MoveNext()
2022-10-27 08:48:48,255 [5] ERROR LTCPro.ServiceLayer.Log4net -  Exception Message : = Processing of the HTTP request resulted in an exception. Please see the HTTP response returned by the 'Response' property of this exception for details.
2022-10-27 08:48:48,255 [5] ERROR LTCPro.ServiceLayer.Log4net - ============= Inner Exception  Stack Trace  ===========
2022-10-27 08:48:59,083 [5] ERROR LTCPro.ServiceLayer.Log4net - ===================================
2022-10-27 08:48:59,083 [5] ERROR LTCPro.ServiceLayer.Log4net -  Source : = System.Web.Http
2022-10-27 08:48:59,083 [5] ERROR LTCPro.ServiceLayer.Log4net -  Stack Trace : =    at System.Web.Http.ModelBinding.FormatterParameterBinding.ReadContentAsync(HttpRequestMessage request, Type type, IEnumerable`1 formatters, IFormatterLogger formatterLogger, CancellationToken cancellationToken)
   at System.Web.Http.ModelBinding.FormatterParameterBinding.ReadContentAsync(HttpRequestMessage request, Type type, IEnumerable`1 formatters, IFormatterLogger formatterLogger)
   at System.Web.Http.ModelBinding.FormatterParameterBinding.<ExecuteBindingAsyncCore>d__18.MoveNext()
--- End of stack trace from previous location where exception was thrown ---
   at System.Runtime.CompilerServices.TaskAwaiter.ThrowForNonSuccess(Task task)
   at System.Runtime.CompilerServices.TaskAwaiter.HandleNonSuccessAndDebuggerNotification(Task task)
   at System.Web.Http.Controllers.HttpActionBinding.<ExecuteBindingAsyncCore>d__12.MoveNext()
--- End of stack trace from previous location where exception was thrown ---
   at System.Runtime.CompilerServices.TaskAwaiter.ThrowForNonSuccess(Task task)
   at System.Runtime.CompilerServices.TaskAwaiter.HandleNonSuccessAndDebuggerNotification(Task task)
   at System.Web.Http.Controllers.ActionFilterResult.<ExecuteAsync>d__5.MoveNext()
--- End of stack trace from previous location where exception was thrown ---
   at System.Runtime.CompilerServices.TaskAwaiter.ThrowForNonSuccess(Task task)
   at System.Runtime.CompilerServices.TaskAwaiter.HandleNonSuccessAndDebuggerNotification(Task task)
   at System.Web.Http.Controllers.ExceptionFilterResult.<ExecuteAsync>d__6.MoveNext()
2022-10-27 08:48:59,084 [5] ERROR LTCPro.ServiceLayer.Log4net -  Exception Message : = Processing of the HTTP request resulted in an exception. Please see the HTTP response returned by the 'Response' property of this exception for details.
2022-10-27 08:48:59,084 [5] ERROR LTCPro.ServiceLayer.Log4net - ============= Inner Exception  Stack Trace  ===========
2022-10-27 08:49:15,236 [13] DEBUG LTCPro.ServiceLayer.Log4net - ---Executed Successfully InsertUpdatePatientType() in CommonController----
2022-10-27 08:51:07,301 [7] DEBUG LTCPro.ServiceLayer.Log4net - ---Executing InsertUpdatePatientType() in CommonController----
2022-10-27 08:51:11,280 [7] DEBUG LTCPro.ServiceLayer.Log4net - ---Executing InsertUpdateDocumentCheck() in CommonService----
2022-10-27 08:51:17,861 [7] ERROR LTCPro.ServiceLayer.Log4net - ===================================
2022-10-27 08:51:17,861 [7] ERROR LTCPro.ServiceLayer.Log4net -  Source : = mscorlib
2022-10-27 08:51:17,861 [7] ERROR LTCPro.ServiceLayer.Log4net -  Stack Trace : =    at System.Threading.Tasks.Task.ThrowIfExceptional(Boolean includeTaskCanceledExceptions)
   at System.Threading.Tasks.Task`1.GetResultCore(Boolean waitCompletionNotification)
   at System.Threading.Tasks.Task`1.get_Result()
   at LTCPro.WebApi.Controllers.CommonController.InsertUpdateDocumentCheck(List`1 entity) in D:\old system Data 04042021\Emar Service Latest 1\WebApi\Controllers\CommonController.cs:line 214
   at lambda_method(Closure , Object , Object[] )
   at System.Web.Http.Controllers.ReflectedHttpActionDescriptor.ActionExecutor.<>c__DisplayClass6_1.<GetExecutor>b__3(Object instance, Object[] methodParameters)
   at System.Web.Http.Controllers.ReflectedHttpActionDescriptor.ActionExecutor.Execute(Object instance, Object[] arguments)
   at System.Web.Http.Controllers.ReflectedHttpActionDescriptor.ExecuteAsync(HttpControllerContext controllerContext, IDictionary`2 arguments, CancellationToken cancellationToken)
--- End of stack trace from previous location where exception was thrown ---
   at System.Runtime.CompilerServices.TaskAwaiter.ThrowForNonSuccess(Task task)
   at System.Runtime.CompilerServices.TaskAwaiter.HandleNonSuccessAndDebuggerNotification(Task task)
   at System.Web.Http.Controllers.ApiControllerActionInvoker.<InvokeActionAsyncCore>d__1.MoveNext()
--- End of stack trace from previous location where exception was thrown ---
   at System.Runtime.CompilerServices.TaskAwaiter.ThrowForNonSuccess(Task task)
   at System.Runtime.CompilerServices.TaskAwaiter.HandleNonSuccessAndDebuggerNotification(Task task)
   at System.Web.Http.Controllers.ActionFilterResult.<ExecuteAsync>d__5.MoveNext()
--- End of stack trace from previous location where exception was thrown ---
   at System.Runtime.CompilerServices.TaskAwaiter.ThrowForNonSuccess(Task task)
   at System.Runtime.CompilerServices.TaskAwaiter.HandleNonSuccessAndDebuggerNotification(Task task)
   at System.Web.Http.Controllers.ExceptionFilterResult.<ExecuteAsync>d__6.MoveNext()
2022-10-27 08:51:17,861 [7] ERROR LTCPro.ServiceLayer.Log4net -  Exception Message : = One or more errors occurred.
2022-10-27 08:51:17,861 [7] ERROR LTCPro.ServiceLayer.Log4net - ============= Inner Exception  Stack Trace  ===========
2022-10-27 08:51:17,861 [7] ERROR LTCPro.ServiceLayer.Log4net -  Inner Exception  Stack Trace : =    at System.DateTimeParse.Parse(String s, DateTimeFormatInfo dtfi, DateTimeStyles styles)
   at System.Convert.ToDateTime(String value)
   at LTCPro.Repositories.CommonRepository.InsertUpdateDocumentCheck(List`1 data) in D:\old system Data 04042021\Emar Service Latest 1\Repositories\Repositories\CommonRepository.cs:line 347
   at LTCPro.ServiceLayer.CommonService.<InsertUpdateDocumentCheck>d__20.MoveNext() in D:\old system Data 04042021\Emar Service Latest 1\BusinessLayer\Services\CommonService.cs:line 116
2022-10-27 08:51:17,861 [7] ERROR LTCPro.ServiceLayer.Log4net - ============= Inner Exception  Stack Trace End  ===========
2022-10-27 08:51:17,861 [7] ERROR LTCPro.ServiceLayer.Log4net - ============= Inner Exception  Message  ===========
2022-10-27 08:51:17,861 [7] ERROR LTCPro.ServiceLayer.Log4net -  Inner Exception Message : = String was not recognized as a valid DateTime.
2022-10-27 08:51:17,861 [7] ERROR LTCPro.ServiceLayer.Log4net - ============= Inner Exception  Message End  ===========
2022-10-27 08:52:03,239 [7] DEBUG LTCPro.ServiceLayer.Log4net - ---Executing InsertUpdatePatientType() in CommonController----
2022-10-27 08:52:06,068 [7] DEBUG LTCPro.ServiceLayer.Log4net - ---Executing InsertUpdateDocumentCheck() in CommonService----
2022-10-27 08:52:33,671 [7] DEBUG LTCPro.ServiceLayer.Log4net - ---Executing InsertUpdatePatientType() in CommonController----
2022-10-27 08:52:36,043 [7] DEBUG LTCPro.ServiceLayer.Log4net - ---Executing InsertUpdateDocumentCheck() in CommonService----
2022-10-27 09:09:22,421 [8] DEBUG LTCPro.ServiceLayer.Log4net - ---Executing UsersConfigNurseStationDrop() in FacilityController----
2022-10-27 09:09:22,430 [8] DEBUG LTCPro.ServiceLayer.Log4net - ---Executing UsersConfigNurseStationDrop() in FacilityService----
2022-10-27 09:09:38,638 [8] DEBUG LTCPro.ServiceLayer.Log4net - ---Executed Successfully UsersConfigNurseStationDrop() in FacilityController----
2022-10-27 09:09:39,002 [5] DEBUG LTCPro.ServiceLayer.Log4net - ---Executing GetProcessKeyMasterList() in FacilityController----
2022-10-27 09:09:39,029 [5] DEBUG LTCPro.ServiceLayer.Log4net - ---Executing GetProcessKeyMasterList() in FacilityService----
2022-10-27 09:09:39,347 [5] DEBUG LTCPro.ServiceLayer.Log4net - ---Executed Successfully GetProcessKeyMasterList() in FacilityController----
2022-10-27 09:11:09,137 [11] DEBUG LTCPro.ServiceLayer.Log4net - ---Executing CheckUser() in UserService----
2022-10-27 09:11:11,695 [11] DEBUG LTCPro.ServiceLayer.Log4net - ---Executing FindUser() in UserService----
2022-10-27 09:11:12,102 [11] DEBUG LTCPro.ServiceLayer.Log4net - ---Executing InsertUserSession() in UserService----
2022-10-27 09:11:13,012 [11] DEBUG LTCPro.ServiceLayer.Log4net - ---Executing InsertUserToken() in UserService----
2022-10-27 09:11:14,205 [11] DEBUG LTCPro.ServiceLayer.Log4net - ---Executing InsertUpdateUserRecentFacNs() in UserController----
2022-10-27 09:11:14,222 [8] DEBUG LTCPro.ServiceLayer.Log4net - ---Executing GetScreenPermissionsForLoggedInUser() in RoleController----
2022-10-27 09:11:14,243 [8] DEBUG LTCPro.ServiceLayer.Log4net - ---Executing GetScreenPermissionsForLoggedInUser() in RoleService----
2022-10-27 09:11:14,253 [11] DEBUG LTCPro.ServiceLayer.Log4net - ---Executing GetUserRecentFacNs() in UserService----
2022-10-27 09:11:15,005 [11] DEBUG LTCPro.ServiceLayer.Log4net - ---Executing InsertUpdateUserRecentFacNs() in CommonService----
2022-10-27 09:11:16,173 [11] DEBUG LTCPro.ServiceLayer.Log4net - ---Executed Successfully InsertUpdateUserRecentFacNs() in UserController----
2022-10-27 09:11:26,700 [8] DEBUG LTCPro.ServiceLayer.Log4net - ---Executed Successfully GetScreenPermissionsForLoggedInUser() in RoleController----
2022-10-27 09:11:26,900 [8] DEBUG LTCPro.ServiceLayer.Log4net - ---Executing GetUserToken() in UserService----
2022-10-27 09:11:27,105 [5] DEBUG LTCPro.ServiceLayer.Log4net - ---Executing GetUserToken() in UserService----
2022-10-27 09:11:27,106 [11] DEBUG LTCPro.ServiceLayer.Log4net - ---Executing GetUserToken() in UserService----
2022-10-27 09:11:27,114 [12] DEBUG LTCPro.ServiceLayer.Log4net - ---Executing GetUserToken() in UserService----
2022-10-27 09:11:27,189 [8] DEBUG LTCPro.ServiceLayer.Log4net - ---Executing InsertUserActivityDetails() in CompanyController----
2022-10-27 09:11:27,190 [8] DEBUG LTCPro.ServiceLayer.Log4net - ---Executing InsertUserActivityDetails() in UserActivityService----
2022-10-27 09:11:27,364 [12] DEBUG LTCPro.ServiceLayer.Log4net - ---Executing GetDueMARAlertData() in EmarController----
2022-10-27 09:11:27,364 [5] DEBUG LTCPro.ServiceLayer.Log4net - ---Executing GetAlertsDetails() in MailboxController----
2022-10-27 09:11:27,389 [12] DEBUG LTCPro.ServiceLayer.Log4net - ---Executing GetDueMARAlertData() in EmarService----
2022-10-27 09:11:27,392 [5] DEBUG LTCPro.ServiceLayer.Log4net - ---Executing GetAlertsDetails() in MailboxService----
2022-10-27 09:11:27,745 [10] DEBUG LTCPro.ServiceLayer.Log4net - ---Executing GetUserToken() in UserService----
2022-10-27 09:11:27,986 [8] DEBUG LTCPro.ServiceLayer.Log4net - ---Executed Successfully InsertUserActivityDetails() in CompanyController----
2022-10-27 09:11:28,008 [8] DEBUG LTCPro.ServiceLayer.Log4net - ---Executing GetUserToken() in UserService----
2022-10-27 09:11:28,465 [11] DEBUG LTCPro.ServiceLayer.Log4net - ---Executing GetReadMailsCount() in MailboxController----
2022-10-27 09:11:28,465 [11] DEBUG LTCPro.ServiceLayer.Log4net - ---Executing GetReadMailsCount() in MailboxService----
2022-10-27 09:11:28,484 [12] DEBUG LTCPro.ServiceLayer.Log4net - ---Executed Successfully GetDueMARAlertData() in EmarController----
2022-10-27 09:11:28,506 [12] DEBUG LTCPro.ServiceLayer.Log4net - ---Executing GetUserToken() in UserService----
2022-10-27 09:11:28,628 [5] DEBUG LTCPro.ServiceLayer.Log4net - ---Executed successfully GetAlertsDetails() in MailboxController----
2022-10-27 09:11:28,646 [5] DEBUG LTCPro.ServiceLayer.Log4net - ---Executing GetUserToken() in UserService----
2022-10-27 09:11:28,721 [8] DEBUG LTCPro.ServiceLayer.Log4net - ---Executing GetOutboundErrorDetails() in CommonController----
2022-10-27 09:11:28,722 [8] DEBUG LTCPro.ServiceLayer.Log4net - ---Executing GetOutboundErrorDetails() in CommonService----
2022-10-27 09:11:28,746 [11] DEBUG LTCPro.ServiceLayer.Log4net - ---Executed successfully GetReadMailsCount() in MailboxController----
2022-10-27 09:11:28,779 [11] DEBUG LTCPro.ServiceLayer.Log4net - ---Executing GetUserToken() in UserService----
2022-10-27 09:11:28,848 [12] DEBUG LTCPro.ServiceLayer.Log4net - ---Executing GetPendingDosesList() in CommonController----
2022-10-27 09:11:28,849 [12] DEBUG LTCPro.ServiceLayer.Log4net - ---Executing GetPendingDosesList() in CommonService----
2022-10-27 09:11:29,362 [5] DEBUG LTCPro.ServiceLayer.Log4net - ---Executing GetUserRecentFacNs() in UserController----
2022-10-27 09:11:29,362 [5] DEBUG LTCPro.ServiceLayer.Log4net - ---Executing GetUserRecentFacNs() in UserService----
2022-10-27 09:11:29,366 [11] DEBUG LTCPro.ServiceLayer.Log4net - ---Executing GetUserActiveCompanyMasterList() in CompanyController----
2022-10-27 09:11:29,367 [11] DEBUG LTCPro.ServiceLayer.Log4net - ---Executing GetActiveCompanyMasterList() in CompanyService----
2022-10-27 09:11:29,753 [10] DEBUG LTCPro.ServiceLayer.Log4net - ---Executing GetUserPassedDueFlag() in UserController----
2022-10-27 09:11:29,754 [10] DEBUG LTCPro.ServiceLayer.Log4net - ---Executing GetUserPassedDueFlag() in UserService----
2022-10-27 09:11:29,802 [5] DEBUG LTCPro.ServiceLayer.Log4net - ---Executed Successfully GetUserRecentFacNs() in UserController----
2022-10-27 09:11:30,007 [10] DEBUG LTCPro.ServiceLayer.Log4net - ---Executed Successfully GetUserPassedDueFlag() in UserController----
2022-10-27 09:11:30,057 [10] DEBUG LTCPro.ServiceLayer.Log4net - ---Executing GetUserToken() in UserService----
2022-10-27 09:11:30,276 [10] DEBUG LTCPro.ServiceLayer.Log4net - ---Executing GetUserAccessFacilityNurseStaions() in FacilityController----
2022-10-27 09:11:30,277 [10] DEBUG LTCPro.ServiceLayer.Log4net - ---Executing GetUserAccessFacilityNurseStaions() in FacilityService----
2022-10-27 09:11:30,765 [10] DEBUG LTCPro.ServiceLayer.Log4net - ---Executed Successfully GetUserAccessFacilityNurseStaions() in FacilityController----
2022-10-27 09:11:32,530 [12] DEBUG LTCPro.ServiceLayer.Log4net - ---Executed Successfully GetPendingDosesList() in CommonController----
2022-10-27 09:11:33,116 [11] DEBUG LTCPro.ServiceLayer.Log4net - ---Executed Successfully GetUserActiveCompanyMasterList() in CompanyController----
2022-10-27 09:11:35,841 [8] DEBUG LTCPro.ServiceLayer.Log4net - ---Executed Successfully GetOutboundErrorDetails() in CommonController----
2022-10-27 09:12:02,923 [12] DEBUG LTCPro.ServiceLayer.Log4net - ---Executing GetUserToken() in UserService----
2022-10-27 09:12:02,938 [11] DEBUG LTCPro.ServiceLayer.Log4net - ---Executing GetUserToken() in UserService----
2022-10-27 09:12:02,939 [8] DEBUG LTCPro.ServiceLayer.Log4net - ---Executing GetUserToken() in UserService----
2022-10-27 09:12:03,269 [11] DEBUG LTCPro.ServiceLayer.Log4net - ---Executing GetDueMARAlertData() in EmarController----
2022-10-27 09:12:03,269 [8] DEBUG LTCPro.ServiceLayer.Log4net - ---Executing GetUserRecentFacNs() in UserController----
2022-10-27 09:12:03,270 [8] DEBUG LTCPro.ServiceLayer.Log4net - ---Executing GetUserRecentFacNs() in UserService----
2022-10-27 09:12:03,269 [11] DEBUG LTCPro.ServiceLayer.Log4net - ---Executing GetDueMARAlertData() in EmarService----
2022-10-27 09:12:03,270 [12] DEBUG LTCPro.ServiceLayer.Log4net - ---Executing InsertUserActivityDetails() in CompanyController----
2022-10-27 09:12:03,270 [12] DEBUG LTCPro.ServiceLayer.Log4net - ---Executing InsertUserActivityDetails() in UserActivityService----
2022-10-27 09:12:03,709 [8] DEBUG LTCPro.ServiceLayer.Log4net - ---Executed Successfully GetUserRecentFacNs() in UserController----
2022-10-27 09:12:03,766 [10] DEBUG LTCPro.ServiceLayer.Log4net - ---Executing GetUserToken() in UserService----
2022-10-27 09:12:03,798 [11] DEBUG LTCPro.ServiceLayer.Log4net - ---Executed Successfully GetDueMARAlertData() in EmarController----
2022-10-27 09:12:03,930 [12] DEBUG LTCPro.ServiceLayer.Log4net - ---Executed Successfully InsertUserActivityDetails() in CompanyController----
2022-10-27 09:12:03,986 [10] DEBUG LTCPro.ServiceLayer.Log4net - ---Executing GetCompanyToBedData() in FacilityController----
2022-10-27 09:12:03,987 [10] DEBUG LTCPro.ServiceLayer.Log4net - ---Executing GetCompanyToBedData() in FacilityService----
2022-10-27 09:12:05,324 [5] DEBUG LTCPro.ServiceLayer.Log4net - ---Executing GetUserToken() in UserService----
2022-10-27 09:12:05,329 [8] DEBUG LTCPro.ServiceLayer.Log4net - ---Executing GetUserToken() in UserService----
2022-10-27 09:12:05,545 [5] DEBUG LTCPro.ServiceLayer.Log4net - ---Executing InsertUserActivityDetails() in CompanyController----
2022-10-27 09:12:05,545 [5] DEBUG LTCPro.ServiceLayer.Log4net - ---Executing InsertUserActivityDetails() in UserActivityService----
2022-10-27 09:12:05,547 [8] DEBUG LTCPro.ServiceLayer.Log4net - ---Executing GetUserRecentFacNs() in UserController----
2022-10-27 09:12:05,548 [8] DEBUG LTCPro.ServiceLayer.Log4net - ---Executing GetUserRecentFacNs() in UserService----
2022-10-27 09:12:05,985 [8] DEBUG LTCPro.ServiceLayer.Log4net - ---Executed Successfully GetUserRecentFacNs() in UserController----
2022-10-27 09:12:06,119 [11] DEBUG LTCPro.ServiceLayer.Log4net - ---Executing GetUserToken() in UserService----
2022-10-27 09:12:06,203 [5] DEBUG LTCPro.ServiceLayer.Log4net - ---Executed Successfully InsertUserActivityDetails() in CompanyController----
2022-10-27 09:12:06,276 [10] DEBUG LTCPro.ServiceLayer.Log4net - ---Executed Successfully GetCompanyToBedData() in FacilityController----
2022-10-27 09:12:06,338 [11] DEBUG LTCPro.ServiceLayer.Log4net - ---Executing GetUserAccessFacilityNurseStaions() in FacilityController----
2022-10-27 09:12:06,338 [11] DEBUG LTCPro.ServiceLayer.Log4net - ---Executing GetUserAccessFacilityNurseStaions() in FacilityService----
2022-10-27 09:12:06,438 [5] DEBUG LTCPro.ServiceLayer.Log4net - ---Executing GetUserToken() in UserService----
2022-10-27 09:12:06,690 [5] DEBUG LTCPro.ServiceLayer.Log4net - ---Executing UserNurseStationDrop() in FacilityController----
2022-10-27 09:12:06,691 [5] DEBUG LTCPro.ServiceLayer.Log4net - ---Executing UserNurseStationDrop() in FacilityService----
2022-10-27 09:12:06,777 [11] DEBUG LTCPro.ServiceLayer.Log4net - ---Executed Successfully GetUserAccessFacilityNurseStaions() in FacilityController----
2022-10-27 09:12:06,823 [8] DEBUG LTCPro.ServiceLayer.Log4net - ---Executing GetUserToken() in UserService----
2022-10-27 09:12:06,922 [5] DEBUG LTCPro.ServiceLayer.Log4net - ---Executed Successfully UserNurseStationDrop() in FacilityController----
2022-10-27 09:12:07,043 [8] DEBUG LTCPro.ServiceLayer.Log4net - ---Executing UserNurseStationDrop() in FacilityController----
2022-10-27 09:12:07,043 [8] DEBUG LTCPro.ServiceLayer.Log4net - ---Executing UserNurseStationDrop() in FacilityService----
2022-10-27 09:12:07,668 [8] DEBUG LTCPro.ServiceLayer.Log4net - ---Executed Successfully UserNurseStationDrop() in FacilityController----
2022-10-27 09:12:07,718 [15] DEBUG LTCPro.ServiceLayer.Log4net - ---Executing GetUserToken() in UserService----
2022-10-27 09:12:07,720 [8] DEBUG LTCPro.ServiceLayer.Log4net - ---Executing GetUserToken() in UserService----
2022-10-27 09:12:07,741 [5] DEBUG LTCPro.ServiceLayer.Log4net - ---Executing GetUsersByNSID() in UserController----
2022-10-27 09:12:07,742 [5] DEBUG LTCPro.ServiceLayer.Log4net - ---Executing GetUsersByNSID() in UserService----
2022-10-27 09:12:07,974 [15] DEBUG LTCPro.ServiceLayer.Log4net - ---Executing GetNursingScheduleData() in EmarController----
2022-10-27 09:12:07,976 [8] DEBUG LTCPro.ServiceLayer.Log4net - ---Executing GetDrFirstFlagForCompanyByNSId() in CompanyController----
2022-10-27 09:12:07,977 [8] DEBUG LTCPro.ServiceLayer.Log4net - ---Executing GetDrFirstFlagForCompanyByNSId() in CompanyService----
2022-10-27 09:12:08,011 [12] DEBUG LTCPro.ServiceLayer.Log4net - ---Executing GetUserToken() in UserService----
2022-10-27 09:12:08,076 [15] DEBUG LTCPro.ServiceLayer.Log4net - ---Executing GetNursingScheduleData() in EmarService----
2022-10-27 09:12:08,302 [12] DEBUG LTCPro.ServiceLayer.Log4net - ---Executing GetPendingOrdersGridData() in OrdersController----
2022-10-27 09:12:08,303 [12] DEBUG LTCPro.ServiceLayer.Log4net - ---Executing GetPendingOrdersGridData() in OrdersService----
2022-10-27 09:12:08,343 [8] DEBUG LTCPro.ServiceLayer.Log4net - ---Executed Successfully GetDrFirstFlagForCompanyByNSId() in CompanyController----
2022-10-27 09:12:08,386 [8] DEBUG LTCPro.ServiceLayer.Log4net - ---Executing GetUserToken() in UserService----
2022-10-27 09:12:08,630 [8] DEBUG LTCPro.ServiceLayer.Log4net - ---Executing GetResidentsListByNSId() in AssesmentController----
2022-10-27 09:12:08,631 [8] DEBUG LTCPro.ServiceLayer.Log4net - ---Executing GetResidentsListByNSId() in AssesmentService----
2022-10-27 09:12:08,722 [5] DEBUG LTCPro.ServiceLayer.Log4net - ---Executed Successfully GetUsersByNSID() in UserController----
2022-10-27 09:12:08,912 [5] DEBUG LTCPro.ServiceLayer.Log4net - ---Executing GetUserToken() in UserService----
2022-10-27 09:12:09,168 [5] DEBUG LTCPro.ServiceLayer.Log4net - ---Executing GetTimeZoneDate() in CommonController----
2022-10-27 09:12:09,169 [5] DEBUG LTCPro.ServiceLayer.Log4net - ---Executing GetTimeZoneDate() in CommonService----
2022-10-27 09:12:09,432 [8] DEBUG LTCPro.ServiceLayer.Log4net - ---Executed Successfully GetResidentsListByNSId() in AssesmentController----
2022-10-27 09:12:09,433 [5] DEBUG LTCPro.ServiceLayer.Log4net - ---Executed Successfully GetTimeZoneDate() in CommonController----
2022-10-27 09:12:09,797 [5] DEBUG LTCPro.ServiceLayer.Log4net - ---Executing GetUserToken() in UserService----
2022-10-27 09:12:10,020 [5] DEBUG LTCPro.ServiceLayer.Log4net - ---Executing GetTimeZoneDate() in CommonController----
2022-10-27 09:12:10,020 [5] DEBUG LTCPro.ServiceLayer.Log4net - ---Executing GetTimeZoneDate() in CommonService----
2022-10-27 09:12:10,239 [5] DEBUG LTCPro.ServiceLayer.Log4net - ---Executed Successfully GetTimeZoneDate() in CommonController----
2022-10-27 09:12:11,133 [8] DEBUG LTCPro.ServiceLayer.Log4net - ---Executing GetUserToken() in UserService----
2022-10-27 09:12:11,353 [8] DEBUG LTCPro.ServiceLayer.Log4net - ---Executing UserNurseStationDrop() in FacilityController----
2022-10-27 09:12:11,353 [8] DEBUG LTCPro.ServiceLayer.Log4net - ---Executing UserNurseStationDrop() in FacilityService----
2022-10-27 09:12:11,661 [8] DEBUG LTCPro.ServiceLayer.Log4net - ---Executed Successfully UserNurseStationDrop() in FacilityController----
2022-10-27 09:12:15,400 [5] DEBUG LTCPro.ServiceLayer.Log4net - ---Executing GetUsersByNSID() in UserController----
2022-10-27 09:12:15,400 [5] DEBUG LTCPro.ServiceLayer.Log4net - ---Executing GetUsersByNSID() in UserService----
2022-10-27 09:12:15,422 [8] DEBUG LTCPro.ServiceLayer.Log4net - ---Executing GetUserToken() in UserService----
2022-10-27 09:12:15,640 [8] DEBUG LTCPro.ServiceLayer.Log4net - ---Executing GetResidentsListByNSId() in AssesmentController----
2022-10-27 09:12:15,640 [8] DEBUG LTCPro.ServiceLayer.Log4net - ---Executing GetResidentsListByNSId() in AssesmentService----
2022-10-27 09:12:17,696 [5] DEBUG LTCPro.ServiceLayer.Log4net - ---Executed Successfully GetUsersByNSID() in UserController----
2022-10-27 09:12:18,093 [8] DEBUG LTCPro.ServiceLayer.Log4net - ---Executed Successfully GetResidentsListByNSId() in AssesmentController----
2022-10-27 09:12:18,205 [5] DEBUG LTCPro.ServiceLayer.Log4net - ---Executing GetUserToken() in UserService----
2022-10-27 09:12:18,532 [5] DEBUG LTCPro.ServiceLayer.Log4net - ---Executing GetTimeZoneDate() in CommonController----
2022-10-27 09:12:18,532 [5] DEBUG LTCPro.ServiceLayer.Log4net - ---Executing GetTimeZoneDate() in CommonService----
2022-10-27 09:12:18,960 [5] DEBUG LTCPro.ServiceLayer.Log4net - ---Executed Successfully GetTimeZoneDate() in CommonController----
2022-10-27 09:12:20,067 [8] DEBUG LTCPro.ServiceLayer.Log4net - ---Executing GetUserToken() in UserService----
2022-10-27 09:12:20,502 [8] DEBUG LTCPro.ServiceLayer.Log4net - ---Executing GetNursingScheduleData() in EmarController----
2022-10-27 09:12:20,503 [8] DEBUG LTCPro.ServiceLayer.Log4net - ---Executing GetNursingScheduleData() in EmarService----
2022-10-27 09:12:24,415 [8] DEBUG LTCPro.ServiceLayer.Log4net - ---Executed Successfully GetNursingScheduleData() in EmarController----
2022-10-27 09:12:30,141 [15] DEBUG LTCPro.ServiceLayer.Log4net - ---Executed Successfully GetNursingScheduleData() in EmarController----
2022-10-27 09:12:30,227 [5] DEBUG LTCPro.ServiceLayer.Log4net - ---Executing GetUserToken() in UserService----
2022-10-27 09:12:30,575 [5] DEBUG LTCPro.ServiceLayer.Log4net - ---Executing GetNurseShiftDrop() in CommonController----
2022-10-27 09:12:30,577 [5] DEBUG LTCPro.ServiceLayer.Log4net - ---Executing GetNurseShiftDrop() in CommonService----
2022-10-27 09:12:30,950 [8] DEBUG LTCPro.ServiceLayer.Log4net - ---Executing GetUserToken() in UserService----
2022-10-27 09:12:31,425 [5] DEBUG LTCPro.ServiceLayer.Log4net - ---Executed Successfully GetNurseShiftDrop() in CommonController----
2022-10-27 09:12:31,643 [8] DEBUG LTCPro.ServiceLayer.Log4net - ---Executing GetOrdersListData() in CommonController----
2022-10-27 09:12:31,644 [8] DEBUG LTCPro.ServiceLayer.Log4net - ---Executing GetOrdersListData() in CommonService----
2022-10-27 09:12:33,366 [10] DEBUG LTCPro.ServiceLayer.Log4net - ---Executing GetUserToken() in UserService----
2022-10-27 09:12:33,562 [8] DEBUG LTCPro.ServiceLayer.Log4net - ---Executed Successfully GetOrdersListData() in CommonController----
2022-10-27 09:12:33,771 [10] DEBUG LTCPro.ServiceLayer.Log4net - ---Executing GetOrdersListData() in CommonController----
2022-10-27 09:12:33,771 [10] DEBUG LTCPro.ServiceLayer.Log4net - ---Executing GetOrdersListData() in CommonService----
2022-10-27 09:12:33,954 [8] DEBUG LTCPro.ServiceLayer.Log4net - ---Executing GetUserToken() in UserService----
2022-10-27 09:12:35,487 [8] DEBUG LTCPro.ServiceLayer.Log4net - ---Executing GetDrFirstFlagForCompanyByNSId() in CompanyController----
2022-10-27 09:12:35,487 [8] DEBUG LTCPro.ServiceLayer.Log4net - ---Executing GetDrFirstFlagForCompanyByNSId() in CompanyService----
2022-10-27 09:12:35,489 [10] DEBUG LTCPro.ServiceLayer.Log4net - ---Executed Successfully GetOrdersListData() in CommonController----
2022-10-27 09:12:35,525 [11] DEBUG LTCPro.ServiceLayer.Log4net - ---Executing GetUserToken() in UserService----
2022-10-27 09:12:35,565 [5] DEBUG LTCPro.ServiceLayer.Log4net - ---Executing GetUserToken() in UserService----
2022-10-27 09:12:35,565 [14] DEBUG LTCPro.ServiceLayer.Log4net - ---Executing GetUserToken() in UserService----
2022-10-27 09:12:36,151 [5] DEBUG LTCPro.ServiceLayer.Log4net - ---Executing GetVitalsCheckList() in EMARController----
2022-10-27 09:12:36,151 [14] DEBUG LTCPro.ServiceLayer.Log4net - ---Executing GetVitalsCheckList() in EMARController----
2022-10-27 09:12:36,558 [8] DEBUG LTCPro.ServiceLayer.Log4net - ---Executed Successfully GetDrFirstFlagForCompanyByNSId() in CompanyController----
2022-10-27 09:12:36,771 [11] DEBUG LTCPro.ServiceLayer.Log4net - ---Executing GetDrFirstFlagForCompanyByNSId() in CompanyController----
2022-10-27 09:12:36,771 [11] DEBUG LTCPro.ServiceLayer.Log4net - ---Executing GetDrFirstFlagForCompanyByNSId() in CompanyService----
2022-10-27 09:12:37,841 [5] DEBUG LTCPro.ServiceLayer.Log4net - ---Executed Successfully GetVitalsCheckList() in EMARController----
2022-10-27 09:12:37,843 [11] DEBUG LTCPro.ServiceLayer.Log4net - ---Executed Successfully GetDrFirstFlagForCompanyByNSId() in CompanyController----
2022-10-27 09:12:39,546 [14] DEBUG LTCPro.ServiceLayer.Log4net - ---Executed Successfully GetVitalsCheckList() in EMARController----
2022-10-27 09:12:59,667 [14] DEBUG LTCPro.ServiceLayer.Log4net - ---Executing GetUserToken() in UserService----
2022-10-27 09:12:59,886 [14] DEBUG LTCPro.ServiceLayer.Log4net - ---Executing GetOrdersListData() in CommonController----
2022-10-27 09:12:59,886 [14] DEBUG LTCPro.ServiceLayer.Log4net - ---Executing GetOrdersListData() in CommonService----
2022-10-27 09:13:00,850 [14] DEBUG LTCPro.ServiceLayer.Log4net - ---Executed Successfully GetOrdersListData() in CommonController----
2022-10-27 09:13:00,898 [15] DEBUG LTCPro.ServiceLayer.Log4net - ---Executing GetUserToken() in UserService----
2022-10-27 09:13:00,904 [11] DEBUG LTCPro.ServiceLayer.Log4net - ---Executing GetUserToken() in UserService----
2022-10-27 09:13:00,905 [14] DEBUG LTCPro.ServiceLayer.Log4net - ---Executing GetUserToken() in UserService----
2022-10-27 09:13:01,530 [15] DEBUG LTCPro.ServiceLayer.Log4net - ---Executing GetVitalsCheckList() in EMARController----
2022-10-27 09:13:01,530 [14] DEBUG LTCPro.ServiceLayer.Log4net - ---Executing GetDrFirstFlagForCompanyByNSId() in CompanyController----
2022-10-27 09:13:01,530 [14] DEBUG LTCPro.ServiceLayer.Log4net - ---Executing GetDrFirstFlagForCompanyByNSId() in CompanyService----
2022-10-27 09:13:01,530 [11] DEBUG LTCPro.ServiceLayer.Log4net - ---Executing GetVitalsCheckList() in EMARController----
2022-10-27 09:13:01,948 [14] DEBUG LTCPro.ServiceLayer.Log4net - ---Executed Successfully GetDrFirstFlagForCompanyByNSId() in CompanyController----
2022-10-27 09:13:02,798 [15] DEBUG LTCPro.ServiceLayer.Log4net - ---Executed Successfully GetVitalsCheckList() in EMARController----
2022-10-27 09:13:02,798 [11] DEBUG LTCPro.ServiceLayer.Log4net - ---Executed Successfully GetVitalsCheckList() in EMARController----
2022-10-27 09:13:03,659 [12] DEBUG LTCPro.ServiceLayer.Log4net - ---Executed Successfully GetPendingOrdersGridData() in OrdersController----
2022-10-27 09:13:07,007 [12] DEBUG LTCPro.ServiceLayer.Log4net - ---Executing GetUserToken() in UserService----
2022-10-27 09:13:07,230 [12] DEBUG LTCPro.ServiceLayer.Log4net - ---Executing GetOrdersListData() in CommonController----
2022-10-27 09:13:07,230 [12] DEBUG LTCPro.ServiceLayer.Log4net - ---Executing GetOrdersListData() in CommonService----
2022-10-27 09:13:08,196 [12] DEBUG LTCPro.ServiceLayer.Log4net - ---Executed Successfully GetOrdersListData() in CommonController----
2022-10-27 09:13:08,243 [11] DEBUG LTCPro.ServiceLayer.Log4net - ---Executing GetUserToken() in UserService----
2022-10-27 09:13:08,245 [15] DEBUG LTCPro.ServiceLayer.Log4net - ---Executing GetUserToken() in UserService----
2022-10-27 09:13:08,246 [14] DEBUG LTCPro.ServiceLayer.Log4net - ---Executing GetUserToken() in UserService----
2022-10-27 09:13:08,473 [15] DEBUG LTCPro.ServiceLayer.Log4net - ---Executing GetVitalsCheckList() in EMARController----
2022-10-27 09:13:08,474 [11] DEBUG LTCPro.ServiceLayer.Log4net - ---Executing GetDrFirstFlagForCompanyByNSId() in CompanyController----
2022-10-27 09:13:08,474 [11] DEBUG LTCPro.ServiceLayer.Log4net - ---Executing GetDrFirstFlagForCompanyByNSId() in CompanyService----
2022-10-27 09:13:08,478 [14] DEBUG LTCPro.ServiceLayer.Log4net - ---Executing GetVitalsCheckList() in EMARController----
2022-10-27 09:13:08,727 [11] DEBUG LTCPro.ServiceLayer.Log4net - ---Executed Successfully GetDrFirstFlagForCompanyByNSId() in CompanyController----
2022-10-27 09:13:09,126 [15] DEBUG LTCPro.ServiceLayer.Log4net - ---Executed Successfully GetVitalsCheckList() in EMARController----
2022-10-27 09:13:09,162 [14] DEBUG LTCPro.ServiceLayer.Log4net - ---Executed Successfully GetVitalsCheckList() in EMARController----
2022-10-27 09:13:48,239 [12] DEBUG LTCPro.ServiceLayer.Log4net - ---Executing GetUserToken() in UserService----
2022-10-27 09:13:48,457 [12] DEBUG LTCPro.ServiceLayer.Log4net - ---Executing GetOrdersListData() in CommonController----
2022-10-27 09:13:48,457 [12] DEBUG LTCPro.ServiceLayer.Log4net - ---Executing GetOrdersListData() in CommonService----
2022-10-27 09:13:49,220 [12] DEBUG LTCPro.ServiceLayer.Log4net - ---Executed Successfully GetOrdersListData() in CommonController----
2022-10-27 09:13:49,287 [16] DEBUG LTCPro.ServiceLayer.Log4net - ---Executing GetUserToken() in UserService----
2022-10-27 09:13:49,300 [9] DEBUG LTCPro.ServiceLayer.Log4net - ---Executing GetUserToken() in UserService----
2022-10-27 09:13:49,318 [11] DEBUG LTCPro.ServiceLayer.Log4net - ---Executing GetUserToken() in UserService----
2022-10-27 09:13:49,510 [16] DEBUG LTCPro.ServiceLayer.Log4net - ---Executing GetVitalsCheckList() in EMARController----
2022-10-27 09:13:49,521 [9] DEBUG LTCPro.ServiceLayer.Log4net - ---Executing GetDrFirstFlagForCompanyByNSId() in CompanyController----
2022-10-27 09:13:49,521 [9] DEBUG LTCPro.ServiceLayer.Log4net - ---Executing GetDrFirstFlagForCompanyByNSId() in CompanyService----
2022-10-27 09:13:49,538 [11] DEBUG LTCPro.ServiceLayer.Log4net - ---Executing GetVitalsCheckList() in EMARController----
2022-10-27 09:13:49,741 [9] DEBUG LTCPro.ServiceLayer.Log4net - ---Executed Successfully GetDrFirstFlagForCompanyByNSId() in CompanyController----
2022-10-27 09:13:50,169 [16] DEBUG LTCPro.ServiceLayer.Log4net - ---Executed Successfully GetVitalsCheckList() in EMARController----
2022-10-27 09:13:50,191 [11] DEBUG LTCPro.ServiceLayer.Log4net - ---Executed Successfully GetVitalsCheckList() in EMARController----
2022-10-27 09:14:01,683 [16] DEBUG LTCPro.ServiceLayer.Log4net - ---Executing GetUserToken() in UserService----
2022-10-27 09:14:24,341 [16] DEBUG LTCPro.ServiceLayer.Log4net - ---Executing InsertUpdatePatientType() in CommonController----
2022-10-27 09:14:26,744 [16] DEBUG LTCPro.ServiceLayer.Log4net - ---Executing InsertUpdateDocumentCheck() in CommonService----
2022-10-27 09:15:12,256 [16] DEBUG LTCPro.ServiceLayer.Log4net - ---Executed Successfully InsertUpdatePatientType() in CommonController----
2022-10-27 09:15:12,352 [18] DEBUG LTCPro.ServiceLayer.Log4net - ---Executing GetUserToken() in UserService----
2022-10-27 09:15:12,354 [15] DEBUG LTCPro.ServiceLayer.Log4net - ---Executing GetUserToken() in UserService----
2022-10-27 09:15:12,808 [18] DEBUG LTCPro.ServiceLayer.Log4net - ---Executing GetOrdersListData() in CommonController----
2022-10-27 09:15:12,808 [18] DEBUG LTCPro.ServiceLayer.Log4net - ---Executing GetOrdersListData() in CommonService----
2022-10-27 09:15:12,808 [15] DEBUG LTCPro.ServiceLayer.Log4net - ---Executing GetPendingDosesList() in CommonController----
2022-10-27 09:15:12,809 [15] DEBUG LTCPro.ServiceLayer.Log4net - ---Executing GetPendingDosesList() in CommonService----
2022-10-27 09:15:13,688 [18] DEBUG LTCPro.ServiceLayer.Log4net - ---Executed Successfully GetOrdersListData() in CommonController----
2022-10-27 09:15:13,723 [9] DEBUG LTCPro.ServiceLayer.Log4net - ---Executing GetUserToken() in UserService----
2022-10-27 09:15:13,729 [16] DEBUG LTCPro.ServiceLayer.Log4net - ---Executing GetUserToken() in UserService----
2022-10-27 09:15:13,945 [9] DEBUG LTCPro.ServiceLayer.Log4net - ---Executing GetVitalsCheckList() in EMARController----
2022-10-27 09:15:13,947 [16] DEBUG LTCPro.ServiceLayer.Log4net - ---Executing GetDrFirstFlagForCompanyByNSId() in CompanyController----
2022-10-27 09:15:13,947 [16] DEBUG LTCPro.ServiceLayer.Log4net - ---Executing GetDrFirstFlagForCompanyByNSId() in CompanyService----
2022-10-27 09:15:14,252 [16] DEBUG LTCPro.ServiceLayer.Log4net - ---Executed Successfully GetDrFirstFlagForCompanyByNSId() in CompanyController----
2022-10-27 09:15:14,932 [9] DEBUG LTCPro.ServiceLayer.Log4net - ---Executed Successfully GetVitalsCheckList() in EMARController----
2022-10-27 09:15:15,154 [15] DEBUG LTCPro.ServiceLayer.Log4net - ---Executed Successfully GetPendingDosesList() in CommonController----
2022-10-27 09:18:53,857 [20] DEBUG LTCPro.ServiceLayer.Log4net - ---Executing GetUserToken() in UserService----
2022-10-27 09:18:53,863 [19] DEBUG LTCPro.ServiceLayer.Log4net - ---Executing GetUserToken() in UserService----
2022-10-27 09:18:53,867 [17] DEBUG LTCPro.ServiceLayer.Log4net - ---Executing GetUserToken() in UserService----
2022-10-27 09:18:53,874 [10] DEBUG LTCPro.ServiceLayer.Log4net - ---Executing GetUserToken() in UserService----
2022-10-27 09:18:53,876 [18] DEBUG LTCPro.ServiceLayer.Log4net - ---Executing GetUserToken() in UserService----
2022-10-27 09:18:54,795 [22] DEBUG LTCPro.ServiceLayer.Log4net - ---Executing GetUserToken() in UserService----
2022-10-27 09:19:06,290 [20] DEBUG LTCPro.ServiceLayer.Log4net - ---Executing GetUserPassedDueFlag() in UserController----
2022-10-27 09:19:06,290 [20] DEBUG LTCPro.ServiceLayer.Log4net - ---Executing GetUserPassedDueFlag() in UserService----
2022-10-27 09:19:06,508 [19] DEBUG LTCPro.ServiceLayer.Log4net - ---Executing GetReadMailsCount() in MailboxController----
2022-10-27 09:19:06,508 [19] DEBUG LTCPro.ServiceLayer.Log4net - ---Executing GetReadMailsCount() in MailboxService----
2022-10-27 09:19:06,727 [20] DEBUG LTCPro.ServiceLayer.Log4net - ---Executed Successfully GetUserPassedDueFlag() in UserController----
2022-10-27 09:19:06,745 [23] DEBUG LTCPro.ServiceLayer.Log4net - ---Executing GetUserToken() in UserService----
2022-10-27 09:19:06,948 [19] DEBUG LTCPro.ServiceLayer.Log4net - ---Executed successfully GetReadMailsCount() in MailboxController----
2022-10-27 09:19:06,971 [20] DEBUG LTCPro.ServiceLayer.Log4net - ---Executing GetUserToken() in UserService----
2022-10-27 09:19:07,166 [17] DEBUG LTCPro.ServiceLayer.Log4net - ---Executing GetPendingDosesList() in CommonController----
2022-10-27 09:19:07,166 [17] DEBUG LTCPro.ServiceLayer.Log4net - ---Executing GetPendingDosesList() in CommonService----
2022-10-27 09:19:07,404 [20] DEBUG LTCPro.ServiceLayer.Log4net - ---Executing InsertUserActivityDetails() in CompanyController----
2022-10-27 09:19:07,404 [20] DEBUG LTCPro.ServiceLayer.Log4net - ---Executing InsertUserActivityDetails() in UserActivityService----
2022-10-27 09:19:07,412 [18] DEBUG LTCPro.ServiceLayer.Log4net - ---Executing GetDueMARAlertData() in EmarController----
2022-10-27 09:19:07,412 [18] DEBUG LTCPro.ServiceLayer.Log4net - ---Executing GetDueMARAlertData() in EmarService----
2022-10-27 09:19:08,070 [20] DEBUG LTCPro.ServiceLayer.Log4net - ---Executed Successfully InsertUserActivityDetails() in CompanyController----
2022-10-27 09:19:08,090 [20] DEBUG LTCPro.ServiceLayer.Log4net - ---Executing GetUserToken() in UserService----
2022-10-27 09:19:08,550 [10] DEBUG LTCPro.ServiceLayer.Log4net - ---Executing GetAlertsDetails() in MailboxController----
2022-10-27 09:19:08,551 [10] DEBUG LTCPro.ServiceLayer.Log4net - ---Executing GetAlertsDetails() in MailboxService----
2022-10-27 09:19:08,682 [18] DEBUG LTCPro.ServiceLayer.Log4net - ---Executed Successfully GetDueMARAlertData() in EmarController----
2022-10-27 09:19:08,781 [20] DEBUG LTCPro.ServiceLayer.Log4net - ---Executing GetUserRecentFacNs() in UserController----
2022-10-27 09:19:08,781 [20] DEBUG LTCPro.ServiceLayer.Log4net - ---Executing GetUserRecentFacNs() in UserService----
2022-10-27 09:19:09,043 [23] DEBUG LTCPro.ServiceLayer.Log4net - ---Executing GetUserRecentFacNs() in UserController----
2022-10-27 09:19:09,043 [23] DEBUG LTCPro.ServiceLayer.Log4net - ---Executing GetUserRecentFacNs() in UserService----
2022-10-27 09:19:09,462 [10] DEBUG LTCPro.ServiceLayer.Log4net - ---Executed successfully GetAlertsDetails() in MailboxController----
2022-10-27 09:19:09,485 [17] DEBUG LTCPro.ServiceLayer.Log4net - ---Executed Successfully GetPendingDosesList() in CommonController----
2022-10-27 09:19:09,679 [20] DEBUG LTCPro.ServiceLayer.Log4net - ---Executed Successfully GetUserRecentFacNs() in UserController----
2022-10-27 09:19:09,698 [23] DEBUG LTCPro.ServiceLayer.Log4net - ---Executed Successfully GetUserRecentFacNs() in UserController----
2022-10-27 09:19:09,761 [22] DEBUG LTCPro.ServiceLayer.Log4net - ---Executing GetOutboundErrorDetails() in CommonController----
2022-10-27 09:19:09,761 [22] DEBUG LTCPro.ServiceLayer.Log4net - ---Executing GetOutboundErrorDetails() in CommonService----
2022-10-27 09:19:09,937 [20] DEBUG LTCPro.ServiceLayer.Log4net - ---Executing GetUserToken() in UserService----
2022-10-27 09:19:09,937 [10] DEBUG LTCPro.ServiceLayer.Log4net - ---Executing GetUserToken() in UserService----
2022-10-27 09:19:10,157 [10] DEBUG LTCPro.ServiceLayer.Log4net - ---Executing GetUserAccessFacilityNurseStaions() in FacilityController----
2022-10-27 09:19:10,157 [10] DEBUG LTCPro.ServiceLayer.Log4net - ---Executing GetUserAccessFacilityNurseStaions() in FacilityService----
2022-10-27 09:19:10,157 [20] DEBUG LTCPro.ServiceLayer.Log4net - ---Executing GetUserAccessFacilityNurseStaions() in FacilityController----
2022-10-27 09:19:10,157 [20] DEBUG LTCPro.ServiceLayer.Log4net - ---Executing GetUserAccessFacilityNurseStaions() in FacilityService----
2022-10-27 09:19:10,716 [10] DEBUG LTCPro.ServiceLayer.Log4net - ---Executed Successfully GetUserAccessFacilityNurseStaions() in FacilityController----
2022-10-27 09:19:10,716 [20] DEBUG LTCPro.ServiceLayer.Log4net - ---Executed Successfully GetUserAccessFacilityNurseStaions() in FacilityController----
2022-10-27 09:19:10,777 [10] DEBUG LTCPro.ServiceLayer.Log4net - ---Executing GetUserToken() in UserService----
2022-10-27 09:19:10,996 [10] DEBUG LTCPro.ServiceLayer.Log4net - ---Executing UserNurseStationDrop() in FacilityController----
2022-10-27 09:19:10,996 [10] DEBUG LTCPro.ServiceLayer.Log4net - ---Executing UserNurseStationDrop() in FacilityService----
2022-10-27 09:19:11,217 [10] DEBUG LTCPro.ServiceLayer.Log4net - ---Executed Successfully UserNurseStationDrop() in FacilityController----
2022-10-27 09:19:11,311 [20] DEBUG LTCPro.ServiceLayer.Log4net - ---Executing GetUsersByNSID() in UserController----
2022-10-27 09:19:11,311 [20] DEBUG LTCPro.ServiceLayer.Log4net - ---Executing GetUsersByNSID() in UserService----
2022-10-27 09:19:11,335 [23] DEBUG LTCPro.ServiceLayer.Log4net - ---Executing GetUserToken() in UserService----
2022-10-27 09:19:11,877 [23] DEBUG LTCPro.ServiceLayer.Log4net - ---Executing GetResidentsListByNSId() in AssesmentController----
2022-10-27 09:19:11,877 [23] DEBUG LTCPro.ServiceLayer.Log4net - ---Executing GetResidentsListByNSId() in AssesmentService----
2022-10-27 09:19:13,014 [23] DEBUG LTCPro.ServiceLayer.Log4net - ---Executed Successfully GetResidentsListByNSId() in AssesmentController----
2022-10-27 09:19:13,055 [20] DEBUG LTCPro.ServiceLayer.Log4net - ---Executed Successfully GetUsersByNSID() in UserController----
2022-10-27 09:19:13,241 [23] DEBUG LTCPro.ServiceLayer.Log4net - ---Executing GetUserToken() in UserService----
2022-10-27 09:19:13,460 [23] DEBUG LTCPro.ServiceLayer.Log4net - ---Executing GetTimeZoneDate() in CommonController----
2022-10-27 09:19:13,460 [23] DEBUG LTCPro.ServiceLayer.Log4net - ---Executing GetTimeZoneDate() in CommonService----
2022-10-27 09:19:13,678 [23] DEBUG LTCPro.ServiceLayer.Log4net - ---Executed Successfully GetTimeZoneDate() in CommonController----
2022-10-27 09:19:17,644 [22] DEBUG LTCPro.ServiceLayer.Log4net - ---Executed Successfully GetOutboundErrorDetails() in CommonController----
2022-10-27 09:20:00,080 [20] DEBUG LTCPro.ServiceLayer.Log4net - ---Executing GetUserToken() in UserService----
2022-10-27 09:20:00,109 [10] DEBUG LTCPro.ServiceLayer.Log4net - ---Executing GetUserToken() in UserService----
2022-10-27 09:20:00,125 [17] DEBUG LTCPro.ServiceLayer.Log4net - ---Executing GetUserToken() in UserService----
2022-10-27 09:20:00,159 [19] DEBUG LTCPro.ServiceLayer.Log4net - ---Executing GetUserToken() in UserService----
2022-10-27 09:20:00,160 [22] DEBUG LTCPro.ServiceLayer.Log4net - ---Executing GetUserToken() in UserService----
2022-10-27 09:20:00,169 [18] DEBUG LTCPro.ServiceLayer.Log4net - ---Executing GetUserToken() in UserService----
2022-10-27 09:20:00,301 [20] DEBUG LTCPro.ServiceLayer.Log4net - ---Executing GetAlertsDetails() in MailboxController----
2022-10-27 09:20:00,301 [20] DEBUG LTCPro.ServiceLayer.Log4net - ---Executing GetAlertsDetails() in MailboxService----
2022-10-27 09:20:00,330 [10] DEBUG LTCPro.ServiceLayer.Log4net - ---Executing GetReadMailsCount() in MailboxController----
2022-10-27 09:20:00,330 [10] DEBUG LTCPro.ServiceLayer.Log4net - ---Executing GetReadMailsCount() in MailboxService----
2022-10-27 09:20:00,345 [17] DEBUG LTCPro.ServiceLayer.Log4net - ---Executing GetUserPassedDueFlag() in UserController----
2022-10-27 09:20:00,345 [17] DEBUG LTCPro.ServiceLayer.Log4net - ---Executing GetUserPassedDueFlag() in UserService----
2022-10-27 09:20:00,378 [19] DEBUG LTCPro.ServiceLayer.Log4net - ---Executing GetDueMARAlertData() in EmarController----
2022-10-27 09:20:00,378 [19] DEBUG LTCPro.ServiceLayer.Log4net - ---Executing GetDueMARAlertData() in EmarService----
2022-10-27 09:20:00,519 [18] DEBUG LTCPro.ServiceLayer.Log4net - ---Executing GetPendingDosesList() in CommonController----
2022-10-27 09:20:00,519 [18] DEBUG LTCPro.ServiceLayer.Log4net - ---Executing GetPendingDosesList() in CommonService----
2022-10-27 09:20:00,564 [10] DEBUG LTCPro.ServiceLayer.Log4net - ---Executed successfully GetReadMailsCount() in MailboxController----
2022-10-27 09:20:00,597 [17] DEBUG LTCPro.ServiceLayer.Log4net - ---Executed Successfully GetUserPassedDueFlag() in UserController----
2022-10-27 09:20:00,598 [24] DEBUG LTCPro.ServiceLayer.Log4net - ---Executing GetUserToken() in UserService----
2022-10-27 09:20:00,821 [24] DEBUG LTCPro.ServiceLayer.Log4net - ---Executing GetUserRecentFacNs() in UserController----
2022-10-27 09:20:00,821 [24] DEBUG LTCPro.ServiceLayer.Log4net - ---Executing GetUserRecentFacNs() in UserService----
2022-10-27 09:20:01,261 [24] DEBUG LTCPro.ServiceLayer.Log4net - ---Executed Successfully GetUserRecentFacNs() in UserController----
2022-10-27 09:20:01,316 [19] DEBUG LTCPro.ServiceLayer.Log4net - ---Executed Successfully GetDueMARAlertData() in EmarController----
2022-10-27 09:20:01,508 [22] DEBUG LTCPro.ServiceLayer.Log4net - ---Executing GetOutboundErrorDetails() in CommonController----
2022-10-27 09:20:01,510 [22] DEBUG LTCPro.ServiceLayer.Log4net - ---Executing GetOutboundErrorDetails() in CommonService----
2022-10-27 09:20:01,565 [20] DEBUG LTCPro.ServiceLayer.Log4net - ---Executed successfully GetAlertsDetails() in MailboxController----
2022-10-27 09:20:02,630 [18] DEBUG LTCPro.ServiceLayer.Log4net - ---Executed Successfully GetPendingDosesList() in CommonController----
2022-10-27 09:20:07,144 [23] DEBUG LTCPro.ServiceLayer.Log4net - ---Executing GetUserToken() in UserService----
2022-10-27 09:20:07,153 [18] DEBUG LTCPro.ServiceLayer.Log4net - ---Executing GetUserToken() in UserService----
2022-10-27 09:20:07,209 [20] DEBUG LTCPro.ServiceLayer.Log4net - ---Executing GetUserToken() in UserService----
2022-10-27 09:20:07,382 [23] DEBUG LTCPro.ServiceLayer.Log4net - ---Executing InsertUserActivityDetails() in CompanyController----
2022-10-27 09:20:07,382 [23] DEBUG LTCPro.ServiceLayer.Log4net - ---Executing InsertUserActivityDetails() in UserActivityService----
2022-10-27 09:20:07,382 [18] DEBUG LTCPro.ServiceLayer.Log4net - ---Executing GetUserRecentFacNs() in UserController----
2022-10-27 09:20:07,382 [18] DEBUG LTCPro.ServiceLayer.Log4net - ---Executing GetUserRecentFacNs() in UserService----
2022-10-27 09:20:07,441 [20] DEBUG LTCPro.ServiceLayer.Log4net - ---Executing GetUserAccessFacilityNurseStaions() in FacilityController----
2022-10-27 09:20:07,441 [20] DEBUG LTCPro.ServiceLayer.Log4net - ---Executing GetUserAccessFacilityNurseStaions() in FacilityService----
2022-10-27 09:20:07,821 [18] DEBUG LTCPro.ServiceLayer.Log4net - ---Executed Successfully GetUserRecentFacNs() in UserController----
2022-10-27 09:20:08,039 [23] DEBUG LTCPro.ServiceLayer.Log4net - ---Executed Successfully InsertUserActivityDetails() in CompanyController----
2022-10-27 09:20:08,813 [20] DEBUG LTCPro.ServiceLayer.Log4net - ---Executed Successfully GetUserAccessFacilityNurseStaions() in FacilityController----
2022-10-27 09:20:08,830 [18] DEBUG LTCPro.ServiceLayer.Log4net - ---Executing GetUserToken() in UserService----
2022-10-27 09:20:08,960 [22] DEBUG LTCPro.ServiceLayer.Log4net - ---Executed Successfully GetOutboundErrorDetails() in CommonController----
2022-10-27 09:20:09,053 [18] DEBUG LTCPro.ServiceLayer.Log4net - ---Executing GetUserAccessFacilityNurseStaions() in FacilityController----
2022-10-27 09:20:09,053 [18] DEBUG LTCPro.ServiceLayer.Log4net - ---Executing GetUserAccessFacilityNurseStaions() in FacilityService----
2022-10-27 09:20:09,504 [18] DEBUG LTCPro.ServiceLayer.Log4net - ---Executed Successfully GetUserAccessFacilityNurseStaions() in FacilityController----
2022-10-27 09:20:10,314 [18] DEBUG LTCPro.ServiceLayer.Log4net - ---Executing GetUserToken() in UserService----
2022-10-27 09:20:10,533 [18] DEBUG LTCPro.ServiceLayer.Log4net - ---Executing UserNurseStationDrop() in FacilityController----
2022-10-27 09:20:10,533 [18] DEBUG LTCPro.ServiceLayer.Log4net - ---Executing UserNurseStationDrop() in FacilityService----
2022-10-27 09:20:10,753 [18] DEBUG LTCPro.ServiceLayer.Log4net - ---Executed Successfully UserNurseStationDrop() in FacilityController----
2022-10-27 09:20:10,784 [23] DEBUG LTCPro.ServiceLayer.Log4net - ---Executing GetUsersByNSID() in UserController----
2022-10-27 09:20:10,784 [23] DEBUG LTCPro.ServiceLayer.Log4net - ---Executing GetUsersByNSID() in UserService----
2022-10-27 09:20:10,807 [22] DEBUG LTCPro.ServiceLayer.Log4net - ---Executing GetUserToken() in UserService----
2022-10-27 09:20:11,028 [22] DEBUG LTCPro.ServiceLayer.Log4net - ---Executing GetResidentsListByNSId() in AssesmentController----
2022-10-27 09:20:11,029 [22] DEBUG LTCPro.ServiceLayer.Log4net - ---Executing GetResidentsListByNSId() in AssesmentService----
2022-10-27 09:20:11,670 [23] DEBUG LTCPro.ServiceLayer.Log4net - ---Executed Successfully GetUsersByNSID() in UserController----
2022-10-27 09:20:11,693 [22] DEBUG LTCPro.ServiceLayer.Log4net - ---Executed Successfully GetResidentsListByNSId() in AssesmentController----
2022-10-27 09:20:11,819 [18] DEBUG LTCPro.ServiceLayer.Log4net - ---Executing GetUserToken() in UserService----
2022-10-27 09:20:12,039 [18] DEBUG LTCPro.ServiceLayer.Log4net - ---Executing GetTimeZoneDate() in CommonController----
2022-10-27 09:20:12,039 [18] DEBUG LTCPro.ServiceLayer.Log4net - ---Executing GetTimeZoneDate() in CommonService----
2022-10-27 09:20:12,257 [18] DEBUG LTCPro.ServiceLayer.Log4net - ---Executed Successfully GetTimeZoneDate() in CommonController----
2022-10-27 09:22:12,391 [23] DEBUG LTCPro.ServiceLayer.Log4net - ---Executing GetUserToken() in UserService----
2022-10-27 09:22:12,392 [19] DEBUG LTCPro.ServiceLayer.Log4net - ---Executing GetUserToken() in UserService----
2022-10-27 09:22:12,393 [27] DEBUG LTCPro.ServiceLayer.Log4net - ---Executing GetUserToken() in UserService----
2022-10-27 09:22:12,445 [20] DEBUG LTCPro.ServiceLayer.Log4net - ---Executing GetUserToken() in UserService----
2022-10-27 09:22:12,449 [25] DEBUG LTCPro.ServiceLayer.Log4net - ---Executing GetUserToken() in UserService----
2022-10-27 09:22:12,451 [28] DEBUG LTCPro.ServiceLayer.Log4net - ---Executing GetUserToken() in UserService----
2022-10-27 09:22:12,614 [19] DEBUG LTCPro.ServiceLayer.Log4net - ---Executing GetReadMailsCount() in MailboxController----
2022-10-27 09:22:12,614 [19] DEBUG LTCPro.ServiceLayer.Log4net - ---Executing GetReadMailsCount() in MailboxService----
2022-10-27 09:22:12,614 [27] DEBUG LTCPro.ServiceLayer.Log4net - ---Executing GetAlertsDetails() in MailboxController----
2022-10-27 09:22:12,614 [27] DEBUG LTCPro.ServiceLayer.Log4net - ---Executing GetAlertsDetails() in MailboxService----
2022-10-27 09:22:12,655 [23] DEBUG LTCPro.ServiceLayer.Log4net - ---Executing GetOutboundErrorDetails() in CommonController----
2022-10-27 09:22:12,655 [23] DEBUG LTCPro.ServiceLayer.Log4net - ---Executing GetOutboundErrorDetails() in CommonService----
2022-10-27 09:22:12,671 [20] DEBUG LTCPro.ServiceLayer.Log4net - ---Executing GetDueMARAlertData() in EmarController----
2022-10-27 09:22:12,671 [20] DEBUG LTCPro.ServiceLayer.Log4net - ---Executing GetDueMARAlertData() in EmarService----
2022-10-27 09:22:12,671 [25] DEBUG LTCPro.ServiceLayer.Log4net - ---Executing GetUserPassedDueFlag() in UserController----
2022-10-27 09:22:12,671 [25] DEBUG LTCPro.ServiceLayer.Log4net - ---Executing GetUserPassedDueFlag() in UserService----
2022-10-27 09:22:12,834 [19] DEBUG LTCPro.ServiceLayer.Log4net - ---Executed successfully GetReadMailsCount() in MailboxController----
2022-10-27 09:22:12,856 [19] DEBUG LTCPro.ServiceLayer.Log4net - ---Executing GetUserToken() in UserService----
2022-10-27 09:22:12,891 [25] DEBUG LTCPro.ServiceLayer.Log4net - ---Executed Successfully GetUserPassedDueFlag() in UserController----
2022-10-27 09:22:12,916 [25] DEBUG LTCPro.ServiceLayer.Log4net - ---Executing GetUserToken() in UserService----
2022-10-27 09:22:13,075 [19] DEBUG LTCPro.ServiceLayer.Log4net - ---Executing GetUserRecentFacNs() in UserController----
2022-10-27 09:22:13,075 [19] DEBUG LTCPro.ServiceLayer.Log4net - ---Executing GetUserRecentFacNs() in UserService----
2022-10-27 09:22:13,371 [25] DEBUG LTCPro.ServiceLayer.Log4net - ---Executing GetUserRecentFacNs() in UserController----
2022-10-27 09:22:13,371 [25] DEBUG LTCPro.ServiceLayer.Log4net - ---Executing GetUserRecentFacNs() in UserService----
2022-10-27 09:22:13,551 [20] DEBUG LTCPro.ServiceLayer.Log4net - ---Executed Successfully GetDueMARAlertData() in EmarController----
2022-10-27 09:22:13,564 [20] DEBUG LTCPro.ServiceLayer.Log4net - ---Executing GetUserToken() in UserService----
2022-10-27 09:22:13,591 [19] DEBUG LTCPro.ServiceLayer.Log4net - ---Executed Successfully GetUserRecentFacNs() in UserController----
2022-10-27 09:22:13,617 [29] DEBUG LTCPro.ServiceLayer.Log4net - ---Executing GetUserToken() in UserService----
2022-10-27 09:22:13,789 [20] DEBUG LTCPro.ServiceLayer.Log4net - ---Executing InsertUserActivityDetails() in CompanyController----
2022-10-27 09:22:13,789 [20] DEBUG LTCPro.ServiceLayer.Log4net - ---Executing InsertUserActivityDetails() in UserActivityService----
2022-10-27 09:22:13,813 [25] DEBUG LTCPro.ServiceLayer.Log4net - ---Executed Successfully GetUserRecentFacNs() in UserController----
2022-10-27 09:22:13,866 [29] DEBUG LTCPro.ServiceLayer.Log4net - ---Executing GetUserAccessFacilityNurseStaions() in FacilityController----
2022-10-27 09:22:13,867 [29] DEBUG LTCPro.ServiceLayer.Log4net - ---Executing GetUserAccessFacilityNurseStaions() in FacilityService----
2022-10-27 09:22:13,867 [28] DEBUG LTCPro.ServiceLayer.Log4net - ---Executing GetPendingDosesList() in CommonController----
2022-10-27 09:22:13,867 [28] DEBUG LTCPro.ServiceLayer.Log4net - ---Executing GetPendingDosesList() in CommonService----
2022-10-27 09:22:13,873 [30] DEBUG LTCPro.ServiceLayer.Log4net - ---Executing GetUserToken() in UserService----
2022-10-27 09:22:13,933 [27] DEBUG LTCPro.ServiceLayer.Log4net - ---Executed successfully GetAlertsDetails() in MailboxController----
2022-10-27 09:22:14,091 [30] DEBUG LTCPro.ServiceLayer.Log4net - ---Executing GetUserAccessFacilityNurseStaions() in FacilityController----
2022-10-27 09:22:14,092 [30] DEBUG LTCPro.ServiceLayer.Log4net - ---Executing GetUserAccessFacilityNurseStaions() in FacilityService----
2022-10-27 09:22:14,306 [29] DEBUG LTCPro.ServiceLayer.Log4net - ---Executed Successfully GetUserAccessFacilityNurseStaions() in FacilityController----
2022-10-27 09:22:14,452 [20] DEBUG LTCPro.ServiceLayer.Log4net - ---Executed Successfully InsertUserActivityDetails() in CompanyController----
2022-10-27 09:22:14,528 [30] DEBUG LTCPro.ServiceLayer.Log4net - ---Executed Successfully GetUserAccessFacilityNurseStaions() in FacilityController----
2022-10-27 09:22:14,552 [19] DEBUG LTCPro.ServiceLayer.Log4net - ---Executing GetUserToken() in UserService----
2022-10-27 09:22:14,773 [19] DEBUG LTCPro.ServiceLayer.Log4net - ---Executing UserNurseStationDrop() in FacilityController----
2022-10-27 09:22:14,773 [19] DEBUG LTCPro.ServiceLayer.Log4net - ---Executing UserNurseStationDrop() in FacilityService----
2022-10-27 09:22:14,993 [19] DEBUG LTCPro.ServiceLayer.Log4net - ---Executed Successfully UserNurseStationDrop() in FacilityController----
2022-10-27 09:22:15,020 [20] DEBUG LTCPro.ServiceLayer.Log4net - ---Executing GetUsersByNSID() in UserController----
2022-10-27 09:22:15,020 [20] DEBUG LTCPro.ServiceLayer.Log4net - ---Executing GetUsersByNSID() in UserService----
2022-10-27 09:22:15,065 [19] DEBUG LTCPro.ServiceLayer.Log4net - ---Executing GetUserToken() in UserService----
2022-10-27 09:22:15,286 [19] DEBUG LTCPro.ServiceLayer.Log4net - ---Executing GetResidentsListByNSId() in AssesmentController----
2022-10-27 09:22:15,286 [19] DEBUG LTCPro.ServiceLayer.Log4net - ---Executing GetResidentsListByNSId() in AssesmentService----
2022-10-27 09:22:15,904 [20] DEBUG LTCPro.ServiceLayer.Log4net - ---Executed Successfully GetUsersByNSID() in UserController----
2022-10-27 09:22:15,960 [19] DEBUG LTCPro.ServiceLayer.Log4net - ---Executed Successfully GetResidentsListByNSId() in AssesmentController----
2022-10-27 09:22:15,993 [19] DEBUG LTCPro.ServiceLayer.Log4net - ---Executing GetUserToken() in UserService----
2022-10-27 09:22:16,222 [19] DEBUG LTCPro.ServiceLayer.Log4net - ---Executing GetTimeZoneDate() in CommonController----
2022-10-27 09:22:16,222 [19] DEBUG LTCPro.ServiceLayer.Log4net - ---Executing GetTimeZoneDate() in CommonService----
2022-10-27 09:22:16,440 [19] DEBUG LTCPro.ServiceLayer.Log4net - ---Executed Successfully GetTimeZoneDate() in CommonController----
2022-10-27 09:22:18,039 [28] DEBUG LTCPro.ServiceLayer.Log4net - ---Executed Successfully GetPendingDosesList() in CommonController----
2022-10-27 09:22:18,994 [23] DEBUG LTCPro.ServiceLayer.Log4net - ---Executed Successfully GetOutboundErrorDetails() in CommonController----
2022-10-27 09:24:21,844 [30] DEBUG LTCPro.ServiceLayer.Log4net - ---Executing GetUserToken() in UserService----
2022-10-27 09:24:21,845 [26] DEBUG LTCPro.ServiceLayer.Log4net - ---Executing GetUserToken() in UserService----
2022-10-27 09:24:21,847 [29] DEBUG LTCPro.ServiceLayer.Log4net - ---Executing GetUserToken() in UserService----
2022-10-27 09:24:21,851 [31] DEBUG LTCPro.ServiceLayer.Log4net - ---Executing GetUserToken() in UserService----
2022-10-27 09:24:21,858 [32] DEBUG LTCPro.ServiceLayer.Log4net - ---Executing GetUserToken() in UserService----
2022-10-27 09:24:21,859 [23] DEBUG LTCPro.ServiceLayer.Log4net - ---Executing GetUserToken() in UserService----
2022-10-27 09:24:22,067 [30] DEBUG LTCPro.ServiceLayer.Log4net - ---Executing GetReadMailsCount() in MailboxController----
2022-10-27 09:24:22,067 [30] DEBUG LTCPro.ServiceLayer.Log4net - ---Executing GetReadMailsCount() in MailboxService----
2022-10-27 09:24:22,067 [29] DEBUG LTCPro.ServiceLayer.Log4net - ---Executing GetOutboundErrorDetails() in CommonController----
2022-10-27 09:24:22,067 [29] DEBUG LTCPro.ServiceLayer.Log4net - ---Executing GetOutboundErrorDetails() in CommonService----
2022-10-27 09:24:22,071 [26] DEBUG LTCPro.ServiceLayer.Log4net - ---Executing GetAlertsDetails() in MailboxController----
2022-10-27 09:24:22,071 [26] DEBUG LTCPro.ServiceLayer.Log4net - ---Executing GetAlertsDetails() in MailboxService----
2022-10-27 09:24:22,072 [31] DEBUG LTCPro.ServiceLayer.Log4net - ---Executing GetDueMARAlertData() in EmarController----
2022-10-27 09:24:22,072 [31] DEBUG LTCPro.ServiceLayer.Log4net - ---Executing GetDueMARAlertData() in EmarService----
2022-10-27 09:24:22,077 [32] DEBUG LTCPro.ServiceLayer.Log4net - ---Executing GetPendingDosesList() in CommonController----
2022-10-27 09:24:22,077 [32] DEBUG LTCPro.ServiceLayer.Log4net - ---Executing GetPendingDosesList() in CommonService----
2022-10-27 09:24:22,281 [23] DEBUG LTCPro.ServiceLayer.Log4net - ---Executing GetUserPassedDueFlag() in UserController----
2022-10-27 09:24:22,281 [23] DEBUG LTCPro.ServiceLayer.Log4net - ---Executing GetUserPassedDueFlag() in UserService----
2022-10-27 09:24:22,301 [30] DEBUG LTCPro.ServiceLayer.Log4net - ---Executed successfully GetReadMailsCount() in MailboxController----
2022-10-27 09:24:22,322 [28] DEBUG LTCPro.ServiceLayer.Log4net - ---Executing GetUserToken() in UserService----
2022-10-27 09:24:22,501 [23] DEBUG LTCPro.ServiceLayer.Log4net - ---Executed Successfully GetUserPassedDueFlag() in UserController----
2022-10-27 09:24:22,520 [19] DEBUG LTCPro.ServiceLayer.Log4net - ---Executing GetUserToken() in UserService----
2022-10-27 09:24:22,541 [28] DEBUG LTCPro.ServiceLayer.Log4net - ---Executing GetUserRecentFacNs() in UserController----
2022-10-27 09:24:22,541 [28] DEBUG LTCPro.ServiceLayer.Log4net - ---Executing GetUserRecentFacNs() in UserService----
2022-10-27 09:24:22,588 [31] DEBUG LTCPro.ServiceLayer.Log4net - ---Executed Successfully GetDueMARAlertData() in EmarController----
2022-10-27 09:24:22,741 [19] DEBUG LTCPro.ServiceLayer.Log4net - ---Executing GetUserRecentFacNs() in UserController----
2022-10-27 09:24:22,741 [19] DEBUG LTCPro.ServiceLayer.Log4net - ---Executing GetUserRecentFacNs() in UserService----
2022-10-27 09:24:22,978 [28] DEBUG LTCPro.ServiceLayer.Log4net - ---Executed Successfully GetUserRecentFacNs() in UserController----
2022-10-27 09:24:23,188 [19] DEBUG LTCPro.ServiceLayer.Log4net - ---Executed Successfully GetUserRecentFacNs() in UserController----
2022-10-27 09:24:23,203 [19] DEBUG LTCPro.ServiceLayer.Log4net - ---Executing GetUserToken() in UserService----
2022-10-27 09:24:23,271 [26] DEBUG LTCPro.ServiceLayer.Log4net - ---Executed successfully GetAlertsDetails() in MailboxController----
2022-10-27 09:24:23,425 [19] DEBUG LTCPro.ServiceLayer.Log4net - ---Executing InsertUserActivityDetails() in CompanyController----
2022-10-27 09:24:23,425 [19] DEBUG LTCPro.ServiceLayer.Log4net - ---Executing InsertUserActivityDetails() in UserActivityService----
2022-10-27 09:24:24,084 [19] DEBUG LTCPro.ServiceLayer.Log4net - ---Executed Successfully InsertUserActivityDetails() in CompanyController----
2022-10-27 09:24:25,023 [32] DEBUG LTCPro.ServiceLayer.Log4net - ---Executed Successfully GetPendingDosesList() in CommonController----
2022-10-27 09:24:25,509 [19] DEBUG LTCPro.ServiceLayer.Log4net - ---Executing GetUserToken() in UserService----
2022-10-27 09:24:25,509 [32] DEBUG LTCPro.ServiceLayer.Log4net - ---Executing GetUserToken() in UserService----
2022-10-27 09:24:25,731 [19] DEBUG LTCPro.ServiceLayer.Log4net - ---Executing GetUserAccessFacilityNurseStaions() in FacilityController----
2022-10-27 09:24:25,731 [19] DEBUG LTCPro.ServiceLayer.Log4net - ---Executing GetUserAccessFacilityNurseStaions() in FacilityService----
2022-10-27 09:24:25,732 [32] DEBUG LTCPro.ServiceLayer.Log4net - ---Executing GetUserAccessFacilityNurseStaions() in FacilityController----
2022-10-27 09:24:25,732 [32] DEBUG LTCPro.ServiceLayer.Log4net - ---Executing GetUserAccessFacilityNurseStaions() in FacilityService----
2022-10-27 09:24:26,176 [32] DEBUG LTCPro.ServiceLayer.Log4net - ---Executed Successfully GetUserAccessFacilityNurseStaions() in FacilityController----
2022-10-27 09:24:26,177 [19] DEBUG LTCPro.ServiceLayer.Log4net - ---Executed Successfully GetUserAccessFacilityNurseStaions() in FacilityController----
2022-10-27 09:24:27,137 [19] DEBUG LTCPro.ServiceLayer.Log4net - ---Executing GetUserToken() in UserService----
2022-10-27 09:24:27,355 [19] DEBUG LTCPro.ServiceLayer.Log4net - ---Executing UserNurseStationDrop() in FacilityController----
2022-10-27 09:24:27,355 [19] DEBUG LTCPro.ServiceLayer.Log4net - ---Executing UserNurseStationDrop() in FacilityService----
2022-10-27 09:24:27,576 [19] DEBUG LTCPro.ServiceLayer.Log4net - ---Executed Successfully UserNurseStationDrop() in FacilityController----
2022-10-27 09:24:27,638 [26] DEBUG LTCPro.ServiceLayer.Log4net - ---Executing GetUsersByNSID() in UserController----
2022-10-27 09:24:27,638 [26] DEBUG LTCPro.ServiceLayer.Log4net - ---Executing GetUsersByNSID() in UserService----
2022-10-27 09:24:27,659 [23] DEBUG LTCPro.ServiceLayer.Log4net - ---Executing GetUserToken() in UserService----
2022-10-27 09:24:27,878 [23] DEBUG LTCPro.ServiceLayer.Log4net - ---Executing GetResidentsListByNSId() in AssesmentController----
2022-10-27 09:24:27,878 [23] DEBUG LTCPro.ServiceLayer.Log4net - ---Executing GetResidentsListByNSId() in AssesmentService----
2022-10-27 09:24:28,864 [29] DEBUG LTCPro.ServiceLayer.Log4net - ---Executed Successfully GetOutboundErrorDetails() in CommonController----
2022-10-27 09:24:29,268 [23] DEBUG LTCPro.ServiceLayer.Log4net - ---Executed Successfully GetResidentsListByNSId() in AssesmentController----
2022-10-27 09:24:29,852 [19] DEBUG LTCPro.ServiceLayer.Log4net - ---Executing GetUserToken() in UserService----
2022-10-27 09:24:30,024 [26] DEBUG LTCPro.ServiceLayer.Log4net - ---Executed Successfully GetUsersByNSID() in UserController----
2022-10-27 09:24:30,109 [19] DEBUG LTCPro.ServiceLayer.Log4net - ---Executing GetTimeZoneDate() in CommonController----
2022-10-27 09:24:30,109 [19] DEBUG LTCPro.ServiceLayer.Log4net - ---Executing GetTimeZoneDate() in CommonService----
2022-10-27 09:24:30,386 [19] DEBUG LTCPro.ServiceLayer.Log4net - ---Executed Successfully GetTimeZoneDate() in CommonController----
2022-10-27 09:26:09,570 [26] DEBUG LTCPro.ServiceLayer.Log4net - ---Executing GetUserToken() in UserService----
2022-10-27 09:26:09,811 [26] DEBUG LTCPro.ServiceLayer.Log4net - ---Executing GetNursingScheduleData() in EmarController----
2022-10-27 09:26:09,811 [26] DEBUG LTCPro.ServiceLayer.Log4net - ---Executing GetNursingScheduleData() in EmarService----
2022-10-27 09:26:13,058 [26] DEBUG LTCPro.ServiceLayer.Log4net - ---Executed Successfully GetNursingScheduleData() in EmarController----
2022-10-27 09:26:17,465 [23] DEBUG LTCPro.ServiceLayer.Log4net - ---Executing GetUserToken() in UserService----
2022-10-27 09:26:17,684 [23] DEBUG LTCPro.ServiceLayer.Log4net - ---Executing GetOrdersListData() in CommonController----
2022-10-27 09:26:17,684 [23] DEBUG LTCPro.ServiceLayer.Log4net - ---Executing GetOrdersListData() in CommonService----
2022-10-27 09:26:18,427 [23] DEBUG LTCPro.ServiceLayer.Log4net - ---Executed Successfully GetOrdersListData() in CommonController----
2022-10-27 09:26:18,516 [23] DEBUG LTCPro.ServiceLayer.Log4net - ---Executing GetUserToken() in UserService----
2022-10-27 09:26:18,542 [28] DEBUG LTCPro.ServiceLayer.Log4net - ---Executing GetUserToken() in UserService----
2022-10-27 09:26:18,735 [23] DEBUG LTCPro.ServiceLayer.Log4net - ---Executing GetDrFirstFlagForCompanyByNSId() in CompanyController----
2022-10-27 09:26:18,735 [23] DEBUG LTCPro.ServiceLayer.Log4net - ---Executing GetDrFirstFlagForCompanyByNSId() in CompanyService----
2022-10-27 09:26:18,761 [28] DEBUG LTCPro.ServiceLayer.Log4net - ---Executing GetVitalsCheckList() in EMARController----
2022-10-27 09:26:18,969 [23] DEBUG LTCPro.ServiceLayer.Log4net - ---Executed Successfully GetDrFirstFlagForCompanyByNSId() in CompanyController----
2022-10-27 09:26:19,415 [28] DEBUG LTCPro.ServiceLayer.Log4net - ---Executed Successfully GetVitalsCheckList() in EMARController----
2022-10-27 09:26:23,069 [30] DEBUG LTCPro.ServiceLayer.Log4net - ---Executing GetUserToken() in UserService----
2022-10-27 09:26:23,288 [30] DEBUG LTCPro.ServiceLayer.Log4net - ---Executing GetOrdersListData() in CommonController----
2022-10-27 09:26:23,288 [30] DEBUG LTCPro.ServiceLayer.Log4net - ---Executing GetOrdersListData() in CommonService----
2022-10-27 09:26:24,860 [30] DEBUG LTCPro.ServiceLayer.Log4net - ---Executed Successfully GetOrdersListData() in CommonController----
2022-10-27 09:26:25,332 [28] DEBUG LTCPro.ServiceLayer.Log4net - ---Executing GetUserToken() in UserService----
2022-10-27 09:26:25,333 [30] DEBUG LTCPro.ServiceLayer.Log4net - ---Executing GetUserToken() in UserService----
2022-10-27 09:26:25,338 [26] DEBUG LTCPro.ServiceLayer.Log4net - ---Executing GetUserToken() in UserService----
2022-10-27 09:26:25,729 [28] DEBUG LTCPro.ServiceLayer.Log4net - ---Executing GetVitalsCheckList() in EMARController----
2022-10-27 09:26:25,729 [30] DEBUG LTCPro.ServiceLayer.Log4net - ---Executing GetVitalsCheckList() in EMARController----
2022-10-27 09:26:25,732 [26] DEBUG LTCPro.ServiceLayer.Log4net - ---Executing GetDrFirstFlagForCompanyByNSId() in CompanyController----
2022-10-27 09:26:25,732 [26] DEBUG LTCPro.ServiceLayer.Log4net - ---Executing GetDrFirstFlagForCompanyByNSId() in CompanyService----
2022-10-27 09:26:25,954 [26] DEBUG LTCPro.ServiceLayer.Log4net - ---Executed Successfully GetDrFirstFlagForCompanyByNSId() in CompanyController----
2022-10-27 09:26:26,386 [28] DEBUG LTCPro.ServiceLayer.Log4net - ---Executed Successfully GetVitalsCheckList() in EMARController----
2022-10-27 09:26:26,386 [30] DEBUG LTCPro.ServiceLayer.Log4net - ---Executed Successfully GetVitalsCheckList() in EMARController----
2022-10-27 09:26:44,421 [30] DEBUG LTCPro.ServiceLayer.Log4net - ---Executing GetUserToken() in UserService----
2022-10-27 09:26:44,641 [30] DEBUG LTCPro.ServiceLayer.Log4net - ---Executing GetOrdersListData() in CommonController----
2022-10-27 09:26:44,641 [30] DEBUG LTCPro.ServiceLayer.Log4net - ---Executing GetOrdersListData() in CommonService----
2022-10-27 09:26:46,329 [30] DEBUG LTCPro.ServiceLayer.Log4net - ---Executed Successfully GetOrdersListData() in CommonController----
2022-10-27 09:26:46,392 [28] DEBUG LTCPro.ServiceLayer.Log4net - ---Executing GetUserToken() in UserService----
2022-10-27 09:26:46,394 [34] DEBUG LTCPro.ServiceLayer.Log4net - ---Executing GetUserToken() in UserService----
2022-10-27 09:26:46,396 [33] DEBUG LTCPro.ServiceLayer.Log4net - ---Executing GetUserToken() in UserService----
2022-10-27 09:26:46,403 [26] DEBUG LTCPro.ServiceLayer.Log4net - ---Executing GetUserToken() in UserService----
2022-10-27 09:26:46,643 [28] DEBUG LTCPro.ServiceLayer.Log4net - ---Executing GetDrFirstFlagForCompanyByNSId() in CompanyController----
2022-10-27 09:26:46,643 [28] DEBUG LTCPro.ServiceLayer.Log4net - ---Executing GetDrFirstFlagForCompanyByNSId() in CompanyService----
2022-10-27 09:26:46,643 [33] DEBUG LTCPro.ServiceLayer.Log4net - ---Executing GetVitalsCheckList() in EMARController----
2022-10-27 09:26:46,675 [34] DEBUG LTCPro.ServiceLayer.Log4net - ---Executing GetVitalsCheckList() in EMARController----
2022-10-27 09:26:46,677 [26] DEBUG LTCPro.ServiceLayer.Log4net - ---Executing GetVitalsCheckList() in EMARController----
2022-10-27 09:26:46,904 [28] DEBUG LTCPro.ServiceLayer.Log4net - ---Executed Successfully GetDrFirstFlagForCompanyByNSId() in CompanyController----
2022-10-27 09:26:47,344 [26] DEBUG LTCPro.ServiceLayer.Log4net - ---Executed Successfully GetVitalsCheckList() in EMARController----
2022-10-27 09:26:47,344 [33] DEBUG LTCPro.ServiceLayer.Log4net - ---Executed Successfully GetVitalsCheckList() in EMARController----
2022-10-27 09:26:48,476 [34] DEBUG LTCPro.ServiceLayer.Log4net - ---Executed Successfully GetVitalsCheckList() in EMARController----
2022-10-27 09:27:05,890 [28] DEBUG LTCPro.ServiceLayer.Log4net - ---Executing GetUserToken() in UserService----
2022-10-27 09:27:06,109 [28] DEBUG LTCPro.ServiceLayer.Log4net - ---Executing GetOrdersListData() in CommonController----
2022-10-27 09:27:06,109 [28] DEBUG LTCPro.ServiceLayer.Log4net - ---Executing GetOrdersListData() in CommonService----
2022-10-27 09:27:07,829 [28] DEBUG LTCPro.ServiceLayer.Log4net - ---Executed Successfully GetOrdersListData() in CommonController----
2022-10-27 09:27:07,888 [28] DEBUG LTCPro.ServiceLayer.Log4net - ---Executing GetUserToken() in UserService----
2022-10-27 09:27:07,888 [34] DEBUG LTCPro.ServiceLayer.Log4net - ---Executing GetUserToken() in UserService----
2022-10-27 09:27:07,895 [23] DEBUG LTCPro.ServiceLayer.Log4net - ---Executing GetUserToken() in UserService----
2022-10-27 09:27:07,902 [27] DEBUG LTCPro.ServiceLayer.Log4net - ---Executing GetUserToken() in UserService----
2022-10-27 09:27:08,108 [28] DEBUG LTCPro.ServiceLayer.Log4net - ---Executing GetVitalsCheckList() in EMARController----
2022-10-27 09:27:08,108 [34] DEBUG LTCPro.ServiceLayer.Log4net - ---Executing GetVitalsCheckList() in EMARController----
2022-10-27 09:27:08,122 [23] DEBUG LTCPro.ServiceLayer.Log4net - ---Executing GetDrFirstFlagForCompanyByNSId() in CompanyController----
2022-10-27 09:27:08,122 [23] DEBUG LTCPro.ServiceLayer.Log4net - ---Executing GetDrFirstFlagForCompanyByNSId() in CompanyService----
2022-10-27 09:27:08,122 [27] DEBUG LTCPro.ServiceLayer.Log4net - ---Executing GetVitalsCheckList() in EMARController----
2022-10-27 09:27:08,343 [23] DEBUG LTCPro.ServiceLayer.Log4net - ---Executed Successfully GetDrFirstFlagForCompanyByNSId() in CompanyController----
2022-10-27 09:27:08,761 [28] DEBUG LTCPro.ServiceLayer.Log4net - ---Executed Successfully GetVitalsCheckList() in EMARController----
2022-10-27 09:27:08,763 [34] DEBUG LTCPro.ServiceLayer.Log4net - ---Executed Successfully GetVitalsCheckList() in EMARController----
2022-10-27 09:27:08,780 [27] DEBUG LTCPro.ServiceLayer.Log4net - ---Executed Successfully GetVitalsCheckList() in EMARController----
2022-10-27 09:27:22,627 [28] DEBUG LTCPro.ServiceLayer.Log4net - ---Executing GetUserToken() in UserService----
2022-10-27 09:28:44,215 [34] DEBUG LTCPro.ServiceLayer.Log4net - ---Executing GetUserToken() in UserService----
2022-10-27 09:28:44,258 [10] DEBUG LTCPro.ServiceLayer.Log4net - ---Executing GetUserToken() in UserService----
2022-10-27 09:28:44,258 [8] DEBUG LTCPro.ServiceLayer.Log4net - ---Executing GetUserToken() in UserService----
2022-10-27 09:28:44,267 [25] DEBUG LTCPro.ServiceLayer.Log4net - ---Executing GetUserToken() in UserService----
2022-10-27 09:28:44,268 [28] DEBUG LTCPro.ServiceLayer.Log4net - ---Executing GetUserToken() in UserService----
2022-10-27 09:28:44,270 [5] DEBUG LTCPro.ServiceLayer.Log4net - ---Executing GetUserToken() in UserService----
2022-10-27 09:28:44,436 [34] DEBUG LTCPro.ServiceLayer.Log4net - ---Executing GetReadMailsCount() in MailboxController----
2022-10-27 09:28:44,436 [34] DEBUG LTCPro.ServiceLayer.Log4net - ---Executing GetReadMailsCount() in MailboxService----
2022-10-27 09:28:44,479 [10] DEBUG LTCPro.ServiceLayer.Log4net - ---Executing GetUserPassedDueFlag() in UserController----
2022-10-27 09:28:44,479 [10] DEBUG LTCPro.ServiceLayer.Log4net - ---Executing GetUserPassedDueFlag() in UserService----
2022-10-27 09:28:44,480 [8] DEBUG LTCPro.ServiceLayer.Log4net - ---Executing GetUserRecentFacNs() in UserController----
2022-10-27 09:28:44,480 [8] DEBUG LTCPro.ServiceLayer.Log4net - ---Executing GetUserRecentFacNs() in UserService----
2022-10-27 09:28:44,487 [25] DEBUG LTCPro.ServiceLayer.Log4net - ---Executing GetOutboundErrorDetails() in CommonController----
2022-10-27 09:28:44,487 [25] DEBUG LTCPro.ServiceLayer.Log4net - ---Executing GetOutboundErrorDetails() in CommonService----
2022-10-27 09:28:44,487 [28] DEBUG LTCPro.ServiceLayer.Log4net - ---Executing GetAlertsDetails() in MailboxController----
2022-10-27 09:28:44,487 [28] DEBUG LTCPro.ServiceLayer.Log4net - ---Executing GetAlertsDetails() in MailboxService----
2022-10-27 09:28:44,550 [5] DEBUG LTCPro.ServiceLayer.Log4net - ---Executing GetDueMARAlertData() in EmarController----
2022-10-27 09:28:44,550 [5] DEBUG LTCPro.ServiceLayer.Log4net - ---Executing GetDueMARAlertData() in EmarService----
2022-10-27 09:28:44,657 [34] DEBUG LTCPro.ServiceLayer.Log4net - ---Executed successfully GetReadMailsCount() in MailboxController----
2022-10-27 09:28:44,686 [34] DEBUG LTCPro.ServiceLayer.Log4net - ---Executing GetUserToken() in UserService----
2022-10-27 09:28:44,719 [10] DEBUG LTCPro.ServiceLayer.Log4net - ---Executed Successfully GetUserPassedDueFlag() in UserController----
2022-10-27 09:28:44,808 [10] DEBUG LTCPro.ServiceLayer.Log4net - ---Executing GetUserToken() in UserService----
2022-10-27 09:28:44,913 [34] DEBUG LTCPro.ServiceLayer.Log4net - ---Executing GetPendingDosesList() in CommonController----
2022-10-27 09:28:44,913 [34] DEBUG LTCPro.ServiceLayer.Log4net - ---Executing GetPendingDosesList() in CommonService----
2022-10-27 09:28:44,942 [8] DEBUG LTCPro.ServiceLayer.Log4net - ---Executed Successfully GetUserRecentFacNs() in UserController----
2022-10-27 09:28:44,955 [27] DEBUG LTCPro.ServiceLayer.Log4net - ---Executing GetUserToken() in UserService----
2022-10-27 09:28:45,030 [10] DEBUG LTCPro.ServiceLayer.Log4net - ---Executing GetUserRecentFacNs() in UserController----
2022-10-27 09:28:45,030 [10] DEBUG LTCPro.ServiceLayer.Log4net - ---Executing GetUserRecentFacNs() in UserService----
2022-10-27 09:28:45,040 [5] DEBUG LTCPro.ServiceLayer.Log4net - ---Executed Successfully GetDueMARAlertData() in EmarController----
2022-10-27 09:28:45,059 [5] DEBUG LTCPro.ServiceLayer.Log4net - ---Executing GetUserToken() in UserService----
2022-10-27 09:28:45,175 [27] DEBUG LTCPro.ServiceLayer.Log4net - ---Executing InsertUserActivityDetails() in CompanyController----
2022-10-27 09:28:45,175 [27] DEBUG LTCPro.ServiceLayer.Log4net - ---Executing InsertUserActivityDetails() in UserActivityService----
2022-10-27 09:28:45,280 [5] DEBUG LTCPro.ServiceLayer.Log4net - ---Executing GetUserAccessFacilityNurseStaions() in FacilityController----
2022-10-27 09:28:45,280 [5] DEBUG LTCPro.ServiceLayer.Log4net - ---Executing GetUserAccessFacilityNurseStaions() in FacilityService----
2022-10-27 09:28:45,469 [10] DEBUG LTCPro.ServiceLayer.Log4net - ---Executed Successfully GetUserRecentFacNs() in UserController----
2022-10-27 09:28:45,495 [8] DEBUG LTCPro.ServiceLayer.Log4net - ---Executing GetUserToken() in UserService----
2022-10-27 09:28:45,581 [28] DEBUG LTCPro.ServiceLayer.Log4net - ---Executed successfully GetAlertsDetails() in MailboxController----
2022-10-27 09:28:45,714 [8] DEBUG LTCPro.ServiceLayer.Log4net - ---Executing GetUserAccessFacilityNurseStaions() in FacilityController----
2022-10-27 09:28:45,714 [8] DEBUG LTCPro.ServiceLayer.Log4net - ---Executing GetUserAccessFacilityNurseStaions() in FacilityService----
2022-10-27 09:28:45,721 [5] DEBUG LTCPro.ServiceLayer.Log4net - ---Executed Successfully GetUserAccessFacilityNurseStaions() in FacilityController----
2022-10-27 09:28:45,830 [27] DEBUG LTCPro.ServiceLayer.Log4net - ---Executed Successfully InsertUserActivityDetails() in CompanyController----
2022-10-27 09:28:46,156 [8] DEBUG LTCPro.ServiceLayer.Log4net - ---Executed Successfully GetUserAccessFacilityNurseStaions() in FacilityController----
2022-10-27 09:28:46,186 [28] DEBUG LTCPro.ServiceLayer.Log4net - ---Executing GetUserToken() in UserService----
2022-10-27 09:28:46,406 [28] DEBUG LTCPro.ServiceLayer.Log4net - ---Executing UserNurseStationDrop() in FacilityController----
2022-10-27 09:28:46,406 [28] DEBUG LTCPro.ServiceLayer.Log4net - ---Executing UserNurseStationDrop() in FacilityService----
2022-10-27 09:28:46,628 [28] DEBUG LTCPro.ServiceLayer.Log4net - ---Executed Successfully UserNurseStationDrop() in FacilityController----
2022-10-27 09:28:46,660 [28] DEBUG LTCPro.ServiceLayer.Log4net - ---Executing GetUsersByNSID() in UserController----
2022-10-27 09:28:46,660 [28] DEBUG LTCPro.ServiceLayer.Log4net - ---Executing GetUsersByNSID() in UserService----
2022-10-27 09:28:46,680 [17] DEBUG LTCPro.ServiceLayer.Log4net - ---Executing GetUserToken() in UserService----
2022-10-27 09:28:46,815 [34] DEBUG LTCPro.ServiceLayer.Log4net - ---Executed Successfully GetPendingDosesList() in CommonController----
2022-10-27 09:28:46,901 [17] DEBUG LTCPro.ServiceLayer.Log4net - ---Executing GetResidentsListByNSId() in AssesmentController----
2022-10-27 09:28:46,902 [17] DEBUG LTCPro.ServiceLayer.Log4net - ---Executing GetResidentsListByNSId() in AssesmentService----
2022-10-27 09:28:47,545 [28] DEBUG LTCPro.ServiceLayer.Log4net - ---Executed Successfully GetUsersByNSID() in UserController----
2022-10-27 09:28:47,565 [17] DEBUG LTCPro.ServiceLayer.Log4net - ---Executed Successfully GetResidentsListByNSId() in AssesmentController----
2022-10-27 09:28:47,611 [34] DEBUG LTCPro.ServiceLayer.Log4net - ---Executing GetUserToken() in UserService----
2022-10-27 09:28:47,830 [34] DEBUG LTCPro.ServiceLayer.Log4net - ---Executing GetTimeZoneDate() in CommonController----
2022-10-27 09:28:47,830 [34] DEBUG LTCPro.ServiceLayer.Log4net - ---Executing GetTimeZoneDate() in CommonService----
2022-10-27 09:28:48,048 [34] DEBUG LTCPro.ServiceLayer.Log4net - ---Executed Successfully GetTimeZoneDate() in CommonController----
2022-10-27 09:28:51,150 [25] DEBUG LTCPro.ServiceLayer.Log4net - ---Executed Successfully GetOutboundErrorDetails() in CommonController----
2022-10-27 09:29:24,265 [8] DEBUG LTCPro.ServiceLayer.Log4net - ---Executing GetUserToken() in UserService----
2022-10-27 09:29:24,485 [8] DEBUG LTCPro.ServiceLayer.Log4net - ---Executing GetNursingScheduleData() in EmarController----
2022-10-27 09:29:24,486 [8] DEBUG LTCPro.ServiceLayer.Log4net - ---Executing GetNursingScheduleData() in EmarService----
2022-10-27 09:29:27,195 [8] DEBUG LTCPro.ServiceLayer.Log4net - ---Executed Successfully GetNursingScheduleData() in EmarController----
2022-10-27 09:29:29,007 [8] DEBUG LTCPro.ServiceLayer.Log4net - ---Executing GetUserToken() in UserService----
2022-10-27 09:29:29,227 [8] DEBUG LTCPro.ServiceLayer.Log4net - ---Executing GetOrdersListData() in CommonController----
2022-10-27 09:29:29,227 [8] DEBUG LTCPro.ServiceLayer.Log4net - ---Executing GetOrdersListData() in CommonService----
2022-10-27 09:29:29,951 [8] DEBUG LTCPro.ServiceLayer.Log4net - ---Executed Successfully GetOrdersListData() in CommonController----
2022-10-27 09:29:30,030 [8] DEBUG LTCPro.ServiceLayer.Log4net - ---Executing GetUserToken() in UserService----
2022-10-27 09:29:30,036 [21] DEBUG LTCPro.ServiceLayer.Log4net - ---Executing GetUserToken() in UserService----
2022-10-27 09:29:30,251 [8] DEBUG LTCPro.ServiceLayer.Log4net - ---Executing GetDrFirstFlagForCompanyByNSId() in CompanyController----
2022-10-27 09:29:30,252 [8] DEBUG LTCPro.ServiceLayer.Log4net - ---Executing GetDrFirstFlagForCompanyByNSId() in CompanyService----
2022-10-27 09:29:30,257 [21] DEBUG LTCPro.ServiceLayer.Log4net - ---Executing GetVitalsCheckList() in EMARController----
2022-10-27 09:29:30,476 [8] DEBUG LTCPro.ServiceLayer.Log4net - ---Executed Successfully GetDrFirstFlagForCompanyByNSId() in CompanyController----
2022-10-27 09:29:30,909 [21] DEBUG LTCPro.ServiceLayer.Log4net - ---Executed Successfully GetVitalsCheckList() in EMARController----
2022-10-27 09:29:31,821 [28] DEBUG LTCPro.ServiceLayer.Log4net - ---Executing GetUserToken() in UserService----
2022-10-27 09:29:32,041 [28] DEBUG LTCPro.ServiceLayer.Log4net - ---Executing GetOrdersListData() in CommonController----
2022-10-27 09:29:32,041 [28] DEBUG LTCPro.ServiceLayer.Log4net - ---Executing GetOrdersListData() in CommonService----
2022-10-27 09:29:32,813 [28] DEBUG LTCPro.ServiceLayer.Log4net - ---Executed Successfully GetOrdersListData() in CommonController----
2022-10-27 09:29:32,842 [8] DEBUG LTCPro.ServiceLayer.Log4net - ---Executing GetUserToken() in UserService----
2022-10-27 09:29:32,842 [21] DEBUG LTCPro.ServiceLayer.Log4net - ---Executing GetUserToken() in UserService----
2022-10-27 09:29:32,870 [28] DEBUG LTCPro.ServiceLayer.Log4net - ---Executing GetUserToken() in UserService----
2022-10-27 09:29:33,062 [21] DEBUG LTCPro.ServiceLayer.Log4net - ---Executing GetVitalsCheckList() in EMARController----
2022-10-27 09:29:33,062 [8] DEBUG LTCPro.ServiceLayer.Log4net - ---Executing GetVitalsCheckList() in EMARController----
2022-10-27 09:29:33,091 [28] DEBUG LTCPro.ServiceLayer.Log4net - ---Executing GetDrFirstFlagForCompanyByNSId() in CompanyController----
2022-10-27 09:29:33,091 [28] DEBUG LTCPro.ServiceLayer.Log4net - ---Executing GetDrFirstFlagForCompanyByNSId() in CompanyService----
2022-10-27 09:29:33,314 [28] DEBUG LTCPro.ServiceLayer.Log4net - ---Executed Successfully GetDrFirstFlagForCompanyByNSId() in CompanyController----
2022-10-27 09:29:33,715 [21] DEBUG LTCPro.ServiceLayer.Log4net - ---Executed Successfully GetVitalsCheckList() in EMARController----
2022-10-27 09:29:33,715 [8] DEBUG LTCPro.ServiceLayer.Log4net - ---Executed Successfully GetVitalsCheckList() in EMARController----
2022-10-27 09:29:35,648 [21] DEBUG LTCPro.ServiceLayer.Log4net - ---Executing GetUserToken() in UserService----
2022-10-27 09:29:35,868 [21] DEBUG LTCPro.ServiceLayer.Log4net - ---Executing GetOrdersListData() in CommonController----
2022-10-27 09:29:35,868 [21] DEBUG LTCPro.ServiceLayer.Log4net - ---Executing GetOrdersListData() in CommonService----
2022-10-27 09:29:36,661 [21] DEBUG LTCPro.ServiceLayer.Log4net - ---Executed Successfully GetOrdersListData() in CommonController----
2022-10-27 09:29:36,698 [21] DEBUG LTCPro.ServiceLayer.Log4net - ---Executing GetUserToken() in UserService----
2022-10-27 09:29:36,700 [22] DEBUG LTCPro.ServiceLayer.Log4net - ---Executing GetUserToken() in UserService----
2022-10-27 09:29:36,721 [17] DEBUG LTCPro.ServiceLayer.Log4net - ---Executing GetUserToken() in UserService----
2022-10-27 09:29:36,945 [22] DEBUG LTCPro.ServiceLayer.Log4net - ---Executing GetVitalsCheckList() in EMARController----
2022-10-27 09:29:36,947 [21] DEBUG LTCPro.ServiceLayer.Log4net - ---Executing GetVitalsCheckList() in EMARController----
2022-10-27 09:29:36,948 [17] DEBUG LTCPro.ServiceLayer.Log4net - ---Executing GetDrFirstFlagForCompanyByNSId() in CompanyController----
2022-10-27 09:29:36,948 [17] DEBUG LTCPro.ServiceLayer.Log4net - ---Executing GetDrFirstFlagForCompanyByNSId() in CompanyService----
2022-10-27 09:29:37,168 [17] DEBUG LTCPro.ServiceLayer.Log4net - ---Executed Successfully GetDrFirstFlagForCompanyByNSId() in CompanyController----
2022-10-27 09:29:37,599 [21] DEBUG LTCPro.ServiceLayer.Log4net - ---Executed Successfully GetVitalsCheckList() in EMARController----
2022-10-27 09:29:37,601 [22] DEBUG LTCPro.ServiceLayer.Log4net - ---Executed Successfully GetVitalsCheckList() in EMARController----
2022-10-27 09:29:38,900 [22] DEBUG LTCPro.ServiceLayer.Log4net - ---Executing GetUserToken() in UserService----
2022-10-27 09:29:39,120 [22] DEBUG LTCPro.ServiceLayer.Log4net - ---Executing GetOrdersListData() in CommonController----
2022-10-27 09:29:39,120 [22] DEBUG LTCPro.ServiceLayer.Log4net - ---Executing GetOrdersListData() in CommonService----
2022-10-27 09:29:41,053 [22] DEBUG LTCPro.ServiceLayer.Log4net - ---Executed Successfully GetOrdersListData() in CommonController----
2022-10-27 09:29:41,111 [22] DEBUG LTCPro.ServiceLayer.Log4net - ---Executing GetUserToken() in UserService----
2022-10-27 09:29:41,116 [28] DEBUG LTCPro.ServiceLayer.Log4net - ---Executing GetUserToken() in UserService----
2022-10-27 09:29:41,118 [21] DEBUG LTCPro.ServiceLayer.Log4net - ---Executing GetUserToken() in UserService----
2022-10-27 09:29:41,150 [17] DEBUG LTCPro.ServiceLayer.Log4net - ---Executing GetUserToken() in UserService----
2022-10-27 09:29:41,333 [22] DEBUG LTCPro.ServiceLayer.Log4net - ---Executing GetDrFirstFlagForCompanyByNSId() in CompanyController----
2022-10-27 09:29:41,333 [22] DEBUG LTCPro.ServiceLayer.Log4net - ---Executing GetDrFirstFlagForCompanyByNSId() in CompanyService----
2022-10-27 09:29:41,340 [28] DEBUG LTCPro.ServiceLayer.Log4net - ---Executing GetVitalsCheckList() in EMARController----
2022-10-27 09:29:41,341 [21] DEBUG LTCPro.ServiceLayer.Log4net - ---Executing GetVitalsCheckList() in EMARController----
2022-10-27 09:29:41,369 [17] DEBUG LTCPro.ServiceLayer.Log4net - ---Executing GetVitalsCheckList() in EMARController----
2022-10-27 09:29:41,562 [22] DEBUG LTCPro.ServiceLayer.Log4net - ---Executed Successfully GetDrFirstFlagForCompanyByNSId() in CompanyController----
2022-10-27 09:29:41,992 [28] DEBUG LTCPro.ServiceLayer.Log4net - ---Executed Successfully GetVitalsCheckList() in EMARController----
2022-10-27 09:29:41,994 [21] DEBUG LTCPro.ServiceLayer.Log4net - ---Executed Successfully GetVitalsCheckList() in EMARController----
2022-10-27 09:29:42,097 [17] DEBUG LTCPro.ServiceLayer.Log4net - ---Executed Successfully GetVitalsCheckList() in EMARController----
2022-10-27 09:29:44,572 [8] DEBUG LTCPro.ServiceLayer.Log4net - ---Executing GetUserToken() in UserService----
2022-10-27 09:29:44,792 [8] DEBUG LTCPro.ServiceLayer.Log4net - ---Executing GetOrdersListData() in CommonController----
2022-10-27 09:29:44,792 [8] DEBUG LTCPro.ServiceLayer.Log4net - ---Executing GetOrdersListData() in CommonService----
2022-10-27 09:29:47,011 [8] DEBUG LTCPro.ServiceLayer.Log4net - ---Executed Successfully GetOrdersListData() in CommonController----
2022-10-27 09:29:47,083 [21] DEBUG LTCPro.ServiceLayer.Log4net - ---Executing GetUserToken() in UserService----
2022-10-27 09:29:47,083 [17] DEBUG LTCPro.ServiceLayer.Log4net - ---Executing GetUserToken() in UserService----
2022-10-27 09:29:47,093 [8] DEBUG LTCPro.ServiceLayer.Log4net - ---Executing GetUserToken() in UserService----
2022-10-27 09:29:47,106 [28] DEBUG LTCPro.ServiceLayer.Log4net - ---Executing GetUserToken() in UserService----
2022-10-27 09:29:47,108 [22] DEBUG LTCPro.ServiceLayer.Log4net - ---Executing GetUserToken() in UserService----
2022-10-27 09:29:47,344 [17] DEBUG LTCPro.ServiceLayer.Log4net - ---Executing GetVitalsCheckList() in EMARController----
2022-10-27 09:29:47,352 [22] DEBUG LTCPro.ServiceLayer.Log4net - ---Executing GetVitalsCheckList() in EMARController----
2022-10-27 09:29:47,353 [21] DEBUG LTCPro.ServiceLayer.Log4net - ---Executing GetVitalsCheckList() in EMARController----
2022-10-27 09:29:47,360 [28] DEBUG LTCPro.ServiceLayer.Log4net - ---Executing GetVitalsCheckList() in EMARController----
2022-10-27 09:29:47,364 [8] DEBUG LTCPro.ServiceLayer.Log4net - ---Executing GetDrFirstFlagForCompanyByNSId() in CompanyController----
2022-10-27 09:29:47,364 [8] DEBUG LTCPro.ServiceLayer.Log4net - ---Executing GetDrFirstFlagForCompanyByNSId() in CompanyService----
2022-10-27 09:29:47,587 [8] DEBUG LTCPro.ServiceLayer.Log4net - ---Executed Successfully GetDrFirstFlagForCompanyByNSId() in CompanyController----
2022-10-27 09:29:48,001 [17] DEBUG LTCPro.ServiceLayer.Log4net - ---Executed Successfully GetVitalsCheckList() in EMARController----
2022-10-27 09:29:48,009 [22] DEBUG LTCPro.ServiceLayer.Log4net - ---Executed Successfully GetVitalsCheckList() in EMARController----
2022-10-27 09:29:48,028 [28] DEBUG LTCPro.ServiceLayer.Log4net - ---Executed Successfully GetVitalsCheckList() in EMARController----
2022-10-27 09:29:50,892 [8] DEBUG LTCPro.ServiceLayer.Log4net - ---Executing GetUserToken() in UserService----
2022-10-27 09:29:51,111 [8] DEBUG LTCPro.ServiceLayer.Log4net - ---Executing GetOrdersListData() in CommonController----
2022-10-27 09:29:51,111 [8] DEBUG LTCPro.ServiceLayer.Log4net - ---Executing GetOrdersListData() in CommonService----
2022-10-27 09:29:53,548 [8] DEBUG LTCPro.ServiceLayer.Log4net - ---Executed Successfully GetOrdersListData() in CommonController----
2022-10-27 09:29:53,641 [17] DEBUG LTCPro.ServiceLayer.Log4net - ---Executing GetUserToken() in UserService----
2022-10-27 09:29:53,655 [18] DEBUG LTCPro.ServiceLayer.Log4net - ---Executing GetUserToken() in UserService----
2022-10-27 09:29:53,665 [20] DEBUG LTCPro.ServiceLayer.Log4net - ---Executing GetUserToken() in UserService----
2022-10-27 09:29:53,676 [24] DEBUG LTCPro.ServiceLayer.Log4net - ---Executing GetUserToken() in UserService----
2022-10-27 09:29:53,684 [8] DEBUG LTCPro.ServiceLayer.Log4net - ---Executing GetUserToken() in UserService----
2022-10-27 09:29:53,867 [17] DEBUG LTCPro.ServiceLayer.Log4net - ---Executing GetVitalsCheckList() in EMARController----
2022-10-27 09:29:53,877 [18] DEBUG LTCPro.ServiceLayer.Log4net - ---Executing GetVitalsCheckList() in EMARController----
2022-10-27 09:29:53,883 [20] DEBUG LTCPro.ServiceLayer.Log4net - ---Executing GetDrFirstFlagForCompanyByNSId() in CompanyController----
2022-10-27 09:29:53,883 [20] DEBUG LTCPro.ServiceLayer.Log4net - ---Executing GetDrFirstFlagForCompanyByNSId() in CompanyService----
2022-10-27 09:29:53,895 [24] DEBUG LTCPro.ServiceLayer.Log4net - ---Executing GetVitalsCheckList() in EMARController----
2022-10-27 09:29:53,906 [8] DEBUG LTCPro.ServiceLayer.Log4net - ---Executing GetVitalsCheckList() in EMARController----
2022-10-27 09:29:54,104 [20] DEBUG LTCPro.ServiceLayer.Log4net - ---Executed Successfully GetDrFirstFlagForCompanyByNSId() in CompanyController----
2022-10-27 09:29:54,132 [9] DEBUG LTCPro.ServiceLayer.Log4net - ---Executing GetUserToken() in UserService----
2022-10-27 09:29:54,526 [17] DEBUG LTCPro.ServiceLayer.Log4net - ---Executed Successfully GetVitalsCheckList() in EMARController----
2022-10-27 09:29:54,538 [18] DEBUG LTCPro.ServiceLayer.Log4net - ---Executed Successfully GetVitalsCheckList() in EMARController----
2022-10-27 09:29:54,999 [8] DEBUG LTCPro.ServiceLayer.Log4net - ---Executed Successfully GetVitalsCheckList() in EMARController----
2022-10-27 09:29:54,999 [24] DEBUG LTCPro.ServiceLayer.Log4net - ---Executed Successfully GetVitalsCheckList() in EMARController----
2022-10-27 09:29:55,002 [9] DEBUG LTCPro.ServiceLayer.Log4net - ---Executing GetVitalsCheckList() in EMARController----
2022-10-27 09:29:55,659 [9] DEBUG LTCPro.ServiceLayer.Log4net - ---Executed Successfully GetVitalsCheckList() in EMARController----
2022-10-27 09:29:59,960 [21] DEBUG LTCPro.ServiceLayer.Log4net - ---Executed Successfully GetVitalsCheckList() in EMARController----
2022-10-27 09:30:06,360 [21] DEBUG LTCPro.ServiceLayer.Log4net - ---Executing GetUserToken() in UserService----
2022-10-27 09:30:06,580 [21] DEBUG LTCPro.ServiceLayer.Log4net - ---Executing GetOrdersListData() in CommonController----
2022-10-27 09:30:06,580 [21] DEBUG LTCPro.ServiceLayer.Log4net - ---Executing GetOrdersListData() in CommonService----
2022-10-27 09:30:08,999 [21] DEBUG LTCPro.ServiceLayer.Log4net - ---Executed Successfully GetOrdersListData() in CommonController----
2022-10-27 09:30:09,063 [22] DEBUG LTCPro.ServiceLayer.Log4net - ---Executing GetUserToken() in UserService----
2022-10-27 09:30:09,073 [17] DEBUG LTCPro.ServiceLayer.Log4net - ---Executing GetUserToken() in UserService----
2022-10-27 09:30:09,076 [20] DEBUG LTCPro.ServiceLayer.Log4net - ---Executing GetUserToken() in UserService----
2022-10-27 09:30:09,095 [24] DEBUG LTCPro.ServiceLayer.Log4net - ---Executing GetUserToken() in UserService----
2022-10-27 09:30:09,098 [21] DEBUG LTCPro.ServiceLayer.Log4net - ---Executing GetUserToken() in UserService----
2022-10-27 09:30:09,105 [8] DEBUG LTCPro.ServiceLayer.Log4net - ---Executing GetUserToken() in UserService----
2022-10-27 09:30:09,288 [22] DEBUG LTCPro.ServiceLayer.Log4net - ---Executing GetVitalsCheckList() in EMARController----
2022-10-27 09:30:09,293 [17] DEBUG LTCPro.ServiceLayer.Log4net - ---Executing GetVitalsCheckList() in EMARController----
2022-10-27 09:30:09,303 [20] DEBUG LTCPro.ServiceLayer.Log4net - ---Executing GetDrFirstFlagForCompanyByNSId() in CompanyController----
2022-10-27 09:30:09,303 [20] DEBUG LTCPro.ServiceLayer.Log4net - ---Executing GetDrFirstFlagForCompanyByNSId() in CompanyService----
2022-10-27 09:30:09,316 [24] DEBUG LTCPro.ServiceLayer.Log4net - ---Executing GetVitalsCheckList() in EMARController----
2022-10-27 09:30:09,340 [8] DEBUG LTCPro.ServiceLayer.Log4net - ---Executing GetVitalsCheckList() in EMARController----
2022-10-27 09:30:09,526 [20] DEBUG LTCPro.ServiceLayer.Log4net - ---Executed Successfully GetDrFirstFlagForCompanyByNSId() in CompanyController----
2022-10-27 09:30:09,576 [21] DEBUG LTCPro.ServiceLayer.Log4net - ---Executing GetVitalsCheckList() in EMARController----
2022-10-27 09:30:09,941 [22] DEBUG LTCPro.ServiceLayer.Log4net - ---Executed Successfully GetVitalsCheckList() in EMARController----
2022-10-27 09:30:09,950 [17] DEBUG LTCPro.ServiceLayer.Log4net - ---Executed Successfully GetVitalsCheckList() in EMARController----
2022-10-27 09:30:09,970 [24] DEBUG LTCPro.ServiceLayer.Log4net - ---Executed Successfully GetVitalsCheckList() in EMARController----
2022-10-27 09:30:10,233 [21] DEBUG LTCPro.ServiceLayer.Log4net - ---Executed Successfully GetVitalsCheckList() in EMARController----
2022-10-27 09:30:10,924 [8] DEBUG LTCPro.ServiceLayer.Log4net - ---Executed Successfully GetVitalsCheckList() in EMARController----
2022-10-27 09:30:41,583 [8] DEBUG LTCPro.ServiceLayer.Log4net - ---Executing GetUserToken() in UserService----
2022-10-27 09:31:43,185 [8] DEBUG LTCPro.ServiceLayer.Log4net - ---Executing InsertUpdatePatientType() in CommonController----
2022-10-27 09:31:43,188 [8] DEBUG LTCPro.ServiceLayer.Log4net - ---Executing InsertUpdateDocumentCheck() in CommonService----
2022-10-27 09:31:45,692 [8] DEBUG LTCPro.ServiceLayer.Log4net - ---Executed Successfully InsertUpdatePatientType() in CommonController----
2022-10-27 09:31:45,796 [9] DEBUG LTCPro.ServiceLayer.Log4net - ---Executing GetUserToken() in UserService----
2022-10-27 09:31:45,799 [8] DEBUG LTCPro.ServiceLayer.Log4net - ---Executing GetUserToken() in UserService----
2022-10-27 09:31:46,099 [8] DEBUG LTCPro.ServiceLayer.Log4net - ---Executing GetPendingDosesList() in CommonController----
2022-10-27 09:31:46,099 [8] DEBUG LTCPro.ServiceLayer.Log4net - ---Executing GetPendingDosesList() in CommonService----
2022-10-27 09:31:46,099 [9] DEBUG LTCPro.ServiceLayer.Log4net - ---Executing GetOrdersListData() in CommonController----
2022-10-27 09:31:46,099 [9] DEBUG LTCPro.ServiceLayer.Log4net - ---Executing GetOrdersListData() in CommonService----
2022-10-27 09:31:48,296 [8] DEBUG LTCPro.ServiceLayer.Log4net - ---Executed Successfully GetPendingDosesList() in CommonController----
2022-10-27 09:31:48,778 [9] DEBUG LTCPro.ServiceLayer.Log4net - ---Executed Successfully GetOrdersListData() in CommonController----
2022-10-27 09:31:48,882 [11] DEBUG LTCPro.ServiceLayer.Log4net - ---Executing GetUserToken() in UserService----
2022-10-27 09:31:48,893 [5] DEBUG LTCPro.ServiceLayer.Log4net - ---Executing GetUserToken() in UserService----
2022-10-27 09:31:48,895 [12] DEBUG LTCPro.ServiceLayer.Log4net - ---Executing GetUserToken() in UserService----
2022-10-27 09:31:48,907 [21] DEBUG LTCPro.ServiceLayer.Log4net - ---Executing GetUserToken() in UserService----
2022-10-27 09:31:48,940 [8] DEBUG LTCPro.ServiceLayer.Log4net - ---Executing GetUserToken() in UserService----
2022-10-27 09:31:49,108 [11] DEBUG LTCPro.ServiceLayer.Log4net - ---Executing GetVitalsCheckList() in EMARController----
2022-10-27 09:31:49,176 [5] DEBUG LTCPro.ServiceLayer.Log4net - ---Executing GetVitalsCheckList() in EMARController----
2022-10-27 09:31:49,177 [12] DEBUG LTCPro.ServiceLayer.Log4net - ---Executing GetVitalsCheckList() in EMARController----
2022-10-27 09:31:49,178 [8] DEBUG LTCPro.ServiceLayer.Log4net - ---Executing GetDrFirstFlagForCompanyByNSId() in CompanyController----
2022-10-27 09:31:49,178 [8] DEBUG LTCPro.ServiceLayer.Log4net - ---Executing GetDrFirstFlagForCompanyByNSId() in CompanyService----
2022-10-27 09:31:49,183 [21] DEBUG LTCPro.ServiceLayer.Log4net - ---Executing GetVitalsCheckList() in EMARController----
2022-10-27 09:31:49,403 [8] DEBUG LTCPro.ServiceLayer.Log4net - ---Executed Successfully GetDrFirstFlagForCompanyByNSId() in CompanyController----
2022-10-27 09:31:49,759 [11] DEBUG LTCPro.ServiceLayer.Log4net - ---Executed Successfully GetVitalsCheckList() in EMARController----
2022-10-27 09:31:49,835 [5] DEBUG LTCPro.ServiceLayer.Log4net - ---Executed Successfully GetVitalsCheckList() in EMARController----
2022-10-27 09:31:49,837 [12] DEBUG LTCPro.ServiceLayer.Log4net - ---Executed Successfully GetVitalsCheckList() in EMARController----
2022-10-27 09:31:49,839 [21] DEBUG LTCPro.ServiceLayer.Log4net - ---Executed Successfully GetVitalsCheckList() in EMARController----
2022-10-27 09:45:19,492 [8] DEBUG LTCPro.ServiceLayer.Log4net - ---Executing InsertUpdatePatientType() in CommonController----
2022-10-27 09:45:22,107 [8] DEBUG LTCPro.ServiceLayer.Log4net - ---Executing InsertUpdateDocumentCheck() in CommonService----
2022-10-27 09:46:08,531 [8] ERROR LTCPro.ServiceLayer.Log4net - ===================================
2022-10-27 09:46:08,849 [8] ERROR LTCPro.ServiceLayer.Log4net -  Source : = mscorlib
2022-10-27 09:46:08,884 [8] ERROR LTCPro.ServiceLayer.Log4net -  Stack Trace : =    at System.Threading.Tasks.Task.ThrowIfExceptional(Boolean includeTaskCanceledExceptions)
   at System.Threading.Tasks.Task`1.GetResultCore(Boolean waitCompletionNotification)
   at System.Threading.Tasks.Task`1.get_Result()
   at LTCPro.WebApi.Controllers.CommonController.InsertUpdateDocumentCheck(List`1 entity) in D:\old system Data 04042021\Emar Service Latest 1\WebApi\Controllers\CommonController.cs:line 214
   at lambda_method(Closure , Object , Object[] )
   at System.Web.Http.Controllers.ReflectedHttpActionDescriptor.ActionExecutor.<>c__DisplayClass6_1.<GetExecutor>b__3(Object instance, Object[] methodParameters)
   at System.Web.Http.Controllers.ReflectedHttpActionDescriptor.ActionExecutor.Execute(Object instance, Object[] arguments)
   at System.Web.Http.Controllers.ReflectedHttpActionDescriptor.ExecuteAsync(HttpControllerContext controllerContext, IDictionary`2 arguments, CancellationToken cancellationToken)
--- End of stack trace from previous location where exception was thrown ---
   at System.Runtime.CompilerServices.TaskAwaiter.ThrowForNonSuccess(Task task)
   at System.Runtime.CompilerServices.TaskAwaiter.HandleNonSuccessAndDebuggerNotification(Task task)
   at System.Web.Http.Controllers.ApiControllerActionInvoker.<InvokeActionAsyncCore>d__1.MoveNext()
--- End of stack trace from previous location where exception was thrown ---
   at System.Runtime.CompilerServices.TaskAwaiter.ThrowForNonSuccess(Task task)
   at System.Runtime.CompilerServices.TaskAwaiter.HandleNonSuccessAndDebuggerNotification(Task task)
   at System.Web.Http.Controllers.ActionFilterResult.<ExecuteAsync>d__5.MoveNext()
--- End of stack trace from previous location where exception was thrown ---
   at System.Runtime.CompilerServices.TaskAwaiter.ThrowForNonSuccess(Task task)
   at System.Runtime.CompilerServices.TaskAwaiter.HandleNonSuccessAndDebuggerNotification(Task task)
   at System.Web.Http.Controllers.ExceptionFilterResult.<ExecuteAsync>d__6.MoveNext()
2022-10-27 09:46:08,884 [8] ERROR LTCPro.ServiceLayer.Log4net -  Exception Message : = One or more errors occurred.
2022-10-27 09:46:08,884 [8] ERROR LTCPro.ServiceLayer.Log4net - ============= Inner Exception  Stack Trace  ===========
2022-10-27 09:46:08,889 [8] ERROR LTCPro.ServiceLayer.Log4net -  Inner Exception  Stack Trace : =    at LTCPro.Repositories.CommonRepository.InsertUpdateDocumentCheck(List`1 data) in D:\old system Data 04042021\Emar Service Latest 1\Repositories\Repositories\CommonRepository.cs:line 361
   at LTCPro.ServiceLayer.CommonService.<InsertUpdateDocumentCheck>d__20.MoveNext() in D:\old system Data 04042021\Emar Service Latest 1\BusinessLayer\Services\CommonService.cs:line 116
2022-10-27 09:46:08,889 [8] ERROR LTCPro.ServiceLayer.Log4net - ============= Inner Exception  Stack Trace End  ===========
2022-10-27 09:46:08,889 [8] ERROR LTCPro.ServiceLayer.Log4net - ============= Inner Exception  Message  ===========
2022-10-27 09:46:08,889 [8] ERROR LTCPro.ServiceLayer.Log4net -  Inner Exception Message : = Object reference not set to an instance of an object.
2022-10-27 09:46:08,889 [8] ERROR LTCPro.ServiceLayer.Log4net - ============= Inner Exception  Message End  ===========
2022-10-27 09:47:17,434 [5] DEBUG LTCPro.ServiceLayer.Log4net - ---Executing InsertUpdatePatientType() in CommonController----
2022-10-27 09:47:17,434 [5] DEBUG LTCPro.ServiceLayer.Log4net - ---Executing InsertUpdateDocumentCheck() in CommonService----
2022-10-27 09:47:17,985 [5] ERROR LTCPro.ServiceLayer.Log4net - ===================================
2022-10-27 09:47:17,985 [5] ERROR LTCPro.ServiceLayer.Log4net -  Source : = mscorlib
2022-10-27 09:47:17,985 [5] ERROR LTCPro.ServiceLayer.Log4net -  Stack Trace : =    at System.Threading.Tasks.Task.ThrowIfExceptional(Boolean includeTaskCanceledExceptions)
   at System.Threading.Tasks.Task`1.GetResultCore(Boolean waitCompletionNotification)
   at System.Threading.Tasks.Task`1.get_Result()
   at LTCPro.WebApi.Controllers.CommonController.InsertUpdateDocumentCheck(List`1 entity) in D:\old system Data 04042021\Emar Service Latest 1\WebApi\Controllers\CommonController.cs:line 214
   at lambda_method(Closure , Object , Object[] )
   at System.Web.Http.Controllers.ReflectedHttpActionDescriptor.ActionExecutor.<>c__DisplayClass6_1.<GetExecutor>b__3(Object instance, Object[] methodParameters)
   at System.Web.Http.Controllers.ReflectedHttpActionDescriptor.ActionExecutor.Execute(Object instance, Object[] arguments)
   at System.Web.Http.Controllers.ReflectedHttpActionDescriptor.ExecuteAsync(HttpControllerContext controllerContext, IDictionary`2 arguments, CancellationToken cancellationToken)
--- End of stack trace from previous location where exception was thrown ---
   at System.Runtime.CompilerServices.TaskAwaiter.ThrowForNonSuccess(Task task)
   at System.Runtime.CompilerServices.TaskAwaiter.HandleNonSuccessAndDebuggerNotification(Task task)
   at System.Web.Http.Controllers.ApiControllerActionInvoker.<InvokeActionAsyncCore>d__1.MoveNext()
--- End of stack trace from previous location where exception was thrown ---
   at System.Runtime.CompilerServices.TaskAwaiter.ThrowForNonSuccess(Task task)
   at System.Runtime.CompilerServices.TaskAwaiter.HandleNonSuccessAndDebuggerNotification(Task task)
   at System.Web.Http.Controllers.ActionFilterResult.<ExecuteAsync>d__5.MoveNext()
--- End of stack trace from previous location where exception was thrown ---
   at System.Runtime.CompilerServices.TaskAwaiter.ThrowForNonSuccess(Task task)
   at System.Runtime.CompilerServices.TaskAwaiter.HandleNonSuccessAndDebuggerNotification(Task task)
   at System.Web.Http.Controllers.ExceptionFilterResult.<ExecuteAsync>d__6.MoveNext()
2022-10-27 09:47:17,985 [5] ERROR LTCPro.ServiceLayer.Log4net -  Exception Message : = One or more errors occurred.
2022-10-27 09:47:17,985 [5] ERROR LTCPro.ServiceLayer.Log4net - ============= Inner Exception  Stack Trace  ===========
2022-10-27 09:47:17,985 [5] ERROR LTCPro.ServiceLayer.Log4net -  Inner Exception  Stack Trace : =    at LTCPro.Repositories.CommonRepository.InsertUpdateDocumentCheck(List`1 data) in D:\old system Data 04042021\Emar Service Latest 1\Repositories\Repositories\CommonRepository.cs:line 361
   at LTCPro.ServiceLayer.CommonService.<InsertUpdateDocumentCheck>d__20.MoveNext() in D:\old system Data 04042021\Emar Service Latest 1\BusinessLayer\Services\CommonService.cs:line 116
2022-10-27 09:47:17,986 [5] ERROR LTCPro.ServiceLayer.Log4net - ============= Inner Exception  Stack Trace End  ===========
2022-10-27 09:47:17,986 [5] ERROR LTCPro.ServiceLayer.Log4net - ============= Inner Exception  Message  ===========
2022-10-27 09:47:17,986 [5] ERROR LTCPro.ServiceLayer.Log4net -  Inner Exception Message : = Object reference not set to an instance of an object.
2022-10-27 09:47:17,986 [5] ERROR LTCPro.ServiceLayer.Log4net - ============= Inner Exception  Message End  ===========
2022-10-27 09:49:03,385 [8] DEBUG LTCPro.ServiceLayer.Log4net - ---Executing GetUserToken() in UserService----
2022-10-27 09:49:03,385 [5] DEBUG LTCPro.ServiceLayer.Log4net - ---Executing GetUserToken() in UserService----
2022-10-27 09:49:03,385 [6] DEBUG LTCPro.ServiceLayer.Log4net - ---Executing GetUserToken() in UserService----
2022-10-27 09:49:16,926 [8] DEBUG LTCPro.ServiceLayer.Log4net - ---Executing GetDueMARAlertData() in EmarController----
2022-10-27 09:49:16,926 [5] DEBUG LTCPro.ServiceLayer.Log4net - ---Executing InsertUserActivityDetails() in CompanyController----
2022-10-27 09:49:16,927 [5] DEBUG LTCPro.ServiceLayer.Log4net - ---Executing InsertUserActivityDetails() in UserActivityService----
2022-10-27 09:49:16,959 [8] DEBUG LTCPro.ServiceLayer.Log4net - ---Executing GetDueMARAlertData() in EmarService----
2022-10-27 09:49:17,082 [6] DEBUG LTCPro.ServiceLayer.Log4net - ---Executing GetUserRecentFacNs() in UserController----
2022-10-27 09:49:17,133 [6] DEBUG LTCPro.ServiceLayer.Log4net - ---Executing GetUserRecentFacNs() in UserService----
2022-10-27 09:49:17,591 [8] DEBUG LTCPro.ServiceLayer.Log4net - ---Executed Successfully GetDueMARAlertData() in EmarController----
2022-10-27 09:49:17,694 [6] DEBUG LTCPro.ServiceLayer.Log4net - ---Executed Successfully GetUserRecentFacNs() in UserController----
2022-10-27 09:49:17,752 [8] DEBUG LTCPro.ServiceLayer.Log4net - ---Executing GetUserToken() in UserService----
2022-10-27 09:49:17,990 [8] DEBUG LTCPro.ServiceLayer.Log4net - ---Executing GetCompanyToBedData() in FacilityController----
2022-10-27 09:49:17,991 [8] DEBUG LTCPro.ServiceLayer.Log4net - ---Executing GetCompanyToBedData() in FacilityService----
2022-10-27 09:49:19,043 [5] DEBUG LTCPro.ServiceLayer.Log4net - ---Executed Successfully InsertUserActivityDetails() in CompanyController----
2022-10-27 09:49:20,364 [8] DEBUG LTCPro.ServiceLayer.Log4net - ---Executed Successfully GetCompanyToBedData() in FacilityController----
2022-10-27 09:49:20,419 [6] DEBUG LTCPro.ServiceLayer.Log4net - ---Executing GetUserToken() in UserService----
2022-10-27 09:49:20,646 [6] DEBUG LTCPro.ServiceLayer.Log4net - ---Executing UserNurseStationDrop() in FacilityController----
2022-10-27 09:49:20,648 [6] DEBUG LTCPro.ServiceLayer.Log4net - ---Executing UserNurseStationDrop() in FacilityService----
2022-10-27 09:49:20,907 [6] DEBUG LTCPro.ServiceLayer.Log4net - ---Executed Successfully UserNurseStationDrop() in FacilityController----
2022-10-27 09:49:21,013 [6] DEBUG LTCPro.ServiceLayer.Log4net - ---Executing GetUserToken() in UserService----
2022-10-27 09:49:21,034 [5] DEBUG LTCPro.ServiceLayer.Log4net - ---Executing GetUserToken() in UserService----
2022-10-27 09:49:21,236 [11] DEBUG LTCPro.ServiceLayer.Log4net - ---Executing GetUserToken() in UserService----
2022-10-27 09:49:21,263 [6] DEBUG LTCPro.ServiceLayer.Log4net - ---Executing GetNursingScheduleData() in EmarController----
2022-10-27 09:49:21,280 [5] DEBUG LTCPro.ServiceLayer.Log4net - ---Executing GetDrFirstFlagForCompanyByNSId() in CompanyController----
2022-10-27 09:49:21,280 [5] DEBUG LTCPro.ServiceLayer.Log4net - ---Executing GetDrFirstFlagForCompanyByNSId() in CompanyService----
2022-10-27 09:49:21,288 [6] DEBUG LTCPro.ServiceLayer.Log4net - ---Executing GetNursingScheduleData() in EmarService----
2022-10-27 09:49:21,538 [11] DEBUG LTCPro.ServiceLayer.Log4net - ---Executing GetPendingOrdersGridData() in OrdersController----
2022-10-27 09:49:21,538 [5] DEBUG LTCPro.ServiceLayer.Log4net - ---Executed Successfully GetDrFirstFlagForCompanyByNSId() in CompanyController----
2022-10-27 09:49:21,569 [8] DEBUG LTCPro.ServiceLayer.Log4net - ---Executing GetUserToken() in UserService----
2022-10-27 09:49:21,581 [11] DEBUG LTCPro.ServiceLayer.Log4net - ---Executing GetPendingOrdersGridData() in OrdersService----
2022-10-27 09:49:21,789 [8] DEBUG LTCPro.ServiceLayer.Log4net - ---Executing GetTimeZoneDate() in CommonController----
2022-10-27 09:49:21,790 [8] DEBUG LTCPro.ServiceLayer.Log4net - ---Executing GetTimeZoneDate() in CommonService----
2022-10-27 09:49:22,039 [8] DEBUG LTCPro.ServiceLayer.Log4net - ---Executed Successfully GetTimeZoneDate() in CommonController----
2022-10-27 09:49:24,069 [11] DEBUG LTCPro.ServiceLayer.Log4net - ---Executed Successfully GetPendingOrdersGridData() in OrdersController----
2022-10-27 09:49:25,387 [11] DEBUG LTCPro.ServiceLayer.Log4net - ---Executing GetUserToken() in UserService----
2022-10-27 09:49:25,392 [7] DEBUG LTCPro.ServiceLayer.Log4net - ---Executing GetUserToken() in UserService----
2022-10-27 09:49:25,606 [11] DEBUG LTCPro.ServiceLayer.Log4net - ---Executing InsertUserActivityDetails() in CompanyController----
2022-10-27 09:49:25,606 [11] DEBUG LTCPro.ServiceLayer.Log4net - ---Executing InsertUserActivityDetails() in UserActivityService----
2022-10-27 09:49:25,610 [7] DEBUG LTCPro.ServiceLayer.Log4net - ---Executing GetUserRecentFacNs() in UserController----
2022-10-27 09:49:25,610 [7] DEBUG LTCPro.ServiceLayer.Log4net - ---Executing GetUserRecentFacNs() in UserService----
2022-10-27 09:49:26,045 [7] DEBUG LTCPro.ServiceLayer.Log4net - ---Executed Successfully GetUserRecentFacNs() in UserController----
2022-10-27 09:49:26,072 [8] DEBUG LTCPro.ServiceLayer.Log4net - ---Executing GetUserToken() in UserService----
2022-10-27 09:49:26,260 [11] DEBUG LTCPro.ServiceLayer.Log4net - ---Executed Successfully InsertUserActivityDetails() in CompanyController----
2022-10-27 09:49:26,291 [8] DEBUG LTCPro.ServiceLayer.Log4net - ---Executing GetUserAccessFacilityNurseStaions() in FacilityController----
2022-10-27 09:49:26,292 [8] DEBUG LTCPro.ServiceLayer.Log4net - ---Executing GetUserAccessFacilityNurseStaions() in FacilityService----
2022-10-27 09:49:26,735 [8] DEBUG LTCPro.ServiceLayer.Log4net - ---Executed Successfully GetUserAccessFacilityNurseStaions() in FacilityController----
2022-10-27 09:49:26,807 [11] DEBUG LTCPro.ServiceLayer.Log4net - ---Executing GetUserToken() in UserService----
2022-10-27 09:49:27,029 [11] DEBUG LTCPro.ServiceLayer.Log4net - ---Executing UserNurseStationDrop() in FacilityController----
2022-10-27 09:49:27,029 [11] DEBUG LTCPro.ServiceLayer.Log4net - ---Executing UserNurseStationDrop() in FacilityService----
2022-10-27 09:49:27,252 [11] DEBUG LTCPro.ServiceLayer.Log4net - ---Executed Successfully UserNurseStationDrop() in FacilityController----
2022-10-27 09:49:27,283 [11] DEBUG LTCPro.ServiceLayer.Log4net - ---Executing GetUsersByNSID() in UserController----
2022-10-27 09:49:27,284 [11] DEBUG LTCPro.ServiceLayer.Log4net - ---Executing GetUsersByNSID() in UserService----
2022-10-27 09:49:27,307 [8] DEBUG LTCPro.ServiceLayer.Log4net - ---Executing GetUserToken() in UserService----
2022-10-27 09:49:27,566 [8] DEBUG LTCPro.ServiceLayer.Log4net - ---Executing GetResidentsListByNSId() in AssesmentController----
2022-10-27 09:49:27,576 [8] DEBUG LTCPro.ServiceLayer.Log4net - ---Executing GetResidentsListByNSId() in AssesmentService----
2022-10-27 09:49:28,199 [11] DEBUG LTCPro.ServiceLayer.Log4net - ---Executed Successfully GetUsersByNSID() in UserController----
2022-10-27 09:49:28,283 [8] DEBUG LTCPro.ServiceLayer.Log4net - ---Executed Successfully GetResidentsListByNSId() in AssesmentController----
2022-10-27 09:49:28,375 [7] DEBUG LTCPro.ServiceLayer.Log4net - ---Executing GetUserToken() in UserService----
2022-10-27 09:49:28,594 [7] DEBUG LTCPro.ServiceLayer.Log4net - ---Executing GetTimeZoneDate() in CommonController----
2022-10-27 09:49:28,594 [7] DEBUG LTCPro.ServiceLayer.Log4net - ---Executing GetTimeZoneDate() in CommonService----
2022-10-27 09:49:28,820 [7] DEBUG LTCPro.ServiceLayer.Log4net - ---Executed Successfully GetTimeZoneDate() in CommonController----
2022-10-27 09:49:35,079 [6] DEBUG LTCPro.ServiceLayer.Log4net - ---Executed Successfully GetNursingScheduleData() in EmarController----
2022-10-27 09:49:35,189 [6] DEBUG LTCPro.ServiceLayer.Log4net - ---Executing GetUserToken() in UserService----
2022-10-27 09:49:35,411 [6] DEBUG LTCPro.ServiceLayer.Log4net - ---Executing GetNurseShiftDrop() in CommonController----
2022-10-27 09:49:35,413 [6] DEBUG LTCPro.ServiceLayer.Log4net - ---Executing GetNurseShiftDrop() in CommonService----
2022-10-27 09:49:35,755 [6] DEBUG LTCPro.ServiceLayer.Log4net - ---Executed Successfully GetNurseShiftDrop() in CommonController----
2022-10-27 09:49:51,208 [6] DEBUG LTCPro.ServiceLayer.Log4net - ---Executing GetUserToken() in UserService----
2022-10-27 09:49:51,428 [6] DEBUG LTCPro.ServiceLayer.Log4net - ---Executing GetNursingScheduleData() in EmarController----
2022-10-27 09:49:51,429 [6] DEBUG LTCPro.ServiceLayer.Log4net - ---Executing GetNursingScheduleData() in EmarService----
2022-10-27 09:49:53,508 [6] DEBUG LTCPro.ServiceLayer.Log4net - ---Executed Successfully GetNursingScheduleData() in EmarController----
2022-10-27 09:49:55,982 [5] DEBUG LTCPro.ServiceLayer.Log4net - ---Executing GetUserToken() in UserService----
2022-10-27 09:49:56,209 [5] DEBUG LTCPro.ServiceLayer.Log4net - ---Executing GetOrdersListData() in CommonController----
2022-10-27 09:49:56,209 [5] DEBUG LTCPro.ServiceLayer.Log4net - ---Executing GetOrdersListData() in CommonService----
2022-10-27 09:49:57,071 [5] DEBUG LTCPro.ServiceLayer.Log4net - ---Executed Successfully GetOrdersListData() in CommonController----
2022-10-27 09:49:57,118 [8] DEBUG LTCPro.ServiceLayer.Log4net - ---Executing GetUserToken() in UserService----
2022-10-27 09:49:57,126 [6] DEBUG LTCPro.ServiceLayer.Log4net - ---Executing GetUserToken() in UserService----
2022-10-27 09:49:57,340 [8] DEBUG LTCPro.ServiceLayer.Log4net - ---Executing GetVitalsCheckList() in EMARController----
2022-10-27 09:49:57,347 [6] DEBUG LTCPro.ServiceLayer.Log4net - ---Executing GetDrFirstFlagForCompanyByNSId() in CompanyController----
2022-10-27 09:49:57,347 [6] DEBUG LTCPro.ServiceLayer.Log4net - ---Executing GetDrFirstFlagForCompanyByNSId() in CompanyService----
2022-10-27 09:49:57,575 [6] DEBUG LTCPro.ServiceLayer.Log4net - ---Executed Successfully GetDrFirstFlagForCompanyByNSId() in CompanyController----
2022-10-27 09:49:58,029 [8] DEBUG LTCPro.ServiceLayer.Log4net - ---Executed Successfully GetVitalsCheckList() in EMARController----
2022-10-27 09:50:11,612 [7] DEBUG LTCPro.ServiceLayer.Log4net - ---Executing GetUserToken() in UserService----
2022-10-27 09:50:11,831 [7] DEBUG LTCPro.ServiceLayer.Log4net - ---Executing GetOrdersListData() in CommonController----
2022-10-27 09:50:11,832 [7] DEBUG LTCPro.ServiceLayer.Log4net - ---Executing GetOrdersListData() in CommonService----
2022-10-27 09:50:12,517 [7] DEBUG LTCPro.ServiceLayer.Log4net - ---Executed Successfully GetOrdersListData() in CommonController----
2022-10-27 09:50:12,666 [7] DEBUG LTCPro.ServiceLayer.Log4net - ---Executing GetUserToken() in UserService----
2022-10-27 09:50:12,676 [8] DEBUG LTCPro.ServiceLayer.Log4net - ---Executing GetUserToken() in UserService----
2022-10-27 09:50:12,887 [7] DEBUG LTCPro.ServiceLayer.Log4net - ---Executing GetVitalsCheckList() in EMARController----
2022-10-27 09:50:12,896 [8] DEBUG LTCPro.ServiceLayer.Log4net - ---Executing GetDrFirstFlagForCompanyByNSId() in CompanyController----
2022-10-27 09:50:12,896 [8] DEBUG LTCPro.ServiceLayer.Log4net - ---Executing GetDrFirstFlagForCompanyByNSId() in CompanyService----
2022-10-27 09:50:13,119 [8] DEBUG LTCPro.ServiceLayer.Log4net - ---Executed Successfully GetDrFirstFlagForCompanyByNSId() in CompanyController----
2022-10-27 09:50:13,543 [7] DEBUG LTCPro.ServiceLayer.Log4net - ---Executed Successfully GetVitalsCheckList() in EMARController----
2022-10-27 09:50:21,432 [7] DEBUG LTCPro.ServiceLayer.Log4net - ---Executing GetUserToken() in UserService----
2022-10-27 09:50:36,501 [7] DEBUG LTCPro.ServiceLayer.Log4net - ---Executing InsertUpdatePatientType() in CommonController----
2022-10-27 09:50:38,758 [7] DEBUG LTCPro.ServiceLayer.Log4net - ---Executing InsertUpdateDocumentCheck() in CommonService----
2022-10-27 09:50:49,750 [7] DEBUG LTCPro.ServiceLayer.Log4net - ---Executed Successfully InsertUpdatePatientType() in CommonController----
2022-10-27 09:50:51,785 [12] DEBUG LTCPro.ServiceLayer.Log4net - ---Executing GetUserToken() in UserService----
2022-10-27 09:50:51,789 [6] DEBUG LTCPro.ServiceLayer.Log4net - ---Executing GetUserToken() in UserService----
2022-10-27 09:50:52,007 [12] DEBUG LTCPro.ServiceLayer.Log4net - ---Executing GetOrdersListData() in CommonController----
2022-10-27 09:50:52,008 [12] DEBUG LTCPro.ServiceLayer.Log4net - ---Executing GetOrdersListData() in CommonService----
2022-10-27 09:50:52,009 [6] DEBUG LTCPro.ServiceLayer.Log4net - ---Executing GetPendingDosesList() in CommonController----
2022-10-27 09:50:52,010 [6] DEBUG LTCPro.ServiceLayer.Log4net - ---Executing GetPendingDosesList() in CommonService----
2022-10-27 09:50:52,786 [12] DEBUG LTCPro.ServiceLayer.Log4net - ---Executed Successfully GetOrdersListData() in CommonController----
2022-10-27 09:50:52,872 [12] DEBUG LTCPro.ServiceLayer.Log4net - ---Executing GetUserToken() in UserService----
2022-10-27 09:50:53,093 [12] DEBUG LTCPro.ServiceLayer.Log4net - ---Executing GetDrFirstFlagForCompanyByNSId() in CompanyController----
2022-10-27 09:50:53,093 [12] DEBUG LTCPro.ServiceLayer.Log4net - ---Executing GetDrFirstFlagForCompanyByNSId() in CompanyService----
2022-10-27 09:50:53,317 [12] DEBUG LTCPro.ServiceLayer.Log4net - ---Executed Successfully GetDrFirstFlagForCompanyByNSId() in CompanyController----
2022-10-27 09:50:53,940 [6] DEBUG LTCPro.ServiceLayer.Log4net - ---Executed Successfully GetPendingDosesList() in CommonController----
2022-10-27 09:50:58,524 [6] DEBUG LTCPro.ServiceLayer.Log4net - ---Executing GetUserToken() in UserService----
2022-10-27 09:50:58,744 [6] DEBUG LTCPro.ServiceLayer.Log4net - ---Executing GetOrdersListData() in CommonController----
2022-10-27 09:50:58,744 [6] DEBUG LTCPro.ServiceLayer.Log4net - ---Executing GetOrdersListData() in CommonService----
2022-10-27 09:50:59,447 [6] DEBUG LTCPro.ServiceLayer.Log4net - ---Executed Successfully GetOrdersListData() in CommonController----
2022-10-27 09:50:59,482 [8] DEBUG LTCPro.ServiceLayer.Log4net - ---Executing GetUserToken() in UserService----
2022-10-27 09:50:59,496 [6] DEBUG LTCPro.ServiceLayer.Log4net - ---Executing GetUserToken() in UserService----
2022-10-27 09:50:59,709 [8] DEBUG LTCPro.ServiceLayer.Log4net - ---Executing GetVitalsCheckList() in EMARController----
2022-10-27 09:50:59,717 [6] DEBUG LTCPro.ServiceLayer.Log4net - ---Executing GetDrFirstFlagForCompanyByNSId() in CompanyController----
2022-10-27 09:50:59,717 [6] DEBUG LTCPro.ServiceLayer.Log4net - ---Executing GetDrFirstFlagForCompanyByNSId() in CompanyService----
2022-10-27 09:50:59,940 [6] DEBUG LTCPro.ServiceLayer.Log4net - ---Executed Successfully GetDrFirstFlagForCompanyByNSId() in CompanyController----
2022-10-27 09:51:00,366 [8] DEBUG LTCPro.ServiceLayer.Log4net - ---Executed Successfully GetVitalsCheckList() in EMARController----
2022-10-27 09:51:05,478 [16] DEBUG LTCPro.ServiceLayer.Log4net - ---Executing GetUserToken() in UserService----
2022-10-27 09:51:08,209 [16] DEBUG LTCPro.ServiceLayer.Log4net - ---Executing InsertUpdatePatientType() in CommonController----
2022-10-27 09:51:09,919 [16] DEBUG LTCPro.ServiceLayer.Log4net - ---Executing InsertUpdateDocumentCheck() in CommonService----
2022-10-27 09:51:24,574 [16] DEBUG LTCPro.ServiceLayer.Log4net - ---Executed Successfully InsertUpdatePatientType() in CommonController----
2022-10-27 09:51:26,884 [20] DEBUG LTCPro.ServiceLayer.Log4net - ---Executing GetUserToken() in UserService----
2022-10-27 09:51:26,885 [15] DEBUG LTCPro.ServiceLayer.Log4net - ---Executing GetUserToken() in UserService----
2022-10-27 09:51:27,106 [20] DEBUG LTCPro.ServiceLayer.Log4net - ---Executing GetOrdersListData() in CommonController----
2022-10-27 09:51:27,106 [20] DEBUG LTCPro.ServiceLayer.Log4net - ---Executing GetOrdersListData() in CommonService----
2022-10-27 09:51:27,107 [15] DEBUG LTCPro.ServiceLayer.Log4net - ---Executing GetPendingDosesList() in CommonController----
2022-10-27 09:51:27,107 [15] DEBUG LTCPro.ServiceLayer.Log4net - ---Executing GetPendingDosesList() in CommonService----
2022-10-27 09:51:27,824 [20] DEBUG LTCPro.ServiceLayer.Log4net - ---Executed Successfully GetOrdersListData() in CommonController----
2022-10-27 09:51:27,892 [17] DEBUG LTCPro.ServiceLayer.Log4net - ---Executing GetUserToken() in UserService----
2022-10-27 09:51:28,113 [17] DEBUG LTCPro.ServiceLayer.Log4net - ---Executing GetDrFirstFlagForCompanyByNSId() in CompanyController----
2022-10-27 09:51:28,113 [17] DEBUG LTCPro.ServiceLayer.Log4net - ---Executing GetDrFirstFlagForCompanyByNSId() in CompanyService----
2022-10-27 09:51:28,470 [17] DEBUG LTCPro.ServiceLayer.Log4net - ---Executed Successfully GetDrFirstFlagForCompanyByNSId() in CompanyController----
2022-10-27 09:51:29,123 [15] DEBUG LTCPro.ServiceLayer.Log4net - ---Executed Successfully GetPendingDosesList() in CommonController----
2022-10-27 10:11:05,436 [34] DEBUG LTCPro.ServiceLayer.Log4net - ---Executing LogoutUser() in UserController----
2022-10-27 10:11:05,437 [34] DEBUG LTCPro.ServiceLayer.Log4net - ---Executing LogoutUser() in UserService----
2022-10-27 10:11:20,266 [34] DEBUG LTCPro.ServiceLayer.Log4net - ---Executed Successfully LogoutUser() in UserController----
2022-10-27 10:54:16,698 [12] DEBUG LTCPro.ServiceLayer.Log4net - ---Executing UsersConfigNurseStationDrop() in FacilityController----
2022-10-27 10:54:16,772 [12] DEBUG LTCPro.ServiceLayer.Log4net - ---Executing UsersConfigNurseStationDrop() in FacilityService----
2022-10-27 10:54:19,719 [12] DEBUG LTCPro.ServiceLayer.Log4net - ---Executed Successfully UsersConfigNurseStationDrop() in FacilityController----
2022-10-27 10:54:20,174 [8] DEBUG LTCPro.ServiceLayer.Log4net - ---Executing GetProcessKeyMasterList() in FacilityController----
2022-10-27 10:54:20,210 [8] DEBUG LTCPro.ServiceLayer.Log4net - ---Executing GetProcessKeyMasterList() in FacilityService----
2022-10-27 10:54:20,251 [8] DEBUG LTCPro.ServiceLayer.Log4net - ---Executed Successfully GetProcessKeyMasterList() in FacilityController----
2022-10-27 10:54:27,007 [12] DEBUG LTCPro.ServiceLayer.Log4net - ---Executing GetProcessKeyMasterList() in FacilityController----
2022-10-27 10:54:27,007 [12] DEBUG LTCPro.ServiceLayer.Log4net - ---Executing GetProcessKeyMasterList() in FacilityService----
2022-10-27 10:54:27,012 [12] DEBUG LTCPro.ServiceLayer.Log4net - ---Executed Successfully GetProcessKeyMasterList() in FacilityController----
2022-10-27 10:54:28,534 [12] DEBUG LTCPro.ServiceLayer.Log4net - ---Executing CheckUser() in UserService----
2022-10-27 10:54:28,919 [12] DEBUG LTCPro.ServiceLayer.Log4net - ---Executing FindUser() in UserService----
2022-10-27 10:54:29,077 [12] DEBUG LTCPro.ServiceLayer.Log4net - ---Executing InsertUserSession() in UserService----
2022-10-27 10:54:29,322 [12] DEBUG LTCPro.ServiceLayer.Log4net - ---Executing InsertUserToken() in UserService----
2022-10-27 10:54:29,540 [11] DEBUG LTCPro.ServiceLayer.Log4net - ---Executing GetScreenPermissionsForLoggedInUser() in RoleController----
2022-10-27 10:54:29,548 [11] DEBUG LTCPro.ServiceLayer.Log4net - ---Executing GetScreenPermissionsForLoggedInUser() in RoleService----
2022-10-27 10:54:29,559 [8] DEBUG LTCPro.ServiceLayer.Log4net - ---Executing InsertUpdateUserRecentFacNs() in UserController----
2022-10-27 10:54:29,571 [8] DEBUG LTCPro.ServiceLayer.Log4net - ---Executing GetUserRecentFacNs() in UserService----
2022-10-27 10:54:29,579 [11] DEBUG LTCPro.ServiceLayer.Log4net - ---Executed Successfully GetScreenPermissionsForLoggedInUser() in RoleController----
2022-10-27 10:54:29,807 [5] DEBUG LTCPro.ServiceLayer.Log4net - ---Executing GetUserToken() in UserService----
2022-10-27 10:54:29,928 [11] DEBUG LTCPro.ServiceLayer.Log4net - ---Executing GetUserToken() in UserService----
2022-10-27 10:54:29,944 [12] DEBUG LTCPro.ServiceLayer.Log4net - ---Executing GetUserToken() in UserService----
2022-10-27 10:54:29,959 [11] DEBUG LTCPro.ServiceLayer.Log4net - ---Executing GetUserPassedDueFlag() in UserController----
2022-10-27 10:54:29,959 [12] DEBUG LTCPro.ServiceLayer.Log4net - ---Executing GetReadMailsCount() in MailboxController----
2022-10-27 10:54:29,960 [11] DEBUG LTCPro.ServiceLayer.Log4net - ---Executing GetUserPassedDueFlag() in UserService----
2022-10-27 10:54:29,962 [13] DEBUG LTCPro.ServiceLayer.Log4net - ---Executing GetUserToken() in UserService----
2022-10-27 10:54:29,968 [13] DEBUG LTCPro.ServiceLayer.Log4net - ---Executing GetDueMARAlertData() in EmarController----
2022-10-27 10:54:29,997 [13] DEBUG LTCPro.ServiceLayer.Log4net - ---Executing GetDueMARAlertData() in EmarService----
2022-10-27 10:54:30,014 [8] DEBUG LTCPro.ServiceLayer.Log4net - ---Executing InsertUpdateUserRecentFacNs() in CommonService----
2022-10-27 10:54:30,038 [12] DEBUG LTCPro.ServiceLayer.Log4net - ---Executing GetReadMailsCount() in MailboxService----
2022-10-27 10:54:30,085 [11] DEBUG LTCPro.ServiceLayer.Log4net - ---Executed Successfully GetUserPassedDueFlag() in UserController----
2022-10-27 10:54:30,105 [12] DEBUG LTCPro.ServiceLayer.Log4net - ---Executed successfully GetReadMailsCount() in MailboxController----
2022-10-27 10:54:30,117 [11] DEBUG LTCPro.ServiceLayer.Log4net - ---Executing GetUserToken() in UserService----
2022-10-27 10:54:30,127 [8] DEBUG LTCPro.ServiceLayer.Log4net - ---Executed Successfully InsertUpdateUserRecentFacNs() in UserController----
2022-10-27 10:54:30,133 [5] DEBUG LTCPro.ServiceLayer.Log4net - ---Executing InsertUserActivityDetails() in CompanyController----
2022-10-27 10:54:30,133 [5] DEBUG LTCPro.ServiceLayer.Log4net - ---Executing InsertUserActivityDetails() in UserActivityService----
2022-10-27 10:54:30,133 [11] DEBUG LTCPro.ServiceLayer.Log4net - ---Executing GetAlertsDetails() in MailboxController----
2022-10-27 10:54:30,134 [11] DEBUG LTCPro.ServiceLayer.Log4net - ---Executing GetAlertsDetails() in MailboxService----
2022-10-27 10:54:30,139 [12] DEBUG LTCPro.ServiceLayer.Log4net - ---Executing GetUserToken() in UserService----
2022-10-27 10:54:30,147 [8] DEBUG LTCPro.ServiceLayer.Log4net - ---Executing GetUserToken() in UserService----
2022-10-27 10:54:30,152 [5] DEBUG LTCPro.ServiceLayer.Log4net - ---Executed Successfully InsertUserActivityDetails() in CompanyController----
2022-10-27 10:54:30,157 [8] DEBUG LTCPro.ServiceLayer.Log4net - ---Executing GetPendingDosesList() in CommonController----
2022-10-27 10:54:30,162 [8] DEBUG LTCPro.ServiceLayer.Log4net - ---Executing GetPendingDosesList() in CommonService----
2022-10-27 10:54:30,163 [12] DEBUG LTCPro.ServiceLayer.Log4net - ---Executing GetOutboundErrorDetails() in CommonController----
2022-10-27 10:54:30,164 [12] DEBUG LTCPro.ServiceLayer.Log4net - ---Executing GetOutboundErrorDetails() in CommonService----
2022-10-27 10:54:30,192 [14] DEBUG LTCPro.ServiceLayer.Log4net - ---Executing GetUserToken() in UserService----
2022-10-27 10:54:30,209 [5] DEBUG LTCPro.ServiceLayer.Log4net - ---Executing GetUserToken() in UserService----
2022-10-27 10:54:30,236 [11] DEBUG LTCPro.ServiceLayer.Log4net - ---Executed successfully GetAlertsDetails() in MailboxController----
2022-10-27 10:54:30,292 [5] DEBUG LTCPro.ServiceLayer.Log4net - ---Executing GetUserActiveCompanyMasterList() in CompanyController----
2022-10-27 10:54:30,292 [14] DEBUG LTCPro.ServiceLayer.Log4net - ---Executing GetUserRecentFacNs() in UserController----
2022-10-27 10:54:30,292 [14] DEBUG LTCPro.ServiceLayer.Log4net - ---Executing GetUserRecentFacNs() in UserService----
2022-10-27 10:54:30,293 [5] DEBUG LTCPro.ServiceLayer.Log4net - ---Executing GetActiveCompanyMasterList() in CompanyService----
2022-10-27 10:54:30,301 [14] DEBUG LTCPro.ServiceLayer.Log4net - ---Executed Successfully GetUserRecentFacNs() in UserController----
2022-10-27 10:54:30,354 [11] DEBUG LTCPro.ServiceLayer.Log4net - ---Executing GetUserToken() in UserService----
2022-10-27 10:54:30,381 [11] DEBUG LTCPro.ServiceLayer.Log4net - ---Executing GetUserAccessFacilityNurseStaions() in FacilityController----
2022-10-27 10:54:30,382 [11] DEBUG LTCPro.ServiceLayer.Log4net - ---Executing GetUserAccessFacilityNurseStaions() in FacilityService----
2022-10-27 10:54:30,454 [11] DEBUG LTCPro.ServiceLayer.Log4net - ---Executed Successfully GetUserAccessFacilityNurseStaions() in FacilityController----
2022-10-27 10:54:30,458 [5] DEBUG LTCPro.ServiceLayer.Log4net - ---Executed Successfully GetUserActiveCompanyMasterList() in CompanyController----
2022-10-27 10:54:30,527 [8] DEBUG LTCPro.ServiceLayer.Log4net - ---Executed Successfully GetPendingDosesList() in CommonController----
2022-10-27 10:54:30,658 [13] DEBUG LTCPro.ServiceLayer.Log4net - ---Executed Successfully GetDueMARAlertData() in EmarController----
2022-10-27 10:54:31,239 [12] DEBUG LTCPro.ServiceLayer.Log4net - ---Executed Successfully GetOutboundErrorDetails() in CommonController----
2022-10-27 10:54:33,960 [13] DEBUG LTCPro.ServiceLayer.Log4net - ---Executing GetUserToken() in UserService----
2022-10-27 10:54:33,967 [13] DEBUG LTCPro.ServiceLayer.Log4net - ---Executing InsertUserActivityDetails() in CompanyController----
2022-10-27 10:54:33,967 [13] DEBUG LTCPro.ServiceLayer.Log4net - ---Executing InsertUserActivityDetails() in UserActivityService----
2022-10-27 10:54:34,035 [5] DEBUG LTCPro.ServiceLayer.Log4net - ---Executing GetUserToken() in UserService----
2022-10-27 10:54:34,044 [11] DEBUG LTCPro.ServiceLayer.Log4net - ---Executing GetUserToken() in UserService----
2022-10-27 10:54:34,051 [5] DEBUG LTCPro.ServiceLayer.Log4net - ---Executing GetUserRecentFacNs() in UserController----
2022-10-27 10:54:34,051 [5] DEBUG LTCPro.ServiceLayer.Log4net - ---Executing GetUserRecentFacNs() in UserService----
2022-10-27 10:54:34,066 [13] DEBUG LTCPro.ServiceLayer.Log4net - ---Executed Successfully InsertUserActivityDetails() in CompanyController----
2022-10-27 10:54:34,066 [11] DEBUG LTCPro.ServiceLayer.Log4net - ---Executing GetDueMARAlertData() in EmarController----
2022-10-27 10:54:34,066 [11] DEBUG LTCPro.ServiceLayer.Log4net - ---Executing GetDueMARAlertData() in EmarService----
2022-10-27 10:54:34,074 [5] DEBUG LTCPro.ServiceLayer.Log4net - ---Executed Successfully GetUserRecentFacNs() in UserController----
2022-10-27 10:54:34,175 [13] DEBUG LTCPro.ServiceLayer.Log4net - ---Executing GetUserToken() in UserService----
2022-10-27 10:54:34,182 [13] DEBUG LTCPro.ServiceLayer.Log4net - ---Executing GetCompanyToBedData() in FacilityController----
2022-10-27 10:54:34,183 [13] DEBUG LTCPro.ServiceLayer.Log4net - ---Executing GetCompanyToBedData() in FacilityService----
2022-10-27 10:54:34,321 [13] DEBUG LTCPro.ServiceLayer.Log4net - ---Executed Successfully GetCompanyToBedData() in FacilityController----
2022-10-27 10:54:34,353 [13] DEBUG LTCPro.ServiceLayer.Log4net - ---Executing GetUserToken() in UserService----
2022-10-27 10:54:34,371 [13] DEBUG LTCPro.ServiceLayer.Log4net - ---Executing UserNurseStationDrop() in FacilityController----
2022-10-27 10:54:34,372 [13] DEBUG LTCPro.ServiceLayer.Log4net - ---Executing UserNurseStationDrop() in FacilityService----
2022-10-27 10:54:34,385 [13] DEBUG LTCPro.ServiceLayer.Log4net - ---Executed Successfully UserNurseStationDrop() in FacilityController----
2022-10-27 10:54:34,461 [5] DEBUG LTCPro.ServiceLayer.Log4net - ---Executing GetUserToken() in UserService----
2022-10-27 10:54:34,467 [5] DEBUG LTCPro.ServiceLayer.Log4net - ---Executing GetNursingScheduleData() in EmarController----
2022-10-27 10:54:34,468 [5] DEBUG LTCPro.ServiceLayer.Log4net - ---Executing GetNursingScheduleData() in EmarService----
2022-10-27 10:54:34,470 [13] DEBUG LTCPro.ServiceLayer.Log4net - ---Executing GetUserToken() in UserService----
2022-10-27 10:54:34,477 [13] DEBUG LTCPro.ServiceLayer.Log4net - ---Executing GetDrFirstFlagForCompanyByNSId() in CompanyController----
2022-10-27 10:54:34,478 [13] DEBUG LTCPro.ServiceLayer.Log4net - ---Executing GetDrFirstFlagForCompanyByNSId() in CompanyService----
2022-10-27 10:54:34,622 [11] DEBUG LTCPro.ServiceLayer.Log4net - ---Executed Successfully GetDueMARAlertData() in EmarController----
2022-10-27 10:54:34,730 [14] DEBUG LTCPro.ServiceLayer.Log4net - ---Executing GetUserToken() in UserService----
2022-10-27 10:54:34,780 [14] DEBUG LTCPro.ServiceLayer.Log4net - ---Executing GetPendingOrdersGridData() in OrdersController----
2022-10-27 10:54:34,793 [14] DEBUG LTCPro.ServiceLayer.Log4net - ---Executing GetPendingOrdersGridData() in OrdersService----
2022-10-27 10:54:34,849 [13] DEBUG LTCPro.ServiceLayer.Log4net - ---Executed Successfully GetDrFirstFlagForCompanyByNSId() in CompanyController----
2022-10-27 10:54:34,880 [11] DEBUG LTCPro.ServiceLayer.Log4net - ---Executing GetUserToken() in UserService----
2022-10-27 10:54:35,085 [11] DEBUG LTCPro.ServiceLayer.Log4net - ---Executing GetTimeZoneDate() in CommonController----
2022-10-27 10:54:35,086 [11] DEBUG LTCPro.ServiceLayer.Log4net - ---Executing GetTimeZoneDate() in CommonService----
2022-10-27 10:54:35,100 [11] DEBUG LTCPro.ServiceLayer.Log4net - ---Executed Successfully GetTimeZoneDate() in CommonController----
2022-10-27 10:54:35,187 [14] DEBUG LTCPro.ServiceLayer.Log4net - ---Executed Successfully GetPendingOrdersGridData() in OrdersController----
2022-10-27 10:54:36,081 [5] DEBUG LTCPro.ServiceLayer.Log4net - ---Executed Successfully GetNursingScheduleData() in EmarController----
2022-10-27 10:54:36,142 [11] DEBUG LTCPro.ServiceLayer.Log4net - ---Executing GetUserToken() in UserService----
2022-10-27 10:54:36,147 [11] DEBUG LTCPro.ServiceLayer.Log4net - ---Executing GetNurseShiftDrop() in CommonController----
2022-10-27 10:54:36,149 [11] DEBUG LTCPro.ServiceLayer.Log4net - ---Executing GetNurseShiftDrop() in CommonService----
2022-10-27 10:54:36,965 [11] DEBUG LTCPro.ServiceLayer.Log4net - ---Executed Successfully GetNurseShiftDrop() in CommonController----
2022-10-27 10:55:15,690 [12] DEBUG LTCPro.ServiceLayer.Log4net - ---Executing GetUserToken() in UserService----
2022-10-27 10:55:15,696 [12] DEBUG LTCPro.ServiceLayer.Log4net - ---Executing GetEmarResidentGridData() in EmarController----
2022-10-27 10:55:15,697 [12] DEBUG LTCPro.ServiceLayer.Log4net - ---Executing GetEmarResidentGridData() in EmarService----
2022-10-27 10:55:16,619 [12] DEBUG LTCPro.ServiceLayer.Log4net - ---Executed Successfully GetEmarResidentGridData() in EmarController----
2022-10-27 10:55:20,286 [7] DEBUG LTCPro.ServiceLayer.Log4net - ---Executing GetUserToken() in UserService----
2022-10-27 10:55:20,293 [11] DEBUG LTCPro.ServiceLayer.Log4net - ---Executing GetUserToken() in UserService----
2022-10-27 10:55:20,309 [7] DEBUG LTCPro.ServiceLayer.Log4net - ---Executing InsertUserActivityDetails() in CompanyController----
2022-10-27 10:55:20,309 [7] DEBUG LTCPro.ServiceLayer.Log4net - ---Executing InsertUserActivityDetails() in UserActivityService----
2022-10-27 10:55:20,342 [11] DEBUG LTCPro.ServiceLayer.Log4net - ---Executing GetUserRecentFacNs() in UserController----
2022-10-27 10:55:20,342 [11] DEBUG LTCPro.ServiceLayer.Log4net - ---Executing GetUserRecentFacNs() in UserService----
2022-10-27 10:55:20,348 [7] DEBUG LTCPro.ServiceLayer.Log4net - ---Executed Successfully InsertUserActivityDetails() in CompanyController----
2022-10-27 10:55:20,350 [11] DEBUG LTCPro.ServiceLayer.Log4net - ---Executed Successfully GetUserRecentFacNs() in UserController----
2022-10-27 10:55:20,373 [11] DEBUG LTCPro.ServiceLayer.Log4net - ---Executing GetUserToken() in UserService----
2022-10-27 10:55:20,377 [11] DEBUG LTCPro.ServiceLayer.Log4net - ---Executing GetUserAccessFacilityNurseStaions() in FacilityController----
2022-10-27 10:55:20,377 [11] DEBUG LTCPro.ServiceLayer.Log4net - ---Executing GetUserAccessFacilityNurseStaions() in FacilityService----
2022-10-27 10:55:20,386 [11] DEBUG LTCPro.ServiceLayer.Log4net - ---Executed Successfully GetUserAccessFacilityNurseStaions() in FacilityController----
2022-10-27 10:55:20,409 [5] DEBUG LTCPro.ServiceLayer.Log4net - ---Executing GetUserToken() in UserService----
2022-10-27 10:55:20,414 [5] DEBUG LTCPro.ServiceLayer.Log4net - ---Executing UserNurseStationDrop() in FacilityController----
2022-10-27 10:55:20,414 [5] DEBUG LTCPro.ServiceLayer.Log4net - ---Executing UserNurseStationDrop() in FacilityService----
2022-10-27 10:55:20,420 [5] DEBUG LTCPro.ServiceLayer.Log4net - ---Executed Successfully UserNurseStationDrop() in FacilityController----
2022-10-27 10:55:20,474 [7] DEBUG LTCPro.ServiceLayer.Log4net - ---Executing GetUserToken() in UserService----
2022-10-27 10:55:20,480 [5] DEBUG LTCPro.ServiceLayer.Log4net - ---Executing GetUserToken() in UserService----
2022-10-27 10:55:20,487 [11] DEBUG LTCPro.ServiceLayer.Log4net - ---Executing GetUserToken() in UserService----
2022-10-27 10:55:20,501 [11] DEBUG LTCPro.ServiceLayer.Log4net - ---Executing GetCompanyToBedFlagByFacId() in FacilityController----
2022-10-27 10:55:20,501 [11] DEBUG LTCPro.ServiceLayer.Log4net - ---Executing GetCompanyToBedFlagByFacId() in FacilityService----
2022-10-27 10:55:20,504 [7] DEBUG LTCPro.ServiceLayer.Log4net - ---Executing GetPRNDetailsByfilter() in EMARController----
2022-10-27 10:55:20,505 [7] DEBUG LTCPro.ServiceLayer.Log4net - ---Executing GetPRNDetailsByfilter() in EmarService----
2022-10-27 10:55:20,505 [5] DEBUG LTCPro.ServiceLayer.Log4net - ---Executing GetSeventyTwoHourDetailsByfilter() in EMARController----
2022-10-27 10:55:20,506 [5] DEBUG LTCPro.ServiceLayer.Log4net - ---Executing GetSeventyTwoHourDetailsByfilter() in EmarService----
2022-10-27 10:55:20,630 [13] DEBUG LTCPro.ServiceLayer.Log4net - ---Executing GetUserToken() in UserService----
2022-10-27 10:55:20,682 [13] DEBUG LTCPro.ServiceLayer.Log4net - ---Executing OrderEndingSoonStatus() in OrdersController----
2022-10-27 10:55:20,684 [13] DEBUG LTCPro.ServiceLayer.Log4net - ---Executing OrderEndingSoonStatus() in OrdersService----
2022-10-27 10:55:20,730 [13] DEBUG LTCPro.ServiceLayer.Log4net - ---Executed Successfully OrderEndingSoonStatus() in OrdersController----
2022-10-27 10:55:20,750 [14] DEBUG LTCPro.ServiceLayer.Log4net - ---Executing GetUserToken() in UserService----
2022-10-27 10:55:20,754 [11] DEBUG LTCPro.ServiceLayer.Log4net - ---Executed Successfully GetCompanyToBedFlagByFacId() in FacilityController----
2022-10-27 10:55:20,804 [14] DEBUG LTCPro.ServiceLayer.Log4net - ---Executing OrderEndingSoonStatus() in OrdersController----
2022-10-27 10:55:20,804 [14] DEBUG LTCPro.ServiceLayer.Log4net - ---Executing OrderEndingSoonStatus() in OrdersService----
2022-10-27 10:55:20,838 [14] DEBUG LTCPro.ServiceLayer.Log4net - ---Executed Successfully OrderEndingSoonStatus() in OrdersController----
2022-10-27 10:55:20,883 [14] DEBUG LTCPro.ServiceLayer.Log4net - ---Executing GetUserToken() in UserService----
2022-10-27 10:55:20,937 [14] DEBUG LTCPro.ServiceLayer.Log4net - ---Executing GetNurseStationHierarchyDetailsbyNsId() in CompanyController----
2022-10-27 10:55:20,937 [14] DEBUG LTCPro.ServiceLayer.Log4net - ---Executing GetNurseStationHierarchyDetailsbyNsId() in CompanyService----
2022-10-27 10:55:20,995 [14] DEBUG LTCPro.ServiceLayer.Log4net - ---Executed Successfully GetNurseStationHierarchyDetailsbyNsId() in CompanyController----
2022-10-27 10:55:21,042 [13] DEBUG LTCPro.ServiceLayer.Log4net - ---Executing GetUserToken() in UserService----
2022-10-27 10:55:21,048 [13] DEBUG LTCPro.ServiceLayer.Log4net - ---Executing GetOrdersGridData() in OrdersController----
2022-10-27 10:55:21,049 [13] DEBUG LTCPro.ServiceLayer.Log4net - ---Executing GetOrdersGridData() in OrdersService----
2022-10-27 10:55:21,060 [11] DEBUG LTCPro.ServiceLayer.Log4net - ---Executing GetUserToken() in UserService----
2022-10-27 10:55:21,069 [11] DEBUG LTCPro.ServiceLayer.Log4net - ---Executing GetOrdersEndingSoon() in OrdersController----
2022-10-27 10:55:21,069 [11] DEBUG LTCPro.ServiceLayer.Log4net - ---Executing GetOrdersEndingSoon() in OrdersService----
2022-10-27 10:55:21,143 [13] DEBUG LTCPro.ServiceLayer.Log4net - ---Executed Successfully GetOrdersGridData() in OrdersController----
2022-10-27 10:55:21,158 [11] DEBUG LTCPro.ServiceLayer.Log4net - ---Executed Successfully GetOrdersEndingSoon() in OrdersController----
2022-10-27 10:55:21,279 [7] DEBUG LTCPro.ServiceLayer.Log4net - ---Executed Successfully GetPRNDetailsByfilter() in EMARController----
2022-10-27 10:55:21,325 [5] DEBUG LTCPro.ServiceLayer.Log4net - ---Executed Successfully GetSeventyTwoHourDetailsByfilter() in EMARController----
2022-10-27 10:55:21,446 [14] DEBUG LTCPro.ServiceLayer.Log4net - ---Executing GetUserToken() in UserService----
2022-10-27 10:55:21,453 [14] DEBUG LTCPro.ServiceLayer.Log4net - ---Executing GetPendingOrdersGridData() in OrdersController----
2022-10-27 10:55:21,453 [14] DEBUG LTCPro.ServiceLayer.Log4net - ---Executing GetPendingOrdersGridData() in OrdersService----
2022-10-27 10:55:21,547 [14] DEBUG LTCPro.ServiceLayer.Log4net - ---Executed Successfully GetPendingOrdersGridData() in OrdersController----
2022-10-27 10:55:23,208 [8] DEBUG LTCPro.ServiceLayer.Log4net - ---Executing GetUserToken() in UserService----
2022-10-27 10:55:23,214 [8] DEBUG LTCPro.ServiceLayer.Log4net - ---Executing GetOrdersGridDataByPatientId() in OrdersController----
2022-10-27 10:55:23,215 [8] DEBUG LTCPro.ServiceLayer.Log4net - ---Executing GetOrdersGridDataByPatientId() in OrdersService----
2022-10-27 10:55:23,273 [8] DEBUG LTCPro.ServiceLayer.Log4net - ---Executed Successfully GetOrdersGridDataByPatientId() in OrdersController----
2022-10-27 10:55:26,036 [11] DEBUG LTCPro.ServiceLayer.Log4net - ---Executing GetUserToken() in UserService----
2022-10-27 10:55:26,083 [11] DEBUG LTCPro.ServiceLayer.Log4net - ---Executing GetFacilityNSResidentsDataByPId() in ResidentDemographicController----
2022-10-27 10:55:26,098 [11] DEBUG LTCPro.ServiceLayer.Log4net - ---Executing GetFacilityNSResidentsDataByPId() in ResidentDemographicService----
2022-10-27 10:55:26,145 [8] DEBUG LTCPro.ServiceLayer.Log4net - ---Executing GetUserToken() in UserService----
2022-10-27 10:55:26,152 [8] DEBUG LTCPro.ServiceLayer.Log4net - ---Executing GetNurseNotes() in OrdersController----
2022-10-27 10:55:26,154 [8] DEBUG LTCPro.ServiceLayer.Log4net - ---Executing GetNurseNotes() in OrdersService----
2022-10-27 10:55:26,300 [11] DEBUG LTCPro.ServiceLayer.Log4net - ---Executed Successfully GetFacilityNSResidentsDataByPId() in ResidentDemographicController----
2022-10-27 10:55:26,308 [8] DEBUG LTCPro.ServiceLayer.Log4net - ---Executed Successfully GetNurseNotes() in OrdersController----
2022-10-27 10:55:26,479 [6] DEBUG LTCPro.ServiceLayer.Log4net - ---Executing GetUserToken() in UserService----
2022-10-27 10:55:26,484 [13] DEBUG LTCPro.ServiceLayer.Log4net - ---Executing GetUserToken() in UserService----
2022-10-27 10:55:26,487 [12] DEBUG LTCPro.ServiceLayer.Log4net - ---Executing GetUserToken() in UserService----
2022-10-27 10:55:26,489 [6] DEBUG LTCPro.ServiceLayer.Log4net - ---Executing GetDrFirstFlagForCompanyByNSId() in CompanyController----
2022-10-27 10:55:26,489 [6] DEBUG LTCPro.ServiceLayer.Log4net - ---Executing GetDrFirstFlagForCompanyByNSId() in CompanyService----
2022-10-27 10:55:26,534 [13] DEBUG LTCPro.ServiceLayer.Log4net - ---Executing GetResidentInformation() in ResidentDemographicController----
2022-10-27 10:55:26,535 [12] DEBUG LTCPro.ServiceLayer.Log4net - ---Executing GetAllBarcodes() in StockEkitController----
2022-10-27 10:55:26,535 [13] DEBUG LTCPro.ServiceLayer.Log4net - ---Executing GetResidentInformation() in ResidentDemographicService----
2022-10-27 10:55:26,540 [6] DEBUG LTCPro.ServiceLayer.Log4net - ---Executed Successfully GetDrFirstFlagForCompanyByNSId() in CompanyController----
2022-10-27 10:55:26,570 [12] DEBUG LTCPro.ServiceLayer.Log4net - ---Executing GetAllBarcodes() in StockEkitService----
2022-10-27 10:55:26,684 [12] DEBUG LTCPro.ServiceLayer.Log4net - ---Executed Successfully GetAllBarcodes() in StockEkitController----
2022-10-27 10:55:26,708 [8] DEBUG LTCPro.ServiceLayer.Log4net - ---Executing GetUserToken() in UserService----
2022-10-27 10:55:26,716 [8] DEBUG LTCPro.ServiceLayer.Log4net - ---Executing GetPhysicianDropData() in OrdersController----
2022-10-27 10:55:26,716 [8] DEBUG LTCPro.ServiceLayer.Log4net - ---Executing GetPhysicianDropData() in OrdersService----
2022-10-27 10:55:26,859 [11] DEBUG LTCPro.ServiceLayer.Log4net - ---Executing GetUserToken() in UserService----
2022-10-27 10:55:26,865 [11] DEBUG LTCPro.ServiceLayer.Log4net - ---Executing GetOrderRoutes() in OrdersController----
2022-10-27 10:55:26,878 [11] DEBUG LTCPro.ServiceLayer.Log4net - ---Executing GetOrderRoutes() in OrdersService----
2022-10-27 10:55:26,893 [8] DEBUG LTCPro.ServiceLayer.Log4net - ---Executed Successfully GetPhysicianDropData() in OrdersController----
2022-10-27 10:55:26,923 [11] DEBUG LTCPro.ServiceLayer.Log4net - ---Executed Successfully GetOrderRoutes() in OrdersController----
2022-10-27 10:55:26,924 [13] DEBUG LTCPro.ServiceLayer.Log4net - ---Executed Successfully GetResidentInformation() in ResidentDemographicController----
2022-10-27 10:55:27,001 [5] DEBUG LTCPro.ServiceLayer.Log4net - ---Executing GetUserToken() in UserService----
2022-10-27 10:55:27,007 [11] DEBUG LTCPro.ServiceLayer.Log4net - ---Executing GetUserToken() in UserService----
2022-10-27 10:55:27,007 [5] DEBUG LTCPro.ServiceLayer.Log4net - ---Executing GetDrFirstOrderCheck() in DrFirstIntegrationController----
2022-10-27 10:55:27,011 [11] DEBUG LTCPro.ServiceLayer.Log4net - ---Executing GetPatientType() in ResidentDemographicController----
2022-10-27 10:55:27,012 [11] DEBUG LTCPro.ServiceLayer.Log4net - ---Executing GetPatientType() in EmarService----
2022-10-27 10:55:27,018 [5] DEBUG LTCPro.ServiceLayer.Log4net - ---Executing GetDrFirstOrderCheck() in DrFirstIntegrationService----
2022-10-27 10:55:27,024 [11] DEBUG LTCPro.ServiceLayer.Log4net - ---Executed Successfully GetPatientType() in ResidentDemographicController----
2022-10-27 10:55:27,047 [5] DEBUG LTCPro.ServiceLayer.Log4net - ---Executed Successfully GetDrFirstOrderCheck() in DrFirstIntegrationController----
2022-10-27 10:55:27,181 [13] DEBUG LTCPro.ServiceLayer.Log4net - ---Executing GetUserToken() in UserService----
2022-10-27 10:55:27,223 [13] DEBUG LTCPro.ServiceLayer.Log4net - ---Executing GetOrderGridData() in OrdersController----
2022-10-27 10:55:27,224 [13] DEBUG LTCPro.ServiceLayer.Log4net - ---Executing GetOrderGridData() in OrdersService----
2022-10-27 10:55:27,226 [8] DEBUG LTCPro.ServiceLayer.Log4net - ---Executing GetUserToken() in UserService----
2022-10-27 10:55:27,232 [8] DEBUG LTCPro.ServiceLayer.Log4net - ---Executing GetDiagnosisDetails() in OrdersController----
2022-10-27 10:55:27,233 [8] DEBUG LTCPro.ServiceLayer.Log4net - ---Executing GetDiagnosisDetails() in OrdersService----
2022-10-27 10:55:27,276 [8] DEBUG LTCPro.ServiceLayer.Log4net - ---Executed Successfully GetDiagnosisDetails() in OrdersController----
2022-10-27 10:55:27,376 [13] DEBUG LTCPro.ServiceLayer.Log4net - ---Executed Successfully GetOrderGridData() in OrdersController----
2022-10-27 10:55:27,412 [12] DEBUG LTCPro.ServiceLayer.Log4net - ---Executing GetUserToken() in UserService----
2022-10-27 10:55:27,419 [12] DEBUG LTCPro.ServiceLayer.Log4net - ---Executing GetAllBarcodes() in StockEkitController----
2022-10-27 10:55:27,419 [12] DEBUG LTCPro.ServiceLayer.Log4net - ---Executing GetAllBarcodes() in StockEkitService----
2022-10-27 10:55:27,437 [12] DEBUG LTCPro.ServiceLayer.Log4net - ---Executed Successfully GetAllBarcodes() in StockEkitController----
2022-10-27 10:55:27,618 [6] DEBUG LTCPro.ServiceLayer.Log4net - ---Executing GetUserToken() in UserService----
2022-10-27 10:55:27,623 [6] DEBUG LTCPro.ServiceLayer.Log4net - ---Executing GetOrderGridData() in OrdersController----
2022-10-27 10:55:27,623 [6] DEBUG LTCPro.ServiceLayer.Log4net - ---Executing GetOrderGridData() in OrdersService----
2022-10-27 10:55:27,635 [15] DEBUG LTCPro.ServiceLayer.Log4net - ---Executing GetUserToken() in UserService----
2022-10-27 10:55:27,641 [15] DEBUG LTCPro.ServiceLayer.Log4net - ---Executing GetOrdersData() in OrdersController----
2022-10-27 10:55:27,642 [15] DEBUG LTCPro.ServiceLayer.Log4net - ---Executing GetOrdersData() in OrdersService----
2022-10-27 10:55:27,734 [15] DEBUG LTCPro.ServiceLayer.Log4net - ---Executed Successfully GetOrdersData() in OrdersController----
2022-10-27 10:55:27,737 [6] DEBUG LTCPro.ServiceLayer.Log4net - ---Executed Successfully GetOrderGridData() in OrdersController----
2022-10-27 10:55:28,119 [6] DEBUG LTCPro.ServiceLayer.Log4net - ---Executing GetUserToken() in UserService----
2022-10-27 10:55:28,126 [6] DEBUG LTCPro.ServiceLayer.Log4net - ---Executing GetPhysicianDropData() in OrdersController----
2022-10-27 10:55:28,126 [6] DEBUG LTCPro.ServiceLayer.Log4net - ---Executing GetPhysicianDropData() in OrdersService----
2022-10-27 10:55:28,137 [5] DEBUG LTCPro.ServiceLayer.Log4net - ---Executing GetUserToken() in UserService----
2022-10-27 10:55:28,140 [13] DEBUG LTCPro.ServiceLayer.Log4net - ---Executing GetUserToken() in UserService----
2022-10-27 10:55:28,141 [6] DEBUG LTCPro.ServiceLayer.Log4net - ---Executed Successfully GetPhysicianDropData() in OrdersController----
2022-10-27 10:55:28,143 [5] DEBUG LTCPro.ServiceLayer.Log4net - ---Executing GetFavouritesMasterData() in OrdersController----
2022-10-27 10:55:28,144 [5] DEBUG LTCPro.ServiceLayer.Log4net - ---Executing GetFavouritesMasterData() in OrdersService----
2022-10-27 10:55:28,146 [13] DEBUG LTCPro.ServiceLayer.Log4net - ---Executing GetNurseNotes() in OrdersController----
2022-10-27 10:55:28,146 [13] DEBUG LTCPro.ServiceLayer.Log4net - ---Executing GetNurseNotes() in OrdersService----
2022-10-27 10:55:28,159 [14] DEBUG LTCPro.ServiceLayer.Log4net - ---Executing GetUserToken() in UserService----
2022-10-27 10:55:28,165 [14] DEBUG LTCPro.ServiceLayer.Log4net - ---Executing GetOrderStockDetails() in OrdersController----
2022-10-27 10:55:28,166 [14] DEBUG LTCPro.ServiceLayer.Log4net - ---Executing GetOrderStockDetails() in OrdersService----
2022-10-27 10:55:28,172 [13] DEBUG LTCPro.ServiceLayer.Log4net - ---Executed Successfully GetNurseNotes() in OrdersController----
2022-10-27 10:55:28,173 [5] DEBUG LTCPro.ServiceLayer.Log4net - ---Executed Successfully GetFavouritesMasterData() in OrdersController----
2022-10-27 10:55:28,241 [14] DEBUG LTCPro.ServiceLayer.Log4net - ---Executed Successfully GetOrderStockDetails() in OrdersController----
2022-10-27 11:00:07,969 [20] DEBUG LTCPro.ServiceLayer.Log4net - ---Executing GetUserToken() in UserService----
2022-10-27 11:00:07,969 [16] DEBUG LTCPro.ServiceLayer.Log4net - ---Executing GetUserToken() in UserService----
2022-10-27 11:00:07,972 [19] DEBUG LTCPro.ServiceLayer.Log4net - ---Executing GetUserToken() in UserService----
2022-10-27 11:00:07,975 [20] DEBUG LTCPro.ServiceLayer.Log4net - ---Executing GetReadMailsCount() in MailboxController----
2022-10-27 11:00:07,975 [20] DEBUG LTCPro.ServiceLayer.Log4net - ---Executing GetReadMailsCount() in MailboxService----
2022-10-27 11:00:07,978 [16] DEBUG LTCPro.ServiceLayer.Log4net - ---Executing GetUserRecentFacNs() in UserController----
2022-10-27 11:00:07,978 [16] DEBUG LTCPro.ServiceLayer.Log4net - ---Executing GetUserRecentFacNs() in UserService----
2022-10-27 11:00:07,979 [19] DEBUG LTCPro.ServiceLayer.Log4net - ---Executing GetUserPassedDueFlag() in UserController----
2022-10-27 11:00:07,979 [19] DEBUG LTCPro.ServiceLayer.Log4net - ---Executing GetUserPassedDueFlag() in UserService----
2022-10-27 11:00:07,981 [6] DEBUG LTCPro.ServiceLayer.Log4net - ---Executing GetUserToken() in UserService----
2022-10-27 11:00:07,984 [20] DEBUG LTCPro.ServiceLayer.Log4net - ---Executed successfully GetReadMailsCount() in MailboxController----
2022-10-27 11:00:07,985 [19] DEBUG LTCPro.ServiceLayer.Log4net - ---Executed Successfully GetUserPassedDueFlag() in UserController----
2022-10-27 11:00:07,988 [6] DEBUG LTCPro.ServiceLayer.Log4net - ---Executing GetDueMARAlertData() in EmarController----
2022-10-27 11:00:07,988 [6] DEBUG LTCPro.ServiceLayer.Log4net - ---Executing GetDueMARAlertData() in EmarService----
2022-10-27 11:00:07,989 [16] DEBUG LTCPro.ServiceLayer.Log4net - ---Executed Successfully GetUserRecentFacNs() in UserController----
2022-10-27 11:00:08,008 [20] DEBUG LTCPro.ServiceLayer.Log4net - ---Executing GetUserToken() in UserService----
2022-10-27 11:00:08,013 [20] DEBUG LTCPro.ServiceLayer.Log4net - ---Executing GetOutboundErrorDetails() in CommonController----
2022-10-27 11:00:08,013 [20] DEBUG LTCPro.ServiceLayer.Log4net - ---Executing GetOutboundErrorDetails() in CommonService----
2022-10-27 11:00:08,014 [19] DEBUG LTCPro.ServiceLayer.Log4net - ---Executing GetUserToken() in UserService----
2022-10-27 11:00:08,018 [16] DEBUG LTCPro.ServiceLayer.Log4net - ---Executing GetUserToken() in UserService----
2022-10-27 11:00:08,019 [19] DEBUG LTCPro.ServiceLayer.Log4net - ---Executing GetAlertsDetails() in MailboxController----
2022-10-27 11:00:08,019 [19] DEBUG LTCPro.ServiceLayer.Log4net - ---Executing GetAlertsDetails() in MailboxService----
2022-10-27 11:00:08,027 [16] DEBUG LTCPro.ServiceLayer.Log4net - ---Executing GetPendingDosesList() in CommonController----
2022-10-27 11:00:08,027 [16] DEBUG LTCPro.ServiceLayer.Log4net - ---Executing GetPendingDosesList() in CommonService----
2022-10-27 11:00:08,091 [19] DEBUG LTCPro.ServiceLayer.Log4net - ---Executed successfully GetAlertsDetails() in MailboxController----
2022-10-27 11:00:08,244 [20] DEBUG LTCPro.ServiceLayer.Log4net - ---Executed Successfully GetOutboundErrorDetails() in CommonController----
2022-10-27 11:00:08,262 [16] DEBUG LTCPro.ServiceLayer.Log4net - ---Executed Successfully GetPendingDosesList() in CommonController----
2022-10-27 11:00:08,439 [6] DEBUG LTCPro.ServiceLayer.Log4net - ---Executed Successfully GetDueMARAlertData() in EmarController----
2022-10-27 11:00:08,531 [6] DEBUG LTCPro.ServiceLayer.Log4net - ---Executing GetUserToken() in UserService----
2022-10-27 11:00:08,537 [6] DEBUG LTCPro.ServiceLayer.Log4net - ---Executing GetUserRecentFacNs() in UserController----
2022-10-27 11:00:08,537 [6] DEBUG LTCPro.ServiceLayer.Log4net - ---Executing GetUserRecentFacNs() in UserService----
2022-10-27 11:00:08,546 [6] DEBUG LTCPro.ServiceLayer.Log4net - ---Executed Successfully GetUserRecentFacNs() in UserController----
2022-10-27 11:00:08,566 [22] DEBUG LTCPro.ServiceLayer.Log4net - ---Executing GetUserToken() in UserService----
2022-10-27 11:00:08,571 [22] DEBUG LTCPro.ServiceLayer.Log4net - ---Executing InsertUserActivityDetails() in CompanyController----
2022-10-27 11:00:08,572 [22] DEBUG LTCPro.ServiceLayer.Log4net - ---Executing InsertUserActivityDetails() in UserActivityService----
2022-10-27 11:00:08,580 [22] DEBUG LTCPro.ServiceLayer.Log4net - ---Executed Successfully InsertUserActivityDetails() in CompanyController----
2022-10-27 11:00:08,788 [16] DEBUG LTCPro.ServiceLayer.Log4net - ---Executing GetUserToken() in UserService----
2022-10-27 11:00:08,792 [16] DEBUG LTCPro.ServiceLayer.Log4net - ---Executing OrderEndingSoonStatus() in OrdersController----
2022-10-27 11:00:08,792 [16] DEBUG LTCPro.ServiceLayer.Log4net - ---Executing OrderEndingSoonStatus() in OrdersService----
2022-10-27 11:00:08,811 [16] DEBUG LTCPro.ServiceLayer.Log4net - ---Executed Successfully OrderEndingSoonStatus() in OrdersController----
2022-10-27 11:00:10,020 [20] DEBUG LTCPro.ServiceLayer.Log4net - ---Executing GetUserToken() in UserService----
2022-10-27 11:00:10,020 [18] DEBUG LTCPro.ServiceLayer.Log4net - ---Executing GetUserToken() in UserService----
2022-10-27 11:00:10,030 [20] DEBUG LTCPro.ServiceLayer.Log4net - ---Executing GetUserAccessFacilityNurseStaions() in FacilityController----
2022-10-27 11:00:10,030 [20] DEBUG LTCPro.ServiceLayer.Log4net - ---Executing GetUserAccessFacilityNurseStaions() in FacilityService----
2022-10-27 11:00:10,047 [18] DEBUG LTCPro.ServiceLayer.Log4net - ---Executing GetUserAccessFacilityNurseStaions() in FacilityController----
2022-10-27 11:00:10,047 [18] DEBUG LTCPro.ServiceLayer.Log4net - ---Executing GetUserAccessFacilityNurseStaions() in FacilityService----
2022-10-27 11:00:10,102 [20] DEBUG LTCPro.ServiceLayer.Log4net - ---Executed Successfully GetUserAccessFacilityNurseStaions() in FacilityController----
2022-10-27 11:00:10,107 [18] DEBUG LTCPro.ServiceLayer.Log4net - ---Executed Successfully GetUserAccessFacilityNurseStaions() in FacilityController----
2022-10-27 11:00:10,528 [6] DEBUG LTCPro.ServiceLayer.Log4net - ---Executing GetUserToken() in UserService----
2022-10-27 11:00:10,534 [6] DEBUG LTCPro.ServiceLayer.Log4net - ---Executing UserNurseStationDrop() in FacilityController----
2022-10-27 11:00:10,534 [6] DEBUG LTCPro.ServiceLayer.Log4net - ---Executing UserNurseStationDrop() in FacilityService----
2022-10-27 11:00:10,541 [6] DEBUG LTCPro.ServiceLayer.Log4net - ---Executed Successfully UserNurseStationDrop() in FacilityController----
2022-10-27 11:00:10,638 [19] DEBUG LTCPro.ServiceLayer.Log4net - ---Executing GetUserToken() in UserService----
2022-10-27 11:00:10,655 [22] DEBUG LTCPro.ServiceLayer.Log4net - ---Executing GetUserToken() in UserService----
2022-10-27 11:00:10,699 [19] DEBUG LTCPro.ServiceLayer.Log4net - ---Executing GetPRNDetailsByfilter() in EMARController----
2022-10-27 11:00:10,699 [19] DEBUG LTCPro.ServiceLayer.Log4net - ---Executing GetPRNDetailsByfilter() in EmarService----
2022-10-27 11:00:10,701 [22] DEBUG LTCPro.ServiceLayer.Log4net - ---Executing GetSeventyTwoHourDetailsByfilter() in EMARController----
2022-10-27 11:00:10,701 [22] DEBUG LTCPro.ServiceLayer.Log4net - ---Executing GetSeventyTwoHourDetailsByfilter() in EmarService----
2022-10-27 11:00:10,843 [20] DEBUG LTCPro.ServiceLayer.Log4net - ---Executing GetUserToken() in UserService----
2022-10-27 11:00:10,851 [20] DEBUG LTCPro.ServiceLayer.Log4net - ---Executing GetCompanyToBedFlagByFacId() in FacilityController----
2022-10-27 11:00:10,851 [20] DEBUG LTCPro.ServiceLayer.Log4net - ---Executing GetCompanyToBedFlagByFacId() in FacilityService----
2022-10-27 11:00:11,055 [18] DEBUG LTCPro.ServiceLayer.Log4net - ---Executing GetUserToken() in UserService----
2022-10-27 11:00:11,067 [18] DEBUG LTCPro.ServiceLayer.Log4net - ---Executing GetOrdersGridData() in OrdersController----
2022-10-27 11:00:11,067 [18] DEBUG LTCPro.ServiceLayer.Log4net - ---Executing GetOrdersGridData() in OrdersService----
2022-10-27 11:00:11,076 [20] DEBUG LTCPro.ServiceLayer.Log4net - ---Executed Successfully GetCompanyToBedFlagByFacId() in FacilityController----
2022-10-27 11:00:11,122 [20] DEBUG LTCPro.ServiceLayer.Log4net - ---Executing GetUserToken() in UserService----
2022-10-27 11:00:11,130 [20] DEBUG LTCPro.ServiceLayer.Log4net - ---Executing GetNurseStationHierarchyDetailsbyNsId() in CompanyController----
2022-10-27 11:00:11,131 [20] DEBUG LTCPro.ServiceLayer.Log4net - ---Executing GetNurseStationHierarchyDetailsbyNsId() in CompanyService----
2022-10-27 11:00:11,141 [20] DEBUG LTCPro.ServiceLayer.Log4net - ---Executed Successfully GetNurseStationHierarchyDetailsbyNsId() in CompanyController----
2022-10-27 11:00:11,151 [6] DEBUG LTCPro.ServiceLayer.Log4net - ---Executing GetUserToken() in UserService----
2022-10-27 11:00:11,158 [6] DEBUG LTCPro.ServiceLayer.Log4net - ---Executing OrderEndingSoonStatus() in OrdersController----
2022-10-27 11:00:11,158 [6] DEBUG LTCPro.ServiceLayer.Log4net - ---Executing OrderEndingSoonStatus() in OrdersService----
2022-10-27 11:00:11,167 [21] DEBUG LTCPro.ServiceLayer.Log4net - ---Executing GetUserToken() in UserService----
2022-10-27 11:00:11,176 [21] DEBUG LTCPro.ServiceLayer.Log4net - ---Executing GetOrdersEndingSoon() in OrdersController----
2022-10-27 11:00:11,176 [21] DEBUG LTCPro.ServiceLayer.Log4net - ---Executing GetOrdersEndingSoon() in OrdersService----
2022-10-27 11:00:11,197 [6] DEBUG LTCPro.ServiceLayer.Log4net - ---Executed Successfully OrderEndingSoonStatus() in OrdersController----
2022-10-27 11:00:11,219 [21] DEBUG LTCPro.ServiceLayer.Log4net - ---Executed Successfully GetOrdersEndingSoon() in OrdersController----
2022-10-27 11:00:11,226 [19] DEBUG LTCPro.ServiceLayer.Log4net - ---Executed Successfully GetPRNDetailsByfilter() in EMARController----
2022-10-27 11:00:11,354 [18] DEBUG LTCPro.ServiceLayer.Log4net - ---Executed Successfully GetOrdersGridData() in OrdersController----
2022-10-27 11:00:11,428 [22] DEBUG LTCPro.ServiceLayer.Log4net - ---Executed Successfully GetSeventyTwoHourDetailsByfilter() in EMARController----
2022-10-27 11:00:11,670 [18] DEBUG LTCPro.ServiceLayer.Log4net - ---Executing GetUserToken() in UserService----
2022-10-27 11:00:11,675 [18] DEBUG LTCPro.ServiceLayer.Log4net - ---Executing GetPendingOrdersGridData() in OrdersController----
2022-10-27 11:00:11,675 [18] DEBUG LTCPro.ServiceLayer.Log4net - ---Executing GetPendingOrdersGridData() in OrdersService----
2022-10-27 11:00:11,781 [18] DEBUG LTCPro.ServiceLayer.Log4net - ---Executed Successfully GetPendingOrdersGridData() in OrdersController----
2022-10-27 11:00:15,913 [18] DEBUG LTCPro.ServiceLayer.Log4net - ---Executing GetUserToken() in UserService----
2022-10-27 11:00:15,917 [18] DEBUG LTCPro.ServiceLayer.Log4net - ---Executing GetOrdersGridDataByPatientId() in OrdersController----
2022-10-27 11:00:15,917 [18] DEBUG LTCPro.ServiceLayer.Log4net - ---Executing GetOrdersGridDataByPatientId() in OrdersService----
2022-10-27 11:00:15,999 [18] DEBUG LTCPro.ServiceLayer.Log4net - ---Executed Successfully GetOrdersGridDataByPatientId() in OrdersController----
2022-10-27 11:00:18,028 [19] DEBUG LTCPro.ServiceLayer.Log4net - ---Executing GetUserToken() in UserService----
2022-10-27 11:00:18,034 [19] DEBUG LTCPro.ServiceLayer.Log4net - ---Executing GetFacilityNSResidentsDataByPId() in ResidentDemographicController----
2022-10-27 11:00:18,034 [19] DEBUG LTCPro.ServiceLayer.Log4net - ---Executing GetFacilityNSResidentsDataByPId() in ResidentDemographicService----
2022-10-27 11:00:18,088 [19] DEBUG LTCPro.ServiceLayer.Log4net - ---Executed Successfully GetFacilityNSResidentsDataByPId() in ResidentDemographicController----
2022-10-27 11:00:18,207 [20] DEBUG LTCPro.ServiceLayer.Log4net - ---Executing GetUserToken() in UserService----
2022-10-27 11:00:18,213 [20] DEBUG LTCPro.ServiceLayer.Log4net - ---Executing GetNurseNotes() in OrdersController----
2022-10-27 11:00:18,213 [20] DEBUG LTCPro.ServiceLayer.Log4net - ---Executing GetNurseNotes() in OrdersService----
2022-10-27 11:00:18,243 [20] DEBUG LTCPro.ServiceLayer.Log4net - ---Executed Successfully GetNurseNotes() in OrdersController----
2022-10-27 11:00:18,753 [22] DEBUG LTCPro.ServiceLayer.Log4net - ---Executing GetUserToken() in UserService----
2022-10-27 11:00:18,758 [20] DEBUG LTCPro.ServiceLayer.Log4net - ---Executing GetUserToken() in UserService----
2022-10-27 11:00:18,766 [22] DEBUG LTCPro.ServiceLayer.Log4net - ---Executing GetAllBarcodes() in StockEkitController----
2022-10-27 11:00:18,766 [22] DEBUG LTCPro.ServiceLayer.Log4net - ---Executing GetAllBarcodes() in StockEkitService----
2022-10-27 11:00:18,766 [20] DEBUG LTCPro.ServiceLayer.Log4net - ---Executing GetDrFirstFlagForCompanyByNSId() in CompanyController----
2022-10-27 11:00:18,766 [20] DEBUG LTCPro.ServiceLayer.Log4net - ---Executing GetDrFirstFlagForCompanyByNSId() in CompanyService----
2022-10-27 11:00:18,770 [6] DEBUG LTCPro.ServiceLayer.Log4net - ---Executing GetUserToken() in UserService----
2022-10-27 11:00:18,779 [20] DEBUG LTCPro.ServiceLayer.Log4net - ---Executed Successfully GetDrFirstFlagForCompanyByNSId() in CompanyController----
2022-10-27 11:00:18,781 [6] DEBUG LTCPro.ServiceLayer.Log4net - ---Executing GetResidentInformation() in ResidentDemographicController----
2022-10-27 11:00:18,781 [6] DEBUG LTCPro.ServiceLayer.Log4net - ---Executing GetResidentInformation() in ResidentDemographicService----
2022-10-27 11:00:18,782 [22] DEBUG LTCPro.ServiceLayer.Log4net - ---Executed Successfully GetAllBarcodes() in StockEkitController----
2022-10-27 11:00:18,987 [16] DEBUG LTCPro.ServiceLayer.Log4net - ---Executing GetUserToken() in UserService----
2022-10-27 11:00:18,992 [16] DEBUG LTCPro.ServiceLayer.Log4net - ---Executing GetPhysicianDropData() in OrdersController----
2022-10-27 11:00:18,992 [16] DEBUG LTCPro.ServiceLayer.Log4net - ---Executing GetPhysicianDropData() in OrdersService----
2022-10-27 11:00:19,028 [16] DEBUG LTCPro.ServiceLayer.Log4net - ---Executed Successfully GetPhysicianDropData() in OrdersController----
2022-10-27 11:00:19,037 [19] DEBUG LTCPro.ServiceLayer.Log4net - ---Executing GetUserToken() in UserService----
2022-10-27 11:00:19,041 [19] DEBUG LTCPro.ServiceLayer.Log4net - ---Executing GetOrderRoutes() in OrdersController----
2022-10-27 11:00:19,041 [19] DEBUG LTCPro.ServiceLayer.Log4net - ---Executing GetOrderRoutes() in OrdersService----
2022-10-27 11:00:19,046 [19] DEBUG LTCPro.ServiceLayer.Log4net - ---Executed Successfully GetOrderRoutes() in OrdersController----
2022-10-27 11:00:19,233 [6] DEBUG LTCPro.ServiceLayer.Log4net - ---Executed Successfully GetResidentInformation() in ResidentDemographicController----
2022-10-27 11:00:19,287 [6] DEBUG LTCPro.ServiceLayer.Log4net - ---Executing GetUserToken() in UserService----
2022-10-27 11:00:19,290 [16] DEBUG LTCPro.ServiceLayer.Log4net - ---Executing GetUserToken() in UserService----
2022-10-27 11:00:19,293 [6] DEBUG LTCPro.ServiceLayer.Log4net - ---Executing GetDrFirstOrderCheck() in DrFirstIntegrationController----
2022-10-27 11:00:19,293 [6] DEBUG LTCPro.ServiceLayer.Log4net - ---Executing GetDrFirstOrderCheck() in DrFirstIntegrationService----
2022-10-27 11:00:19,295 [16] DEBUG LTCPro.ServiceLayer.Log4net - ---Executing GetPatientType() in ResidentDemographicController----
2022-10-27 11:00:19,295 [16] DEBUG LTCPro.ServiceLayer.Log4net - ---Executing GetPatientType() in EmarService----
2022-10-27 11:00:19,297 [6] DEBUG LTCPro.ServiceLayer.Log4net - ---Executed Successfully GetDrFirstOrderCheck() in DrFirstIntegrationController----
2022-10-27 11:00:19,311 [16] DEBUG LTCPro.ServiceLayer.Log4net - ---Executed Successfully GetPatientType() in ResidentDemographicController----
2022-10-27 11:00:19,540 [20] DEBUG LTCPro.ServiceLayer.Log4net - ---Executing GetUserToken() in UserService----
2022-10-27 11:00:19,545 [20] DEBUG LTCPro.ServiceLayer.Log4net - ---Executing GetDiagnosisDetails() in OrdersController----
2022-10-27 11:00:19,545 [20] DEBUG LTCPro.ServiceLayer.Log4net - ---Executing GetDiagnosisDetails() in OrdersService----
2022-10-27 11:00:19,560 [19] DEBUG LTCPro.ServiceLayer.Log4net - ---Executing GetUserToken() in UserService----
2022-10-27 11:00:19,563 [20] DEBUG LTCPro.ServiceLayer.Log4net - ---Executed Successfully GetDiagnosisDetails() in OrdersController----
2022-10-27 11:00:19,566 [19] DEBUG LTCPro.ServiceLayer.Log4net - ---Executing GetOrderGridData() in OrdersController----
2022-10-27 11:00:19,566 [19] DEBUG LTCPro.ServiceLayer.Log4net - ---Executing GetOrderGridData() in OrdersService----
2022-10-27 11:00:19,674 [19] DEBUG LTCPro.ServiceLayer.Log4net - ---Executed Successfully GetOrderGridData() in OrdersController----
2022-10-27 11:00:19,733 [16] DEBUG LTCPro.ServiceLayer.Log4net - ---Executing GetUserToken() in UserService----
2022-10-27 11:00:19,739 [16] DEBUG LTCPro.ServiceLayer.Log4net - ---Executing GetAllBarcodes() in StockEkitController----
2022-10-27 11:00:19,739 [16] DEBUG LTCPro.ServiceLayer.Log4net - ---Executing GetAllBarcodes() in StockEkitService----
2022-10-27 11:00:19,751 [16] DEBUG LTCPro.ServiceLayer.Log4net - ---Executed Successfully GetAllBarcodes() in StockEkitController----
2022-10-27 11:00:20,013 [19] DEBUG LTCPro.ServiceLayer.Log4net - ---Executing GetUserToken() in UserService----
2022-10-27 11:00:20,019 [19] DEBUG LTCPro.ServiceLayer.Log4net - ---Executing GetOrdersData() in OrdersController----
2022-10-27 11:00:20,019 [19] DEBUG LTCPro.ServiceLayer.Log4net - ---Executing GetOrdersData() in OrdersService----
2022-10-27 11:00:20,020 [6] DEBUG LTCPro.ServiceLayer.Log4net - ---Executing GetUserToken() in UserService----
2022-10-27 11:00:20,026 [6] DEBUG LTCPro.ServiceLayer.Log4net - ---Executing GetOrderGridData() in OrdersController----
2022-10-27 11:00:20,026 [6] DEBUG LTCPro.ServiceLayer.Log4net - ---Executing GetOrderGridData() in OrdersService----
2022-10-27 11:00:20,076 [19] DEBUG LTCPro.ServiceLayer.Log4net - ---Executed Successfully GetOrdersData() in OrdersController----
2022-10-27 11:00:20,208 [6] DEBUG LTCPro.ServiceLayer.Log4net - ---Executed Successfully GetOrderGridData() in OrdersController----
2022-10-27 11:00:20,443 [16] DEBUG LTCPro.ServiceLayer.Log4net - ---Executing GetUserToken() in UserService----
2022-10-27 11:00:20,463 [20] DEBUG LTCPro.ServiceLayer.Log4net - ---Executing GetUserToken() in UserService----
2022-10-27 11:00:20,483 [19] DEBUG LTCPro.ServiceLayer.Log4net - ---Executing GetUserToken() in UserService----
2022-10-27 11:00:20,484 [16] DEBUG LTCPro.ServiceLayer.Log4net - ---Executing GetPhysicianDropData() in OrdersController----
2022-10-27 11:00:20,484 [16] DEBUG LTCPro.ServiceLayer.Log4net - ---Executing GetPhysicianDropData() in OrdersService----
2022-10-27 11:00:20,489 [20] DEBUG LTCPro.ServiceLayer.Log4net - ---Executing GetOrderStockDetails() in OrdersController----
2022-10-27 11:00:20,489 [20] DEBUG LTCPro.ServiceLayer.Log4net - ---Executing GetOrderStockDetails() in OrdersService----
2022-10-27 11:00:20,496 [19] DEBUG LTCPro.ServiceLayer.Log4net - ---Executing GetNurseNotes() in OrdersController----
2022-10-27 11:00:20,496 [19] DEBUG LTCPro.ServiceLayer.Log4net - ---Executing GetNurseNotes() in OrdersService----
2022-10-27 11:00:20,502 [21] DEBUG LTCPro.ServiceLayer.Log4net - ---Executing GetUserToken() in UserService----
2022-10-27 11:00:20,507 [20] DEBUG LTCPro.ServiceLayer.Log4net - ---Executed Successfully GetOrderStockDetails() in OrdersController----
2022-10-27 11:00:20,510 [21] DEBUG LTCPro.ServiceLayer.Log4net - ---Executing GetFavouritesMasterData() in OrdersController----
2022-10-27 11:00:20,510 [21] DEBUG LTCPro.ServiceLayer.Log4net - ---Executing GetFavouritesMasterData() in OrdersService----
2022-10-27 11:00:20,520 [21] DEBUG LTCPro.ServiceLayer.Log4net - ---Executed Successfully GetFavouritesMasterData() in OrdersController----
2022-10-27 11:00:20,533 [16] DEBUG LTCPro.ServiceLayer.Log4net - ---Executed Successfully GetPhysicianDropData() in OrdersController----
2022-10-27 11:00:20,553 [19] DEBUG LTCPro.ServiceLayer.Log4net - ---Executed Successfully GetNurseNotes() in OrdersController----
2022-10-27 11:00:29,328 [21] DEBUG LTCPro.ServiceLayer.Log4net - ---Executing GetUserToken() in UserService----
2022-10-27 11:00:29,333 [21] DEBUG LTCPro.ServiceLayer.Log4net - ---Executing GetOrdersData() in OrdersController----
2022-10-27 11:00:29,333 [21] DEBUG LTCPro.ServiceLayer.Log4net - ---Executing GetOrdersData() in OrdersService----
2022-10-27 11:00:29,385 [21] DEBUG LTCPro.ServiceLayer.Log4net - ---Executed Successfully GetOrdersData() in OrdersController----
2022-10-27 11:00:29,761 [21] DEBUG LTCPro.ServiceLayer.Log4net - ---Executing GetUserToken() in UserService----
2022-10-27 11:00:29,832 [21] DEBUG LTCPro.ServiceLayer.Log4net - ---Executing GetOrderStockDetails() in OrdersController----
2022-10-27 11:00:29,832 [21] DEBUG LTCPro.ServiceLayer.Log4net - ---Executing GetOrderStockDetails() in OrdersService----
2022-10-27 11:00:29,845 [19] DEBUG LTCPro.ServiceLayer.Log4net - ---Executing GetUserToken() in UserService----
2022-10-27 11:00:29,847 [21] DEBUG LTCPro.ServiceLayer.Log4net - ---Executed Successfully GetOrderStockDetails() in OrdersController----
2022-10-27 11:00:29,851 [19] DEBUG LTCPro.ServiceLayer.Log4net - ---Executing GetPhysicianDropData() in OrdersController----
2022-10-27 11:00:29,851 [19] DEBUG LTCPro.ServiceLayer.Log4net - ---Executing GetPhysicianDropData() in OrdersService----
2022-10-27 11:00:29,904 [19] DEBUG LTCPro.ServiceLayer.Log4net - ---Executed Successfully GetPhysicianDropData() in OrdersController----
2022-10-27 11:00:29,916 [22] DEBUG LTCPro.ServiceLayer.Log4net - ---Executing GetUserToken() in UserService----
2022-10-27 11:00:29,922 [22] DEBUG LTCPro.ServiceLayer.Log4net - ---Executing GetNurseNotes() in OrdersController----
2022-10-27 11:00:29,923 [22] DEBUG LTCPro.ServiceLayer.Log4net - ---Executing GetNurseNotes() in OrdersService----
2022-10-27 11:00:29,936 [16] DEBUG LTCPro.ServiceLayer.Log4net - ---Executing GetUserToken() in UserService----
2022-10-27 11:00:29,987 [16] DEBUG LTCPro.ServiceLayer.Log4net - ---Executing GetFavouritesMasterData() in OrdersController----
2022-10-27 11:00:29,987 [16] DEBUG LTCPro.ServiceLayer.Log4net - ---Executing GetFavouritesMasterData() in OrdersService----
2022-10-27 11:00:29,996 [16] DEBUG LTCPro.ServiceLayer.Log4net - ---Executed Successfully GetFavouritesMasterData() in OrdersController----
2022-10-27 11:00:30,018 [22] DEBUG LTCPro.ServiceLayer.Log4net - ---Executed Successfully GetNurseNotes() in OrdersController----
2022-10-27 11:00:31,978 [19] DEBUG LTCPro.ServiceLayer.Log4net - ---Executing GetUserToken() in UserService----
2022-10-27 11:00:31,982 [19] DEBUG LTCPro.ServiceLayer.Log4net - ---Executing GetOrdersData() in OrdersController----
2022-10-27 11:00:31,982 [19] DEBUG LTCPro.ServiceLayer.Log4net - ---Executing GetOrdersData() in OrdersService----
2022-10-27 11:00:32,044 [19] DEBUG LTCPro.ServiceLayer.Log4net - ---Executed Successfully GetOrdersData() in OrdersController----
2022-10-27 11:00:32,340 [6] DEBUG LTCPro.ServiceLayer.Log4net - ---Executing GetUserToken() in UserService----
2022-10-27 11:00:32,345 [21] DEBUG LTCPro.ServiceLayer.Log4net - ---Executing GetUserToken() in UserService----
2022-10-27 11:00:32,350 [6] DEBUG LTCPro.ServiceLayer.Log4net - ---Executing GetOrderStockDetails() in OrdersController----
2022-10-27 11:00:32,350 [6] DEBUG LTCPro.ServiceLayer.Log4net - ---Executing GetOrderStockDetails() in OrdersService----
2022-10-27 11:00:32,352 [21] DEBUG LTCPro.ServiceLayer.Log4net - ---Executing GetFavouritesMasterData() in OrdersController----
2022-10-27 11:00:32,352 [21] DEBUG LTCPro.ServiceLayer.Log4net - ---Executing GetFavouritesMasterData() in OrdersService----
2022-10-27 11:00:32,354 [19] DEBUG LTCPro.ServiceLayer.Log4net - ---Executing GetUserToken() in UserService----
2022-10-27 11:00:32,356 [6] DEBUG LTCPro.ServiceLayer.Log4net - ---Executed Successfully GetOrderStockDetails() in OrdersController----
2022-10-27 11:00:32,361 [19] DEBUG LTCPro.ServiceLayer.Log4net - ---Executing GetPhysicianDropData() in OrdersController----
2022-10-27 11:00:32,361 [19] DEBUG LTCPro.ServiceLayer.Log4net - ---Executing GetPhysicianDropData() in OrdersService----
2022-10-27 11:00:32,362 [21] DEBUG LTCPro.ServiceLayer.Log4net - ---Executed Successfully GetFavouritesMasterData() in OrdersController----
2022-10-27 11:00:32,380 [16] DEBUG LTCPro.ServiceLayer.Log4net - ---Executing GetUserToken() in UserService----
2022-10-27 11:00:32,384 [19] DEBUG LTCPro.ServiceLayer.Log4net - ---Executed Successfully GetPhysicianDropData() in OrdersController----
2022-10-27 11:00:32,441 [16] DEBUG LTCPro.ServiceLayer.Log4net - ---Executing GetNurseNotes() in OrdersController----
2022-10-27 11:00:32,441 [16] DEBUG LTCPro.ServiceLayer.Log4net - ---Executing GetNurseNotes() in OrdersService----
2022-10-27 11:00:32,464 [16] DEBUG LTCPro.ServiceLayer.Log4net - ---Executed Successfully GetNurseNotes() in OrdersController----
2022-10-27 11:00:33,578 [6] DEBUG LTCPro.ServiceLayer.Log4net - ---Executing GetUserToken() in UserService----
2022-10-27 11:00:33,584 [6] DEBUG LTCPro.ServiceLayer.Log4net - ---Executing GetOrdersData() in OrdersController----
2022-10-27 11:00:33,584 [6] DEBUG LTCPro.ServiceLayer.Log4net - ---Executing GetOrdersData() in OrdersService----
2022-10-27 11:00:34,134 [6] DEBUG LTCPro.ServiceLayer.Log4net - ---Executed Successfully GetOrdersData() in OrdersController----
2022-10-27 11:00:34,634 [20] DEBUG LTCPro.ServiceLayer.Log4net - ---Executing GetUserToken() in UserService----
2022-10-27 11:00:34,645 [20] DEBUG LTCPro.ServiceLayer.Log4net - ---Executing GetOrderStockDetails() in OrdersController----
2022-10-27 11:00:34,645 [20] DEBUG LTCPro.ServiceLayer.Log4net - ---Executing GetOrderStockDetails() in OrdersService----
2022-10-27 11:00:34,653 [20] DEBUG LTCPro.ServiceLayer.Log4net - ---Executed Successfully GetOrderStockDetails() in OrdersController----
2022-10-27 11:00:34,665 [21] DEBUG LTCPro.ServiceLayer.Log4net - ---Executing GetUserToken() in UserService----
2022-10-27 11:00:34,667 [18] DEBUG LTCPro.ServiceLayer.Log4net - ---Executing GetUserToken() in UserService----
2022-10-27 11:00:34,676 [18] DEBUG LTCPro.ServiceLayer.Log4net - ---Executing GetNurseNotes() in OrdersController----
2022-10-27 11:00:34,676 [18] DEBUG LTCPro.ServiceLayer.Log4net - ---Executing GetNurseNotes() in OrdersService----
2022-10-27 11:00:34,678 [21] DEBUG LTCPro.ServiceLayer.Log4net - ---Executing GetFavouritesMasterData() in OrdersController----
2022-10-27 11:00:34,678 [21] DEBUG LTCPro.ServiceLayer.Log4net - ---Executing GetFavouritesMasterData() in OrdersService----
2022-10-27 11:00:34,721 [21] DEBUG LTCPro.ServiceLayer.Log4net - ---Executed Successfully GetFavouritesMasterData() in OrdersController----
2022-10-27 11:00:34,725 [19] DEBUG LTCPro.ServiceLayer.Log4net - ---Executing GetUserToken() in UserService----
2022-10-27 11:00:34,813 [19] DEBUG LTCPro.ServiceLayer.Log4net - ---Executing GetPhysicianDropData() in OrdersController----
2022-10-27 11:00:34,813 [19] DEBUG LTCPro.ServiceLayer.Log4net - ---Executing GetPhysicianDropData() in OrdersService----
2022-10-27 11:00:34,818 [18] DEBUG LTCPro.ServiceLayer.Log4net - ---Executed Successfully GetNurseNotes() in OrdersController----
2022-10-27 11:00:34,823 [19] DEBUG LTCPro.ServiceLayer.Log4net - ---Executed Successfully GetPhysicianDropData() in OrdersController----
2022-10-27 11:00:38,746 [16] DEBUG LTCPro.ServiceLayer.Log4net - ---Executing GetUserToken() in UserService----
2022-10-27 11:00:38,751 [16] DEBUG LTCPro.ServiceLayer.Log4net - ---Executing GetOrdersData() in OrdersController----
2022-10-27 11:00:38,751 [16] DEBUG LTCPro.ServiceLayer.Log4net - ---Executing GetOrdersData() in OrdersService----
2022-10-27 11:00:38,859 [16] DEBUG LTCPro.ServiceLayer.Log4net - ---Executed Successfully GetOrdersData() in OrdersController----
2022-10-27 11:00:39,250 [22] DEBUG LTCPro.ServiceLayer.Log4net - ---Executing GetUserToken() in UserService----
2022-10-27 11:00:39,266 [18] DEBUG LTCPro.ServiceLayer.Log4net - ---Executing GetUserToken() in UserService----
2022-10-27 11:00:39,268 [22] DEBUG LTCPro.ServiceLayer.Log4net - ---Executing GetOrderStockDetails() in OrdersController----
2022-10-27 11:00:39,268 [22] DEBUG LTCPro.ServiceLayer.Log4net - ---Executing GetOrderStockDetails() in OrdersService----
2022-10-27 11:00:39,272 [18] DEBUG LTCPro.ServiceLayer.Log4net - ---Executing GetPhysicianDropData() in OrdersController----
2022-10-27 11:00:39,272 [18] DEBUG LTCPro.ServiceLayer.Log4net - ---Executing GetPhysicianDropData() in OrdersService----
2022-10-27 11:00:39,277 [22] DEBUG LTCPro.ServiceLayer.Log4net - ---Executed Successfully GetOrderStockDetails() in OrdersController----
2022-10-27 11:00:39,279 [21] DEBUG LTCPro.ServiceLayer.Log4net - ---Executing GetUserToken() in UserService----
2022-10-27 11:00:39,283 [21] DEBUG LTCPro.ServiceLayer.Log4net - ---Executing GetFavouritesMasterData() in OrdersController----
2022-10-27 11:00:39,283 [21] DEBUG LTCPro.ServiceLayer.Log4net - ---Executing GetFavouritesMasterData() in OrdersService----
2022-10-27 11:00:39,285 [18] DEBUG LTCPro.ServiceLayer.Log4net - ---Executed Successfully GetPhysicianDropData() in OrdersController----
2022-10-27 11:00:39,286 [20] DEBUG LTCPro.ServiceLayer.Log4net - ---Executing GetUserToken() in UserService----
2022-10-27 11:00:39,292 [21] DEBUG LTCPro.ServiceLayer.Log4net - ---Executed Successfully GetFavouritesMasterData() in OrdersController----
2022-10-27 11:00:39,292 [20] DEBUG LTCPro.ServiceLayer.Log4net - ---Executing GetNurseNotes() in OrdersController----
2022-10-27 11:00:39,292 [20] DEBUG LTCPro.ServiceLayer.Log4net - ---Executing GetNurseNotes() in OrdersService----
2022-10-27 11:00:39,316 [20] DEBUG LTCPro.ServiceLayer.Log4net - ---Executed Successfully GetNurseNotes() in OrdersController----
2022-10-27 11:00:58,535 [18] DEBUG LTCPro.ServiceLayer.Log4net - ---Executing GetUserToken() in UserService----
2022-10-27 11:00:58,540 [18] DEBUG LTCPro.ServiceLayer.Log4net - ---Executing GetOrdersData() in OrdersController----
2022-10-27 11:00:58,540 [18] DEBUG LTCPro.ServiceLayer.Log4net - ---Executing GetOrdersData() in OrdersService----
2022-10-27 11:00:58,591 [18] DEBUG LTCPro.ServiceLayer.Log4net - ---Executed Successfully GetOrdersData() in OrdersController----
2022-10-27 11:00:58,893 [22] DEBUG LTCPro.ServiceLayer.Log4net - ---Executing GetUserToken() in UserService----
2022-10-27 11:00:58,902 [21] DEBUG LTCPro.ServiceLayer.Log4net - ---Executing GetUserToken() in UserService----
2022-10-27 11:00:58,908 [22] DEBUG LTCPro.ServiceLayer.Log4net - ---Executing GetPhysicianDropData() in OrdersController----
2022-10-27 11:00:58,909 [22] DEBUG LTCPro.ServiceLayer.Log4net - ---Executing GetPhysicianDropData() in OrdersService----
2022-10-27 11:00:58,919 [20] DEBUG LTCPro.ServiceLayer.Log4net - ---Executing GetUserToken() in UserService----
2022-10-27 11:00:58,921 [21] DEBUG LTCPro.ServiceLayer.Log4net - ---Executing GetOrderStockDetails() in OrdersController----
2022-10-27 11:00:58,921 [21] DEBUG LTCPro.ServiceLayer.Log4net - ---Executing GetOrderStockDetails() in OrdersService----
2022-10-27 11:00:58,929 [20] DEBUG LTCPro.ServiceLayer.Log4net - ---Executing GetFavouritesMasterData() in OrdersController----
2022-10-27 11:00:58,929 [20] DEBUG LTCPro.ServiceLayer.Log4net - ---Executing GetFavouritesMasterData() in OrdersService----
2022-10-27 11:00:58,934 [21] DEBUG LTCPro.ServiceLayer.Log4net - ---Executed Successfully GetOrderStockDetails() in OrdersController----
2022-10-27 11:00:58,939 [22] DEBUG LTCPro.ServiceLayer.Log4net - ---Executed Successfully GetPhysicianDropData() in OrdersController----
2022-10-27 11:00:58,947 [20] DEBUG LTCPro.ServiceLayer.Log4net - ---Executed Successfully GetFavouritesMasterData() in OrdersController----
2022-10-27 11:00:59,020 [6] DEBUG LTCPro.ServiceLayer.Log4net - ---Executing GetUserToken() in UserService----
2022-10-27 11:00:59,026 [6] DEBUG LTCPro.ServiceLayer.Log4net - ---Executing GetNurseNotes() in OrdersController----
2022-10-27 11:00:59,026 [6] DEBUG LTCPro.ServiceLayer.Log4net - ---Executing GetNurseNotes() in OrdersService----
2022-10-27 11:00:59,049 [6] DEBUG LTCPro.ServiceLayer.Log4net - ---Executed Successfully GetNurseNotes() in OrdersController----
2022-10-27 11:01:03,257 [22] DEBUG LTCPro.ServiceLayer.Log4net - ---Executing GetUserToken() in UserService----
2022-10-27 11:01:03,262 [22] DEBUG LTCPro.ServiceLayer.Log4net - ---Executing InsertUserActivityDetails() in CompanyController----
2022-10-27 11:01:03,262 [22] DEBUG LTCPro.ServiceLayer.Log4net - ---Executing InsertUserActivityDetails() in UserActivityService----
2022-10-27 11:01:03,268 [22] DEBUG LTCPro.ServiceLayer.Log4net - ---Executed Successfully InsertUserActivityDetails() in CompanyController----
2022-10-27 11:01:03,306 [17] DEBUG LTCPro.ServiceLayer.Log4net - ---Executing GetUserToken() in UserService----
2022-10-27 11:01:03,311 [17] DEBUG LTCPro.ServiceLayer.Log4net - ---Executing GetUserRecentFacNs() in UserController----
2022-10-27 11:01:03,311 [17] DEBUG LTCPro.ServiceLayer.Log4net - ---Executing GetUserRecentFacNs() in UserService----
2022-10-27 11:01:03,318 [17] DEBUG LTCPro.ServiceLayer.Log4net - ---Executed Successfully GetUserRecentFacNs() in UserController----
2022-10-27 11:01:03,347 [18] DEBUG LTCPro.ServiceLayer.Log4net - ---Executing GetUserToken() in UserService----
2022-10-27 11:01:03,351 [18] DEBUG LTCPro.ServiceLayer.Log4net - ---Executing GetUserAccessFacilityNurseStaions() in FacilityController----
2022-10-27 11:01:03,351 [18] DEBUG LTCPro.ServiceLayer.Log4net - ---Executing GetUserAccessFacilityNurseStaions() in FacilityService----
2022-10-27 11:01:03,510 [6] DEBUG LTCPro.ServiceLayer.Log4net - ---Executing GetUserToken() in UserService----
2022-10-27 11:01:03,515 [6] DEBUG LTCPro.ServiceLayer.Log4net - ---Executing OrderEndingSoonStatus() in OrdersController----
2022-10-27 11:01:03,515 [6] DEBUG LTCPro.ServiceLayer.Log4net - ---Executing OrderEndingSoonStatus() in OrdersService----
2022-10-27 11:01:03,525 [6] DEBUG LTCPro.ServiceLayer.Log4net - ---Executed Successfully OrderEndingSoonStatus() in OrdersController----
2022-10-27 11:01:03,686 [18] DEBUG LTCPro.ServiceLayer.Log4net - ---Executed Successfully GetUserAccessFacilityNurseStaions() in FacilityController----
2022-10-27 11:01:03,740 [6] DEBUG LTCPro.ServiceLayer.Log4net - ---Executing GetUserToken() in UserService----
2022-10-27 11:01:03,745 [6] DEBUG LTCPro.ServiceLayer.Log4net - ---Executing UserNurseStationDrop() in FacilityController----
2022-10-27 11:01:03,746 [6] DEBUG LTCPro.ServiceLayer.Log4net - ---Executing UserNurseStationDrop() in FacilityService----
2022-10-27 11:01:03,752 [6] DEBUG LTCPro.ServiceLayer.Log4net - ---Executed Successfully UserNurseStationDrop() in FacilityController----
2022-10-27 11:01:03,797 [21] DEBUG LTCPro.ServiceLayer.Log4net - ---Executing GetUserToken() in UserService----
2022-10-27 11:01:03,906 [14] DEBUG LTCPro.ServiceLayer.Log4net - ---Executing GetUserToken() in UserService----
2022-10-27 11:01:03,926 [21] DEBUG LTCPro.ServiceLayer.Log4net - ---Executing GetSeventyTwoHourDetailsByfilter() in EMARController----
2022-10-27 11:01:03,926 [21] DEBUG LTCPro.ServiceLayer.Log4net - ---Executing GetSeventyTwoHourDetailsByfilter() in EmarService----
2022-10-27 11:01:03,929 [14] DEBUG LTCPro.ServiceLayer.Log4net - ---Executing GetCompanyToBedFlagByFacId() in FacilityController----
2022-10-27 11:01:03,929 [14] DEBUG LTCPro.ServiceLayer.Log4net - ---Executing GetCompanyToBedFlagByFacId() in FacilityService----
2022-10-27 11:01:03,946 [20] DEBUG LTCPro.ServiceLayer.Log4net - ---Executing GetUserToken() in UserService----
2022-10-27 11:01:04,021 [20] DEBUG LTCPro.ServiceLayer.Log4net - ---Executing GetPRNDetailsByfilter() in EMARController----
2022-10-27 11:01:04,021 [20] DEBUG LTCPro.ServiceLayer.Log4net - ---Executing GetPRNDetailsByfilter() in EmarService----
2022-10-27 11:01:04,171 [17] DEBUG LTCPro.ServiceLayer.Log4net - ---Executing GetUserToken() in UserService----
2022-10-27 11:01:04,178 [6] DEBUG LTCPro.ServiceLayer.Log4net - ---Executing GetUserToken() in UserService----
2022-10-27 11:01:04,186 [17] DEBUG LTCPro.ServiceLayer.Log4net - ---Executing OrderEndingSoonStatus() in OrdersController----
2022-10-27 11:01:04,186 [17] DEBUG LTCPro.ServiceLayer.Log4net - ---Executing OrderEndingSoonStatus() in OrdersService----
2022-10-27 11:01:04,192 [6] DEBUG LTCPro.ServiceLayer.Log4net - ---Executing GetOrdersGridData() in OrdersController----
2022-10-27 11:01:04,192 [6] DEBUG LTCPro.ServiceLayer.Log4net - ---Executing GetOrdersGridData() in OrdersService----
2022-10-27 11:01:04,195 [17] DEBUG LTCPro.ServiceLayer.Log4net - ---Executed Successfully OrderEndingSoonStatus() in OrdersController----
2022-10-27 11:01:04,197 [14] DEBUG LTCPro.ServiceLayer.Log4net - ---Executed Successfully GetCompanyToBedFlagByFacId() in FacilityController----
2022-10-27 11:01:04,215 [22] DEBUG LTCPro.ServiceLayer.Log4net - ---Executing GetUserToken() in UserService----
2022-10-27 11:01:04,226 [22] DEBUG LTCPro.ServiceLayer.Log4net - ---Executing GetOrdersEndingSoon() in OrdersController----
2022-10-27 11:01:04,226 [22] DEBUG LTCPro.ServiceLayer.Log4net - ---Executing GetOrdersEndingSoon() in OrdersService----
2022-10-27 11:01:04,246 [17] DEBUG LTCPro.ServiceLayer.Log4net - ---Executing GetUserToken() in UserService----
2022-10-27 11:01:04,250 [17] DEBUG LTCPro.ServiceLayer.Log4net - ---Executing GetNurseStationHierarchyDetailsbyNsId() in CompanyController----
2022-10-27 11:01:04,250 [17] DEBUG LTCPro.ServiceLayer.Log4net - ---Executing GetNurseStationHierarchyDetailsbyNsId() in CompanyService----
2022-10-27 11:01:04,262 [17] DEBUG LTCPro.ServiceLayer.Log4net - ---Executed Successfully GetNurseStationHierarchyDetailsbyNsId() in CompanyController----
2022-10-27 11:01:04,287 [20] DEBUG LTCPro.ServiceLayer.Log4net - ---Executed Successfully GetPRNDetailsByfilter() in EMARController----
2022-10-27 11:01:04,293 [22] DEBUG LTCPro.ServiceLayer.Log4net - ---Executed Successfully GetOrdersEndingSoon() in OrdersController----
2022-10-27 11:01:04,339 [21] DEBUG LTCPro.ServiceLayer.Log4net - ---Executed Successfully GetSeventyTwoHourDetailsByfilter() in EMARController----
2022-10-27 11:01:04,354 [6] DEBUG LTCPro.ServiceLayer.Log4net - ---Executed Successfully GetOrdersGridData() in OrdersController----
2022-10-27 11:01:04,641 [6] DEBUG LTCPro.ServiceLayer.Log4net - ---Executing GetUserToken() in UserService----
2022-10-27 11:01:04,646 [6] DEBUG LTCPro.ServiceLayer.Log4net - ---Executing GetPendingOrdersGridData() in OrdersController----
2022-10-27 11:01:04,646 [6] DEBUG LTCPro.ServiceLayer.Log4net - ---Executing GetPendingOrdersGridData() in OrdersService----
2022-10-27 11:01:04,753 [6] DEBUG LTCPro.ServiceLayer.Log4net - ---Executed Successfully GetPendingOrdersGridData() in OrdersController----
2022-10-27 11:01:08,048 [6] DEBUG LTCPro.ServiceLayer.Log4net - ---Executing GetUserToken() in UserService----
2022-10-27 11:01:08,054 [6] DEBUG LTCPro.ServiceLayer.Log4net - ---Executing GetOrdersGridDataByPatientId() in OrdersController----
2022-10-27 11:01:08,054 [6] DEBUG LTCPro.ServiceLayer.Log4net - ---Executing GetOrdersGridDataByPatientId() in OrdersService----
2022-10-27 11:01:08,133 [6] DEBUG LTCPro.ServiceLayer.Log4net - ---Executed Successfully GetOrdersGridDataByPatientId() in OrdersController----
2022-10-27 11:01:10,385 [6] DEBUG LTCPro.ServiceLayer.Log4net - ---Executing GetUserToken() in UserService----
2022-10-27 11:01:10,391 [6] DEBUG LTCPro.ServiceLayer.Log4net - ---Executing GetFacilityNSResidentsDataByPId() in ResidentDemographicController----
2022-10-27 11:01:10,391 [6] DEBUG LTCPro.ServiceLayer.Log4net - ---Executing GetFacilityNSResidentsDataByPId() in ResidentDemographicService----
2022-10-27 11:01:10,429 [6] DEBUG LTCPro.ServiceLayer.Log4net - ---Executed Successfully GetFacilityNSResidentsDataByPId() in ResidentDemographicController----
2022-10-27 11:01:10,564 [22] DEBUG LTCPro.ServiceLayer.Log4net - ---Executing GetUserToken() in UserService----
2022-10-27 11:01:10,568 [22] DEBUG LTCPro.ServiceLayer.Log4net - ---Executing GetNurseNotes() in OrdersController----
2022-10-27 11:01:10,568 [22] DEBUG LTCPro.ServiceLayer.Log4net - ---Executing GetNurseNotes() in OrdersService----
2022-10-27 11:01:10,594 [22] DEBUG LTCPro.ServiceLayer.Log4net - ---Executed Successfully GetNurseNotes() in OrdersController----
2022-10-27 11:01:10,742 [22] DEBUG LTCPro.ServiceLayer.Log4net - ---Executing GetUserToken() in UserService----
2022-10-27 11:01:10,752 [22] DEBUG LTCPro.ServiceLayer.Log4net - ---Executing GetAllBarcodes() in StockEkitController----
2022-10-27 11:01:10,753 [22] DEBUG LTCPro.ServiceLayer.Log4net - ---Executing GetAllBarcodes() in StockEkitService----
2022-10-27 11:01:10,755 [5] DEBUG LTCPro.ServiceLayer.Log4net - ---Executing GetUserToken() in UserService----
2022-10-27 11:01:10,761 [5] DEBUG LTCPro.ServiceLayer.Log4net - ---Executing GetDrFirstFlagForCompanyByNSId() in CompanyController----
2022-10-27 11:01:10,761 [5] DEBUG LTCPro.ServiceLayer.Log4net - ---Executing GetDrFirstFlagForCompanyByNSId() in CompanyService----
2022-10-27 11:01:10,767 [22] DEBUG LTCPro.ServiceLayer.Log4net - ---Executed Successfully GetAllBarcodes() in StockEkitController----
2022-10-27 11:01:10,798 [5] DEBUG LTCPro.ServiceLayer.Log4net - ---Executed Successfully GetDrFirstFlagForCompanyByNSId() in CompanyController----
2022-10-27 11:01:10,822 [22] DEBUG LTCPro.ServiceLayer.Log4net - ---Executing GetUserToken() in UserService----
2022-10-27 11:01:10,829 [22] DEBUG LTCPro.ServiceLayer.Log4net - ---Executing GetResidentInformation() in ResidentDemographicController----
2022-10-27 11:01:10,829 [22] DEBUG LTCPro.ServiceLayer.Log4net - ---Executing GetResidentInformation() in ResidentDemographicService----
2022-10-27 11:01:10,934 [22] DEBUG LTCPro.ServiceLayer.Log4net - ---Executed Successfully GetResidentInformation() in ResidentDemographicController----
2022-10-27 11:01:10,985 [20] DEBUG LTCPro.ServiceLayer.Log4net - ---Executing GetUserToken() in UserService----
2022-10-27 11:01:10,986 [6] DEBUG LTCPro.ServiceLayer.Log4net - ---Executing GetUserToken() in UserService----
2022-10-27 11:01:10,989 [20] DEBUG LTCPro.ServiceLayer.Log4net - ---Executing GetPhysicianDropData() in OrdersController----
2022-10-27 11:01:10,989 [20] DEBUG LTCPro.ServiceLayer.Log4net - ---Executing GetPhysicianDropData() in OrdersService----
2022-10-27 11:01:10,990 [6] DEBUG LTCPro.ServiceLayer.Log4net - ---Executing GetOrderRoutes() in OrdersController----
2022-10-27 11:01:10,990 [6] DEBUG LTCPro.ServiceLayer.Log4net - ---Executing GetOrderRoutes() in OrdersService----
2022-10-27 11:01:10,997 [6] DEBUG LTCPro.ServiceLayer.Log4net - ---Executed Successfully GetOrderRoutes() in OrdersController----
2022-10-27 11:01:11,003 [20] DEBUG LTCPro.ServiceLayer.Log4net - ---Executed Successfully GetPhysicianDropData() in OrdersController----
2022-10-27 11:01:11,020 [22] DEBUG LTCPro.ServiceLayer.Log4net - ---Executing GetUserToken() in UserService----
2022-10-27 11:01:11,033 [22] DEBUG LTCPro.ServiceLayer.Log4net - ---Executing GetDrFirstOrderCheck() in DrFirstIntegrationController----
2022-10-27 11:01:11,033 [22] DEBUG LTCPro.ServiceLayer.Log4net - ---Executing GetDrFirstOrderCheck() in DrFirstIntegrationService----
2022-10-27 11:01:11,065 [18] DEBUG LTCPro.ServiceLayer.Log4net - ---Executing GetUserToken() in UserService----
2022-10-27 11:01:11,067 [22] DEBUG LTCPro.ServiceLayer.Log4net - ---Executed Successfully GetDrFirstOrderCheck() in DrFirstIntegrationController----
2022-10-27 11:01:11,094 [18] DEBUG LTCPro.ServiceLayer.Log4net - ---Executing GetPatientType() in ResidentDemographicController----
2022-10-27 11:01:11,094 [18] DEBUG LTCPro.ServiceLayer.Log4net - ---Executing GetPatientType() in EmarService----
2022-10-27 11:01:11,101 [18] DEBUG LTCPro.ServiceLayer.Log4net - ---Executed Successfully GetPatientType() in ResidentDemographicController----
2022-10-27 11:01:11,356 [6] DEBUG LTCPro.ServiceLayer.Log4net - ---Executing GetUserToken() in UserService----
2022-10-27 11:01:11,357 [20] DEBUG LTCPro.ServiceLayer.Log4net - ---Executing GetUserToken() in UserService----
2022-10-27 11:01:11,360 [6] DEBUG LTCPro.ServiceLayer.Log4net - ---Executing GetOrderGridData() in OrdersController----
2022-10-27 11:01:11,361 [6] DEBUG LTCPro.ServiceLayer.Log4net - ---Executing GetOrderGridData() in OrdersService----
2022-10-27 11:01:11,361 [20] DEBUG LTCPro.ServiceLayer.Log4net - ---Executing GetDiagnosisDetails() in OrdersController----
2022-10-27 11:01:11,361 [20] DEBUG LTCPro.ServiceLayer.Log4net - ---Executing GetDiagnosisDetails() in OrdersService----
2022-10-27 11:01:11,404 [6] DEBUG LTCPro.ServiceLayer.Log4net - ---Executed Successfully GetOrderGridData() in OrdersController----
2022-10-27 11:01:11,484 [20] DEBUG LTCPro.ServiceLayer.Log4net - ---Executed Successfully GetDiagnosisDetails() in OrdersController----
2022-10-27 11:01:11,498 [6] DEBUG LTCPro.ServiceLayer.Log4net - ---Executing GetUserToken() in UserService----
2022-10-27 11:01:11,503 [6] DEBUG LTCPro.ServiceLayer.Log4net - ---Executing GetAllBarcodes() in StockEkitController----
2022-10-27 11:01:11,503 [6] DEBUG LTCPro.ServiceLayer.Log4net - ---Executing GetAllBarcodes() in StockEkitService----
2022-10-27 11:01:11,517 [6] DEBUG LTCPro.ServiceLayer.Log4net - ---Executed Successfully GetAllBarcodes() in StockEkitController----
2022-10-27 11:01:11,705 [18] DEBUG LTCPro.ServiceLayer.Log4net - ---Executing GetUserToken() in UserService----
2022-10-27 11:01:11,710 [18] DEBUG LTCPro.ServiceLayer.Log4net - ---Executing GetOrderGridData() in OrdersController----
2022-10-27 11:01:11,710 [18] DEBUG LTCPro.ServiceLayer.Log4net - ---Executing GetOrderGridData() in OrdersService----
2022-10-27 11:01:11,711 [21] DEBUG LTCPro.ServiceLayer.Log4net - ---Executing GetUserToken() in UserService----
2022-10-27 11:01:11,716 [21] DEBUG LTCPro.ServiceLayer.Log4net - ---Executing GetOrdersData() in OrdersController----
2022-10-27 11:01:11,716 [21] DEBUG LTCPro.ServiceLayer.Log4net - ---Executing GetOrdersData() in OrdersService----
2022-10-27 11:01:11,751 [21] DEBUG LTCPro.ServiceLayer.Log4net - ---Executed Successfully GetOrdersData() in OrdersController----
2022-10-27 11:01:11,757 [18] DEBUG LTCPro.ServiceLayer.Log4net - ---Executed Successfully GetOrderGridData() in OrdersController----
2022-10-27 11:01:12,153 [18] DEBUG LTCPro.ServiceLayer.Log4net - ---Executing GetUserToken() in UserService----
2022-10-27 11:01:12,169 [21] DEBUG LTCPro.ServiceLayer.Log4net - ---Executing GetUserToken() in UserService----
2022-10-27 11:01:12,170 [18] DEBUG LTCPro.ServiceLayer.Log4net - ---Executing GetFavouritesMasterData() in OrdersController----
2022-10-27 11:01:12,170 [18] DEBUG LTCPro.ServiceLayer.Log4net - ---Executing GetFavouritesMasterData() in OrdersService----
2022-10-27 11:01:12,171 [20] DEBUG LTCPro.ServiceLayer.Log4net - ---Executing GetUserToken() in UserService----
2022-10-27 11:01:12,174 [21] DEBUG LTCPro.ServiceLayer.Log4net - ---Executing GetOrderStockDetails() in OrdersController----
2022-10-27 11:01:12,174 [21] DEBUG LTCPro.ServiceLayer.Log4net - ---Executing GetOrderStockDetails() in OrdersService----
2022-10-27 11:01:12,177 [20] DEBUG LTCPro.ServiceLayer.Log4net - ---Executing GetNurseNotes() in OrdersController----
2022-10-27 11:01:12,178 [20] DEBUG LTCPro.ServiceLayer.Log4net - ---Executing GetNurseNotes() in OrdersService----
2022-10-27 11:01:12,184 [18] DEBUG LTCPro.ServiceLayer.Log4net - ---Executed Successfully GetFavouritesMasterData() in OrdersController----
2022-10-27 11:01:12,213 [21] DEBUG LTCPro.ServiceLayer.Log4net - ---Executed Successfully GetOrderStockDetails() in OrdersController----
2022-10-27 11:01:12,227 [20] DEBUG LTCPro.ServiceLayer.Log4net - ---Executed Successfully GetNurseNotes() in OrdersController----
2022-10-27 11:01:12,228 [6] DEBUG LTCPro.ServiceLayer.Log4net - ---Executing GetUserToken() in UserService----
2022-10-27 11:01:12,233 [6] DEBUG LTCPro.ServiceLayer.Log4net - ---Executing GetPhysicianDropData() in OrdersController----
2022-10-27 11:01:12,233 [6] DEBUG LTCPro.ServiceLayer.Log4net - ---Executing GetPhysicianDropData() in OrdersService----
2022-10-27 11:01:12,245 [6] DEBUG LTCPro.ServiceLayer.Log4net - ---Executed Successfully GetPhysicianDropData() in OrdersController----
2022-10-27 11:01:16,764 [22] DEBUG LTCPro.ServiceLayer.Log4net - ---Executing GetUserToken() in UserService----
2022-10-27 11:01:16,769 [22] DEBUG LTCPro.ServiceLayer.Log4net - ---Executing GetOrdersData() in OrdersController----
2022-10-27 11:01:16,769 [22] DEBUG LTCPro.ServiceLayer.Log4net - ---Executing GetOrdersData() in OrdersService----
2022-10-27 11:01:16,810 [22] DEBUG LTCPro.ServiceLayer.Log4net - ---Executed Successfully GetOrdersData() in OrdersController----
2022-10-27 11:01:17,060 [14] DEBUG LTCPro.ServiceLayer.Log4net - ---Executing GetUserToken() in UserService----
2022-10-27 11:01:17,158 [14] DEBUG LTCPro.ServiceLayer.Log4net - ---Executing GetFavouritesMasterData() in OrdersController----
2022-10-27 11:01:17,158 [14] DEBUG LTCPro.ServiceLayer.Log4net - ---Executing GetFavouritesMasterData() in OrdersService----
2022-10-27 11:01:17,165 [14] DEBUG LTCPro.ServiceLayer.Log4net - ---Executed Successfully GetFavouritesMasterData() in OrdersController----
2022-10-27 11:01:17,167 [5] DEBUG LTCPro.ServiceLayer.Log4net - ---Executing GetUserToken() in UserService----
2022-10-27 11:01:17,172 [5] DEBUG LTCPro.ServiceLayer.Log4net - ---Executing GetOrderStockDetails() in OrdersController----
2022-10-27 11:01:17,172 [5] DEBUG LTCPro.ServiceLayer.Log4net - ---Executing GetOrderStockDetails() in OrdersService----
2022-10-27 11:01:17,176 [5] DEBUG LTCPro.ServiceLayer.Log4net - ---Executed Successfully GetOrderStockDetails() in OrdersController----
2022-10-27 11:01:17,183 [17] DEBUG LTCPro.ServiceLayer.Log4net - ---Executing GetUserToken() in UserService----
2022-10-27 11:01:17,187 [17] DEBUG LTCPro.ServiceLayer.Log4net - ---Executing GetPhysicianDropData() in OrdersController----
2022-10-27 11:01:17,187 [17] DEBUG LTCPro.ServiceLayer.Log4net - ---Executing GetPhysicianDropData() in OrdersService----
2022-10-27 11:01:17,257 [22] DEBUG LTCPro.ServiceLayer.Log4net - ---Executing GetUserToken() in UserService----
2022-10-27 11:01:17,263 [22] DEBUG LTCPro.ServiceLayer.Log4net - ---Executing GetNurseNotes() in OrdersController----
2022-10-27 11:01:17,263 [22] DEBUG LTCPro.ServiceLayer.Log4net - ---Executing GetNurseNotes() in OrdersService----
2022-10-27 11:01:17,308 [22] DEBUG LTCPro.ServiceLayer.Log4net - ---Executed Successfully GetNurseNotes() in OrdersController----
2022-10-27 11:01:17,538 [17] DEBUG LTCPro.ServiceLayer.Log4net - ---Executed Successfully GetPhysicianDropData() in OrdersController----
2022-10-27 11:01:23,176 [22] DEBUG LTCPro.ServiceLayer.Log4net - ---Executing GetUserToken() in UserService----
2022-10-27 11:01:23,183 [22] DEBUG LTCPro.ServiceLayer.Log4net - ---Executing GetOrdersData() in OrdersController----
2022-10-27 11:01:23,183 [22] DEBUG LTCPro.ServiceLayer.Log4net - ---Executing GetOrdersData() in OrdersService----
2022-10-27 11:01:23,215 [22] DEBUG LTCPro.ServiceLayer.Log4net - ---Executed Successfully GetOrdersData() in OrdersController----
2022-10-27 11:01:23,295 [22] DEBUG LTCPro.ServiceLayer.Log4net - ---Executing GetUserToken() in UserService----
2022-10-27 11:01:23,350 [22] DEBUG LTCPro.ServiceLayer.Log4net - ---Executing GetDrFirstFlagForCompanyByNSId() in CompanyController----
2022-10-27 11:01:23,350 [22] DEBUG LTCPro.ServiceLayer.Log4net - ---Executing GetDrFirstFlagForCompanyByNSId() in CompanyService----
2022-10-27 11:01:23,373 [22] DEBUG LTCPro.ServiceLayer.Log4net - ---Executed Successfully GetDrFirstFlagForCompanyByNSId() in CompanyController----
2022-10-27 11:01:23,479 [20] DEBUG LTCPro.ServiceLayer.Log4net - ---Executing GetUserToken() in UserService----
2022-10-27 11:01:23,489 [20] DEBUG LTCPro.ServiceLayer.Log4net - ---Executing GetFavouritesMasterData() in OrdersController----
2022-10-27 11:01:23,489 [20] DEBUG LTCPro.ServiceLayer.Log4net - ---Executing GetFavouritesMasterData() in OrdersService----
2022-10-27 11:01:23,500 [20] DEBUG LTCPro.ServiceLayer.Log4net - ---Executed Successfully GetFavouritesMasterData() in OrdersController----
2022-10-27 11:01:23,519 [6] DEBUG LTCPro.ServiceLayer.Log4net - ---Executing GetUserToken() in UserService----
2022-10-27 11:01:23,529 [6] DEBUG LTCPro.ServiceLayer.Log4net - ---Executing GetOrderStockDetails() in OrdersController----
2022-10-27 11:01:23,529 [6] DEBUG LTCPro.ServiceLayer.Log4net - ---Executing GetOrderStockDetails() in OrdersService----
2022-10-27 11:01:23,536 [6] DEBUG LTCPro.ServiceLayer.Log4net - ---Executed Successfully GetOrderStockDetails() in OrdersController----
2022-10-27 11:01:23,566 [17] DEBUG LTCPro.ServiceLayer.Log4net - ---Executing GetUserToken() in UserService----
2022-10-27 11:01:23,570 [17] DEBUG LTCPro.ServiceLayer.Log4net - ---Executing GetPhysicianDropData() in OrdersController----
2022-10-27 11:01:23,570 [17] DEBUG LTCPro.ServiceLayer.Log4net - ---Executing GetPhysicianDropData() in OrdersService----
2022-10-27 11:01:23,581 [17] DEBUG LTCPro.ServiceLayer.Log4net - ---Executed Successfully GetPhysicianDropData() in OrdersController----
2022-10-27 11:01:23,759 [22] DEBUG LTCPro.ServiceLayer.Log4net - ---Executing GetUserToken() in UserService----
2022-10-27 11:01:23,764 [22] DEBUG LTCPro.ServiceLayer.Log4net - ---Executing GetNurseNotes() in OrdersController----
2022-10-27 11:01:23,764 [22] DEBUG LTCPro.ServiceLayer.Log4net - ---Executing GetNurseNotes() in OrdersService----
2022-10-27 11:01:23,786 [22] DEBUG LTCPro.ServiceLayer.Log4net - ---Executed Successfully GetNurseNotes() in OrdersController----
2022-10-27 11:01:31,337 [18] DEBUG LTCPro.ServiceLayer.Log4net - ---Executing GetUserToken() in UserService----
2022-10-27 11:01:31,343 [18] DEBUG LTCPro.ServiceLayer.Log4net - ---Executing GetOrdersData() in OrdersController----
2022-10-27 11:01:31,343 [18] DEBUG LTCPro.ServiceLayer.Log4net - ---Executing GetOrdersData() in OrdersService----
2022-10-27 11:01:31,407 [18] DEBUG LTCPro.ServiceLayer.Log4net - ---Executed Successfully GetOrdersData() in OrdersController----
2022-10-27 11:01:31,646 [6] DEBUG LTCPro.ServiceLayer.Log4net - ---Executing GetUserToken() in UserService----
2022-10-27 11:01:31,651 [6] DEBUG LTCPro.ServiceLayer.Log4net - ---Executing GetOrderStockDetails() in OrdersController----
2022-10-27 11:01:31,652 [6] DEBUG LTCPro.ServiceLayer.Log4net - ---Executing GetOrderStockDetails() in OrdersService----
2022-10-27 11:01:31,656 [6] DEBUG LTCPro.ServiceLayer.Log4net - ---Executed Successfully GetOrderStockDetails() in OrdersController----
2022-10-27 11:01:31,664 [22] DEBUG LTCPro.ServiceLayer.Log4net - ---Executing GetUserToken() in UserService----
2022-10-27 11:01:31,671 [22] DEBUG LTCPro.ServiceLayer.Log4net - ---Executing GetFavouritesMasterData() in OrdersController----
2022-10-27 11:01:31,672 [22] DEBUG LTCPro.ServiceLayer.Log4net - ---Executing GetFavouritesMasterData() in OrdersService----
2022-10-27 11:01:31,672 [20] DEBUG LTCPro.ServiceLayer.Log4net - ---Executing GetUserToken() in UserService----
2022-10-27 11:01:31,677 [20] DEBUG LTCPro.ServiceLayer.Log4net - ---Executing GetPhysicianDropData() in OrdersController----
2022-10-27 11:01:31,677 [20] DEBUG LTCPro.ServiceLayer.Log4net - ---Executing GetPhysicianDropData() in OrdersService----
2022-10-27 11:01:31,679 [22] DEBUG LTCPro.ServiceLayer.Log4net - ---Executed Successfully GetFavouritesMasterData() in OrdersController----
2022-10-27 11:01:31,690 [20] DEBUG LTCPro.ServiceLayer.Log4net - ---Executed Successfully GetPhysicianDropData() in OrdersController----
2022-10-27 11:01:31,748 [14] DEBUG LTCPro.ServiceLayer.Log4net - ---Executing GetUserToken() in UserService----
2022-10-27 11:01:31,753 [14] DEBUG LTCPro.ServiceLayer.Log4net - ---Executing GetNurseNotes() in OrdersController----
2022-10-27 11:01:31,753 [14] DEBUG LTCPro.ServiceLayer.Log4net - ---Executing GetNurseNotes() in OrdersService----
2022-10-27 11:01:31,777 [14] DEBUG LTCPro.ServiceLayer.Log4net - ---Executed Successfully GetNurseNotes() in OrdersController----
2022-10-27 11:01:34,356 [18] DEBUG LTCPro.ServiceLayer.Log4net - ---Executing GetUserToken() in UserService----
2022-10-27 11:01:34,361 [18] DEBUG LTCPro.ServiceLayer.Log4net - ---Executing InsertUserActivityDetails() in CompanyController----
2022-10-27 11:01:34,361 [18] DEBUG LTCPro.ServiceLayer.Log4net - ---Executing InsertUserActivityDetails() in UserActivityService----
2022-10-27 11:01:34,550 [20] DEBUG LTCPro.ServiceLayer.Log4net - ---Executing GetUserToken() in UserService----
2022-10-27 11:01:34,554 [20] DEBUG LTCPro.ServiceLayer.Log4net - ---Executing GetUserRecentFacNs() in UserController----
2022-10-27 11:01:34,554 [20] DEBUG LTCPro.ServiceLayer.Log4net - ---Executing GetUserRecentFacNs() in UserService----
2022-10-27 11:01:34,555 [18] DEBUG LTCPro.ServiceLayer.Log4net - ---Executed Successfully InsertUserActivityDetails() in CompanyController----
2022-10-27 11:01:34,562 [20] DEBUG LTCPro.ServiceLayer.Log4net - ---Executed Successfully GetUserRecentFacNs() in UserController----
2022-10-27 11:01:34,579 [20] DEBUG LTCPro.ServiceLayer.Log4net - ---Executing GetUserToken() in UserService----
2022-10-27 11:01:34,583 [20] DEBUG LTCPro.ServiceLayer.Log4net - ---Executing GetUserAccessFacilityNurseStaions() in FacilityController----
2022-10-27 11:01:34,583 [20] DEBUG LTCPro.ServiceLayer.Log4net - ---Executing GetUserAccessFacilityNurseStaions() in FacilityService----
2022-10-27 11:01:34,592 [20] DEBUG LTCPro.ServiceLayer.Log4net - ---Executed Successfully GetUserAccessFacilityNurseStaions() in FacilityController----
2022-10-27 11:01:34,619 [20] DEBUG LTCPro.ServiceLayer.Log4net - ---Executing GetUserToken() in UserService----
2022-10-27 11:01:34,623 [20] DEBUG LTCPro.ServiceLayer.Log4net - ---Executing UserNurseStationDrop() in FacilityController----
2022-10-27 11:01:34,623 [20] DEBUG LTCPro.ServiceLayer.Log4net - ---Executing UserNurseStationDrop() in FacilityService----
2022-10-27 11:01:34,628 [20] DEBUG LTCPro.ServiceLayer.Log4net - ---Executed Successfully UserNurseStationDrop() in FacilityController----
2022-10-27 11:01:34,664 [21] DEBUG LTCPro.ServiceLayer.Log4net - ---Executing GetUserToken() in UserService----
2022-10-27 11:01:34,713 [14] DEBUG LTCPro.ServiceLayer.Log4net - ---Executing GetUserToken() in UserService----
2022-10-27 11:01:34,715 [21] DEBUG LTCPro.ServiceLayer.Log4net - ---Executing GetCompanyToBedFlagByFacId() in FacilityController----
2022-10-27 11:01:34,716 [21] DEBUG LTCPro.ServiceLayer.Log4net - ---Executing GetCompanyToBedFlagByFacId() in FacilityService----
2022-10-27 11:01:34,721 [14] DEBUG LTCPro.ServiceLayer.Log4net - ---Executing GetSeventyTwoHourDetailsByfilter() in EMARController----
2022-10-27 11:01:34,721 [14] DEBUG LTCPro.ServiceLayer.Log4net - ---Executing GetSeventyTwoHourDetailsByfilter() in EmarService----
2022-10-27 11:01:34,810 [6] DEBUG LTCPro.ServiceLayer.Log4net - ---Executing GetUserToken() in UserService----
2022-10-27 11:01:34,887 [6] DEBUG LTCPro.ServiceLayer.Log4net - ---Executing OrderEndingSoonStatus() in OrdersController----
2022-10-27 11:01:34,887 [6] DEBUG LTCPro.ServiceLayer.Log4net - ---Executing OrderEndingSoonStatus() in OrdersService----
2022-10-27 11:01:34,899 [22] DEBUG LTCPro.ServiceLayer.Log4net - ---Executing GetUserToken() in UserService----
2022-10-27 11:01:34,902 [5] DEBUG LTCPro.ServiceLayer.Log4net - ---Executing GetUserToken() in UserService----
2022-10-27 11:01:34,902 [21] DEBUG LTCPro.ServiceLayer.Log4net - ---Executed Successfully GetCompanyToBedFlagByFacId() in FacilityController----
2022-10-27 11:01:34,908 [22] DEBUG LTCPro.ServiceLayer.Log4net - ---Executing OrderEndingSoonStatus() in OrdersController----
2022-10-27 11:01:34,908 [22] DEBUG LTCPro.ServiceLayer.Log4net - ---Executing OrderEndingSoonStatus() in OrdersService----
2022-10-27 11:01:34,911 [5] DEBUG LTCPro.ServiceLayer.Log4net - ---Executing GetOrdersEndingSoon() in OrdersController----
2022-10-27 11:01:34,911 [5] DEBUG LTCPro.ServiceLayer.Log4net - ---Executing GetOrdersEndingSoon() in OrdersService----
2022-10-27 11:01:34,913 [6] DEBUG LTCPro.ServiceLayer.Log4net - ---Executed Successfully OrderEndingSoonStatus() in OrdersController----
2022-10-27 11:01:34,927 [22] DEBUG LTCPro.ServiceLayer.Log4net - ---Executed Successfully OrderEndingSoonStatus() in OrdersController----
2022-10-27 11:01:34,943 [21] DEBUG LTCPro.ServiceLayer.Log4net - ---Executing GetUserToken() in UserService----
2022-10-27 11:01:34,960 [21] DEBUG LTCPro.ServiceLayer.Log4net - ---Executing GetPRNDetailsByfilter() in EMARController----
2022-10-27 11:01:34,962 [20] DEBUG LTCPro.ServiceLayer.Log4net - ---Executing GetUserToken() in UserService----
2022-10-27 11:01:34,962 [21] DEBUG LTCPro.ServiceLayer.Log4net - ---Executing GetPRNDetailsByfilter() in EmarService----
2022-10-27 11:01:34,978 [20] DEBUG LTCPro.ServiceLayer.Log4net - ---Executing GetNurseStationHierarchyDetailsbyNsId() in CompanyController----
2022-10-27 11:01:34,978 [20] DEBUG LTCPro.ServiceLayer.Log4net - ---Executing GetNurseStationHierarchyDetailsbyNsId() in CompanyService----
2022-10-27 11:01:34,984 [5] DEBUG LTCPro.ServiceLayer.Log4net - ---Executed Successfully GetOrdersEndingSoon() in OrdersController----
2022-10-27 11:01:34,987 [20] DEBUG LTCPro.ServiceLayer.Log4net - ---Executed Successfully GetNurseStationHierarchyDetailsbyNsId() in CompanyController----
2022-10-27 11:01:34,998 [18] DEBUG LTCPro.ServiceLayer.Log4net - ---Executing GetUserToken() in UserService----
2022-10-27 11:01:35,023 [18] DEBUG LTCPro.ServiceLayer.Log4net - ---Executing GetOrdersGridData() in OrdersController----
2022-10-27 11:01:35,023 [18] DEBUG LTCPro.ServiceLayer.Log4net - ---Executing GetOrdersGridData() in OrdersService----
2022-10-27 11:01:35,149 [18] DEBUG LTCPro.ServiceLayer.Log4net - ---Executed Successfully GetOrdersGridData() in OrdersController----
2022-10-27 11:01:35,186 [21] DEBUG LTCPro.ServiceLayer.Log4net - ---Executed Successfully GetPRNDetailsByfilter() in EMARController----
2022-10-27 11:01:35,242 [14] DEBUG LTCPro.ServiceLayer.Log4net - ---Executed Successfully GetSeventyTwoHourDetailsByfilter() in EMARController----
2022-10-27 11:01:35,454 [20] DEBUG LTCPro.ServiceLayer.Log4net - ---Executing GetUserToken() in UserService----
2022-10-27 11:01:35,458 [20] DEBUG LTCPro.ServiceLayer.Log4net - ---Executing GetPendingOrdersGridData() in OrdersController----
2022-10-27 11:01:35,458 [20] DEBUG LTCPro.ServiceLayer.Log4net - ---Executing GetPendingOrdersGridData() in OrdersService----
2022-10-27 11:01:35,843 [20] DEBUG LTCPro.ServiceLayer.Log4net - ---Executed Successfully GetPendingOrdersGridData() in OrdersController----
2022-10-27 11:01:43,297 [6] DEBUG LTCPro.ServiceLayer.Log4net - ---Executing GetUserToken() in UserService----
2022-10-27 11:01:43,302 [6] DEBUG LTCPro.ServiceLayer.Log4net - ---Executing GetOrdersGridDataByPatientId() in OrdersController----
2022-10-27 11:01:43,302 [6] DEBUG LTCPro.ServiceLayer.Log4net - ---Executing GetOrdersGridDataByPatientId() in OrdersService----
2022-10-27 11:01:43,357 [6] DEBUG LTCPro.ServiceLayer.Log4net - ---Executed Successfully GetOrdersGridDataByPatientId() in OrdersController----
2022-10-27 11:01:47,175 [20] DEBUG LTCPro.ServiceLayer.Log4net - ---Executing GetUserToken() in UserService----
2022-10-27 11:01:47,180 [20] DEBUG LTCPro.ServiceLayer.Log4net - ---Executing GetFacilityNSResidentsDataByPId() in ResidentDemographicController----
2022-10-27 11:01:47,180 [20] DEBUG LTCPro.ServiceLayer.Log4net - ---Executing GetFacilityNSResidentsDataByPId() in ResidentDemographicService----
2022-10-27 11:01:47,213 [20] DEBUG LTCPro.ServiceLayer.Log4net - ---Executed Successfully GetFacilityNSResidentsDataByPId() in ResidentDemographicController----
2022-10-27 11:01:47,365 [6] DEBUG LTCPro.ServiceLayer.Log4net - ---Executing GetUserToken() in UserService----
2022-10-27 11:01:47,369 [6] DEBUG LTCPro.ServiceLayer.Log4net - ---Executing GetNurseNotes() in OrdersController----
2022-10-27 11:01:47,369 [6] DEBUG LTCPro.ServiceLayer.Log4net - ---Executing GetNurseNotes() in OrdersService----
2022-10-27 11:01:47,388 [6] DEBUG LTCPro.ServiceLayer.Log4net - ---Executed Successfully GetNurseNotes() in OrdersController----
2022-10-27 11:01:47,491 [18] DEBUG LTCPro.ServiceLayer.Log4net - ---Executing GetUserToken() in UserService----
2022-10-27 11:01:47,497 [18] DEBUG LTCPro.ServiceLayer.Log4net - ---Executing GetAllBarcodes() in StockEkitController----
2022-10-27 11:01:47,497 [18] DEBUG LTCPro.ServiceLayer.Log4net - ---Executing GetAllBarcodes() in StockEkitService----
2022-10-27 11:01:47,505 [17] DEBUG LTCPro.ServiceLayer.Log4net - ---Executing GetUserToken() in UserService----
2022-10-27 11:01:47,510 [17] DEBUG LTCPro.ServiceLayer.Log4net - ---Executing GetDrFirstFlagForCompanyByNSId() in CompanyController----
2022-10-27 11:01:47,510 [17] DEBUG LTCPro.ServiceLayer.Log4net - ---Executing GetDrFirstFlagForCompanyByNSId() in CompanyService----
2022-10-27 11:01:47,516 [21] DEBUG LTCPro.ServiceLayer.Log4net - ---Executing GetUserToken() in UserService----
2022-10-27 11:01:47,518 [18] DEBUG LTCPro.ServiceLayer.Log4net - ---Executed Successfully GetAllBarcodes() in StockEkitController----
2022-10-27 11:01:47,521 [17] DEBUG LTCPro.ServiceLayer.Log4net - ---Executed Successfully GetDrFirstFlagForCompanyByNSId() in CompanyController----
2022-10-27 11:01:47,527 [21] DEBUG LTCPro.ServiceLayer.Log4net - ---Executing GetResidentInformation() in ResidentDemographicController----
2022-10-27 11:01:47,527 [21] DEBUG LTCPro.ServiceLayer.Log4net - ---Executing GetResidentInformation() in ResidentDemographicService----
2022-10-27 11:01:47,653 [21] DEBUG LTCPro.ServiceLayer.Log4net - ---Executed Successfully GetResidentInformation() in ResidentDemographicController----
2022-10-27 11:01:47,725 [14] DEBUG LTCPro.ServiceLayer.Log4net - ---Executing GetUserToken() in UserService----
2022-10-27 11:01:47,726 [20] DEBUG LTCPro.ServiceLayer.Log4net - ---Executing GetUserToken() in UserService----
2022-10-27 11:01:47,730 [14] DEBUG LTCPro.ServiceLayer.Log4net - ---Executing GetPhysicianDropData() in OrdersController----
2022-10-27 11:01:47,730 [14] DEBUG LTCPro.ServiceLayer.Log4net - ---Executing GetPhysicianDropData() in OrdersService----
2022-10-27 11:01:47,737 [7] DEBUG LTCPro.ServiceLayer.Log4net - ---Executing GetUserToken() in UserService----
2022-10-27 11:01:47,745 [20] DEBUG LTCPro.ServiceLayer.Log4net - ---Executing GetPatientType() in ResidentDemographicController----
2022-10-27 11:01:47,745 [20] DEBUG LTCPro.ServiceLayer.Log4net - ---Executing GetPatientType() in EmarService----
2022-10-27 11:01:47,745 [6] DEBUG LTCPro.ServiceLayer.Log4net - ---Executing GetUserToken() in UserService----
2022-10-27 11:01:47,746 [7] DEBUG LTCPro.ServiceLayer.Log4net - ---Executing GetDrFirstOrderCheck() in DrFirstIntegrationController----
2022-10-27 11:01:47,746 [7] DEBUG LTCPro.ServiceLayer.Log4net - ---Executing GetDrFirstOrderCheck() in DrFirstIntegrationService----
2022-10-27 11:01:47,749 [14] DEBUG LTCPro.ServiceLayer.Log4net - ---Executed Successfully GetPhysicianDropData() in OrdersController----
2022-10-27 11:01:47,770 [6] DEBUG LTCPro.ServiceLayer.Log4net - ---Executing GetOrderRoutes() in OrdersController----
2022-10-27 11:01:47,770 [6] DEBUG LTCPro.ServiceLayer.Log4net - ---Executing GetOrderRoutes() in OrdersService----
2022-10-27 11:01:47,772 [20] DEBUG LTCPro.ServiceLayer.Log4net - ---Executed Successfully GetPatientType() in ResidentDemographicController----
2022-10-27 11:01:47,803 [7] DEBUG LTCPro.ServiceLayer.Log4net - ---Executed Successfully GetDrFirstOrderCheck() in DrFirstIntegrationController----
2022-10-27 11:01:47,819 [6] DEBUG LTCPro.ServiceLayer.Log4net - ---Executed Successfully GetOrderRoutes() in OrdersController----
2022-10-27 11:01:48,015 [18] DEBUG LTCPro.ServiceLayer.Log4net - ---Executing GetUserToken() in UserService----
2022-10-27 11:01:48,016 [21] DEBUG LTCPro.ServiceLayer.Log4net - ---Executing GetUserToken() in UserService----
2022-10-27 11:01:48,020 [18] DEBUG LTCPro.ServiceLayer.Log4net - ---Executing GetDiagnosisDetails() in OrdersController----
2022-10-27 11:01:48,020 [21] DEBUG LTCPro.ServiceLayer.Log4net - ---Executing GetOrderGridData() in OrdersController----
2022-10-27 11:01:48,020 [21] DEBUG LTCPro.ServiceLayer.Log4net - ---Executing GetOrderGridData() in OrdersService----
2022-10-27 11:01:48,020 [18] DEBUG LTCPro.ServiceLayer.Log4net - ---Executing GetDiagnosisDetails() in OrdersService----
2022-10-27 11:01:48,030 [18] DEBUG LTCPro.ServiceLayer.Log4net - ---Executed Successfully GetDiagnosisDetails() in OrdersController----
2022-10-27 11:01:48,065 [21] DEBUG LTCPro.ServiceLayer.Log4net - ---Executed Successfully GetOrderGridData() in OrdersController----
2022-10-27 11:01:48,101 [6] DEBUG LTCPro.ServiceLayer.Log4net - ---Executing GetUserToken() in UserService----
2022-10-27 11:01:48,130 [6] DEBUG LTCPro.ServiceLayer.Log4net - ---Executing GetAllBarcodes() in StockEkitController----
2022-10-27 11:01:48,130 [6] DEBUG LTCPro.ServiceLayer.Log4net - ---Executing GetAllBarcodes() in StockEkitService----
2022-10-27 11:01:48,136 [6] DEBUG LTCPro.ServiceLayer.Log4net - ---Executed Successfully GetAllBarcodes() in StockEkitController----
2022-10-27 11:01:48,313 [22] DEBUG LTCPro.ServiceLayer.Log4net - ---Executing GetUserToken() in UserService----
2022-10-27 11:01:48,317 [22] DEBUG LTCPro.ServiceLayer.Log4net - ---Executing GetOrdersData() in OrdersController----
2022-10-27 11:01:48,317 [22] DEBUG LTCPro.ServiceLayer.Log4net - ---Executing GetOrdersData() in OrdersService----
2022-10-27 11:01:48,321 [17] DEBUG LTCPro.ServiceLayer.Log4net - ---Executing GetUserToken() in UserService----
2022-10-27 11:01:48,326 [17] DEBUG LTCPro.ServiceLayer.Log4net - ---Executing GetOrderGridData() in OrdersController----
2022-10-27 11:01:48,326 [17] DEBUG LTCPro.ServiceLayer.Log4net - ---Executing GetOrderGridData() in OrdersService----
2022-10-27 11:01:48,339 [22] DEBUG LTCPro.ServiceLayer.Log4net - ---Executed Successfully GetOrdersData() in OrdersController----
2022-10-27 11:01:48,445 [17] DEBUG LTCPro.ServiceLayer.Log4net - ---Executed Successfully GetOrderGridData() in OrdersController----
2022-10-27 11:01:48,635 [18] DEBUG LTCPro.ServiceLayer.Log4net - ---Executing GetUserToken() in UserService----
2022-10-27 11:01:48,735 [18] DEBUG LTCPro.ServiceLayer.Log4net - ---Executing GetOrderStockDetails() in OrdersController----
2022-10-27 11:01:48,735 [18] DEBUG LTCPro.ServiceLayer.Log4net - ---Executing GetOrderStockDetails() in OrdersService----
2022-10-27 11:01:48,767 [18] DEBUG LTCPro.ServiceLayer.Log4net - ---Executed Successfully GetOrderStockDetails() in OrdersController----
2022-10-27 11:01:48,772 [6] DEBUG LTCPro.ServiceLayer.Log4net - ---Executing GetUserToken() in UserService----
2022-10-27 11:01:48,779 [6] DEBUG LTCPro.ServiceLayer.Log4net - ---Executing GetFavouritesMasterData() in OrdersController----
2022-10-27 11:01:48,779 [6] DEBUG LTCPro.ServiceLayer.Log4net - ---Executing GetFavouritesMasterData() in OrdersService----
2022-10-27 11:01:48,789 [20] DEBUG LTCPro.ServiceLayer.Log4net - ---Executing GetUserToken() in UserService----
2022-10-27 11:01:48,795 [20] DEBUG LTCPro.ServiceLayer.Log4net - ---Executing GetPhysicianDropData() in OrdersController----
2022-10-27 11:01:48,795 [20] DEBUG LTCPro.ServiceLayer.Log4net - ---Executing GetPhysicianDropData() in OrdersService----
2022-10-27 11:01:48,818 [6] DEBUG LTCPro.ServiceLayer.Log4net - ---Executed Successfully GetFavouritesMasterData() in OrdersController----
2022-10-27 11:01:48,824 [20] DEBUG LTCPro.ServiceLayer.Log4net - ---Executed Successfully GetPhysicianDropData() in OrdersController----
2022-10-27 11:01:48,843 [14] DEBUG LTCPro.ServiceLayer.Log4net - ---Executing GetUserToken() in UserService----
2022-10-27 11:01:48,848 [14] DEBUG LTCPro.ServiceLayer.Log4net - ---Executing GetNurseNotes() in OrdersController----
2022-10-27 11:01:48,848 [14] DEBUG LTCPro.ServiceLayer.Log4net - ---Executing GetNurseNotes() in OrdersService----
2022-10-27 11:01:48,871 [14] DEBUG LTCPro.ServiceLayer.Log4net - ---Executed Successfully GetNurseNotes() in OrdersController----
2022-10-27 11:01:56,832 [6] DEBUG LTCPro.ServiceLayer.Log4net - ---Executing GetUserToken() in UserService----
2022-10-27 11:01:56,837 [6] DEBUG LTCPro.ServiceLayer.Log4net - ---Executing GetOrdersData() in OrdersController----
2022-10-27 11:01:56,837 [6] DEBUG LTCPro.ServiceLayer.Log4net - ---Executing GetOrdersData() in OrdersService----
2022-10-27 11:01:56,951 [6] DEBUG LTCPro.ServiceLayer.Log4net - ---Executed Successfully GetOrdersData() in OrdersController----
2022-10-27 11:01:57,405 [5] DEBUG LTCPro.ServiceLayer.Log4net - ---Executing GetUserToken() in UserService----
2022-10-27 11:01:57,413 [5] DEBUG LTCPro.ServiceLayer.Log4net - ---Executing GetOrdersData() in OrdersController----
2022-10-27 11:01:57,413 [5] DEBUG LTCPro.ServiceLayer.Log4net - ---Executing GetOrdersData() in OrdersService----
2022-10-27 11:01:57,560 [18] DEBUG LTCPro.ServiceLayer.Log4net - ---Executing GetUserToken() in UserService----
2022-10-27 11:01:57,563 [5] DEBUG LTCPro.ServiceLayer.Log4net - ---Executed Successfully GetOrdersData() in OrdersController----
2022-10-27 11:01:57,568 [18] DEBUG LTCPro.ServiceLayer.Log4net - ---Executing GetPhysicianDropData() in OrdersController----
2022-10-27 11:01:57,568 [18] DEBUG LTCPro.ServiceLayer.Log4net - ---Executing GetPhysicianDropData() in OrdersService----
2022-10-27 11:01:57,573 [6] DEBUG LTCPro.ServiceLayer.Log4net - ---Executing GetUserToken() in UserService----
2022-10-27 11:01:57,590 [6] DEBUG LTCPro.ServiceLayer.Log4net - ---Executing GetFavouritesMasterData() in OrdersController----
2022-10-27 11:01:57,590 [6] DEBUG LTCPro.ServiceLayer.Log4net - ---Executing GetFavouritesMasterData() in OrdersService----
2022-10-27 11:01:57,595 [20] DEBUG LTCPro.ServiceLayer.Log4net - ---Executing GetUserToken() in UserService----
2022-10-27 11:01:57,595 [18] DEBUG LTCPro.ServiceLayer.Log4net - ---Executed Successfully GetPhysicianDropData() in OrdersController----
2022-10-27 11:01:57,613 [20] DEBUG LTCPro.ServiceLayer.Log4net - ---Executing GetOrderStockDetails() in OrdersController----
2022-10-27 11:01:57,614 [20] DEBUG LTCPro.ServiceLayer.Log4net - ---Executing GetOrderStockDetails() in OrdersService----
2022-10-27 11:01:57,664 [20] DEBUG LTCPro.ServiceLayer.Log4net - ---Executed Successfully GetOrderStockDetails() in OrdersController----
2022-10-27 11:01:57,781 [6] DEBUG LTCPro.ServiceLayer.Log4net - ---Executed Successfully GetFavouritesMasterData() in OrdersController----
2022-10-27 11:01:57,796 [22] DEBUG LTCPro.ServiceLayer.Log4net - ---Executing GetUserToken() in UserService----
2022-10-27 11:01:57,833 [7] DEBUG LTCPro.ServiceLayer.Log4net - ---Executing GetUserToken() in UserService----
2022-10-27 11:01:57,859 [22] DEBUG LTCPro.ServiceLayer.Log4net - ---Executing GetNurseNotes() in OrdersController----
2022-10-27 11:01:57,859 [22] DEBUG LTCPro.ServiceLayer.Log4net - ---Executing GetNurseNotes() in OrdersService----
2022-10-27 11:01:57,862 [19] DEBUG LTCPro.ServiceLayer.Log4net - ---Executing GetUserToken() in UserService----
2022-10-27 11:01:57,864 [7] DEBUG LTCPro.ServiceLayer.Log4net - ---Executing GetFavouritesMasterData() in OrdersController----
2022-10-27 11:01:57,864 [7] DEBUG LTCPro.ServiceLayer.Log4net - ---Executing GetFavouritesMasterData() in OrdersService----
2022-10-27 11:01:57,894 [19] DEBUG LTCPro.ServiceLayer.Log4net - ---Executing GetOrderStockDetails() in OrdersController----
2022-10-27 11:01:57,894 [19] DEBUG LTCPro.ServiceLayer.Log4net - ---Executing GetOrderStockDetails() in OrdersService----
2022-10-27 11:01:57,898 [7] DEBUG LTCPro.ServiceLayer.Log4net - ---Executed Successfully GetFavouritesMasterData() in OrdersController----
2022-10-27 11:01:57,938 [19] DEBUG LTCPro.ServiceLayer.Log4net - ---Executed Successfully GetOrderStockDetails() in OrdersController----
2022-10-27 11:01:57,978 [22] DEBUG LTCPro.ServiceLayer.Log4net - ---Executed Successfully GetNurseNotes() in OrdersController----
2022-10-27 11:01:58,010 [5] DEBUG LTCPro.ServiceLayer.Log4net - ---Executing GetUserToken() in UserService----
2022-10-27 11:01:58,022 [14] DEBUG LTCPro.ServiceLayer.Log4net - ---Executing GetUserToken() in UserService----
2022-10-27 11:01:58,033 [5] DEBUG LTCPro.ServiceLayer.Log4net - ---Executing GetPhysicianDropData() in OrdersController----
2022-10-27 11:01:58,034 [5] DEBUG LTCPro.ServiceLayer.Log4net - ---Executing GetPhysicianDropData() in OrdersService----
2022-10-27 11:01:58,034 [14] DEBUG LTCPro.ServiceLayer.Log4net - ---Executing GetNurseNotes() in OrdersController----
2022-10-27 11:01:58,034 [14] DEBUG LTCPro.ServiceLayer.Log4net - ---Executing GetNurseNotes() in OrdersService----
2022-10-27 11:01:58,045 [5] DEBUG LTCPro.ServiceLayer.Log4net - ---Executed Successfully GetPhysicianDropData() in OrdersController----
2022-10-27 11:01:58,065 [14] DEBUG LTCPro.ServiceLayer.Log4net - ---Executed Successfully GetNurseNotes() in OrdersController----
2022-10-27 11:02:14,679 [20] DEBUG LTCPro.ServiceLayer.Log4net - ---Executing GetUserToken() in UserService----
2022-10-27 11:02:14,741 [20] DEBUG LTCPro.ServiceLayer.Log4net - ---Executing InsertUpdateApprovalRefill() in AdminApprovalController----
2022-10-27 11:02:14,773 [20] DEBUG LTCPro.ServiceLayer.Log4net - ---Executing InsertUpdateApprovalRefill() in AdminApprovalService----
2022-10-27 11:02:15,201 [20] DEBUG LTCPro.ServiceLayer.Log4net - ---Executing GenerateOutboundFile() Refill in AdminApprovalService----
2022-10-27 11:02:15,212 [20] DEBUG LTCPro.ServiceLayer.Log4net - ---Generating OutboundFile Refill in AdminApprovalService----
2022-10-27 11:02:15,299 [20] DEBUG LTCPro.ServiceLayer.Log4net - ---Generated OutboundFile Download Start D:/Promantra/OutboundLive/Pending//Refill_10272022083052.hl7 in AdminApprovalService----
2022-10-27 11:02:15,366 [20] DEBUG LTCPro.ServiceLayer.Log4net - ---Generated OutboundFile Download Completed D:/Promantra/OutboundLive/Pending//Refill_10272022083052.hl7 in AdminApprovalService----
2022-10-27 11:02:15,366 [20] DEBUG LTCPro.ServiceLayer.Log4net - ---Executed GenerateOutboundFile() Refill in AdminApprovalService----
2022-10-27 11:02:15,414 [20] DEBUG LTCPro.ServiceLayer.Log4net - ---Executed Successfully InsertUpdateApprovalRefill() in AdminApprovalController----
2022-10-27 11:02:15,637 [20] DEBUG LTCPro.ServiceLayer.Log4net - ---Executing GetUserToken() in UserService----
2022-10-27 11:02:15,641 [20] DEBUG LTCPro.ServiceLayer.Log4net - ---Executing GetOrderGridData() in OrdersController----
2022-10-27 11:02:15,641 [20] DEBUG LTCPro.ServiceLayer.Log4net - ---Executing GetOrderGridData() in OrdersService----
2022-10-27 11:02:15,723 [20] DEBUG LTCPro.ServiceLayer.Log4net - ---Executed Successfully GetOrderGridData() in OrdersController----
2022-10-27 11:02:15,769 [6] DEBUG LTCPro.ServiceLayer.Log4net - ---Executing GetUserToken() in UserService----
2022-10-27 11:02:15,776 [6] DEBUG LTCPro.ServiceLayer.Log4net - ---Executing GetAllBarcodes() in StockEkitController----
2022-10-27 11:02:15,777 [6] DEBUG LTCPro.ServiceLayer.Log4net - ---Executing GetAllBarcodes() in StockEkitService----
2022-10-27 11:02:15,789 [6] DEBUG LTCPro.ServiceLayer.Log4net - ---Executed Successfully GetAllBarcodes() in StockEkitController----
2022-10-27 11:02:16,002 [19] DEBUG LTCPro.ServiceLayer.Log4net - ---Executing GetUserToken() in UserService----
2022-10-27 11:02:16,009 [19] DEBUG LTCPro.ServiceLayer.Log4net - ---Executing GetOrdersData() in OrdersController----
2022-10-27 11:02:16,009 [19] DEBUG LTCPro.ServiceLayer.Log4net - ---Executing GetOrdersData() in OrdersService----
2022-10-27 11:02:16,019 [5] DEBUG LTCPro.ServiceLayer.Log4net - ---Executing GetUserToken() in UserService----
2022-10-27 11:02:16,024 [5] DEBUG LTCPro.ServiceLayer.Log4net - ---Executing GetOrderGridData() in OrdersController----
2022-10-27 11:02:16,024 [5] DEBUG LTCPro.ServiceLayer.Log4net - ---Executing GetOrderGridData() in OrdersService----
2022-10-27 11:02:16,124 [19] DEBUG LTCPro.ServiceLayer.Log4net - ---Executed Successfully GetOrdersData() in OrdersController----
2022-10-27 11:02:16,435 [14] DEBUG LTCPro.ServiceLayer.Log4net - ---Executing GetUserToken() in UserService----
2022-10-27 11:02:16,441 [14] DEBUG LTCPro.ServiceLayer.Log4net - ---Executing GetFavouritesMasterData() in OrdersController----
2022-10-27 11:02:16,441 [14] DEBUG LTCPro.ServiceLayer.Log4net - ---Executing GetFavouritesMasterData() in OrdersService----
2022-10-27 11:02:16,447 [5] DEBUG LTCPro.ServiceLayer.Log4net - ---Executed Successfully GetOrderGridData() in OrdersController----
2022-10-27 11:02:16,463 [19] DEBUG LTCPro.ServiceLayer.Log4net - ---Executing GetUserToken() in UserService----
2022-10-27 11:02:16,465 [14] DEBUG LTCPro.ServiceLayer.Log4net - ---Executed Successfully GetFavouritesMasterData() in OrdersController----
2022-10-27 11:02:16,469 [19] DEBUG LTCPro.ServiceLayer.Log4net - ---Executing GetNurseNotes() in OrdersController----
2022-10-27 11:02:16,469 [19] DEBUG LTCPro.ServiceLayer.Log4net - ---Executing GetNurseNotes() in OrdersService----
2022-10-27 11:02:16,477 [20] DEBUG LTCPro.ServiceLayer.Log4net - ---Executing GetUserToken() in UserService----
2022-10-27 11:02:16,480 [17] DEBUG LTCPro.ServiceLayer.Log4net - ---Executing GetUserToken() in UserService----
2022-10-27 11:02:16,483 [20] DEBUG LTCPro.ServiceLayer.Log4net - ---Executing GetPhysicianDropData() in OrdersController----
2022-10-27 11:02:16,483 [20] DEBUG LTCPro.ServiceLayer.Log4net - ---Executing GetPhysicianDropData() in OrdersService----
2022-10-27 11:02:16,487 [17] DEBUG LTCPro.ServiceLayer.Log4net - ---Executing GetOrderStockDetails() in OrdersController----
2022-10-27 11:02:16,488 [17] DEBUG LTCPro.ServiceLayer.Log4net - ---Executing GetOrderStockDetails() in OrdersService----
2022-10-27 11:02:16,492 [17] DEBUG LTCPro.ServiceLayer.Log4net - ---Executed Successfully GetOrderStockDetails() in OrdersController----
2022-10-27 11:02:16,496 [20] DEBUG LTCPro.ServiceLayer.Log4net - ---Executed Successfully GetPhysicianDropData() in OrdersController----
2022-10-27 11:02:16,498 [19] DEBUG LTCPro.ServiceLayer.Log4net - ---Executed Successfully GetNurseNotes() in OrdersController----
2022-10-27 11:02:27,583 [20] DEBUG LTCPro.ServiceLayer.Log4net - ---Executing GetUserToken() in UserService----
2022-10-27 11:02:27,590 [20] DEBUG LTCPro.ServiceLayer.Log4net - ---Executing GetOrdersData() in OrdersController----
2022-10-27 11:02:27,590 [20] DEBUG LTCPro.ServiceLayer.Log4net - ---Executing GetOrdersData() in OrdersService----
2022-10-27 11:02:27,711 [20] DEBUG LTCPro.ServiceLayer.Log4net - ---Executed Successfully GetOrdersData() in OrdersController----
2022-10-27 11:02:27,996 [21] DEBUG LTCPro.ServiceLayer.Log4net - ---Executing GetUserToken() in UserService----
2022-10-27 11:02:28,113 [21] DEBUG LTCPro.ServiceLayer.Log4net - ---Executing GetOrderStockDetails() in OrdersController----
2022-10-27 11:02:28,113 [21] DEBUG LTCPro.ServiceLayer.Log4net - ---Executing GetOrderStockDetails() in OrdersService----
2022-10-27 11:02:28,115 [18] DEBUG LTCPro.ServiceLayer.Log4net - ---Executing GetUserToken() in UserService----
2022-10-27 11:02:28,121 [21] DEBUG LTCPro.ServiceLayer.Log4net - ---Executed Successfully GetOrderStockDetails() in OrdersController----
2022-10-27 11:02:28,124 [22] DEBUG LTCPro.ServiceLayer.Log4net - ---Executing GetUserToken() in UserService----
2022-10-27 11:02:28,125 [18] DEBUG LTCPro.ServiceLayer.Log4net - ---Executing GetFavouritesMasterData() in OrdersController----
2022-10-27 11:02:28,125 [18] DEBUG LTCPro.ServiceLayer.Log4net - ---Executing GetFavouritesMasterData() in OrdersService----
2022-10-27 11:02:28,136 [22] DEBUG LTCPro.ServiceLayer.Log4net - ---Executing GetPhysicianDropData() in OrdersController----
2022-10-27 11:02:28,136 [22] DEBUG LTCPro.ServiceLayer.Log4net - ---Executing GetPhysicianDropData() in OrdersService----
2022-10-27 11:02:28,137 [18] DEBUG LTCPro.ServiceLayer.Log4net - ---Executed Successfully GetFavouritesMasterData() in OrdersController----
2022-10-27 11:02:28,152 [22] DEBUG LTCPro.ServiceLayer.Log4net - ---Executed Successfully GetPhysicianDropData() in OrdersController----
2022-10-27 11:02:28,287 [20] DEBUG LTCPro.ServiceLayer.Log4net - ---Executing GetUserToken() in UserService----
2022-10-27 11:02:28,291 [20] DEBUG LTCPro.ServiceLayer.Log4net - ---Executing GetNurseNotes() in OrdersController----
2022-10-27 11:02:28,291 [20] DEBUG LTCPro.ServiceLayer.Log4net - ---Executing GetNurseNotes() in OrdersService----
2022-10-27 11:02:28,315 [20] DEBUG LTCPro.ServiceLayer.Log4net - ---Executed Successfully GetNurseNotes() in OrdersController----
2022-10-27 11:02:30,925 [6] DEBUG LTCPro.ServiceLayer.Log4net - ---Executing GetUserToken() in UserService----
2022-10-27 11:02:30,930 [6] DEBUG LTCPro.ServiceLayer.Log4net - ---Executing InsertUpdateApprovalRefill() in AdminApprovalController----
2022-10-27 11:02:30,930 [6] DEBUG LTCPro.ServiceLayer.Log4net - ---Executing InsertUpdateApprovalRefill() in AdminApprovalService----
2022-10-27 11:02:30,979 [6] DEBUG LTCPro.ServiceLayer.Log4net - ---Executing GenerateOutboundFile() Refill in AdminApprovalService----
2022-10-27 11:02:30,990 [6] DEBUG LTCPro.ServiceLayer.Log4net - ---Generating OutboundFile Refill in AdminApprovalService----
2022-10-27 11:02:31,026 [6] DEBUG LTCPro.ServiceLayer.Log4net - ---Generated OutboundFile Download Start D:/Promantra/OutboundLive/Pending//Refill_10272022083108.hl7 in AdminApprovalService----
2022-10-27 11:02:31,036 [6] DEBUG LTCPro.ServiceLayer.Log4net - ---Generated OutboundFile Download Completed D:/Promantra/OutboundLive/Pending//Refill_10272022083108.hl7 in AdminApprovalService----
2022-10-27 11:02:31,036 [6] DEBUG LTCPro.ServiceLayer.Log4net - ---Executed GenerateOutboundFile() Refill in AdminApprovalService----
2022-10-27 11:02:31,039 [6] DEBUG LTCPro.ServiceLayer.Log4net - ---Executed Successfully InsertUpdateApprovalRefill() in AdminApprovalController----
2022-10-27 11:02:31,245 [20] DEBUG LTCPro.ServiceLayer.Log4net - ---Executing GetUserToken() in UserService----
2022-10-27 11:02:31,251 [20] DEBUG LTCPro.ServiceLayer.Log4net - ---Executing GetOrderGridData() in OrdersController----
2022-10-27 11:02:31,251 [20] DEBUG LTCPro.ServiceLayer.Log4net - ---Executing GetOrderGridData() in OrdersService----
2022-10-27 11:02:31,796 [20] DEBUG LTCPro.ServiceLayer.Log4net - ---Executed Successfully GetOrderGridData() in OrdersController----
2022-10-27 11:02:31,862 [20] DEBUG LTCPro.ServiceLayer.Log4net - ---Executing GetUserToken() in UserService----
2022-10-27 11:02:31,878 [20] DEBUG LTCPro.ServiceLayer.Log4net - ---Executing GetAllBarcodes() in StockEkitController----
2022-10-27 11:02:31,878 [20] DEBUG LTCPro.ServiceLayer.Log4net - ---Executing GetAllBarcodes() in StockEkitService----
2022-10-27 11:02:31,890 [20] DEBUG LTCPro.ServiceLayer.Log4net - ---Executed Successfully GetAllBarcodes() in StockEkitController----
2022-10-27 11:02:32,089 [19] DEBUG LTCPro.ServiceLayer.Log4net - ---Executing GetUserToken() in UserService----
2022-10-27 11:02:32,095 [19] DEBUG LTCPro.ServiceLayer.Log4net - ---Executing GetOrdersData() in OrdersController----
2022-10-27 11:02:32,095 [19] DEBUG LTCPro.ServiceLayer.Log4net - ---Executing GetOrdersData() in OrdersService----
2022-10-27 11:02:32,108 [5] DEBUG LTCPro.ServiceLayer.Log4net - ---Executing GetUserToken() in UserService----
2022-10-27 11:02:32,112 [5] DEBUG LTCPro.ServiceLayer.Log4net - ---Executing GetOrderGridData() in OrdersController----
2022-10-27 11:02:32,112 [5] DEBUG LTCPro.ServiceLayer.Log4net - ---Executing GetOrderGridData() in OrdersService----
2022-10-27 11:02:32,202 [19] DEBUG LTCPro.ServiceLayer.Log4net - ---Executed Successfully GetOrdersData() in OrdersController----
2022-10-27 11:02:32,280 [5] DEBUG LTCPro.ServiceLayer.Log4net - ---Executed Successfully GetOrderGridData() in OrdersController----
2022-10-27 11:02:32,597 [14] DEBUG LTCPro.ServiceLayer.Log4net - ---Executing GetUserToken() in UserService----
2022-10-27 11:02:32,608 [14] DEBUG LTCPro.ServiceLayer.Log4net - ---Executing GetOrderStockDetails() in OrdersController----
2022-10-27 11:02:32,608 [14] DEBUG LTCPro.ServiceLayer.Log4net - ---Executing GetOrderStockDetails() in OrdersService----
2022-10-27 11:02:32,613 [14] DEBUG LTCPro.ServiceLayer.Log4net - ---Executed Successfully GetOrderStockDetails() in OrdersController----
2022-10-27 11:02:32,629 [18] DEBUG LTCPro.ServiceLayer.Log4net - ---Executing GetUserToken() in UserService----
2022-10-27 11:02:32,642 [18] DEBUG LTCPro.ServiceLayer.Log4net - ---Executing GetNurseNotes() in OrdersController----
2022-10-27 11:02:32,642 [18] DEBUG LTCPro.ServiceLayer.Log4net - ---Executing GetNurseNotes() in OrdersService----
2022-10-27 11:02:32,660 [20] DEBUG LTCPro.ServiceLayer.Log4net - ---Executing GetUserToken() in UserService----
2022-10-27 11:02:32,667 [20] DEBUG LTCPro.ServiceLayer.Log4net - ---Executing GetPhysicianDropData() in OrdersController----
2022-10-27 11:02:32,667 [20] DEBUG LTCPro.ServiceLayer.Log4net - ---Executing GetPhysicianDropData() in OrdersService----
2022-10-27 11:02:32,682 [20] DEBUG LTCPro.ServiceLayer.Log4net - ---Executed Successfully GetPhysicianDropData() in OrdersController----
2022-10-27 11:02:32,692 [18] DEBUG LTCPro.ServiceLayer.Log4net - ---Executed Successfully GetNurseNotes() in OrdersController----
2022-10-27 11:02:32,711 [6] DEBUG LTCPro.ServiceLayer.Log4net - ---Executing GetUserToken() in UserService----
2022-10-27 11:02:32,716 [6] DEBUG LTCPro.ServiceLayer.Log4net - ---Executing GetFavouritesMasterData() in OrdersController----
2022-10-27 11:02:32,716 [6] DEBUG LTCPro.ServiceLayer.Log4net - ---Executing GetFavouritesMasterData() in OrdersService----
2022-10-27 11:02:32,734 [6] DEBUG LTCPro.ServiceLayer.Log4net - ---Executed Successfully GetFavouritesMasterData() in OrdersController----
2022-10-27 11:02:33,521 [19] DEBUG LTCPro.ServiceLayer.Log4net - ---Executing GetUserToken() in UserService----
2022-10-27 11:02:33,526 [19] DEBUG LTCPro.ServiceLayer.Log4net - ---Executing GetOrdersData() in OrdersController----
2022-10-27 11:02:33,526 [19] DEBUG LTCPro.ServiceLayer.Log4net - ---Executing GetOrdersData() in OrdersService----
2022-10-27 11:02:33,662 [19] DEBUG LTCPro.ServiceLayer.Log4net - ---Executed Successfully GetOrdersData() in OrdersController----
2022-10-27 11:02:34,021 [18] DEBUG LTCPro.ServiceLayer.Log4net - ---Executing GetUserToken() in UserService----
2022-10-27 11:02:34,022 [14] DEBUG LTCPro.ServiceLayer.Log4net - ---Executing GetUserToken() in UserService----
2022-10-27 11:02:34,030 [18] DEBUG LTCPro.ServiceLayer.Log4net - ---Executing GetOrderStockDetails() in OrdersController----
2022-10-27 11:02:34,030 [18] DEBUG LTCPro.ServiceLayer.Log4net - ---Executing GetOrderStockDetails() in OrdersService----
2022-10-27 11:02:34,030 [14] DEBUG LTCPro.ServiceLayer.Log4net - ---Executing GetPhysicianDropData() in OrdersController----
2022-10-27 11:02:34,030 [14] DEBUG LTCPro.ServiceLayer.Log4net - ---Executing GetPhysicianDropData() in OrdersService----
2022-10-27 11:02:34,031 [5] DEBUG LTCPro.ServiceLayer.Log4net - ---Executing GetUserToken() in UserService----
2022-10-27 11:02:34,037 [5] DEBUG LTCPro.ServiceLayer.Log4net - ---Executing GetFavouritesMasterData() in OrdersController----
2022-10-27 11:02:34,037 [5] DEBUG LTCPro.ServiceLayer.Log4net - ---Executing GetFavouritesMasterData() in OrdersService----
2022-10-27 11:02:34,038 [18] DEBUG LTCPro.ServiceLayer.Log4net - ---Executed Successfully GetOrderStockDetails() in OrdersController----
2022-10-27 11:02:34,044 [14] DEBUG LTCPro.ServiceLayer.Log4net - ---Executed Successfully GetPhysicianDropData() in OrdersController----
2022-10-27 11:02:34,048 [5] DEBUG LTCPro.ServiceLayer.Log4net - ---Executed Successfully GetFavouritesMasterData() in OrdersController----
2022-10-27 11:02:34,079 [21] DEBUG LTCPro.ServiceLayer.Log4net - ---Executing GetUserToken() in UserService----
2022-10-27 11:02:34,090 [21] DEBUG LTCPro.ServiceLayer.Log4net - ---Executing GetNurseNotes() in OrdersController----
2022-10-27 11:02:34,090 [21] DEBUG LTCPro.ServiceLayer.Log4net - ---Executing GetNurseNotes() in OrdersService----
2022-10-27 11:02:34,112 [21] DEBUG LTCPro.ServiceLayer.Log4net - ---Executed Successfully GetNurseNotes() in OrdersController----
2022-10-27 11:04:49,192 [6] DEBUG LTCPro.ServiceLayer.Log4net - ---Executing GetUserToken() in UserService----
2022-10-27 11:04:49,195 [15] DEBUG LTCPro.ServiceLayer.Log4net - ---Executing GetUserToken() in UserService----
2022-10-27 11:04:49,197 [6] DEBUG LTCPro.ServiceLayer.Log4net - ---Executing GetUserRecentFacNs() in UserController----
2022-10-27 11:04:49,197 [6] DEBUG LTCPro.ServiceLayer.Log4net - ---Executing GetUserRecentFacNs() in UserService----
2022-10-27 11:04:49,201 [15] DEBUG LTCPro.ServiceLayer.Log4net - ---Executing InsertUserActivityDetails() in CompanyController----
2022-10-27 11:04:49,201 [15] DEBUG LTCPro.ServiceLayer.Log4net - ---Executing InsertUserActivityDetails() in UserActivityService----
2022-10-27 11:04:49,206 [6] DEBUG LTCPro.ServiceLayer.Log4net - ---Executed Successfully GetUserRecentFacNs() in UserController----
2022-10-27 11:04:49,211 [15] DEBUG LTCPro.ServiceLayer.Log4net - ---Executed Successfully InsertUserActivityDetails() in CompanyController----
2022-10-27 11:04:49,330 [6] DEBUG LTCPro.ServiceLayer.Log4net - ---Executing GetUserToken() in UserService----
2022-10-27 11:04:49,335 [6] DEBUG LTCPro.ServiceLayer.Log4net - ---Executing GetUserAccessFacilityNurseStaions() in FacilityController----
2022-10-27 11:04:49,335 [6] DEBUG LTCPro.ServiceLayer.Log4net - ---Executing GetUserAccessFacilityNurseStaions() in FacilityService----
2022-10-27 11:04:49,346 [6] DEBUG LTCPro.ServiceLayer.Log4net - ---Executed Successfully GetUserAccessFacilityNurseStaions() in FacilityController----
2022-10-27 11:04:49,368 [6] DEBUG LTCPro.ServiceLayer.Log4net - ---Executing GetUserToken() in UserService----
2022-10-27 11:04:49,374 [6] DEBUG LTCPro.ServiceLayer.Log4net - ---Executing UserNurseStationDrop() in FacilityController----
2022-10-27 11:04:49,374 [6] DEBUG LTCPro.ServiceLayer.Log4net - ---Executing UserNurseStationDrop() in FacilityService----
2022-10-27 11:04:49,380 [6] DEBUG LTCPro.ServiceLayer.Log4net - ---Executed Successfully UserNurseStationDrop() in FacilityController----
2022-10-27 11:04:49,490 [11] DEBUG LTCPro.ServiceLayer.Log4net - ---Executing GetUserToken() in UserService----
2022-10-27 11:04:49,495 [11] DEBUG LTCPro.ServiceLayer.Log4net - ---Executing GetCompanyToBedFlagByFacId() in FacilityController----
2022-10-27 11:04:49,495 [11] DEBUG LTCPro.ServiceLayer.Log4net - ---Executing GetCompanyToBedFlagByFacId() in FacilityService----
2022-10-27 11:04:49,531 [11] DEBUG LTCPro.ServiceLayer.Log4net - ---Executed Successfully GetCompanyToBedFlagByFacId() in FacilityController----
2022-10-27 11:04:49,572 [15] DEBUG LTCPro.ServiceLayer.Log4net - ---Executing GetUserToken() in UserService----
2022-10-27 11:04:49,577 [15] DEBUG LTCPro.ServiceLayer.Log4net - ---Executing GetNurseStationHierarchyDetailsbyNsId() in CompanyController----
2022-10-27 11:04:49,577 [15] DEBUG LTCPro.ServiceLayer.Log4net - ---Executing GetNurseStationHierarchyDetailsbyNsId() in CompanyService----
2022-10-27 11:04:49,581 [15] DEBUG LTCPro.ServiceLayer.Log4net - ---Executed Successfully GetNurseStationHierarchyDetailsbyNsId() in CompanyController----
2022-10-27 11:04:49,613 [6] DEBUG LTCPro.ServiceLayer.Log4net - ---Executing GetUserToken() in UserService----
2022-10-27 11:04:49,624 [6] DEBUG LTCPro.ServiceLayer.Log4net - ---Executing GetResidentsByCompanyBed() in ResidentDemographicController----
2022-10-27 11:04:49,665 [6] DEBUG LTCPro.ServiceLayer.Log4net - ---Executing GetResidentsByCompanyBed() in ResidentDemographicService----
2022-10-27 11:04:51,737 [6] DEBUG LTCPro.ServiceLayer.Log4net - ---Executed Successfully GetResidentsByCompanyBed() in ResidentDemographicController----
2022-10-27 11:07:05,333 [6] DEBUG LTCPro.ServiceLayer.Log4net - ---Executing GetUserToken() in UserService----
2022-10-27 11:07:05,338 [6] DEBUG LTCPro.ServiceLayer.Log4net - ---Executing GetOrdersGridData() in OrdersController----
2022-10-27 11:07:05,339 [6] DEBUG LTCPro.ServiceLayer.Log4net - ---Executing GetOrdersGridData() in OrdersService----
2022-10-27 11:18:17,799 [10] DEBUG LTCPro.ServiceLayer.Log4net - ---Executing UsersConfigNurseStationDrop() in FacilityController----
2022-10-27 11:18:17,807 [10] DEBUG LTCPro.ServiceLayer.Log4net - ---Executing UsersConfigNurseStationDrop() in FacilityService----
2022-10-27 11:18:18,822 [10] DEBUG LTCPro.ServiceLayer.Log4net - ---Executed Successfully UsersConfigNurseStationDrop() in FacilityController----
2022-10-27 11:18:19,076 [8] DEBUG LTCPro.ServiceLayer.Log4net - ---Executing GetProcessKeyMasterList() in FacilityController----
2022-10-27 11:18:19,077 [8] DEBUG LTCPro.ServiceLayer.Log4net - ---Executing GetProcessKeyMasterList() in FacilityService----
2022-10-27 11:18:19,096 [8] DEBUG LTCPro.ServiceLayer.Log4net - ---Executed Successfully GetProcessKeyMasterList() in FacilityController----
2022-10-27 11:18:24,031 [8] DEBUG LTCPro.ServiceLayer.Log4net - ---Executing GetProcessKeyMasterList() in FacilityController----
2022-10-27 11:18:24,031 [8] DEBUG LTCPro.ServiceLayer.Log4net - ---Executing GetProcessKeyMasterList() in FacilityService----
2022-10-27 11:18:24,036 [8] DEBUG LTCPro.ServiceLayer.Log4net - ---Executed Successfully GetProcessKeyMasterList() in FacilityController----
2022-10-27 11:18:25,323 [9] DEBUG LTCPro.ServiceLayer.Log4net - ---Executing CheckUser() in UserService----
2022-10-27 11:18:25,548 [9] DEBUG LTCPro.ServiceLayer.Log4net - ---Executing FindUser() in UserService----
2022-10-27 11:18:25,631 [9] DEBUG LTCPro.ServiceLayer.Log4net - ---Executing InsertUserSession() in UserService----
2022-10-27 11:18:25,675 [9] DEBUG LTCPro.ServiceLayer.Log4net - ---Executing InsertUserToken() in UserService----
2022-10-27 11:18:25,789 [9] DEBUG LTCPro.ServiceLayer.Log4net - ---Executing InsertUpdateUserRecentFacNs() in UserController----
2022-10-27 11:18:25,790 [9] DEBUG LTCPro.ServiceLayer.Log4net - ---Executing GetUserRecentFacNs() in UserService----
2022-10-27 11:18:25,841 [10] DEBUG LTCPro.ServiceLayer.Log4net - ---Executing GetScreenPermissionsForLoggedInUser() in RoleController----
2022-10-27 11:18:25,842 [10] DEBUG LTCPro.ServiceLayer.Log4net - ---Executing GetScreenPermissionsForLoggedInUser() in RoleService----
2022-10-27 11:18:25,850 [9] DEBUG LTCPro.ServiceLayer.Log4net - ---Executing InsertUpdateUserRecentFacNs() in CommonService----
2022-10-27 11:18:25,862 [10] DEBUG LTCPro.ServiceLayer.Log4net - ---Executed Successfully GetScreenPermissionsForLoggedInUser() in RoleController----
2022-10-27 11:18:25,939 [9] DEBUG LTCPro.ServiceLayer.Log4net - ---Executed Successfully InsertUpdateUserRecentFacNs() in UserController----
2022-10-27 11:18:26,100 [9] DEBUG LTCPro.ServiceLayer.Log4net - ---Executing GetUserToken() in UserService----
2022-10-27 11:18:26,102 [13] DEBUG LTCPro.ServiceLayer.Log4net - ---Executing GetUserToken() in UserService----
2022-10-27 11:18:26,110 [9] DEBUG LTCPro.ServiceLayer.Log4net - ---Executing GetDueMARAlertData() in EmarController----
2022-10-27 11:18:26,111 [9] DEBUG LTCPro.ServiceLayer.Log4net - ---Executing GetDueMARAlertData() in EmarService----
2022-10-27 11:18:26,115 [10] DEBUG LTCPro.ServiceLayer.Log4net - ---Executing GetUserToken() in UserService----
2022-10-27 11:18:26,121 [13] DEBUG LTCPro.ServiceLayer.Log4net - ---Executing GetOutboundErrorDetails() in CommonController----
2022-10-27 11:18:26,121 [10] DEBUG LTCPro.ServiceLayer.Log4net - ---Executing GetReadMailsCount() in MailboxController----
2022-10-27 11:18:26,122 [10] DEBUG LTCPro.ServiceLayer.Log4net - ---Executing GetReadMailsCount() in MailboxService----
2022-10-27 11:18:26,122 [13] DEBUG LTCPro.ServiceLayer.Log4net - ---Executing GetOutboundErrorDetails() in CommonService----
2022-10-27 11:18:26,135 [8] DEBUG LTCPro.ServiceLayer.Log4net - ---Executing GetUserToken() in UserService----
2022-10-27 11:18:26,147 [10] DEBUG LTCPro.ServiceLayer.Log4net - ---Executed successfully GetReadMailsCount() in MailboxController----
2022-10-27 11:18:26,163 [10] DEBUG LTCPro.ServiceLayer.Log4net - ---Executing GetUserToken() in UserService----
2022-10-27 11:18:26,174 [10] DEBUG LTCPro.ServiceLayer.Log4net - ---Executing GetAlertsDetails() in MailboxController----
2022-10-27 11:18:26,175 [10] DEBUG LTCPro.ServiceLayer.Log4net - ---Executing GetAlertsDetails() in MailboxService----
2022-10-27 11:18:26,194 [8] DEBUG LTCPro.ServiceLayer.Log4net - ---Executing GetUserPassedDueFlag() in UserController----
2022-10-27 11:18:26,194 [8] DEBUG LTCPro.ServiceLayer.Log4net - ---Executing GetUserPassedDueFlag() in UserService----
2022-10-27 11:18:26,199 [8] DEBUG LTCPro.ServiceLayer.Log4net - ---Executed Successfully GetUserPassedDueFlag() in UserController----
2022-10-27 11:18:26,215 [8] DEBUG LTCPro.ServiceLayer.Log4net - ---Executing GetUserToken() in UserService----
2022-10-27 11:18:26,225 [8] DEBUG LTCPro.ServiceLayer.Log4net - ---Executing GetPendingDosesList() in CommonController----
2022-10-27 11:18:26,231 [10] DEBUG LTCPro.ServiceLayer.Log4net - ---Executed successfully GetAlertsDetails() in MailboxController----
2022-10-27 11:18:26,240 [8] DEBUG LTCPro.ServiceLayer.Log4net - ---Executing GetPendingDosesList() in CommonService----
2022-10-27 11:18:26,302 [13] DEBUG LTCPro.ServiceLayer.Log4net - ---Executed Successfully GetOutboundErrorDetails() in CommonController----
2022-10-27 11:18:26,319 [10] DEBUG LTCPro.ServiceLayer.Log4net - ---Executing GetUserToken() in UserService----
2022-10-27 11:18:26,320 [13] DEBUG LTCPro.ServiceLayer.Log4net - ---Executing GetUserToken() in UserService----
2022-10-27 11:18:26,325 [10] DEBUG LTCPro.ServiceLayer.Log4net - ---Executing GetUserRecentFacNs() in UserController----
2022-10-27 11:18:26,325 [10] DEBUG LTCPro.ServiceLayer.Log4net - ---Executing GetUserRecentFacNs() in UserService----
2022-10-27 11:18:26,332 [10] DEBUG LTCPro.ServiceLayer.Log4net - ---Executed Successfully GetUserRecentFacNs() in UserController----
2022-10-27 11:18:26,467 [5] DEBUG LTCPro.ServiceLayer.Log4net - ---Executing GetUserToken() in UserService----
2022-10-27 11:18:26,475 [5] DEBUG LTCPro.ServiceLayer.Log4net - ---Executing GetUserActiveCompanyMasterList() in CompanyController----
2022-10-27 11:18:26,476 [5] DEBUG LTCPro.ServiceLayer.Log4net - ---Executing GetActiveCompanyMasterList() in CompanyService----
2022-10-27 11:18:26,488 [8] DEBUG LTCPro.ServiceLayer.Log4net - ---Executed Successfully GetPendingDosesList() in CommonController----
2022-10-27 11:18:26,504 [10] DEBUG LTCPro.ServiceLayer.Log4net - ---Executing GetUserToken() in UserService----
2022-10-27 11:18:26,509 [10] DEBUG LTCPro.ServiceLayer.Log4net - ---Executing GetUserAccessFacilityNurseStaions() in FacilityController----
2022-10-27 11:18:26,511 [10] DEBUG LTCPro.ServiceLayer.Log4net - ---Executing GetUserAccessFacilityNurseStaions() in FacilityService----
2022-10-27 11:18:26,536 [9] DEBUG LTCPro.ServiceLayer.Log4net - ---Executed Successfully GetDueMARAlertData() in EmarController----
2022-10-27 11:18:26,562 [10] DEBUG LTCPro.ServiceLayer.Log4net - ---Executed Successfully GetUserAccessFacilityNurseStaions() in FacilityController----
2022-10-27 11:18:26,562 [5] DEBUG LTCPro.ServiceLayer.Log4net - ---Executed Successfully GetUserActiveCompanyMasterList() in CompanyController----
2022-10-27 11:18:26,568 [13] DEBUG LTCPro.ServiceLayer.Log4net - ---Executing InsertUserActivityDetails() in CompanyController----
2022-10-27 11:18:26,569 [13] DEBUG LTCPro.ServiceLayer.Log4net - ---Executing InsertUserActivityDetails() in UserActivityService----
2022-10-27 11:18:26,585 [13] DEBUG LTCPro.ServiceLayer.Log4net - ---Executed Successfully InsertUserActivityDetails() in CompanyController----
2022-10-27 11:18:29,398 [8] DEBUG LTCPro.ServiceLayer.Log4net - ---Executing GetUserToken() in UserService----
2022-10-27 11:18:29,408 [9] DEBUG LTCPro.ServiceLayer.Log4net - ---Executing GetUserToken() in UserService----
2022-10-27 11:18:29,414 [8] DEBUG LTCPro.ServiceLayer.Log4net - ---Executing InsertUserActivityDetails() in CompanyController----
2022-10-27 11:18:29,414 [8] DEBUG LTCPro.ServiceLayer.Log4net - ---Executing InsertUserActivityDetails() in UserActivityService----
2022-10-27 11:18:29,414 [9] DEBUG LTCPro.ServiceLayer.Log4net - ---Executing GetUserRecentFacNs() in UserController----
2022-10-27 11:18:29,414 [9] DEBUG LTCPro.ServiceLayer.Log4net - ---Executing GetUserRecentFacNs() in UserService----
2022-10-27 11:18:29,423 [8] DEBUG LTCPro.ServiceLayer.Log4net - ---Executed Successfully InsertUserActivityDetails() in CompanyController----
2022-10-27 11:18:29,423 [9] DEBUG LTCPro.ServiceLayer.Log4net - ---Executed Successfully GetUserRecentFacNs() in UserController----
2022-10-27 11:18:29,442 [8] DEBUG LTCPro.ServiceLayer.Log4net - ---Executing GetUserToken() in UserService----
2022-10-27 11:18:29,447 [8] DEBUG LTCPro.ServiceLayer.Log4net - ---Executing GetUserAccessFacilityNurseStaions() in FacilityController----
2022-10-27 11:18:29,447 [8] DEBUG LTCPro.ServiceLayer.Log4net - ---Executing GetUserAccessFacilityNurseStaions() in FacilityService----
2022-10-27 11:18:29,458 [8] DEBUG LTCPro.ServiceLayer.Log4net - ---Executed Successfully GetUserAccessFacilityNurseStaions() in FacilityController----
2022-10-27 11:18:29,481 [8] DEBUG LTCPro.ServiceLayer.Log4net - ---Executing GetUserToken() in UserService----
2022-10-27 11:18:29,486 [8] DEBUG LTCPro.ServiceLayer.Log4net - ---Executing UserNurseStationDrop() in FacilityController----
2022-10-27 11:18:29,487 [8] DEBUG LTCPro.ServiceLayer.Log4net - ---Executing UserNurseStationDrop() in FacilityService----
2022-10-27 11:18:29,502 [8] DEBUG LTCPro.ServiceLayer.Log4net - ---Executed Successfully UserNurseStationDrop() in FacilityController----
2022-10-27 11:18:29,580 [8] DEBUG LTCPro.ServiceLayer.Log4net - ---Executing GetUserToken() in UserService----
2022-10-27 11:18:30,062 [8] DEBUG LTCPro.ServiceLayer.Log4net - ---Executing GetSeventyTwoHourDetailsByfilter() in EMARController----
2022-10-27 11:18:30,063 [8] DEBUG LTCPro.ServiceLayer.Log4net - ---Executing GetSeventyTwoHourDetailsByfilter() in EmarService----
2022-10-27 11:18:30,107 [5] DEBUG LTCPro.ServiceLayer.Log4net - ---Executing GetUserToken() in UserService----
2022-10-27 11:18:30,122 [5] DEBUG LTCPro.ServiceLayer.Log4net - ---Executing OrderEndingSoonStatus() in OrdersController----
2022-10-27 11:18:30,123 [5] DEBUG LTCPro.ServiceLayer.Log4net - ---Executing OrderEndingSoonStatus() in OrdersService----
2022-10-27 11:18:30,146 [5] DEBUG LTCPro.ServiceLayer.Log4net - ---Executed Successfully OrderEndingSoonStatus() in OrdersController----
2022-10-27 11:18:30,204 [5] DEBUG LTCPro.ServiceLayer.Log4net - ---Executing GetUserToken() in UserService----
2022-10-27 11:18:30,213 [9] DEBUG LTCPro.ServiceLayer.Log4net - ---Executing GetUserToken() in UserService----
2022-10-27 11:18:30,219 [10] DEBUG LTCPro.ServiceLayer.Log4net - ---Executing GetUserToken() in UserService----
2022-10-27 11:18:30,239 [9] DEBUG LTCPro.ServiceLayer.Log4net - ---Executing GetOrdersEndingSoon() in OrdersController----
2022-10-27 11:18:30,240 [10] DEBUG LTCPro.ServiceLayer.Log4net - ---Executing OrderEndingSoonStatus() in OrdersController----
2022-10-27 11:18:30,240 [10] DEBUG LTCPro.ServiceLayer.Log4net - ---Executing OrderEndingSoonStatus() in OrdersService----
2022-10-27 11:18:30,241 [9] DEBUG LTCPro.ServiceLayer.Log4net - ---Executing GetOrdersEndingSoon() in OrdersService----
2022-10-27 11:18:30,241 [5] DEBUG LTCPro.ServiceLayer.Log4net - ---Executing GetPRNDetailsByfilter() in EMARController----
2022-10-27 11:18:30,244 [5] DEBUG LTCPro.ServiceLayer.Log4net - ---Executing GetPRNDetailsByfilter() in EmarService----
2022-10-27 11:18:30,258 [10] DEBUG LTCPro.ServiceLayer.Log4net - ---Executed Successfully OrderEndingSoonStatus() in OrdersController----
2022-10-27 11:18:30,272 [10] DEBUG LTCPro.ServiceLayer.Log4net - ---Executing GetUserToken() in UserService----
2022-10-27 11:18:30,292 [10] DEBUG LTCPro.ServiceLayer.Log4net - ---Executing GetCompanyToBedFlagByFacId() in FacilityController----
2022-10-27 11:18:30,293 [10] DEBUG LTCPro.ServiceLayer.Log4net - ---Executing GetCompanyToBedFlagByFacId() in FacilityService----
2022-10-27 11:18:30,297 [9] DEBUG LTCPro.ServiceLayer.Log4net - ---Executed Successfully GetOrdersEndingSoon() in OrdersController----
2022-10-27 11:18:30,381 [10] DEBUG LTCPro.ServiceLayer.Log4net - ---Executed Successfully GetCompanyToBedFlagByFacId() in FacilityController----
2022-10-27 11:18:30,468 [5] DEBUG LTCPro.ServiceLayer.Log4net - ---Executed Successfully GetPRNDetailsByfilter() in EMARController----
2022-10-27 11:18:30,587 [9] DEBUG LTCPro.ServiceLayer.Log4net - ---Executing GetUserToken() in UserService----
2022-10-27 11:18:30,598 [9] DEBUG LTCPro.ServiceLayer.Log4net - ---Executing GetOrdersGridData() in OrdersController----
2022-10-27 11:18:30,599 [9] DEBUG LTCPro.ServiceLayer.Log4net - ---Executing GetOrdersGridData() in OrdersService----
2022-10-27 11:18:30,624 [8] DEBUG LTCPro.ServiceLayer.Log4net - ---Executed Successfully GetSeventyTwoHourDetailsByfilter() in EMARController----
2022-10-27 11:18:30,673 [9] DEBUG LTCPro.ServiceLayer.Log4net - ---Executed Successfully GetOrdersGridData() in OrdersController----
2022-10-27 11:18:30,936 [8] DEBUG LTCPro.ServiceLayer.Log4net - ---Executing GetUserToken() in UserService----
2022-10-27 11:18:30,948 [8] DEBUG LTCPro.ServiceLayer.Log4net - ---Executing GetPendingOrdersGridData() in OrdersController----
2022-10-27 11:18:30,951 [8] DEBUG LTCPro.ServiceLayer.Log4net - ---Executing GetPendingOrdersGridData() in OrdersService----
2022-10-27 11:18:31,070 [8] DEBUG LTCPro.ServiceLayer.Log4net - ---Executed Successfully GetPendingOrdersGridData() in OrdersController----
2022-10-27 11:18:32,202 [8] DEBUG LTCPro.ServiceLayer.Log4net - ---Executing GetUserToken() in UserService----
2022-10-27 11:18:32,208 [8] DEBUG LTCPro.ServiceLayer.Log4net - ---Executing GetOrdersGridDataByPatientId() in OrdersController----
2022-10-27 11:18:32,209 [8] DEBUG LTCPro.ServiceLayer.Log4net - ---Executing GetOrdersGridDataByPatientId() in OrdersService----
2022-10-27 11:18:32,297 [8] DEBUG LTCPro.ServiceLayer.Log4net - ---Executed Successfully GetOrdersGridDataByPatientId() in OrdersController----
2022-10-27 11:18:34,032 [5] DEBUG LTCPro.ServiceLayer.Log4net - ---Executing GetUserToken() in UserService----
2022-10-27 11:18:34,038 [5] DEBUG LTCPro.ServiceLayer.Log4net - ---Executing GetFacilityNSResidentsDataByPId() in ResidentDemographicController----
2022-10-27 11:18:34,039 [5] DEBUG LTCPro.ServiceLayer.Log4net - ---Executing GetFacilityNSResidentsDataByPId() in ResidentDemographicService----
2022-10-27 11:18:34,238 [5] DEBUG LTCPro.ServiceLayer.Log4net - ---Executed Successfully GetFacilityNSResidentsDataByPId() in ResidentDemographicController----
2022-10-27 11:18:34,311 [8] DEBUG LTCPro.ServiceLayer.Log4net - ---Executing GetUserToken() in UserService----
2022-10-27 11:18:34,316 [8] DEBUG LTCPro.ServiceLayer.Log4net - ---Executing GetNurseNotes() in OrdersController----
2022-10-27 11:18:34,317 [8] DEBUG LTCPro.ServiceLayer.Log4net - ---Executing GetNurseNotes() in OrdersService----
2022-10-27 11:18:34,414 [10] DEBUG LTCPro.ServiceLayer.Log4net - ---Executing GetUserToken() in UserService----
2022-10-27 11:18:34,422 [10] DEBUG LTCPro.ServiceLayer.Log4net - ---Executing GetDrFirstFlagForCompanyByNSId() in CompanyController----
2022-10-27 11:18:34,429 [10] DEBUG LTCPro.ServiceLayer.Log4net - ---Executing GetDrFirstFlagForCompanyByNSId() in CompanyService----
2022-10-27 11:18:34,449 [7] DEBUG LTCPro.ServiceLayer.Log4net - ---Executing GetUserToken() in UserService----
2022-10-27 11:18:34,455 [8] DEBUG LTCPro.ServiceLayer.Log4net - ---Executed Successfully GetNurseNotes() in OrdersController----
2022-10-27 11:18:34,478 [10] DEBUG LTCPro.ServiceLayer.Log4net - ---Executed Successfully GetDrFirstFlagForCompanyByNSId() in CompanyController----
2022-10-27 11:18:34,483 [13] DEBUG LTCPro.ServiceLayer.Log4net - ---Executing GetUserToken() in UserService----
2022-10-27 11:18:34,485 [7] DEBUG LTCPro.ServiceLayer.Log4net - ---Executing GetAllBarcodes() in StockEkitController----
2022-10-27 11:18:34,486 [7] DEBUG LTCPro.ServiceLayer.Log4net - ---Executing GetAllBarcodes() in StockEkitService----
2022-10-27 11:18:34,513 [13] DEBUG LTCPro.ServiceLayer.Log4net - ---Executing GetResidentInformation() in ResidentDemographicController----
2022-10-27 11:18:34,514 [13] DEBUG LTCPro.ServiceLayer.Log4net - ---Executing GetResidentInformation() in ResidentDemographicService----
2022-10-27 11:18:34,550 [7] DEBUG LTCPro.ServiceLayer.Log4net - ---Executed Successfully GetAllBarcodes() in StockEkitController----
2022-10-27 11:18:34,678 [10] DEBUG LTCPro.ServiceLayer.Log4net - ---Executing GetUserToken() in UserService----
2022-10-27 11:18:34,696 [10] DEBUG LTCPro.ServiceLayer.Log4net - ---Executing GetNurseStationHierarchyDetailsbyNsId() in CompanyController----
2022-10-27 11:18:34,697 [10] DEBUG LTCPro.ServiceLayer.Log4net - ---Executing GetNurseStationHierarchyDetailsbyNsId() in CompanyService----
2022-10-27 11:18:34,720 [9] DEBUG LTCPro.ServiceLayer.Log4net - ---Executing GetUserToken() in UserService----
2022-10-27 11:18:34,726 [9] DEBUG LTCPro.ServiceLayer.Log4net - ---Executing GetOrderRoutes() in OrdersController----
2022-10-27 11:18:34,728 [9] DEBUG LTCPro.ServiceLayer.Log4net - ---Executing GetOrderRoutes() in OrdersService----
2022-10-27 11:18:34,758 [10] DEBUG LTCPro.ServiceLayer.Log4net - ---Executed Successfully GetNurseStationHierarchyDetailsbyNsId() in CompanyController----
2022-10-27 11:18:34,759 [9] DEBUG LTCPro.ServiceLayer.Log4net - ---Executed Successfully GetOrderRoutes() in OrdersController----
2022-10-27 11:18:34,773 [5] DEBUG LTCPro.ServiceLayer.Log4net - ---Executing GetUserToken() in UserService----
2022-10-27 11:18:34,779 [5] DEBUG LTCPro.ServiceLayer.Log4net - ---Executing GetPhysicianDropData() in OrdersController----
2022-10-27 11:18:34,782 [5] DEBUG LTCPro.ServiceLayer.Log4net - ---Executing GetPhysicianDropData() in OrdersService----
2022-10-27 11:18:34,841 [5] DEBUG LTCPro.ServiceLayer.Log4net - ---Executed Successfully GetPhysicianDropData() in OrdersController----
2022-10-27 11:18:34,844 [13] DEBUG LTCPro.ServiceLayer.Log4net - ---Executed Successfully GetResidentInformation() in ResidentDemographicController----
2022-10-27 11:18:34,883 [8] DEBUG LTCPro.ServiceLayer.Log4net - ---Executing GetUserToken() in UserService----
2022-10-27 11:18:34,889 [8] DEBUG LTCPro.ServiceLayer.Log4net - ---Executing GetDrFirstOrderCheck() in DrFirstIntegrationController----
2022-10-27 11:18:34,890 [8] DEBUG LTCPro.ServiceLayer.Log4net - ---Executing GetDrFirstOrderCheck() in DrFirstIntegrationService----
2022-10-27 11:18:34,909 [9] DEBUG LTCPro.ServiceLayer.Log4net - ---Executing GetUserToken() in UserService----
2022-10-27 11:18:34,913 [8] DEBUG LTCPro.ServiceLayer.Log4net - ---Executed Successfully GetDrFirstOrderCheck() in DrFirstIntegrationController----
2022-10-27 11:18:34,915 [9] DEBUG LTCPro.ServiceLayer.Log4net - ---Executing GetPatientType() in ResidentDemographicController----
2022-10-27 11:18:34,916 [9] DEBUG LTCPro.ServiceLayer.Log4net - ---Executing GetPatientType() in EmarService----
2022-10-27 11:18:34,936 [9] DEBUG LTCPro.ServiceLayer.Log4net - ---Executed Successfully GetPatientType() in ResidentDemographicController----
2022-10-27 11:18:35,177 [10] DEBUG LTCPro.ServiceLayer.Log4net - ---Executing GetUserToken() in UserService----
2022-10-27 11:18:35,179 [5] DEBUG LTCPro.ServiceLayer.Log4net - ---Executing GetUserToken() in UserService----
2022-10-27 11:18:35,183 [10] DEBUG LTCPro.ServiceLayer.Log4net - ---Executing GetOrderGridData() in OrdersController----
2022-10-27 11:18:35,184 [10] DEBUG LTCPro.ServiceLayer.Log4net - ---Executing GetOrderGridData() in OrdersService----
2022-10-27 11:18:35,184 [5] DEBUG LTCPro.ServiceLayer.Log4net - ---Executing GetDiagnosisDetails() in OrdersController----
2022-10-27 11:18:35,185 [5] DEBUG LTCPro.ServiceLayer.Log4net - ---Executing GetDiagnosisDetails() in OrdersService----
2022-10-27 11:18:35,229 [5] DEBUG LTCPro.ServiceLayer.Log4net - ---Executed Successfully GetDiagnosisDetails() in OrdersController----
2022-10-27 11:18:35,318 [10] DEBUG LTCPro.ServiceLayer.Log4net - ---Executed Successfully GetOrderGridData() in OrdersController----
2022-10-27 11:18:35,376 [8] DEBUG LTCPro.ServiceLayer.Log4net - ---Executing GetUserToken() in UserService----
2022-10-27 11:18:35,381 [8] DEBUG LTCPro.ServiceLayer.Log4net - ---Executing GetAllBarcodes() in StockEkitController----
2022-10-27 11:18:35,381 [8] DEBUG LTCPro.ServiceLayer.Log4net - ---Executing GetAllBarcodes() in StockEkitService----
2022-10-27 11:18:35,394 [8] DEBUG LTCPro.ServiceLayer.Log4net - ---Executed Successfully GetAllBarcodes() in StockEkitController----
2022-10-27 11:18:35,563 [9] DEBUG LTCPro.ServiceLayer.Log4net - ---Executing GetUserToken() in UserService----
2022-10-27 11:18:35,568 [9] DEBUG LTCPro.ServiceLayer.Log4net - ---Executing GetOrderGridData() in OrdersController----
2022-10-27 11:18:35,569 [9] DEBUG LTCPro.ServiceLayer.Log4net - ---Executing GetOrderGridData() in OrdersService----
2022-10-27 11:18:35,595 [10] DEBUG LTCPro.ServiceLayer.Log4net - ---Executing GetUserToken() in UserService----
2022-10-27 11:18:35,600 [10] DEBUG LTCPro.ServiceLayer.Log4net - ---Executing GetOrdersData() in OrdersController----
2022-10-27 11:18:35,601 [10] DEBUG LTCPro.ServiceLayer.Log4net - ---Executing GetOrdersData() in OrdersService----
2022-10-27 11:18:35,684 [9] DEBUG LTCPro.ServiceLayer.Log4net - ---Executed Successfully GetOrderGridData() in OrdersController----
2022-10-27 11:18:35,711 [10] DEBUG LTCPro.ServiceLayer.Log4net - ---Executed Successfully GetOrdersData() in OrdersController----
2022-10-27 11:18:36,075 [10] DEBUG LTCPro.ServiceLayer.Log4net - ---Executing GetUserToken() in UserService----
2022-10-27 11:18:36,079 [9] DEBUG LTCPro.ServiceLayer.Log4net - ---Executing GetUserToken() in UserService----
2022-10-27 11:18:36,080 [10] DEBUG LTCPro.ServiceLayer.Log4net - ---Executing GetNurseNotes() in OrdersController----
2022-10-27 11:18:36,080 [10] DEBUG LTCPro.ServiceLayer.Log4net - ---Executing GetNurseNotes() in OrdersService----
2022-10-27 11:18:36,086 [9] DEBUG LTCPro.ServiceLayer.Log4net - ---Executing GetFavouritesMasterData() in OrdersController----
2022-10-27 11:18:36,087 [9] DEBUG LTCPro.ServiceLayer.Log4net - ---Executing GetFavouritesMasterData() in OrdersService----
2022-10-27 11:18:36,087 [5] DEBUG LTCPro.ServiceLayer.Log4net - ---Executing GetUserToken() in UserService----
2022-10-27 11:18:36,096 [5] DEBUG LTCPro.ServiceLayer.Log4net - ---Executing GetOrderStockDetails() in OrdersController----
2022-10-27 11:18:36,096 [5] DEBUG LTCPro.ServiceLayer.Log4net - ---Executing GetOrderStockDetails() in OrdersService----
2022-10-27 11:18:36,106 [10] DEBUG LTCPro.ServiceLayer.Log4net - ---Executed Successfully GetNurseNotes() in OrdersController----
2022-10-27 11:18:36,116 [9] DEBUG LTCPro.ServiceLayer.Log4net - ---Executed Successfully GetFavouritesMasterData() in OrdersController----
2022-10-27 11:18:36,117 [8] DEBUG LTCPro.ServiceLayer.Log4net - ---Executing GetUserToken() in UserService----
2022-10-27 11:18:36,122 [8] DEBUG LTCPro.ServiceLayer.Log4net - ---Executing GetPhysicianDropData() in OrdersController----
2022-10-27 11:18:36,122 [8] DEBUG LTCPro.ServiceLayer.Log4net - ---Executing GetPhysicianDropData() in OrdersService----
2022-10-27 11:18:36,135 [8] DEBUG LTCPro.ServiceLayer.Log4net - ---Executed Successfully GetPhysicianDropData() in OrdersController----
2022-10-27 11:18:36,138 [5] DEBUG LTCPro.ServiceLayer.Log4net - ---Executed Successfully GetOrderStockDetails() in OrdersController----
2022-10-27 11:19:22,948 [10] DEBUG LTCPro.ServiceLayer.Log4net - ---Executing GetUserToken() in UserService----
2022-10-27 11:19:22,954 [10] DEBUG LTCPro.ServiceLayer.Log4net - ---Executing InsertUserActivityDetails() in CompanyController----
2022-10-27 11:19:22,954 [10] DEBUG LTCPro.ServiceLayer.Log4net - ---Executing InsertUserActivityDetails() in UserActivityService----
2022-10-27 11:19:22,956 [7] DEBUG LTCPro.ServiceLayer.Log4net - ---Executing GetUserToken() in UserService----
2022-10-27 11:19:22,962 [7] DEBUG LTCPro.ServiceLayer.Log4net - ---Executing GetUserRecentFacNs() in UserController----
2022-10-27 11:19:22,962 [7] DEBUG LTCPro.ServiceLayer.Log4net - ---Executing GetUserRecentFacNs() in UserService----
2022-10-27 11:19:22,964 [10] DEBUG LTCPro.ServiceLayer.Log4net - ---Executed Successfully InsertUserActivityDetails() in CompanyController----
2022-10-27 11:19:22,978 [7] DEBUG LTCPro.ServiceLayer.Log4net - ---Executed Successfully GetUserRecentFacNs() in UserController----
2022-10-27 11:19:23,014 [8] DEBUG LTCPro.ServiceLayer.Log4net - ---Executing GetUserToken() in UserService----
2022-10-27 11:19:23,018 [8] DEBUG LTCPro.ServiceLayer.Log4net - ---Executing GetUserAccessFacilityNurseStaions() in FacilityController----
2022-10-27 11:19:23,018 [8] DEBUG LTCPro.ServiceLayer.Log4net - ---Executing GetUserAccessFacilityNurseStaions() in FacilityService----
2022-10-27 11:19:23,028 [8] DEBUG LTCPro.ServiceLayer.Log4net - ---Executed Successfully GetUserAccessFacilityNurseStaions() in FacilityController----
2022-10-27 11:19:23,047 [10] DEBUG LTCPro.ServiceLayer.Log4net - ---Executing GetUserToken() in UserService----
2022-10-27 11:19:23,052 [10] DEBUG LTCPro.ServiceLayer.Log4net - ---Executing UserNurseStationDrop() in FacilityController----
2022-10-27 11:19:23,052 [10] DEBUG LTCPro.ServiceLayer.Log4net - ---Executing UserNurseStationDrop() in FacilityService----
2022-10-27 11:19:23,058 [10] DEBUG LTCPro.ServiceLayer.Log4net - ---Executed Successfully UserNurseStationDrop() in FacilityController----
2022-10-27 11:19:23,080 [13] DEBUG LTCPro.ServiceLayer.Log4net - ---Executing GetUserToken() in UserService----
2022-10-27 11:19:23,085 [13] DEBUG LTCPro.ServiceLayer.Log4net - ---Executing GetCompanyToBedFlagByFacId() in FacilityController----
2022-10-27 11:19:23,085 [13] DEBUG LTCPro.ServiceLayer.Log4net - ---Executing GetCompanyToBedFlagByFacId() in FacilityService----
2022-10-27 11:19:23,120 [13] DEBUG LTCPro.ServiceLayer.Log4net - ---Executed Successfully GetCompanyToBedFlagByFacId() in FacilityController----
2022-10-27 11:19:23,175 [7] DEBUG LTCPro.ServiceLayer.Log4net - ---Executing GetUserToken() in UserService----
2022-10-27 11:19:23,180 [7] DEBUG LTCPro.ServiceLayer.Log4net - ---Executing GetNurseStationHierarchyDetailsbyNsId() in CompanyController----
2022-10-27 11:19:23,180 [7] DEBUG LTCPro.ServiceLayer.Log4net - ---Executing GetNurseStationHierarchyDetailsbyNsId() in CompanyService----
2022-10-27 11:19:23,184 [7] DEBUG LTCPro.ServiceLayer.Log4net - ---Executed Successfully GetNurseStationHierarchyDetailsbyNsId() in CompanyController----
2022-10-27 11:19:23,292 [10] DEBUG LTCPro.ServiceLayer.Log4net - ---Executing GetUserToken() in UserService----
2022-10-27 11:19:23,296 [10] DEBUG LTCPro.ServiceLayer.Log4net - ---Executing GetOrdersGridData() in OrdersController----
2022-10-27 11:19:23,296 [10] DEBUG LTCPro.ServiceLayer.Log4net - ---Executing GetOrdersGridData() in OrdersService----
2022-10-27 11:19:23,368 [10] DEBUG LTCPro.ServiceLayer.Log4net - ---Executed Successfully GetOrdersGridData() in OrdersController----
2022-10-27 11:19:24,733 [10] DEBUG LTCPro.ServiceLayer.Log4net - ---Executing GetUserToken() in UserService----
2022-10-27 11:19:24,739 [10] DEBUG LTCPro.ServiceLayer.Log4net - ---Executing GetOrdersGridDataByPatientId() in OrdersController----
2022-10-27 11:19:24,739 [10] DEBUG LTCPro.ServiceLayer.Log4net - ---Executing GetOrdersGridDataByPatientId() in OrdersService----
2022-10-27 11:19:24,814 [10] DEBUG LTCPro.ServiceLayer.Log4net - ---Executed Successfully GetOrdersGridDataByPatientId() in OrdersController----
2022-10-27 11:19:26,394 [10] DEBUG LTCPro.ServiceLayer.Log4net - ---Executing GetUserToken() in UserService----
2022-10-27 11:19:26,399 [10] DEBUG LTCPro.ServiceLayer.Log4net - ---Executing GetFacilityNSResidentsDataByPId() in ResidentDemographicController----
2022-10-27 11:19:26,399 [10] DEBUG LTCPro.ServiceLayer.Log4net - ---Executing GetFacilityNSResidentsDataByPId() in ResidentDemographicService----
2022-10-27 11:19:26,433 [10] DEBUG LTCPro.ServiceLayer.Log4net - ---Executed Successfully GetFacilityNSResidentsDataByPId() in ResidentDemographicController----
2022-10-27 11:19:26,751 [7] DEBUG LTCPro.ServiceLayer.Log4net - ---Executing GetUserToken() in UserService----
2022-10-27 11:19:26,777 [7] DEBUG LTCPro.ServiceLayer.Log4net - ---Executing GetAllBarcodes() in StockEkitController----
2022-10-27 11:19:26,777 [7] DEBUG LTCPro.ServiceLayer.Log4net - ---Executing GetAllBarcodes() in StockEkitService----
2022-10-27 11:19:26,851 [7] DEBUG LTCPro.ServiceLayer.Log4net - ---Executed Successfully GetAllBarcodes() in StockEkitController----
2022-10-27 11:19:26,861 [8] DEBUG LTCPro.ServiceLayer.Log4net - ---Executing GetUserToken() in UserService----
2022-10-27 11:19:26,887 [8] DEBUG LTCPro.ServiceLayer.Log4net - ---Executing GetTimeZoneDate() in CommonController----
2022-10-27 11:19:26,888 [8] DEBUG LTCPro.ServiceLayer.Log4net - ---Executing GetTimeZoneDate() in CommonService----
2022-10-27 11:19:27,080 [8] DEBUG LTCPro.ServiceLayer.Log4net - ---Executed Successfully GetTimeZoneDate() in CommonController----
2022-10-27 11:19:27,139 [9] DEBUG LTCPro.ServiceLayer.Log4net - ---Executing GetUserToken() in UserService----
2022-10-27 11:19:27,230 [13] DEBUG LTCPro.ServiceLayer.Log4net - ---Executing GetUserToken() in UserService----
2022-10-27 11:19:27,278 [5] DEBUG LTCPro.ServiceLayer.Log4net - ---Executing GetUserToken() in UserService----
2022-10-27 11:19:27,281 [13] DEBUG LTCPro.ServiceLayer.Log4net - ---Executing GetOrderRoutes() in OrdersController----
2022-10-27 11:19:27,281 [13] DEBUG LTCPro.ServiceLayer.Log4net - ---Executing GetOrderRoutes() in OrdersService----
2022-10-27 11:19:27,286 [5] DEBUG LTCPro.ServiceLayer.Log4net - ---Executing GetPhysicianDropData() in OrdersController----
2022-10-27 11:19:27,286 [5] DEBUG LTCPro.ServiceLayer.Log4net - ---Executing GetPhysicianDropData() in OrdersService----
2022-10-27 11:19:27,288 [20] DEBUG LTCPro.ServiceLayer.Log4net - ---Executing GetUserToken() in UserService----
2022-10-27 11:19:27,288 [9] DEBUG LTCPro.ServiceLayer.Log4net - ---Executing GetCpoeSourceDrop() in OrdersController----
2022-10-27 11:19:27,289 [13] DEBUG LTCPro.ServiceLayer.Log4net - ---Executed Successfully GetOrderRoutes() in OrdersController----
2022-10-27 11:19:27,315 [20] DEBUG LTCPro.ServiceLayer.Log4net - ---Executing GetQuantityDoseDrop() in OrdersController----
2022-10-27 11:19:27,315 [5] DEBUG LTCPro.ServiceLayer.Log4net - ---Executed Successfully GetPhysicianDropData() in OrdersController----
2022-10-27 11:19:27,325 [9] DEBUG LTCPro.ServiceLayer.Log4net - ---Executing GetCpoeSourceDrop() in OrdersService----
2022-10-27 11:19:27,333 [20] DEBUG LTCPro.ServiceLayer.Log4net - ---Executing GetQuantityDoseDrop() in OrdersService----
2022-10-27 11:19:27,363 [22] DEBUG LTCPro.ServiceLayer.Log4net - ---Executing GetUserToken() in UserService----
2022-10-27 11:19:27,403 [6] DEBUG LTCPro.ServiceLayer.Log4net - ---Executing GetUserToken() in UserService----
2022-10-27 11:19:27,407 [20] DEBUG LTCPro.ServiceLayer.Log4net - ---Executed Successfully GetQuantityDoseDrop() in OrdersController----
2022-10-27 11:19:27,416 [6] DEBUG LTCPro.ServiceLayer.Log4net - ---Executing GetResidentInformation() in ResidentDemographicController----
2022-10-27 11:19:27,417 [6] DEBUG LTCPro.ServiceLayer.Log4net - ---Executing GetResidentInformation() in ResidentDemographicService----
2022-10-27 11:19:27,421 [22] DEBUG LTCPro.ServiceLayer.Log4net - ---Executing GetUnitMeasurementsDrop() in OrdersController----
2022-10-27 11:19:27,421 [22] DEBUG LTCPro.ServiceLayer.Log4net - ---Executing GetUnitMeasurementsDrop() in OrdersService----
2022-10-27 11:19:27,425 [9] DEBUG LTCPro.ServiceLayer.Log4net - ---Executed Successfully GetCpoeSourceDrop() in OrdersController----
2022-10-27 11:19:27,446 [22] DEBUG LTCPro.ServiceLayer.Log4net - ---Executed Successfully GetUnitMeasurementsDrop() in OrdersController----
2022-10-27 11:19:27,456 [18] DEBUG LTCPro.ServiceLayer.Log4net - ---Executing GetUserToken() in UserService----
2022-10-27 11:19:27,465 [18] DEBUG LTCPro.ServiceLayer.Log4net - ---Executing GetPhysicianNPIByRoleRes() in OrdersController----
2022-10-27 11:19:27,466 [18] DEBUG LTCPro.ServiceLayer.Log4net - ---Executing GetPhysicianNPIByRoleRes() in OrdersService----
2022-10-27 11:19:27,532 [18] DEBUG LTCPro.ServiceLayer.Log4net - ---Executed Successfully GetPhysicianNPIByRoleRes() in OrdersController----
2022-10-27 11:19:27,572 [6] DEBUG LTCPro.ServiceLayer.Log4net - ---Executed Successfully GetResidentInformation() in ResidentDemographicController----
2022-10-27 11:19:27,608 [10] DEBUG LTCPro.ServiceLayer.Log4net - ---Executing GetUserToken() in UserService----
2022-10-27 11:19:27,634 [10] DEBUG LTCPro.ServiceLayer.Log4net - ---Executing GetDoseUomDrop() in OrdersController----
2022-10-27 11:19:27,634 [10] DEBUG LTCPro.ServiceLayer.Log4net - ---Executing GetDoseUom() in OrdersService----
2022-10-27 11:19:27,645 [18] DEBUG LTCPro.ServiceLayer.Log4net - ---Executing GetUserToken() in UserService----
2022-10-27 11:19:27,666 [10] DEBUG LTCPro.ServiceLayer.Log4net - ---Executed Successfully GetDoseUomDrop() in OrdersController----
2022-10-27 11:19:27,754 [21] DEBUG LTCPro.ServiceLayer.Log4net - ---Executing GetUserToken() in UserService----
2022-10-27 11:19:27,756 [18] DEBUG LTCPro.ServiceLayer.Log4net - ---Executing GetPatientType() in ResidentDemographicController----
2022-10-27 11:19:27,756 [18] DEBUG LTCPro.ServiceLayer.Log4net - ---Executing GetPatientType() in EmarService----
2022-10-27 11:19:27,780 [21] DEBUG LTCPro.ServiceLayer.Log4net - ---Executing GetResidentDiagnosisInfo() in ResidentDemographicController----
2022-10-27 11:19:27,781 [18] DEBUG LTCPro.ServiceLayer.Log4net - ---Executed Successfully GetPatientType() in ResidentDemographicController----
2022-10-27 11:19:27,792 [21] DEBUG LTCPro.ServiceLayer.Log4net - ---Executing GetResidentDiagnosisInfo() in DiagnosisInfoService----
2022-10-27 11:19:27,824 [21] DEBUG LTCPro.ServiceLayer.Log4net - ---Executed Successfully GetResidentDiagnosisInfo() in ResidentDemographicController----
2022-10-27 11:19:27,845 [13] DEBUG LTCPro.ServiceLayer.Log4net - ---Executing GetUserToken() in UserService----
2022-10-27 11:19:27,851 [13] DEBUG LTCPro.ServiceLayer.Log4net - ---Executing GetFrequencyMasterDataWithShifts() in OrdersController----
2022-10-27 11:19:27,852 [13] DEBUG LTCPro.ServiceLayer.Log4net - ---Executing GetFrequencyMasterDataWithShifts() in OrdersService----
2022-10-27 11:19:27,942 [20] DEBUG LTCPro.ServiceLayer.Log4net - ---Executing GetUserToken() in UserService----
2022-10-27 11:19:27,973 [20] DEBUG LTCPro.ServiceLayer.Log4net - ---Executing GetDiagnosisDetails() in OrdersController----
2022-10-27 11:19:27,973 [20] DEBUG LTCPro.ServiceLayer.Log4net - ---Executing GetDiagnosisDetails() in OrdersService----
2022-10-27 11:19:28,000 [13] DEBUG LTCPro.ServiceLayer.Log4net - ---Executed Successfully GetFrequencyMasterDataWithShifts() in OrdersController----
2022-10-27 11:19:28,000 [20] DEBUG LTCPro.ServiceLayer.Log4net - ---Executed Successfully GetDiagnosisDetails() in OrdersController----
2022-10-27 11:19:28,008 [7] DEBUG LTCPro.ServiceLayer.Log4net - ---Executing GetUserToken() in UserService----
2022-10-27 11:19:28,012 [7] DEBUG LTCPro.ServiceLayer.Log4net - ---Executing GetOrderGridData() in OrdersController----
2022-10-27 11:19:28,012 [7] DEBUG LTCPro.ServiceLayer.Log4net - ---Executing GetOrderGridData() in OrdersService----
2022-10-27 11:19:28,142 [7] DEBUG LTCPro.ServiceLayer.Log4net - ---Executed Successfully GetOrderGridData() in OrdersController----
2022-10-27 11:19:28,176 [5] DEBUG LTCPro.ServiceLayer.Log4net - ---Executing GetUserToken() in UserService----
2022-10-27 11:19:28,183 [5] DEBUG LTCPro.ServiceLayer.Log4net - ---Executing GetAllBarcodes() in StockEkitController----
2022-10-27 11:19:28,183 [5] DEBUG LTCPro.ServiceLayer.Log4net - ---Executing GetAllBarcodes() in StockEkitService----
2022-10-27 11:19:28,207 [5] DEBUG LTCPro.ServiceLayer.Log4net - ---Executed Successfully GetAllBarcodes() in StockEkitController----
2022-10-27 11:19:28,375 [8] DEBUG LTCPro.ServiceLayer.Log4net - ---Executing GetUserToken() in UserService----
2022-10-27 11:19:28,380 [8] DEBUG LTCPro.ServiceLayer.Log4net - ---Executing GetOrdersData() in OrdersController----
2022-10-27 11:19:28,380 [8] DEBUG LTCPro.ServiceLayer.Log4net - ---Executing GetOrdersData() in OrdersService----
2022-10-27 11:19:28,388 [9] DEBUG LTCPro.ServiceLayer.Log4net - ---Executing GetUserToken() in UserService----
2022-10-27 11:19:28,393 [9] DEBUG LTCPro.ServiceLayer.Log4net - ---Executing GetOrderGridData() in OrdersController----
2022-10-27 11:19:28,393 [9] DEBUG LTCPro.ServiceLayer.Log4net - ---Executing GetOrderGridData() in OrdersService----
2022-10-27 11:19:28,432 [8] DEBUG LTCPro.ServiceLayer.Log4net - ---Executed Successfully GetOrdersData() in OrdersController----
2022-10-27 11:19:28,542 [9] DEBUG LTCPro.ServiceLayer.Log4net - ---Executed Successfully GetOrderGridData() in OrdersController----
2022-10-27 11:19:28,812 [5] DEBUG LTCPro.ServiceLayer.Log4net - ---Executing GetUserToken() in UserService----
2022-10-27 11:19:28,816 [10] DEBUG LTCPro.ServiceLayer.Log4net - ---Executing GetUserToken() in UserService----
2022-10-27 11:19:28,818 [5] DEBUG LTCPro.ServiceLayer.Log4net - ---Executing GetCpoeSourceDrop() in OrdersController----
2022-10-27 11:19:28,818 [5] DEBUG LTCPro.ServiceLayer.Log4net - ---Executing GetCpoeSourceDrop() in OrdersService----
2022-10-27 11:19:28,822 [10] DEBUG LTCPro.ServiceLayer.Log4net - ---Executing GetFavouritesMasterData() in OrdersController----
2022-10-27 11:19:28,822 [10] DEBUG LTCPro.ServiceLayer.Log4net - ---Executing GetFavouritesMasterData() in OrdersService----
2022-10-27 11:19:28,823 [8] DEBUG LTCPro.ServiceLayer.Log4net - ---Executing GetUserToken() in UserService----
2022-10-27 11:19:28,825 [5] DEBUG LTCPro.ServiceLayer.Log4net - ---Executed Successfully GetCpoeSourceDrop() in OrdersController----
2022-10-27 11:19:28,831 [8] DEBUG LTCPro.ServiceLayer.Log4net - ---Executing GetOrderStockDetails() in OrdersController----
2022-10-27 11:19:28,831 [8] DEBUG LTCPro.ServiceLayer.Log4net - ---Executing GetOrderStockDetails() in OrdersService----
2022-10-27 11:19:28,831 [10] DEBUG LTCPro.ServiceLayer.Log4net - ---Executed Successfully GetFavouritesMasterData() in OrdersController----
2022-10-27 11:19:28,836 [8] DEBUG LTCPro.ServiceLayer.Log4net - ---Executed Successfully GetOrderStockDetails() in OrdersController----
2022-10-27 11:19:28,864 [13] DEBUG LTCPro.ServiceLayer.Log4net - ---Executing GetUserToken() in UserService----
2022-10-27 11:19:28,869 [13] DEBUG LTCPro.ServiceLayer.Log4net - ---Executing GetPhysicianDropData() in OrdersController----
2022-10-27 11:19:28,869 [13] DEBUG LTCPro.ServiceLayer.Log4net - ---Executing GetPhysicianDropData() in OrdersService----
2022-10-27 11:19:28,880 [13] DEBUG LTCPro.ServiceLayer.Log4net - ---Executed Successfully GetPhysicianDropData() in OrdersController----
2022-10-27 11:19:55,314 [8] DEBUG LTCPro.ServiceLayer.Log4net - ---Executing GetUserToken() in UserService----
2022-10-27 11:19:55,319 [8] DEBUG LTCPro.ServiceLayer.Log4net - ---Executing GetOrdersData() in OrdersController----
2022-10-27 11:19:55,319 [8] DEBUG LTCPro.ServiceLayer.Log4net - ---Executing GetOrdersData() in OrdersService----
2022-10-27 11:19:55,410 [8] DEBUG LTCPro.ServiceLayer.Log4net - ---Executed Successfully GetOrdersData() in OrdersController----
2022-10-27 11:19:55,768 [6] DEBUG LTCPro.ServiceLayer.Log4net - ---Executing GetUserToken() in UserService----
2022-10-27 11:19:55,776 [6] DEBUG LTCPro.ServiceLayer.Log4net - ---Executing GetOrderStockDetails() in OrdersController----
2022-10-27 11:19:55,776 [6] DEBUG LTCPro.ServiceLayer.Log4net - ---Executing GetOrderStockDetails() in OrdersService----
2022-10-27 11:19:55,778 [8] DEBUG LTCPro.ServiceLayer.Log4net - ---Executing GetUserToken() in UserService----
2022-10-27 11:19:55,782 [6] DEBUG LTCPro.ServiceLayer.Log4net - ---Executed Successfully GetOrderStockDetails() in OrdersController----
2022-10-27 11:19:55,784 [8] DEBUG LTCPro.ServiceLayer.Log4net - ---Executing GetFavouritesMasterData() in OrdersController----
2022-10-27 11:19:55,784 [8] DEBUG LTCPro.ServiceLayer.Log4net - ---Executing GetFavouritesMasterData() in OrdersService----
2022-10-27 11:19:55,784 [5] DEBUG LTCPro.ServiceLayer.Log4net - ---Executing GetUserToken() in UserService----
2022-10-27 11:19:55,791 [5] DEBUG LTCPro.ServiceLayer.Log4net - ---Executing GetCpoeSourceDrop() in OrdersController----
2022-10-27 11:19:55,791 [5] DEBUG LTCPro.ServiceLayer.Log4net - ---Executing GetCpoeSourceDrop() in OrdersService----
2022-10-27 11:19:55,794 [8] DEBUG LTCPro.ServiceLayer.Log4net - ---Executed Successfully GetFavouritesMasterData() in OrdersController----
2022-10-27 11:19:55,799 [5] DEBUG LTCPro.ServiceLayer.Log4net - ---Executed Successfully GetCpoeSourceDrop() in OrdersController----
2022-10-27 11:19:55,848 [10] DEBUG LTCPro.ServiceLayer.Log4net - ---Executing GetUserToken() in UserService----
2022-10-27 11:19:55,852 [10] DEBUG LTCPro.ServiceLayer.Log4net - ---Executing GetPhysicianDropData() in OrdersController----
2022-10-27 11:19:55,852 [10] DEBUG LTCPro.ServiceLayer.Log4net - ---Executing GetPhysicianDropData() in OrdersService----
2022-10-27 11:19:55,863 [10] DEBUG LTCPro.ServiceLayer.Log4net - ---Executed Successfully GetPhysicianDropData() in OrdersController----
2022-10-27 11:20:07,241 [18] DEBUG LTCPro.ServiceLayer.Log4net - ---Executing GetUserToken() in UserService----
2022-10-27 11:20:07,248 [21] DEBUG LTCPro.ServiceLayer.Log4net - ---Executing GetUserToken() in UserService----
2022-10-27 11:20:07,248 [18] DEBUG LTCPro.ServiceLayer.Log4net - ---Executing InsertUserActivityDetails() in CompanyController----
2022-10-27 11:20:07,248 [18] DEBUG LTCPro.ServiceLayer.Log4net - ---Executing InsertUserActivityDetails() in UserActivityService----
2022-10-27 11:20:07,253 [21] DEBUG LTCPro.ServiceLayer.Log4net - ---Executing GetUserRecentFacNs() in UserController----
2022-10-27 11:20:07,253 [21] DEBUG LTCPro.ServiceLayer.Log4net - ---Executing GetUserRecentFacNs() in UserService----
2022-10-27 11:20:07,298 [18] DEBUG LTCPro.ServiceLayer.Log4net - ---Executed Successfully InsertUserActivityDetails() in CompanyController----
2022-10-27 11:20:07,300 [21] DEBUG LTCPro.ServiceLayer.Log4net - ---Executed Successfully GetUserRecentFacNs() in UserController----
2022-10-27 11:20:07,340 [18] DEBUG LTCPro.ServiceLayer.Log4net - ---Executing GetUserToken() in UserService----
2022-10-27 11:20:07,344 [18] DEBUG LTCPro.ServiceLayer.Log4net - ---Executing GetUserAccessFacilityNurseStaions() in FacilityController----
2022-10-27 11:20:07,344 [18] DEBUG LTCPro.ServiceLayer.Log4net - ---Executing GetUserAccessFacilityNurseStaions() in FacilityService----
2022-10-27 11:20:07,353 [18] DEBUG LTCPro.ServiceLayer.Log4net - ---Executed Successfully GetUserAccessFacilityNurseStaions() in FacilityController----
2022-10-27 11:20:07,376 [21] DEBUG LTCPro.ServiceLayer.Log4net - ---Executing GetUserToken() in UserService----
2022-10-27 11:20:07,381 [21] DEBUG LTCPro.ServiceLayer.Log4net - ---Executing UserNurseStationDrop() in FacilityController----
2022-10-27 11:20:07,381 [21] DEBUG LTCPro.ServiceLayer.Log4net - ---Executing UserNurseStationDrop() in FacilityService----
2022-10-27 11:20:07,386 [21] DEBUG LTCPro.ServiceLayer.Log4net - ---Executed Successfully UserNurseStationDrop() in FacilityController----
2022-10-27 11:20:07,426 [21] DEBUG LTCPro.ServiceLayer.Log4net - ---Executing GetUserToken() in UserService----
2022-10-27 11:20:07,432 [18] DEBUG LTCPro.ServiceLayer.Log4net - ---Executing GetUserToken() in UserService----
2022-10-27 11:20:07,434 [21] DEBUG LTCPro.ServiceLayer.Log4net - ---Executing GetPRNDetailsByfilter() in EMARController----
2022-10-27 11:20:07,434 [21] DEBUG LTCPro.ServiceLayer.Log4net - ---Executing GetPRNDetailsByfilter() in EmarService----
2022-10-27 11:20:07,438 [18] DEBUG LTCPro.ServiceLayer.Log4net - ---Executing GetSeventyTwoHourDetailsByfilter() in EMARController----
2022-10-27 11:20:07,438 [18] DEBUG LTCPro.ServiceLayer.Log4net - ---Executing GetSeventyTwoHourDetailsByfilter() in EmarService----
2022-10-27 11:20:07,528 [20] DEBUG LTCPro.ServiceLayer.Log4net - ---Executing GetUserToken() in UserService----
2022-10-27 11:20:07,567 [20] DEBUG LTCPro.ServiceLayer.Log4net - ---Executing OrderEndingSoonStatus() in OrdersController----
2022-10-27 11:20:07,567 [20] DEBUG LTCPro.ServiceLayer.Log4net - ---Executing OrderEndingSoonStatus() in OrdersService----
2022-10-27 11:20:07,594 [20] DEBUG LTCPro.ServiceLayer.Log4net - ---Executed Successfully OrderEndingSoonStatus() in OrdersController----
2022-10-27 11:20:07,633 [6] DEBUG LTCPro.ServiceLayer.Log4net - ---Executing GetUserToken() in UserService----
2022-10-27 11:20:07,640 [6] DEBUG LTCPro.ServiceLayer.Log4net - ---Executing GetOrdersGridData() in OrdersController----
2022-10-27 11:20:07,640 [6] DEBUG LTCPro.ServiceLayer.Log4net - ---Executing GetOrdersGridData() in OrdersService----
2022-10-27 11:20:07,738 [21] DEBUG LTCPro.ServiceLayer.Log4net - ---Executed Successfully GetPRNDetailsByfilter() in EMARController----
2022-10-27 11:20:07,754 [21] DEBUG LTCPro.ServiceLayer.Log4net - ---Executing GetUserToken() in UserService----
2022-10-27 11:20:07,767 [21] DEBUG LTCPro.ServiceLayer.Log4net - ---Executing GetCompanyToBedFlagByFacId() in FacilityController----
2022-10-27 11:20:07,767 [21] DEBUG LTCPro.ServiceLayer.Log4net - ---Executing GetCompanyToBedFlagByFacId() in FacilityService----
2022-10-27 11:20:07,804 [21] DEBUG LTCPro.ServiceLayer.Log4net - ---Executed Successfully GetCompanyToBedFlagByFacId() in FacilityController----
2022-10-27 11:20:07,823 [20] DEBUG LTCPro.ServiceLayer.Log4net - ---Executing GetUserToken() in UserService----
2022-10-27 11:20:07,828 [20] DEBUG LTCPro.ServiceLayer.Log4net - ---Executing OrderEndingSoonStatus() in OrdersController----
2022-10-27 11:20:07,828 [20] DEBUG LTCPro.ServiceLayer.Log4net - ---Executing OrderEndingSoonStatus() in OrdersService----
2022-10-27 11:20:07,841 [6] DEBUG LTCPro.ServiceLayer.Log4net - ---Executed Successfully GetOrdersGridData() in OrdersController----
2022-10-27 11:20:07,841 [20] DEBUG LTCPro.ServiceLayer.Log4net - ---Executed Successfully OrderEndingSoonStatus() in OrdersController----
2022-10-27 11:20:08,000 [6] DEBUG LTCPro.ServiceLayer.Log4net - ---Executing GetUserToken() in UserService----
2022-10-27 11:20:08,002 [18] DEBUG LTCPro.ServiceLayer.Log4net - ---Executed Successfully GetSeventyTwoHourDetailsByfilter() in EMARController----
2022-10-27 11:20:08,006 [6] DEBUG LTCPro.ServiceLayer.Log4net - ---Executing GetNurseStationHierarchyDetailsbyNsId() in CompanyController----
2022-10-27 11:20:08,006 [6] DEBUG LTCPro.ServiceLayer.Log4net - ---Executing GetNurseStationHierarchyDetailsbyNsId() in CompanyService----
2022-10-27 11:20:08,012 [6] DEBUG LTCPro.ServiceLayer.Log4net - ---Executed Successfully GetNurseStationHierarchyDetailsbyNsId() in CompanyController----
2022-10-27 11:20:08,183 [21] DEBUG LTCPro.ServiceLayer.Log4net - ---Executing GetUserToken() in UserService----
2022-10-27 11:20:08,188 [21] DEBUG LTCPro.ServiceLayer.Log4net - ---Executing GetOrdersEndingSoon() in OrdersController----
2022-10-27 11:20:08,188 [21] DEBUG LTCPro.ServiceLayer.Log4net - ---Executing GetOrdersEndingSoon() in OrdersService----
2022-10-27 11:20:08,214 [21] DEBUG LTCPro.ServiceLayer.Log4net - ---Executed Successfully GetOrdersEndingSoon() in OrdersController----
2022-10-27 11:20:08,232 [20] DEBUG LTCPro.ServiceLayer.Log4net - ---Executing GetUserToken() in UserService----
2022-10-27 11:20:08,236 [20] DEBUG LTCPro.ServiceLayer.Log4net - ---Executing GetPendingOrdersGridData() in OrdersController----
2022-10-27 11:20:08,236 [20] DEBUG LTCPro.ServiceLayer.Log4net - ---Executing GetPendingOrdersGridData() in OrdersService----
2022-10-27 11:20:08,341 [20] DEBUG LTCPro.ServiceLayer.Log4net - ---Executed Successfully GetPendingOrdersGridData() in OrdersController----
2022-10-27 11:20:09,801 [20] DEBUG LTCPro.ServiceLayer.Log4net - ---Executing GetUserToken() in UserService----
2022-10-27 11:20:09,807 [20] DEBUG LTCPro.ServiceLayer.Log4net - ---Executing GetOrdersGridDataByPatientId() in OrdersController----
2022-10-27 11:20:09,807 [20] DEBUG LTCPro.ServiceLayer.Log4net - ---Executing GetOrdersGridDataByPatientId() in OrdersService----
2022-10-27 11:20:09,890 [20] DEBUG LTCPro.ServiceLayer.Log4net - ---Executed Successfully GetOrdersGridDataByPatientId() in OrdersController----
2022-10-27 11:20:12,209 [5] DEBUG LTCPro.ServiceLayer.Log4net - ---Executing GetUserToken() in UserService----
2022-10-27 11:20:12,216 [5] DEBUG LTCPro.ServiceLayer.Log4net - ---Executing GetFacilityNSResidentsDataByPId() in ResidentDemographicController----
2022-10-27 11:20:12,216 [5] DEBUG LTCPro.ServiceLayer.Log4net - ---Executing GetFacilityNSResidentsDataByPId() in ResidentDemographicService----
2022-10-27 11:20:12,256 [5] DEBUG LTCPro.ServiceLayer.Log4net - ---Executed Successfully GetFacilityNSResidentsDataByPId() in ResidentDemographicController----
2022-10-27 11:20:12,402 [6] DEBUG LTCPro.ServiceLayer.Log4net - ---Executing GetUserToken() in UserService----
2022-10-27 11:20:12,410 [6] DEBUG LTCPro.ServiceLayer.Log4net - ---Executing GetAllBarcodes() in StockEkitController----
2022-10-27 11:20:12,410 [6] DEBUG LTCPro.ServiceLayer.Log4net - ---Executing GetAllBarcodes() in StockEkitService----
2022-10-27 11:20:12,411 [9] DEBUG LTCPro.ServiceLayer.Log4net - ---Executing GetUserToken() in UserService----
2022-10-27 11:20:12,422 [9] DEBUG LTCPro.ServiceLayer.Log4net - ---Executing GetDrFirstFlagForCompanyByNSId() in CompanyController----
2022-10-27 11:20:12,422 [9] DEBUG LTCPro.ServiceLayer.Log4net - ---Executing GetDrFirstFlagForCompanyByNSId() in CompanyService----
2022-10-27 11:20:12,450 [6] DEBUG LTCPro.ServiceLayer.Log4net - ---Executed Successfully GetAllBarcodes() in StockEkitController----
2022-10-27 11:20:12,460 [21] DEBUG LTCPro.ServiceLayer.Log4net - ---Executing GetUserToken() in UserService----
2022-10-27 11:20:12,465 [9] DEBUG LTCPro.ServiceLayer.Log4net - ---Executed Successfully GetDrFirstFlagForCompanyByNSId() in CompanyController----
2022-10-27 11:20:12,466 [21] DEBUG LTCPro.ServiceLayer.Log4net - ---Executing GetNurseNotes() in OrdersController----
2022-10-27 11:20:12,466 [21] DEBUG LTCPro.ServiceLayer.Log4net - ---Executing GetNurseNotes() in OrdersService----
2022-10-27 11:20:12,468 [5] DEBUG LTCPro.ServiceLayer.Log4net - ---Executing GetUserToken() in UserService----
2022-10-27 11:20:12,476 [5] DEBUG LTCPro.ServiceLayer.Log4net - ---Executing GetResidentInformation() in ResidentDemographicController----
2022-10-27 11:20:12,476 [5] DEBUG LTCPro.ServiceLayer.Log4net - ---Executing GetResidentInformation() in ResidentDemographicService----
2022-10-27 11:20:12,502 [21] DEBUG LTCPro.ServiceLayer.Log4net - ---Executed Successfully GetNurseNotes() in OrdersController----
2022-10-27 11:20:12,586 [5] DEBUG LTCPro.ServiceLayer.Log4net - ---Executed Successfully GetResidentInformation() in ResidentDemographicController----
2022-10-27 11:20:12,742 [20] DEBUG LTCPro.ServiceLayer.Log4net - ---Executing GetUserToken() in UserService----
2022-10-27 11:20:12,748 [20] DEBUG LTCPro.ServiceLayer.Log4net - ---Executing GetOrderRoutes() in OrdersController----
2022-10-27 11:20:12,760 [20] DEBUG LTCPro.ServiceLayer.Log4net - ---Executing GetOrderRoutes() in OrdersService----
2022-10-27 11:20:12,767 [6] DEBUG LTCPro.ServiceLayer.Log4net - ---Executing GetUserToken() in UserService----
2022-10-27 11:20:12,772 [21] DEBUG LTCPro.ServiceLayer.Log4net - ---Executing GetUserToken() in UserService----
2022-10-27 11:20:12,773 [20] DEBUG LTCPro.ServiceLayer.Log4net - ---Executed Successfully GetOrderRoutes() in OrdersController----
2022-10-27 11:20:12,782 [21] DEBUG LTCPro.ServiceLayer.Log4net - ---Executing GetDrFirstOrderCheck() in DrFirstIntegrationController----
2022-10-27 11:20:12,782 [21] DEBUG LTCPro.ServiceLayer.Log4net - ---Executing GetDrFirstOrderCheck() in DrFirstIntegrationService----
2022-10-27 11:20:12,803 [6] DEBUG LTCPro.ServiceLayer.Log4net - ---Executing GetPatientType() in ResidentDemographicController----
2022-10-27 11:20:12,803 [6] DEBUG LTCPro.ServiceLayer.Log4net - ---Executing GetPatientType() in EmarService----
2022-10-27 11:20:12,811 [6] DEBUG LTCPro.ServiceLayer.Log4net - ---Executed Successfully GetPatientType() in ResidentDemographicController----
2022-10-27 11:20:12,812 [8] DEBUG LTCPro.ServiceLayer.Log4net - ---Executing GetUserToken() in UserService----
2022-10-27 11:20:12,823 [8] DEBUG LTCPro.ServiceLayer.Log4net - ---Executing GetPhysicianDropData() in OrdersController----
2022-10-27 11:20:12,823 [8] DEBUG LTCPro.ServiceLayer.Log4net - ---Executing GetPhysicianDropData() in OrdersService----
2022-10-27 11:20:12,944 [18] DEBUG LTCPro.ServiceLayer.Log4net - ---Executing GetUserToken() in UserService----
2022-10-27 11:20:12,948 [18] DEBUG LTCPro.ServiceLayer.Log4net - ---Executing GetDiagnosisDetails() in OrdersController----
2022-10-27 11:20:12,948 [18] DEBUG LTCPro.ServiceLayer.Log4net - ---Executing GetDiagnosisDetails() in OrdersService----
2022-10-27 11:20:12,960 [18] DEBUG LTCPro.ServiceLayer.Log4net - ---Executed Successfully GetDiagnosisDetails() in OrdersController----
2022-10-27 11:20:12,986 [10] DEBUG LTCPro.ServiceLayer.Log4net - ---Executing GetUserToken() in UserService----
2022-10-27 11:20:12,991 [10] DEBUG LTCPro.ServiceLayer.Log4net - ---Executing GetOrderGridData() in OrdersController----
2022-10-27 11:20:12,991 [10] DEBUG LTCPro.ServiceLayer.Log4net - ---Executing GetOrderGridData() in OrdersService----
2022-10-27 11:20:13,095 [21] DEBUG LTCPro.ServiceLayer.Log4net - ---Executed Successfully GetDrFirstOrderCheck() in DrFirstIntegrationController----
2022-10-27 11:20:13,124 [10] DEBUG LTCPro.ServiceLayer.Log4net - ---Executed Successfully GetOrderGridData() in OrdersController----
2022-10-27 11:20:13,163 [5] DEBUG LTCPro.ServiceLayer.Log4net - ---Executing GetUserToken() in UserService----
2022-10-27 11:20:13,164 [8] DEBUG LTCPro.ServiceLayer.Log4net - ---Executed Successfully GetPhysicianDropData() in OrdersController----
2022-10-27 11:20:13,184 [5] DEBUG LTCPro.ServiceLayer.Log4net - ---Executing GetAllBarcodes() in StockEkitController----
2022-10-27 11:20:13,185 [5] DEBUG LTCPro.ServiceLayer.Log4net - ---Executing GetAllBarcodes() in StockEkitService----
2022-10-27 11:20:13,198 [5] DEBUG LTCPro.ServiceLayer.Log4net - ---Executed Successfully GetAllBarcodes() in StockEkitController----
2022-10-27 11:20:13,357 [6] DEBUG LTCPro.ServiceLayer.Log4net - ---Executing GetUserToken() in UserService----
2022-10-27 11:20:13,357 [18] DEBUG LTCPro.ServiceLayer.Log4net - ---Executing GetUserToken() in UserService----
2022-10-27 11:20:13,362 [18] DEBUG LTCPro.ServiceLayer.Log4net - ---Executing GetOrderGridData() in OrdersController----
2022-10-27 11:20:13,362 [18] DEBUG LTCPro.ServiceLayer.Log4net - ---Executing GetOrderGridData() in OrdersService----
2022-10-27 11:20:13,363 [6] DEBUG LTCPro.ServiceLayer.Log4net - ---Executing GetOrdersData() in OrdersController----
2022-10-27 11:20:13,363 [6] DEBUG LTCPro.ServiceLayer.Log4net - ---Executing GetOrdersData() in OrdersService----
2022-10-27 11:20:13,413 [6] DEBUG LTCPro.ServiceLayer.Log4net - ---Executed Successfully GetOrdersData() in OrdersController----
2022-10-27 11:20:13,512 [18] DEBUG LTCPro.ServiceLayer.Log4net - ---Executed Successfully GetOrderGridData() in OrdersController----
2022-10-27 11:20:13,770 [9] DEBUG LTCPro.ServiceLayer.Log4net - ---Executing GetUserToken() in UserService----
2022-10-27 11:20:13,776 [9] DEBUG LTCPro.ServiceLayer.Log4net - ---Executing GetOrderStockDetails() in OrdersController----
2022-10-27 11:20:13,776 [9] DEBUG LTCPro.ServiceLayer.Log4net - ---Executing GetOrderStockDetails() in OrdersService----
2022-10-27 11:20:13,781 [9] DEBUG LTCPro.ServiceLayer.Log4net - ---Executed Successfully GetOrderStockDetails() in OrdersController----
2022-10-27 11:20:13,785 [10] DEBUG LTCPro.ServiceLayer.Log4net - ---Executing GetUserToken() in UserService----
2022-10-27 11:20:13,791 [10] DEBUG LTCPro.ServiceLayer.Log4net - ---Executing GetFavouritesMasterData() in OrdersController----
2022-10-27 11:20:13,791 [10] DEBUG LTCPro.ServiceLayer.Log4net - ---Executing GetFavouritesMasterData() in OrdersService----
2022-10-27 11:20:13,803 [10] DEBUG LTCPro.ServiceLayer.Log4net - ---Executed Successfully GetFavouritesMasterData() in OrdersController----
2022-10-27 11:20:13,810 [8] DEBUG LTCPro.ServiceLayer.Log4net - ---Executing GetUserToken() in UserService----
2022-10-27 11:20:13,814 [8] DEBUG LTCPro.ServiceLayer.Log4net - ---Executing GetPhysicianDropData() in OrdersController----
2022-10-27 11:20:13,814 [8] DEBUG LTCPro.ServiceLayer.Log4net - ---Executing GetPhysicianDropData() in OrdersService----
2022-10-27 11:20:13,826 [8] DEBUG LTCPro.ServiceLayer.Log4net - ---Executed Successfully GetPhysicianDropData() in OrdersController----
2022-10-27 11:20:13,846 [5] DEBUG LTCPro.ServiceLayer.Log4net - ---Executing GetUserToken() in UserService----
2022-10-27 11:20:13,854 [5] DEBUG LTCPro.ServiceLayer.Log4net - ---Executing GetNurseNotes() in OrdersController----
2022-10-27 11:20:13,854 [5] DEBUG LTCPro.ServiceLayer.Log4net - ---Executing GetNurseNotes() in OrdersService----
2022-10-27 11:20:13,879 [5] DEBUG LTCPro.ServiceLayer.Log4net - ---Executed Successfully GetNurseNotes() in OrdersController----
2022-10-27 11:20:42,164 [9] DEBUG LTCPro.ServiceLayer.Log4net - ---Executing GetUserToken() in UserService----
2022-10-27 11:20:42,169 [9] DEBUG LTCPro.ServiceLayer.Log4net - ---Executing InsertUserActivityDetails() in CompanyController----
2022-10-27 11:20:42,169 [9] DEBUG LTCPro.ServiceLayer.Log4net - ---Executing InsertUserActivityDetails() in UserActivityService----
2022-10-27 11:20:42,171 [10] DEBUG LTCPro.ServiceLayer.Log4net - ---Executing GetUserToken() in UserService----
2022-10-27 11:20:42,178 [9] DEBUG LTCPro.ServiceLayer.Log4net - ---Executed Successfully InsertUserActivityDetails() in CompanyController----
2022-10-27 11:20:42,487 [10] DEBUG LTCPro.ServiceLayer.Log4net - ---Executing GetUserRecentFacNs() in UserController----
2022-10-27 11:20:42,487 [10] DEBUG LTCPro.ServiceLayer.Log4net - ---Executing GetUserRecentFacNs() in UserService----
2022-10-27 11:20:42,500 [10] DEBUG LTCPro.ServiceLayer.Log4net - ---Executed Successfully GetUserRecentFacNs() in UserController----
2022-10-27 11:20:42,529 [5] DEBUG LTCPro.ServiceLayer.Log4net - ---Executing GetUserToken() in UserService----
2022-10-27 11:20:42,537 [5] DEBUG LTCPro.ServiceLayer.Log4net - ---Executing GetUserAccessFacilityNurseStaions() in FacilityController----
2022-10-27 11:20:42,537 [5] DEBUG LTCPro.ServiceLayer.Log4net - ---Executing GetUserAccessFacilityNurseStaions() in FacilityService----
2022-10-27 11:20:42,548 [5] DEBUG LTCPro.ServiceLayer.Log4net - ---Executed Successfully GetUserAccessFacilityNurseStaions() in FacilityController----
2022-10-27 11:20:42,572 [5] DEBUG LTCPro.ServiceLayer.Log4net - ---Executing GetUserToken() in UserService----
2022-10-27 11:20:42,577 [5] DEBUG LTCPro.ServiceLayer.Log4net - ---Executing UserNurseStationDrop() in FacilityController----
2022-10-27 11:20:42,577 [5] DEBUG LTCPro.ServiceLayer.Log4net - ---Executing UserNurseStationDrop() in FacilityService----
2022-10-27 11:20:42,584 [5] DEBUG LTCPro.ServiceLayer.Log4net - ---Executed Successfully UserNurseStationDrop() in FacilityController----
2022-10-27 11:20:42,618 [5] DEBUG LTCPro.ServiceLayer.Log4net - ---Executing GetUserToken() in UserService----
2022-10-27 11:20:42,623 [5] DEBUG LTCPro.ServiceLayer.Log4net - ---Executing GetCompanyToBedFlagByFacId() in FacilityController----
2022-10-27 11:20:42,623 [5] DEBUG LTCPro.ServiceLayer.Log4net - ---Executing GetCompanyToBedFlagByFacId() in FacilityService----
2022-10-27 11:20:42,658 [5] DEBUG LTCPro.ServiceLayer.Log4net - ---Executed Successfully GetCompanyToBedFlagByFacId() in FacilityController----
2022-10-27 11:20:42,697 [7] DEBUG LTCPro.ServiceLayer.Log4net - ---Executing GetUserToken() in UserService----
2022-10-27 11:20:42,702 [7] DEBUG LTCPro.ServiceLayer.Log4net - ---Executing GetNurseStationHierarchyDetailsbyNsId() in CompanyController----
2022-10-27 11:20:42,702 [7] DEBUG LTCPro.ServiceLayer.Log4net - ---Executing GetNurseStationHierarchyDetailsbyNsId() in CompanyService----
2022-10-27 11:20:42,706 [7] DEBUG LTCPro.ServiceLayer.Log4net - ---Executed Successfully GetNurseStationHierarchyDetailsbyNsId() in CompanyController----
2022-10-27 11:20:42,831 [8] DEBUG LTCPro.ServiceLayer.Log4net - ---Executing GetUserToken() in UserService----
2022-10-27 11:20:42,837 [8] DEBUG LTCPro.ServiceLayer.Log4net - ---Executing GetOrdersGridData() in OrdersController----
2022-10-27 11:20:42,837 [8] DEBUG LTCPro.ServiceLayer.Log4net - ---Executing GetOrdersGridData() in OrdersService----
2022-10-27 11:20:42,911 [8] DEBUG LTCPro.ServiceLayer.Log4net - ---Executed Successfully GetOrdersGridData() in OrdersController----
2022-10-27 11:20:44,855 [8] DEBUG LTCPro.ServiceLayer.Log4net - ---Executing GetUserToken() in UserService----
2022-10-27 11:20:44,860 [8] DEBUG LTCPro.ServiceLayer.Log4net - ---Executing GetOrdersGridDataByPatientId() in OrdersController----
2022-10-27 11:20:44,860 [8] DEBUG LTCPro.ServiceLayer.Log4net - ---Executing GetOrdersGridDataByPatientId() in OrdersService----
2022-10-27 11:20:44,957 [8] DEBUG LTCPro.ServiceLayer.Log4net - ---Executed Successfully GetOrdersGridDataByPatientId() in OrdersController----
2022-10-27 11:20:47,390 [5] DEBUG LTCPro.ServiceLayer.Log4net - ---Executing GetUserToken() in UserService----
2022-10-27 11:20:47,395 [5] DEBUG LTCPro.ServiceLayer.Log4net - ---Executing GetFacilityNSResidentsDataByPId() in ResidentDemographicController----
2022-10-27 11:20:47,395 [5] DEBUG LTCPro.ServiceLayer.Log4net - ---Executing GetFacilityNSResidentsDataByPId() in ResidentDemographicService----
2022-10-27 11:20:47,430 [5] DEBUG LTCPro.ServiceLayer.Log4net - ---Executed Successfully GetFacilityNSResidentsDataByPId() in ResidentDemographicController----
2022-10-27 11:20:47,614 [20] DEBUG LTCPro.ServiceLayer.Log4net - ---Executing GetUserToken() in UserService----
2022-10-27 11:20:47,626 [20] DEBUG LTCPro.ServiceLayer.Log4net - ---Executing GetTimeZoneDate() in CommonController----
2022-10-27 11:20:47,626 [20] DEBUG LTCPro.ServiceLayer.Log4net - ---Executing GetTimeZoneDate() in CommonService----
2022-10-27 11:20:47,633 [20] DEBUG LTCPro.ServiceLayer.Log4net - ---Executed Successfully GetTimeZoneDate() in CommonController----
2022-10-27 11:20:47,959 [13] DEBUG LTCPro.ServiceLayer.Log4net - ---Executing GetUserToken() in UserService----
2022-10-27 11:20:47,964 [7] DEBUG LTCPro.ServiceLayer.Log4net - ---Executing GetUserToken() in UserService----
2022-10-27 11:20:48,015 [13] DEBUG LTCPro.ServiceLayer.Log4net - ---Executing GetPhysicianNPIByRoleRes() in OrdersController----
2022-10-27 11:20:48,015 [13] DEBUG LTCPro.ServiceLayer.Log4net - ---Executing GetPhysicianNPIByRoleRes() in OrdersService----
2022-10-27 11:20:48,018 [20] DEBUG LTCPro.ServiceLayer.Log4net - ---Executing GetUserToken() in UserService----
2022-10-27 11:20:48,021 [7] DEBUG LTCPro.ServiceLayer.Log4net - ---Executing GetQuantityDoseDrop() in OrdersController----
2022-10-27 11:20:48,022 [7] DEBUG LTCPro.ServiceLayer.Log4net - ---Executing GetQuantityDoseDrop() in OrdersService----
2022-10-27 11:20:48,033 [20] DEBUG LTCPro.ServiceLayer.Log4net - ---Executing GetResidentInformation() in ResidentDemographicController----
2022-10-27 11:20:48,033 [20] DEBUG LTCPro.ServiceLayer.Log4net - ---Executing GetResidentInformation() in ResidentDemographicService----
2022-10-27 11:20:48,035 [7] DEBUG LTCPro.ServiceLayer.Log4net - ---Executed Successfully GetQuantityDoseDrop() in OrdersController----
2022-10-27 11:20:48,059 [10] DEBUG LTCPro.ServiceLayer.Log4net - ---Executing GetUserToken() in UserService----
2022-10-27 11:20:48,079 [10] DEBUG LTCPro.ServiceLayer.Log4net - ---Executing GetPhysicianDropData() in OrdersController----
2022-10-27 11:20:48,079 [10] DEBUG LTCPro.ServiceLayer.Log4net - ---Executing GetPhysicianDropData() in OrdersService----
2022-10-27 11:20:48,103 [13] DEBUG LTCPro.ServiceLayer.Log4net - ---Executed Successfully GetPhysicianNPIByRoleRes() in OrdersController----
2022-10-27 11:20:48,134 [5] DEBUG LTCPro.ServiceLayer.Log4net - ---Executing GetUserToken() in UserService----
2022-10-27 11:20:48,142 [10] DEBUG LTCPro.ServiceLayer.Log4net - ---Executed Successfully GetPhysicianDropData() in OrdersController----
2022-10-27 11:20:48,156 [7] DEBUG LTCPro.ServiceLayer.Log4net - ---Executing GetUserToken() in UserService----
2022-10-27 11:20:48,185 [5] DEBUG LTCPro.ServiceLayer.Log4net - ---Executing GetCpoeSourceDrop() in OrdersController----
2022-10-27 11:20:48,185 [5] DEBUG LTCPro.ServiceLayer.Log4net - ---Executing GetCpoeSourceDrop() in OrdersService----
2022-10-27 11:20:48,188 [7] DEBUG LTCPro.ServiceLayer.Log4net - ---Executing GetAllBarcodes() in StockEkitController----
2022-10-27 11:20:48,188 [7] DEBUG LTCPro.ServiceLayer.Log4net - ---Executing GetAllBarcodes() in StockEkitService----
2022-10-27 11:20:48,201 [9] DEBUG LTCPro.ServiceLayer.Log4net - ---Executing GetUserToken() in UserService----
2022-10-27 11:20:48,205 [7] DEBUG LTCPro.ServiceLayer.Log4net - ---Executed Successfully GetAllBarcodes() in StockEkitController----
2022-10-27 11:20:48,216 [9] DEBUG LTCPro.ServiceLayer.Log4net - ---Executing GetUnitMeasurementsDrop() in OrdersController----
2022-10-27 11:20:48,216 [9] DEBUG LTCPro.ServiceLayer.Log4net - ---Executing GetUnitMeasurementsDrop() in OrdersService----
2022-10-27 11:20:48,233 [9] DEBUG LTCPro.ServiceLayer.Log4net - ---Executed Successfully GetUnitMeasurementsDrop() in OrdersController----
2022-10-27 11:20:48,234 [5] DEBUG LTCPro.ServiceLayer.Log4net - ---Executed Successfully GetCpoeSourceDrop() in OrdersController----
2022-10-27 11:20:48,502 [8] DEBUG LTCPro.ServiceLayer.Log4net - ---Executing GetUserToken() in UserService----
2022-10-27 11:20:48,506 [8] DEBUG LTCPro.ServiceLayer.Log4net - ---Executing GetDoseUomDrop() in OrdersController----
2022-10-27 11:20:48,507 [8] DEBUG LTCPro.ServiceLayer.Log4net - ---Executing GetDoseUom() in OrdersService----
2022-10-27 11:20:48,511 [8] DEBUG LTCPro.ServiceLayer.Log4net - ---Executed Successfully GetDoseUomDrop() in OrdersController----
2022-10-27 11:20:48,514 [13] DEBUG LTCPro.ServiceLayer.Log4net - ---Executing GetUserToken() in UserService----
2022-10-27 11:20:48,519 [13] DEBUG LTCPro.ServiceLayer.Log4net - ---Executing GetOrderRoutes() in OrdersController----
2022-10-27 11:20:48,519 [13] DEBUG LTCPro.ServiceLayer.Log4net - ---Executing GetOrderRoutes() in OrdersService----
2022-10-27 11:20:48,526 [13] DEBUG LTCPro.ServiceLayer.Log4net - ---Executed Successfully GetOrderRoutes() in OrdersController----
2022-10-27 11:20:48,577 [9] DEBUG LTCPro.ServiceLayer.Log4net - ---Executing GetUserToken() in UserService----
2022-10-27 11:20:48,581 [9] DEBUG LTCPro.ServiceLayer.Log4net - ---Executing GetFrequencyMasterDataWithShifts() in OrdersController----
2022-10-27 11:20:48,581 [9] DEBUG LTCPro.ServiceLayer.Log4net - ---Executing GetFrequencyMasterDataWithShifts() in OrdersService----
2022-10-27 11:20:48,621 [9] DEBUG LTCPro.ServiceLayer.Log4net - ---Executed Successfully GetFrequencyMasterDataWithShifts() in OrdersController----
2022-10-27 11:20:48,718 [20] DEBUG LTCPro.ServiceLayer.Log4net - ---Executed Successfully GetResidentInformation() in ResidentDemographicController----
2022-10-27 11:20:48,824 [13] DEBUG LTCPro.ServiceLayer.Log4net - ---Executing GetUserToken() in UserService----
2022-10-27 11:20:48,827 [5] DEBUG LTCPro.ServiceLayer.Log4net - ---Executing GetUserToken() in UserService----
2022-10-27 11:20:48,832 [13] DEBUG LTCPro.ServiceLayer.Log4net - ---Executing GetPatientType() in ResidentDemographicController----
2022-10-27 11:20:48,832 [13] DEBUG LTCPro.ServiceLayer.Log4net - ---Executing GetPatientType() in EmarService----
2022-10-27 11:20:48,833 [5] DEBUG LTCPro.ServiceLayer.Log4net - ---Executing GetResidentDiagnosisInfo() in ResidentDemographicController----
2022-10-27 11:20:48,833 [5] DEBUG LTCPro.ServiceLayer.Log4net - ---Executing GetResidentDiagnosisInfo() in DiagnosisInfoService----
2022-10-27 11:20:48,839 [13] DEBUG LTCPro.ServiceLayer.Log4net - ---Executed Successfully GetPatientType() in ResidentDemographicController----
2022-10-27 11:20:48,843 [5] DEBUG LTCPro.ServiceLayer.Log4net - ---Executed Successfully GetResidentDiagnosisInfo() in ResidentDemographicController----
2022-10-27 11:20:49,012 [9] DEBUG LTCPro.ServiceLayer.Log4net - ---Executing GetUserToken() in UserService----
2022-10-27 11:20:49,017 [9] DEBUG LTCPro.ServiceLayer.Log4net - ---Executing GetDiagnosisDetails() in OrdersController----
2022-10-27 11:20:49,017 [9] DEBUG LTCPro.ServiceLayer.Log4net - ---Executing GetDiagnosisDetails() in OrdersService----
2022-10-27 11:20:49,033 [9] DEBUG LTCPro.ServiceLayer.Log4net - ---Executed Successfully GetDiagnosisDetails() in OrdersController----
2022-10-27 11:20:49,039 [8] DEBUG LTCPro.ServiceLayer.Log4net - ---Executing GetUserToken() in UserService----
2022-10-27 11:20:49,044 [8] DEBUG LTCPro.ServiceLayer.Log4net - ---Executing GetOrderGridData() in OrdersController----
2022-10-27 11:20:49,044 [8] DEBUG LTCPro.ServiceLayer.Log4net - ---Executing GetOrderGridData() in OrdersService----
2022-10-27 11:20:49,191 [8] DEBUG LTCPro.ServiceLayer.Log4net - ---Executed Successfully GetOrderGridData() in OrdersController----
2022-10-27 11:20:49,234 [5] DEBUG LTCPro.ServiceLayer.Log4net - ---Executing GetUserToken() in UserService----
2022-10-27 11:20:49,240 [5] DEBUG LTCPro.ServiceLayer.Log4net - ---Executing GetAllBarcodes() in StockEkitController----
2022-10-27 11:20:49,240 [5] DEBUG LTCPro.ServiceLayer.Log4net - ---Executing GetAllBarcodes() in StockEkitService----
2022-10-27 11:20:49,254 [5] DEBUG LTCPro.ServiceLayer.Log4net - ---Executed Successfully GetAllBarcodes() in StockEkitController----
2022-10-27 11:20:49,554 [8] DEBUG LTCPro.ServiceLayer.Log4net - ---Executing GetUserToken() in UserService----
2022-10-27 11:20:49,557 [9] DEBUG LTCPro.ServiceLayer.Log4net - ---Executing GetUserToken() in UserService----
2022-10-27 11:20:49,560 [8] DEBUG LTCPro.ServiceLayer.Log4net - ---Executing GetOrderGridData() in OrdersController----
2022-10-27 11:20:49,560 [8] DEBUG LTCPro.ServiceLayer.Log4net - ---Executing GetOrderGridData() in OrdersService----
2022-10-27 11:20:49,563 [9] DEBUG LTCPro.ServiceLayer.Log4net - ---Executing GetOrdersData() in OrdersController----
2022-10-27 11:20:49,563 [9] DEBUG LTCPro.ServiceLayer.Log4net - ---Executing GetOrdersData() in OrdersService----
2022-10-27 11:20:49,620 [9] DEBUG LTCPro.ServiceLayer.Log4net - ---Executed Successfully GetOrdersData() in OrdersController----
2022-10-27 11:20:49,756 [8] DEBUG LTCPro.ServiceLayer.Log4net - ---Executed Successfully GetOrderGridData() in OrdersController----
2022-10-27 11:20:49,883 [5] DEBUG LTCPro.ServiceLayer.Log4net - ---Executing GetUserToken() in UserService----
2022-10-27 11:20:49,884 [9] DEBUG LTCPro.ServiceLayer.Log4net - ---Executing GetUserToken() in UserService----
2022-10-27 11:20:49,890 [5] DEBUG LTCPro.ServiceLayer.Log4net - ---Executing GetFavouritesMasterData() in OrdersController----
2022-10-27 11:20:49,890 [5] DEBUG LTCPro.ServiceLayer.Log4net - ---Executing GetFavouritesMasterData() in OrdersService----
2022-10-27 11:20:49,891 [16] DEBUG LTCPro.ServiceLayer.Log4net - ---Executing GetUserToken() in UserService----
2022-10-27 11:20:49,893 [9] DEBUG LTCPro.ServiceLayer.Log4net - ---Executing GetPhysicianDropData() in OrdersController----
2022-10-27 11:20:49,893 [9] DEBUG LTCPro.ServiceLayer.Log4net - ---Executing GetPhysicianDropData() in OrdersService----
2022-10-27 11:20:49,896 [16] DEBUG LTCPro.ServiceLayer.Log4net - ---Executing GetOrderStockDetails() in OrdersController----
2022-10-27 11:20:49,896 [16] DEBUG LTCPro.ServiceLayer.Log4net - ---Executing GetOrderStockDetails() in OrdersService----
2022-10-27 11:20:49,902 [5] DEBUG LTCPro.ServiceLayer.Log4net - ---Executed Successfully GetFavouritesMasterData() in OrdersController----
2022-10-27 11:20:49,906 [16] DEBUG LTCPro.ServiceLayer.Log4net - ---Executed Successfully GetOrderStockDetails() in OrdersController----
2022-10-27 11:20:49,911 [17] DEBUG LTCPro.ServiceLayer.Log4net - ---Executing GetUserToken() in UserService----
2022-10-27 11:20:49,915 [9] DEBUG LTCPro.ServiceLayer.Log4net - ---Executed Successfully GetPhysicianDropData() in OrdersController----
2022-10-27 11:20:49,916 [17] DEBUG LTCPro.ServiceLayer.Log4net - ---Executing GetCpoeSourceDrop() in OrdersController----
2022-10-27 11:20:49,916 [17] DEBUG LTCPro.ServiceLayer.Log4net - ---Executing GetCpoeSourceDrop() in OrdersService----
2022-10-27 11:20:49,921 [17] DEBUG LTCPro.ServiceLayer.Log4net - ---Executed Successfully GetCpoeSourceDrop() in OrdersController----
2022-10-27 11:21:05,106 [9] DEBUG LTCPro.ServiceLayer.Log4net - ---Executing GetUserToken() in UserService----
2022-10-27 11:21:05,112 [9] DEBUG LTCPro.ServiceLayer.Log4net - ---Executing GetCpoeSourceDrop() in OrdersController----
2022-10-27 11:21:05,112 [9] DEBUG LTCPro.ServiceLayer.Log4net - ---Executing GetCpoeSourceDrop() in OrdersService----
2022-10-27 11:21:05,125 [9] DEBUG LTCPro.ServiceLayer.Log4net - ---Executed Successfully GetCpoeSourceDrop() in OrdersController----
2022-10-27 11:21:05,134 [8] DEBUG LTCPro.ServiceLayer.Log4net - ---Executing GetUserToken() in UserService----
2022-10-27 11:21:05,139 [8] DEBUG LTCPro.ServiceLayer.Log4net - ---Executing GetWeekMasterData() in OrdersController----
2022-10-27 11:21:05,140 [8] DEBUG LTCPro.ServiceLayer.Log4net - ---Executing GetWeekMasterData() in OrdersService----
2022-10-27 11:21:05,158 [5] DEBUG LTCPro.ServiceLayer.Log4net - ---Executing GetUserToken() in UserService----
2022-10-27 11:21:05,165 [5] DEBUG LTCPro.ServiceLayer.Log4net - ---Executing GetMonthMasterData() in OrdersController----
2022-10-27 11:21:05,165 [5] DEBUG LTCPro.ServiceLayer.Log4net - ---Executing GetMonthMasterData() in OrdersService----
2022-10-27 11:21:05,172 [8] DEBUG LTCPro.ServiceLayer.Log4net - ---Executed Successfully GetWeekMasterData() in OrdersController----
2022-10-27 11:21:05,194 [5] DEBUG LTCPro.ServiceLayer.Log4net - ---Executed Successfully GetMonthMasterData() in OrdersController----
2022-10-27 11:21:15,854 [10] DEBUG LTCPro.ServiceLayer.Log4net - ---Executing GetUserToken() in UserService----
2022-10-27 11:21:15,854 [13] DEBUG LTCPro.ServiceLayer.Log4net - ---Executing GetUserToken() in UserService----
2022-10-27 11:21:15,860 [13] DEBUG LTCPro.ServiceLayer.Log4net - ---Executing GetUserRecentFacNs() in UserController----
2022-10-27 11:21:15,860 [13] DEBUG LTCPro.ServiceLayer.Log4net - ---Executing GetUserRecentFacNs() in UserService----
2022-10-27 11:21:15,863 [10] DEBUG LTCPro.ServiceLayer.Log4net - ---Executing InsertUserActivityDetails() in CompanyController----
2022-10-27 11:21:15,863 [10] DEBUG LTCPro.ServiceLayer.Log4net - ---Executing InsertUserActivityDetails() in UserActivityService----
2022-10-27 11:21:15,872 [10] DEBUG LTCPro.ServiceLayer.Log4net - ---Executed Successfully InsertUserActivityDetails() in CompanyController----
2022-10-27 11:21:15,875 [13] DEBUG LTCPro.ServiceLayer.Log4net - ---Executed Successfully GetUserRecentFacNs() in UserController----
2022-10-27 11:21:15,915 [17] DEBUG LTCPro.ServiceLayer.Log4net - ---Executing GetUserToken() in UserService----
2022-10-27 11:21:15,919 [17] DEBUG LTCPro.ServiceLayer.Log4net - ---Executing GetUserAccessFacilityNurseStaions() in FacilityController----
2022-10-27 11:21:15,919 [17] DEBUG LTCPro.ServiceLayer.Log4net - ---Executing GetUserAccessFacilityNurseStaions() in FacilityService----
2022-10-27 11:21:15,929 [17] DEBUG LTCPro.ServiceLayer.Log4net - ---Executed Successfully GetUserAccessFacilityNurseStaions() in FacilityController----
2022-10-27 11:21:15,991 [15] DEBUG LTCPro.ServiceLayer.Log4net - ---Executing GetUserToken() in UserService----
2022-10-27 11:21:15,996 [15] DEBUG LTCPro.ServiceLayer.Log4net - ---Executing UserNurseStationDrop() in FacilityController----
2022-10-27 11:21:15,996 [15] DEBUG LTCPro.ServiceLayer.Log4net - ---Executing UserNurseStationDrop() in FacilityService----
2022-10-27 11:21:16,002 [15] DEBUG LTCPro.ServiceLayer.Log4net - ---Executed Successfully UserNurseStationDrop() in FacilityController----
2022-10-27 11:21:16,032 [13] DEBUG LTCPro.ServiceLayer.Log4net - ---Executing GetUserToken() in UserService----
2022-10-27 11:21:16,044 [13] DEBUG LTCPro.ServiceLayer.Log4net - ---Executing GetCompanyToBedFlagByFacId() in FacilityController----
2022-10-27 11:21:16,044 [13] DEBUG LTCPro.ServiceLayer.Log4net - ---Executing GetCompanyToBedFlagByFacId() in FacilityService----
2022-10-27 11:21:16,130 [7] DEBUG LTCPro.ServiceLayer.Log4net - ---Executing GetUserToken() in UserService----
2022-10-27 11:21:16,137 [13] DEBUG LTCPro.ServiceLayer.Log4net - ---Executed Successfully GetCompanyToBedFlagByFacId() in FacilityController----
2022-10-27 11:21:16,161 [13] DEBUG LTCPro.ServiceLayer.Log4net - ---Executing GetUserToken() in UserService----
2022-10-27 11:21:16,167 [13] DEBUG LTCPro.ServiceLayer.Log4net - ---Executing GetSeventyTwoHourDetailsByfilter() in EMARController----
2022-10-27 11:21:16,167 [13] DEBUG LTCPro.ServiceLayer.Log4net - ---Executing GetSeventyTwoHourDetailsByfilter() in EmarService----
2022-10-27 11:21:16,299 [15] DEBUG LTCPro.ServiceLayer.Log4net - ---Executing GetUserToken() in UserService----
2022-10-27 11:21:16,304 [15] DEBUG LTCPro.ServiceLayer.Log4net - ---Executing OrderEndingSoonStatus() in OrdersController----
2022-10-27 11:21:16,304 [15] DEBUG LTCPro.ServiceLayer.Log4net - ---Executing OrderEndingSoonStatus() in OrdersService----
2022-10-27 11:21:16,310 [17] DEBUG LTCPro.ServiceLayer.Log4net - ---Executing GetUserToken() in UserService----
2022-10-27 11:21:16,321 [17] DEBUG LTCPro.ServiceLayer.Log4net - ---Executing GetOrdersEndingSoon() in OrdersController----
2022-10-27 11:21:16,321 [17] DEBUG LTCPro.ServiceLayer.Log4net - ---Executing GetOrdersEndingSoon() in OrdersService----
2022-10-27 11:21:16,328 [15] DEBUG LTCPro.ServiceLayer.Log4net - ---Executed Successfully OrderEndingSoonStatus() in OrdersController----
2022-10-27 11:21:16,386 [15] DEBUG LTCPro.ServiceLayer.Log4net - ---Executing GetUserToken() in UserService----
2022-10-27 11:21:16,395 [17] DEBUG LTCPro.ServiceLayer.Log4net - ---Executed Successfully GetOrdersEndingSoon() in OrdersController----
2022-10-27 11:21:16,395 [15] DEBUG LTCPro.ServiceLayer.Log4net - ---Executing GetPRNDetailsByfilter() in EMARController----
2022-10-27 11:21:16,395 [15] DEBUG LTCPro.ServiceLayer.Log4net - ---Executing GetPRNDetailsByfilter() in EmarService----
2022-10-27 11:21:16,441 [7] DEBUG LTCPro.ServiceLayer.Log4net - ---Executing OrderEndingSoonStatus() in OrdersController----
2022-10-27 11:21:16,441 [7] DEBUG LTCPro.ServiceLayer.Log4net - ---Executing OrderEndingSoonStatus() in OrdersService----
2022-10-27 11:21:16,485 [7] DEBUG LTCPro.ServiceLayer.Log4net - ---Executed Successfully OrderEndingSoonStatus() in OrdersController----
2022-10-27 11:21:16,524 [7] DEBUG LTCPro.ServiceLayer.Log4net - ---Executing GetUserToken() in UserService----
2022-10-27 11:21:16,529 [7] DEBUG LTCPro.ServiceLayer.Log4net - ---Executing GetNurseStationHierarchyDetailsbyNsId() in CompanyController----
2022-10-27 11:21:16,529 [7] DEBUG LTCPro.ServiceLayer.Log4net - ---Executing GetNurseStationHierarchyDetailsbyNsId() in CompanyService----
2022-10-27 11:21:16,534 [7] DEBUG LTCPro.ServiceLayer.Log4net - ---Executed Successfully GetNurseStationHierarchyDetailsbyNsId() in CompanyController----
2022-10-27 11:21:16,719 [15] DEBUG LTCPro.ServiceLayer.Log4net - ---Executed Successfully GetPRNDetailsByfilter() in EMARController----
2022-10-27 11:21:16,729 [13] DEBUG LTCPro.ServiceLayer.Log4net - ---Executed Successfully GetSeventyTwoHourDetailsByfilter() in EMARController----
2022-10-27 11:21:16,754 [17] DEBUG LTCPro.ServiceLayer.Log4net - ---Executing GetUserToken() in UserService----
2022-10-27 11:21:16,759 [17] DEBUG LTCPro.ServiceLayer.Log4net - ---Executing GetOrdersGridData() in OrdersController----
2022-10-27 11:21:16,759 [17] DEBUG LTCPro.ServiceLayer.Log4net - ---Executing GetOrdersGridData() in OrdersService----
2022-10-27 11:21:16,885 [17] DEBUG LTCPro.ServiceLayer.Log4net - ---Executed Successfully GetOrdersGridData() in OrdersController----
2022-10-27 11:21:17,154 [13] DEBUG LTCPro.ServiceLayer.Log4net - ---Executing GetUserToken() in UserService----
2022-10-27 11:21:17,162 [13] DEBUG LTCPro.ServiceLayer.Log4net - ---Executing GetPendingOrdersGridData() in OrdersController----
2022-10-27 11:21:17,163 [13] DEBUG LTCPro.ServiceLayer.Log4net - ---Executing GetPendingOrdersGridData() in OrdersService----
2022-10-27 11:21:17,245 [13] DEBUG LTCPro.ServiceLayer.Log4net - ---Executed Successfully GetPendingOrdersGridData() in OrdersController----
2022-10-27 11:21:18,776 [7] DEBUG LTCPro.ServiceLayer.Log4net - ---Executing GetUserToken() in UserService----
2022-10-27 11:21:18,780 [7] DEBUG LTCPro.ServiceLayer.Log4net - ---Executing GetOrdersGridDataByPatientId() in OrdersController----
2022-10-27 11:21:18,780 [7] DEBUG LTCPro.ServiceLayer.Log4net - ---Executing GetOrdersGridDataByPatientId() in OrdersService----
2022-10-27 11:21:18,809 [7] DEBUG LTCPro.ServiceLayer.Log4net - ---Executed Successfully GetOrdersGridDataByPatientId() in OrdersController----
2022-10-27 11:21:20,329 [9] DEBUG LTCPro.ServiceLayer.Log4net - ---Executing GetUserToken() in UserService----
2022-10-27 11:21:20,335 [9] DEBUG LTCPro.ServiceLayer.Log4net - ---Executing GetFacilityNSResidentsDataByPId() in ResidentDemographicController----
2022-10-27 11:21:20,335 [9] DEBUG LTCPro.ServiceLayer.Log4net - ---Executing GetFacilityNSResidentsDataByPId() in ResidentDemographicService----
2022-10-27 11:21:20,371 [9] DEBUG LTCPro.ServiceLayer.Log4net - ---Executed Successfully GetFacilityNSResidentsDataByPId() in ResidentDemographicController----
2022-10-27 11:21:20,551 [15] DEBUG LTCPro.ServiceLayer.Log4net - ---Executing GetUserToken() in UserService----
2022-10-27 11:21:20,576 [13] DEBUG LTCPro.ServiceLayer.Log4net - ---Executing GetUserToken() in UserService----
2022-10-27 11:21:20,582 [10] DEBUG LTCPro.ServiceLayer.Log4net - ---Executing GetUserToken() in UserService----
2022-10-27 11:21:20,585 [15] DEBUG LTCPro.ServiceLayer.Log4net - ---Executing GetAllBarcodes() in StockEkitController----
2022-10-27 11:21:20,585 [15] DEBUG LTCPro.ServiceLayer.Log4net - ---Executing GetAllBarcodes() in StockEkitService----
2022-10-27 11:21:20,596 [13] DEBUG LTCPro.ServiceLayer.Log4net - ---Executing GetDrFirstFlagForCompanyByNSId() in CompanyController----
2022-10-27 11:21:20,597 [13] DEBUG LTCPro.ServiceLayer.Log4net - ---Executing GetDrFirstFlagForCompanyByNSId() in CompanyService----
2022-10-27 11:21:20,601 [10] DEBUG LTCPro.ServiceLayer.Log4net - ---Executing GetNurseNotes() in OrdersController----
2022-10-27 11:21:20,601 [10] DEBUG LTCPro.ServiceLayer.Log4net - ---Executing GetNurseNotes() in OrdersService----
2022-10-27 11:21:20,606 [15] DEBUG LTCPro.ServiceLayer.Log4net - ---Executed Successfully GetAllBarcodes() in StockEkitController----
2022-10-27 11:21:20,633 [8] DEBUG LTCPro.ServiceLayer.Log4net - ---Executing GetUserToken() in UserService----
2022-10-27 11:21:20,638 [13] DEBUG LTCPro.ServiceLayer.Log4net - ---Executed Successfully GetDrFirstFlagForCompanyByNSId() in CompanyController----
2022-10-27 11:21:20,644 [8] DEBUG LTCPro.ServiceLayer.Log4net - ---Executing GetResidentInformation() in ResidentDemographicController----
2022-10-27 11:21:20,644 [8] DEBUG LTCPro.ServiceLayer.Log4net - ---Executing GetResidentInformation() in ResidentDemographicService----
2022-10-27 11:21:20,683 [10] DEBUG LTCPro.ServiceLayer.Log4net - ---Executed Successfully GetNurseNotes() in OrdersController----
2022-10-27 11:21:20,796 [17] DEBUG LTCPro.ServiceLayer.Log4net - ---Executing GetUserToken() in UserService----
2022-10-27 11:21:20,801 [17] DEBUG LTCPro.ServiceLayer.Log4net - ---Executing GetOrderRoutes() in OrdersController----
2022-10-27 11:21:20,801 [17] DEBUG LTCPro.ServiceLayer.Log4net - ---Executing GetOrderRoutes() in OrdersService----
2022-10-27 11:21:20,805 [17] DEBUG LTCPro.ServiceLayer.Log4net - ---Executed Successfully GetOrderRoutes() in OrdersController----
2022-10-27 11:21:20,807 [9] DEBUG LTCPro.ServiceLayer.Log4net - ---Executing GetUserToken() in UserService----
2022-10-27 11:21:20,811 [9] DEBUG LTCPro.ServiceLayer.Log4net - ---Executing GetPhysicianDropData() in OrdersController----
2022-10-27 11:21:20,811 [9] DEBUG LTCPro.ServiceLayer.Log4net - ---Executing GetPhysicianDropData() in OrdersService----
2022-10-27 11:21:20,821 [9] DEBUG LTCPro.ServiceLayer.Log4net - ---Executed Successfully GetPhysicianDropData() in OrdersController----
2022-10-27 11:21:21,497 [8] DEBUG LTCPro.ServiceLayer.Log4net - ---Executed Successfully GetResidentInformation() in ResidentDemographicController----
2022-10-27 11:21:21,546 [20] DEBUG LTCPro.ServiceLayer.Log4net - ---Executing GetUserToken() in UserService----
2022-10-27 11:21:21,601 [20] DEBUG LTCPro.ServiceLayer.Log4net - ---Executing GetDrFirstOrderCheck() in DrFirstIntegrationController----
2022-10-27 11:21:21,601 [20] DEBUG LTCPro.ServiceLayer.Log4net - ---Executing GetDrFirstOrderCheck() in DrFirstIntegrationService----
2022-10-27 11:21:21,621 [17] DEBUG LTCPro.ServiceLayer.Log4net - ---Executing GetUserToken() in UserService----
2022-10-27 11:21:21,621 [20] DEBUG LTCPro.ServiceLayer.Log4net - ---Executed Successfully GetDrFirstOrderCheck() in DrFirstIntegrationController----
2022-10-27 11:21:21,626 [17] DEBUG LTCPro.ServiceLayer.Log4net - ---Executing GetPatientType() in ResidentDemographicController----
2022-10-27 11:21:21,626 [17] DEBUG LTCPro.ServiceLayer.Log4net - ---Executing GetPatientType() in EmarService----
2022-10-27 11:21:21,630 [17] DEBUG LTCPro.ServiceLayer.Log4net - ---Executed Successfully GetPatientType() in ResidentDemographicController----
2022-10-27 11:21:21,792 [5] DEBUG LTCPro.ServiceLayer.Log4net - ---Executing GetUserToken() in UserService----
2022-10-27 11:21:21,793 [7] DEBUG LTCPro.ServiceLayer.Log4net - ---Executing GetUserToken() in UserService----
2022-10-27 11:21:21,798 [5] DEBUG LTCPro.ServiceLayer.Log4net - ---Executing GetOrderGridData() in OrdersController----
2022-10-27 11:21:21,798 [5] DEBUG LTCPro.ServiceLayer.Log4net - ---Executing GetOrderGridData() in OrdersService----
2022-10-27 11:21:21,799 [7] DEBUG LTCPro.ServiceLayer.Log4net - ---Executing GetDiagnosisDetails() in OrdersController----
2022-10-27 11:21:21,799 [7] DEBUG LTCPro.ServiceLayer.Log4net - ---Executing GetDiagnosisDetails() in OrdersService----
2022-10-27 11:21:21,809 [7] DEBUG LTCPro.ServiceLayer.Log4net - ---Executed Successfully GetDiagnosisDetails() in OrdersController----
2022-10-27 11:21:21,923 [5] DEBUG LTCPro.ServiceLayer.Log4net - ---Executed Successfully GetOrderGridData() in OrdersController----
2022-10-27 11:21:21,965 [5] DEBUG LTCPro.ServiceLayer.Log4net - ---Executing GetUserToken() in UserService----
2022-10-27 11:21:21,971 [5] DEBUG LTCPro.ServiceLayer.Log4net - ---Executing GetAllBarcodes() in StockEkitController----
2022-10-27 11:21:21,971 [5] DEBUG LTCPro.ServiceLayer.Log4net - ---Executing GetAllBarcodes() in StockEkitService----
2022-10-27 11:21:21,984 [5] DEBUG LTCPro.ServiceLayer.Log4net - ---Executed Successfully GetAllBarcodes() in StockEkitController----
2022-10-27 11:21:22,162 [9] DEBUG LTCPro.ServiceLayer.Log4net - ---Executing GetUserToken() in UserService----
2022-10-27 11:21:22,166 [19] DEBUG LTCPro.ServiceLayer.Log4net - ---Executing GetUserToken() in UserService----
2022-10-27 11:21:22,167 [9] DEBUG LTCPro.ServiceLayer.Log4net - ---Executing GetOrdersData() in OrdersController----
2022-10-27 11:21:22,167 [9] DEBUG LTCPro.ServiceLayer.Log4net - ---Executing GetOrdersData() in OrdersService----
2022-10-27 11:21:22,171 [19] DEBUG LTCPro.ServiceLayer.Log4net - ---Executing GetOrderGridData() in OrdersController----
2022-10-27 11:21:22,171 [19] DEBUG LTCPro.ServiceLayer.Log4net - ---Executing GetOrderGridData() in OrdersService----
2022-10-27 11:21:22,219 [9] DEBUG LTCPro.ServiceLayer.Log4net - ---Executed Successfully GetOrdersData() in OrdersController----
2022-10-27 11:21:22,329 [19] DEBUG LTCPro.ServiceLayer.Log4net - ---Executed Successfully GetOrderGridData() in OrdersController----
2022-10-27 11:21:22,582 [8] DEBUG LTCPro.ServiceLayer.Log4net - ---Executing GetUserToken() in UserService----
2022-10-27 11:21:22,588 [8] DEBUG LTCPro.ServiceLayer.Log4net - ---Executing GetPhysicianDropData() in OrdersController----
2022-10-27 11:21:22,588 [8] DEBUG LTCPro.ServiceLayer.Log4net - ---Executing GetPhysicianDropData() in OrdersService----
2022-10-27 11:21:22,600 [9] DEBUG LTCPro.ServiceLayer.Log4net - ---Executing GetUserToken() in UserService----
2022-10-27 11:21:22,600 [8] DEBUG LTCPro.ServiceLayer.Log4net - ---Executed Successfully GetPhysicianDropData() in OrdersController----
2022-10-27 11:21:22,607 [5] DEBUG LTCPro.ServiceLayer.Log4net - ---Executing GetUserToken() in UserService----
2022-10-27 11:21:22,611 [9] DEBUG LTCPro.ServiceLayer.Log4net - ---Executing GetFavouritesMasterData() in OrdersController----
2022-10-27 11:21:22,611 [9] DEBUG LTCPro.ServiceLayer.Log4net - ---Executing GetFavouritesMasterData() in OrdersService----
2022-10-27 11:21:22,616 [5] DEBUG LTCPro.ServiceLayer.Log4net - ---Executing GetOrderStockDetails() in OrdersController----
2022-10-27 11:21:22,616 [5] DEBUG LTCPro.ServiceLayer.Log4net - ---Executing GetOrderStockDetails() in OrdersService----
2022-10-27 11:21:22,624 [9] DEBUG LTCPro.ServiceLayer.Log4net - ---Executed Successfully GetFavouritesMasterData() in OrdersController----
2022-10-27 11:21:22,631 [5] DEBUG LTCPro.ServiceLayer.Log4net - ---Executed Successfully GetOrderStockDetails() in OrdersController----
2022-10-27 11:21:22,676 [7] DEBUG LTCPro.ServiceLayer.Log4net - ---Executing GetUserToken() in UserService----
2022-10-27 11:21:22,681 [7] DEBUG LTCPro.ServiceLayer.Log4net - ---Executing GetNurseNotes() in OrdersController----
2022-10-27 11:21:22,681 [7] DEBUG LTCPro.ServiceLayer.Log4net - ---Executing GetNurseNotes() in OrdersService----
2022-10-27 11:21:22,703 [7] DEBUG LTCPro.ServiceLayer.Log4net - ---Executed Successfully GetNurseNotes() in OrdersController----
2022-10-27 11:29:59,058 [18] DEBUG LTCPro.ServiceLayer.Log4net - ---Executing GetUserToken() in UserService----
2022-10-27 11:29:59,066 [26] DEBUG LTCPro.ServiceLayer.Log4net - ---Executing GetUserToken() in UserService----
2022-10-27 11:29:59,085 [18] DEBUG LTCPro.ServiceLayer.Log4net - ---Executing InsertUserActivityDetails() in CompanyController----
2022-10-27 11:29:59,085 [18] DEBUG LTCPro.ServiceLayer.Log4net - ---Executing InsertUserActivityDetails() in UserActivityService----
2022-10-27 11:29:59,094 [18] DEBUG LTCPro.ServiceLayer.Log4net - ---Executed Successfully InsertUserActivityDetails() in CompanyController----
2022-10-27 11:29:59,098 [26] DEBUG LTCPro.ServiceLayer.Log4net - ---Executing GetUserRecentFacNs() in UserController----
2022-10-27 11:29:59,098 [26] DEBUG LTCPro.ServiceLayer.Log4net - ---Executing GetUserRecentFacNs() in UserService----
2022-10-27 11:29:59,107 [26] DEBUG LTCPro.ServiceLayer.Log4net - ---Executed Successfully GetUserRecentFacNs() in UserController----
2022-10-27 11:29:59,126 [18] DEBUG LTCPro.ServiceLayer.Log4net - ---Executing GetUserToken() in UserService----
2022-10-27 11:29:59,131 [18] DEBUG LTCPro.ServiceLayer.Log4net - ---Executing GetUserAccessFacilityNurseStaions() in FacilityController----
2022-10-27 11:29:59,131 [18] DEBUG LTCPro.ServiceLayer.Log4net - ---Executing GetUserAccessFacilityNurseStaions() in FacilityService----
2022-10-27 11:29:59,140 [18] DEBUG LTCPro.ServiceLayer.Log4net - ---Executed Successfully GetUserAccessFacilityNurseStaions() in FacilityController----
2022-10-27 11:29:59,160 [18] DEBUG LTCPro.ServiceLayer.Log4net - ---Executing GetUserToken() in UserService----
2022-10-27 11:29:59,165 [18] DEBUG LTCPro.ServiceLayer.Log4net - ---Executing UserNurseStationDrop() in FacilityController----
2022-10-27 11:29:59,165 [18] DEBUG LTCPro.ServiceLayer.Log4net - ---Executing UserNurseStationDrop() in FacilityService----
2022-10-27 11:29:59,171 [18] DEBUG LTCPro.ServiceLayer.Log4net - ---Executed Successfully UserNurseStationDrop() in FacilityController----
2022-10-27 11:29:59,229 [18] DEBUG LTCPro.ServiceLayer.Log4net - ---Executing GetUserToken() in UserService----
2022-10-27 11:29:59,234 [18] DEBUG LTCPro.ServiceLayer.Log4net - ---Executing GetCompanyToBedFlagByFacId() in FacilityController----
2022-10-27 11:29:59,234 [18] DEBUG LTCPro.ServiceLayer.Log4net - ---Executing GetCompanyToBedFlagByFacId() in FacilityService----
2022-10-27 11:29:59,267 [18] DEBUG LTCPro.ServiceLayer.Log4net - ---Executed Successfully GetCompanyToBedFlagByFacId() in FacilityController----
2022-10-27 11:29:59,270 [25] DEBUG LTCPro.ServiceLayer.Log4net - ---Executing GetUserToken() in UserService----
2022-10-27 11:29:59,277 [25] DEBUG LTCPro.ServiceLayer.Log4net - ---Executing GetResidentsByCompanyBed() in ResidentDemographicController----
2022-10-27 11:29:59,284 [25] DEBUG LTCPro.ServiceLayer.Log4net - ---Executing GetResidentsByCompanyBed() in ResidentDemographicService----
2022-10-27 11:29:59,306 [18] DEBUG LTCPro.ServiceLayer.Log4net - ---Executing GetUserToken() in UserService----
2022-10-27 11:29:59,311 [18] DEBUG LTCPro.ServiceLayer.Log4net - ---Executing GetNurseStationHierarchyDetailsbyNsId() in CompanyController----
2022-10-27 11:29:59,311 [18] DEBUG LTCPro.ServiceLayer.Log4net - ---Executing GetNurseStationHierarchyDetailsbyNsId() in CompanyService----
2022-10-27 11:29:59,315 [18] DEBUG LTCPro.ServiceLayer.Log4net - ---Executed Successfully GetNurseStationHierarchyDetailsbyNsId() in CompanyController----
2022-10-27 11:30:01,235 [25] DEBUG LTCPro.ServiceLayer.Log4net - ---Executed Successfully GetResidentsByCompanyBed() in ResidentDemographicController----
2022-10-27 11:30:04,798 [26] DEBUG LTCPro.ServiceLayer.Log4net - ---Executing GetUserToken() in UserService----
2022-10-27 11:30:04,804 [26] DEBUG LTCPro.ServiceLayer.Log4net - ---Executing InsertUserActivityDetails() in CompanyController----
2022-10-27 11:30:04,804 [26] DEBUG LTCPro.ServiceLayer.Log4net - ---Executing InsertUserActivityDetails() in UserActivityService----
2022-10-27 11:30:04,813 [26] DEBUG LTCPro.ServiceLayer.Log4net - ---Executed Successfully InsertUserActivityDetails() in CompanyController----
2022-10-27 11:30:04,852 [25] DEBUG LTCPro.ServiceLayer.Log4net - ---Executing GetUserToken() in UserService----
2022-10-27 11:30:04,853 [24] DEBUG LTCPro.ServiceLayer.Log4net - ---Executing GetUserToken() in UserService----
2022-10-27 11:30:04,949 [24] DEBUG LTCPro.ServiceLayer.Log4net - ---Executing GetReadMailsCount() in MailboxController----
2022-10-27 11:30:04,949 [24] DEBUG LTCPro.ServiceLayer.Log4net - ---Executing GetReadMailsCount() in MailboxService----
2022-10-27 11:30:04,954 [24] DEBUG LTCPro.ServiceLayer.Log4net - ---Executed successfully GetReadMailsCount() in MailboxController----
2022-10-27 11:30:04,962 [25] DEBUG LTCPro.ServiceLayer.Log4net - ---Executing GetMailboxDetails() in MailboxController----
2022-10-27 11:30:04,963 [25] DEBUG LTCPro.ServiceLayer.Log4net - ---Executing GetMailboxDetails() in MailboxService----
2022-10-27 11:30:05,030 [25] DEBUG LTCPro.ServiceLayer.Log4net - ---Executed successfully GetMailboxDetails() in MailboxController----
2022-10-27 11:30:09,236 [23] DEBUG LTCPro.ServiceLayer.Log4net - ---Executing GetUserToken() in UserService----
2022-10-27 11:30:09,241 [23] DEBUG LTCPro.ServiceLayer.Log4net - ---Executing GetMailboxDetails() in MailboxController----
2022-10-27 11:30:09,242 [23] DEBUG LTCPro.ServiceLayer.Log4net - ---Executing GetMailboxDetails() in MailboxService----
2022-10-27 11:30:09,247 [23] DEBUG LTCPro.ServiceLayer.Log4net - ---Executed successfully GetMailboxDetails() in MailboxController----
2022-10-27 11:30:10,940 [23] DEBUG LTCPro.ServiceLayer.Log4net - ---Executing GetUserToken() in UserService----
2022-10-27 11:30:10,946 [23] DEBUG LTCPro.ServiceLayer.Log4net - ---Executing GetMailboxDetails() in MailboxController----
2022-10-27 11:30:10,946 [23] DEBUG LTCPro.ServiceLayer.Log4net - ---Executing GetMailboxDetails() in MailboxService----
2022-10-27 11:30:10,966 [23] DEBUG LTCPro.ServiceLayer.Log4net - ---Executed successfully GetMailboxDetails() in MailboxController----
2022-10-27 11:30:11,957 [23] DEBUG LTCPro.ServiceLayer.Log4net - ---Executing GetUserToken() in UserService----
2022-10-27 11:30:11,962 [23] DEBUG LTCPro.ServiceLayer.Log4net - ---Executing GetMailboxDetails() in MailboxController----
2022-10-27 11:30:11,962 [23] DEBUG LTCPro.ServiceLayer.Log4net - ---Executing GetMailboxDetails() in MailboxService----
2022-10-27 11:30:11,968 [23] DEBUG LTCPro.ServiceLayer.Log4net - ---Executed successfully GetMailboxDetails() in MailboxController----
2022-10-27 11:30:13,267 [26] DEBUG LTCPro.ServiceLayer.Log4net - ---Executing GetUserToken() in UserService----
2022-10-27 11:30:13,267 [25] DEBUG LTCPro.ServiceLayer.Log4net - ---Executing GetUserToken() in UserService----
2022-10-27 11:30:13,273 [26] DEBUG LTCPro.ServiceLayer.Log4net - ---Executing GetReadMailsCount() in MailboxController----
2022-10-27 11:30:13,273 [26] DEBUG LTCPro.ServiceLayer.Log4net - ---Executing GetReadMailsCount() in MailboxService----
2022-10-27 11:30:13,274 [25] DEBUG LTCPro.ServiceLayer.Log4net - ---Executing GetToUsers() in MailboxController----
2022-10-27 11:30:13,275 [25] DEBUG LTCPro.ServiceLayer.Log4net - ---Executing GetToUsers() in MailboxService----
2022-10-27 11:30:13,278 [26] DEBUG LTCPro.ServiceLayer.Log4net - ---Executed successfully GetReadMailsCount() in MailboxController----
2022-10-27 11:30:13,297 [25] DEBUG LTCPro.ServiceLayer.Log4net - ---Executed successfully GetToUsers() in MailboxController----
2022-10-27 11:30:15,655 [18] DEBUG LTCPro.ServiceLayer.Log4net - ---Executing GetUserToken() in UserService----
2022-10-27 11:30:15,660 [18] DEBUG LTCPro.ServiceLayer.Log4net - ---Executing GetMailboxDetails() in MailboxController----
2022-10-27 11:30:15,660 [18] DEBUG LTCPro.ServiceLayer.Log4net - ---Executing GetMailboxDetails() in MailboxService----
2022-10-27 11:30:15,666 [18] DEBUG LTCPro.ServiceLayer.Log4net - ---Executed successfully GetMailboxDetails() in MailboxController----
2022-10-27 11:30:17,788 [26] DEBUG LTCPro.ServiceLayer.Log4net - ---Executing GetUserToken() in UserService----
2022-10-27 11:30:17,793 [26] DEBUG LTCPro.ServiceLayer.Log4net - ---Executing InsertUserActivityDetails() in CompanyController----
2022-10-27 11:30:17,794 [26] DEBUG LTCPro.ServiceLayer.Log4net - ---Executing InsertUserActivityDetails() in UserActivityService----
2022-10-27 11:30:17,794 [18] DEBUG LTCPro.ServiceLayer.Log4net - ---Executing GetUserToken() in UserService----
2022-10-27 11:30:17,795 [25] DEBUG LTCPro.ServiceLayer.Log4net - ---Executing GetUserToken() in UserService----
2022-10-27 11:30:17,799 [18] DEBUG LTCPro.ServiceLayer.Log4net - ---Executing GetReadMailsCount() in MailboxController----
2022-10-27 11:30:17,800 [18] DEBUG LTCPro.ServiceLayer.Log4net - ---Executing GetReadMailsCount() in MailboxService----
2022-10-27 11:30:17,802 [26] DEBUG LTCPro.ServiceLayer.Log4net - ---Executed Successfully InsertUserActivityDetails() in CompanyController----
2022-10-27 11:30:17,805 [18] DEBUG LTCPro.ServiceLayer.Log4net - ---Executed successfully GetReadMailsCount() in MailboxController----
2022-10-27 11:30:17,813 [25] DEBUG LTCPro.ServiceLayer.Log4net - ---Executing GetMailboxDetails() in MailboxController----
2022-10-27 11:30:17,814 [25] DEBUG LTCPro.ServiceLayer.Log4net - ---Executing GetMailboxDetails() in MailboxService----
2022-10-27 11:30:17,820 [25] DEBUG LTCPro.ServiceLayer.Log4net - ---Executed successfully GetMailboxDetails() in MailboxController----
2022-10-27 11:30:19,726 [25] DEBUG LTCPro.ServiceLayer.Log4net - ---Executing GetUserToken() in UserService----
2022-10-27 11:30:19,726 [26] DEBUG LTCPro.ServiceLayer.Log4net - ---Executing GetUserToken() in UserService----
2022-10-27 11:30:19,732 [25] DEBUG LTCPro.ServiceLayer.Log4net - ---Executing GetReadMailsCount() in MailboxController----
2022-10-27 11:30:19,732 [25] DEBUG LTCPro.ServiceLayer.Log4net - ---Executing GetReadMailsCount() in MailboxService----
2022-10-27 11:30:19,732 [26] DEBUG LTCPro.ServiceLayer.Log4net - ---Executing GetToUsers() in MailboxController----
2022-10-27 11:30:19,733 [26] DEBUG LTCPro.ServiceLayer.Log4net - ---Executing GetToUsers() in MailboxService----
2022-10-27 11:30:19,737 [25] DEBUG LTCPro.ServiceLayer.Log4net - ---Executed successfully GetReadMailsCount() in MailboxController----
2022-10-27 11:30:19,746 [26] DEBUG LTCPro.ServiceLayer.Log4net - ---Executed successfully GetToUsers() in MailboxController----
2022-10-27 11:30:26,308 [23] DEBUG LTCPro.ServiceLayer.Log4net - ---Executing GetUserToken() in UserService----
2022-10-27 11:30:26,312 [23] DEBUG LTCPro.ServiceLayer.Log4net - ---Executing GetMailboxDetails() in MailboxController----
2022-10-27 11:30:26,312 [23] DEBUG LTCPro.ServiceLayer.Log4net - ---Executing GetMailboxDetails() in MailboxService----
2022-10-27 11:30:26,335 [23] DEBUG LTCPro.ServiceLayer.Log4net - ---Executed successfully GetMailboxDetails() in MailboxController----
2022-10-27 11:30:29,851 [26] DEBUG LTCPro.ServiceLayer.Log4net - ---Executing LogoutUser() in UserController----
2022-10-27 11:30:29,852 [26] DEBUG LTCPro.ServiceLayer.Log4net - ---Executing LogoutUser() in UserService----
2022-10-27 11:30:30,683 [26] ERROR LTCPro.ServiceLayer.Log4net - ===================================
2022-10-27 11:30:30,758 [26] ERROR LTCPro.ServiceLayer.Log4net -  Source : = mscorlib
2022-10-27 11:30:30,767 [26] ERROR LTCPro.ServiceLayer.Log4net -  Stack Trace : =    at System.Threading.Tasks.Task.ThrowIfExceptional(Boolean includeTaskCanceledExceptions)
   at System.Threading.Tasks.Task`1.GetResultCore(Boolean waitCompletionNotification)
   at System.Threading.Tasks.Task`1.get_Result()
   at WebApi.Controllers.UserController.LogoutUser(Int32 userId) in D:\old system Data 04042021\Emar Service Latest 1\WebApi\Controllers\UserController.cs:line 72
   at lambda_method(Closure , Object , Object[] )
   at System.Web.Http.Controllers.ReflectedHttpActionDescriptor.ActionExecutor.<>c__DisplayClass6_1.<GetExecutor>b__3(Object instance, Object[] methodParameters)
   at System.Web.Http.Controllers.ReflectedHttpActionDescriptor.ActionExecutor.Execute(Object instance, Object[] arguments)
   at System.Web.Http.Controllers.ReflectedHttpActionDescriptor.ExecuteAsync(HttpControllerContext controllerContext, IDictionary`2 arguments, CancellationToken cancellationToken)
--- End of stack trace from previous location where exception was thrown ---
   at System.Runtime.CompilerServices.TaskAwaiter.ThrowForNonSuccess(Task task)
   at System.Runtime.CompilerServices.TaskAwaiter.HandleNonSuccessAndDebuggerNotification(Task task)
   at System.Web.Http.Controllers.ApiControllerActionInvoker.<InvokeActionAsyncCore>d__1.MoveNext()
--- End of stack trace from previous location where exception was thrown ---
   at System.Runtime.CompilerServices.TaskAwaiter.ThrowForNonSuccess(Task task)
   at System.Runtime.CompilerServices.TaskAwaiter.HandleNonSuccessAndDebuggerNotification(Task task)
   at System.Web.Http.Controllers.ActionFilterResult.<ExecuteAsync>d__5.MoveNext()
--- End of stack trace from previous location where exception was thrown ---
   at System.Runtime.CompilerServices.TaskAwaiter.ThrowForNonSuccess(Task task)
   at System.Runtime.CompilerServices.TaskAwaiter.HandleNonSuccessAndDebuggerNotification(Task task)
   at System.Web.Http.Filters.AuthorizationFilterAttribute.<ExecuteAuthorizationFilterAsyncCore>d__3.MoveNext()
--- End of stack trace from previous location where exception was thrown ---
   at System.Runtime.CompilerServices.TaskAwaiter.ThrowForNonSuccess(Task task)
   at System.Runtime.CompilerServices.TaskAwaiter.HandleNonSuccessAndDebuggerNotification(Task task)
   at System.Web.Http.Controllers.ExceptionFilterResult.<ExecuteAsync>d__6.MoveNext()
2022-10-27 11:30:30,767 [26] ERROR LTCPro.ServiceLayer.Log4net -  Exception Message : = One or more errors occurred.
2022-10-27 11:30:30,767 [26] ERROR LTCPro.ServiceLayer.Log4net - ============= Inner Exception  Stack Trace  ===========
2022-10-27 11:30:30,874 [26] ERROR LTCPro.ServiceLayer.Log4net -  Inner Exception  Stack Trace : =    at System.Data.Entity.Internal.InternalContext.SaveChanges()
   at System.Data.Entity.Internal.LazyInternalContext.SaveChanges()
   at System.Data.Entity.DbContext.SaveChanges()
   at LTCPro.Repositories.UserActivityRepository.InsertUserActivityDetails(UserActivityDetailEntity entity) in D:\old system Data 04042021\Emar Service Latest 1\Repositories\Repositories\UserActivityRepository.cs:line 53
   at LTCPro.Repositories.UserRepository.LogoutUser(Int32 userId) in D:\old system Data 04042021\Emar Service Latest 1\Repositories\Repositories\UserRepository.cs:line 446
   at LTCPro.ServiceLayer.UserService.<LogoutUser>d__13.MoveNext() in D:\old system Data 04042021\Emar Service Latest 1\BusinessLayer\Services\UserService.cs:line 76
2022-10-27 11:30:30,874 [26] ERROR LTCPro.ServiceLayer.Log4net - ============= Inner Exception  Stack Trace End  ===========
2022-10-27 11:30:30,874 [26] ERROR LTCPro.ServiceLayer.Log4net - ============= Inner Exception  Message  ===========
2022-10-27 11:30:30,874 [26] ERROR LTCPro.ServiceLayer.Log4net -  Inner Exception Message : = An error occurred while updating the entries. See the inner exception for details.
2022-10-27 11:30:30,874 [26] ERROR LTCPro.ServiceLayer.Log4net - ============= Inner Exception  Message End  ===========
2022-10-27 11:30:36,710 [23] DEBUG LTCPro.ServiceLayer.Log4net - ---Executing UsersConfigNurseStationDrop() in FacilityController----
2022-10-27 11:30:36,710 [23] DEBUG LTCPro.ServiceLayer.Log4net - ---Executing UsersConfigNurseStationDrop() in FacilityService----
2022-10-27 11:30:36,723 [23] DEBUG LTCPro.ServiceLayer.Log4net - ---Executed Successfully UsersConfigNurseStationDrop() in FacilityController----
2022-10-27 11:30:36,793 [23] DEBUG LTCPro.ServiceLayer.Log4net - ---Executing GetProcessKeyMasterList() in FacilityController----
2022-10-27 11:30:36,793 [23] DEBUG LTCPro.ServiceLayer.Log4net - ---Executing GetProcessKeyMasterList() in FacilityService----
2022-10-27 11:30:36,798 [23] DEBUG LTCPro.ServiceLayer.Log4net - ---Executed Successfully GetProcessKeyMasterList() in FacilityController----
2022-10-27 11:30:41,341 [23] DEBUG LTCPro.ServiceLayer.Log4net - ---Executing GetProcessKeyMasterList() in FacilityController----
2022-10-27 11:30:41,341 [23] DEBUG LTCPro.ServiceLayer.Log4net - ---Executing GetProcessKeyMasterList() in FacilityService----
2022-10-27 11:30:41,346 [23] DEBUG LTCPro.ServiceLayer.Log4net - ---Executed Successfully GetProcessKeyMasterList() in FacilityController----
2022-10-27 11:30:42,582 [23] DEBUG LTCPro.ServiceLayer.Log4net - ---Executing CheckUser() in UserService----
2022-10-27 11:30:42,626 [23] DEBUG LTCPro.ServiceLayer.Log4net - ---Executing FindUser() in UserService----
2022-10-27 11:30:42,641 [23] DEBUG LTCPro.ServiceLayer.Log4net - ---Executing InsertUserSession() in UserService----
2022-10-27 11:30:42,658 [23] DEBUG LTCPro.ServiceLayer.Log4net - ---Executing InsertUserToken() in UserService----
2022-10-27 11:30:42,700 [24] DEBUG LTCPro.ServiceLayer.Log4net - ---Executing InsertUpdateUserRecentFacNs() in UserController----
2022-10-27 11:30:42,700 [24] DEBUG LTCPro.ServiceLayer.Log4net - ---Executing GetUserRecentFacNs() in UserService----
2022-10-27 11:30:42,709 [24] DEBUG LTCPro.ServiceLayer.Log4net - ---Executing InsertUpdateUserRecentFacNs() in CommonService----
2022-10-27 11:30:42,724 [24] DEBUG LTCPro.ServiceLayer.Log4net - ---Executed Successfully InsertUpdateUserRecentFacNs() in UserController----
2022-10-27 11:30:42,754 [25] DEBUG LTCPro.ServiceLayer.Log4net - ---Executing GetScreenPermissionsForLoggedInUser() in RoleController----
2022-10-27 11:30:42,754 [25] DEBUG LTCPro.ServiceLayer.Log4net - ---Executing GetScreenPermissionsForLoggedInUser() in RoleService----
2022-10-27 11:30:42,761 [25] DEBUG LTCPro.ServiceLayer.Log4net - ---Executed Successfully GetScreenPermissionsForLoggedInUser() in RoleController----
2022-10-27 11:30:42,908 [25] DEBUG LTCPro.ServiceLayer.Log4net - ---Executing GetUserToken() in UserService----
2022-10-27 11:30:42,908 [28] DEBUG LTCPro.ServiceLayer.Log4net - ---Executing GetUserToken() in UserService----
2022-10-27 11:30:42,914 [28] DEBUG LTCPro.ServiceLayer.Log4net - ---Executing GetAlertsDetails() in MailboxController----
2022-10-27 11:30:42,914 [28] DEBUG LTCPro.ServiceLayer.Log4net - ---Executing GetAlertsDetails() in MailboxService----
2022-10-27 11:30:42,915 [25] DEBUG LTCPro.ServiceLayer.Log4net - ---Executing GetReadMailsCount() in MailboxController----
2022-10-27 11:30:42,915 [25] DEBUG LTCPro.ServiceLayer.Log4net - ---Executing GetReadMailsCount() in MailboxService----
2022-10-27 11:30:42,924 [24] DEBUG LTCPro.ServiceLayer.Log4net - ---Executing GetUserToken() in UserService----
2022-10-27 11:30:42,926 [25] DEBUG LTCPro.ServiceLayer.Log4net - ---Executed successfully GetReadMailsCount() in MailboxController----
2022-10-27 11:30:42,932 [24] DEBUG LTCPro.ServiceLayer.Log4net - ---Executing GetDueMARAlertData() in EmarController----
2022-10-27 11:30:42,932 [24] DEBUG LTCPro.ServiceLayer.Log4net - ---Executing GetDueMARAlertData() in EmarService----
2022-10-27 11:30:42,942 [25] DEBUG LTCPro.ServiceLayer.Log4net - ---Executing GetUserToken() in UserService----
2022-10-27 11:30:42,947 [25] DEBUG LTCPro.ServiceLayer.Log4net - ---Executing GetOutboundErrorDetails() in CommonController----
2022-10-27 11:30:42,947 [25] DEBUG LTCPro.ServiceLayer.Log4net - ---Executing GetOutboundErrorDetails() in CommonService----
2022-10-27 11:30:43,015 [28] DEBUG LTCPro.ServiceLayer.Log4net - ---Executed successfully GetAlertsDetails() in MailboxController----
2022-10-27 11:30:43,031 [28] DEBUG LTCPro.ServiceLayer.Log4net - ---Executing GetUserToken() in UserService----
2022-10-27 11:30:43,047 [28] DEBUG LTCPro.ServiceLayer.Log4net - ---Executing GetUserPassedDueFlag() in UserController----
2022-10-27 11:30:43,047 [28] DEBUG LTCPro.ServiceLayer.Log4net - ---Executing GetUserPassedDueFlag() in UserService----
2022-10-27 11:30:43,051 [28] DEBUG LTCPro.ServiceLayer.Log4net - ---Executed Successfully GetUserPassedDueFlag() in UserController----
2022-10-27 11:30:43,069 [28] DEBUG LTCPro.ServiceLayer.Log4net - ---Executing GetUserToken() in UserService----
2022-10-27 11:30:43,074 [28] DEBUG LTCPro.ServiceLayer.Log4net - ---Executing GetPendingDosesList() in CommonController----
2022-10-27 11:30:43,074 [28] DEBUG LTCPro.ServiceLayer.Log4net - ---Executing GetPendingDosesList() in CommonService----
2022-10-27 11:30:43,379 [28] DEBUG LTCPro.ServiceLayer.Log4net - ---Executed Successfully GetPendingDosesList() in CommonController----
2022-10-27 11:30:43,401 [28] DEBUG LTCPro.ServiceLayer.Log4net - ---Executing GetUserToken() in UserService----
2022-10-27 11:30:43,407 [28] DEBUG LTCPro.ServiceLayer.Log4net - ---Executing GetUserRecentFacNs() in UserController----
2022-10-27 11:30:43,407 [28] DEBUG LTCPro.ServiceLayer.Log4net - ---Executing GetUserRecentFacNs() in UserService----
2022-10-27 11:30:43,416 [28] DEBUG LTCPro.ServiceLayer.Log4net - ---Executed Successfully GetUserRecentFacNs() in UserController----
2022-10-27 11:30:43,427 [28] DEBUG LTCPro.ServiceLayer.Log4net - ---Executing GetUserToken() in UserService----
2022-10-27 11:30:43,433 [28] DEBUG LTCPro.ServiceLayer.Log4net - ---Executing InsertUserActivityDetails() in CompanyController----
2022-10-27 11:30:43,433 [28] DEBUG LTCPro.ServiceLayer.Log4net - ---Executing InsertUserActivityDetails() in UserActivityService----
2022-10-27 11:30:43,441 [28] DEBUG LTCPro.ServiceLayer.Log4net - ---Executed Successfully InsertUserActivityDetails() in CompanyController----
2022-10-27 11:30:43,466 [24] DEBUG LTCPro.ServiceLayer.Log4net - ---Executed Successfully GetDueMARAlertData() in EmarController----
2022-10-27 11:30:43,480 [28] DEBUG LTCPro.ServiceLayer.Log4net - ---Executing GetUserToken() in UserService----
2022-10-27 11:30:43,485 [28] DEBUG LTCPro.ServiceLayer.Log4net - ---Executing GetUserActiveCompanyMasterList() in CompanyController----
2022-10-27 11:30:43,485 [28] DEBUG LTCPro.ServiceLayer.Log4net - ---Executing GetActiveCompanyMasterList() in CompanyService----
2022-10-27 11:30:43,506 [24] DEBUG LTCPro.ServiceLayer.Log4net - ---Executing GetUserToken() in UserService----
2022-10-27 11:30:43,517 [28] DEBUG LTCPro.ServiceLayer.Log4net - ---Executed Successfully GetUserActiveCompanyMasterList() in CompanyController----
2022-10-27 11:30:43,827 [24] DEBUG LTCPro.ServiceLayer.Log4net - ---Executing GetUserAccessFacilityNurseStaions() in FacilityController----
2022-10-27 11:30:43,827 [24] DEBUG LTCPro.ServiceLayer.Log4net - ---Executing GetUserAccessFacilityNurseStaions() in FacilityService----
2022-10-27 11:30:43,839 [24] DEBUG LTCPro.ServiceLayer.Log4net - ---Executed Successfully GetUserAccessFacilityNurseStaions() in FacilityController----
2022-10-27 11:30:43,964 [25] DEBUG LTCPro.ServiceLayer.Log4net - ---Executed Successfully GetOutboundErrorDetails() in CommonController----
2022-10-27 11:30:46,747 [18] DEBUG LTCPro.ServiceLayer.Log4net - ---Executing GetUserToken() in UserService----
2022-10-27 11:30:46,755 [18] DEBUG LTCPro.ServiceLayer.Log4net - ---Executing InsertUserActivityDetails() in CompanyController----
2022-10-27 11:30:46,755 [18] DEBUG LTCPro.ServiceLayer.Log4net - ---Executing InsertUserActivityDetails() in UserActivityService----
2022-10-27 11:30:46,756 [24] DEBUG LTCPro.ServiceLayer.Log4net - ---Executing GetUserToken() in UserService----
2022-10-27 11:30:46,759 [25] DEBUG LTCPro.ServiceLayer.Log4net - ---Executing GetUserToken() in UserService----
2022-10-27 11:30:46,762 [24] DEBUG LTCPro.ServiceLayer.Log4net - ---Executing GetReadMailsCount() in MailboxController----
2022-10-27 11:30:46,762 [24] DEBUG LTCPro.ServiceLayer.Log4net - ---Executing GetReadMailsCount() in MailboxService----
2022-10-27 11:30:46,764 [25] DEBUG LTCPro.ServiceLayer.Log4net - ---Executing GetMailboxDetails() in MailboxController----
2022-10-27 11:30:46,764 [25] DEBUG LTCPro.ServiceLayer.Log4net - ---Executing GetMailboxDetails() in MailboxService----
2022-10-27 11:30:46,764 [18] DEBUG LTCPro.ServiceLayer.Log4net - ---Executed Successfully InsertUserActivityDetails() in CompanyController----
2022-10-27 11:30:46,767 [24] DEBUG LTCPro.ServiceLayer.Log4net - ---Executed successfully GetReadMailsCount() in MailboxController----
2022-10-27 11:30:46,771 [25] DEBUG LTCPro.ServiceLayer.Log4net - ---Executed successfully GetMailboxDetails() in MailboxController----
2022-10-27 11:30:56,110 [22] DEBUG LTCPro.ServiceLayer.Log4net - ---Executing GetUserToken() in UserService----
2022-10-27 11:30:56,110 [24] DEBUG LTCPro.ServiceLayer.Log4net - ---Executing GetUserToken() in UserService----
2022-10-27 11:30:56,112 [23] DEBUG LTCPro.ServiceLayer.Log4net - ---Executing GetUserToken() in UserService----
2022-10-27 11:30:56,116 [24] DEBUG LTCPro.ServiceLayer.Log4net - ---Executing GetReadMailsCount() in MailboxController----
2022-10-27 11:30:56,116 [24] DEBUG LTCPro.ServiceLayer.Log4net - ---Executing GetReadMailsCount() in MailboxService----
2022-10-27 11:30:56,119 [23] DEBUG LTCPro.ServiceLayer.Log4net - ---Executing InsertReadMail() in MailboxController----
2022-10-27 11:30:56,120 [22] DEBUG LTCPro.ServiceLayer.Log4net - ---Executing GetMailBodyDetails() in MailboxController----
2022-10-27 11:30:56,120 [23] DEBUG LTCPro.ServiceLayer.Log4net - ---Executing InsertReadMail() in MailboxService----
2022-10-27 11:30:56,121 [22] DEBUG LTCPro.ServiceLayer.Log4net - ---Executing GetMailBodyDetails() in MailboxService----
2022-10-27 11:30:56,124 [24] DEBUG LTCPro.ServiceLayer.Log4net - ---Executed successfully GetReadMailsCount() in MailboxController----
2022-10-27 11:30:56,168 [22] DEBUG LTCPro.ServiceLayer.Log4net - ---Executed successfully GetMailBodyDetails() in MailboxController----
2022-10-27 11:30:56,189 [23] DEBUG LTCPro.ServiceLayer.Log4net - ---Executed successfully InsertReadMail() in MailboxController----
2022-10-27 11:30:56,196 [28] DEBUG LTCPro.ServiceLayer.Log4net - ---Executing GetUserToken() in UserService----
2022-10-27 11:30:56,196 [24] DEBUG LTCPro.ServiceLayer.Log4net - ---Executing GetUserToken() in UserService----
2022-10-27 11:30:56,201 [28] DEBUG LTCPro.ServiceLayer.Log4net - ---Executing GetReadMailsCount() in MailboxController----
2022-10-27 11:30:56,201 [28] DEBUG LTCPro.ServiceLayer.Log4net - ---Executing GetReadMailsCount() in MailboxService----
2022-10-27 11:30:56,202 [24] DEBUG LTCPro.ServiceLayer.Log4net - ---Executing InsertReadMail() in MailboxController----
2022-10-27 11:30:56,202 [24] DEBUG LTCPro.ServiceLayer.Log4net - ---Executing InsertReadMail() in MailboxService----
2022-10-27 11:30:56,208 [28] DEBUG LTCPro.ServiceLayer.Log4net - ---Executed successfully GetReadMailsCount() in MailboxController----
2022-10-27 11:30:56,220 [24] DEBUG LTCPro.ServiceLayer.Log4net - ---Executed successfully InsertReadMail() in MailboxController----
2022-10-27 11:30:56,225 [18] DEBUG LTCPro.ServiceLayer.Log4net - ---Executing GetUserToken() in UserService----
2022-10-27 11:30:56,229 [18] DEBUG LTCPro.ServiceLayer.Log4net - ---Executing GetReadMailsCount() in MailboxController----
2022-10-27 11:30:56,229 [18] DEBUG LTCPro.ServiceLayer.Log4net - ---Executing GetReadMailsCount() in MailboxService----
2022-10-27 11:30:56,234 [18] DEBUG LTCPro.ServiceLayer.Log4net - ---Executed successfully GetReadMailsCount() in MailboxController----
2022-10-27 11:30:56,242 [25] DEBUG LTCPro.ServiceLayer.Log4net - ---Executing GetUserToken() in UserService----
2022-10-27 11:30:56,247 [25] DEBUG LTCPro.ServiceLayer.Log4net - ---Executing GetReadMailsCount() in MailboxController----
2022-10-27 11:30:56,247 [25] DEBUG LTCPro.ServiceLayer.Log4net - ---Executing GetReadMailsCount() in MailboxService----
2022-10-27 11:30:56,251 [25] DEBUG LTCPro.ServiceLayer.Log4net - ---Executed successfully GetReadMailsCount() in MailboxController----
2022-10-27 11:30:59,401 [23] DEBUG LTCPro.ServiceLayer.Log4net - ---Executing GetUserToken() in UserService----
2022-10-27 11:30:59,406 [23] DEBUG LTCPro.ServiceLayer.Log4net - ---Executing GetMailboxDetails() in MailboxController----
2022-10-27 11:30:59,406 [23] DEBUG LTCPro.ServiceLayer.Log4net - ---Executing GetMailboxDetails() in MailboxService----
2022-10-27 11:30:59,412 [23] DEBUG LTCPro.ServiceLayer.Log4net - ---Executed successfully GetMailboxDetails() in MailboxController----
2022-10-27 11:31:01,855 [23] DEBUG LTCPro.ServiceLayer.Log4net - ---Executing GetUserToken() in UserService----
2022-10-27 11:31:01,860 [23] DEBUG LTCPro.ServiceLayer.Log4net - ---Executing GetMailBodyDetails() in MailboxController----
2022-10-27 11:31:01,861 [23] DEBUG LTCPro.ServiceLayer.Log4net - ---Executing GetMailBodyDetails() in MailboxService----
2022-10-27 11:31:01,872 [23] DEBUG LTCPro.ServiceLayer.Log4net - ---Executed successfully GetMailBodyDetails() in MailboxController----
2022-10-27 11:31:01,897 [23] DEBUG LTCPro.ServiceLayer.Log4net - ---Executing GetUserToken() in UserService----
2022-10-27 11:31:01,898 [25] DEBUG LTCPro.ServiceLayer.Log4net - ---Executing GetUserToken() in UserService----
2022-10-27 11:31:01,904 [23] DEBUG LTCPro.ServiceLayer.Log4net - ---Executing GetReadMailsCount() in MailboxController----
2022-10-27 11:31:01,904 [23] DEBUG LTCPro.ServiceLayer.Log4net - ---Executing GetReadMailsCount() in MailboxService----
2022-10-27 11:31:01,904 [25] DEBUG LTCPro.ServiceLayer.Log4net - ---Executing InsertReadMail() in MailboxController----
2022-10-27 11:31:01,904 [25] DEBUG LTCPro.ServiceLayer.Log4net - ---Executing InsertReadMail() in MailboxService----
2022-10-27 11:31:01,911 [23] DEBUG LTCPro.ServiceLayer.Log4net - ---Executed successfully GetReadMailsCount() in MailboxController----
2022-10-27 11:31:01,927 [25] DEBUG LTCPro.ServiceLayer.Log4net - ---Executed successfully InsertReadMail() in MailboxController----
2022-10-27 11:31:01,948 [23] DEBUG LTCPro.ServiceLayer.Log4net - ---Executing GetUserToken() in UserService----
2022-10-27 11:31:01,954 [23] DEBUG LTCPro.ServiceLayer.Log4net - ---Executing GetReadMailsCount() in MailboxController----
2022-10-27 11:31:01,954 [23] DEBUG LTCPro.ServiceLayer.Log4net - ---Executing GetReadMailsCount() in MailboxService----
2022-10-27 11:31:01,959 [23] DEBUG LTCPro.ServiceLayer.Log4net - ---Executed successfully GetReadMailsCount() in MailboxController----
2022-10-27 11:31:13,672 [26] DEBUG LTCPro.ServiceLayer.Log4net - ---Executing UsersConfigNurseStationDrop() in FacilityController----
2022-10-27 11:31:13,672 [26] DEBUG LTCPro.ServiceLayer.Log4net - ---Executing UsersConfigNurseStationDrop() in FacilityService----
2022-10-27 11:31:13,685 [26] DEBUG LTCPro.ServiceLayer.Log4net - ---Executed Successfully UsersConfigNurseStationDrop() in FacilityController----
2022-10-27 11:31:13,755 [26] DEBUG LTCPro.ServiceLayer.Log4net - ---Executing GetProcessKeyMasterList() in FacilityController----
2022-10-27 11:31:13,755 [26] DEBUG LTCPro.ServiceLayer.Log4net - ---Executing GetProcessKeyMasterList() in FacilityService----
2022-10-27 11:31:13,761 [26] DEBUG LTCPro.ServiceLayer.Log4net - ---Executed Successfully GetProcessKeyMasterList() in FacilityController----
2022-10-27 11:31:18,193 [26] DEBUG LTCPro.ServiceLayer.Log4net - ---Executing GetProcessKeyMasterList() in FacilityController----
2022-10-27 11:31:18,193 [26] DEBUG LTCPro.ServiceLayer.Log4net - ---Executing GetProcessKeyMasterList() in FacilityService----
2022-10-27 11:31:18,198 [26] DEBUG LTCPro.ServiceLayer.Log4net - ---Executed Successfully GetProcessKeyMasterList() in FacilityController----
2022-10-27 11:31:19,467 [26] DEBUG LTCPro.ServiceLayer.Log4net - ---Executing CheckUser() in UserService----
2022-10-27 11:31:19,487 [26] DEBUG LTCPro.ServiceLayer.Log4net - ---Executing FindUser() in UserService----
2022-10-27 11:31:19,501 [26] DEBUG LTCPro.ServiceLayer.Log4net - ---Executing InsertUserSession() in UserService----
2022-10-27 11:31:19,515 [26] DEBUG LTCPro.ServiceLayer.Log4net - ---Executing InsertUserToken() in UserService----
2022-10-27 11:31:19,563 [23] DEBUG LTCPro.ServiceLayer.Log4net - ---Executing InsertUpdateUserRecentFacNs() in UserController----
2022-10-27 11:31:19,563 [23] DEBUG LTCPro.ServiceLayer.Log4net - ---Executing GetUserRecentFacNs() in UserService----
2022-10-27 11:31:19,572 [23] DEBUG LTCPro.ServiceLayer.Log4net - ---Executing InsertUpdateUserRecentFacNs() in CommonService----
2022-10-27 11:31:19,580 [23] DEBUG LTCPro.ServiceLayer.Log4net - ---Executed Successfully InsertUpdateUserRecentFacNs() in UserController----
2022-10-27 11:31:19,617 [26] DEBUG LTCPro.ServiceLayer.Log4net - ---Executing GetScreenPermissionsForLoggedInUser() in RoleController----
2022-10-27 11:31:19,617 [26] DEBUG LTCPro.ServiceLayer.Log4net - ---Executing GetScreenPermissionsForLoggedInUser() in RoleService----
2022-10-27 11:31:19,624 [26] DEBUG LTCPro.ServiceLayer.Log4net - ---Executed Successfully GetScreenPermissionsForLoggedInUser() in RoleController----
2022-10-27 11:31:19,705 [34] DEBUG LTCPro.ServiceLayer.Log4net - ---Executing GetUserToken() in UserService----
2022-10-27 11:31:19,712 [34] DEBUG LTCPro.ServiceLayer.Log4net - ---Executing GetReadMailsCount() in MailboxController----
2022-10-27 11:31:19,712 [34] DEBUG LTCPro.ServiceLayer.Log4net - ---Executing GetReadMailsCount() in MailboxService----
2022-10-27 11:31:19,713 [23] DEBUG LTCPro.ServiceLayer.Log4net - ---Executing GetUserToken() in UserService----
2022-10-27 11:31:19,727 [23] DEBUG LTCPro.ServiceLayer.Log4net - ---Executing GetUserPassedDueFlag() in UserController----
2022-10-27 11:31:19,727 [23] DEBUG LTCPro.ServiceLayer.Log4net - ---Executing GetUserPassedDueFlag() in UserService----
2022-10-27 11:31:19,728 [14] DEBUG LTCPro.ServiceLayer.Log4net - ---Executing GetUserToken() in UserService----
2022-10-27 11:31:19,728 [26] DEBUG LTCPro.ServiceLayer.Log4net - ---Executing GetUserToken() in UserService----
2022-10-27 11:31:19,747 [34] DEBUG LTCPro.ServiceLayer.Log4net - ---Executed successfully GetReadMailsCount() in MailboxController----
2022-10-27 11:31:19,748 [14] DEBUG LTCPro.ServiceLayer.Log4net - ---Executing GetPendingDosesList() in CommonController----
2022-10-27 11:31:19,748 [14] DEBUG LTCPro.ServiceLayer.Log4net - ---Executing GetPendingDosesList() in CommonService----
2022-10-27 11:31:19,749 [26] DEBUG LTCPro.ServiceLayer.Log4net - ---Executing GetDueMARAlertData() in EmarController----
2022-10-27 11:31:19,749 [26] DEBUG LTCPro.ServiceLayer.Log4net - ---Executing GetDueMARAlertData() in EmarService----
2022-10-27 11:31:19,751 [23] DEBUG LTCPro.ServiceLayer.Log4net - ---Executed Successfully GetUserPassedDueFlag() in UserController----
2022-10-27 11:31:19,767 [23] DEBUG LTCPro.ServiceLayer.Log4net - ---Executing GetUserToken() in UserService----
2022-10-27 11:31:19,767 [34] DEBUG LTCPro.ServiceLayer.Log4net - ---Executing GetUserToken() in UserService----
2022-10-27 11:31:19,772 [34] DEBUG LTCPro.ServiceLayer.Log4net - ---Executing GetOutboundErrorDetails() in CommonController----
2022-10-27 11:31:19,772 [34] DEBUG LTCPro.ServiceLayer.Log4net - ---Executing GetOutboundErrorDetails() in CommonService----
2022-10-27 11:31:19,773 [23] DEBUG LTCPro.ServiceLayer.Log4net - ---Executing GetUserRecentFacNs() in UserController----
2022-10-27 11:31:19,773 [23] DEBUG LTCPro.ServiceLayer.Log4net - ---Executing GetUserRecentFacNs() in UserService----
2022-10-27 11:31:19,781 [23] DEBUG LTCPro.ServiceLayer.Log4net - ---Executed Successfully GetUserRecentFacNs() in UserController----
2022-10-27 11:31:19,794 [23] DEBUG LTCPro.ServiceLayer.Log4net - ---Executing GetUserToken() in UserService----
2022-10-27 11:31:19,800 [23] DEBUG LTCPro.ServiceLayer.Log4net - ---Executing InsertUserActivityDetails() in CompanyController----
2022-10-27 11:31:19,800 [23] DEBUG LTCPro.ServiceLayer.Log4net - ---Executing InsertUserActivityDetails() in UserActivityService----
2022-10-27 11:31:19,825 [23] DEBUG LTCPro.ServiceLayer.Log4net - ---Executed Successfully InsertUserActivityDetails() in CompanyController----
2022-10-27 11:31:19,839 [23] DEBUG LTCPro.ServiceLayer.Log4net - ---Executing GetUserToken() in UserService----
2022-10-27 11:31:19,843 [23] DEBUG LTCPro.ServiceLayer.Log4net - ---Executing GetAlertsDetails() in MailboxController----
2022-10-27 11:31:19,843 [23] DEBUG LTCPro.ServiceLayer.Log4net - ---Executing GetAlertsDetails() in MailboxService----
2022-10-27 11:31:19,905 [23] DEBUG LTCPro.ServiceLayer.Log4net - ---Executed successfully GetAlertsDetails() in MailboxController----
2022-10-27 11:31:19,938 [23] DEBUG LTCPro.ServiceLayer.Log4net - ---Executing GetUserToken() in UserService----
2022-10-27 11:31:19,943 [23] DEBUG LTCPro.ServiceLayer.Log4net - ---Executing GetUserActiveCompanyMasterList() in CompanyController----
2022-10-27 11:31:19,943 [23] DEBUG LTCPro.ServiceLayer.Log4net - ---Executing GetActiveCompanyMasterList() in CompanyService----
2022-10-27 11:31:19,979 [23] DEBUG LTCPro.ServiceLayer.Log4net - ---Executed Successfully GetUserActiveCompanyMasterList() in CompanyController----
2022-10-27 11:31:19,992 [23] DEBUG LTCPro.ServiceLayer.Log4net - ---Executing GetUserToken() in UserService----
2022-10-27 11:31:20,004 [23] DEBUG LTCPro.ServiceLayer.Log4net - ---Executing GetUserAccessFacilityNurseStaions() in FacilityController----
2022-10-27 11:31:20,004 [23] DEBUG LTCPro.ServiceLayer.Log4net - ---Executing GetUserAccessFacilityNurseStaions() in FacilityService----
2022-10-27 11:31:20,013 [14] DEBUG LTCPro.ServiceLayer.Log4net - ---Executed Successfully GetPendingDosesList() in CommonController----
2022-10-27 11:31:20,018 [23] DEBUG LTCPro.ServiceLayer.Log4net - ---Executed Successfully GetUserAccessFacilityNurseStaions() in FacilityController----
2022-10-27 11:31:20,200 [26] DEBUG LTCPro.ServiceLayer.Log4net - ---Executed Successfully GetDueMARAlertData() in EmarController----
2022-10-27 11:31:20,909 [34] DEBUG LTCPro.ServiceLayer.Log4net - ---Executed Successfully GetOutboundErrorDetails() in CommonController----
2022-10-27 11:31:33,368 [18] DEBUG LTCPro.ServiceLayer.Log4net - ---Executing GetUserToken() in UserService----
2022-10-27 11:31:33,374 [25] DEBUG LTCPro.ServiceLayer.Log4net - ---Executing GetUserToken() in UserService----
2022-10-27 11:31:33,374 [24] DEBUG LTCPro.ServiceLayer.Log4net - ---Executing GetUserToken() in UserService----
2022-10-27 11:31:33,375 [18] DEBUG LTCPro.ServiceLayer.Log4net - ---Executing InsertUserActivityDetails() in CompanyController----
2022-10-27 11:31:33,375 [18] DEBUG LTCPro.ServiceLayer.Log4net - ---Executing InsertUserActivityDetails() in UserActivityService----
2022-10-27 11:31:33,380 [25] DEBUG LTCPro.ServiceLayer.Log4net - ---Executing GetMailboxDetails() in MailboxController----
2022-10-27 11:31:33,381 [25] DEBUG LTCPro.ServiceLayer.Log4net - ---Executing GetMailboxDetails() in MailboxService----
2022-10-27 11:31:33,381 [24] DEBUG LTCPro.ServiceLayer.Log4net - ---Executing GetReadMailsCount() in MailboxController----
2022-10-27 11:31:33,381 [24] DEBUG LTCPro.ServiceLayer.Log4net - ---Executing GetReadMailsCount() in MailboxService----
2022-10-27 11:31:33,386 [24] DEBUG LTCPro.ServiceLayer.Log4net - ---Executed successfully GetReadMailsCount() in MailboxController----
2022-10-27 11:31:33,387 [25] DEBUG LTCPro.ServiceLayer.Log4net - ---Executed successfully GetMailboxDetails() in MailboxController----
2022-10-27 11:31:33,387 [18] DEBUG LTCPro.ServiceLayer.Log4net - ---Executed Successfully InsertUserActivityDetails() in CompanyController----
