2022-07-19 12:41:10,643 [7] DEBUG LTCPro.ServiceLayer.Log4net - ---Executing UsersConfigNurseStationDrop() in FacilityController----
2022-07-19 12:41:10,675 [7] DEBUG LTCPro.ServiceLayer.Log4net - ---Executing UsersConfigNurseStationDrop() in FacilityService----
2022-07-19 12:41:12,729 [7] DEBUG LTCPro.ServiceLayer.Log4net - ---Executed Successfully UsersConfigNurseStationDrop() in FacilityController----
2022-07-19 12:41:13,191 [6] DEBUG LTCPro.ServiceLayer.Log4net - ---Executing GetProcessKeyMasterList() in FacilityController----
2022-07-19 12:41:13,192 [6] DEBUG LTCPro.ServiceLayer.Log4net - ---Executing GetProcessKeyMasterList() in FacilityService----
2022-07-19 12:41:13,242 [6] DEBUG LTCPro.ServiceLayer.Log4net - ---Executed Successfully GetProcessKeyMasterList() in FacilityController----
2022-07-19 12:41:17,784 [5] DEBUG LTCPro.ServiceLayer.Log4net - ---Executing GetProcessKeyMasterList() in FacilityController----
2022-07-19 12:41:17,784 [5] DEBUG LTCPro.ServiceLayer.Log4net - ---Executing GetProcessKeyMasterList() in FacilityService----
2022-07-19 12:41:17,790 [5] DEBUG LTCPro.ServiceLayer.Log4net - ---Executed Successfully GetProcessKeyMasterList() in FacilityController----
2022-07-19 12:41:19,113 [6] DEBUG LTCPro.ServiceLayer.Log4net - ---Executing CheckUser() in UserService----
2022-07-19 12:41:19,637 [6] DEBUG LTCPro.ServiceLayer.Log4net - ---Executing FindUser() in UserService----
2022-07-19 12:41:19,856 [6] DEBUG LTCPro.ServiceLayer.Log4net - ---Executing InsertUserSession() in UserService----
2022-07-19 12:41:20,069 [6] DEBUG LTCPro.ServiceLayer.Log4net - ---Executing InsertUserToken() in UserService----
2022-07-19 12:41:20,390 [9] DEBUG LTCPro.ServiceLayer.Log4net - ---Executing InsertUpdateUserRecentFacNs() in UserController----
2022-07-19 12:41:20,419 [7] DEBUG LTCPro.ServiceLayer.Log4net - ---Executing GetScreenPermissionsForLoggedInUser() in RoleController----
2022-07-19 12:41:20,421 [7] DEBUG LTCPro.ServiceLayer.Log4net - ---Executing GetScreenPermissionsForLoggedInUser() in RoleService----
2022-07-19 12:41:20,432 [9] DEBUG LTCPro.ServiceLayer.Log4net - ---Executing GetUserRecentFacNs() in UserService----
2022-07-19 12:41:20,514 [7] DEBUG LTCPro.ServiceLayer.Log4net - ---Executed Successfully GetScreenPermissionsForLoggedInUser() in RoleController----
2022-07-19 12:41:20,840 [9] DEBUG LTCPro.ServiceLayer.Log4net - ---Executing InsertUpdateUserRecentFacNs() in CommonService----
2022-07-19 12:41:20,971 [6] DEBUG LTCPro.ServiceLayer.Log4net - ---Executing GetUserToken() in UserService----
2022-07-19 12:41:20,980 [9] DEBUG LTCPro.ServiceLayer.Log4net - ---Executed Successfully InsertUpdateUserRecentFacNs() in UserController----
2022-07-19 12:41:21,048 [7] DEBUG LTCPro.ServiceLayer.Log4net - ---Executing GetUserToken() in UserService----
2022-07-19 12:41:21,081 [8] DEBUG LTCPro.ServiceLayer.Log4net - ---Executing GetUserToken() in UserService----
2022-07-19 12:41:21,108 [7] DEBUG LTCPro.ServiceLayer.Log4net - ---Executing GetAlertsDetails() in MailboxController----
2022-07-19 12:41:21,108 [8] DEBUG LTCPro.ServiceLayer.Log4net - ---Executing GetReadMailsCount() in MailboxController----
2022-07-19 12:41:21,119 [7] DEBUG LTCPro.ServiceLayer.Log4net - ---Executing GetAlertsDetails() in MailboxService----
2022-07-19 12:41:21,119 [8] DEBUG LTCPro.ServiceLayer.Log4net - ---Executing GetReadMailsCount() in MailboxService----
2022-07-19 12:41:21,245 [6] DEBUG LTCPro.ServiceLayer.Log4net - ---Executing InsertUserActivityDetails() in CompanyController----
2022-07-19 12:41:21,246 [6] DEBUG LTCPro.ServiceLayer.Log4net - ---Executing InsertUserActivityDetails() in UserActivityService----
2022-07-19 12:41:21,260 [8] DEBUG LTCPro.ServiceLayer.Log4net - ---Executed successfully GetReadMailsCount() in MailboxController----
2022-07-19 12:41:21,435 [6] DEBUG LTCPro.ServiceLayer.Log4net - ---Executed Successfully InsertUserActivityDetails() in CompanyController----
2022-07-19 12:41:21,441 [8] DEBUG LTCPro.ServiceLayer.Log4net - ---Executing GetUserToken() in UserService----
2022-07-19 12:41:21,510 [7] DEBUG LTCPro.ServiceLayer.Log4net - ---Executed successfully GetAlertsDetails() in MailboxController----
2022-07-19 12:41:21,525 [6] DEBUG LTCPro.ServiceLayer.Log4net - ---Executing GetUserToken() in UserService----
2022-07-19 12:41:21,529 [9] DEBUG LTCPro.ServiceLayer.Log4net - ---Executing GetUserToken() in UserService----
2022-07-19 12:41:21,534 [7] DEBUG LTCPro.ServiceLayer.Log4net - ---Executing GetUserToken() in UserService----
2022-07-19 12:41:21,607 [8] DEBUG LTCPro.ServiceLayer.Log4net - ---Executing GetUserPassedDueFlag() in UserController----
2022-07-19 12:41:21,607 [9] DEBUG LTCPro.ServiceLayer.Log4net - ---Executing GetDueMARAlertData() in EmarController----
2022-07-19 12:41:21,607 [6] DEBUG LTCPro.ServiceLayer.Log4net - ---Executing GetOutboundErrorDetails() in CommonController----
2022-07-19 12:41:21,607 [7] DEBUG LTCPro.ServiceLayer.Log4net - ---Executing GetPendingDosesList() in CommonController----
2022-07-19 12:41:21,608 [8] DEBUG LTCPro.ServiceLayer.Log4net - ---Executing GetUserPassedDueFlag() in UserService----
2022-07-19 12:41:21,608 [6] DEBUG LTCPro.ServiceLayer.Log4net - ---Executing GetOutboundErrorDetails() in CommonService----
2022-07-19 12:41:21,608 [7] DEBUG LTCPro.ServiceLayer.Log4net - ---Executing GetPendingDosesList() in CommonService----
2022-07-19 12:41:21,616 [8] DEBUG LTCPro.ServiceLayer.Log4net - ---Executed Successfully GetUserPassedDueFlag() in UserController----
2022-07-19 12:41:21,634 [8] DEBUG LTCPro.ServiceLayer.Log4net - ---Executing GetUserToken() in UserService----
2022-07-19 12:41:21,652 [9] DEBUG LTCPro.ServiceLayer.Log4net - ---Executing GetDueMARAlertData() in EmarService----
2022-07-19 12:41:21,684 [8] DEBUG LTCPro.ServiceLayer.Log4net - ---Executing GetUserRecentFacNs() in UserController----
2022-07-19 12:41:21,684 [8] DEBUG LTCPro.ServiceLayer.Log4net - ---Executing GetUserRecentFacNs() in UserService----
2022-07-19 12:41:21,718 [8] DEBUG LTCPro.ServiceLayer.Log4net - ---Executed Successfully GetUserRecentFacNs() in UserController----
2022-07-19 12:41:21,813 [8] DEBUG LTCPro.ServiceLayer.Log4net - ---Executing GetUserToken() in UserService----
2022-07-19 12:41:21,851 [6] DEBUG LTCPro.ServiceLayer.Log4net - ---Executed Successfully GetOutboundErrorDetails() in CommonController----
2022-07-19 12:41:21,852 [7] DEBUG LTCPro.ServiceLayer.Log4net - ---Executed Successfully GetPendingDosesList() in CommonController----
2022-07-19 12:41:21,905 [8] DEBUG LTCPro.ServiceLayer.Log4net - ---Executing GetUserActiveCompanyMasterList() in CompanyController----
2022-07-19 12:41:21,906 [8] DEBUG LTCPro.ServiceLayer.Log4net - ---Executing GetActiveCompanyMasterList() in CompanyService----
2022-07-19 12:41:21,961 [6] DEBUG LTCPro.ServiceLayer.Log4net - ---Executing GetUserToken() in UserService----
2022-07-19 12:41:21,970 [6] DEBUG LTCPro.ServiceLayer.Log4net - ---Executing GetUserAccessFacilityNurseStaions() in FacilityController----
2022-07-19 12:41:21,986 [6] DEBUG LTCPro.ServiceLayer.Log4net - ---Executing GetUserAccessFacilityNurseStaions() in FacilityService----
2022-07-19 12:41:22,018 [8] DEBUG LTCPro.ServiceLayer.Log4net - ---Executed Successfully GetUserActiveCompanyMasterList() in CompanyController----
2022-07-19 12:41:22,031 [6] DEBUG LTCPro.ServiceLayer.Log4net - ---Executed Successfully GetUserAccessFacilityNurseStaions() in FacilityController----
2022-07-19 12:41:22,066 [9] DEBUG LTCPro.ServiceLayer.Log4net - ---Executed Successfully GetDueMARAlertData() in EmarController----
2022-07-19 12:41:40,162 [6] DEBUG LTCPro.ServiceLayer.Log4net - ---Executing GetUserToken() in UserService----
2022-07-19 12:41:40,171 [9] DEBUG LTCPro.ServiceLayer.Log4net - ---Executing GetUserToken() in UserService----
2022-07-19 12:41:40,171 [6] DEBUG LTCPro.ServiceLayer.Log4net - ---Executing InsertUserActivityDetails() in CompanyController----
2022-07-19 12:41:40,171 [6] DEBUG LTCPro.ServiceLayer.Log4net - ---Executing InsertUserActivityDetails() in UserActivityService----
2022-07-19 12:41:40,178 [9] DEBUG LTCPro.ServiceLayer.Log4net - ---Executing GetUserRecentFacNs() in UserController----
2022-07-19 12:41:40,178 [9] DEBUG LTCPro.ServiceLayer.Log4net - ---Executing GetUserRecentFacNs() in UserService----
2022-07-19 12:41:40,220 [6] DEBUG LTCPro.ServiceLayer.Log4net - ---Executed Successfully InsertUserActivityDetails() in CompanyController----
2022-07-19 12:41:40,223 [9] DEBUG LTCPro.ServiceLayer.Log4net - ---Executed Successfully GetUserRecentFacNs() in UserController----
2022-07-19 12:41:40,257 [6] DEBUG LTCPro.ServiceLayer.Log4net - ---Executing GetUserToken() in UserService----
2022-07-19 12:41:40,264 [6] DEBUG LTCPro.ServiceLayer.Log4net - ---Executing GetUserAccessFacilityNurseStaions() in FacilityController----
2022-07-19 12:41:40,264 [6] DEBUG LTCPro.ServiceLayer.Log4net - ---Executing GetUserAccessFacilityNurseStaions() in FacilityService----
2022-07-19 12:41:40,276 [6] DEBUG LTCPro.ServiceLayer.Log4net - ---Executed Successfully GetUserAccessFacilityNurseStaions() in FacilityController----
2022-07-19 12:41:40,308 [6] DEBUG LTCPro.ServiceLayer.Log4net - ---Executing GetUserToken() in UserService----
2022-07-19 12:41:40,315 [6] DEBUG LTCPro.ServiceLayer.Log4net - ---Executing UserNurseStationDrop() in FacilityController----
2022-07-19 12:41:40,316 [6] DEBUG LTCPro.ServiceLayer.Log4net - ---Executing UserNurseStationDrop() in FacilityService----
2022-07-19 12:41:40,330 [6] DEBUG LTCPro.ServiceLayer.Log4net - ---Executed Successfully UserNurseStationDrop() in FacilityController----
2022-07-19 12:41:40,380 [6] DEBUG LTCPro.ServiceLayer.Log4net - ---Executing GetUserToken() in UserService----
2022-07-19 12:41:40,405 [6] DEBUG LTCPro.ServiceLayer.Log4net - ---Executing GetResidentsListByNSId() in AssesmentController----
2022-07-19 12:41:40,470 [6] DEBUG LTCPro.ServiceLayer.Log4net - ---Executing GetResidentsListByNSId() in AssesmentService----
2022-07-19 12:41:40,531 [6] DEBUG LTCPro.ServiceLayer.Log4net - ---Executed Successfully GetResidentsListByNSId() in AssesmentController----
2022-07-19 12:41:40,595 [8] DEBUG LTCPro.ServiceLayer.Log4net - ---Executing GetUserToken() in UserService----
2022-07-19 12:41:40,603 [8] DEBUG LTCPro.ServiceLayer.Log4net - ---Executing GetAdmitDateByID() in AssessmentController----
2022-07-19 12:41:40,604 [8] DEBUG LTCPro.ServiceLayer.Log4net - ---Executing GetAdmitDateByID() in AssessmentService----
2022-07-19 12:41:40,615 [8] DEBUG LTCPro.ServiceLayer.Log4net - ---Executed Successfully GetAdmitDateByID() in AssessmentController----
2022-07-19 12:41:40,643 [9] DEBUG LTCPro.ServiceLayer.Log4net - ---Executing GetUserToken() in UserService----
2022-07-19 12:41:40,685 [9] DEBUG LTCPro.ServiceLayer.Log4net - ---Executing GetVisitFoodIntakeList() in AssessmentsController----
2022-07-19 12:41:40,686 [9] DEBUG LTCPro.ServiceLayer.Log4net - ---Executing GetVisitFoodIntakeList() in AssessmentsService----
2022-07-19 12:41:47,644 [6] DEBUG LTCPro.ServiceLayer.Log4net - ---Executing GetUserToken() in UserService----
2022-07-19 12:41:47,652 [6] DEBUG LTCPro.ServiceLayer.Log4net - ---Executing GetResidentInformation() in ResidentDemographicController----
2022-07-19 12:41:47,688 [6] DEBUG LTCPro.ServiceLayer.Log4net - ---Executing GetResidentInformation() in ResidentDemographicService----
2022-07-19 12:41:47,829 [12] DEBUG LTCPro.ServiceLayer.Log4net - ---Executing GetUserToken() in UserService----
2022-07-19 12:41:47,847 [9] DEBUG LTCPro.ServiceLayer.Log4net - ---Executed Successfully GetVisitFoodIntakeList() in AssessmentsController----
2022-07-19 12:41:47,858 [12] DEBUG LTCPro.ServiceLayer.Log4net - ---Executing GetPhysicianDropData() in OrdersController----
2022-07-19 12:41:47,858 [12] DEBUG LTCPro.ServiceLayer.Log4net - ---Executing GetPhysicianDropData() in OrdersService----
2022-07-19 12:41:47,932 [12] DEBUG LTCPro.ServiceLayer.Log4net - ---Executed Successfully GetPhysicianDropData() in OrdersController----
2022-07-19 12:41:47,977 [6] DEBUG LTCPro.ServiceLayer.Log4net - ---Executed Successfully GetResidentInformation() in ResidentDemographicController----
2022-07-19 12:41:48,048 [8] DEBUG LTCPro.ServiceLayer.Log4net - ---Executing GetUserToken() in UserService----
2022-07-19 12:41:48,056 [8] DEBUG LTCPro.ServiceLayer.Log4net - ---Executing GetTimeZoneDate() in CommonController----
2022-07-19 12:41:48,056 [8] DEBUG LTCPro.ServiceLayer.Log4net - ---Executing GetTimeZoneDate() in CommonService----
2022-07-19 12:41:48,072 [9] DEBUG LTCPro.ServiceLayer.Log4net - ---Executing GetUserToken() in UserService----
2022-07-19 12:41:48,075 [8] DEBUG LTCPro.ServiceLayer.Log4net - ---Executed Successfully GetTimeZoneDate() in CommonController----
2022-07-19 12:41:48,078 [9] DEBUG LTCPro.ServiceLayer.Log4net - ---Executing GetNurseStationName() in ResidentDemographicController----
2022-07-19 12:41:48,079 [9] DEBUG LTCPro.ServiceLayer.Log4net - ---Executing  GetNurseStationName()  in UpdateResidentInfo----
2022-07-19 12:41:48,091 [9] DEBUG LTCPro.ServiceLayer.Log4net - ---Executed Successfully GetNurseStationName() in ResidentDemographicController----
2022-07-19 12:46:51,010 [5] DEBUG LTCPro.ServiceLayer.Log4net - ---Executing GetUserToken() in UserService----
2022-07-19 12:46:51,017 [5] DEBUG LTCPro.ServiceLayer.Log4net - ---Executing InsertUserActivityDetails() in CompanyController----
2022-07-19 12:46:51,017 [5] DEBUG LTCPro.ServiceLayer.Log4net - ---Executing InsertUserActivityDetails() in UserActivityService----
2022-07-19 12:46:51,028 [5] DEBUG LTCPro.ServiceLayer.Log4net - ---Executed Successfully InsertUserActivityDetails() in CompanyController----
2022-07-19 12:46:51,041 [20] DEBUG LTCPro.ServiceLayer.Log4net - ---Executing GetUserToken() in UserService----
2022-07-19 12:46:51,042 [24] DEBUG LTCPro.ServiceLayer.Log4net - ---Executing GetUserToken() in UserService----
2022-07-19 12:46:51,043 [5] DEBUG LTCPro.ServiceLayer.Log4net - ---Executing GetUserToken() in UserService----
2022-07-19 12:46:51,048 [20] DEBUG LTCPro.ServiceLayer.Log4net - ---Executing GetUserPassedDueFlag() in UserController----
2022-07-19 12:46:51,048 [20] DEBUG LTCPro.ServiceLayer.Log4net - ---Executing GetUserPassedDueFlag() in UserService----
2022-07-19 12:46:51,051 [24] DEBUG LTCPro.ServiceLayer.Log4net - ---Executing GetPendingDosesList() in CommonController----
2022-07-19 12:46:51,051 [24] DEBUG LTCPro.ServiceLayer.Log4net - ---Executing GetPendingDosesList() in CommonService----
2022-07-19 12:46:51,051 [5] DEBUG LTCPro.ServiceLayer.Log4net - ---Executing GetAlertsDetails() in MailboxController----
2022-07-19 12:46:51,051 [5] DEBUG LTCPro.ServiceLayer.Log4net - ---Executing GetAlertsDetails() in MailboxService----
2022-07-19 12:46:51,052 [18] DEBUG LTCPro.ServiceLayer.Log4net - ---Executing GetUserToken() in UserService----
2022-07-19 12:46:51,055 [20] DEBUG LTCPro.ServiceLayer.Log4net - ---Executed Successfully GetUserPassedDueFlag() in UserController----
2022-07-19 12:46:51,071 [20] DEBUG LTCPro.ServiceLayer.Log4net - ---Executing GetUserToken() in UserService----
2022-07-19 12:46:51,074 [18] DEBUG LTCPro.ServiceLayer.Log4net - ---Executing GetDueMARAlertData() in EmarController----
2022-07-19 12:46:51,074 [18] DEBUG LTCPro.ServiceLayer.Log4net - ---Executing GetDueMARAlertData() in EmarService----
2022-07-19 12:46:51,077 [20] DEBUG LTCPro.ServiceLayer.Log4net - ---Executing GetReadMailsCount() in MailboxController----
2022-07-19 12:46:51,077 [20] DEBUG LTCPro.ServiceLayer.Log4net - ---Executing GetReadMailsCount() in MailboxService----
2022-07-19 12:46:51,083 [20] DEBUG LTCPro.ServiceLayer.Log4net - ---Executed successfully GetReadMailsCount() in MailboxController----
2022-07-19 12:46:51,101 [20] DEBUG LTCPro.ServiceLayer.Log4net - ---Executing GetUserToken() in UserService----
2022-07-19 12:46:51,108 [20] DEBUG LTCPro.ServiceLayer.Log4net - ---Executing GetOutboundErrorDetails() in CommonController----
2022-07-19 12:46:51,108 [20] DEBUG LTCPro.ServiceLayer.Log4net - ---Executing GetOutboundErrorDetails() in CommonService----
2022-07-19 12:46:51,149 [5] DEBUG LTCPro.ServiceLayer.Log4net - ---Executed successfully GetAlertsDetails() in MailboxController----
2022-07-19 12:46:51,165 [5] DEBUG LTCPro.ServiceLayer.Log4net - ---Executing GetUserToken() in UserService----
2022-07-19 12:46:51,171 [5] DEBUG LTCPro.ServiceLayer.Log4net - ---Executing GetUserRecentFacNs() in UserController----
2022-07-19 12:46:51,171 [5] DEBUG LTCPro.ServiceLayer.Log4net - ---Executing GetUserRecentFacNs() in UserService----
2022-07-19 12:46:51,248 [24] DEBUG LTCPro.ServiceLayer.Log4net - ---Executed Successfully GetPendingDosesList() in CommonController----
2022-07-19 12:46:51,248 [20] DEBUG LTCPro.ServiceLayer.Log4net - ---Executed Successfully GetOutboundErrorDetails() in CommonController----
2022-07-19 12:46:51,253 [5] DEBUG LTCPro.ServiceLayer.Log4net - ---Executed Successfully GetUserRecentFacNs() in UserController----
2022-07-19 12:46:51,298 [18] DEBUG LTCPro.ServiceLayer.Log4net - ---Executed Successfully GetDueMARAlertData() in EmarController----
2022-07-19 12:46:51,304 [20] DEBUG LTCPro.ServiceLayer.Log4net - ---Executing GetUserToken() in UserService----
2022-07-19 12:46:51,311 [20] DEBUG LTCPro.ServiceLayer.Log4net - ---Executing GetUserRecentFacNs() in UserController----
2022-07-19 12:46:51,311 [20] DEBUG LTCPro.ServiceLayer.Log4net - ---Executing GetUserRecentFacNs() in UserService----
2022-07-19 12:46:51,321 [20] DEBUG LTCPro.ServiceLayer.Log4net - ---Executed Successfully GetUserRecentFacNs() in UserController----
2022-07-19 12:46:51,343 [24] DEBUG LTCPro.ServiceLayer.Log4net - ---Executing GetUserToken() in UserService----
2022-07-19 12:46:51,350 [24] DEBUG LTCPro.ServiceLayer.Log4net - ---Executing GetUserAccessFacilityNurseStaions() in FacilityController----
2022-07-19 12:46:51,350 [24] DEBUG LTCPro.ServiceLayer.Log4net - ---Executing GetUserAccessFacilityNurseStaions() in FacilityService----
2022-07-19 12:46:51,362 [24] DEBUG LTCPro.ServiceLayer.Log4net - ---Executed Successfully GetUserAccessFacilityNurseStaions() in FacilityController----
2022-07-19 12:46:51,367 [18] DEBUG LTCPro.ServiceLayer.Log4net - ---Executing GetUserToken() in UserService----
2022-07-19 12:46:51,374 [18] DEBUG LTCPro.ServiceLayer.Log4net - ---Executing GetUserAccessFacilityNurseStaions() in FacilityController----
2022-07-19 12:46:51,374 [18] DEBUG LTCPro.ServiceLayer.Log4net - ---Executing GetUserAccessFacilityNurseStaions() in FacilityService----
2022-07-19 12:46:51,385 [18] DEBUG LTCPro.ServiceLayer.Log4net - ---Executed Successfully GetUserAccessFacilityNurseStaions() in FacilityController----
2022-07-19 12:46:51,391 [24] DEBUG LTCPro.ServiceLayer.Log4net - ---Executing GetUserToken() in UserService----
2022-07-19 12:46:51,398 [24] DEBUG LTCPro.ServiceLayer.Log4net - ---Executing UserNurseStationDrop() in FacilityController----
2022-07-19 12:46:51,398 [24] DEBUG LTCPro.ServiceLayer.Log4net - ---Executing UserNurseStationDrop() in FacilityService----
2022-07-19 12:46:51,406 [24] DEBUG LTCPro.ServiceLayer.Log4net - ---Executed Successfully UserNurseStationDrop() in FacilityController----
2022-07-19 12:46:51,449 [18] DEBUG LTCPro.ServiceLayer.Log4net - ---Executing GetUserToken() in UserService----
2022-07-19 12:46:51,456 [18] DEBUG LTCPro.ServiceLayer.Log4net - ---Executing GetResidentsListByNSId() in AssesmentController----
2022-07-19 12:46:51,456 [18] DEBUG LTCPro.ServiceLayer.Log4net - ---Executing GetResidentsListByNSId() in AssesmentService----
2022-07-19 12:46:51,473 [18] DEBUG LTCPro.ServiceLayer.Log4net - ---Executed Successfully GetResidentsListByNSId() in AssesmentController----
2022-07-19 12:46:51,523 [20] DEBUG LTCPro.ServiceLayer.Log4net - ---Executing GetUserToken() in UserService----
2022-07-19 12:46:51,538 [20] DEBUG LTCPro.ServiceLayer.Log4net - ---Executing GetVisitFoodIntakeList() in AssessmentsController----
2022-07-19 12:46:51,538 [20] DEBUG LTCPro.ServiceLayer.Log4net - ---Executing GetVisitFoodIntakeList() in AssessmentsService----
2022-07-19 12:46:59,604 [24] DEBUG LTCPro.ServiceLayer.Log4net - ---Executing GetUserToken() in UserService----
2022-07-19 12:46:59,612 [24] DEBUG LTCPro.ServiceLayer.Log4net - ---Executing GetAdmitDateByID() in AssessmentController----
2022-07-19 12:46:59,612 [24] DEBUG LTCPro.ServiceLayer.Log4net - ---Executing GetAdmitDateByID() in AssessmentService----
2022-07-19 12:46:59,622 [18] DEBUG LTCPro.ServiceLayer.Log4net - ---Executing GetUserToken() in UserService----
2022-07-19 12:46:59,626 [24] DEBUG LTCPro.ServiceLayer.Log4net - ---Executed Successfully GetAdmitDateByID() in AssessmentController----
2022-07-19 12:46:59,644 [18] DEBUG LTCPro.ServiceLayer.Log4net - ---Executing GetResidentInformation() in ResidentDemographicController----
2022-07-19 12:46:59,645 [18] DEBUG LTCPro.ServiceLayer.Log4net - ---Executing GetResidentInformation() in ResidentDemographicService----
2022-07-19 12:46:59,679 [20] DEBUG LTCPro.ServiceLayer.Log4net - ---Executed Successfully GetVisitFoodIntakeList() in AssessmentsController----
2022-07-19 12:47:00,112 [18] DEBUG LTCPro.ServiceLayer.Log4net - ---Executed Successfully GetResidentInformation() in ResidentDemographicController----
2022-07-19 12:47:00,175 [20] DEBUG LTCPro.ServiceLayer.Log4net - ---Executing GetUserToken() in UserService----
2022-07-19 12:47:00,181 [20] DEBUG LTCPro.ServiceLayer.Log4net - ---Executing GetTimeZoneDate() in CommonController----
2022-07-19 12:47:00,181 [20] DEBUG LTCPro.ServiceLayer.Log4net - ---Executing GetTimeZoneDate() in CommonService----
2022-07-19 12:47:00,186 [20] DEBUG LTCPro.ServiceLayer.Log4net - ---Executed Successfully GetTimeZoneDate() in CommonController----
2022-07-19 12:47:00,200 [5] DEBUG LTCPro.ServiceLayer.Log4net - ---Executing GetUserToken() in UserService----
2022-07-19 12:47:00,206 [5] DEBUG LTCPro.ServiceLayer.Log4net - ---Executing GetPhysicianDropData() in OrdersController----
2022-07-19 12:47:00,207 [5] DEBUG LTCPro.ServiceLayer.Log4net - ---Executing GetPhysicianDropData() in OrdersService----
2022-07-19 12:47:00,207 [24] DEBUG LTCPro.ServiceLayer.Log4net - ---Executing GetUserToken() in UserService----
2022-07-19 12:47:00,213 [24] DEBUG LTCPro.ServiceLayer.Log4net - ---Executing GetNurseStationName() in ResidentDemographicController----
2022-07-19 12:47:00,214 [24] DEBUG LTCPro.ServiceLayer.Log4net - ---Executing  GetNurseStationName()  in UpdateResidentInfo----
2022-07-19 12:47:00,221 [5] DEBUG LTCPro.ServiceLayer.Log4net - ---Executed Successfully GetPhysicianDropData() in OrdersController----
2022-07-19 12:47:00,252 [24] DEBUG LTCPro.ServiceLayer.Log4net - ---Executed Successfully GetNurseStationName() in ResidentDemographicController----
2022-07-19 12:57:42,140 [21] DEBUG LTCPro.ServiceLayer.Log4net - ---Executing GetUserToken() in UserService----
2022-07-19 12:57:42,190 [21] DEBUG LTCPro.ServiceLayer.Log4net - ---Executing insertUpdateVisitFoodIn() in AssessmentsController----
2022-07-19 12:57:42,190 [21] DEBUG LTCPro.ServiceLayer.Log4net - ---Executing insertUpdateVisitFoodIn() in AssessmentsService----
2022-07-19 12:58:21,165 [21] DEBUG LTCPro.ServiceLayer.Log4net - ---Executed Successfully insertUpdateVisitFoodIn() in AssessmentsController----
2022-07-19 12:58:21,254 [27] DEBUG LTCPro.ServiceLayer.Log4net - ---Executing GetUserToken() in UserService----
2022-07-19 12:58:21,261 [27] DEBUG LTCPro.ServiceLayer.Log4net - ---Executing GetVisitFoodIntakeList() in AssessmentsController----
2022-07-19 12:58:21,261 [27] DEBUG LTCPro.ServiceLayer.Log4net - ---Executing GetVisitFoodIntakeList() in AssessmentsService----
2022-07-19 12:58:21,294 [27] DEBUG LTCPro.ServiceLayer.Log4net - ---Executed Successfully GetVisitFoodIntakeList() in AssessmentsController----
2022-07-19 12:58:37,838 [21] DEBUG LTCPro.ServiceLayer.Log4net - ---Executing GetUserToken() in UserService----
2022-07-19 12:58:37,846 [21] DEBUG LTCPro.ServiceLayer.Log4net - ---Executing insertUpdateVisitFoodIn() in AssessmentsController----
2022-07-19 12:58:37,846 [21] DEBUG LTCPro.ServiceLayer.Log4net - ---Executing insertUpdateVisitFoodIn() in AssessmentsService----
2022-07-19 13:00:41,680 [21] DEBUG LTCPro.ServiceLayer.Log4net - ---Executed Successfully insertUpdateVisitFoodIn() in AssessmentsController----
2022-07-19 13:00:41,718 [21] DEBUG LTCPro.ServiceLayer.Log4net - ---Executing GetUserToken() in UserService----
2022-07-19 13:00:41,726 [21] DEBUG LTCPro.ServiceLayer.Log4net - ---Executing GetVisitFoodIntakeList() in AssessmentsController----
2022-07-19 13:00:41,726 [21] DEBUG LTCPro.ServiceLayer.Log4net - ---Executing GetVisitFoodIntakeList() in AssessmentsService----
2022-07-19 13:00:41,756 [21] DEBUG LTCPro.ServiceLayer.Log4net - ---Executed Successfully GetVisitFoodIntakeList() in AssessmentsController----
2022-07-19 13:00:57,444 [27] DEBUG LTCPro.ServiceLayer.Log4net - ---Executing GetUserToken() in UserService----
2022-07-19 13:00:57,452 [27] DEBUG LTCPro.ServiceLayer.Log4net - ---Executing insertUpdateVisitFoodIn() in AssessmentsController----
2022-07-19 13:00:57,452 [27] DEBUG LTCPro.ServiceLayer.Log4net - ---Executing insertUpdateVisitFoodIn() in AssessmentsService----
2022-07-19 13:58:12,559 [24] DEBUG LTCPro.ServiceLayer.Log4net - ---Executing UsersConfigNurseStationDrop() in FacilityController----
2022-07-19 13:58:12,635 [24] DEBUG LTCPro.ServiceLayer.Log4net - ---Executing UsersConfigNurseStationDrop() in FacilityService----
2022-07-19 13:58:14,767 [24] DEBUG LTCPro.ServiceLayer.Log4net - ---Executed Successfully UsersConfigNurseStationDrop() in FacilityController----
2022-07-19 13:58:31,179 [24] DEBUG LTCPro.ServiceLayer.Log4net - ---Executing UsersConfigNurseStationDrop() in FacilityController----
2022-07-19 13:58:31,179 [24] DEBUG LTCPro.ServiceLayer.Log4net - ---Executing UsersConfigNurseStationDrop() in FacilityService----
2022-07-19 13:58:31,338 [24] DEBUG LTCPro.ServiceLayer.Log4net - ---Executed Successfully UsersConfigNurseStationDrop() in FacilityController----
2022-07-19 13:58:31,611 [24] DEBUG LTCPro.ServiceLayer.Log4net - ---Executing GetProcessKeyMasterList() in FacilityController----
2022-07-19 13:58:31,624 [24] DEBUG LTCPro.ServiceLayer.Log4net - ---Executing GetProcessKeyMasterList() in FacilityService----
2022-07-19 13:58:31,654 [24] DEBUG LTCPro.ServiceLayer.Log4net - ---Executed Successfully GetProcessKeyMasterList() in FacilityController----
2022-07-19 13:58:37,461 [21] DEBUG LTCPro.ServiceLayer.Log4net - ---Executing GetProcessKeyMasterList() in FacilityController----
2022-07-19 13:58:37,462 [21] DEBUG LTCPro.ServiceLayer.Log4net - ---Executing GetProcessKeyMasterList() in FacilityService----
2022-07-19 13:58:37,468 [21] DEBUG LTCPro.ServiceLayer.Log4net - ---Executed Successfully GetProcessKeyMasterList() in FacilityController----
2022-07-19 13:58:41,340 [19] DEBUG LTCPro.ServiceLayer.Log4net - ---Executing CheckUser() in UserService----
2022-07-19 13:58:42,208 [19] DEBUG LTCPro.ServiceLayer.Log4net - ---Executing FindUser() in UserService----
2022-07-19 13:58:42,407 [19] DEBUG LTCPro.ServiceLayer.Log4net - ---Executing InsertUserSession() in UserService----
2022-07-19 13:58:42,713 [19] DEBUG LTCPro.ServiceLayer.Log4net - ---Executing InsertUserToken() in UserService----
2022-07-19 13:58:42,958 [20] DEBUG LTCPro.ServiceLayer.Log4net - ---Executing InsertUpdateUserRecentFacNs() in UserController----
2022-07-19 13:58:42,959 [20] DEBUG LTCPro.ServiceLayer.Log4net - ---Executing GetUserRecentFacNs() in UserService----
2022-07-19 13:58:42,967 [21] DEBUG LTCPro.ServiceLayer.Log4net - ---Executing GetScreenPermissionsForLoggedInUser() in RoleController----
2022-07-19 13:58:42,969 [21] DEBUG LTCPro.ServiceLayer.Log4net - ---Executing GetScreenPermissionsForLoggedInUser() in RoleService----
2022-07-19 13:58:43,009 [21] DEBUG LTCPro.ServiceLayer.Log4net - ---Executed Successfully GetScreenPermissionsForLoggedInUser() in RoleController----
2022-07-19 13:58:43,212 [21] DEBUG LTCPro.ServiceLayer.Log4net - ---Executing GetUserToken() in UserService----
2022-07-19 13:58:43,219 [20] DEBUG LTCPro.ServiceLayer.Log4net - ---Executing InsertUpdateUserRecentFacNs() in CommonService----
2022-07-19 13:58:43,221 [21] DEBUG LTCPro.ServiceLayer.Log4net - ---Executing GetUserPassedDueFlag() in UserController----
2022-07-19 13:58:43,221 [21] DEBUG LTCPro.ServiceLayer.Log4net - ---Executing GetUserPassedDueFlag() in UserService----
2022-07-19 13:58:43,228 [21] DEBUG LTCPro.ServiceLayer.Log4net - ---Executed Successfully GetUserPassedDueFlag() in UserController----
2022-07-19 13:58:43,266 [19] DEBUG LTCPro.ServiceLayer.Log4net - ---Executing GetUserToken() in UserService----
2022-07-19 13:58:43,267 [24] DEBUG LTCPro.ServiceLayer.Log4net - ---Executing GetUserToken() in UserService----
2022-07-19 13:58:43,267 [21] DEBUG LTCPro.ServiceLayer.Log4net - ---Executing GetUserToken() in UserService----
2022-07-19 13:58:43,293 [22] DEBUG LTCPro.ServiceLayer.Log4net - ---Executing GetUserToken() in UserService----
2022-07-19 13:58:43,296 [23] DEBUG LTCPro.ServiceLayer.Log4net - ---Executing GetUserToken() in UserService----
2022-07-19 13:58:43,305 [24] DEBUG LTCPro.ServiceLayer.Log4net - ---Executing GetAlertsDetails() in MailboxController----
2022-07-19 13:58:43,305 [19] DEBUG LTCPro.ServiceLayer.Log4net - ---Executing GetReadMailsCount() in MailboxController----
2022-07-19 13:58:43,305 [21] DEBUG LTCPro.ServiceLayer.Log4net - ---Executing GetOutboundErrorDetails() in CommonController----
2022-07-19 13:58:43,305 [23] DEBUG LTCPro.ServiceLayer.Log4net - ---Executing GetPendingDosesList() in CommonController----
2022-07-19 13:58:43,306 [21] DEBUG LTCPro.ServiceLayer.Log4net - ---Executing GetOutboundErrorDetails() in CommonService----
2022-07-19 13:58:43,306 [23] DEBUG LTCPro.ServiceLayer.Log4net - ---Executing GetPendingDosesList() in CommonService----
2022-07-19 13:58:43,310 [22] DEBUG LTCPro.ServiceLayer.Log4net - ---Executing GetDueMARAlertData() in EmarController----
2022-07-19 13:58:43,313 [22] DEBUG LTCPro.ServiceLayer.Log4net - ---Executing GetDueMARAlertData() in EmarService----
2022-07-19 13:58:43,376 [19] DEBUG LTCPro.ServiceLayer.Log4net - ---Executing GetReadMailsCount() in MailboxService----
2022-07-19 13:58:43,376 [24] DEBUG LTCPro.ServiceLayer.Log4net - ---Executing GetAlertsDetails() in MailboxService----
2022-07-19 13:58:43,476 [20] DEBUG LTCPro.ServiceLayer.Log4net - ---Executed Successfully InsertUpdateUserRecentFacNs() in UserController----
2022-07-19 13:58:43,494 [20] DEBUG LTCPro.ServiceLayer.Log4net - ---Executing GetUserToken() in UserService----
2022-07-19 13:58:43,501 [24] DEBUG LTCPro.ServiceLayer.Log4net - ---Executed successfully GetAlertsDetails() in MailboxController----
2022-07-19 13:58:43,512 [20] DEBUG LTCPro.ServiceLayer.Log4net - ---Executing GetUserRecentFacNs() in UserController----
2022-07-19 13:58:43,512 [20] DEBUG LTCPro.ServiceLayer.Log4net - ---Executing GetUserRecentFacNs() in UserService----
2022-07-19 13:58:43,545 [20] DEBUG LTCPro.ServiceLayer.Log4net - ---Executed Successfully GetUserRecentFacNs() in UserController----
2022-07-19 13:58:43,548 [19] DEBUG LTCPro.ServiceLayer.Log4net - ---Executed successfully GetReadMailsCount() in MailboxController----
2022-07-19 13:58:43,555 [24] DEBUG LTCPro.ServiceLayer.Log4net - ---Executing GetUserToken() in UserService----
2022-07-19 13:58:43,618 [23] DEBUG LTCPro.ServiceLayer.Log4net - ---Executed Successfully GetPendingDosesList() in CommonController----
2022-07-19 13:58:43,644 [22] DEBUG LTCPro.ServiceLayer.Log4net - ---Executed Successfully GetDueMARAlertData() in EmarController----
2022-07-19 13:58:43,650 [21] DEBUG LTCPro.ServiceLayer.Log4net - ---Executed Successfully GetOutboundErrorDetails() in CommonController----
2022-07-19 13:58:43,668 [23] DEBUG LTCPro.ServiceLayer.Log4net - ---Executing GetUserToken() in UserService----
2022-07-19 13:58:43,677 [23] DEBUG LTCPro.ServiceLayer.Log4net - ---Executing GetUserAccessFacilityNurseStaions() in FacilityController----
2022-07-19 13:58:43,678 [23] DEBUG LTCPro.ServiceLayer.Log4net - ---Executing GetUserAccessFacilityNurseStaions() in FacilityService----
2022-07-19 13:58:43,683 [20] DEBUG LTCPro.ServiceLayer.Log4net - ---Executing GetUserToken() in UserService----
2022-07-19 13:58:43,691 [20] DEBUG LTCPro.ServiceLayer.Log4net - ---Executing GetUserActiveCompanyMasterList() in CompanyController----
2022-07-19 13:58:43,693 [20] DEBUG LTCPro.ServiceLayer.Log4net - ---Executing GetActiveCompanyMasterList() in CompanyService----
2022-07-19 13:58:43,772 [23] DEBUG LTCPro.ServiceLayer.Log4net - ---Executed Successfully GetUserAccessFacilityNurseStaions() in FacilityController----
2022-07-19 13:58:43,882 [24] DEBUG LTCPro.ServiceLayer.Log4net - ---Executing InsertUserActivityDetails() in CompanyController----
2022-07-19 13:58:43,883 [24] DEBUG LTCPro.ServiceLayer.Log4net - ---Executing InsertUserActivityDetails() in UserActivityService----
2022-07-19 13:58:43,894 [20] DEBUG LTCPro.ServiceLayer.Log4net - ---Executed Successfully GetUserActiveCompanyMasterList() in CompanyController----
2022-07-19 13:58:43,899 [24] DEBUG LTCPro.ServiceLayer.Log4net - ---Executed Successfully InsertUserActivityDetails() in CompanyController----
2022-07-19 13:58:51,013 [24] DEBUG LTCPro.ServiceLayer.Log4net - ---Executing GetUserToken() in UserService----
2022-07-19 13:58:51,022 [24] DEBUG LTCPro.ServiceLayer.Log4net - ---Executing InsertUserActivityDetails() in CompanyController----
2022-07-19 13:58:51,022 [24] DEBUG LTCPro.ServiceLayer.Log4net - ---Executing InsertUserActivityDetails() in UserActivityService----
2022-07-19 13:58:51,024 [20] DEBUG LTCPro.ServiceLayer.Log4net - ---Executing GetUserToken() in UserService----
2022-07-19 13:58:51,032 [20] DEBUG LTCPro.ServiceLayer.Log4net - ---Executing GetUserRecentFacNs() in UserController----
2022-07-19 13:58:51,032 [20] DEBUG LTCPro.ServiceLayer.Log4net - ---Executing GetUserRecentFacNs() in UserService----
2022-07-19 13:58:51,033 [24] DEBUG LTCPro.ServiceLayer.Log4net - ---Executed Successfully InsertUserActivityDetails() in CompanyController----
2022-07-19 13:58:51,041 [20] DEBUG LTCPro.ServiceLayer.Log4net - ---Executed Successfully GetUserRecentFacNs() in UserController----
2022-07-19 13:58:51,097 [20] DEBUG LTCPro.ServiceLayer.Log4net - ---Executing GetUserToken() in UserService----
2022-07-19 13:58:51,104 [20] DEBUG LTCPro.ServiceLayer.Log4net - ---Executing GetUserAccessFacilityNurseStaions() in FacilityController----
2022-07-19 13:58:51,104 [20] DEBUG LTCPro.ServiceLayer.Log4net - ---Executing GetUserAccessFacilityNurseStaions() in FacilityService----
2022-07-19 13:58:51,117 [20] DEBUG LTCPro.ServiceLayer.Log4net - ---Executed Successfully GetUserAccessFacilityNurseStaions() in FacilityController----
2022-07-19 13:58:51,153 [21] DEBUG LTCPro.ServiceLayer.Log4net - ---Executing GetUserToken() in UserService----
2022-07-19 13:58:51,160 [21] DEBUG LTCPro.ServiceLayer.Log4net - ---Executing UserNurseStationDrop() in FacilityController----
2022-07-19 13:58:51,160 [21] DEBUG LTCPro.ServiceLayer.Log4net - ---Executing UserNurseStationDrop() in FacilityService----
2022-07-19 13:58:51,175 [21] DEBUG LTCPro.ServiceLayer.Log4net - ---Executed Successfully UserNurseStationDrop() in FacilityController----
2022-07-19 13:58:51,229 [19] DEBUG LTCPro.ServiceLayer.Log4net - ---Executing GetUserToken() in UserService----
2022-07-19 13:58:51,247 [19] DEBUG LTCPro.ServiceLayer.Log4net - ---Executing GetResidentsListByNSId() in AssesmentController----
2022-07-19 13:58:51,259 [19] DEBUG LTCPro.ServiceLayer.Log4net - ---Executing GetResidentsListByNSId() in AssesmentService----
2022-07-19 13:58:51,320 [19] DEBUG LTCPro.ServiceLayer.Log4net - ---Executed Successfully GetResidentsListByNSId() in AssesmentController----
2022-07-19 13:58:51,362 [23] DEBUG LTCPro.ServiceLayer.Log4net - ---Executing GetUserToken() in UserService----
2022-07-19 13:58:51,370 [23] DEBUG LTCPro.ServiceLayer.Log4net - ---Executing GetAdmitDateByID() in AssessmentController----
2022-07-19 13:58:51,371 [23] DEBUG LTCPro.ServiceLayer.Log4net - ---Executing GetAdmitDateByID() in AssessmentService----
2022-07-19 13:58:51,372 [24] DEBUG LTCPro.ServiceLayer.Log4net - ---Executing GetUserToken() in UserService----
2022-07-19 13:58:51,380 [24] DEBUG LTCPro.ServiceLayer.Log4net - ---Executing GetVisitFoodIntakeList() in AssessmentsController----
2022-07-19 13:58:51,381 [24] DEBUG LTCPro.ServiceLayer.Log4net - ---Executing GetVisitFoodIntakeList() in AssessmentsService----
2022-07-19 13:58:51,385 [23] DEBUG LTCPro.ServiceLayer.Log4net - ---Executed Successfully GetAdmitDateByID() in AssessmentController----
2022-07-19 13:58:51,407 [22] DEBUG LTCPro.ServiceLayer.Log4net - ---Executing GetUserToken() in UserService----
2022-07-19 13:58:51,419 [22] DEBUG LTCPro.ServiceLayer.Log4net - ---Executing GetResidentInformation() in ResidentDemographicController----
2022-07-19 13:58:51,440 [22] DEBUG LTCPro.ServiceLayer.Log4net - ---Executing GetResidentInformation() in ResidentDemographicService----
2022-07-19 13:58:51,713 [19] DEBUG LTCPro.ServiceLayer.Log4net - ---Executing GetUserToken() in UserService----
2022-07-19 13:58:51,721 [19] DEBUG LTCPro.ServiceLayer.Log4net - ---Executing GetPhysicianDropData() in OrdersController----
2022-07-19 13:58:51,722 [19] DEBUG LTCPro.ServiceLayer.Log4net - ---Executing GetPhysicianDropData() in OrdersService----
2022-07-19 13:58:51,747 [24] DEBUG LTCPro.ServiceLayer.Log4net - ---Executed Successfully GetVisitFoodIntakeList() in AssessmentsController----
2022-07-19 13:58:51,784 [19] DEBUG LTCPro.ServiceLayer.Log4net - ---Executed Successfully GetPhysicianDropData() in OrdersController----
2022-07-19 13:58:51,840 [22] DEBUG LTCPro.ServiceLayer.Log4net - ---Executed Successfully GetResidentInformation() in ResidentDemographicController----
2022-07-19 13:58:51,884 [24] DEBUG LTCPro.ServiceLayer.Log4net - ---Executing GetUserToken() in UserService----
2022-07-19 13:58:51,891 [24] DEBUG LTCPro.ServiceLayer.Log4net - ---Executing GetTimeZoneDate() in CommonController----
2022-07-19 13:58:51,892 [24] DEBUG LTCPro.ServiceLayer.Log4net - ---Executing GetTimeZoneDate() in CommonService----
2022-07-19 13:58:51,898 [24] DEBUG LTCPro.ServiceLayer.Log4net - ---Executed Successfully GetTimeZoneDate() in CommonController----
2022-07-19 13:58:51,910 [19] DEBUG LTCPro.ServiceLayer.Log4net - ---Executing GetUserToken() in UserService----
2022-07-19 13:58:51,917 [19] DEBUG LTCPro.ServiceLayer.Log4net - ---Executing GetNurseStationName() in ResidentDemographicController----
2022-07-19 13:58:51,918 [19] DEBUG LTCPro.ServiceLayer.Log4net - ---Executing  GetNurseStationName()  in UpdateResidentInfo----
2022-07-19 13:58:51,928 [19] DEBUG LTCPro.ServiceLayer.Log4net - ---Executed Successfully GetNurseStationName() in ResidentDemographicController----
2022-07-19 13:59:21,750 [21] DEBUG LTCPro.ServiceLayer.Log4net - ---Executing GetUserToken() in UserService----
2022-07-19 13:59:21,768 [21] DEBUG LTCPro.ServiceLayer.Log4net - ---Executing insertUpdateVisitFoodIn() in AssessmentsController----
2022-07-19 13:59:21,769 [21] DEBUG LTCPro.ServiceLayer.Log4net - ---Executing insertUpdateVisitFoodIn() in AssessmentsService----
2022-07-19 13:59:25,232 [21] DEBUG LTCPro.ServiceLayer.Log4net - ---Executed Successfully insertUpdateVisitFoodIn() in AssessmentsController----
2022-07-19 13:59:25,302 [20] DEBUG LTCPro.ServiceLayer.Log4net - ---Executing GetUserToken() in UserService----
2022-07-19 13:59:25,309 [20] DEBUG LTCPro.ServiceLayer.Log4net - ---Executing GetVisitFoodIntakeList() in AssessmentsController----
2022-07-19 13:59:25,310 [20] DEBUG LTCPro.ServiceLayer.Log4net - ---Executing GetVisitFoodIntakeList() in AssessmentsService----
2022-07-19 13:59:25,340 [20] DEBUG LTCPro.ServiceLayer.Log4net - ---Executed Successfully GetVisitFoodIntakeList() in AssessmentsController----
2022-07-19 13:59:39,823 [20] DEBUG LTCPro.ServiceLayer.Log4net - ---Executing GetUserToken() in UserService----
2022-07-19 13:59:39,832 [20] DEBUG LTCPro.ServiceLayer.Log4net - ---Executing insertUpdateVisitFoodIn() in AssessmentsController----
2022-07-19 13:59:39,832 [20] DEBUG LTCPro.ServiceLayer.Log4net - ---Executing insertUpdateVisitFoodIn() in AssessmentsService----
2022-07-19 14:00:57,371 [20] DEBUG LTCPro.ServiceLayer.Log4net - ---Executed Successfully insertUpdateVisitFoodIn() in AssessmentsController----
2022-07-19 14:00:57,413 [21] DEBUG LTCPro.ServiceLayer.Log4net - ---Executing GetUserToken() in UserService----
2022-07-19 14:00:57,419 [21] DEBUG LTCPro.ServiceLayer.Log4net - ---Executing GetVisitFoodIntakeList() in AssessmentsController----
2022-07-19 14:00:57,419 [21] DEBUG LTCPro.ServiceLayer.Log4net - ---Executing GetVisitFoodIntakeList() in AssessmentsService----
2022-07-19 14:00:57,450 [21] DEBUG LTCPro.ServiceLayer.Log4net - ---Executed Successfully GetVisitFoodIntakeList() in AssessmentsController----
2022-07-19 14:01:08,793 [21] DEBUG LTCPro.ServiceLayer.Log4net - ---Executing GetUserToken() in UserService----
2022-07-19 14:01:08,801 [21] DEBUG LTCPro.ServiceLayer.Log4net - ---Executing insertUpdateVisitFoodIn() in AssessmentsController----
2022-07-19 14:01:08,801 [21] DEBUG LTCPro.ServiceLayer.Log4net - ---Executing insertUpdateVisitFoodIn() in AssessmentsService----
2022-07-19 14:02:14,750 [21] ERROR LTCPro.ServiceLayer.Log4net - ===================================
2022-07-19 14:02:14,907 [21] ERROR LTCPro.ServiceLayer.Log4net -  Source : = mscorlib
2022-07-19 14:02:14,922 [21] ERROR LTCPro.ServiceLayer.Log4net -  Stack Trace : =    at System.Threading.Tasks.Task.ThrowIfExceptional(Boolean includeTaskCanceledExceptions)
   at System.Threading.Tasks.Task`1.GetResultCore(Boolean waitCompletionNotification)
   at System.Threading.Tasks.Task`1.get_Result()
   at LTCPro.WebApi.Controllers.AssessmentsController.insertUpdateVisitFoodIn(VisitFoodintakeEntity visitiFoodIn) in D:\old system Data 04042021\Emar Service Latest 1\WebApi\Controllers\AssessmentsController.cs:line 106
   at lambda_method(Closure , Object , Object[] )
   at System.Web.Http.Controllers.ReflectedHttpActionDescriptor.ActionExecutor.<>c__DisplayClass6_1.<GetExecutor>b__3(Object instance, Object[] methodParameters)
   at System.Web.Http.Controllers.ReflectedHttpActionDescriptor.ActionExecutor.Execute(Object instance, Object[] arguments)
   at System.Web.Http.Controllers.ReflectedHttpActionDescriptor.ExecuteAsync(HttpControllerContext controllerContext, IDictionary`2 arguments, CancellationToken cancellationToken)
--- End of stack trace from previous location where exception was thrown ---
   at System.Runtime.CompilerServices.TaskAwaiter.ThrowForNonSuccess(Task task)
   at System.Runtime.CompilerServices.TaskAwaiter.HandleNonSuccessAndDebuggerNotification(Task task)
   at System.Web.Http.Controllers.ApiControllerActionInvoker.<InvokeActionAsyncCore>d__1.MoveNext()
--- End of stack trace from previous location where exception was thrown ---
   at System.Runtime.CompilerServices.TaskAwaiter.ThrowForNonSuccess(Task task)
   at System.Runtime.CompilerServices.TaskAwaiter.HandleNonSuccessAndDebuggerNotification(Task task)
   at System.Web.Http.Controllers.ActionFilterResult.<ExecuteAsync>d__5.MoveNext()
--- End of stack trace from previous location where exception was thrown ---
   at System.Runtime.CompilerServices.TaskAwaiter.ThrowForNonSuccess(Task task)
   at System.Runtime.CompilerServices.TaskAwaiter.HandleNonSuccessAndDebuggerNotification(Task task)
   at System.Web.Http.Filters.AuthorizationFilterAttribute.<ExecuteAuthorizationFilterAsyncCore>d__3.MoveNext()
--- End of stack trace from previous location where exception was thrown ---
   at System.Runtime.CompilerServices.TaskAwaiter.ThrowForNonSuccess(Task task)
   at System.Runtime.CompilerServices.TaskAwaiter.HandleNonSuccessAndDebuggerNotification(Task task)
   at System.Web.Http.Controllers.ExceptionFilterResult.<ExecuteAsync>d__6.MoveNext()
2022-07-19 14:02:14,922 [21] ERROR LTCPro.ServiceLayer.Log4net -  Exception Message : = One or more errors occurred.
2022-07-19 14:02:14,922 [21] ERROR LTCPro.ServiceLayer.Log4net - ============= Inner Exception  Stack Trace  ===========
2022-07-19 14:02:14,960 [21] ERROR LTCPro.ServiceLayer.Log4net -  Inner Exception  Stack Trace : =    at LTCPro.Repositories.AssessmentsRepository.insertUpdateVisitFoodIn(VisitFoodintakeEntity visitiFoodIn)
   at LTCPro.ServiceLayer.AssessmentsService.<insertUpdateVisitFoodIn>d__12.MoveNext() in D:\old system Data 04042021\Emar Service Latest 1\BusinessLayer\Services\AssessmentsService.cs:line 68
2022-07-19 14:02:14,960 [21] ERROR LTCPro.ServiceLayer.Log4net - ============= Inner Exception  Stack Trace End  ===========
2022-07-19 14:02:14,960 [21] ERROR LTCPro.ServiceLayer.Log4net - ============= Inner Exception  Message  ===========
2022-07-19 14:02:14,960 [21] ERROR LTCPro.ServiceLayer.Log4net -  Inner Exception Message : = Object reference not set to an instance of an object.
2022-07-19 14:02:14,960 [21] ERROR LTCPro.ServiceLayer.Log4net - ============= Inner Exception  Message End  ===========
2022-07-19 14:02:18,057 [21] ERROR LTCPro.ServiceLayer.Log4net -  InnerException Message : = Object reference not set to an instance of an object.
2022-07-19 14:02:18,057 [21] ERROR LTCPro.ServiceLayer.Log4net - ===================================
2022-07-19 14:02:26,408 [21] DEBUG LTCPro.ServiceLayer.Log4net - ---Executing UsersConfigNurseStationDrop() in FacilityController----
2022-07-19 14:02:26,408 [21] DEBUG LTCPro.ServiceLayer.Log4net - ---Executing UsersConfigNurseStationDrop() in FacilityService----
2022-07-19 14:02:26,424 [21] DEBUG LTCPro.ServiceLayer.Log4net - ---Executed Successfully UsersConfigNurseStationDrop() in FacilityController----
2022-07-19 14:02:26,504 [21] DEBUG LTCPro.ServiceLayer.Log4net - ---Executing GetProcessKeyMasterList() in FacilityController----
2022-07-19 14:02:26,504 [21] DEBUG LTCPro.ServiceLayer.Log4net - ---Executing GetProcessKeyMasterList() in FacilityService----
2022-07-19 14:02:26,511 [21] DEBUG LTCPro.ServiceLayer.Log4net - ---Executed Successfully GetProcessKeyMasterList() in FacilityController----
2022-07-19 14:02:29,650 [20] DEBUG LTCPro.ServiceLayer.Log4net - ---Executing GetProcessKeyMasterList() in FacilityController----
2022-07-19 14:02:29,650 [20] DEBUG LTCPro.ServiceLayer.Log4net - ---Executing GetProcessKeyMasterList() in FacilityService----
2022-07-19 14:02:29,657 [20] DEBUG LTCPro.ServiceLayer.Log4net - ---Executed Successfully GetProcessKeyMasterList() in FacilityController----
2022-07-19 14:02:30,849 [21] DEBUG LTCPro.ServiceLayer.Log4net - ---Executing CheckUser() in UserService----
2022-07-19 14:02:30,903 [21] DEBUG LTCPro.ServiceLayer.Log4net - ---Executing FindUser() in UserService----
2022-07-19 14:02:30,919 [21] DEBUG LTCPro.ServiceLayer.Log4net - ---Executing InsertUserSession() in UserService----
2022-07-19 14:02:31,116 [21] DEBUG LTCPro.ServiceLayer.Log4net - ---Executing InsertUserToken() in UserService----
2022-07-19 14:02:31,215 [20] DEBUG LTCPro.ServiceLayer.Log4net - ---Executing InsertUpdateUserRecentFacNs() in UserController----
2022-07-19 14:02:31,215 [20] DEBUG LTCPro.ServiceLayer.Log4net - ---Executing GetUserRecentFacNs() in UserService----
2022-07-19 14:02:31,225 [20] DEBUG LTCPro.ServiceLayer.Log4net - ---Executing InsertUpdateUserRecentFacNs() in CommonService----
2022-07-19 14:02:31,234 [20] DEBUG LTCPro.ServiceLayer.Log4net - ---Executed Successfully InsertUpdateUserRecentFacNs() in UserController----
2022-07-19 14:02:31,268 [6] DEBUG LTCPro.ServiceLayer.Log4net - ---Executing GetScreenPermissionsForLoggedInUser() in RoleController----
2022-07-19 14:02:31,268 [6] DEBUG LTCPro.ServiceLayer.Log4net - ---Executing GetScreenPermissionsForLoggedInUser() in RoleService----
2022-07-19 14:02:31,277 [6] DEBUG LTCPro.ServiceLayer.Log4net - ---Executed Successfully GetScreenPermissionsForLoggedInUser() in RoleController----
2022-07-19 14:02:31,352 [6] DEBUG LTCPro.ServiceLayer.Log4net - ---Executing GetUserToken() in UserService----
2022-07-19 14:02:31,353 [17] DEBUG LTCPro.ServiceLayer.Log4net - ---Executing GetUserToken() in UserService----
2022-07-19 14:02:31,356 [24] DEBUG LTCPro.ServiceLayer.Log4net - ---Executing GetUserToken() in UserService----
2022-07-19 14:02:31,362 [6] DEBUG LTCPro.ServiceLayer.Log4net - ---Executing GetOutboundErrorDetails() in CommonController----
2022-07-19 14:02:31,362 [6] DEBUG LTCPro.ServiceLayer.Log4net - ---Executing GetOutboundErrorDetails() in CommonService----
2022-07-19 14:02:31,391 [24] DEBUG LTCPro.ServiceLayer.Log4net - ---Executing GetReadMailsCount() in MailboxController----
2022-07-19 14:02:31,391 [17] DEBUG LTCPro.ServiceLayer.Log4net - ---Executing GetUserPassedDueFlag() in UserController----
2022-07-19 14:02:31,392 [17] DEBUG LTCPro.ServiceLayer.Log4net - ---Executing GetUserPassedDueFlag() in UserService----
2022-07-19 14:02:31,392 [24] DEBUG LTCPro.ServiceLayer.Log4net - ---Executing GetReadMailsCount() in MailboxService----
2022-07-19 14:02:31,392 [21] DEBUG LTCPro.ServiceLayer.Log4net - ---Executing GetUserToken() in UserService----
2022-07-19 14:02:31,401 [21] DEBUG LTCPro.ServiceLayer.Log4net - ---Executing GetDueMARAlertData() in EmarController----
2022-07-19 14:02:31,401 [24] DEBUG LTCPro.ServiceLayer.Log4net - ---Executed successfully GetReadMailsCount() in MailboxController----
2022-07-19 14:02:31,402 [21] DEBUG LTCPro.ServiceLayer.Log4net - ---Executing GetDueMARAlertData() in EmarService----
2022-07-19 14:02:31,405 [17] DEBUG LTCPro.ServiceLayer.Log4net - ---Executed Successfully GetUserPassedDueFlag() in UserController----
2022-07-19 14:02:31,409 [16] DEBUG LTCPro.ServiceLayer.Log4net - ---Executing GetUserToken() in UserService----
2022-07-19 14:02:31,441 [15] DEBUG LTCPro.ServiceLayer.Log4net - ---Executing GetUserToken() in UserService----
2022-07-19 14:02:31,444 [16] DEBUG LTCPro.ServiceLayer.Log4net - ---Executing GetAlertsDetails() in MailboxController----
2022-07-19 14:02:31,444 [16] DEBUG LTCPro.ServiceLayer.Log4net - ---Executing GetAlertsDetails() in MailboxService----
2022-07-19 14:02:31,448 [15] DEBUG LTCPro.ServiceLayer.Log4net - ---Executing GetPendingDosesList() in CommonController----
2022-07-19 14:02:31,448 [15] DEBUG LTCPro.ServiceLayer.Log4net - ---Executing GetPendingDosesList() in CommonService----
2022-07-19 14:02:31,459 [24] DEBUG LTCPro.ServiceLayer.Log4net - ---Executing GetUserToken() in UserService----
2022-07-19 14:02:31,460 [17] DEBUG LTCPro.ServiceLayer.Log4net - ---Executing GetUserToken() in UserService----
2022-07-19 14:02:31,489 [17] DEBUG LTCPro.ServiceLayer.Log4net - ---Executing GetUserRecentFacNs() in UserController----
2022-07-19 14:02:31,489 [17] DEBUG LTCPro.ServiceLayer.Log4net - ---Executing GetUserRecentFacNs() in UserService----
2022-07-19 14:02:31,489 [24] DEBUG LTCPro.ServiceLayer.Log4net - ---Executing InsertUserActivityDetails() in CompanyController----
2022-07-19 14:02:31,489 [24] DEBUG LTCPro.ServiceLayer.Log4net - ---Executing InsertUserActivityDetails() in UserActivityService----
2022-07-19 14:02:31,499 [17] DEBUG LTCPro.ServiceLayer.Log4net - ---Executed Successfully GetUserRecentFacNs() in UserController----
2022-07-19 14:02:31,499 [24] DEBUG LTCPro.ServiceLayer.Log4net - ---Executed Successfully InsertUserActivityDetails() in CompanyController----
2022-07-19 14:02:31,517 [16] DEBUG LTCPro.ServiceLayer.Log4net - ---Executed successfully GetAlertsDetails() in MailboxController----
2022-07-19 14:02:31,523 [17] DEBUG LTCPro.ServiceLayer.Log4net - ---Executing GetUserToken() in UserService----
2022-07-19 14:02:31,529 [17] DEBUG LTCPro.ServiceLayer.Log4net - ---Executing GetUserAccessFacilityNurseStaions() in FacilityController----
2022-07-19 14:02:31,529 [17] DEBUG LTCPro.ServiceLayer.Log4net - ---Executing GetUserAccessFacilityNurseStaions() in FacilityService----
2022-07-19 14:02:31,540 [17] DEBUG LTCPro.ServiceLayer.Log4net - ---Executed Successfully GetUserAccessFacilityNurseStaions() in FacilityController----
2022-07-19 14:02:31,540 [20] DEBUG LTCPro.ServiceLayer.Log4net - ---Executing GetUserToken() in UserService----
2022-07-19 14:02:31,546 [20] DEBUG LTCPro.ServiceLayer.Log4net - ---Executing GetUserActiveCompanyMasterList() in CompanyController----
2022-07-19 14:02:31,546 [20] DEBUG LTCPro.ServiceLayer.Log4net - ---Executing GetActiveCompanyMasterList() in CompanyService----
2022-07-19 14:02:31,547 [6] DEBUG LTCPro.ServiceLayer.Log4net - ---Executed Successfully GetOutboundErrorDetails() in CommonController----
2022-07-19 14:02:31,586 [15] DEBUG LTCPro.ServiceLayer.Log4net - ---Executed Successfully GetPendingDosesList() in CommonController----
2022-07-19 14:02:31,588 [20] DEBUG LTCPro.ServiceLayer.Log4net - ---Executed Successfully GetUserActiveCompanyMasterList() in CompanyController----
2022-07-19 14:02:31,728 [21] DEBUG LTCPro.ServiceLayer.Log4net - ---Executed Successfully GetDueMARAlertData() in EmarController----
2022-07-19 14:02:35,354 [21] DEBUG LTCPro.ServiceLayer.Log4net - ---Executing GetUserToken() in UserService----
2022-07-19 14:02:35,363 [21] DEBUG LTCPro.ServiceLayer.Log4net - ---Executing InsertUserActivityDetails() in CompanyController----
2022-07-19 14:02:35,363 [21] DEBUG LTCPro.ServiceLayer.Log4net - ---Executing InsertUserActivityDetails() in UserActivityService----
2022-07-19 14:02:35,364 [20] DEBUG LTCPro.ServiceLayer.Log4net - ---Executing GetUserToken() in UserService----
2022-07-19 14:02:35,371 [20] DEBUG LTCPro.ServiceLayer.Log4net - ---Executing GetUserRecentFacNs() in UserController----
2022-07-19 14:02:35,371 [20] DEBUG LTCPro.ServiceLayer.Log4net - ---Executing GetUserRecentFacNs() in UserService----
2022-07-19 14:02:35,374 [21] DEBUG LTCPro.ServiceLayer.Log4net - ---Executed Successfully InsertUserActivityDetails() in CompanyController----
2022-07-19 14:02:35,383 [20] DEBUG LTCPro.ServiceLayer.Log4net - ---Executed Successfully GetUserRecentFacNs() in UserController----
2022-07-19 14:02:35,405 [20] DEBUG LTCPro.ServiceLayer.Log4net - ---Executing GetUserToken() in UserService----
2022-07-19 14:02:35,412 [20] DEBUG LTCPro.ServiceLayer.Log4net - ---Executing GetUserAccessFacilityNurseStaions() in FacilityController----
2022-07-19 14:02:35,412 [20] DEBUG LTCPro.ServiceLayer.Log4net - ---Executing GetUserAccessFacilityNurseStaions() in FacilityService----
2022-07-19 14:02:35,424 [20] DEBUG LTCPro.ServiceLayer.Log4net - ---Executed Successfully GetUserAccessFacilityNurseStaions() in FacilityController----
2022-07-19 14:02:35,453 [21] DEBUG LTCPro.ServiceLayer.Log4net - ---Executing GetUserToken() in UserService----
2022-07-19 14:02:35,461 [21] DEBUG LTCPro.ServiceLayer.Log4net - ---Executing UserNurseStationDrop() in FacilityController----
2022-07-19 14:02:35,461 [21] DEBUG LTCPro.ServiceLayer.Log4net - ---Executing UserNurseStationDrop() in FacilityService----
2022-07-19 14:02:35,468 [21] DEBUG LTCPro.ServiceLayer.Log4net - ---Executed Successfully UserNurseStationDrop() in FacilityController----
2022-07-19 14:02:35,512 [21] DEBUG LTCPro.ServiceLayer.Log4net - ---Executing GetUserToken() in UserService----
2022-07-19 14:02:35,519 [21] DEBUG LTCPro.ServiceLayer.Log4net - ---Executing GetResidentsListByNSId() in AssesmentController----
2022-07-19 14:02:35,519 [21] DEBUG LTCPro.ServiceLayer.Log4net - ---Executing GetResidentsListByNSId() in AssesmentService----
2022-07-19 14:02:35,536 [21] DEBUG LTCPro.ServiceLayer.Log4net - ---Executed Successfully GetResidentsListByNSId() in AssesmentController----
2022-07-19 14:02:35,585 [20] DEBUG LTCPro.ServiceLayer.Log4net - ---Executing GetUserToken() in UserService----
2022-07-19 14:02:35,590 [21] DEBUG LTCPro.ServiceLayer.Log4net - ---Executing GetUserToken() in UserService----
2022-07-19 14:02:35,593 [20] DEBUG LTCPro.ServiceLayer.Log4net - ---Executing GetVisitFoodIntakeList() in AssessmentsController----
2022-07-19 14:02:35,593 [20] DEBUG LTCPro.ServiceLayer.Log4net - ---Executing GetVisitFoodIntakeList() in AssessmentsService----
2022-07-19 14:02:35,597 [21] DEBUG LTCPro.ServiceLayer.Log4net - ---Executing GetAdmitDateByID() in AssessmentController----
2022-07-19 14:02:35,597 [21] DEBUG LTCPro.ServiceLayer.Log4net - ---Executing GetAdmitDateByID() in AssessmentService----
2022-07-19 14:02:35,605 [21] DEBUG LTCPro.ServiceLayer.Log4net - ---Executed Successfully GetAdmitDateByID() in AssessmentController----
2022-07-19 14:02:35,627 [20] DEBUG LTCPro.ServiceLayer.Log4net - ---Executed Successfully GetVisitFoodIntakeList() in AssessmentsController----
2022-07-19 14:02:35,629 [24] DEBUG LTCPro.ServiceLayer.Log4net - ---Executing GetUserToken() in UserService----
2022-07-19 14:02:35,661 [24] DEBUG LTCPro.ServiceLayer.Log4net - ---Executing GetResidentInformation() in ResidentDemographicController----
2022-07-19 14:02:35,661 [24] DEBUG LTCPro.ServiceLayer.Log4net - ---Executing GetResidentInformation() in ResidentDemographicService----
2022-07-19 14:02:35,940 [24] DEBUG LTCPro.ServiceLayer.Log4net - ---Executed Successfully GetResidentInformation() in ResidentDemographicController----
2022-07-19 14:02:36,002 [20] DEBUG LTCPro.ServiceLayer.Log4net - ---Executing GetUserToken() in UserService----
2022-07-19 14:02:36,009 [20] DEBUG LTCPro.ServiceLayer.Log4net - ---Executing GetTimeZoneDate() in CommonController----
2022-07-19 14:02:36,009 [20] DEBUG LTCPro.ServiceLayer.Log4net - ---Executing GetTimeZoneDate() in CommonService----
2022-07-19 14:02:36,014 [20] DEBUG LTCPro.ServiceLayer.Log4net - ---Executed Successfully GetTimeZoneDate() in CommonController----
2022-07-19 14:02:36,028 [21] DEBUG LTCPro.ServiceLayer.Log4net - ---Executing GetUserToken() in UserService----
2022-07-19 14:02:36,063 [21] DEBUG LTCPro.ServiceLayer.Log4net - ---Executing GetNurseStationName() in ResidentDemographicController----
2022-07-19 14:02:36,063 [21] DEBUG LTCPro.ServiceLayer.Log4net - ---Executing  GetNurseStationName()  in UpdateResidentInfo----
2022-07-19 14:02:36,110 [15] DEBUG LTCPro.ServiceLayer.Log4net - ---Executing GetUserToken() in UserService----
2022-07-19 14:02:36,110 [21] DEBUG LTCPro.ServiceLayer.Log4net - ---Executed Successfully GetNurseStationName() in ResidentDemographicController----
2022-07-19 14:02:36,117 [15] DEBUG LTCPro.ServiceLayer.Log4net - ---Executing GetPhysicianDropData() in OrdersController----
2022-07-19 14:02:36,117 [15] DEBUG LTCPro.ServiceLayer.Log4net - ---Executing GetPhysicianDropData() in OrdersService----
2022-07-19 14:02:36,131 [15] DEBUG LTCPro.ServiceLayer.Log4net - ---Executed Successfully GetPhysicianDropData() in OrdersController----
2022-07-19 14:02:50,503 [21] DEBUG LTCPro.ServiceLayer.Log4net - ---Executing GetUserToken() in UserService----
2022-07-19 14:02:50,510 [21] DEBUG LTCPro.ServiceLayer.Log4net - ---Executing insertUpdateVisitFoodIn() in AssessmentsController----
2022-07-19 14:02:50,510 [21] DEBUG LTCPro.ServiceLayer.Log4net - ---Executing insertUpdateVisitFoodIn() in AssessmentsService----
2022-07-19 14:03:04,356 [21] DEBUG LTCPro.ServiceLayer.Log4net - ---Executed Successfully insertUpdateVisitFoodIn() in AssessmentsController----
2022-07-19 14:03:04,409 [20] DEBUG LTCPro.ServiceLayer.Log4net - ---Executing GetUserToken() in UserService----
2022-07-19 14:03:04,416 [20] DEBUG LTCPro.ServiceLayer.Log4net - ---Executing GetVisitFoodIntakeList() in AssessmentsController----
2022-07-19 14:03:04,416 [20] DEBUG LTCPro.ServiceLayer.Log4net - ---Executing GetVisitFoodIntakeList() in AssessmentsService----
2022-07-19 14:03:04,448 [20] DEBUG LTCPro.ServiceLayer.Log4net - ---Executed Successfully GetVisitFoodIntakeList() in AssessmentsController----
2022-07-19 14:03:20,103 [6] DEBUG LTCPro.ServiceLayer.Log4net - ---Executing GetUserToken() in UserService----
2022-07-19 14:03:20,110 [6] DEBUG LTCPro.ServiceLayer.Log4net - ---Executing insertUpdateVisitFoodIn() in AssessmentsController----
2022-07-19 14:03:20,110 [6] DEBUG LTCPro.ServiceLayer.Log4net - ---Executing insertUpdateVisitFoodIn() in AssessmentsService----
2022-07-19 14:05:28,857 [6] DEBUG LTCPro.ServiceLayer.Log4net - ---Executed Successfully insertUpdateVisitFoodIn() in AssessmentsController----
2022-07-19 14:05:28,898 [6] DEBUG LTCPro.ServiceLayer.Log4net - ---Executing GetUserToken() in UserService----
2022-07-19 14:05:28,906 [6] DEBUG LTCPro.ServiceLayer.Log4net - ---Executing GetVisitFoodIntakeList() in AssessmentsController----
2022-07-19 14:05:28,906 [6] DEBUG LTCPro.ServiceLayer.Log4net - ---Executing GetVisitFoodIntakeList() in AssessmentsService----
2022-07-19 14:05:28,937 [6] DEBUG LTCPro.ServiceLayer.Log4net - ---Executed Successfully GetVisitFoodIntakeList() in AssessmentsController----
2022-07-19 14:05:42,167 [6] DEBUG LTCPro.ServiceLayer.Log4net - ---Executing GetUserToken() in UserService----
2022-07-19 14:05:42,175 [6] DEBUG LTCPro.ServiceLayer.Log4net - ---Executing insertUpdateVisitFoodIn() in AssessmentsController----
2022-07-19 14:05:42,175 [6] DEBUG LTCPro.ServiceLayer.Log4net - ---Executing insertUpdateVisitFoodIn() in AssessmentsService----
2022-07-19 14:05:44,149 [6] DEBUG LTCPro.ServiceLayer.Log4net - ---Executed Successfully insertUpdateVisitFoodIn() in AssessmentsController----
2022-07-19 14:05:44,175 [24] DEBUG LTCPro.ServiceLayer.Log4net - ---Executing GetUserToken() in UserService----
2022-07-19 14:05:44,182 [24] DEBUG LTCPro.ServiceLayer.Log4net - ---Executing GetVisitFoodIntakeList() in AssessmentsController----
2022-07-19 14:05:44,182 [24] DEBUG LTCPro.ServiceLayer.Log4net - ---Executing GetVisitFoodIntakeList() in AssessmentsService----
2022-07-19 14:05:44,212 [24] DEBUG LTCPro.ServiceLayer.Log4net - ---Executed Successfully GetVisitFoodIntakeList() in AssessmentsController----
2022-07-19 14:27:58,264 [40] DEBUG LTCPro.ServiceLayer.Log4net - ---Executing GetUserToken() in UserService----
2022-07-19 14:27:58,264 [42] DEBUG LTCPro.ServiceLayer.Log4net - ---Executing GetUserToken() in UserService----
2022-07-19 14:27:58,266 [44] DEBUG LTCPro.ServiceLayer.Log4net - ---Executing GetUserToken() in UserService----
2022-07-19 14:27:58,273 [43] DEBUG LTCPro.ServiceLayer.Log4net - ---Executing GetUserToken() in UserService----
2022-07-19 14:27:58,288 [40] DEBUG LTCPro.ServiceLayer.Log4net - ---Executing GetAlertsDetails() in MailboxController----
2022-07-19 14:27:58,288 [40] DEBUG LTCPro.ServiceLayer.Log4net - ---Executing GetAlertsDetails() in MailboxService----
2022-07-19 14:27:58,294 [43] DEBUG LTCPro.ServiceLayer.Log4net - ---Executing GetDueMARAlertData() in EmarController----
2022-07-19 14:27:58,294 [43] DEBUG LTCPro.ServiceLayer.Log4net - ---Executing GetDueMARAlertData() in EmarService----
2022-07-19 14:27:58,306 [42] DEBUG LTCPro.ServiceLayer.Log4net - ---Executing GetReadMailsCount() in MailboxController----
2022-07-19 14:27:58,306 [42] DEBUG LTCPro.ServiceLayer.Log4net - ---Executing GetReadMailsCount() in MailboxService----
2022-07-19 14:27:58,323 [44] DEBUG LTCPro.ServiceLayer.Log4net - ---Executing GetUserPassedDueFlag() in UserController----
2022-07-19 14:27:58,323 [44] DEBUG LTCPro.ServiceLayer.Log4net - ---Executing GetUserPassedDueFlag() in UserService----
2022-07-19 14:27:58,330 [44] DEBUG LTCPro.ServiceLayer.Log4net - ---Executed Successfully GetUserPassedDueFlag() in UserController----
2022-07-19 14:27:58,347 [40] DEBUG LTCPro.ServiceLayer.Log4net - ---Executed successfully GetAlertsDetails() in MailboxController----
2022-07-19 14:27:58,348 [44] DEBUG LTCPro.ServiceLayer.Log4net - ---Executing GetUserToken() in UserService----
2022-07-19 14:27:58,364 [40] DEBUG LTCPro.ServiceLayer.Log4net - ---Executing GetUserToken() in UserService----
2022-07-19 14:27:58,418 [44] DEBUG LTCPro.ServiceLayer.Log4net - ---Executing GetOutboundErrorDetails() in CommonController----
2022-07-19 14:27:58,418 [44] DEBUG LTCPro.ServiceLayer.Log4net - ---Executing GetOutboundErrorDetails() in CommonService----
2022-07-19 14:27:58,419 [40] DEBUG LTCPro.ServiceLayer.Log4net - ---Executing GetUserRecentFacNs() in UserController----
2022-07-19 14:27:58,419 [40] DEBUG LTCPro.ServiceLayer.Log4net - ---Executing GetUserRecentFacNs() in UserService----
2022-07-19 14:27:58,429 [42] DEBUG LTCPro.ServiceLayer.Log4net - ---Executed successfully GetReadMailsCount() in MailboxController----
2022-07-19 14:27:58,437 [40] DEBUG LTCPro.ServiceLayer.Log4net - ---Executed Successfully GetUserRecentFacNs() in UserController----
2022-07-19 14:27:58,465 [42] DEBUG LTCPro.ServiceLayer.Log4net - ---Executing GetUserToken() in UserService----
2022-07-19 14:27:58,468 [40] DEBUG LTCPro.ServiceLayer.Log4net - ---Executing GetUserToken() in UserService----
2022-07-19 14:27:58,472 [42] DEBUG LTCPro.ServiceLayer.Log4net - ---Executing GetPendingDosesList() in CommonController----
2022-07-19 14:27:58,472 [42] DEBUG LTCPro.ServiceLayer.Log4net - ---Executing GetPendingDosesList() in CommonService----
2022-07-19 14:27:58,474 [40] DEBUG LTCPro.ServiceLayer.Log4net - ---Executing GetUserRecentFacNs() in UserController----
2022-07-19 14:27:58,474 [40] DEBUG LTCPro.ServiceLayer.Log4net - ---Executing GetUserRecentFacNs() in UserService----
2022-07-19 14:27:58,484 [40] DEBUG LTCPro.ServiceLayer.Log4net - ---Executed Successfully GetUserRecentFacNs() in UserController----
2022-07-19 14:27:58,495 [40] DEBUG LTCPro.ServiceLayer.Log4net - ---Executing GetUserToken() in UserService----
2022-07-19 14:27:58,502 [40] DEBUG LTCPro.ServiceLayer.Log4net - ---Executing InsertUserActivityDetails() in CompanyController----
2022-07-19 14:27:58,502 [40] DEBUG LTCPro.ServiceLayer.Log4net - ---Executing InsertUserActivityDetails() in UserActivityService----
2022-07-19 14:27:58,519 [40] DEBUG LTCPro.ServiceLayer.Log4net - ---Executed Successfully InsertUserActivityDetails() in CompanyController----
2022-07-19 14:27:58,521 [43] DEBUG LTCPro.ServiceLayer.Log4net - ---Executed Successfully GetDueMARAlertData() in EmarController----
2022-07-19 14:27:58,544 [43] DEBUG LTCPro.ServiceLayer.Log4net - ---Executing GetUserToken() in UserService----
2022-07-19 14:27:58,544 [40] DEBUG LTCPro.ServiceLayer.Log4net - ---Executing GetUserToken() in UserService----
2022-07-19 14:27:58,550 [40] DEBUG LTCPro.ServiceLayer.Log4net - ---Executing GetUserAccessFacilityNurseStaions() in FacilityController----
2022-07-19 14:27:58,550 [40] DEBUG LTCPro.ServiceLayer.Log4net - ---Executing GetUserAccessFacilityNurseStaions() in FacilityService----
2022-07-19 14:27:58,551 [43] DEBUG LTCPro.ServiceLayer.Log4net - ---Executing GetUserAccessFacilityNurseStaions() in FacilityController----
2022-07-19 14:27:58,551 [43] DEBUG LTCPro.ServiceLayer.Log4net - ---Executing GetUserAccessFacilityNurseStaions() in FacilityService----
2022-07-19 14:27:58,595 [43] DEBUG LTCPro.ServiceLayer.Log4net - ---Executed Successfully GetUserAccessFacilityNurseStaions() in FacilityController----
2022-07-19 14:27:58,596 [40] DEBUG LTCPro.ServiceLayer.Log4net - ---Executed Successfully GetUserAccessFacilityNurseStaions() in FacilityController----
2022-07-19 14:27:58,599 [42] DEBUG LTCPro.ServiceLayer.Log4net - ---Executed Successfully GetPendingDosesList() in CommonController----
2022-07-19 14:27:58,604 [44] DEBUG LTCPro.ServiceLayer.Log4net - ---Executed Successfully GetOutboundErrorDetails() in CommonController----
2022-07-19 14:27:58,627 [40] DEBUG LTCPro.ServiceLayer.Log4net - ---Executing GetUserToken() in UserService----
2022-07-19 14:27:58,633 [40] DEBUG LTCPro.ServiceLayer.Log4net - ---Executing UserNurseStationDrop() in FacilityController----
2022-07-19 14:27:58,633 [40] DEBUG LTCPro.ServiceLayer.Log4net - ---Executing UserNurseStationDrop() in FacilityService----
2022-07-19 14:27:58,640 [40] DEBUG LTCPro.ServiceLayer.Log4net - ---Executed Successfully UserNurseStationDrop() in FacilityController----
2022-07-19 14:27:58,680 [40] DEBUG LTCPro.ServiceLayer.Log4net - ---Executing GetUserToken() in UserService----
2022-07-19 14:27:58,686 [40] DEBUG LTCPro.ServiceLayer.Log4net - ---Executing GetResidentsListByNSId() in AssesmentController----
2022-07-19 14:27:58,686 [40] DEBUG LTCPro.ServiceLayer.Log4net - ---Executing GetResidentsListByNSId() in AssesmentService----
2022-07-19 14:27:58,701 [40] DEBUG LTCPro.ServiceLayer.Log4net - ---Executed Successfully GetResidentsListByNSId() in AssesmentController----
2022-07-19 14:27:58,777 [40] DEBUG LTCPro.ServiceLayer.Log4net - ---Executing GetUserToken() in UserService----
2022-07-19 14:27:58,780 [42] DEBUG LTCPro.ServiceLayer.Log4net - ---Executing GetUserToken() in UserService----
2022-07-19 14:27:58,780 [44] DEBUG LTCPro.ServiceLayer.Log4net - ---Executing GetUserToken() in UserService----
2022-07-19 14:27:58,783 [40] DEBUG LTCPro.ServiceLayer.Log4net - ---Executing GetVisitFoodIntakeList() in AssessmentsController----
2022-07-19 14:27:58,783 [40] DEBUG LTCPro.ServiceLayer.Log4net - ---Executing GetVisitFoodIntakeList() in AssessmentsService----
2022-07-19 14:27:58,788 [42] DEBUG LTCPro.ServiceLayer.Log4net - ---Executing GetAdmitDateByID() in AssessmentController----
2022-07-19 14:27:58,788 [42] DEBUG LTCPro.ServiceLayer.Log4net - ---Executing GetAdmitDateByID() in AssessmentService----
2022-07-19 14:27:58,788 [44] DEBUG LTCPro.ServiceLayer.Log4net - ---Executing GetResidentInformation() in ResidentDemographicController----
2022-07-19 14:27:58,788 [44] DEBUG LTCPro.ServiceLayer.Log4net - ---Executing GetResidentInformation() in ResidentDemographicService----
2022-07-19 14:27:58,807 [42] DEBUG LTCPro.ServiceLayer.Log4net - ---Executed Successfully GetAdmitDateByID() in AssessmentController----
2022-07-19 14:27:58,870 [40] DEBUG LTCPro.ServiceLayer.Log4net - ---Executed Successfully GetVisitFoodIntakeList() in AssessmentsController----
2022-07-19 14:27:58,964 [44] DEBUG LTCPro.ServiceLayer.Log4net - ---Executed Successfully GetResidentInformation() in ResidentDemographicController----
2022-07-19 14:27:58,995 [42] DEBUG LTCPro.ServiceLayer.Log4net - ---Executing GetUserToken() in UserService----
2022-07-19 14:27:59,002 [42] DEBUG LTCPro.ServiceLayer.Log4net - ---Executing GetTimeZoneDate() in CommonController----
2022-07-19 14:27:59,002 [42] DEBUG LTCPro.ServiceLayer.Log4net - ---Executing GetTimeZoneDate() in CommonService----
2022-07-19 14:27:59,006 [42] DEBUG LTCPro.ServiceLayer.Log4net - ---Executed Successfully GetTimeZoneDate() in CommonController----
2022-07-19 14:27:59,020 [37] DEBUG LTCPro.ServiceLayer.Log4net - ---Executing GetUserToken() in UserService----
2022-07-19 14:27:59,042 [37] DEBUG LTCPro.ServiceLayer.Log4net - ---Executing GetNurseStationName() in ResidentDemographicController----
2022-07-19 14:27:59,042 [37] DEBUG LTCPro.ServiceLayer.Log4net - ---Executing  GetNurseStationName()  in UpdateResidentInfo----
2022-07-19 14:27:59,051 [38] DEBUG LTCPro.ServiceLayer.Log4net - ---Executing GetUserToken() in UserService----
2022-07-19 14:27:59,053 [37] DEBUG LTCPro.ServiceLayer.Log4net - ---Executed Successfully GetNurseStationName() in ResidentDemographicController----
2022-07-19 14:27:59,058 [38] DEBUG LTCPro.ServiceLayer.Log4net - ---Executing GetPhysicianDropData() in OrdersController----
2022-07-19 14:27:59,058 [38] DEBUG LTCPro.ServiceLayer.Log4net - ---Executing GetPhysicianDropData() in OrdersService----
2022-07-19 14:27:59,071 [38] DEBUG LTCPro.ServiceLayer.Log4net - ---Executed Successfully GetPhysicianDropData() in OrdersController----
2022-07-19 14:32:12,234 [32] DEBUG LTCPro.ServiceLayer.Log4net - ---Executing GetUserToken() in UserService----
2022-07-19 14:32:12,235 [28] DEBUG LTCPro.ServiceLayer.Log4net - ---Executing GetUserToken() in UserService----
2022-07-19 14:32:12,238 [27] DEBUG LTCPro.ServiceLayer.Log4net - ---Executing GetUserToken() in UserService----
2022-07-19 14:32:12,242 [32] DEBUG LTCPro.ServiceLayer.Log4net - ---Executing GetReadMailsCount() in MailboxController----
2022-07-19 14:32:12,243 [32] DEBUG LTCPro.ServiceLayer.Log4net - ---Executing GetReadMailsCount() in MailboxService----
2022-07-19 14:32:12,243 [31] DEBUG LTCPro.ServiceLayer.Log4net - ---Executing GetUserToken() in UserService----
2022-07-19 14:32:12,246 [28] DEBUG LTCPro.ServiceLayer.Log4net - ---Executing GetAlertsDetails() in MailboxController----
2022-07-19 14:32:12,246 [28] DEBUG LTCPro.ServiceLayer.Log4net - ---Executing GetAlertsDetails() in MailboxService----
2022-07-19 14:32:12,247 [27] DEBUG LTCPro.ServiceLayer.Log4net - ---Executing GetPendingDosesList() in CommonController----
2022-07-19 14:32:12,247 [27] DEBUG LTCPro.ServiceLayer.Log4net - ---Executing GetPendingDosesList() in CommonService----
2022-07-19 14:32:12,250 [31] DEBUG LTCPro.ServiceLayer.Log4net - ---Executing GetUserPassedDueFlag() in UserController----
2022-07-19 14:32:12,250 [31] DEBUG LTCPro.ServiceLayer.Log4net - ---Executing GetUserPassedDueFlag() in UserService----
2022-07-19 14:32:12,251 [32] DEBUG LTCPro.ServiceLayer.Log4net - ---Executed successfully GetReadMailsCount() in MailboxController----
2022-07-19 14:32:12,258 [29] DEBUG LTCPro.ServiceLayer.Log4net - ---Executing GetUserToken() in UserService----
2022-07-19 14:32:12,260 [31] DEBUG LTCPro.ServiceLayer.Log4net - ---Executed Successfully GetUserPassedDueFlag() in UserController----
2022-07-19 14:32:12,267 [29] DEBUG LTCPro.ServiceLayer.Log4net - ---Executing GetUserRecentFacNs() in UserController----
2022-07-19 14:32:12,267 [29] DEBUG LTCPro.ServiceLayer.Log4net - ---Executing GetUserRecentFacNs() in UserService----
2022-07-19 14:32:12,268 [36] DEBUG LTCPro.ServiceLayer.Log4net - ---Executing GetUserToken() in UserService----
2022-07-19 14:32:12,273 [30] DEBUG LTCPro.ServiceLayer.Log4net - ---Executing GetUserToken() in UserService----
2022-07-19 14:32:12,278 [36] DEBUG LTCPro.ServiceLayer.Log4net - ---Executing GetDueMARAlertData() in EmarController----
2022-07-19 14:32:12,278 [36] DEBUG LTCPro.ServiceLayer.Log4net - ---Executing GetDueMARAlertData() in EmarService----
2022-07-19 14:32:12,278 [29] DEBUG LTCPro.ServiceLayer.Log4net - ---Executed Successfully GetUserRecentFacNs() in UserController----
2022-07-19 14:32:12,321 [28] DEBUG LTCPro.ServiceLayer.Log4net - ---Executed successfully GetAlertsDetails() in MailboxController----
2022-07-19 14:32:12,324 [38] DEBUG LTCPro.ServiceLayer.Log4net - ---Executing GetUserToken() in UserService----
2022-07-19 14:32:12,330 [27] DEBUG LTCPro.ServiceLayer.Log4net - ---Executed Successfully GetPendingDosesList() in CommonController----
2022-07-19 14:32:12,332 [38] DEBUG LTCPro.ServiceLayer.Log4net - ---Executing InsertUserActivityDetails() in CompanyController----
2022-07-19 14:32:12,332 [38] DEBUG LTCPro.ServiceLayer.Log4net - ---Executing InsertUserActivityDetails() in UserActivityService----
2022-07-19 14:32:12,341 [37] DEBUG LTCPro.ServiceLayer.Log4net - ---Executing GetUserToken() in UserService----
2022-07-19 14:32:12,342 [38] DEBUG LTCPro.ServiceLayer.Log4net - ---Executed Successfully InsertUserActivityDetails() in CompanyController----
2022-07-19 14:32:12,347 [37] DEBUG LTCPro.ServiceLayer.Log4net - ---Executing GetUserRecentFacNs() in UserController----
2022-07-19 14:32:12,347 [37] DEBUG LTCPro.ServiceLayer.Log4net - ---Executing GetUserRecentFacNs() in UserService----
2022-07-19 14:32:12,356 [37] DEBUG LTCPro.ServiceLayer.Log4net - ---Executed Successfully GetUserRecentFacNs() in UserController----
2022-07-19 14:32:12,364 [30] DEBUG LTCPro.ServiceLayer.Log4net - ---Executing GetOutboundErrorDetails() in CommonController----
2022-07-19 14:32:12,364 [30] DEBUG LTCPro.ServiceLayer.Log4net - ---Executing GetOutboundErrorDetails() in CommonService----
2022-07-19 14:32:12,450 [30] DEBUG LTCPro.ServiceLayer.Log4net - ---Executed Successfully GetOutboundErrorDetails() in CommonController----
2022-07-19 14:32:12,488 [36] DEBUG LTCPro.ServiceLayer.Log4net - ---Executed Successfully GetDueMARAlertData() in EmarController----
2022-07-19 14:32:12,653 [29] DEBUG LTCPro.ServiceLayer.Log4net - ---Executing GetUserToken() in UserService----
2022-07-19 14:32:12,660 [29] DEBUG LTCPro.ServiceLayer.Log4net - ---Executing GetUserAccessFacilityNurseStaions() in FacilityController----
2022-07-19 14:32:12,660 [29] DEBUG LTCPro.ServiceLayer.Log4net - ---Executing GetUserAccessFacilityNurseStaions() in FacilityService----
2022-07-19 14:32:12,669 [38] DEBUG LTCPro.ServiceLayer.Log4net - ---Executing GetUserToken() in UserService----
2022-07-19 14:32:12,673 [29] DEBUG LTCPro.ServiceLayer.Log4net - ---Executed Successfully GetUserAccessFacilityNurseStaions() in FacilityController----
2022-07-19 14:32:12,676 [38] DEBUG LTCPro.ServiceLayer.Log4net - ---Executing GetUserAccessFacilityNurseStaions() in FacilityController----
2022-07-19 14:32:12,676 [38] DEBUG LTCPro.ServiceLayer.Log4net - ---Executing GetUserAccessFacilityNurseStaions() in FacilityService----
2022-07-19 14:32:12,688 [38] DEBUG LTCPro.ServiceLayer.Log4net - ---Executed Successfully GetUserAccessFacilityNurseStaions() in FacilityController----
2022-07-19 14:32:12,711 [38] DEBUG LTCPro.ServiceLayer.Log4net - ---Executing GetUserToken() in UserService----
2022-07-19 14:32:12,717 [38] DEBUG LTCPro.ServiceLayer.Log4net - ---Executing UserNurseStationDrop() in FacilityController----
2022-07-19 14:32:12,717 [38] DEBUG LTCPro.ServiceLayer.Log4net - ---Executing UserNurseStationDrop() in FacilityService----
2022-07-19 14:32:12,725 [38] DEBUG LTCPro.ServiceLayer.Log4net - ---Executed Successfully UserNurseStationDrop() in FacilityController----
2022-07-19 14:32:12,767 [38] DEBUG LTCPro.ServiceLayer.Log4net - ---Executing GetUserToken() in UserService----
2022-07-19 14:32:12,774 [38] DEBUG LTCPro.ServiceLayer.Log4net - ---Executing GetResidentsListByNSId() in AssesmentController----
2022-07-19 14:32:12,774 [38] DEBUG LTCPro.ServiceLayer.Log4net - ---Executing GetResidentsListByNSId() in AssesmentService----
2022-07-19 14:32:12,793 [38] DEBUG LTCPro.ServiceLayer.Log4net - ---Executed Successfully GetResidentsListByNSId() in AssesmentController----
2022-07-19 14:32:12,935 [38] DEBUG LTCPro.ServiceLayer.Log4net - ---Executing GetUserToken() in UserService----
2022-07-19 14:32:12,935 [37] DEBUG LTCPro.ServiceLayer.Log4net - ---Executing GetUserToken() in UserService----
2022-07-19 14:32:12,943 [37] DEBUG LTCPro.ServiceLayer.Log4net - ---Executing GetVisitFoodIntakeList() in AssessmentsController----
2022-07-19 14:32:12,943 [37] DEBUG LTCPro.ServiceLayer.Log4net - ---Executing GetVisitFoodIntakeList() in AssessmentsService----
2022-07-19 14:32:12,944 [38] DEBUG LTCPro.ServiceLayer.Log4net - ---Executing GetAdmitDateByID() in AssessmentController----
2022-07-19 14:32:12,944 [38] DEBUG LTCPro.ServiceLayer.Log4net - ---Executing GetAdmitDateByID() in AssessmentService----
2022-07-19 14:32:12,951 [38] DEBUG LTCPro.ServiceLayer.Log4net - ---Executed Successfully GetAdmitDateByID() in AssessmentController----
2022-07-19 14:32:12,963 [36] DEBUG LTCPro.ServiceLayer.Log4net - ---Executing GetUserToken() in UserService----
2022-07-19 14:32:12,970 [36] DEBUG LTCPro.ServiceLayer.Log4net - ---Executing GetResidentInformation() in ResidentDemographicController----
2022-07-19 14:32:12,970 [36] DEBUG LTCPro.ServiceLayer.Log4net - ---Executing GetResidentInformation() in ResidentDemographicService----
2022-07-19 14:32:12,978 [37] DEBUG LTCPro.ServiceLayer.Log4net - ---Executed Successfully GetVisitFoodIntakeList() in AssessmentsController----
2022-07-19 14:32:13,091 [36] DEBUG LTCPro.ServiceLayer.Log4net - ---Executed Successfully GetResidentInformation() in ResidentDemographicController----
2022-07-19 14:32:13,137 [31] DEBUG LTCPro.ServiceLayer.Log4net - ---Executing GetUserToken() in UserService----
2022-07-19 14:32:13,144 [31] DEBUG LTCPro.ServiceLayer.Log4net - ---Executing GetTimeZoneDate() in CommonController----
2022-07-19 14:32:13,144 [31] DEBUG LTCPro.ServiceLayer.Log4net - ---Executing GetTimeZoneDate() in CommonService----
2022-07-19 14:32:13,156 [31] DEBUG LTCPro.ServiceLayer.Log4net - ---Executed Successfully GetTimeZoneDate() in CommonController----
2022-07-19 14:32:13,161 [28] DEBUG LTCPro.ServiceLayer.Log4net - ---Executing GetUserToken() in UserService----
2022-07-19 14:32:13,168 [28] DEBUG LTCPro.ServiceLayer.Log4net - ---Executing GetNurseStationName() in ResidentDemographicController----
2022-07-19 14:32:13,168 [28] DEBUG LTCPro.ServiceLayer.Log4net - ---Executing  GetNurseStationName()  in UpdateResidentInfo----
2022-07-19 14:32:13,178 [28] DEBUG LTCPro.ServiceLayer.Log4net - ---Executed Successfully GetNurseStationName() in ResidentDemographicController----
2022-07-19 14:32:13,195 [30] DEBUG LTCPro.ServiceLayer.Log4net - ---Executing GetUserToken() in UserService----
2022-07-19 14:32:13,201 [30] DEBUG LTCPro.ServiceLayer.Log4net - ---Executing GetPhysicianDropData() in OrdersController----
2022-07-19 14:32:13,201 [30] DEBUG LTCPro.ServiceLayer.Log4net - ---Executing GetPhysicianDropData() in OrdersService----
2022-07-19 14:32:13,213 [30] DEBUG LTCPro.ServiceLayer.Log4net - ---Executed Successfully GetPhysicianDropData() in OrdersController----
2022-07-19 14:32:59,071 [31] DEBUG LTCPro.ServiceLayer.Log4net - ---Executing GetUserToken() in UserService----
2022-07-19 14:32:59,079 [31] DEBUG LTCPro.ServiceLayer.Log4net - ---Executing InsertUserActivityDetails() in CompanyController----
2022-07-19 14:32:59,079 [31] DEBUG LTCPro.ServiceLayer.Log4net - ---Executing InsertUserActivityDetails() in UserActivityService----
2022-07-19 14:32:59,082 [28] DEBUG LTCPro.ServiceLayer.Log4net - ---Executing GetUserToken() in UserService----
2022-07-19 14:32:59,088 [28] DEBUG LTCPro.ServiceLayer.Log4net - ---Executing GetUserRecentFacNs() in UserController----
2022-07-19 14:32:59,088 [31] DEBUG LTCPro.ServiceLayer.Log4net - ---Executed Successfully InsertUserActivityDetails() in CompanyController----
2022-07-19 14:32:59,088 [28] DEBUG LTCPro.ServiceLayer.Log4net - ---Executing GetUserRecentFacNs() in UserService----
2022-07-19 14:32:59,100 [28] DEBUG LTCPro.ServiceLayer.Log4net - ---Executed Successfully GetUserRecentFacNs() in UserController----
2022-07-19 14:32:59,123 [32] DEBUG LTCPro.ServiceLayer.Log4net - ---Executing GetUserToken() in UserService----
2022-07-19 14:32:59,129 [32] DEBUG LTCPro.ServiceLayer.Log4net - ---Executing GetUserAccessFacilityNurseStaions() in FacilityController----
2022-07-19 14:32:59,129 [32] DEBUG LTCPro.ServiceLayer.Log4net - ---Executing GetUserAccessFacilityNurseStaions() in FacilityService----
2022-07-19 14:32:59,141 [32] DEBUG LTCPro.ServiceLayer.Log4net - ---Executed Successfully GetUserAccessFacilityNurseStaions() in FacilityController----
2022-07-19 14:32:59,174 [32] DEBUG LTCPro.ServiceLayer.Log4net - ---Executing GetUserToken() in UserService----
2022-07-19 14:32:59,181 [32] DEBUG LTCPro.ServiceLayer.Log4net - ---Executing UserNurseStationDrop() in FacilityController----
2022-07-19 14:32:59,181 [32] DEBUG LTCPro.ServiceLayer.Log4net - ---Executing UserNurseStationDrop() in FacilityService----
2022-07-19 14:32:59,188 [32] DEBUG LTCPro.ServiceLayer.Log4net - ---Executed Successfully UserNurseStationDrop() in FacilityController----
2022-07-19 14:32:59,216 [28] DEBUG LTCPro.ServiceLayer.Log4net - ---Executing GetUserToken() in UserService----
2022-07-19 14:32:59,223 [28] DEBUG LTCPro.ServiceLayer.Log4net - ---Executing GetResidentsListByNSId() in AssesmentController----
2022-07-19 14:32:59,223 [28] DEBUG LTCPro.ServiceLayer.Log4net - ---Executing GetResidentsListByNSId() in AssesmentService----
2022-07-19 14:32:59,239 [28] DEBUG LTCPro.ServiceLayer.Log4net - ---Executed Successfully GetResidentsListByNSId() in AssesmentController----
2022-07-19 14:32:59,324 [27] DEBUG LTCPro.ServiceLayer.Log4net - ---Executing GetUserToken() in UserService----
2022-07-19 14:32:59,336 [27] DEBUG LTCPro.ServiceLayer.Log4net - ---Executing GetWeightList(Patient_Id) in AssessmentController----
2022-07-19 14:32:59,336 [27] DEBUG LTCPro.ServiceLayer.Log4net - ---Executing GetWeightList() in AssessmentService----
2022-07-19 14:33:01,529 [32] DEBUG LTCPro.ServiceLayer.Log4net - ---Executing GetUserToken() in UserService----
2022-07-19 14:33:01,538 [32] DEBUG LTCPro.ServiceLayer.Log4net - ---Executing GetResidentInformation() in ResidentDemographicController----
2022-07-19 14:33:01,538 [32] DEBUG LTCPro.ServiceLayer.Log4net - ---Executing GetResidentInformation() in ResidentDemographicService----
2022-07-19 14:33:01,619 [27] DEBUG LTCPro.ServiceLayer.Log4net - ---Executed Successfully GetWeightList(Patient_Id) in AssessmentController----
2022-07-19 14:33:01,689 [32] DEBUG LTCPro.ServiceLayer.Log4net - ---Executed Successfully GetResidentInformation() in ResidentDemographicController----
2022-07-19 14:33:01,715 [28] DEBUG LTCPro.ServiceLayer.Log4net - ---Executing GetUserToken() in UserService----
2022-07-19 14:33:01,722 [28] DEBUG LTCPro.ServiceLayer.Log4net - ---Executing GetTimeZoneDate() in CommonController----
2022-07-19 14:33:01,722 [28] DEBUG LTCPro.ServiceLayer.Log4net - ---Executing GetTimeZoneDate() in CommonService----
2022-07-19 14:33:01,727 [28] DEBUG LTCPro.ServiceLayer.Log4net - ---Executed Successfully GetTimeZoneDate() in CommonController----
2022-07-19 14:33:01,739 [27] DEBUG LTCPro.ServiceLayer.Log4net - ---Executing GetUserToken() in UserService----
2022-07-19 14:33:01,746 [27] DEBUG LTCPro.ServiceLayer.Log4net - ---Executing GetNurseStationName() in ResidentDemographicController----
2022-07-19 14:33:01,746 [27] DEBUG LTCPro.ServiceLayer.Log4net - ---Executing  GetNurseStationName()  in UpdateResidentInfo----
2022-07-19 14:33:01,755 [27] DEBUG LTCPro.ServiceLayer.Log4net - ---Executed Successfully GetNurseStationName() in ResidentDemographicController----
2022-07-19 14:33:11,741 [31] DEBUG LTCPro.ServiceLayer.Log4net - ---Executing GetUserToken() in UserService----
2022-07-19 14:33:11,751 [31] DEBUG LTCPro.ServiceLayer.Log4net - ---Executing InsertUserActivityDetails() in CompanyController----
2022-07-19 14:33:11,751 [31] DEBUG LTCPro.ServiceLayer.Log4net - ---Executing InsertUserActivityDetails() in UserActivityService----
2022-07-19 14:33:11,752 [28] DEBUG LTCPro.ServiceLayer.Log4net - ---Executing GetUserToken() in UserService----
2022-07-19 14:33:11,759 [28] DEBUG LTCPro.ServiceLayer.Log4net - ---Executing GetUserRecentFacNs() in UserController----
2022-07-19 14:33:11,759 [28] DEBUG LTCPro.ServiceLayer.Log4net - ---Executing GetUserRecentFacNs() in UserService----
2022-07-19 14:33:11,765 [31] DEBUG LTCPro.ServiceLayer.Log4net - ---Executed Successfully InsertUserActivityDetails() in CompanyController----
2022-07-19 14:33:11,772 [28] DEBUG LTCPro.ServiceLayer.Log4net - ---Executed Successfully GetUserRecentFacNs() in UserController----
2022-07-19 14:33:11,865 [32] DEBUG LTCPro.ServiceLayer.Log4net - ---Executing GetUserToken() in UserService----
2022-07-19 14:33:11,873 [32] DEBUG LTCPro.ServiceLayer.Log4net - ---Executing GetUserAccessFacilityNurseStaions() in FacilityController----
2022-07-19 14:33:11,873 [32] DEBUG LTCPro.ServiceLayer.Log4net - ---Executing GetUserAccessFacilityNurseStaions() in FacilityService----
2022-07-19 14:33:11,884 [32] DEBUG LTCPro.ServiceLayer.Log4net - ---Executed Successfully GetUserAccessFacilityNurseStaions() in FacilityController----
2022-07-19 14:33:11,908 [32] DEBUG LTCPro.ServiceLayer.Log4net - ---Executing GetUserToken() in UserService----
2022-07-19 14:33:11,914 [32] DEBUG LTCPro.ServiceLayer.Log4net - ---Executing UserNurseStationDrop() in FacilityController----
2022-07-19 14:33:11,914 [32] DEBUG LTCPro.ServiceLayer.Log4net - ---Executing UserNurseStationDrop() in FacilityService----
2022-07-19 14:33:11,921 [32] DEBUG LTCPro.ServiceLayer.Log4net - ---Executed Successfully UserNurseStationDrop() in FacilityController----
2022-07-19 14:33:11,956 [31] DEBUG LTCPro.ServiceLayer.Log4net - ---Executing GetUserToken() in UserService----
2022-07-19 14:33:11,962 [31] DEBUG LTCPro.ServiceLayer.Log4net - ---Executing GetTimeZoneDate() in CommonController----
2022-07-19 14:33:11,962 [31] DEBUG LTCPro.ServiceLayer.Log4net - ---Executing GetTimeZoneDate() in CommonService----
2022-07-19 14:33:11,967 [31] DEBUG LTCPro.ServiceLayer.Log4net - ---Executed Successfully GetTimeZoneDate() in CommonController----
2022-07-19 14:33:11,988 [32] DEBUG LTCPro.ServiceLayer.Log4net - ---Executing GetUserToken() in UserService----
2022-07-19 14:33:11,994 [32] DEBUG LTCPro.ServiceLayer.Log4net - ---Executing GpiList() in FacilityController----
2022-07-19 14:33:11,995 [32] DEBUG LTCPro.ServiceLayer.Log4net - ---Executing UserNurseStationDrop() in FacilityService----
2022-07-19 14:33:12,170 [32] DEBUG LTCPro.ServiceLayer.Log4net - ---Executed Successfully GpiList() in FacilityController----
2022-07-19 14:33:12,233 [31] DEBUG LTCPro.ServiceLayer.Log4net - ---Executing GetUserToken() in UserService----
2022-07-19 14:33:12,275 [31] DEBUG LTCPro.ServiceLayer.Log4net - ---Executing GetCommonDashboard() in DashboardsController----
2022-07-19 14:33:12,284 [31] DEBUG LTCPro.ServiceLayer.Log4net - ---Executing GetCommonDashboard() in DashboardsService---- 
2022-07-19 14:33:12,619 [31] DEBUG LTCPro.ServiceLayer.Log4net - ---Executed Successfully GetCommonDashboard() DashboardsController----
2022-07-19 14:33:19,468 [27] DEBUG LTCPro.ServiceLayer.Log4net - ---Executing GetUserToken() in UserService----
2022-07-19 14:33:19,475 [28] DEBUG LTCPro.ServiceLayer.Log4net - ---Executing GetUserToken() in UserService----
2022-07-19 14:33:19,475 [27] DEBUG LTCPro.ServiceLayer.Log4net - ---Executing GpiList() in FacilityController----
2022-07-19 14:33:19,475 [27] DEBUG LTCPro.ServiceLayer.Log4net - ---Executing UserNurseStationDrop() in FacilityService----
2022-07-19 14:33:19,481 [28] DEBUG LTCPro.ServiceLayer.Log4net - ---Executing GetCommonDashboard() in DashboardsController----
2022-07-19 14:33:19,481 [28] DEBUG LTCPro.ServiceLayer.Log4net - ---Executing GetCommonDashboard() in DashboardsService---- 
2022-07-19 14:33:19,568 [28] DEBUG LTCPro.ServiceLayer.Log4net - ---Executed Successfully GetCommonDashboard() DashboardsController----
2022-07-19 14:33:19,576 [27] DEBUG LTCPro.ServiceLayer.Log4net - ---Executed Successfully GpiList() in FacilityController----
2022-07-19 14:33:19,611 [35] DEBUG LTCPro.ServiceLayer.Log4net - ---Executing GetUserToken() in UserService----
2022-07-19 14:33:19,618 [35] DEBUG LTCPro.ServiceLayer.Log4net - ---Executing GetCommonDashboard() in DashboardsController----
2022-07-19 14:33:19,618 [35] DEBUG LTCPro.ServiceLayer.Log4net - ---Executing GetCommonDashboard() in DashboardsService---- 
2022-07-19 14:33:19,699 [35] DEBUG LTCPro.ServiceLayer.Log4net - ---Executed Successfully GetCommonDashboard() DashboardsController----
2022-07-19 14:33:28,619 [26] DEBUG LTCPro.ServiceLayer.Log4net - ---Executing GetUserToken() in UserService----
2022-07-19 14:33:28,626 [25] DEBUG LTCPro.ServiceLayer.Log4net - ---Executing GetUserToken() in UserService----
2022-07-19 14:33:28,646 [26] DEBUG LTCPro.ServiceLayer.Log4net - ---Executing GpiList() in FacilityController----
2022-07-19 14:33:28,646 [26] DEBUG LTCPro.ServiceLayer.Log4net - ---Executing UserNurseStationDrop() in FacilityService----
2022-07-19 14:33:28,652 [25] DEBUG LTCPro.ServiceLayer.Log4net - ---Executing GetCommonDashboard() in DashboardsController----
2022-07-19 14:33:28,652 [25] DEBUG LTCPro.ServiceLayer.Log4net - ---Executing GetCommonDashboard() in DashboardsService---- 
2022-07-19 14:33:28,780 [26] DEBUG LTCPro.ServiceLayer.Log4net - ---Executed Successfully GpiList() in FacilityController----
2022-07-19 14:33:28,801 [26] DEBUG LTCPro.ServiceLayer.Log4net - ---Executing GetUserToken() in UserService----
2022-07-19 14:33:28,808 [26] DEBUG LTCPro.ServiceLayer.Log4net - ---Executing GetCommonDashboard() in DashboardsController----
2022-07-19 14:33:28,808 [26] DEBUG LTCPro.ServiceLayer.Log4net - ---Executing GetCommonDashboard() in DashboardsService---- 
2022-07-19 14:33:28,940 [25] DEBUG LTCPro.ServiceLayer.Log4net - ---Executed Successfully GetCommonDashboard() DashboardsController----
2022-07-19 14:33:29,072 [26] DEBUG LTCPro.ServiceLayer.Log4net - ---Executed Successfully GetCommonDashboard() DashboardsController----
2022-07-19 14:33:30,383 [5] DEBUG LTCPro.ServiceLayer.Log4net - ---Executing GetUserToken() in UserService----
2022-07-19 14:33:30,391 [5] DEBUG LTCPro.ServiceLayer.Log4net - ---Executing GpiList() in FacilityController----
2022-07-19 14:33:30,391 [5] DEBUG LTCPro.ServiceLayer.Log4net - ---Executing UserNurseStationDrop() in FacilityService----
2022-07-19 14:33:30,391 [25] DEBUG LTCPro.ServiceLayer.Log4net - ---Executing GetUserToken() in UserService----
2022-07-19 14:33:30,398 [25] DEBUG LTCPro.ServiceLayer.Log4net - ---Executing GetCommonDashboard() in DashboardsController----
2022-07-19 14:33:30,398 [25] DEBUG LTCPro.ServiceLayer.Log4net - ---Executing GetCommonDashboard() in DashboardsService---- 
2022-07-19 14:33:30,517 [5] DEBUG LTCPro.ServiceLayer.Log4net - ---Executed Successfully GpiList() in FacilityController----
2022-07-19 14:33:30,578 [5] DEBUG LTCPro.ServiceLayer.Log4net - ---Executing GetUserToken() in UserService----
2022-07-19 14:33:30,586 [5] DEBUG LTCPro.ServiceLayer.Log4net - ---Executing GetCommonDashboard() in DashboardsController----
2022-07-19 14:33:30,586 [5] DEBUG LTCPro.ServiceLayer.Log4net - ---Executing GetCommonDashboard() in DashboardsService---- 
2022-07-19 14:33:30,697 [25] DEBUG LTCPro.ServiceLayer.Log4net - ---Executed Successfully GetCommonDashboard() DashboardsController----
2022-07-19 14:33:30,869 [5] DEBUG LTCPro.ServiceLayer.Log4net - ---Executed Successfully GetCommonDashboard() DashboardsController----
2022-07-19 14:33:44,645 [26] DEBUG LTCPro.ServiceLayer.Log4net - ---Executing GetUserToken() in UserService----
2022-07-19 14:33:44,652 [26] DEBUG LTCPro.ServiceLayer.Log4net - ---Executing GpiList() in FacilityController----
2022-07-19 14:33:44,652 [26] DEBUG LTCPro.ServiceLayer.Log4net - ---Executing UserNurseStationDrop() in FacilityService----
2022-07-19 14:33:44,653 [7] DEBUG LTCPro.ServiceLayer.Log4net - ---Executing GetUserToken() in UserService----
2022-07-19 14:33:44,660 [7] DEBUG LTCPro.ServiceLayer.Log4net - ---Executing GetCommonDashboard() in DashboardsController----
2022-07-19 14:33:44,660 [7] DEBUG LTCPro.ServiceLayer.Log4net - ---Executing GetCommonDashboard() in DashboardsService---- 
2022-07-19 14:33:44,738 [7] DEBUG LTCPro.ServiceLayer.Log4net - ---Executed Successfully GetCommonDashboard() DashboardsController----
2022-07-19 14:33:44,750 [26] DEBUG LTCPro.ServiceLayer.Log4net - ---Executed Successfully GpiList() in FacilityController----
2022-07-19 14:33:44,773 [13] DEBUG LTCPro.ServiceLayer.Log4net - ---Executing GetUserToken() in UserService----
2022-07-19 14:33:44,780 [13] DEBUG LTCPro.ServiceLayer.Log4net - ---Executing GetCommonDashboard() in DashboardsController----
2022-07-19 14:33:44,780 [13] DEBUG LTCPro.ServiceLayer.Log4net - ---Executing GetCommonDashboard() in DashboardsService---- 
2022-07-19 14:33:44,862 [13] DEBUG LTCPro.ServiceLayer.Log4net - ---Executed Successfully GetCommonDashboard() DashboardsController----
2022-07-19 14:35:42,175 [32] DEBUG LTCPro.ServiceLayer.Log4net - ---Executing GetUserToken() in UserService----
2022-07-19 14:35:46,351 [32] DEBUG LTCPro.ServiceLayer.Log4net - ---Executing GpiList() in FacilityController----
2022-07-19 14:35:46,351 [32] DEBUG LTCPro.ServiceLayer.Log4net - ---Executing UserNurseStationDrop() in FacilityService----
2022-07-19 14:35:46,356 [11] DEBUG LTCPro.ServiceLayer.Log4net - ---Executing GetUserToken() in UserService----
2022-07-19 14:35:46,366 [11] DEBUG LTCPro.ServiceLayer.Log4net - ---Executing GetCommonDashboard() in DashboardsController----
2022-07-19 14:35:46,366 [11] DEBUG LTCPro.ServiceLayer.Log4net - ---Executing GetCommonDashboard() in DashboardsService---- 
2022-07-19 14:35:46,560 [11] DEBUG LTCPro.ServiceLayer.Log4net - ---Executed Successfully GetCommonDashboard() DashboardsController----
2022-07-19 14:35:46,578 [32] DEBUG LTCPro.ServiceLayer.Log4net - ---Executed Successfully GpiList() in FacilityController----
2022-07-19 14:35:46,610 [8] DEBUG LTCPro.ServiceLayer.Log4net - ---Executing GetUserToken() in UserService----
2022-07-19 14:35:46,617 [8] DEBUG LTCPro.ServiceLayer.Log4net - ---Executing GetCommonDashboard() in DashboardsController----
2022-07-19 14:35:46,617 [8] DEBUG LTCPro.ServiceLayer.Log4net - ---Executing GetCommonDashboard() in DashboardsService---- 
2022-07-19 14:35:46,709 [8] DEBUG LTCPro.ServiceLayer.Log4net - ---Executed Successfully GetCommonDashboard() DashboardsController----
2022-07-19 14:35:48,841 [28] DEBUG LTCPro.ServiceLayer.Log4net - ---Executing GetUserToken() in UserService----
2022-07-19 14:35:53,018 [28] DEBUG LTCPro.ServiceLayer.Log4net - ---Executing GpiList() in FacilityController----
2022-07-19 14:35:55,913 [28] DEBUG LTCPro.ServiceLayer.Log4net - ---Executing UserNurseStationDrop() in FacilityService----
2022-07-19 14:36:04,636 [32] DEBUG LTCPro.ServiceLayer.Log4net - ---Executing GetUserToken() in UserService----
2022-07-19 14:36:04,644 [32] DEBUG LTCPro.ServiceLayer.Log4net - ---Executing GetCommonDashboard() in DashboardsController----
2022-07-19 14:36:04,644 [32] DEBUG LTCPro.ServiceLayer.Log4net - ---Executing GetCommonDashboard() in DashboardsService---- 
2022-07-19 14:36:04,745 [32] DEBUG LTCPro.ServiceLayer.Log4net - ---Executed Successfully GetCommonDashboard() DashboardsController----
2022-07-19 14:36:14,884 [28] DEBUG LTCPro.ServiceLayer.Log4net - ---Executed Successfully GpiList() in FacilityController----
2022-07-19 14:36:14,910 [32] DEBUG LTCPro.ServiceLayer.Log4net - ---Executing GetUserToken() in UserService----
2022-07-19 14:36:14,917 [32] DEBUG LTCPro.ServiceLayer.Log4net - ---Executing GetCommonDashboard() in DashboardsController----
2022-07-19 14:36:14,917 [32] DEBUG LTCPro.ServiceLayer.Log4net - ---Executing GetCommonDashboard() in DashboardsService---- 
2022-07-19 14:36:14,963 [32] DEBUG LTCPro.ServiceLayer.Log4net - ---Executed Successfully GetCommonDashboard() DashboardsController----
2022-07-19 14:36:18,972 [32] DEBUG LTCPro.ServiceLayer.Log4net - ---Executing GetUserToken() in UserService----
2022-07-19 14:36:18,979 [32] DEBUG LTCPro.ServiceLayer.Log4net - ---Executing GetCommonDashboard() in DashboardsController----
2022-07-19 14:36:18,979 [32] DEBUG LTCPro.ServiceLayer.Log4net - ---Executing GetCommonDashboard() in DashboardsService---- 
2022-07-19 14:36:19,025 [32] DEBUG LTCPro.ServiceLayer.Log4net - ---Executed Successfully GetCommonDashboard() DashboardsController----
2022-07-19 14:56:18,932 [61] DEBUG LTCPro.ServiceLayer.Log4net - ---Executing LogoutUser() in UserController----
2022-07-19 14:56:18,933 [61] DEBUG LTCPro.ServiceLayer.Log4net - ---Executing LogoutUser() in UserService----
2022-07-19 14:56:19,618 [61] ERROR LTCPro.ServiceLayer.Log4net - ===================================
2022-07-19 14:56:19,618 [61] ERROR LTCPro.ServiceLayer.Log4net -  Source : = mscorlib
2022-07-19 14:56:19,619 [61] ERROR LTCPro.ServiceLayer.Log4net -  Stack Trace : =    at System.Threading.Tasks.Task.ThrowIfExceptional(Boolean includeTaskCanceledExceptions)
   at System.Threading.Tasks.Task`1.GetResultCore(Boolean waitCompletionNotification)
   at System.Threading.Tasks.Task`1.get_Result()
   at WebApi.Controllers.UserController.LogoutUser(Int32 userId) in D:\old system Data 04042021\Emar Service Latest 1\WebApi\Controllers\UserController.cs:line 72
   at lambda_method(Closure , Object , Object[] )
   at System.Web.Http.Controllers.ReflectedHttpActionDescriptor.ActionExecutor.<>c__DisplayClass6_1.<GetExecutor>b__3(Object instance, Object[] methodParameters)
   at System.Web.Http.Controllers.ReflectedHttpActionDescriptor.ActionExecutor.Execute(Object instance, Object[] arguments)
   at System.Web.Http.Controllers.ReflectedHttpActionDescriptor.ExecuteAsync(HttpControllerContext controllerContext, IDictionary`2 arguments, CancellationToken cancellationToken)
--- End of stack trace from previous location where exception was thrown ---
   at System.Runtime.CompilerServices.TaskAwaiter.ThrowForNonSuccess(Task task)
   at System.Runtime.CompilerServices.TaskAwaiter.HandleNonSuccessAndDebuggerNotification(Task task)
   at System.Web.Http.Controllers.ApiControllerActionInvoker.<InvokeActionAsyncCore>d__1.MoveNext()
--- End of stack trace from previous location where exception was thrown ---
   at System.Runtime.CompilerServices.TaskAwaiter.ThrowForNonSuccess(Task task)
   at System.Runtime.CompilerServices.TaskAwaiter.HandleNonSuccessAndDebuggerNotification(Task task)
   at System.Web.Http.Controllers.ActionFilterResult.<ExecuteAsync>d__5.MoveNext()
--- End of stack trace from previous location where exception was thrown ---
   at System.Runtime.CompilerServices.TaskAwaiter.ThrowForNonSuccess(Task task)
   at System.Runtime.CompilerServices.TaskAwaiter.HandleNonSuccessAndDebuggerNotification(Task task)
   at System.Web.Http.Filters.AuthorizationFilterAttribute.<ExecuteAuthorizationFilterAsyncCore>d__3.MoveNext()
--- End of stack trace from previous location where exception was thrown ---
   at System.Runtime.CompilerServices.TaskAwaiter.ThrowForNonSuccess(Task task)
   at System.Runtime.CompilerServices.TaskAwaiter.HandleNonSuccessAndDebuggerNotification(Task task)
   at System.Web.Http.Controllers.ExceptionFilterResult.<ExecuteAsync>d__6.MoveNext()
2022-07-19 14:56:19,619 [61] ERROR LTCPro.ServiceLayer.Log4net -  Exception Message : = One or more errors occurred.
2022-07-19 14:56:19,619 [61] ERROR LTCPro.ServiceLayer.Log4net - ============= Inner Exception  Stack Trace  ===========
2022-07-19 14:56:19,659 [61] ERROR LTCPro.ServiceLayer.Log4net -  Inner Exception  Stack Trace : =    at System.Data.Entity.Internal.InternalContext.SaveChanges()
   at System.Data.Entity.Internal.LazyInternalContext.SaveChanges()
   at System.Data.Entity.DbContext.SaveChanges()
   at LTCPro.Repositories.UserActivityRepository.InsertUserActivityDetails(UserActivityDetailEntity entity)
   at LTCPro.Repositories.UserRepository.LogoutUser(Int32 userId)
   at LTCPro.ServiceLayer.UserService.<LogoutUser>d__13.MoveNext() in D:\old system Data 04042021\Emar Service Latest 1\BusinessLayer\Services\UserService.cs:line 76
2022-07-19 14:56:19,659 [61] ERROR LTCPro.ServiceLayer.Log4net - ============= Inner Exception  Stack Trace End  ===========
2022-07-19 14:56:19,659 [61] ERROR LTCPro.ServiceLayer.Log4net - ============= Inner Exception  Message  ===========
2022-07-19 14:56:19,659 [61] ERROR LTCPro.ServiceLayer.Log4net -  Inner Exception Message : = An error occurred while updating the entries. See the inner exception for details.
2022-07-19 14:56:19,659 [61] ERROR LTCPro.ServiceLayer.Log4net - ============= Inner Exception  Message End  ===========
2022-07-19 14:56:22,528 [61] ERROR LTCPro.ServiceLayer.Log4net -  InnerException Message : = An error occurred while updating the entries. See the inner exception for details.
2022-07-19 14:56:22,528 [61] ERROR LTCPro.ServiceLayer.Log4net - ===================================
