2023-10-05 05:46:56,004 [5] ERROR LTCPro.ServiceLayer.Log4net - ===================================
2023-10-05 05:46:56,091 [5] ERROR LTCPro.ServiceLayer.Log4net -  Source : = mscorlib
2023-10-05 05:46:56,091 [5] ERROR LTCPro.ServiceLayer.Log4net -  Stack Trace : =    at System.Runtime.CompilerServices.TaskAwaiter.ThrowForNonSuccess(Task task)
   at System.Runtime.CompilerServices.TaskAwaiter.HandleNonSuccessAndDebuggerNotification(Task task)
   at System.Web.Http.Controllers.ApiControllerActionInvoker.<InvokeActionAsyncCore>d__1.MoveNext()
--- End of stack trace from previous location where exception was thrown ---
   at System.Runtime.CompilerServices.TaskAwaiter.ThrowForNonSuccess(Task task)
   at System.Runtime.CompilerServices.TaskAwaiter.HandleNonSuccessAndDebuggerNotification(Task task)
   at System.Web.Http.Controllers.ActionFilterResult.<ExecuteAsync>d__5.MoveNext()
--- End of stack trace from previous location where exception was thrown ---
   at System.Runtime.CompilerServices.TaskAwaiter.ThrowForNonSuccess(Task task)
   at System.Runtime.CompilerServices.TaskAwaiter.HandleNonSuccessAndDebuggerNotification(Task task)
   at System.Web.Http.Controllers.ExceptionFilterResult.<ExecuteAsync>d__6.MoveNext()
2023-10-05 05:46:56,091 [5] ERROR LTCPro.ServiceLayer.Log4net -  Exception Message : = A task was canceled.
2023-10-05 05:46:56,091 [5] ERROR LTCPro.ServiceLayer.Log4net - ============= Inner Exception  Stack Trace  ===========
2023-10-05 05:46:56,091 [5] ERROR LTCPro.ServiceLayer.Log4net -  Inner Exception  Stack Trace : =    at System.Runtime.CompilerServices.TaskAwaiter.ThrowForNonSuccess(Task task)
   at System.Runtime.CompilerServices.TaskAwaiter.HandleNonSuccessAndDebuggerNotification(Task task)
   at System.Web.Http.Controllers.ApiControllerActionInvoker.<InvokeActionAsyncCore>d__1.MoveNext()
--- End of stack trace from previous location where exception was thrown ---
   at System.Runtime.CompilerServices.TaskAwaiter.ThrowForNonSuccess(Task task)
   at System.Runtime.CompilerServices.TaskAwaiter.HandleNonSuccessAndDebuggerNotification(Task task)
   at System.Web.Http.Controllers.ActionFilterResult.<ExecuteAsync>d__5.MoveNext()
--- End of stack trace from previous location where exception was thrown ---
   at System.Runtime.CompilerServices.TaskAwaiter.ThrowForNonSuccess(Task task)
   at System.Runtime.CompilerServices.TaskAwaiter.HandleNonSuccessAndDebuggerNotification(Task task)
   at System.Web.Http.Controllers.ExceptionFilterResult.<ExecuteAsync>d__6.MoveNext()
2023-10-05 05:46:56,092 [5] ERROR LTCPro.ServiceLayer.Log4net - =============  Exception  Stack Trace End  ===========
2023-10-05 05:47:01,472 [6] DEBUG LTCPro.ServiceLayer.Log4net - ---Executing UsersConfigNurseStationDrop() in FacilityController----
2023-10-05 05:47:01,605 [6] DEBUG LTCPro.ServiceLayer.Log4net - ---Executing UsersConfigNurseStationDrop() in FacilityService----
2023-10-05 05:47:07,375 [6] DEBUG LTCPro.ServiceLayer.Log4net - ---Executed Successfully UsersConfigNurseStationDrop() in FacilityController----
2023-10-05 05:47:07,899 [7] DEBUG LTCPro.ServiceLayer.Log4net - ---Executing GetProcessKeyMasterList() in FacilityController----
2023-10-05 05:47:07,900 [7] DEBUG LTCPro.ServiceLayer.Log4net - ---Executing GetProcessKeyMasterList() in FacilityService----
2023-10-05 05:47:08,182 [7] DEBUG LTCPro.ServiceLayer.Log4net - ---Executed Successfully GetProcessKeyMasterList() in FacilityController----
2023-10-05 05:47:13,820 [6] DEBUG LTCPro.ServiceLayer.Log4net - ---Executing CheckUser() in UserService----
2023-10-05 05:47:14,925 [6] DEBUG LTCPro.ServiceLayer.Log4net - ---Executing FindUser() in UserService----
2023-10-05 05:47:15,348 [6] DEBUG LTCPro.ServiceLayer.Log4net - ---Executing InsertUserSession() in UserService----
2023-10-05 05:47:16,448 [6] DEBUG LTCPro.ServiceLayer.Log4net - ---Executing InsertUserToken() in UserService----
2023-10-05 05:47:18,183 [10] DEBUG LTCPro.ServiceLayer.Log4net - ---Executing InsertUpdateUserRecentFacNs() in UserController----
2023-10-05 05:47:18,193 [6] DEBUG LTCPro.ServiceLayer.Log4net - ---Executing GetScreenPermissionsForLoggedInUser() in RoleController----
2023-10-05 05:47:18,199 [10] DEBUG LTCPro.ServiceLayer.Log4net - ---Executing GetUserRecentFacNs() in UserService----
2023-10-05 05:47:18,229 [6] DEBUG LTCPro.ServiceLayer.Log4net - ---Executing GetScreenPermissionsForLoggedInUser() in RoleService----
2023-10-05 05:47:18,781 [10] DEBUG LTCPro.ServiceLayer.Log4net - ---Executing InsertUpdateUserRecentFacNs() in CommonService----
2023-10-05 05:47:19,424 [6] DEBUG LTCPro.ServiceLayer.Log4net - ---Executed Successfully GetScreenPermissionsForLoggedInUser() in RoleController----
2023-10-05 05:47:19,647 [13] DEBUG LTCPro.ServiceLayer.Log4net - ---Executing GetUserToken() in UserService----
2023-10-05 05:47:19,647 [6] DEBUG LTCPro.ServiceLayer.Log4net - ---Executing GetUserToken() in UserService----
2023-10-05 05:47:19,673 [7] DEBUG LTCPro.ServiceLayer.Log4net - ---Executing GetUserToken() in UserService----
2023-10-05 05:47:19,965 [10] DEBUG LTCPro.ServiceLayer.Log4net - ---Executed Successfully InsertUpdateUserRecentFacNs() in UserController----
2023-10-05 05:47:19,978 [6] DEBUG LTCPro.ServiceLayer.Log4net - ---Executing GetUserPassedDueFlag() in UserController----
2023-10-05 05:47:19,979 [6] DEBUG LTCPro.ServiceLayer.Log4net - ---Executing GetUserPassedDueFlag() in UserService----
2023-10-05 05:47:19,998 [10] DEBUG LTCPro.ServiceLayer.Log4net - ---Executing GetUserToken() in UserService----
2023-10-05 05:47:20,222 [6] DEBUG LTCPro.ServiceLayer.Log4net - ---Executed Successfully GetUserPassedDueFlag() in UserController----
2023-10-05 05:47:20,222 [7] DEBUG LTCPro.ServiceLayer.Log4net - ---Executing InsertUserActivityDetails() in CompanyController----
2023-10-05 05:47:20,223 [7] DEBUG LTCPro.ServiceLayer.Log4net - ---Executing InsertUserActivityDetails() in UserActivityService----
2023-10-05 05:47:20,251 [6] DEBUG LTCPro.ServiceLayer.Log4net - ---Executing GetUserToken() in UserService----
2023-10-05 05:47:20,320 [10] DEBUG LTCPro.ServiceLayer.Log4net - ---Executing GetAlertsDetails() in MailboxController----
2023-10-05 05:47:20,331 [10] DEBUG LTCPro.ServiceLayer.Log4net - ---Executing GetAlertsDetails() in MailboxService----
2023-10-05 05:47:20,544 [6] DEBUG LTCPro.ServiceLayer.Log4net - ---Executing GetDueMARAlertData() in EmarController----
2023-10-05 05:47:20,560 [6] DEBUG LTCPro.ServiceLayer.Log4net - ---Executing GetDueMARAlertData() in EmarService----
2023-10-05 05:47:20,865 [10] DEBUG LTCPro.ServiceLayer.Log4net - ---Executed successfully GetAlertsDetails() in MailboxController----
2023-10-05 05:47:20,897 [10] DEBUG LTCPro.ServiceLayer.Log4net - ---Executing GetUserToken() in UserService----
2023-10-05 05:47:20,916 [7] DEBUG LTCPro.ServiceLayer.Log4net - ---Executed Successfully InsertUserActivityDetails() in CompanyController----
2023-10-05 05:47:20,932 [7] DEBUG LTCPro.ServiceLayer.Log4net - ---Executing GetUserToken() in UserService----
2023-10-05 05:47:21,052 [13] DEBUG LTCPro.ServiceLayer.Log4net - ---Executing GetReadMailsCount() in MailboxController----
2023-10-05 05:47:21,053 [13] DEBUG LTCPro.ServiceLayer.Log4net - ---Executing GetReadMailsCount() in MailboxService----
2023-10-05 05:47:21,122 [10] DEBUG LTCPro.ServiceLayer.Log4net - ---Executing GetOutboundErrorDetails() in CommonController----
2023-10-05 05:47:21,123 [10] DEBUG LTCPro.ServiceLayer.Log4net - ---Executing GetOutboundErrorDetails() in CommonService----
2023-10-05 05:47:21,161 [7] DEBUG LTCPro.ServiceLayer.Log4net - ---Executing GetUserRecentFacNs() in UserController----
2023-10-05 05:47:21,161 [7] DEBUG LTCPro.ServiceLayer.Log4net - ---Executing GetUserRecentFacNs() in UserService----
2023-10-05 05:47:21,311 [13] DEBUG LTCPro.ServiceLayer.Log4net - ---Executed successfully GetReadMailsCount() in MailboxController----
2023-10-05 05:47:21,616 [7] DEBUG LTCPro.ServiceLayer.Log4net - ---Executed Successfully GetUserRecentFacNs() in UserController----
2023-10-05 05:47:21,649 [10] DEBUG LTCPro.ServiceLayer.Log4net - ---Executed Successfully GetOutboundErrorDetails() in CommonController----
2023-10-05 05:47:21,650 [7] DEBUG LTCPro.ServiceLayer.Log4net - ---Executing GetUserToken() in UserService----
2023-10-05 05:47:21,715 [10] DEBUG LTCPro.ServiceLayer.Log4net - ---Executing GetUserToken() in UserService----
2023-10-05 05:47:21,877 [7] DEBUG LTCPro.ServiceLayer.Log4net - ---Executing GetPendingDosesList() in CommonController----
2023-10-05 05:47:21,879 [7] DEBUG LTCPro.ServiceLayer.Log4net - ---Executing GetPendingDosesList() in CommonService----
2023-10-05 05:47:21,954 [10] DEBUG LTCPro.ServiceLayer.Log4net - ---Executing GetUserActiveCompanyMasterList() in CompanyController----
2023-10-05 05:47:21,955 [10] DEBUG LTCPro.ServiceLayer.Log4net - ---Executing GetActiveCompanyMasterList() in CompanyService----
2023-10-05 05:47:22,362 [6] DEBUG LTCPro.ServiceLayer.Log4net - ---Executed Successfully GetDueMARAlertData() in EmarController----
2023-10-05 05:47:22,375 [6] DEBUG LTCPro.ServiceLayer.Log4net - ---Executing GetUserToken() in UserService----
2023-10-05 05:47:22,445 [7] DEBUG LTCPro.ServiceLayer.Log4net - ---Executed Successfully GetPendingDosesList() in CommonController----
2023-10-05 05:47:22,599 [6] DEBUG LTCPro.ServiceLayer.Log4net - ---Executing GetUserAccessFacilityNurseStaions() in FacilityController----
2023-10-05 05:47:22,600 [6] DEBUG LTCPro.ServiceLayer.Log4net - ---Executing GetUserAccessFacilityNurseStaions() in FacilityService----
2023-10-05 05:47:23,118 [6] DEBUG LTCPro.ServiceLayer.Log4net - ---Executed Successfully GetUserAccessFacilityNurseStaions() in FacilityController----
2023-10-05 05:47:23,528 [10] DEBUG LTCPro.ServiceLayer.Log4net - ---Executed Successfully GetUserActiveCompanyMasterList() in CompanyController----
2023-10-05 05:47:26,214 [7] DEBUG LTCPro.ServiceLayer.Log4net - ---Executing GetUserToken() in UserService----
2023-10-05 05:47:26,221 [10] DEBUG LTCPro.ServiceLayer.Log4net - ---Executing GetUserToken() in UserService----
2023-10-05 05:47:26,439 [7] DEBUG LTCPro.ServiceLayer.Log4net - ---Executing InsertUserActivityDetails() in CompanyController----
2023-10-05 05:47:26,439 [7] DEBUG LTCPro.ServiceLayer.Log4net - ---Executing InsertUserActivityDetails() in UserActivityService----
2023-10-05 05:47:26,444 [10] DEBUG LTCPro.ServiceLayer.Log4net - ---Executing GetUserRecentFacNs() in UserController----
2023-10-05 05:47:26,444 [10] DEBUG LTCPro.ServiceLayer.Log4net - ---Executing GetUserRecentFacNs() in UserService----
2023-10-05 05:47:26,497 [6] DEBUG LTCPro.ServiceLayer.Log4net - ---Executing GetUserToken() in UserService----
2023-10-05 05:47:26,755 [6] DEBUG LTCPro.ServiceLayer.Log4net - ---Executing OrderEndingSoonStatus() in OrdersController----
2023-10-05 05:47:26,776 [6] DEBUG LTCPro.ServiceLayer.Log4net - ---Executing OrderEndingSoonStatus() in OrdersService----
2023-10-05 05:47:26,891 [10] DEBUG LTCPro.ServiceLayer.Log4net - ---Executed Successfully GetUserRecentFacNs() in UserController----
2023-10-05 05:47:26,917 [10] DEBUG LTCPro.ServiceLayer.Log4net - ---Executing GetUserToken() in UserService----
2023-10-05 05:47:27,130 [7] DEBUG LTCPro.ServiceLayer.Log4net - ---Executed Successfully InsertUserActivityDetails() in CompanyController----
2023-10-05 05:47:27,141 [10] DEBUG LTCPro.ServiceLayer.Log4net - ---Executing GetUserAccessFacilityNurseStaions() in FacilityController----
2023-10-05 05:47:27,141 [10] DEBUG LTCPro.ServiceLayer.Log4net - ---Executing GetUserAccessFacilityNurseStaions() in FacilityService----
2023-10-05 05:47:27,152 [6] DEBUG LTCPro.ServiceLayer.Log4net - ---Executed Successfully OrderEndingSoonStatus() in OrdersController----
2023-10-05 05:47:27,980 [10] DEBUG LTCPro.ServiceLayer.Log4net - ---Executed Successfully GetUserAccessFacilityNurseStaions() in FacilityController----
2023-10-05 05:47:28,051 [13] DEBUG LTCPro.ServiceLayer.Log4net - ---Executing GetUserToken() in UserService----
2023-10-05 05:47:28,298 [13] DEBUG LTCPro.ServiceLayer.Log4net - ---Executing UserNurseStationDrop() in FacilityController----
2023-10-05 05:47:28,300 [13] DEBUG LTCPro.ServiceLayer.Log4net - ---Executing UserNurseStationDrop() in FacilityService----
2023-10-05 05:47:28,568 [13] DEBUG LTCPro.ServiceLayer.Log4net - ---Executed Successfully UserNurseStationDrop() in FacilityController----
2023-10-05 05:47:28,681 [28] DEBUG LTCPro.ServiceLayer.Log4net - ---Executing GetUserToken() in UserService----
2023-10-05 05:47:28,719 [13] DEBUG LTCPro.ServiceLayer.Log4net - ---Executing GetUserToken() in UserService----
2023-10-05 05:47:28,840 [17] DEBUG LTCPro.ServiceLayer.Log4net - ---Executing GetUserToken() in UserService----
2023-10-05 05:47:28,985 [28] DEBUG LTCPro.ServiceLayer.Log4net - ---Executing GetCompanyToBedFlagByFacId() in FacilityController----
2023-10-05 05:47:28,985 [28] DEBUG LTCPro.ServiceLayer.Log4net - ---Executing GetCompanyToBedFlagByFacId() in FacilityService----
2023-10-05 05:47:29,110 [17] DEBUG LTCPro.ServiceLayer.Log4net - ---Executing GetSeventyTwoHourDetailsByfilter() in EMARController----
2023-10-05 05:47:29,111 [13] DEBUG LTCPro.ServiceLayer.Log4net - ---Executing GetPRNDetailsByfilter() in EMARController----
2023-10-05 05:47:29,132 [13] DEBUG LTCPro.ServiceLayer.Log4net - ---Executing GetPRNDetailsByfilter() in EmarService----
2023-10-05 05:47:29,139 [17] DEBUG LTCPro.ServiceLayer.Log4net - ---Executing GetSeventyTwoHourDetailsByfilter() in EmarService----
2023-10-05 05:47:29,203 [26] DEBUG LTCPro.ServiceLayer.Log4net - ---Executing GetUserToken() in UserService----
2023-10-05 05:47:29,207 [21] DEBUG LTCPro.ServiceLayer.Log4net - ---Executing GetUserToken() in UserService----
2023-10-05 05:47:29,218 [27] DEBUG LTCPro.ServiceLayer.Log4net - ---Executing GetUserToken() in UserService----
2023-10-05 05:47:29,444 [26] DEBUG LTCPro.ServiceLayer.Log4net - ---Executing GetOrdersGridData() in OrdersController----
2023-10-05 05:47:29,445 [26] DEBUG LTCPro.ServiceLayer.Log4net - ---Executing GetOrdersGridData() in OrdersService----
2023-10-05 05:47:29,469 [27] DEBUG LTCPro.ServiceLayer.Log4net - ---Executing GetOrdersEndingSoon() in OrdersController----
2023-10-05 05:47:29,470 [27] DEBUG LTCPro.ServiceLayer.Log4net - ---Executing GetOrdersEndingSoon() in OrdersService----
2023-10-05 05:47:30,399 [27] DEBUG LTCPro.ServiceLayer.Log4net - ---Executed Successfully GetOrdersEndingSoon() in OrdersController----
2023-10-05 05:47:30,609 [21] DEBUG LTCPro.ServiceLayer.Log4net - ---Executing OrderEndingSoonStatus() in OrdersController----
2023-10-05 05:47:30,609 [21] DEBUG LTCPro.ServiceLayer.Log4net - ---Executing OrderEndingSoonStatus() in OrdersService----
2023-10-05 05:47:30,620 [17] DEBUG LTCPro.ServiceLayer.Log4net - ---Executed Successfully GetSeventyTwoHourDetailsByfilter() in EMARController----
2023-10-05 05:47:30,711 [10] DEBUG LTCPro.ServiceLayer.Log4net - ---Executing GetUserToken() in UserService----
2023-10-05 05:47:30,947 [10] DEBUG LTCPro.ServiceLayer.Log4net - ---Executing GetOrdersEndingSoon() in OrdersController----
2023-10-05 05:47:30,948 [10] DEBUG LTCPro.ServiceLayer.Log4net - ---Executing GetOrdersEndingSoon() in OrdersService----
2023-10-05 05:47:30,960 [28] DEBUG LTCPro.ServiceLayer.Log4net - ---Executed Successfully GetCompanyToBedFlagByFacId() in FacilityController----
2023-10-05 05:47:30,980 [21] DEBUG LTCPro.ServiceLayer.Log4net - ---Executed Successfully OrderEndingSoonStatus() in OrdersController----
2023-10-05 05:47:31,010 [26] DEBUG LTCPro.ServiceLayer.Log4net - ---Executed Successfully GetOrdersGridData() in OrdersController----
2023-10-05 05:47:31,043 [6] DEBUG LTCPro.ServiceLayer.Log4net - ---Executing GetUserToken() in UserService----
2023-10-05 05:47:31,087 [13] DEBUG LTCPro.ServiceLayer.Log4net - ---Executed Successfully GetPRNDetailsByfilter() in EMARController----
2023-10-05 05:47:31,317 [6] DEBUG LTCPro.ServiceLayer.Log4net - ---Executing GetNurseStationHierarchyDetailsbyNsId() in CompanyController----
2023-10-05 05:47:31,318 [6] DEBUG LTCPro.ServiceLayer.Log4net - ---Executing GetNurseStationHierarchyDetailsbyNsId() in CompanyService----
2023-10-05 05:47:31,460 [5] DEBUG LTCPro.ServiceLayer.Log4net - ---Executing GetUserToken() in UserService----
2023-10-05 05:47:31,572 [10] DEBUG LTCPro.ServiceLayer.Log4net - ---Executed Successfully GetOrdersEndingSoon() in OrdersController----
2023-10-05 05:47:31,588 [6] DEBUG LTCPro.ServiceLayer.Log4net - ---Executed Successfully GetNurseStationHierarchyDetailsbyNsId() in CompanyController----
2023-10-05 05:47:31,686 [5] DEBUG LTCPro.ServiceLayer.Log4net - ---Executing GetPendingOrdersGridData() in OrdersController----
2023-10-05 05:47:31,687 [5] DEBUG LTCPro.ServiceLayer.Log4net - ---Executing GetPendingOrdersGridData() in OrdersService----
2023-10-05 05:47:34,235 [5] DEBUG LTCPro.ServiceLayer.Log4net - ---Executed Successfully GetPendingOrdersGridData() in OrdersController----
2023-10-05 05:47:36,264 [7] DEBUG LTCPro.ServiceLayer.Log4net - ---Executing GetUserToken() in UserService----
2023-10-05 05:47:36,490 [7] DEBUG LTCPro.ServiceLayer.Log4net - ---Executing GetOrdersGridDataByPatientId() in OrdersController----
2023-10-05 05:47:36,491 [7] DEBUG LTCPro.ServiceLayer.Log4net - ---Executing GetOrdersGridDataByPatientId() in OrdersService----
2023-10-05 05:47:39,123 [7] DEBUG LTCPro.ServiceLayer.Log4net - ---Executed Successfully GetOrdersGridDataByPatientId() in OrdersController----
2023-10-05 05:47:47,473 [6] DEBUG LTCPro.ServiceLayer.Log4net - ---Executing GetUserToken() in UserService----
2023-10-05 05:47:47,589 [5] DEBUG LTCPro.ServiceLayer.Log4net - ---Executing GetUserToken() in UserService----
2023-10-05 05:47:47,816 [5] DEBUG LTCPro.ServiceLayer.Log4net - ---Executing GetNurseNotes() in OrdersController----
2023-10-05 05:47:47,817 [5] DEBUG LTCPro.ServiceLayer.Log4net - ---Executing GetNurseNotes() in OrdersService----
2023-10-05 05:47:47,972 [6] DEBUG LTCPro.ServiceLayer.Log4net - ---Executing GetFacilityNSResidentsDataByPId() in ResidentDemographicController----
2023-10-05 05:47:47,973 [6] DEBUG LTCPro.ServiceLayer.Log4net - ---Executing GetFacilityNSResidentsDataByPId() in ResidentDemographicService----
2023-10-05 05:47:49,282 [5] DEBUG LTCPro.ServiceLayer.Log4net - ---Executed Successfully GetNurseNotes() in OrdersController----
2023-10-05 05:47:50,744 [6] DEBUG LTCPro.ServiceLayer.Log4net - ---Executed Successfully GetFacilityNSResidentsDataByPId() in ResidentDemographicController----
2023-10-05 05:47:50,832 [28] DEBUG LTCPro.ServiceLayer.Log4net - ---Executing GetUserToken() in UserService----
2023-10-05 05:47:50,845 [27] DEBUG LTCPro.ServiceLayer.Log4net - ---Executing GetUserToken() in UserService----
2023-10-05 05:47:50,893 [13] DEBUG LTCPro.ServiceLayer.Log4net - ---Executing GetUserToken() in UserService----
2023-10-05 05:47:51,063 [28] DEBUG LTCPro.ServiceLayer.Log4net - ---Executing GetAllBarcodes() in StockEkitController----
2023-10-05 05:47:51,064 [28] DEBUG LTCPro.ServiceLayer.Log4net - ---Executing GetAllBarcodes() in StockEkitService----
2023-10-05 05:47:51,073 [27] DEBUG LTCPro.ServiceLayer.Log4net - ---Executing GetDrFirstFlagForCompanyByNSId() in CompanyController----
2023-10-05 05:47:51,074 [27] DEBUG LTCPro.ServiceLayer.Log4net - ---Executing GetDrFirstFlagForCompanyByNSId() in CompanyService----
2023-10-05 05:47:51,094 [6] DEBUG LTCPro.ServiceLayer.Log4net - ---Executing GetUserToken() in UserService----
2023-10-05 05:47:51,095 [7] DEBUG LTCPro.ServiceLayer.Log4net - ---Executing GetUserToken() in UserService----
2023-10-05 05:47:51,117 [13] DEBUG LTCPro.ServiceLayer.Log4net - ---Executing GetResidentInformation() in ResidentDemographicController----
2023-10-05 05:47:51,117 [13] DEBUG LTCPro.ServiceLayer.Log4net - ---Executing GetResidentInformation() in ResidentDemographicService----
2023-10-05 05:47:51,319 [7] DEBUG LTCPro.ServiceLayer.Log4net - ---Executing GetOrderRoutes() in OrdersController----
2023-10-05 05:47:51,319 [6] DEBUG LTCPro.ServiceLayer.Log4net - ---Executing GetPhysicianDropData() in OrdersController----
2023-10-05 05:47:51,320 [7] DEBUG LTCPro.ServiceLayer.Log4net - ---Executing GetOrderRoutes() in OrdersService----
2023-10-05 05:47:51,320 [6] DEBUG LTCPro.ServiceLayer.Log4net - ---Executing GetPhysicianDropData() in OrdersService----
2023-10-05 05:47:51,340 [27] DEBUG LTCPro.ServiceLayer.Log4net - ---Executed Successfully GetDrFirstFlagForCompanyByNSId() in CompanyController----
2023-10-05 05:47:51,553 [7] DEBUG LTCPro.ServiceLayer.Log4net - ---Executed Successfully GetOrderRoutes() in OrdersController----
2023-10-05 05:47:51,852 [6] DEBUG LTCPro.ServiceLayer.Log4net - ---Executed Successfully GetPhysicianDropData() in OrdersController----
2023-10-05 05:47:54,910 [13] DEBUG LTCPro.ServiceLayer.Log4net - ---Executed Successfully GetResidentInformation() in ResidentDemographicController----
2023-10-05 05:47:55,028 [27] DEBUG LTCPro.ServiceLayer.Log4net - ---Executing GetUserToken() in UserService----
2023-10-05 05:47:55,042 [13] DEBUG LTCPro.ServiceLayer.Log4net - ---Executing GetUserToken() in UserService----
2023-10-05 05:47:55,203 [7] DEBUG LTCPro.ServiceLayer.Log4net - ---Executing GetUserToken() in UserService----
2023-10-05 05:47:55,254 [27] DEBUG LTCPro.ServiceLayer.Log4net - ---Executing GetPatientType() in ResidentDemographicController----
2023-10-05 05:47:55,255 [27] DEBUG LTCPro.ServiceLayer.Log4net - ---Executing GetPatientType() in EmarService----
2023-10-05 05:47:55,270 [13] DEBUG LTCPro.ServiceLayer.Log4net - ---Executing GetDrFirstOrderCheck() in DrFirstIntegrationController----
2023-10-05 05:47:55,271 [13] DEBUG LTCPro.ServiceLayer.Log4net - ---Executing GetDrFirstOrderCheck() in DrFirstIntegrationService----
2023-10-05 05:47:55,427 [7] DEBUG LTCPro.ServiceLayer.Log4net - ---Executing GetDiagnosisDetails() in OrdersController----
2023-10-05 05:47:55,428 [7] DEBUG LTCPro.ServiceLayer.Log4net - ---Executing GetDiagnosisDetails() in OrdersService----
2023-10-05 05:47:55,488 [27] DEBUG LTCPro.ServiceLayer.Log4net - ---Executed Successfully GetPatientType() in ResidentDemographicController----
2023-10-05 05:47:55,524 [13] DEBUG LTCPro.ServiceLayer.Log4net - ---Executed Successfully GetDrFirstOrderCheck() in DrFirstIntegrationController----
2023-10-05 05:47:55,525 [27] DEBUG LTCPro.ServiceLayer.Log4net - ---Executing GetUserToken() in UserService----
2023-10-05 05:47:55,777 [27] DEBUG LTCPro.ServiceLayer.Log4net - ---Executing GetWeightList(Patient_Id) in AssessmentController----
2023-10-05 05:47:55,787 [13] DEBUG LTCPro.ServiceLayer.Log4net - ---Executing GetUserToken() in UserService----
2023-10-05 05:47:55,788 [27] DEBUG LTCPro.ServiceLayer.Log4net - ---Executing GetWeightList() in AssessmentService----
2023-10-05 05:47:56,014 [13] DEBUG LTCPro.ServiceLayer.Log4net - ---Executing GetOrderGridData() in OrdersController----
2023-10-05 05:47:56,015 [13] DEBUG LTCPro.ServiceLayer.Log4net - ---Executing GetOrderGridData() in OrdersService----
2023-10-05 05:47:56,150 [7] DEBUG LTCPro.ServiceLayer.Log4net - ---Executed Successfully GetDiagnosisDetails() in OrdersController----
2023-10-05 05:47:56,384 [13] DEBUG LTCPro.ServiceLayer.Log4net - ---Executed Successfully GetOrderGridData() in OrdersController----
2023-10-05 05:47:56,442 [5] DEBUG LTCPro.ServiceLayer.Log4net - ---Executing GetUserToken() in UserService----
2023-10-05 05:47:56,719 [5] DEBUG LTCPro.ServiceLayer.Log4net - ---Executing GetAllBarcodes() in StockEkitController----
2023-10-05 05:47:56,719 [5] DEBUG LTCPro.ServiceLayer.Log4net - ---Executing GetAllBarcodes() in StockEkitService----
2023-10-05 05:47:56,737 [13] DEBUG LTCPro.ServiceLayer.Log4net - ---Executing GetUserToken() in UserService----
2023-10-05 05:47:56,964 [13] DEBUG LTCPro.ServiceLayer.Log4net - ---Executing GetOrderGridData() in OrdersController----
2023-10-05 05:47:56,964 [13] DEBUG LTCPro.ServiceLayer.Log4net - ---Executing GetOrderGridData() in OrdersService----
2023-10-05 05:47:57,329 [13] DEBUG LTCPro.ServiceLayer.Log4net - ---Executed Successfully GetOrderGridData() in OrdersController----
2023-10-05 05:47:57,348 [6] DEBUG LTCPro.ServiceLayer.Log4net - ---Executing GetUserToken() in UserService----
2023-10-05 05:47:57,460 [27] DEBUG LTCPro.ServiceLayer.Log4net - ---Executed Successfully GetWeightList(Patient_Id) in AssessmentController----
2023-10-05 05:47:57,574 [6] DEBUG LTCPro.ServiceLayer.Log4net - ---Executing GetOrdersData() in OrdersController----
2023-10-05 05:47:57,575 [6] DEBUG LTCPro.ServiceLayer.Log4net - ---Executing GetOrdersData() in OrdersService----
2023-10-05 05:47:58,653 [6] DEBUG LTCPro.ServiceLayer.Log4net - ---Executed Successfully GetOrdersData() in OrdersController----
2023-10-05 05:47:58,913 [6] DEBUG LTCPro.ServiceLayer.Log4net - ---Executing GetUserToken() in UserService----
2023-10-05 05:47:58,928 [13] DEBUG LTCPro.ServiceLayer.Log4net - ---Executing GetUserToken() in UserService----
2023-10-05 05:47:58,993 [27] DEBUG LTCPro.ServiceLayer.Log4net - ---Executing GetUserToken() in UserService----
2023-10-05 05:47:59,140 [6] DEBUG LTCPro.ServiceLayer.Log4net - ---Executing GetOrderStockDetails() in OrdersController----
2023-10-05 05:47:59,141 [6] DEBUG LTCPro.ServiceLayer.Log4net - ---Executing GetOrderStockDetails() in OrdersService----
2023-10-05 05:47:59,154 [13] DEBUG LTCPro.ServiceLayer.Log4net - ---Executing GetFavouritesMasterData() in OrdersController----
2023-10-05 05:47:59,156 [13] DEBUG LTCPro.ServiceLayer.Log4net - ---Executing GetFavouritesMasterData() in OrdersService----
2023-10-05 05:47:59,221 [27] DEBUG LTCPro.ServiceLayer.Log4net - ---Executing GetPhysicianDropData() in OrdersController----
2023-10-05 05:47:59,221 [27] DEBUG LTCPro.ServiceLayer.Log4net - ---Executing GetPhysicianDropData() in OrdersService----
2023-10-05 05:47:59,812 [13] DEBUG LTCPro.ServiceLayer.Log4net - ---Executed Successfully GetFavouritesMasterData() in OrdersController----
2023-10-05 05:47:59,819 [6] DEBUG LTCPro.ServiceLayer.Log4net - ---Executed Successfully GetOrderStockDetails() in OrdersController----
2023-10-05 05:47:59,930 [13] DEBUG LTCPro.ServiceLayer.Log4net - ---Executing GetUserToken() in UserService----
2023-10-05 05:47:59,975 [7] DEBUG LTCPro.ServiceLayer.Log4net - ---Executing GetUserToken() in UserService----
2023-10-05 05:48:00,199 [7] DEBUG LTCPro.ServiceLayer.Log4net - ---Executing GetOrderHoldData() in OrdersController----
2023-10-05 05:48:00,200 [7] DEBUG LTCPro.ServiceLayer.Log4net - ---Executing GetOrderHoldData() in OrdersService----
2023-10-05 05:48:00,306 [27] DEBUG LTCPro.ServiceLayer.Log4net - ---Executed Successfully GetPhysicianDropData() in OrdersController----
2023-10-05 05:48:00,917 [7] DEBUG LTCPro.ServiceLayer.Log4net - ---Executed Successfully GetOrderHoldData() in OrdersController----
2023-10-05 05:48:11,997 [6] DEBUG LTCPro.ServiceLayer.Log4net - ---Executing GetUserToken() in UserService----
2023-10-05 05:48:12,220 [6] DEBUG LTCPro.ServiceLayer.Log4net - ---Executing GetOrdersData() in OrdersController----
2023-10-05 05:48:12,221 [6] DEBUG LTCPro.ServiceLayer.Log4net - ---Executing GetOrdersData() in OrdersService----
2023-10-05 05:48:12,799 [6] DEBUG LTCPro.ServiceLayer.Log4net - ---Executed Successfully GetOrdersData() in OrdersController----
2023-10-05 05:48:13,114 [13] DEBUG LTCPro.ServiceLayer.Log4net - ---Executing GetUserToken() in UserService----
2023-10-05 05:48:13,345 [13] DEBUG LTCPro.ServiceLayer.Log4net - ---Executing GetPhysicianDropData() in OrdersController----
2023-10-05 05:48:13,345 [13] DEBUG LTCPro.ServiceLayer.Log4net - ---Executing GetPhysicianDropData() in OrdersService----
2023-10-05 05:48:13,345 [7] DEBUG LTCPro.ServiceLayer.Log4net - ---Executing GetUserToken() in UserService----
2023-10-05 05:48:13,356 [15] DEBUG LTCPro.ServiceLayer.Log4net - ---Executing GetUserToken() in UserService----
2023-10-05 05:48:13,409 [6] DEBUG LTCPro.ServiceLayer.Log4net - ---Executing GetUserToken() in UserService----
2023-10-05 05:48:13,572 [7] DEBUG LTCPro.ServiceLayer.Log4net - ---Executing GetFavouritesMasterData() in OrdersController----
2023-10-05 05:48:13,572 [7] DEBUG LTCPro.ServiceLayer.Log4net - ---Executing GetFavouritesMasterData() in OrdersService----
2023-10-05 05:48:13,579 [15] DEBUG LTCPro.ServiceLayer.Log4net - ---Executing GetOrderStockDetails() in OrdersController----
2023-10-05 05:48:13,579 [15] DEBUG LTCPro.ServiceLayer.Log4net - ---Executing GetOrderStockDetails() in OrdersService----
2023-10-05 05:48:13,796 [13] DEBUG LTCPro.ServiceLayer.Log4net - ---Executed Successfully GetPhysicianDropData() in OrdersController----
2023-10-05 05:48:13,799 [7] DEBUG LTCPro.ServiceLayer.Log4net - ---Executed Successfully GetFavouritesMasterData() in OrdersController----
2023-10-05 05:48:13,808 [15] DEBUG LTCPro.ServiceLayer.Log4net - ---Executed Successfully GetOrderStockDetails() in OrdersController----
2023-10-05 05:48:14,565 [6] DEBUG LTCPro.ServiceLayer.Log4net - ---Executing GetNurseNotes() in OrdersController----
2023-10-05 05:48:14,565 [6] DEBUG LTCPro.ServiceLayer.Log4net - ---Executing GetNurseNotes() in OrdersService----
2023-10-05 05:48:14,966 [13] DEBUG LTCPro.ServiceLayer.Log4net - ---Executing GetUserToken() in UserService----
2023-10-05 05:48:15,191 [13] DEBUG LTCPro.ServiceLayer.Log4net - ---Executing GetOrdersData() in OrdersController----
2023-10-05 05:48:15,191 [13] DEBUG LTCPro.ServiceLayer.Log4net - ---Executing GetOrdersData() in OrdersService----
2023-10-05 05:48:15,786 [6] DEBUG LTCPro.ServiceLayer.Log4net - ---Executed Successfully GetNurseNotes() in OrdersController----
2023-10-05 05:48:16,001 [13] DEBUG LTCPro.ServiceLayer.Log4net - ---Executed Successfully GetOrdersData() in OrdersController----
2023-10-05 05:48:16,392 [15] DEBUG LTCPro.ServiceLayer.Log4net - ---Executing GetUserToken() in UserService----
2023-10-05 05:48:16,394 [6] DEBUG LTCPro.ServiceLayer.Log4net - ---Executing GetUserToken() in UserService----
2023-10-05 05:48:16,399 [10] DEBUG LTCPro.ServiceLayer.Log4net - ---Executing GetUserToken() in UserService----
2023-10-05 05:48:16,402 [9] DEBUG LTCPro.ServiceLayer.Log4net - ---Executing GetUserToken() in UserService----
2023-10-05 05:48:16,620 [15] DEBUG LTCPro.ServiceLayer.Log4net - ---Executing GetNurseNotes() in OrdersController----
2023-10-05 05:48:16,620 [15] DEBUG LTCPro.ServiceLayer.Log4net - ---Executing GetNurseNotes() in OrdersService----
2023-10-05 05:48:16,620 [6] DEBUG LTCPro.ServiceLayer.Log4net - ---Executing GetFavouritesMasterData() in OrdersController----
2023-10-05 05:48:16,621 [6] DEBUG LTCPro.ServiceLayer.Log4net - ---Executing GetFavouritesMasterData() in OrdersService----
2023-10-05 05:48:16,624 [10] DEBUG LTCPro.ServiceLayer.Log4net - ---Executing GetOrderStockDetails() in OrdersController----
2023-10-05 05:48:16,624 [10] DEBUG LTCPro.ServiceLayer.Log4net - ---Executing GetOrderStockDetails() in OrdersService----
2023-10-05 05:48:16,626 [9] DEBUG LTCPro.ServiceLayer.Log4net - ---Executing GetPhysicianDropData() in OrdersController----
2023-10-05 05:48:16,626 [9] DEBUG LTCPro.ServiceLayer.Log4net - ---Executing GetPhysicianDropData() in OrdersService----
2023-10-05 05:48:16,846 [6] DEBUG LTCPro.ServiceLayer.Log4net - ---Executed Successfully GetFavouritesMasterData() in OrdersController----
2023-10-05 05:48:16,852 [10] DEBUG LTCPro.ServiceLayer.Log4net - ---Executed Successfully GetOrderStockDetails() in OrdersController----
2023-10-05 05:48:17,078 [9] DEBUG LTCPro.ServiceLayer.Log4net - ---Executed Successfully GetPhysicianDropData() in OrdersController----
2023-10-05 05:48:17,827 [15] DEBUG LTCPro.ServiceLayer.Log4net - ---Executed Successfully GetNurseNotes() in OrdersController----
2023-10-05 05:48:19,639 [7] DEBUG LTCPro.ServiceLayer.Log4net - ---Executing GetUserToken() in UserService----
2023-10-05 05:48:19,865 [7] DEBUG LTCPro.ServiceLayer.Log4net - ---Executing GetOrdersData() in OrdersController----
2023-10-05 05:48:19,865 [7] DEBUG LTCPro.ServiceLayer.Log4net - ---Executing GetOrdersData() in OrdersService----
2023-10-05 05:48:21,212 [7] DEBUG LTCPro.ServiceLayer.Log4net - ---Executed Successfully GetOrdersData() in OrdersController----
2023-10-05 05:48:21,478 [7] DEBUG LTCPro.ServiceLayer.Log4net - ---Executing GetUserToken() in UserService----
2023-10-05 05:48:21,483 [17] DEBUG LTCPro.ServiceLayer.Log4net - ---Executing GetUserToken() in UserService----
2023-10-05 05:48:21,515 [21] DEBUG LTCPro.ServiceLayer.Log4net - ---Executing GetUserToken() in UserService----
2023-10-05 05:48:21,711 [7] DEBUG LTCPro.ServiceLayer.Log4net - ---Executing GetFavouritesMasterData() in OrdersController----
2023-10-05 05:48:21,711 [7] DEBUG LTCPro.ServiceLayer.Log4net - ---Executing GetFavouritesMasterData() in OrdersService----
2023-10-05 05:48:21,717 [17] DEBUG LTCPro.ServiceLayer.Log4net - ---Executing GetPhysicianDropData() in OrdersController----
2023-10-05 05:48:21,717 [17] DEBUG LTCPro.ServiceLayer.Log4net - ---Executing GetPhysicianDropData() in OrdersService----
2023-10-05 05:48:21,739 [21] DEBUG LTCPro.ServiceLayer.Log4net - ---Executing GetOrderStockDetails() in OrdersController----
2023-10-05 05:48:21,739 [21] DEBUG LTCPro.ServiceLayer.Log4net - ---Executing GetOrderStockDetails() in OrdersService----
2023-10-05 05:48:21,938 [7] DEBUG LTCPro.ServiceLayer.Log4net - ---Executed Successfully GetFavouritesMasterData() in OrdersController----
2023-10-05 05:48:21,965 [21] DEBUG LTCPro.ServiceLayer.Log4net - ---Executed Successfully GetOrderStockDetails() in OrdersController----
2023-10-05 05:48:22,147 [6] DEBUG LTCPro.ServiceLayer.Log4net - ---Executing GetUserToken() in UserService----
2023-10-05 05:48:22,167 [17] DEBUG LTCPro.ServiceLayer.Log4net - ---Executed Successfully GetPhysicianDropData() in OrdersController----
2023-10-05 05:48:22,372 [6] DEBUG LTCPro.ServiceLayer.Log4net - ---Executing GetNurseNotes() in OrdersController----
2023-10-05 05:48:22,372 [6] DEBUG LTCPro.ServiceLayer.Log4net - ---Executing GetNurseNotes() in OrdersService----
2023-10-05 05:48:23,115 [17] DEBUG LTCPro.ServiceLayer.Log4net - ---Executing GetUserToken() in UserService----
2023-10-05 05:48:23,339 [17] DEBUG LTCPro.ServiceLayer.Log4net - ---Executing GetOrdersData() in OrdersController----
2023-10-05 05:48:23,339 [17] DEBUG LTCPro.ServiceLayer.Log4net - ---Executing GetOrdersData() in OrdersService----
2023-10-05 05:48:23,477 [28] DEBUG LTCPro.ServiceLayer.Log4net - ---Executed Successfully GetAllBarcodes() in StockEkitController----
2023-10-05 05:48:23,580 [6] DEBUG LTCPro.ServiceLayer.Log4net - ---Executed Successfully GetNurseNotes() in OrdersController----
2023-10-05 05:48:25,035 [17] DEBUG LTCPro.ServiceLayer.Log4net - ---Executed Successfully GetOrdersData() in OrdersController----
2023-10-05 05:48:25,283 [17] DEBUG LTCPro.ServiceLayer.Log4net - ---Executing GetUserToken() in UserService----
2023-10-05 05:48:25,297 [28] DEBUG LTCPro.ServiceLayer.Log4net - ---Executing GetUserToken() in UserService----
2023-10-05 05:48:25,297 [21] DEBUG LTCPro.ServiceLayer.Log4net - ---Executing GetUserToken() in UserService----
2023-10-05 05:48:25,511 [17] DEBUG LTCPro.ServiceLayer.Log4net - ---Executing GetOrderStockDetails() in OrdersController----
2023-10-05 05:48:25,511 [17] DEBUG LTCPro.ServiceLayer.Log4net - ---Executing GetOrderStockDetails() in OrdersService----
2023-10-05 05:48:25,521 [21] DEBUG LTCPro.ServiceLayer.Log4net - ---Executing GetPhysicianDropData() in OrdersController----
2023-10-05 05:48:25,521 [21] DEBUG LTCPro.ServiceLayer.Log4net - ---Executing GetPhysicianDropData() in OrdersService----
2023-10-05 05:48:25,523 [28] DEBUG LTCPro.ServiceLayer.Log4net - ---Executing GetFavouritesMasterData() in OrdersController----
2023-10-05 05:48:25,523 [28] DEBUG LTCPro.ServiceLayer.Log4net - ---Executing GetFavouritesMasterData() in OrdersService----
2023-10-05 05:48:25,742 [17] DEBUG LTCPro.ServiceLayer.Log4net - ---Executed Successfully GetOrderStockDetails() in OrdersController----
2023-10-05 05:48:25,754 [28] DEBUG LTCPro.ServiceLayer.Log4net - ---Executed Successfully GetFavouritesMasterData() in OrdersController----
2023-10-05 05:48:25,951 [6] DEBUG LTCPro.ServiceLayer.Log4net - ---Executing GetUserToken() in UserService----
2023-10-05 05:48:25,971 [21] DEBUG LTCPro.ServiceLayer.Log4net - ---Executed Successfully GetPhysicianDropData() in OrdersController----
2023-10-05 05:48:26,182 [6] DEBUG LTCPro.ServiceLayer.Log4net - ---Executing GetNurseNotes() in OrdersController----
2023-10-05 05:48:26,183 [6] DEBUG LTCPro.ServiceLayer.Log4net - ---Executing GetNurseNotes() in OrdersService----
2023-10-05 05:48:27,395 [6] DEBUG LTCPro.ServiceLayer.Log4net - ---Executed Successfully GetNurseNotes() in OrdersController----
2023-10-05 05:48:27,454 [21] DEBUG LTCPro.ServiceLayer.Log4net - ---Executing GetUserToken() in UserService----
2023-10-05 05:48:27,678 [21] DEBUG LTCPro.ServiceLayer.Log4net - ---Executing GetOrdersData() in OrdersController----
2023-10-05 05:48:27,678 [21] DEBUG LTCPro.ServiceLayer.Log4net - ---Executing GetOrdersData() in OrdersService----
2023-10-05 05:48:28,783 [5] DEBUG LTCPro.ServiceLayer.Log4net - ---Executed Successfully GetAllBarcodes() in StockEkitController----
2023-10-05 05:48:29,660 [21] DEBUG LTCPro.ServiceLayer.Log4net - ---Executed Successfully GetOrdersData() in OrdersController----
2023-10-05 05:48:29,960 [17] DEBUG LTCPro.ServiceLayer.Log4net - ---Executing GetUserToken() in UserService----
2023-10-05 05:48:29,978 [21] DEBUG LTCPro.ServiceLayer.Log4net - ---Executing GetUserToken() in UserService----
2023-10-05 05:48:29,979 [28] DEBUG LTCPro.ServiceLayer.Log4net - ---Executing GetUserToken() in UserService----
2023-10-05 05:48:29,988 [6] DEBUG LTCPro.ServiceLayer.Log4net - ---Executing GetUserToken() in UserService----
2023-10-05 05:48:30,193 [17] DEBUG LTCPro.ServiceLayer.Log4net - ---Executing GetOrderStockDetails() in OrdersController----
2023-10-05 05:48:30,193 [17] DEBUG LTCPro.ServiceLayer.Log4net - ---Executing GetOrderStockDetails() in OrdersService----
2023-10-05 05:48:30,204 [28] DEBUG LTCPro.ServiceLayer.Log4net - ---Executing GetFavouritesMasterData() in OrdersController----
2023-10-05 05:48:30,204 [28] DEBUG LTCPro.ServiceLayer.Log4net - ---Executing GetFavouritesMasterData() in OrdersService----
2023-10-05 05:48:30,204 [21] DEBUG LTCPro.ServiceLayer.Log4net - ---Executing GetPhysicianDropData() in OrdersController----
2023-10-05 05:48:30,204 [21] DEBUG LTCPro.ServiceLayer.Log4net - ---Executing GetPhysicianDropData() in OrdersService----
2023-10-05 05:48:30,428 [17] DEBUG LTCPro.ServiceLayer.Log4net - ---Executed Successfully GetOrderStockDetails() in OrdersController----
2023-10-05 05:48:30,432 [28] DEBUG LTCPro.ServiceLayer.Log4net - ---Executed Successfully GetFavouritesMasterData() in OrdersController----
2023-10-05 05:48:30,656 [21] DEBUG LTCPro.ServiceLayer.Log4net - ---Executed Successfully GetPhysicianDropData() in OrdersController----
2023-10-05 05:48:37,584 [6] DEBUG LTCPro.ServiceLayer.Log4net - ---Executing GetUserToken() in UserService----
2023-10-05 05:48:37,811 [6] DEBUG LTCPro.ServiceLayer.Log4net - ---Executing GetOrdersData() in OrdersController----
2023-10-05 05:48:37,811 [6] DEBUG LTCPro.ServiceLayer.Log4net - ---Executing GetOrdersData() in OrdersService----
2023-10-05 05:48:39,200 [6] DEBUG LTCPro.ServiceLayer.Log4net - ---Executed Successfully GetOrdersData() in OrdersController----
2023-10-05 05:48:39,450 [13] DEBUG LTCPro.ServiceLayer.Log4net - ---Executing GetUserToken() in UserService----
2023-10-05 05:48:39,453 [21] DEBUG LTCPro.ServiceLayer.Log4net - ---Executing GetUserToken() in UserService----
2023-10-05 05:48:39,456 [28] DEBUG LTCPro.ServiceLayer.Log4net - ---Executing GetUserToken() in UserService----
2023-10-05 05:48:39,550 [6] DEBUG LTCPro.ServiceLayer.Log4net - ---Executing GetUserToken() in UserService----
2023-10-05 05:48:39,673 [13] DEBUG LTCPro.ServiceLayer.Log4net - ---Executing GetOrderStockDetails() in OrdersController----
2023-10-05 05:48:39,673 [13] DEBUG LTCPro.ServiceLayer.Log4net - ---Executing GetOrderStockDetails() in OrdersService----
2023-10-05 05:48:39,676 [21] DEBUG LTCPro.ServiceLayer.Log4net - ---Executing GetPhysicianDropData() in OrdersController----
2023-10-05 05:48:39,676 [21] DEBUG LTCPro.ServiceLayer.Log4net - ---Executing GetPhysicianDropData() in OrdersService----
2023-10-05 05:48:39,679 [28] DEBUG LTCPro.ServiceLayer.Log4net - ---Executing GetFavouritesMasterData() in OrdersController----
2023-10-05 05:48:39,679 [28] DEBUG LTCPro.ServiceLayer.Log4net - ---Executing GetFavouritesMasterData() in OrdersService----
2023-10-05 05:48:39,900 [13] DEBUG LTCPro.ServiceLayer.Log4net - ---Executed Successfully GetOrderStockDetails() in OrdersController----
2023-10-05 05:48:39,907 [28] DEBUG LTCPro.ServiceLayer.Log4net - ---Executed Successfully GetFavouritesMasterData() in OrdersController----
2023-10-05 05:48:40,125 [21] DEBUG LTCPro.ServiceLayer.Log4net - ---Executed Successfully GetPhysicianDropData() in OrdersController----
2023-10-05 05:48:46,606 [6] DEBUG LTCPro.ServiceLayer.Log4net - ---Executing GetUserToken() in UserService----
2023-10-05 05:48:46,830 [6] DEBUG LTCPro.ServiceLayer.Log4net - ---Executing GetOrdersData() in OrdersController----
2023-10-05 05:48:46,831 [6] DEBUG LTCPro.ServiceLayer.Log4net - ---Executing GetOrdersData() in OrdersService----
2023-10-05 05:48:47,337 [6] DEBUG LTCPro.ServiceLayer.Log4net - ---Executed Successfully GetOrdersData() in OrdersController----
2023-10-05 05:48:47,652 [17] DEBUG LTCPro.ServiceLayer.Log4net - ---Executing GetUserToken() in UserService----
2023-10-05 05:48:47,655 [5] DEBUG LTCPro.ServiceLayer.Log4net - ---Executing GetUserToken() in UserService----
2023-10-05 05:48:47,676 [21] DEBUG LTCPro.ServiceLayer.Log4net - ---Executing GetUserToken() in UserService----
2023-10-05 05:48:47,692 [7] DEBUG LTCPro.ServiceLayer.Log4net - ---Executing GetUserToken() in UserService----
2023-10-05 05:48:47,875 [17] DEBUG LTCPro.ServiceLayer.Log4net - ---Executing GetOrderStockDetails() in OrdersController----
2023-10-05 05:48:47,876 [17] DEBUG LTCPro.ServiceLayer.Log4net - ---Executing GetOrderStockDetails() in OrdersService----
2023-10-05 05:48:47,877 [5] DEBUG LTCPro.ServiceLayer.Log4net - ---Executing GetFavouritesMasterData() in OrdersController----
2023-10-05 05:48:47,877 [5] DEBUG LTCPro.ServiceLayer.Log4net - ---Executing GetFavouritesMasterData() in OrdersService----
2023-10-05 05:48:47,901 [21] DEBUG LTCPro.ServiceLayer.Log4net - ---Executing GetPhysicianDropData() in OrdersController----
2023-10-05 05:48:47,901 [21] DEBUG LTCPro.ServiceLayer.Log4net - ---Executing GetPhysicianDropData() in OrdersService----
2023-10-05 05:48:48,105 [5] DEBUG LTCPro.ServiceLayer.Log4net - ---Executed Successfully GetFavouritesMasterData() in OrdersController----
2023-10-05 05:48:48,111 [17] DEBUG LTCPro.ServiceLayer.Log4net - ---Executed Successfully GetOrderStockDetails() in OrdersController----
2023-10-05 05:48:48,350 [21] DEBUG LTCPro.ServiceLayer.Log4net - ---Executed Successfully GetPhysicianDropData() in OrdersController----
2023-10-05 05:53:47,273 [21] DEBUG LTCPro.ServiceLayer.Log4net - ---Executing GetUserToken() in UserService----
2023-10-05 05:53:48,937 [21] DEBUG LTCPro.ServiceLayer.Log4net - ---Executing GetOrdersData() in OrdersController----
2023-10-05 05:53:48,937 [21] DEBUG LTCPro.ServiceLayer.Log4net - ---Executing GetOrdersData() in OrdersService----
2023-10-05 05:53:50,215 [21] DEBUG LTCPro.ServiceLayer.Log4net - ---Executed Successfully GetOrdersData() in OrdersController----
2023-10-05 05:53:50,594 [21] DEBUG LTCPro.ServiceLayer.Log4net - ---Executing GetUserToken() in UserService----
2023-10-05 05:53:50,597 [17] DEBUG LTCPro.ServiceLayer.Log4net - ---Executing GetUserToken() in UserService----
2023-10-05 05:53:50,822 [21] DEBUG LTCPro.ServiceLayer.Log4net - ---Executing GetFavouritesMasterData() in OrdersController----
2023-10-05 05:53:50,822 [21] DEBUG LTCPro.ServiceLayer.Log4net - ---Executing GetFavouritesMasterData() in OrdersService----
2023-10-05 05:53:51,046 [21] DEBUG LTCPro.ServiceLayer.Log4net - ---Executed Successfully GetFavouritesMasterData() in OrdersController----
2023-10-05 05:53:51,975 [17] DEBUG LTCPro.ServiceLayer.Log4net - ---Executing GetOrderStockDetails() in OrdersController----
2023-10-05 05:53:51,975 [17] DEBUG LTCPro.ServiceLayer.Log4net - ---Executing GetOrderStockDetails() in OrdersService----
2023-10-05 05:53:52,208 [17] DEBUG LTCPro.ServiceLayer.Log4net - ---Executed Successfully GetOrderStockDetails() in OrdersController----
2023-10-05 05:53:55,465 [17] DEBUG LTCPro.ServiceLayer.Log4net - ---Executing GetUserToken() in UserService----
2023-10-05 05:53:55,689 [17] DEBUG LTCPro.ServiceLayer.Log4net - ---Executing GetPhysicianDropData() in OrdersController----
2023-10-05 05:53:55,689 [17] DEBUG LTCPro.ServiceLayer.Log4net - ---Executing GetPhysicianDropData() in OrdersService----
2023-10-05 05:53:56,361 [17] DEBUG LTCPro.ServiceLayer.Log4net - ---Executed Successfully GetPhysicianDropData() in OrdersController----
2023-10-05 05:53:59,508 [26] DEBUG LTCPro.ServiceLayer.Log4net - ---Executing GetUserToken() in UserService----
2023-10-05 05:54:11,073 [17] DEBUG LTCPro.ServiceLayer.Log4net - ---Executing GetUserToken() in UserService----
2023-10-05 05:54:11,297 [17] DEBUG LTCPro.ServiceLayer.Log4net - ---Executing GetOrdersData() in OrdersController----
2023-10-05 05:54:11,297 [17] DEBUG LTCPro.ServiceLayer.Log4net - ---Executing GetOrdersData() in OrdersService----
2023-10-05 05:54:11,772 [17] DEBUG LTCPro.ServiceLayer.Log4net - ---Executed Successfully GetOrdersData() in OrdersController----
2023-10-05 05:54:12,082 [26] DEBUG LTCPro.ServiceLayer.Log4net - ---Executing GetUserToken() in UserService----
2023-10-05 05:54:12,086 [21] DEBUG LTCPro.ServiceLayer.Log4net - ---Executing GetUserToken() in UserService----
2023-10-05 05:54:12,306 [26] DEBUG LTCPro.ServiceLayer.Log4net - ---Executing GetFavouritesMasterData() in OrdersController----
2023-10-05 05:54:12,306 [26] DEBUG LTCPro.ServiceLayer.Log4net - ---Executing GetFavouritesMasterData() in OrdersService----
2023-10-05 05:54:12,309 [21] DEBUG LTCPro.ServiceLayer.Log4net - ---Executing GetOrderStockDetails() in OrdersController----
2023-10-05 05:54:12,309 [21] DEBUG LTCPro.ServiceLayer.Log4net - ---Executing GetOrderStockDetails() in OrdersService----
2023-10-05 05:54:12,531 [26] DEBUG LTCPro.ServiceLayer.Log4net - ---Executed Successfully GetFavouritesMasterData() in OrdersController----
2023-10-05 05:54:12,543 [21] DEBUG LTCPro.ServiceLayer.Log4net - ---Executed Successfully GetOrderStockDetails() in OrdersController----
2023-10-05 05:55:17,421 [26] DEBUG LTCPro.ServiceLayer.Log4net - ---Executing GetUserToken() in UserService----
2023-10-05 05:55:17,645 [26] DEBUG LTCPro.ServiceLayer.Log4net - ---Executing GetPhysicianDropData() in OrdersController----
2023-10-05 05:55:17,645 [26] DEBUG LTCPro.ServiceLayer.Log4net - ---Executing GetPhysicianDropData() in OrdersService----
2023-10-05 05:55:18,094 [26] DEBUG LTCPro.ServiceLayer.Log4net - ---Executed Successfully GetPhysicianDropData() in OrdersController----
2023-10-05 05:56:27,419 [26] DEBUG LTCPro.ServiceLayer.Log4net - ---Executing GetUserToken() in UserService----
2023-10-05 05:57:29,844 [27] DEBUG LTCPro.ServiceLayer.Log4net - ---Executing GetUserToken() in UserService----
2023-10-05 05:57:30,069 [27] DEBUG LTCPro.ServiceLayer.Log4net - ---Executing GetOrdersData() in OrdersController----
2023-10-05 05:57:30,069 [27] DEBUG LTCPro.ServiceLayer.Log4net - ---Executing GetOrdersData() in OrdersService----
2023-10-05 05:57:30,868 [27] DEBUG LTCPro.ServiceLayer.Log4net - ---Executed Successfully GetOrdersData() in OrdersController----
2023-10-05 05:57:31,118 [27] DEBUG LTCPro.ServiceLayer.Log4net - ---Executing GetUserToken() in UserService----
2023-10-05 05:57:31,124 [21] DEBUG LTCPro.ServiceLayer.Log4net - ---Executing GetUserToken() in UserService----
2023-10-05 05:57:31,124 [33] DEBUG LTCPro.ServiceLayer.Log4net - ---Executing GetUserToken() in UserService----
2023-10-05 05:57:31,195 [32] DEBUG LTCPro.ServiceLayer.Log4net - ---Executing GetUserToken() in UserService----
2023-10-05 05:57:31,348 [21] DEBUG LTCPro.ServiceLayer.Log4net - ---Executing GetOrderStockDetails() in OrdersController----
2023-10-05 05:57:31,348 [21] DEBUG LTCPro.ServiceLayer.Log4net - ---Executing GetOrderStockDetails() in OrdersService----
2023-10-05 05:57:31,348 [27] DEBUG LTCPro.ServiceLayer.Log4net - ---Executing GetFavouritesMasterData() in OrdersController----
2023-10-05 05:57:31,349 [27] DEBUG LTCPro.ServiceLayer.Log4net - ---Executing GetFavouritesMasterData() in OrdersService----
2023-10-05 05:57:31,583 [21] DEBUG LTCPro.ServiceLayer.Log4net - ---Executed Successfully GetOrderStockDetails() in OrdersController----
2023-10-05 05:57:31,799 [27] DEBUG LTCPro.ServiceLayer.Log4net - ---Executed Successfully GetFavouritesMasterData() in OrdersController----
2023-10-05 05:57:32,273 [33] DEBUG LTCPro.ServiceLayer.Log4net - ---Executing GetPhysicianDropData() in OrdersController----
2023-10-05 05:57:32,273 [33] DEBUG LTCPro.ServiceLayer.Log4net - ---Executing GetPhysicianDropData() in OrdersService----
2023-10-05 05:57:32,723 [33] DEBUG LTCPro.ServiceLayer.Log4net - ---Executed Successfully GetPhysicianDropData() in OrdersController----
2023-10-05 05:57:34,306 [33] DEBUG LTCPro.ServiceLayer.Log4net - ---Executing GetUserToken() in UserService----
2023-10-05 05:57:34,335 [27] DEBUG LTCPro.ServiceLayer.Log4net - ---Executing GetUserToken() in UserService----
2023-10-05 05:57:34,520 [21] DEBUG LTCPro.ServiceLayer.Log4net - ---Executing GetUserToken() in UserService----
2023-10-05 05:57:34,533 [33] DEBUG LTCPro.ServiceLayer.Log4net - ---Executing InsertUserActivityDetails() in CompanyController----
2023-10-05 05:57:34,533 [33] DEBUG LTCPro.ServiceLayer.Log4net - ---Executing InsertUserActivityDetails() in UserActivityService----
2023-10-05 05:57:34,558 [27] DEBUG LTCPro.ServiceLayer.Log4net - ---Executing GetUserRecentFacNs() in UserController----
2023-10-05 05:57:34,558 [27] DEBUG LTCPro.ServiceLayer.Log4net - ---Executing GetUserRecentFacNs() in UserService----
2023-10-05 05:57:34,756 [21] DEBUG LTCPro.ServiceLayer.Log4net - ---Executing OrderEndingSoonStatus() in OrdersController----
2023-10-05 05:57:34,757 [21] DEBUG LTCPro.ServiceLayer.Log4net - ---Executing OrderEndingSoonStatus() in OrdersService----
2023-10-05 05:57:35,048 [27] DEBUG LTCPro.ServiceLayer.Log4net - ---Executed Successfully GetUserRecentFacNs() in UserController----
2023-10-05 05:57:35,072 [30] DEBUG LTCPro.ServiceLayer.Log4net - ---Executing GetUserToken() in UserService----
2023-10-05 05:57:35,125 [21] DEBUG LTCPro.ServiceLayer.Log4net - ---Executed Successfully OrderEndingSoonStatus() in OrdersController----
2023-10-05 05:57:35,207 [33] DEBUG LTCPro.ServiceLayer.Log4net - ---Executed Successfully InsertUserActivityDetails() in CompanyController----
2023-10-05 05:57:35,296 [30] DEBUG LTCPro.ServiceLayer.Log4net - ---Executing GetUserAccessFacilityNurseStaions() in FacilityController----
2023-10-05 05:57:35,296 [30] DEBUG LTCPro.ServiceLayer.Log4net - ---Executing GetUserAccessFacilityNurseStaions() in FacilityService----
2023-10-05 05:57:35,750 [30] DEBUG LTCPro.ServiceLayer.Log4net - ---Executed Successfully GetUserAccessFacilityNurseStaions() in FacilityController----
2023-10-05 05:57:35,795 [27] DEBUG LTCPro.ServiceLayer.Log4net - ---Executing GetUserToken() in UserService----
2023-10-05 05:57:36,020 [27] DEBUG LTCPro.ServiceLayer.Log4net - ---Executing UserNurseStationDrop() in FacilityController----
2023-10-05 05:57:36,020 [27] DEBUG LTCPro.ServiceLayer.Log4net - ---Executing UserNurseStationDrop() in FacilityService----
2023-10-05 05:57:36,245 [27] DEBUG LTCPro.ServiceLayer.Log4net - ---Executed Successfully UserNurseStationDrop() in FacilityController----
2023-10-05 05:57:36,303 [29] DEBUG LTCPro.ServiceLayer.Log4net - ---Executing GetUserToken() in UserService----
2023-10-05 05:57:36,316 [27] DEBUG LTCPro.ServiceLayer.Log4net - ---Executing GetUserToken() in UserService----
2023-10-05 05:57:36,342 [22] DEBUG LTCPro.ServiceLayer.Log4net - ---Executing GetUserToken() in UserService----
2023-10-05 05:57:36,529 [29] DEBUG LTCPro.ServiceLayer.Log4net - ---Executing GetCompanyToBedFlagByFacId() in FacilityController----
2023-10-05 05:57:36,529 [29] DEBUG LTCPro.ServiceLayer.Log4net - ---Executing GetCompanyToBedFlagByFacId() in FacilityService----
2023-10-05 05:57:36,548 [27] DEBUG LTCPro.ServiceLayer.Log4net - ---Executing GetSeventyTwoHourDetailsByfilter() in EMARController----
2023-10-05 05:57:36,549 [27] DEBUG LTCPro.ServiceLayer.Log4net - ---Executing GetSeventyTwoHourDetailsByfilter() in EmarService----
2023-10-05 05:57:36,567 [22] DEBUG LTCPro.ServiceLayer.Log4net - ---Executing GetPRNDetailsByfilter() in EMARController----
2023-10-05 05:57:36,567 [22] DEBUG LTCPro.ServiceLayer.Log4net - ---Executing GetPRNDetailsByfilter() in EmarService----
2023-10-05 05:57:36,609 [31] DEBUG LTCPro.ServiceLayer.Log4net - ---Executing GetUserToken() in UserService----
2023-10-05 05:57:36,612 [33] DEBUG LTCPro.ServiceLayer.Log4net - ---Executing GetUserToken() in UserService----
2023-10-05 05:57:36,632 [21] DEBUG LTCPro.ServiceLayer.Log4net - ---Executing GetUserToken() in UserService----
2023-10-05 05:57:36,976 [33] DEBUG LTCPro.ServiceLayer.Log4net - ---Executing GetOrdersEndingSoon() in OrdersController----
2023-10-05 05:57:36,976 [33] DEBUG LTCPro.ServiceLayer.Log4net - ---Executing GetOrdersEndingSoon() in OrdersService----
2023-10-05 05:57:37,000 [21] DEBUG LTCPro.ServiceLayer.Log4net - ---Executing GetOrdersGridData() in OrdersController----
2023-10-05 05:57:37,000 [21] DEBUG LTCPro.ServiceLayer.Log4net - ---Executing GetOrdersGridData() in OrdersService----
2023-10-05 05:57:37,770 [33] DEBUG LTCPro.ServiceLayer.Log4net - ---Executed Successfully GetOrdersEndingSoon() in OrdersController----
2023-10-05 05:57:38,004 [31] DEBUG LTCPro.ServiceLayer.Log4net - ---Executing OrderEndingSoonStatus() in OrdersController----
2023-10-05 05:57:38,005 [31] DEBUG LTCPro.ServiceLayer.Log4net - ---Executing OrderEndingSoonStatus() in OrdersService----
2023-10-05 05:57:38,137 [27] DEBUG LTCPro.ServiceLayer.Log4net - ---Executed Successfully GetSeventyTwoHourDetailsByfilter() in EMARController----
2023-10-05 05:57:38,385 [29] DEBUG LTCPro.ServiceLayer.Log4net - ---Executed Successfully GetCompanyToBedFlagByFacId() in FacilityController----
2023-10-05 05:57:38,385 [31] DEBUG LTCPro.ServiceLayer.Log4net - ---Executed Successfully OrderEndingSoonStatus() in OrdersController----
2023-10-05 05:57:38,431 [31] DEBUG LTCPro.ServiceLayer.Log4net - ---Executing GetUserToken() in UserService----
2023-10-05 05:57:38,655 [31] DEBUG LTCPro.ServiceLayer.Log4net - ---Executing GetNurseStationHierarchyDetailsbyNsId() in CompanyController----
2023-10-05 05:57:38,655 [31] DEBUG LTCPro.ServiceLayer.Log4net - ---Executing GetNurseStationHierarchyDetailsbyNsId() in CompanyService----
2023-10-05 05:57:38,878 [31] DEBUG LTCPro.ServiceLayer.Log4net - ---Executed Successfully GetNurseStationHierarchyDetailsbyNsId() in CompanyController----
2023-10-05 05:57:39,106 [21] DEBUG LTCPro.ServiceLayer.Log4net - ---Executed Successfully GetOrdersGridData() in OrdersController----
2023-10-05 05:57:39,353 [29] DEBUG LTCPro.ServiceLayer.Log4net - ---Executing GetUserToken() in UserService----
2023-10-05 05:57:39,577 [29] DEBUG LTCPro.ServiceLayer.Log4net - ---Executing GetPendingOrdersGridData() in OrdersController----
2023-10-05 05:57:39,578 [29] DEBUG LTCPro.ServiceLayer.Log4net - ---Executing GetPendingOrdersGridData() in OrdersService----
2023-10-05 05:57:39,792 [22] DEBUG LTCPro.ServiceLayer.Log4net - ---Executed Successfully GetPRNDetailsByfilter() in EMARController----
2023-10-05 05:57:41,579 [29] DEBUG LTCPro.ServiceLayer.Log4net - ---Executed Successfully GetPendingOrdersGridData() in OrdersController----
2023-10-05 05:57:43,845 [29] DEBUG LTCPro.ServiceLayer.Log4net - ---Executing GetUserToken() in UserService----
2023-10-05 05:57:44,070 [29] DEBUG LTCPro.ServiceLayer.Log4net - ---Executing GetOrdersGridDataByPatientId() in OrdersController----
2023-10-05 05:57:44,070 [29] DEBUG LTCPro.ServiceLayer.Log4net - ---Executing GetOrdersGridDataByPatientId() in OrdersService----
2023-10-05 05:57:45,953 [29] DEBUG LTCPro.ServiceLayer.Log4net - ---Executed Successfully GetOrdersGridDataByPatientId() in OrdersController----
2023-10-05 05:57:48,951 [29] DEBUG LTCPro.ServiceLayer.Log4net - ---Executing GetUserToken() in UserService----
2023-10-05 05:57:49,131 [21] DEBUG LTCPro.ServiceLayer.Log4net - ---Executing GetUserToken() in UserService----
2023-10-05 05:57:49,177 [29] DEBUG LTCPro.ServiceLayer.Log4net - ---Executing GetFacilityNSResidentsDataByPId() in ResidentDemographicController----
2023-10-05 05:57:49,177 [29] DEBUG LTCPro.ServiceLayer.Log4net - ---Executing GetFacilityNSResidentsDataByPId() in ResidentDemographicService----
2023-10-05 05:57:49,355 [21] DEBUG LTCPro.ServiceLayer.Log4net - ---Executing GetNurseNotes() in OrdersController----
2023-10-05 05:57:49,355 [21] DEBUG LTCPro.ServiceLayer.Log4net - ---Executing GetNurseNotes() in OrdersService----
2023-10-05 05:57:50,655 [21] DEBUG LTCPro.ServiceLayer.Log4net - ---Executed Successfully GetNurseNotes() in OrdersController----
2023-10-05 05:57:50,773 [29] DEBUG LTCPro.ServiceLayer.Log4net - ---Executed Successfully GetFacilityNSResidentsDataByPId() in ResidentDemographicController----
2023-10-05 05:57:50,874 [31] DEBUG LTCPro.ServiceLayer.Log4net - ---Executing GetUserToken() in UserService----
2023-10-05 05:57:51,043 [21] DEBUG LTCPro.ServiceLayer.Log4net - ---Executing GetUserToken() in UserService----
2023-10-05 05:57:51,056 [32] DEBUG LTCPro.ServiceLayer.Log4net - ---Executing GetUserToken() in UserService----
2023-10-05 05:57:51,100 [31] DEBUG LTCPro.ServiceLayer.Log4net - ---Executing GetDrFirstFlagForCompanyByNSId() in CompanyController----
2023-10-05 05:57:51,100 [31] DEBUG LTCPro.ServiceLayer.Log4net - ---Executing GetDrFirstFlagForCompanyByNSId() in CompanyService----
2023-10-05 05:57:51,235 [22] DEBUG LTCPro.ServiceLayer.Log4net - ---Executing GetUserToken() in UserService----
2023-10-05 05:57:51,244 [27] DEBUG LTCPro.ServiceLayer.Log4net - ---Executing GetUserToken() in UserService----
2023-10-05 05:57:51,272 [21] DEBUG LTCPro.ServiceLayer.Log4net - ---Executing GetAllBarcodes() in StockEkitController----
2023-10-05 05:57:51,272 [21] DEBUG LTCPro.ServiceLayer.Log4net - ---Executing GetAllBarcodes() in StockEkitService----
2023-10-05 05:57:51,283 [32] DEBUG LTCPro.ServiceLayer.Log4net - ---Executing GetResidentInformation() in ResidentDemographicController----
2023-10-05 05:57:51,283 [32] DEBUG LTCPro.ServiceLayer.Log4net - ---Executing GetResidentInformation() in ResidentDemographicService----
2023-10-05 05:57:51,325 [31] DEBUG LTCPro.ServiceLayer.Log4net - ---Executed Successfully GetDrFirstFlagForCompanyByNSId() in CompanyController----
2023-10-05 05:57:51,854 [22] DEBUG LTCPro.ServiceLayer.Log4net - ---Executing GetOrderRoutes() in OrdersController----
2023-10-05 05:57:51,854 [27] DEBUG LTCPro.ServiceLayer.Log4net - ---Executing GetPhysicianDropData() in OrdersController----
2023-10-05 05:57:51,854 [22] DEBUG LTCPro.ServiceLayer.Log4net - ---Executing GetOrderRoutes() in OrdersService----
2023-10-05 05:57:51,854 [27] DEBUG LTCPro.ServiceLayer.Log4net - ---Executing GetPhysicianDropData() in OrdersService----
2023-10-05 05:57:52,090 [22] DEBUG LTCPro.ServiceLayer.Log4net - ---Executed Successfully GetOrderRoutes() in OrdersController----
2023-10-05 05:57:52,538 [27] DEBUG LTCPro.ServiceLayer.Log4net - ---Executed Successfully GetPhysicianDropData() in OrdersController----
2023-10-05 05:57:55,461 [32] DEBUG LTCPro.ServiceLayer.Log4net - ---Executed Successfully GetResidentInformation() in ResidentDemographicController----
2023-10-05 05:57:55,539 [27] DEBUG LTCPro.ServiceLayer.Log4net - ---Executing GetUserToken() in UserService----
2023-10-05 05:57:55,561 [33] DEBUG LTCPro.ServiceLayer.Log4net - ---Executing GetUserToken() in UserService----
2023-10-05 05:57:55,567 [29] DEBUG LTCPro.ServiceLayer.Log4net - ---Executing GetUserToken() in UserService----
2023-10-05 05:57:55,731 [32] DEBUG LTCPro.ServiceLayer.Log4net - ---Executing GetUserToken() in UserService----
2023-10-05 05:57:55,751 [30] DEBUG LTCPro.ServiceLayer.Log4net - ---Executing GetUserToken() in UserService----
2023-10-05 05:57:55,766 [27] DEBUG LTCPro.ServiceLayer.Log4net - ---Executing GetWeightList(Patient_Id) in AssessmentController----
2023-10-05 05:57:55,766 [27] DEBUG LTCPro.ServiceLayer.Log4net - ---Executing GetWeightList() in AssessmentService----
2023-10-05 05:57:55,790 [33] DEBUG LTCPro.ServiceLayer.Log4net - ---Executing GetPatientType() in ResidentDemographicController----
2023-10-05 05:57:55,790 [33] DEBUG LTCPro.ServiceLayer.Log4net - ---Executing GetPatientType() in EmarService----
2023-10-05 05:57:55,791 [29] DEBUG LTCPro.ServiceLayer.Log4net - ---Executing GetDrFirstOrderCheck() in DrFirstIntegrationController----
2023-10-05 05:57:55,791 [29] DEBUG LTCPro.ServiceLayer.Log4net - ---Executing GetDrFirstOrderCheck() in DrFirstIntegrationService----
2023-10-05 05:57:55,955 [32] DEBUG LTCPro.ServiceLayer.Log4net - ---Executing GetDiagnosisDetails() in OrdersController----
2023-10-05 05:57:55,955 [32] DEBUG LTCPro.ServiceLayer.Log4net - ---Executing GetDiagnosisDetails() in OrdersService----
2023-10-05 05:57:56,014 [33] DEBUG LTCPro.ServiceLayer.Log4net - ---Executed Successfully GetPatientType() in ResidentDemographicController----
2023-10-05 05:57:56,015 [29] DEBUG LTCPro.ServiceLayer.Log4net - ---Executed Successfully GetDrFirstOrderCheck() in DrFirstIntegrationController----
2023-10-05 05:57:56,626 [32] DEBUG LTCPro.ServiceLayer.Log4net - ---Executed Successfully GetDiagnosisDetails() in OrdersController----
2023-10-05 05:57:57,150 [30] DEBUG LTCPro.ServiceLayer.Log4net - ---Executing GetOrderGridData() in OrdersController----
2023-10-05 05:57:57,150 [30] DEBUG LTCPro.ServiceLayer.Log4net - ---Executing GetOrderGridData() in OrdersService----
2023-10-05 05:57:57,373 [27] DEBUG LTCPro.ServiceLayer.Log4net - ---Executed Successfully GetWeightList(Patient_Id) in AssessmentController----
2023-10-05 05:57:57,494 [30] DEBUG LTCPro.ServiceLayer.Log4net - ---Executed Successfully GetOrderGridData() in OrdersController----
2023-10-05 05:57:57,545 [30] DEBUG LTCPro.ServiceLayer.Log4net - ---Executing GetUserToken() in UserService----
2023-10-05 05:57:57,816 [30] DEBUG LTCPro.ServiceLayer.Log4net - ---Executing GetAllBarcodes() in StockEkitController----
2023-10-05 05:57:57,817 [30] DEBUG LTCPro.ServiceLayer.Log4net - ---Executing GetAllBarcodes() in StockEkitService----
2023-10-05 05:57:57,855 [29] DEBUG LTCPro.ServiceLayer.Log4net - ---Executing GetUserToken() in UserService----
2023-10-05 05:57:57,870 [32] DEBUG LTCPro.ServiceLayer.Log4net - ---Executing GetUserToken() in UserService----
2023-10-05 05:57:58,078 [29] DEBUG LTCPro.ServiceLayer.Log4net - ---Executing GetOrderGridData() in OrdersController----
2023-10-05 05:57:58,078 [29] DEBUG LTCPro.ServiceLayer.Log4net - ---Executing GetOrderGridData() in OrdersService----
2023-10-05 05:57:58,095 [32] DEBUG LTCPro.ServiceLayer.Log4net - ---Executing GetOrdersData() in OrdersController----
2023-10-05 05:57:58,095 [32] DEBUG LTCPro.ServiceLayer.Log4net - ---Executing GetOrdersData() in OrdersService----
2023-10-05 05:57:58,527 [29] DEBUG LTCPro.ServiceLayer.Log4net - ---Executed Successfully GetOrderGridData() in OrdersController----
2023-10-05 05:57:59,336 [32] DEBUG LTCPro.ServiceLayer.Log4net - ---Executed Successfully GetOrdersData() in OrdersController----
2023-10-05 05:57:59,577 [20] DEBUG LTCPro.ServiceLayer.Log4net - ---Executing GetUserToken() in UserService----
2023-10-05 05:57:59,580 [32] DEBUG LTCPro.ServiceLayer.Log4net - ---Executing GetUserToken() in UserService----
2023-10-05 05:57:59,802 [20] DEBUG LTCPro.ServiceLayer.Log4net - ---Executing GetOrderStockDetails() in OrdersController----
2023-10-05 05:57:59,802 [20] DEBUG LTCPro.ServiceLayer.Log4net - ---Executing GetOrderStockDetails() in OrdersService----
2023-10-05 05:57:59,803 [32] DEBUG LTCPro.ServiceLayer.Log4net - ---Executing GetPhysicianDropData() in OrdersController----
2023-10-05 05:57:59,803 [32] DEBUG LTCPro.ServiceLayer.Log4net - ---Executing GetPhysicianDropData() in OrdersService----
2023-10-05 05:58:00,046 [20] DEBUG LTCPro.ServiceLayer.Log4net - ---Executed Successfully GetOrderStockDetails() in OrdersController----
2023-10-05 05:58:00,243 [20] DEBUG LTCPro.ServiceLayer.Log4net - ---Executing GetUserToken() in UserService----
2023-10-05 05:58:00,252 [32] DEBUG LTCPro.ServiceLayer.Log4net - ---Executed Successfully GetPhysicianDropData() in OrdersController----
2023-10-05 05:58:00,453 [32] DEBUG LTCPro.ServiceLayer.Log4net - ---Executing GetUserToken() in UserService----
2023-10-05 05:58:00,467 [20] DEBUG LTCPro.ServiceLayer.Log4net - ---Executing GetFavouritesMasterData() in OrdersController----
2023-10-05 05:58:00,467 [20] DEBUG LTCPro.ServiceLayer.Log4net - ---Executing GetFavouritesMasterData() in OrdersService----
2023-10-05 05:58:00,678 [32] DEBUG LTCPro.ServiceLayer.Log4net - ---Executing GetOrderHoldData() in OrdersController----
2023-10-05 05:58:00,678 [32] DEBUG LTCPro.ServiceLayer.Log4net - ---Executing GetOrderHoldData() in OrdersService----
2023-10-05 05:58:00,697 [20] DEBUG LTCPro.ServiceLayer.Log4net - ---Executed Successfully GetFavouritesMasterData() in OrdersController----
2023-10-05 05:58:00,722 [20] DEBUG LTCPro.ServiceLayer.Log4net - ---Executing GetUserToken() in UserService----
2023-10-05 05:58:01,352 [32] DEBUG LTCPro.ServiceLayer.Log4net - ---Executed Successfully GetOrderHoldData() in OrdersController----
2023-10-05 05:58:23,112 [10] DEBUG LTCPro.ServiceLayer.Log4net - ---Executing GetUserToken() in UserService----
2023-10-05 05:58:23,488 [10] DEBUG LTCPro.ServiceLayer.Log4net - ---Executing GetOrdersData() in OrdersController----
2023-10-05 05:58:23,489 [10] DEBUG LTCPro.ServiceLayer.Log4net - ---Executing GetOrdersData() in OrdersService----
2023-10-05 05:58:24,528 [10] DEBUG LTCPro.ServiceLayer.Log4net - ---Executed Successfully GetOrdersData() in OrdersController----
2023-10-05 05:58:24,937 [20] DEBUG LTCPro.ServiceLayer.Log4net - ---Executing GetUserToken() in UserService----
2023-10-05 05:58:24,942 [7] DEBUG LTCPro.ServiceLayer.Log4net - ---Executing GetUserToken() in UserService----
2023-10-05 05:58:25,161 [20] DEBUG LTCPro.ServiceLayer.Log4net - ---Executing GetFavouritesMasterData() in OrdersController----
2023-10-05 05:58:25,161 [20] DEBUG LTCPro.ServiceLayer.Log4net - ---Executing GetFavouritesMasterData() in OrdersService----
2023-10-05 05:58:25,165 [7] DEBUG LTCPro.ServiceLayer.Log4net - ---Executing GetOrderStockDetails() in OrdersController----
2023-10-05 05:58:25,165 [7] DEBUG LTCPro.ServiceLayer.Log4net - ---Executing GetOrderStockDetails() in OrdersService----
2023-10-05 05:58:25,389 [7] DEBUG LTCPro.ServiceLayer.Log4net - ---Executed Successfully GetOrderStockDetails() in OrdersController----
2023-10-05 05:58:25,391 [20] DEBUG LTCPro.ServiceLayer.Log4net - ---Executed Successfully GetFavouritesMasterData() in OrdersController----
2023-10-05 05:58:26,621 [21] DEBUG LTCPro.ServiceLayer.Log4net - ---Executed Successfully GetAllBarcodes() in StockEkitController----
2023-10-05 05:58:27,509 [26] DEBUG LTCPro.ServiceLayer.Log4net - ---Executing GetUserToken() in UserService----
2023-10-05 05:58:27,518 [20] DEBUG LTCPro.ServiceLayer.Log4net - ---Executing GetUserToken() in UserService----
2023-10-05 05:58:27,740 [26] DEBUG LTCPro.ServiceLayer.Log4net - ---Executing GetNurseNotes() in OrdersController----
2023-10-05 05:58:27,740 [26] DEBUG LTCPro.ServiceLayer.Log4net - ---Executing GetNurseNotes() in OrdersService----
2023-10-05 05:58:27,742 [20] DEBUG LTCPro.ServiceLayer.Log4net - ---Executing GetPhysicianDropData() in OrdersController----
2023-10-05 05:58:27,742 [20] DEBUG LTCPro.ServiceLayer.Log4net - ---Executing GetPhysicianDropData() in OrdersService----
2023-10-05 05:58:28,194 [20] DEBUG LTCPro.ServiceLayer.Log4net - ---Executed Successfully GetPhysicianDropData() in OrdersController----
2023-10-05 05:58:29,184 [26] DEBUG LTCPro.ServiceLayer.Log4net - ---Executed Successfully GetNurseNotes() in OrdersController----
2023-10-05 05:58:29,818 [30] DEBUG LTCPro.ServiceLayer.Log4net - ---Executed Successfully GetAllBarcodes() in StockEkitController----
2023-10-05 05:58:38,955 [21] DEBUG LTCPro.ServiceLayer.Log4net - ---Executing GetUserToken() in UserService----
2023-10-05 05:58:39,185 [21] DEBUG LTCPro.ServiceLayer.Log4net - ---Executing GetOrdersData() in OrdersController----
2023-10-05 05:58:39,185 [21] DEBUG LTCPro.ServiceLayer.Log4net - ---Executing GetOrdersData() in OrdersService----
2023-10-05 05:58:40,275 [21] DEBUG LTCPro.ServiceLayer.Log4net - ---Executed Successfully GetOrdersData() in OrdersController----
2023-10-05 05:58:40,642 [30] DEBUG LTCPro.ServiceLayer.Log4net - ---Executing GetUserToken() in UserService----
2023-10-05 05:58:40,645 [7] DEBUG LTCPro.ServiceLayer.Log4net - ---Executing GetUserToken() in UserService----
2023-10-05 05:58:40,873 [30] DEBUG LTCPro.ServiceLayer.Log4net - ---Executing GetOrderStockDetails() in OrdersController----
2023-10-05 05:58:40,873 [30] DEBUG LTCPro.ServiceLayer.Log4net - ---Executing GetOrderStockDetails() in OrdersService----
2023-10-05 05:58:40,874 [7] DEBUG LTCPro.ServiceLayer.Log4net - ---Executing GetFavouritesMasterData() in OrdersController----
2023-10-05 05:58:40,874 [7] DEBUG LTCPro.ServiceLayer.Log4net - ---Executing GetFavouritesMasterData() in OrdersService----
2023-10-05 05:58:41,098 [30] DEBUG LTCPro.ServiceLayer.Log4net - ---Executed Successfully GetOrderStockDetails() in OrdersController----
2023-10-05 05:58:41,106 [7] DEBUG LTCPro.ServiceLayer.Log4net - ---Executed Successfully GetFavouritesMasterData() in OrdersController----
2023-10-05 05:58:42,642 [25] DEBUG LTCPro.ServiceLayer.Log4net - ---Executing GetUserToken() in UserService----
2023-10-05 05:58:42,870 [25] DEBUG LTCPro.ServiceLayer.Log4net - ---Executing GetPhysicianDropData() in OrdersController----
2023-10-05 05:58:42,870 [25] DEBUG LTCPro.ServiceLayer.Log4net - ---Executing GetPhysicianDropData() in OrdersService----
2023-10-05 05:58:43,323 [25] DEBUG LTCPro.ServiceLayer.Log4net - ---Executed Successfully GetPhysicianDropData() in OrdersController----
2023-10-05 05:58:45,788 [25] DEBUG LTCPro.ServiceLayer.Log4net - ---Executing GetUserToken() in UserService----
2023-10-05 05:58:46,014 [25] DEBUG LTCPro.ServiceLayer.Log4net - ---Executing GetNurseNotes() in OrdersController----
2023-10-05 05:58:46,014 [25] DEBUG LTCPro.ServiceLayer.Log4net - ---Executing GetNurseNotes() in OrdersService----
2023-10-05 05:58:47,188 [25] DEBUG LTCPro.ServiceLayer.Log4net - ---Executed Successfully GetNurseNotes() in OrdersController----
2023-10-05 05:58:52,978 [25] DEBUG LTCPro.ServiceLayer.Log4net - ---Executing GetUserToken() in UserService----
2023-10-05 05:58:53,202 [25] DEBUG LTCPro.ServiceLayer.Log4net - ---Executing GetOrdersData() in OrdersController----
2023-10-05 05:58:53,202 [25] DEBUG LTCPro.ServiceLayer.Log4net - ---Executing GetOrdersData() in OrdersService----
2023-10-05 05:58:54,114 [25] DEBUG LTCPro.ServiceLayer.Log4net - ---Executed Successfully GetOrdersData() in OrdersController----
2023-10-05 05:58:54,452 [6] DEBUG LTCPro.ServiceLayer.Log4net - ---Executing GetUserToken() in UserService----
2023-10-05 05:58:54,460 [25] DEBUG LTCPro.ServiceLayer.Log4net - ---Executing GetUserToken() in UserService----
2023-10-05 05:58:54,676 [6] DEBUG LTCPro.ServiceLayer.Log4net - ---Executing GetOrderStockDetails() in OrdersController----
2023-10-05 05:58:54,677 [6] DEBUG LTCPro.ServiceLayer.Log4net - ---Executing GetOrderStockDetails() in OrdersService----
2023-10-05 05:58:54,684 [25] DEBUG LTCPro.ServiceLayer.Log4net - ---Executing GetFavouritesMasterData() in OrdersController----
2023-10-05 05:58:54,684 [25] DEBUG LTCPro.ServiceLayer.Log4net - ---Executing GetFavouritesMasterData() in OrdersService----
2023-10-05 05:58:55,214 [25] DEBUG LTCPro.ServiceLayer.Log4net - ---Executed Successfully GetFavouritesMasterData() in OrdersController----
2023-10-05 05:58:55,214 [6] DEBUG LTCPro.ServiceLayer.Log4net - ---Executed Successfully GetOrderStockDetails() in OrdersController----
2023-10-05 05:59:21,663 [6] DEBUG LTCPro.ServiceLayer.Log4net - ---Executing GetUserToken() in UserService----
2023-10-05 05:59:21,887 [6] DEBUG LTCPro.ServiceLayer.Log4net - ---Executing GetPhysicianDropData() in OrdersController----
2023-10-05 05:59:21,887 [6] DEBUG LTCPro.ServiceLayer.Log4net - ---Executing GetPhysicianDropData() in OrdersService----
2023-10-05 05:59:22,336 [6] DEBUG LTCPro.ServiceLayer.Log4net - ---Executed Successfully GetPhysicianDropData() in OrdersController----
2023-10-05 06:01:33,099 [16] DEBUG LTCPro.ServiceLayer.Log4net - ---Executing GetUserToken() in UserService----
2023-10-05 06:01:33,407 [16] DEBUG LTCPro.ServiceLayer.Log4net - ---Executing GetNurseNotes() in OrdersController----
2023-10-05 06:01:33,407 [16] DEBUG LTCPro.ServiceLayer.Log4net - ---Executing GetNurseNotes() in OrdersService----
2023-10-05 06:01:35,175 [16] DEBUG LTCPro.ServiceLayer.Log4net - ---Executed Successfully GetNurseNotes() in OrdersController----
2023-10-05 06:01:40,561 [6] DEBUG LTCPro.ServiceLayer.Log4net - ---Executing GetUserToken() in UserService----
2023-10-05 06:01:40,783 [6] DEBUG LTCPro.ServiceLayer.Log4net - ---Executing GetOrdersData() in OrdersController----
2023-10-05 06:01:40,783 [6] DEBUG LTCPro.ServiceLayer.Log4net - ---Executing GetOrdersData() in OrdersService----
2023-10-05 06:01:42,193 [6] DEBUG LTCPro.ServiceLayer.Log4net - ---Executed Successfully GetOrdersData() in OrdersController----
2023-10-05 06:01:42,597 [36] DEBUG LTCPro.ServiceLayer.Log4net - ---Executing GetUserToken() in UserService----
2023-10-05 06:01:42,605 [16] DEBUG LTCPro.ServiceLayer.Log4net - ---Executing GetUserToken() in UserService----
2023-10-05 06:01:42,820 [36] DEBUG LTCPro.ServiceLayer.Log4net - ---Executing GetFavouritesMasterData() in OrdersController----
2023-10-05 06:01:42,820 [36] DEBUG LTCPro.ServiceLayer.Log4net - ---Executing GetFavouritesMasterData() in OrdersService----
2023-10-05 06:01:42,826 [16] DEBUG LTCPro.ServiceLayer.Log4net - ---Executing GetOrderStockDetails() in OrdersController----
2023-10-05 06:01:42,826 [16] DEBUG LTCPro.ServiceLayer.Log4net - ---Executing GetOrderStockDetails() in OrdersService----
2023-10-05 06:01:43,043 [36] DEBUG LTCPro.ServiceLayer.Log4net - ---Executed Successfully GetFavouritesMasterData() in OrdersController----
2023-10-05 06:01:43,053 [16] DEBUG LTCPro.ServiceLayer.Log4net - ---Executed Successfully GetOrderStockDetails() in OrdersController----
2023-10-05 06:01:45,034 [6] DEBUG LTCPro.ServiceLayer.Log4net - ---Executing GetUserToken() in UserService----
2023-10-05 06:01:45,258 [6] DEBUG LTCPro.ServiceLayer.Log4net - ---Executing GetPhysicianDropData() in OrdersController----
2023-10-05 06:01:45,258 [6] DEBUG LTCPro.ServiceLayer.Log4net - ---Executing GetPhysicianDropData() in OrdersService----
2023-10-05 06:01:45,701 [6] DEBUG LTCPro.ServiceLayer.Log4net - ---Executed Successfully GetPhysicianDropData() in OrdersController----
2023-10-05 06:01:47,324 [5] DEBUG LTCPro.ServiceLayer.Log4net - ---Executing GetUserToken() in UserService----
2023-10-05 06:01:47,581 [5] DEBUG LTCPro.ServiceLayer.Log4net - ---Executing GetOrderHoldData() in OrdersController----
2023-10-05 06:01:47,581 [5] DEBUG LTCPro.ServiceLayer.Log4net - ---Executing GetOrderHoldData() in OrdersService----
2023-10-05 06:01:48,251 [5] DEBUG LTCPro.ServiceLayer.Log4net - ---Executed Successfully GetOrderHoldData() in OrdersController----
2023-10-05 06:01:59,752 [6] DEBUG LTCPro.ServiceLayer.Log4net - ---Executing GetUserToken() in UserService----
2023-10-05 06:02:06,382 [6] DEBUG LTCPro.ServiceLayer.Log4net - ---Executing GetUserToken() in UserService----
2023-10-05 06:02:06,608 [6] DEBUG LTCPro.ServiceLayer.Log4net - ---Executing GetOrdersData() in OrdersController----
2023-10-05 06:02:06,608 [6] DEBUG LTCPro.ServiceLayer.Log4net - ---Executing GetOrdersData() in OrdersService----
2023-10-05 06:02:07,576 [6] DEBUG LTCPro.ServiceLayer.Log4net - ---Executed Successfully GetOrdersData() in OrdersController----
2023-10-05 06:02:07,894 [27] DEBUG LTCPro.ServiceLayer.Log4net - ---Executing GetUserToken() in UserService----
2023-10-05 06:02:07,894 [6] DEBUG LTCPro.ServiceLayer.Log4net - ---Executing GetUserToken() in UserService----
2023-10-05 06:02:08,119 [6] DEBUG LTCPro.ServiceLayer.Log4net - ---Executing GetFavouritesMasterData() in OrdersController----
2023-10-05 06:02:08,119 [6] DEBUG LTCPro.ServiceLayer.Log4net - ---Executing GetFavouritesMasterData() in OrdersService----
2023-10-05 06:02:08,119 [27] DEBUG LTCPro.ServiceLayer.Log4net - ---Executing GetOrderStockDetails() in OrdersController----
2023-10-05 06:02:08,119 [27] DEBUG LTCPro.ServiceLayer.Log4net - ---Executing GetOrderStockDetails() in OrdersService----
2023-10-05 06:02:08,341 [27] DEBUG LTCPro.ServiceLayer.Log4net - ---Executed Successfully GetOrderStockDetails() in OrdersController----
2023-10-05 06:02:08,342 [6] DEBUG LTCPro.ServiceLayer.Log4net - ---Executed Successfully GetFavouritesMasterData() in OrdersController----
2023-10-05 06:02:09,241 [6] DEBUG LTCPro.ServiceLayer.Log4net - ---Executing GetUserToken() in UserService----
2023-10-05 06:02:09,467 [6] DEBUG LTCPro.ServiceLayer.Log4net - ---Executing GetPhysicianDropData() in OrdersController----
2023-10-05 06:02:09,468 [6] DEBUG LTCPro.ServiceLayer.Log4net - ---Executing GetPhysicianDropData() in OrdersService----
2023-10-05 06:02:09,918 [6] DEBUG LTCPro.ServiceLayer.Log4net - ---Executed Successfully GetPhysicianDropData() in OrdersController----
2023-10-05 06:02:11,285 [16] DEBUG LTCPro.ServiceLayer.Log4net - ---Executing GetUserToken() in UserService----
2023-10-05 06:02:11,506 [16] DEBUG LTCPro.ServiceLayer.Log4net - ---Executing GetNurseNotes() in OrdersController----
2023-10-05 06:02:11,506 [16] DEBUG LTCPro.ServiceLayer.Log4net - ---Executing GetNurseNotes() in OrdersService----
2023-10-05 06:02:12,676 [16] DEBUG LTCPro.ServiceLayer.Log4net - ---Executed Successfully GetNurseNotes() in OrdersController----
2023-10-05 06:02:16,987 [16] DEBUG LTCPro.ServiceLayer.Log4net - ---Executing GetUserToken() in UserService----
2023-10-05 06:02:17,208 [16] DEBUG LTCPro.ServiceLayer.Log4net - ---Executing GetOrdersData() in OrdersController----
2023-10-05 06:02:17,209 [16] DEBUG LTCPro.ServiceLayer.Log4net - ---Executing GetOrdersData() in OrdersService----
2023-10-05 06:02:18,866 [16] DEBUG LTCPro.ServiceLayer.Log4net - ---Executed Successfully GetOrdersData() in OrdersController----
2023-10-05 06:02:19,176 [16] DEBUG LTCPro.ServiceLayer.Log4net - ---Executing GetUserToken() in UserService----
2023-10-05 06:02:19,177 [5] DEBUG LTCPro.ServiceLayer.Log4net - ---Executing GetUserToken() in UserService----
2023-10-05 06:02:19,397 [16] DEBUG LTCPro.ServiceLayer.Log4net - ---Executing GetFavouritesMasterData() in OrdersController----
2023-10-05 06:02:19,397 [16] DEBUG LTCPro.ServiceLayer.Log4net - ---Executing GetFavouritesMasterData() in OrdersService----
2023-10-05 06:02:19,397 [5] DEBUG LTCPro.ServiceLayer.Log4net - ---Executing GetOrderStockDetails() in OrdersController----
2023-10-05 06:02:19,397 [5] DEBUG LTCPro.ServiceLayer.Log4net - ---Executing GetOrderStockDetails() in OrdersService----
2023-10-05 06:02:19,621 [16] DEBUG LTCPro.ServiceLayer.Log4net - ---Executed Successfully GetFavouritesMasterData() in OrdersController----
2023-10-05 06:02:19,627 [5] DEBUG LTCPro.ServiceLayer.Log4net - ---Executed Successfully GetOrderStockDetails() in OrdersController----
2023-10-05 06:02:20,733 [16] DEBUG LTCPro.ServiceLayer.Log4net - ---Executing GetUserToken() in UserService----
2023-10-05 06:02:20,955 [16] DEBUG LTCPro.ServiceLayer.Log4net - ---Executing GetPhysicianDropData() in OrdersController----
2023-10-05 06:02:20,955 [16] DEBUG LTCPro.ServiceLayer.Log4net - ---Executing GetPhysicianDropData() in OrdersService----
2023-10-05 06:02:21,398 [16] DEBUG LTCPro.ServiceLayer.Log4net - ---Executed Successfully GetPhysicianDropData() in OrdersController----
2023-10-05 06:02:22,521 [16] DEBUG LTCPro.ServiceLayer.Log4net - ---Executing GetUserToken() in UserService----
2023-10-05 06:02:22,742 [16] DEBUG LTCPro.ServiceLayer.Log4net - ---Executing GetNurseNotes() in OrdersController----
2023-10-05 06:02:22,742 [16] DEBUG LTCPro.ServiceLayer.Log4net - ---Executing GetNurseNotes() in OrdersService----
2023-10-05 06:02:23,977 [16] DEBUG LTCPro.ServiceLayer.Log4net - ---Executed Successfully GetNurseNotes() in OrdersController----
2023-10-05 06:02:29,216 [16] DEBUG LTCPro.ServiceLayer.Log4net - ---Executing GetUserToken() in UserService----
2023-10-05 06:02:29,438 [16] DEBUG LTCPro.ServiceLayer.Log4net - ---Executing GetOrdersData() in OrdersController----
2023-10-05 06:02:29,438 [16] DEBUG LTCPro.ServiceLayer.Log4net - ---Executing GetOrdersData() in OrdersService----
2023-10-05 06:02:30,315 [16] DEBUG LTCPro.ServiceLayer.Log4net - ---Executed Successfully GetOrdersData() in OrdersController----
2023-10-05 06:02:30,604 [6] DEBUG LTCPro.ServiceLayer.Log4net - ---Executing GetUserToken() in UserService----
2023-10-05 06:02:30,628 [36] DEBUG LTCPro.ServiceLayer.Log4net - ---Executing GetUserToken() in UserService----
2023-10-05 06:02:30,828 [6] DEBUG LTCPro.ServiceLayer.Log4net - ---Executing GetFavouritesMasterData() in OrdersController----
2023-10-05 06:02:30,828 [6] DEBUG LTCPro.ServiceLayer.Log4net - ---Executing GetFavouritesMasterData() in OrdersService----
2023-10-05 06:02:30,850 [36] DEBUG LTCPro.ServiceLayer.Log4net - ---Executing GetOrderStockDetails() in OrdersController----
2023-10-05 06:02:30,850 [36] DEBUG LTCPro.ServiceLayer.Log4net - ---Executing GetOrderStockDetails() in OrdersService----
2023-10-05 06:02:31,070 [6] DEBUG LTCPro.ServiceLayer.Log4net - ---Executed Successfully GetFavouritesMasterData() in OrdersController----
2023-10-05 06:02:31,081 [36] DEBUG LTCPro.ServiceLayer.Log4net - ---Executed Successfully GetOrderStockDetails() in OrdersController----
2023-10-05 06:02:31,573 [6] DEBUG LTCPro.ServiceLayer.Log4net - ---Executing GetUserToken() in UserService----
2023-10-05 06:02:31,796 [6] DEBUG LTCPro.ServiceLayer.Log4net - ---Executing GetPhysicianDropData() in OrdersController----
2023-10-05 06:02:31,796 [6] DEBUG LTCPro.ServiceLayer.Log4net - ---Executing GetPhysicianDropData() in OrdersService----
2023-10-05 06:02:32,241 [6] DEBUG LTCPro.ServiceLayer.Log4net - ---Executed Successfully GetPhysicianDropData() in OrdersController----
2023-10-05 06:02:33,892 [6] DEBUG LTCPro.ServiceLayer.Log4net - ---Executing GetUserToken() in UserService----
2023-10-05 06:02:34,114 [6] DEBUG LTCPro.ServiceLayer.Log4net - ---Executing GetOrderHoldData() in OrdersController----
2023-10-05 06:02:34,114 [6] DEBUG LTCPro.ServiceLayer.Log4net - ---Executing GetOrderHoldData() in OrdersService----
2023-10-05 06:02:34,777 [6] DEBUG LTCPro.ServiceLayer.Log4net - ---Executed Successfully GetOrderHoldData() in OrdersController----
2023-10-05 06:03:42,087 [6] DEBUG LTCPro.ServiceLayer.Log4net - ---Executing GetUserToken() in UserService----
2023-10-05 06:03:45,019 [36] DEBUG LTCPro.ServiceLayer.Log4net - ---Executing GetUserToken() in UserService----
2023-10-05 06:03:45,241 [36] DEBUG LTCPro.ServiceLayer.Log4net - ---Executing GetOrdersData() in OrdersController----
2023-10-05 06:03:45,241 [36] DEBUG LTCPro.ServiceLayer.Log4net - ---Executing GetOrdersData() in OrdersService----
2023-10-05 06:03:46,123 [36] DEBUG LTCPro.ServiceLayer.Log4net - ---Executed Successfully GetOrdersData() in OrdersController----
2023-10-05 06:03:46,379 [5] DEBUG LTCPro.ServiceLayer.Log4net - ---Executing GetUserToken() in UserService----
2023-10-05 06:03:46,396 [6] DEBUG LTCPro.ServiceLayer.Log4net - ---Executing GetUserToken() in UserService----
2023-10-05 06:03:46,406 [36] DEBUG LTCPro.ServiceLayer.Log4net - ---Executing GetUserToken() in UserService----
2023-10-05 06:03:46,600 [5] DEBUG LTCPro.ServiceLayer.Log4net - ---Executing GetOrderStockDetails() in OrdersController----
2023-10-05 06:03:46,600 [5] DEBUG LTCPro.ServiceLayer.Log4net - ---Executing GetOrderStockDetails() in OrdersService----
2023-10-05 06:03:46,617 [6] DEBUG LTCPro.ServiceLayer.Log4net - ---Executing GetFavouritesMasterData() in OrdersController----
2023-10-05 06:03:46,617 [6] DEBUG LTCPro.ServiceLayer.Log4net - ---Executing GetFavouritesMasterData() in OrdersService----
2023-10-05 06:03:46,636 [33] DEBUG LTCPro.ServiceLayer.Log4net - ---Executing GetUserToken() in UserService----
2023-10-05 06:03:46,821 [5] DEBUG LTCPro.ServiceLayer.Log4net - ---Executed Successfully GetOrderStockDetails() in OrdersController----
2023-10-05 06:03:46,874 [6] DEBUG LTCPro.ServiceLayer.Log4net - ---Executed Successfully GetFavouritesMasterData() in OrdersController----
2023-10-05 06:03:47,044 [33] DEBUG LTCPro.ServiceLayer.Log4net - ---Executing GetNurseNotes() in OrdersController----
2023-10-05 06:03:47,044 [33] DEBUG LTCPro.ServiceLayer.Log4net - ---Executing GetNurseNotes() in OrdersService----
2023-10-05 06:03:48,208 [33] DEBUG LTCPro.ServiceLayer.Log4net - ---Executed Successfully GetNurseNotes() in OrdersController----
2023-10-05 06:03:58,874 [36] DEBUG LTCPro.ServiceLayer.Log4net - ---Executing GetPhysicianDropData() in OrdersController----
2023-10-05 06:03:58,874 [36] DEBUG LTCPro.ServiceLayer.Log4net - ---Executing GetPhysicianDropData() in OrdersService----
2023-10-05 06:03:59,319 [36] DEBUG LTCPro.ServiceLayer.Log4net - ---Executed Successfully GetPhysicianDropData() in OrdersController----
2023-10-05 06:21:13,175 [42] DEBUG LTCPro.ServiceLayer.Log4net - ---Executing GetUserToken() in UserService----
2023-10-05 06:21:25,383 [42] DEBUG LTCPro.ServiceLayer.Log4net - ---Executing GetOrdersData() in OrdersController----
2023-10-05 06:21:25,383 [42] DEBUG LTCPro.ServiceLayer.Log4net - ---Executing GetOrdersData() in OrdersService----
2023-10-05 06:21:28,025 [42] DEBUG LTCPro.ServiceLayer.Log4net - ---Executed Successfully GetOrdersData() in OrdersController----
2023-10-05 06:21:28,357 [42] DEBUG LTCPro.ServiceLayer.Log4net - ---Executing GetUserToken() in UserService----
2023-10-05 06:21:28,388 [51] DEBUG LTCPro.ServiceLayer.Log4net - ---Executing GetUserToken() in UserService----
2023-10-05 06:21:28,396 [46] DEBUG LTCPro.ServiceLayer.Log4net - ---Executing GetUserToken() in UserService----
2023-10-05 06:21:28,576 [48] DEBUG LTCPro.ServiceLayer.Log4net - ---Executing GetUserToken() in UserService----
2023-10-05 06:21:28,590 [42] DEBUG LTCPro.ServiceLayer.Log4net - ---Executing GetOrderStockDetails() in OrdersController----
2023-10-05 06:21:28,590 [42] DEBUG LTCPro.ServiceLayer.Log4net - ---Executing GetOrderStockDetails() in OrdersService----
2023-10-05 06:21:28,807 [46] DEBUG LTCPro.ServiceLayer.Log4net - ---Executing GetFavouritesMasterData() in OrdersController----
2023-10-05 06:21:28,807 [46] DEBUG LTCPro.ServiceLayer.Log4net - ---Executing GetFavouritesMasterData() in OrdersService----
2023-10-05 06:21:29,377 [48] DEBUG LTCPro.ServiceLayer.Log4net - ---Executing GetNurseNotes() in OrdersController----
2023-10-05 06:21:29,377 [48] DEBUG LTCPro.ServiceLayer.Log4net - ---Executing GetNurseNotes() in OrdersService----
2023-10-05 06:21:29,690 [42] DEBUG LTCPro.ServiceLayer.Log4net - ---Executed Successfully GetOrderStockDetails() in OrdersController----
2023-10-05 06:21:29,916 [46] DEBUG LTCPro.ServiceLayer.Log4net - ---Executed Successfully GetFavouritesMasterData() in OrdersController----
2023-10-05 06:21:30,153 [51] DEBUG LTCPro.ServiceLayer.Log4net - ---Executing GetPhysicianDropData() in OrdersController----
2023-10-05 06:21:30,153 [51] DEBUG LTCPro.ServiceLayer.Log4net - ---Executing GetPhysicianDropData() in OrdersService----
2023-10-05 06:21:30,595 [51] DEBUG LTCPro.ServiceLayer.Log4net - ---Executed Successfully GetPhysicianDropData() in OrdersController----
2023-10-05 06:21:31,128 [48] DEBUG LTCPro.ServiceLayer.Log4net - ---Executed Successfully GetNurseNotes() in OrdersController----
2023-10-05 06:22:08,207 [43] DEBUG LTCPro.ServiceLayer.Log4net - ---Executing GetUserToken() in UserService----
2023-10-05 06:22:08,427 [43] DEBUG LTCPro.ServiceLayer.Log4net - ---Executing GetOrdersData() in OrdersController----
2023-10-05 06:22:08,427 [43] DEBUG LTCPro.ServiceLayer.Log4net - ---Executing GetOrdersData() in OrdersService----
2023-10-05 06:22:09,845 [43] DEBUG LTCPro.ServiceLayer.Log4net - ---Executed Successfully GetOrdersData() in OrdersController----
2023-10-05 06:22:10,153 [43] DEBUG LTCPro.ServiceLayer.Log4net - ---Executing GetUserToken() in UserService----
2023-10-05 06:22:10,159 [51] DEBUG LTCPro.ServiceLayer.Log4net - ---Executing GetUserToken() in UserService----
2023-10-05 06:22:10,177 [42] DEBUG LTCPro.ServiceLayer.Log4net - ---Executing GetUserToken() in UserService----
2023-10-05 06:22:10,226 [41] DEBUG LTCPro.ServiceLayer.Log4net - ---Executing GetUserToken() in UserService----
2023-10-05 06:22:10,373 [43] DEBUG LTCPro.ServiceLayer.Log4net - ---Executing GetOrderStockDetails() in OrdersController----
2023-10-05 06:22:10,373 [43] DEBUG LTCPro.ServiceLayer.Log4net - ---Executing GetOrderStockDetails() in OrdersService----
2023-10-05 06:22:10,375 [51] DEBUG LTCPro.ServiceLayer.Log4net - ---Executing GetPhysicianDropData() in OrdersController----
2023-10-05 06:22:10,376 [51] DEBUG LTCPro.ServiceLayer.Log4net - ---Executing GetPhysicianDropData() in OrdersService----
2023-10-05 06:22:10,594 [43] DEBUG LTCPro.ServiceLayer.Log4net - ---Executed Successfully GetOrderStockDetails() in OrdersController----
2023-10-05 06:22:10,596 [41] DEBUG LTCPro.ServiceLayer.Log4net - ---Executing GetFavouritesMasterData() in OrdersController----
2023-10-05 06:22:10,596 [41] DEBUG LTCPro.ServiceLayer.Log4net - ---Executing GetFavouritesMasterData() in OrdersService----
2023-10-05 06:22:10,819 [41] DEBUG LTCPro.ServiceLayer.Log4net - ---Executed Successfully GetFavouritesMasterData() in OrdersController----
2023-10-05 06:22:11,039 [51] DEBUG LTCPro.ServiceLayer.Log4net - ---Executed Successfully GetPhysicianDropData() in OrdersController----
2023-10-05 06:22:11,753 [42] DEBUG LTCPro.ServiceLayer.Log4net - ---Executing GetNurseNotes() in OrdersController----
2023-10-05 06:22:11,753 [42] DEBUG LTCPro.ServiceLayer.Log4net - ---Executing GetNurseNotes() in OrdersService----
2023-10-05 06:22:12,609 [51] DEBUG LTCPro.ServiceLayer.Log4net - ---Executing GetUserToken() in UserService----
2023-10-05 06:22:12,831 [51] DEBUG LTCPro.ServiceLayer.Log4net - ---Executing GetOrdersData() in OrdersController----
2023-10-05 06:22:12,832 [51] DEBUG LTCPro.ServiceLayer.Log4net - ---Executing GetOrdersData() in OrdersService----
2023-10-05 06:22:12,912 [42] DEBUG LTCPro.ServiceLayer.Log4net - ---Executed Successfully GetNurseNotes() in OrdersController----
2023-10-05 06:22:14,381 [51] DEBUG LTCPro.ServiceLayer.Log4net - ---Executed Successfully GetOrdersData() in OrdersController----
2023-10-05 06:22:14,610 [46] DEBUG LTCPro.ServiceLayer.Log4net - ---Executing GetUserToken() in UserService----
2023-10-05 06:22:14,611 [51] DEBUG LTCPro.ServiceLayer.Log4net - ---Executing GetUserToken() in UserService----
2023-10-05 06:22:14,612 [45] DEBUG LTCPro.ServiceLayer.Log4net - ---Executing GetUserToken() in UserService----
2023-10-05 06:22:14,707 [42] DEBUG LTCPro.ServiceLayer.Log4net - ---Executing GetUserToken() in UserService----
2023-10-05 06:22:14,828 [51] DEBUG LTCPro.ServiceLayer.Log4net - ---Executing GetOrderStockDetails() in OrdersController----
2023-10-05 06:22:14,829 [51] DEBUG LTCPro.ServiceLayer.Log4net - ---Executing GetOrderStockDetails() in OrdersService----
2023-10-05 06:22:14,829 [43] DEBUG LTCPro.ServiceLayer.Log4net - ---Executing GetUserToken() in UserService----
2023-10-05 06:22:14,832 [46] DEBUG LTCPro.ServiceLayer.Log4net - ---Executing GetPhysicianDropData() in OrdersController----
2023-10-05 06:22:14,832 [46] DEBUG LTCPro.ServiceLayer.Log4net - ---Executing GetPhysicianDropData() in OrdersService----
2023-10-05 06:22:14,832 [45] DEBUG LTCPro.ServiceLayer.Log4net - ---Executing GetFavouritesMasterData() in OrdersController----
2023-10-05 06:22:14,832 [45] DEBUG LTCPro.ServiceLayer.Log4net - ---Executing GetFavouritesMasterData() in OrdersService----
2023-10-05 06:22:15,049 [43] DEBUG LTCPro.ServiceLayer.Log4net - ---Executing GetOrderHoldData() in OrdersController----
2023-10-05 06:22:15,049 [43] DEBUG LTCPro.ServiceLayer.Log4net - ---Executing GetOrderHoldData() in OrdersService----
2023-10-05 06:22:15,052 [51] DEBUG LTCPro.ServiceLayer.Log4net - ---Executed Successfully GetOrderStockDetails() in OrdersController----
2023-10-05 06:22:15,270 [45] DEBUG LTCPro.ServiceLayer.Log4net - ---Executed Successfully GetFavouritesMasterData() in OrdersController----
2023-10-05 06:22:15,277 [46] DEBUG LTCPro.ServiceLayer.Log4net - ---Executed Successfully GetPhysicianDropData() in OrdersController----
2023-10-05 06:22:15,738 [43] DEBUG LTCPro.ServiceLayer.Log4net - ---Executed Successfully GetOrderHoldData() in OrdersController----
2023-10-05 06:23:50,078 [42] DEBUG LTCPro.ServiceLayer.Log4net - ---Executing GetUserToken() in UserService----
2023-10-05 06:23:50,299 [42] DEBUG LTCPro.ServiceLayer.Log4net - ---Executing GetOrdersData() in OrdersController----
2023-10-05 06:23:50,299 [42] DEBUG LTCPro.ServiceLayer.Log4net - ---Executing GetOrdersData() in OrdersService----
2023-10-05 06:23:51,817 [42] DEBUG LTCPro.ServiceLayer.Log4net - ---Executed Successfully GetOrdersData() in OrdersController----
2023-10-05 06:23:52,280 [44] DEBUG LTCPro.ServiceLayer.Log4net - ---Executing GetUserToken() in UserService----
2023-10-05 06:23:52,302 [45] DEBUG LTCPro.ServiceLayer.Log4net - ---Executing GetUserToken() in UserService----
2023-10-05 06:23:52,501 [44] DEBUG LTCPro.ServiceLayer.Log4net - ---Executing GetOrderStockDetails() in OrdersController----
2023-10-05 06:23:52,501 [44] DEBUG LTCPro.ServiceLayer.Log4net - ---Executing GetOrderStockDetails() in OrdersService----
2023-10-05 06:23:52,520 [45] DEBUG LTCPro.ServiceLayer.Log4net - ---Executing GetFavouritesMasterData() in OrdersController----
2023-10-05 06:23:52,520 [45] DEBUG LTCPro.ServiceLayer.Log4net - ---Executing GetFavouritesMasterData() in OrdersService----
2023-10-05 06:23:52,726 [44] DEBUG LTCPro.ServiceLayer.Log4net - ---Executed Successfully GetOrderStockDetails() in OrdersController----
2023-10-05 06:23:52,741 [45] DEBUG LTCPro.ServiceLayer.Log4net - ---Executed Successfully GetFavouritesMasterData() in OrdersController----
2023-10-05 06:23:55,210 [41] DEBUG LTCPro.ServiceLayer.Log4net - ---Executing GetUserToken() in UserService----
2023-10-05 06:23:55,427 [41] DEBUG LTCPro.ServiceLayer.Log4net - ---Executing GetPhysicianDropData() in OrdersController----
2023-10-05 06:23:55,427 [41] DEBUG LTCPro.ServiceLayer.Log4net - ---Executing GetPhysicianDropData() in OrdersService----
2023-10-05 06:23:55,864 [41] DEBUG LTCPro.ServiceLayer.Log4net - ---Executed Successfully GetPhysicianDropData() in OrdersController----
2023-10-05 06:23:58,189 [42] DEBUG LTCPro.ServiceLayer.Log4net - ---Executing GetUserToken() in UserService----
2023-10-05 06:23:58,413 [42] DEBUG LTCPro.ServiceLayer.Log4net - ---Executing GetOrderHoldData() in OrdersController----
2023-10-05 06:23:58,413 [42] DEBUG LTCPro.ServiceLayer.Log4net - ---Executing GetOrderHoldData() in OrdersService----
2023-10-05 06:23:59,078 [42] DEBUG LTCPro.ServiceLayer.Log4net - ---Executed Successfully GetOrderHoldData() in OrdersController----
2023-10-05 06:35:19,138 [28] DEBUG LTCPro.ServiceLayer.Log4net - ---Executing GetUserToken() in UserService----
2023-10-05 06:35:52,246 [24] DEBUG LTCPro.ServiceLayer.Log4net - ---Executing GetUserToken() in UserService----
2023-10-05 06:35:52,248 [13] DEBUG LTCPro.ServiceLayer.Log4net - ---Executing GetUserToken() in UserService----
2023-10-05 06:35:52,276 [23] DEBUG LTCPro.ServiceLayer.Log4net - ---Executing GetUserToken() in UserService----
2023-10-05 06:35:52,311 [26] DEBUG LTCPro.ServiceLayer.Log4net - ---Executing GetUserToken() in UserService----
2023-10-05 06:35:52,311 [7] DEBUG LTCPro.ServiceLayer.Log4net - ---Executing GetUserToken() in UserService----
2023-10-05 06:35:52,311 [16] DEBUG LTCPro.ServiceLayer.Log4net - ---Executing GetUserToken() in UserService----
2023-10-05 06:35:52,465 [24] DEBUG LTCPro.ServiceLayer.Log4net - ---Executing GetDueMARAlertData() in EmarController----
2023-10-05 06:35:52,465 [24] DEBUG LTCPro.ServiceLayer.Log4net - ---Executing GetDueMARAlertData() in EmarService----
2023-10-05 06:35:52,682 [23] DEBUG LTCPro.ServiceLayer.Log4net - ---Executing GetPendingDosesList() in CommonController----
2023-10-05 06:35:52,682 [23] DEBUG LTCPro.ServiceLayer.Log4net - ---Executing GetPendingDosesList() in CommonService----
2023-10-05 06:35:52,899 [26] DEBUG LTCPro.ServiceLayer.Log4net - ---Executing GetUserRecentFacNs() in UserController----
2023-10-05 06:35:52,899 [26] DEBUG LTCPro.ServiceLayer.Log4net - ---Executing GetUserRecentFacNs() in UserService----
2023-10-05 06:35:53,117 [16] DEBUG LTCPro.ServiceLayer.Log4net - ---Executing GetAlertsDetails() in MailboxController----
2023-10-05 06:35:53,117 [16] DEBUG LTCPro.ServiceLayer.Log4net - ---Executing GetAlertsDetails() in MailboxService----
2023-10-05 06:35:53,474 [24] DEBUG LTCPro.ServiceLayer.Log4net - ---Executed Successfully GetDueMARAlertData() in EmarController----
2023-10-05 06:35:53,495 [28] DEBUG LTCPro.ServiceLayer.Log4net - ---Executing GetUserToken() in UserService----
2023-10-05 06:35:53,600 [13] DEBUG LTCPro.ServiceLayer.Log4net - ---Executing GetOutboundErrorDetails() in CommonController----
2023-10-05 06:35:53,600 [13] DEBUG LTCPro.ServiceLayer.Log4net - ---Executing GetOutboundErrorDetails() in CommonService----
2023-10-05 06:35:53,693 [7] DEBUG LTCPro.ServiceLayer.Log4net - ---Executing GetUserRecentFacNs() in UserController----
2023-10-05 06:35:53,693 [7] DEBUG LTCPro.ServiceLayer.Log4net - ---Executing GetUserRecentFacNs() in UserService----
2023-10-05 06:35:54,005 [23] DEBUG LTCPro.ServiceLayer.Log4net - ---Executed Successfully GetPendingDosesList() in CommonController----
2023-10-05 06:35:54,024 [24] DEBUG LTCPro.ServiceLayer.Log4net - ---Executing GetUserToken() in UserService----
2023-10-05 06:35:54,133 [28] DEBUG LTCPro.ServiceLayer.Log4net - ---Executing GetReadMailsCount() in MailboxController----
2023-10-05 06:35:54,133 [28] DEBUG LTCPro.ServiceLayer.Log4net - ---Executing GetReadMailsCount() in MailboxService----
2023-10-05 06:35:54,536 [13] DEBUG LTCPro.ServiceLayer.Log4net - ---Executed Successfully GetOutboundErrorDetails() in CommonController----
2023-10-05 06:35:54,576 [26] DEBUG LTCPro.ServiceLayer.Log4net - ---Executed Successfully GetUserRecentFacNs() in UserController----
2023-10-05 06:35:54,610 [13] DEBUG LTCPro.ServiceLayer.Log4net - ---Executing GetUserToken() in UserService----
2023-10-05 06:35:54,757 [28] DEBUG LTCPro.ServiceLayer.Log4net - ---Executed successfully GetReadMailsCount() in MailboxController----
2023-10-05 06:35:54,787 [23] DEBUG LTCPro.ServiceLayer.Log4net - ---Executing GetUserToken() in UserService----
2023-10-05 06:35:54,804 [7] DEBUG LTCPro.ServiceLayer.Log4net - ---Executed Successfully GetUserRecentFacNs() in UserController----
2023-10-05 06:35:54,822 [16] DEBUG LTCPro.ServiceLayer.Log4net - ---Executed successfully GetAlertsDetails() in MailboxController----
2023-10-05 06:35:54,858 [10] DEBUG LTCPro.ServiceLayer.Log4net - ---Executing GetUserToken() in UserService----
2023-10-05 06:35:54,974 [13] DEBUG LTCPro.ServiceLayer.Log4net - ---Executing InsertUserActivityDetails() in CompanyController----
2023-10-05 06:35:54,974 [13] DEBUG LTCPro.ServiceLayer.Log4net - ---Executing InsertUserActivityDetails() in UserActivityService----
2023-10-05 06:35:55,022 [23] DEBUG LTCPro.ServiceLayer.Log4net - ---Executing OrderEndingSoonStatus() in OrdersController----
2023-10-05 06:35:55,022 [23] DEBUG LTCPro.ServiceLayer.Log4net - ---Executing OrderEndingSoonStatus() in OrdersService----
2023-10-05 06:35:55,079 [10] DEBUG LTCPro.ServiceLayer.Log4net - ---Executing GetUserAccessFacilityNurseStaions() in FacilityController----
2023-10-05 06:35:55,079 [10] DEBUG LTCPro.ServiceLayer.Log4net - ---Executing GetUserAccessFacilityNurseStaions() in FacilityService----
2023-10-05 06:35:55,362 [23] DEBUG LTCPro.ServiceLayer.Log4net - ---Executed Successfully OrderEndingSoonStatus() in OrdersController----
2023-10-05 06:35:55,374 [23] DEBUG LTCPro.ServiceLayer.Log4net - ---Executing GetUserToken() in UserService----
2023-10-05 06:35:55,567 [10] DEBUG LTCPro.ServiceLayer.Log4net - ---Executed Successfully GetUserAccessFacilityNurseStaions() in FacilityController----
2023-10-05 06:35:55,593 [23] DEBUG LTCPro.ServiceLayer.Log4net - ---Executing GetUserAccessFacilityNurseStaions() in FacilityController----
2023-10-05 06:35:55,593 [23] DEBUG LTCPro.ServiceLayer.Log4net - ---Executing GetUserAccessFacilityNurseStaions() in FacilityService----
2023-10-05 06:35:55,632 [13] DEBUG LTCPro.ServiceLayer.Log4net - ---Executed Successfully InsertUserActivityDetails() in CompanyController----
2023-10-05 06:35:55,854 [24] DEBUG LTCPro.ServiceLayer.Log4net - ---Executing GetUserPassedDueFlag() in UserController----
2023-10-05 06:35:55,854 [24] DEBUG LTCPro.ServiceLayer.Log4net - ---Executing GetUserPassedDueFlag() in UserService----
2023-10-05 06:35:56,035 [23] DEBUG LTCPro.ServiceLayer.Log4net - ---Executed Successfully GetUserAccessFacilityNurseStaions() in FacilityController----
2023-10-05 06:35:56,072 [24] DEBUG LTCPro.ServiceLayer.Log4net - ---Executed Successfully GetUserPassedDueFlag() in UserController----
2023-10-05 06:35:56,081 [13] DEBUG LTCPro.ServiceLayer.Log4net - ---Executing GetUserToken() in UserService----
2023-10-05 06:35:56,297 [13] DEBUG LTCPro.ServiceLayer.Log4net - ---Executing UserNurseStationDrop() in FacilityController----
2023-10-05 06:35:56,297 [13] DEBUG LTCPro.ServiceLayer.Log4net - ---Executing UserNurseStationDrop() in FacilityService----
2023-10-05 06:35:56,539 [13] DEBUG LTCPro.ServiceLayer.Log4net - ---Executed Successfully UserNurseStationDrop() in FacilityController----
2023-10-05 06:35:56,721 [13] DEBUG LTCPro.ServiceLayer.Log4net - ---Executing GetUserToken() in UserService----
2023-10-05 06:35:56,730 [23] DEBUG LTCPro.ServiceLayer.Log4net - ---Executing GetUserToken() in UserService----
2023-10-05 06:35:56,740 [24] DEBUG LTCPro.ServiceLayer.Log4net - ---Executing GetUserToken() in UserService----
2023-10-05 06:35:56,907 [10] DEBUG LTCPro.ServiceLayer.Log4net - ---Executing GetUserToken() in UserService----
2023-10-05 06:35:57,228 [13] DEBUG LTCPro.ServiceLayer.Log4net - ---Executing GetCompanyToBedFlagByFacId() in FacilityController----
2023-10-05 06:35:57,228 [13] DEBUG LTCPro.ServiceLayer.Log4net - ---Executing GetCompanyToBedFlagByFacId() in FacilityService----
2023-10-05 06:35:57,228 [24] DEBUG LTCPro.ServiceLayer.Log4net - ---Executing GetPRNDetailsByfilter() in EMARController----
2023-10-05 06:35:57,228 [24] DEBUG LTCPro.ServiceLayer.Log4net - ---Executing GetPRNDetailsByfilter() in EmarService----
2023-10-05 06:35:57,231 [23] DEBUG LTCPro.ServiceLayer.Log4net - ---Executing GetSeventyTwoHourDetailsByfilter() in EMARController----
2023-10-05 06:35:57,231 [23] DEBUG LTCPro.ServiceLayer.Log4net - ---Executing GetSeventyTwoHourDetailsByfilter() in EmarService----
2023-10-05 06:35:57,271 [10] DEBUG LTCPro.ServiceLayer.Log4net - ---Executing OrderEndingSoonStatus() in OrdersController----
2023-10-05 06:35:57,271 [10] DEBUG LTCPro.ServiceLayer.Log4net - ---Executing OrderEndingSoonStatus() in OrdersService----
2023-10-05 06:35:57,624 [10] DEBUG LTCPro.ServiceLayer.Log4net - ---Executed Successfully OrderEndingSoonStatus() in OrdersController----
2023-10-05 06:35:57,695 [28] DEBUG LTCPro.ServiceLayer.Log4net - ---Executing GetUserToken() in UserService----
2023-10-05 06:35:57,831 [5] DEBUG LTCPro.ServiceLayer.Log4net - ---Executing GetUserToken() in UserService----
2023-10-05 06:35:57,913 [28] DEBUG LTCPro.ServiceLayer.Log4net - ---Executing GetOrdersGridData() in OrdersController----
2023-10-05 06:35:57,913 [28] DEBUG LTCPro.ServiceLayer.Log4net - ---Executing GetOrdersGridData() in OrdersService----
2023-10-05 06:35:58,547 [13] DEBUG LTCPro.ServiceLayer.Log4net - ---Executed Successfully GetCompanyToBedFlagByFacId() in FacilityController----
2023-10-05 06:35:58,588 [7] DEBUG LTCPro.ServiceLayer.Log4net - ---Executing GetUserToken() in UserService----
2023-10-05 06:35:58,812 [7] DEBUG LTCPro.ServiceLayer.Log4net - ---Executing GetNurseStationHierarchyDetailsbyNsId() in CompanyController----
2023-10-05 06:35:58,813 [7] DEBUG LTCPro.ServiceLayer.Log4net - ---Executing GetNurseStationHierarchyDetailsbyNsId() in CompanyService----
2023-10-05 06:35:58,950 [5] DEBUG LTCPro.ServiceLayer.Log4net - ---Executing GetOrdersEndingSoon() in OrdersController----
2023-10-05 06:35:58,950 [5] DEBUG LTCPro.ServiceLayer.Log4net - ---Executing GetOrdersEndingSoon() in OrdersService----
2023-10-05 06:35:59,038 [7] DEBUG LTCPro.ServiceLayer.Log4net - ---Executed Successfully GetNurseStationHierarchyDetailsbyNsId() in CompanyController----
2023-10-05 06:35:59,044 [23] DEBUG LTCPro.ServiceLayer.Log4net - ---Executed Successfully GetSeventyTwoHourDetailsByfilter() in EMARController----
2023-10-05 06:35:59,469 [5] DEBUG LTCPro.ServiceLayer.Log4net - ---Executed Successfully GetOrdersEndingSoon() in OrdersController----
2023-10-05 06:35:59,496 [24] DEBUG LTCPro.ServiceLayer.Log4net - ---Executed Successfully GetPRNDetailsByfilter() in EMARController----
2023-10-05 06:35:59,594 [28] DEBUG LTCPro.ServiceLayer.Log4net - ---Executed Successfully GetOrdersGridData() in OrdersController----
2023-10-05 06:35:59,835 [28] DEBUG LTCPro.ServiceLayer.Log4net - ---Executing GetUserToken() in UserService----
2023-10-05 06:36:00,057 [28] DEBUG LTCPro.ServiceLayer.Log4net - ---Executing GetPendingOrdersGridData() in OrdersController----
2023-10-05 06:36:00,057 [28] DEBUG LTCPro.ServiceLayer.Log4net - ---Executing GetPendingOrdersGridData() in OrdersService----
2023-10-05 06:36:01,516 [28] DEBUG LTCPro.ServiceLayer.Log4net - ---Executed Successfully GetPendingOrdersGridData() in OrdersController----
2023-10-05 06:36:02,968 [28] DEBUG LTCPro.ServiceLayer.Log4net - ---Executing GetUserToken() in UserService----
2023-10-05 06:36:03,195 [28] DEBUG LTCPro.ServiceLayer.Log4net - ---Executing GetOrdersGridDataByPatientId() in OrdersController----
2023-10-05 06:36:03,195 [28] DEBUG LTCPro.ServiceLayer.Log4net - ---Executing GetOrdersGridDataByPatientId() in OrdersService----
2023-10-05 06:36:04,650 [28] DEBUG LTCPro.ServiceLayer.Log4net - ---Executed Successfully GetOrdersGridDataByPatientId() in OrdersController----
2023-10-05 06:36:08,371 [28] DEBUG LTCPro.ServiceLayer.Log4net - ---Executing GetUserToken() in UserService----
2023-10-05 06:36:08,592 [28] DEBUG LTCPro.ServiceLayer.Log4net - ---Executing GetOrdersGridDataByPatientId() in OrdersController----
2023-10-05 06:36:08,592 [28] DEBUG LTCPro.ServiceLayer.Log4net - ---Executing GetOrdersGridDataByPatientId() in OrdersService----
2023-10-05 06:36:10,043 [28] DEBUG LTCPro.ServiceLayer.Log4net - ---Executed Successfully GetOrdersGridDataByPatientId() in OrdersController----
2023-10-05 06:36:13,213 [16] DEBUG LTCPro.ServiceLayer.Log4net - ---Executing GetUserToken() in UserService----
2023-10-05 06:36:13,394 [5] DEBUG LTCPro.ServiceLayer.Log4net - ---Executing GetUserToken() in UserService----
2023-10-05 06:36:13,433 [16] DEBUG LTCPro.ServiceLayer.Log4net - ---Executing GetFacilityNSResidentsDataByPId() in ResidentDemographicController----
2023-10-05 06:36:13,433 [16] DEBUG LTCPro.ServiceLayer.Log4net - ---Executing GetFacilityNSResidentsDataByPId() in ResidentDemographicService----
2023-10-05 06:36:13,615 [5] DEBUG LTCPro.ServiceLayer.Log4net - ---Executing GetNurseNotes() in OrdersController----
2023-10-05 06:36:13,615 [5] DEBUG LTCPro.ServiceLayer.Log4net - ---Executing GetNurseNotes() in OrdersService----
2023-10-05 06:36:14,770 [5] DEBUG LTCPro.ServiceLayer.Log4net - ---Executed Successfully GetNurseNotes() in OrdersController----
2023-10-05 06:36:14,978 [16] DEBUG LTCPro.ServiceLayer.Log4net - ---Executed Successfully GetFacilityNSResidentsDataByPId() in ResidentDemographicController----
2023-10-05 06:36:15,060 [23] DEBUG LTCPro.ServiceLayer.Log4net - ---Executing GetUserToken() in UserService----
2023-10-05 06:36:15,071 [10] DEBUG LTCPro.ServiceLayer.Log4net - ---Executing GetUserToken() in UserService----
2023-10-05 06:36:15,085 [7] DEBUG LTCPro.ServiceLayer.Log4net - ---Executing GetUserToken() in UserService----
2023-10-05 06:36:15,255 [13] DEBUG LTCPro.ServiceLayer.Log4net - ---Executing GetUserToken() in UserService----
2023-10-05 06:36:15,256 [24] DEBUG LTCPro.ServiceLayer.Log4net - ---Executing GetUserToken() in UserService----
2023-10-05 06:36:15,282 [23] DEBUG LTCPro.ServiceLayer.Log4net - ---Executing GetDrFirstFlagForCompanyByNSId() in CompanyController----
2023-10-05 06:36:15,282 [23] DEBUG LTCPro.ServiceLayer.Log4net - ---Executing GetDrFirstFlagForCompanyByNSId() in CompanyService----
2023-10-05 06:36:15,292 [10] DEBUG LTCPro.ServiceLayer.Log4net - ---Executing GetResidentInformation() in ResidentDemographicController----
2023-10-05 06:36:15,292 [10] DEBUG LTCPro.ServiceLayer.Log4net - ---Executing GetResidentInformation() in ResidentDemographicService----
2023-10-05 06:36:15,301 [7] DEBUG LTCPro.ServiceLayer.Log4net - ---Executing GetAllBarcodes() in StockEkitController----
2023-10-05 06:36:15,301 [7] DEBUG LTCPro.ServiceLayer.Log4net - ---Executing GetAllBarcodes() in StockEkitService----
2023-10-05 06:36:15,478 [24] DEBUG LTCPro.ServiceLayer.Log4net - ---Executing GetOrderRoutes() in OrdersController----
2023-10-05 06:36:15,478 [24] DEBUG LTCPro.ServiceLayer.Log4net - ---Executing GetOrderRoutes() in OrdersService----
2023-10-05 06:36:15,478 [13] DEBUG LTCPro.ServiceLayer.Log4net - ---Executing GetPhysicianDropData() in OrdersController----
2023-10-05 06:36:15,478 [13] DEBUG LTCPro.ServiceLayer.Log4net - ---Executing GetPhysicianDropData() in OrdersService----
2023-10-05 06:36:15,512 [23] DEBUG LTCPro.ServiceLayer.Log4net - ---Executed Successfully GetDrFirstFlagForCompanyByNSId() in CompanyController----
2023-10-05 06:36:15,695 [24] DEBUG LTCPro.ServiceLayer.Log4net - ---Executed Successfully GetOrderRoutes() in OrdersController----
2023-10-05 06:36:15,915 [13] DEBUG LTCPro.ServiceLayer.Log4net - ---Executed Successfully GetPhysicianDropData() in OrdersController----
2023-10-05 06:36:19,126 [10] DEBUG LTCPro.ServiceLayer.Log4net - ---Executed Successfully GetResidentInformation() in ResidentDemographicController----
2023-10-05 06:36:19,210 [10] DEBUG LTCPro.ServiceLayer.Log4net - ---Executing GetUserToken() in UserService----
2023-10-05 06:36:19,236 [28] DEBUG LTCPro.ServiceLayer.Log4net - ---Executing GetUserToken() in UserService----
2023-10-05 06:36:19,241 [13] DEBUG LTCPro.ServiceLayer.Log4net - ---Executing GetUserToken() in UserService----
2023-10-05 06:36:19,440 [10] DEBUG LTCPro.ServiceLayer.Log4net - ---Executing GetWeightList(Patient_Id) in AssessmentController----
2023-10-05 06:36:19,440 [10] DEBUG LTCPro.ServiceLayer.Log4net - ---Executing GetWeightList() in AssessmentService----
2023-10-05 06:36:19,453 [28] DEBUG LTCPro.ServiceLayer.Log4net - ---Executing GetPatientType() in ResidentDemographicController----
2023-10-05 06:36:19,453 [28] DEBUG LTCPro.ServiceLayer.Log4net - ---Executing GetPatientType() in EmarService----
2023-10-05 06:36:19,457 [13] DEBUG LTCPro.ServiceLayer.Log4net - ---Executing GetDrFirstOrderCheck() in DrFirstIntegrationController----
2023-10-05 06:36:19,457 [13] DEBUG LTCPro.ServiceLayer.Log4net - ---Executing GetDrFirstOrderCheck() in DrFirstIntegrationService----
2023-10-05 06:36:19,487 [6] DEBUG LTCPro.ServiceLayer.Log4net - ---Executing GetUserToken() in UserService----
2023-10-05 06:36:19,670 [28] DEBUG LTCPro.ServiceLayer.Log4net - ---Executed Successfully GetPatientType() in ResidentDemographicController----
2023-10-05 06:36:19,674 [13] DEBUG LTCPro.ServiceLayer.Log4net - ---Executed Successfully GetDrFirstOrderCheck() in DrFirstIntegrationController----
2023-10-05 06:36:19,705 [6] DEBUG LTCPro.ServiceLayer.Log4net - ---Executing GetOrderGridData() in OrdersController----
2023-10-05 06:36:19,705 [6] DEBUG LTCPro.ServiceLayer.Log4net - ---Executing GetOrderGridData() in OrdersService----
2023-10-05 06:36:19,899 [28] DEBUG LTCPro.ServiceLayer.Log4net - ---Executing GetUserToken() in UserService----
2023-10-05 06:36:20,119 [28] DEBUG LTCPro.ServiceLayer.Log4net - ---Executing GetDiagnosisDetails() in OrdersController----
2023-10-05 06:36:20,119 [28] DEBUG LTCPro.ServiceLayer.Log4net - ---Executing GetDiagnosisDetails() in OrdersService----
2023-10-05 06:36:20,127 [6] DEBUG LTCPro.ServiceLayer.Log4net - ---Executed Successfully GetOrderGridData() in OrdersController----
2023-10-05 06:36:20,348 [13] DEBUG LTCPro.ServiceLayer.Log4net - ---Executing GetUserToken() in UserService----
2023-10-05 06:36:20,568 [13] DEBUG LTCPro.ServiceLayer.Log4net - ---Executing GetOrderGridData() in OrdersController----
2023-10-05 06:36:20,568 [13] DEBUG LTCPro.ServiceLayer.Log4net - ---Executing GetOrderGridData() in OrdersService----
2023-10-05 06:36:20,771 [28] DEBUG LTCPro.ServiceLayer.Log4net - ---Executed Successfully GetDiagnosisDetails() in OrdersController----
2023-10-05 06:36:20,978 [10] DEBUG LTCPro.ServiceLayer.Log4net - ---Executed Successfully GetWeightList(Patient_Id) in AssessmentController----
2023-10-05 06:36:20,985 [13] DEBUG LTCPro.ServiceLayer.Log4net - ---Executed Successfully GetOrderGridData() in OrdersController----
2023-10-05 06:36:20,997 [10] DEBUG LTCPro.ServiceLayer.Log4net - ---Executing GetUserToken() in UserService----
2023-10-05 06:36:21,009 [28] DEBUG LTCPro.ServiceLayer.Log4net - ---Executing GetUserToken() in UserService----
2023-10-05 06:36:21,218 [10] DEBUG LTCPro.ServiceLayer.Log4net - ---Executing GetAllBarcodes() in StockEkitController----
2023-10-05 06:36:21,218 [10] DEBUG LTCPro.ServiceLayer.Log4net - ---Executing GetAllBarcodes() in StockEkitService----
2023-10-05 06:36:21,239 [28] DEBUG LTCPro.ServiceLayer.Log4net - ---Executing GetOrdersData() in OrdersController----
2023-10-05 06:36:21,239 [28] DEBUG LTCPro.ServiceLayer.Log4net - ---Executing GetOrdersData() in OrdersService----
2023-10-05 06:36:22,483 [28] DEBUG LTCPro.ServiceLayer.Log4net - ---Executed Successfully GetOrdersData() in OrdersController----
2023-10-05 06:36:22,773 [28] DEBUG LTCPro.ServiceLayer.Log4net - ---Executing GetUserToken() in UserService----
2023-10-05 06:36:22,773 [13] DEBUG LTCPro.ServiceLayer.Log4net - ---Executing GetUserToken() in UserService----
2023-10-05 06:36:22,991 [13] DEBUG LTCPro.ServiceLayer.Log4net - ---Executing GetFavouritesMasterData() in OrdersController----
2023-10-05 06:36:22,991 [13] DEBUG LTCPro.ServiceLayer.Log4net - ---Executing GetFavouritesMasterData() in OrdersService----
2023-10-05 06:36:22,991 [28] DEBUG LTCPro.ServiceLayer.Log4net - ---Executing GetOrderStockDetails() in OrdersController----
2023-10-05 06:36:22,991 [28] DEBUG LTCPro.ServiceLayer.Log4net - ---Executing GetOrderStockDetails() in OrdersService----
2023-10-05 06:36:23,214 [13] DEBUG LTCPro.ServiceLayer.Log4net - ---Executed Successfully GetFavouritesMasterData() in OrdersController----
2023-10-05 06:36:23,217 [28] DEBUG LTCPro.ServiceLayer.Log4net - ---Executed Successfully GetOrderStockDetails() in OrdersController----
2023-10-05 06:36:23,464 [13] DEBUG LTCPro.ServiceLayer.Log4net - ---Executing GetUserToken() in UserService----
2023-10-05 06:36:23,475 [28] DEBUG LTCPro.ServiceLayer.Log4net - ---Executing GetUserToken() in UserService----
2023-10-05 06:36:23,497 [16] DEBUG LTCPro.ServiceLayer.Log4net - ---Executing GetUserToken() in UserService----
2023-10-05 06:36:23,683 [13] DEBUG LTCPro.ServiceLayer.Log4net - ---Executing GetPhysicianDropData() in OrdersController----
2023-10-05 06:36:23,683 [13] DEBUG LTCPro.ServiceLayer.Log4net - ---Executing GetPhysicianDropData() in OrdersService----
2023-10-05 06:36:23,693 [28] DEBUG LTCPro.ServiceLayer.Log4net - ---Executing GetOrderHoldData() in OrdersController----
2023-10-05 06:36:23,693 [28] DEBUG LTCPro.ServiceLayer.Log4net - ---Executing GetOrderHoldData() in OrdersService----
2023-10-05 06:36:23,715 [16] DEBUG LTCPro.ServiceLayer.Log4net - ---Executing GetNurseNotes() in OrdersController----
2023-10-05 06:36:23,715 [16] DEBUG LTCPro.ServiceLayer.Log4net - ---Executing GetNurseNotes() in OrdersService----
2023-10-05 06:36:24,122 [13] DEBUG LTCPro.ServiceLayer.Log4net - ---Executed Successfully GetPhysicianDropData() in OrdersController----
2023-10-05 06:36:24,347 [28] DEBUG LTCPro.ServiceLayer.Log4net - ---Executed Successfully GetOrderHoldData() in OrdersController----
2023-10-05 06:36:24,855 [16] DEBUG LTCPro.ServiceLayer.Log4net - ---Executed Successfully GetNurseNotes() in OrdersController----
2023-10-05 06:36:26,062 [28] DEBUG LTCPro.ServiceLayer.Log4net - ---Executing GetUserToken() in UserService----
2023-10-05 06:36:26,282 [28] DEBUG LTCPro.ServiceLayer.Log4net - ---Executing GetOrdersData() in OrdersController----
2023-10-05 06:36:26,282 [28] DEBUG LTCPro.ServiceLayer.Log4net - ---Executing GetOrdersData() in OrdersService----
2023-10-05 06:36:27,299 [28] DEBUG LTCPro.ServiceLayer.Log4net - ---Executed Successfully GetOrdersData() in OrdersController----
2023-10-05 06:36:27,706 [16] DEBUG LTCPro.ServiceLayer.Log4net - ---Executing GetUserToken() in UserService----
2023-10-05 06:36:27,714 [13] DEBUG LTCPro.ServiceLayer.Log4net - ---Executing GetUserToken() in UserService----
2023-10-05 06:36:27,738 [5] DEBUG LTCPro.ServiceLayer.Log4net - ---Executing GetUserToken() in UserService----
2023-10-05 06:36:27,768 [28] DEBUG LTCPro.ServiceLayer.Log4net - ---Executing GetUserToken() in UserService----
2023-10-05 06:36:27,944 [16] DEBUG LTCPro.ServiceLayer.Log4net - ---Executing GetPhysicianDropData() in OrdersController----
2023-10-05 06:36:27,944 [16] DEBUG LTCPro.ServiceLayer.Log4net - ---Executing GetPhysicianDropData() in OrdersService----
2023-10-05 06:36:27,945 [13] DEBUG LTCPro.ServiceLayer.Log4net - ---Executing GetNurseNotes() in OrdersController----
2023-10-05 06:36:27,945 [13] DEBUG LTCPro.ServiceLayer.Log4net - ---Executing GetNurseNotes() in OrdersService----
2023-10-05 06:36:28,013 [5] DEBUG LTCPro.ServiceLayer.Log4net - ---Executing GetOrderStockDetails() in OrdersController----
2023-10-05 06:36:28,013 [5] DEBUG LTCPro.ServiceLayer.Log4net - ---Executing GetOrderStockDetails() in OrdersService----
2023-10-05 06:36:28,516 [5] DEBUG LTCPro.ServiceLayer.Log4net - ---Executed Successfully GetOrderStockDetails() in OrdersController----
2023-10-05 06:36:29,290 [16] DEBUG LTCPro.ServiceLayer.Log4net - ---Executed Successfully GetPhysicianDropData() in OrdersController----
2023-10-05 06:36:29,562 [28] DEBUG LTCPro.ServiceLayer.Log4net - ---Executing GetFavouritesMasterData() in OrdersController----
2023-10-05 06:36:29,562 [28] DEBUG LTCPro.ServiceLayer.Log4net - ---Executing GetFavouritesMasterData() in OrdersService----
2023-10-05 06:36:29,814 [13] DEBUG LTCPro.ServiceLayer.Log4net - ---Executed Successfully GetNurseNotes() in OrdersController----
2023-10-05 06:36:29,816 [28] DEBUG LTCPro.ServiceLayer.Log4net - ---Executed Successfully GetFavouritesMasterData() in OrdersController----
2023-10-05 06:36:30,616 [28] DEBUG LTCPro.ServiceLayer.Log4net - ---Executing GetUserToken() in UserService----
2023-10-05 06:36:30,901 [28] DEBUG LTCPro.ServiceLayer.Log4net - ---Executing GetOrdersData() in OrdersController----
2023-10-05 06:36:30,901 [28] DEBUG LTCPro.ServiceLayer.Log4net - ---Executing GetOrdersData() in OrdersService----
2023-10-05 06:36:33,676 [28] DEBUG LTCPro.ServiceLayer.Log4net - ---Executed Successfully GetOrdersData() in OrdersController----
2023-10-05 06:36:34,136 [28] DEBUG LTCPro.ServiceLayer.Log4net - ---Executing GetUserToken() in UserService----
2023-10-05 06:36:34,140 [5] DEBUG LTCPro.ServiceLayer.Log4net - ---Executing GetUserToken() in UserService----
2023-10-05 06:36:34,142 [16] DEBUG LTCPro.ServiceLayer.Log4net - ---Executing GetUserToken() in UserService----
2023-10-05 06:36:34,267 [24] DEBUG LTCPro.ServiceLayer.Log4net - ---Executing GetUserToken() in UserService----
2023-10-05 06:36:34,359 [5] DEBUG LTCPro.ServiceLayer.Log4net - ---Executing GetFavouritesMasterData() in OrdersController----
2023-10-05 06:36:34,359 [5] DEBUG LTCPro.ServiceLayer.Log4net - ---Executing GetFavouritesMasterData() in OrdersService----
2023-10-05 06:36:34,359 [28] DEBUG LTCPro.ServiceLayer.Log4net - ---Executing GetOrderStockDetails() in OrdersController----
2023-10-05 06:36:34,359 [28] DEBUG LTCPro.ServiceLayer.Log4net - ---Executing GetOrderStockDetails() in OrdersService----
2023-10-05 06:36:34,361 [16] DEBUG LTCPro.ServiceLayer.Log4net - ---Executing GetPhysicianDropData() in OrdersController----
2023-10-05 06:36:34,361 [16] DEBUG LTCPro.ServiceLayer.Log4net - ---Executing GetPhysicianDropData() in OrdersService----
2023-10-05 06:36:34,486 [24] DEBUG LTCPro.ServiceLayer.Log4net - ---Executing GetNurseNotes() in OrdersController----
2023-10-05 06:36:34,486 [24] DEBUG LTCPro.ServiceLayer.Log4net - ---Executing GetNurseNotes() in OrdersService----
2023-10-05 06:36:34,612 [5] DEBUG LTCPro.ServiceLayer.Log4net - ---Executed Successfully GetFavouritesMasterData() in OrdersController----
2023-10-05 06:36:34,645 [28] DEBUG LTCPro.ServiceLayer.Log4net - ---Executed Successfully GetOrderStockDetails() in OrdersController----
2023-10-05 06:36:34,862 [16] DEBUG LTCPro.ServiceLayer.Log4net - ---Executed Successfully GetPhysicianDropData() in OrdersController----
2023-10-05 06:36:35,622 [24] DEBUG LTCPro.ServiceLayer.Log4net - ---Executed Successfully GetNurseNotes() in OrdersController----
2023-10-05 06:36:36,408 [24] DEBUG LTCPro.ServiceLayer.Log4net - ---Executing GetUserToken() in UserService----
2023-10-05 06:36:36,630 [24] DEBUG LTCPro.ServiceLayer.Log4net - ---Executing GetOrdersData() in OrdersController----
2023-10-05 06:36:36,630 [24] DEBUG LTCPro.ServiceLayer.Log4net - ---Executing GetOrdersData() in OrdersService----
2023-10-05 06:36:37,497 [24] DEBUG LTCPro.ServiceLayer.Log4net - ---Executed Successfully GetOrdersData() in OrdersController----
2023-10-05 06:36:37,970 [13] DEBUG LTCPro.ServiceLayer.Log4net - ---Executing GetUserToken() in UserService----
2023-10-05 06:36:38,010 [24] DEBUG LTCPro.ServiceLayer.Log4net - ---Executing GetUserToken() in UserService----
2023-10-05 06:36:38,028 [26] DEBUG LTCPro.ServiceLayer.Log4net - ---Executing GetUserToken() in UserService----
2023-10-05 06:36:38,038 [5] DEBUG LTCPro.ServiceLayer.Log4net - ---Executing GetUserToken() in UserService----
2023-10-05 06:36:38,203 [13] DEBUG LTCPro.ServiceLayer.Log4net - ---Executing GetFavouritesMasterData() in OrdersController----
2023-10-05 06:36:38,204 [13] DEBUG LTCPro.ServiceLayer.Log4net - ---Executing GetFavouritesMasterData() in OrdersService----
2023-10-05 06:36:38,238 [24] DEBUG LTCPro.ServiceLayer.Log4net - ---Executing GetNurseNotes() in OrdersController----
2023-10-05 06:36:38,238 [24] DEBUG LTCPro.ServiceLayer.Log4net - ---Executing GetNurseNotes() in OrdersService----
2023-10-05 06:36:38,255 [26] DEBUG LTCPro.ServiceLayer.Log4net - ---Executing GetPhysicianDropData() in OrdersController----
2023-10-05 06:36:38,256 [26] DEBUG LTCPro.ServiceLayer.Log4net - ---Executing GetPhysicianDropData() in OrdersService----
2023-10-05 06:36:38,264 [5] DEBUG LTCPro.ServiceLayer.Log4net - ---Executing GetOrderHoldData() in OrdersController----
2023-10-05 06:36:38,264 [5] DEBUG LTCPro.ServiceLayer.Log4net - ---Executing GetOrderHoldData() in OrdersService----
2023-10-05 06:36:38,425 [13] DEBUG LTCPro.ServiceLayer.Log4net - ---Executed Successfully GetFavouritesMasterData() in OrdersController----
2023-10-05 06:36:38,649 [13] DEBUG LTCPro.ServiceLayer.Log4net - ---Executing GetUserToken() in UserService----
2023-10-05 06:36:38,971 [26] DEBUG LTCPro.ServiceLayer.Log4net - ---Executed Successfully GetPhysicianDropData() in OrdersController----
2023-10-05 06:36:39,239 [13] DEBUG LTCPro.ServiceLayer.Log4net - ---Executing GetOrderStockDetails() in OrdersController----
2023-10-05 06:36:39,239 [13] DEBUG LTCPro.ServiceLayer.Log4net - ---Executing GetOrderStockDetails() in OrdersService----
2023-10-05 06:36:39,250 [5] DEBUG LTCPro.ServiceLayer.Log4net - ---Executed Successfully GetOrderHoldData() in OrdersController----
2023-10-05 06:36:39,464 [13] DEBUG LTCPro.ServiceLayer.Log4net - ---Executed Successfully GetOrderStockDetails() in OrdersController----
2023-10-05 06:36:39,985 [24] DEBUG LTCPro.ServiceLayer.Log4net - ---Executed Successfully GetNurseNotes() in OrdersController----
2023-10-05 06:36:51,274 [7] DEBUG LTCPro.ServiceLayer.Log4net - ---Executed Successfully GetAllBarcodes() in StockEkitController----
2023-10-05 06:36:53,459 [7] DEBUG LTCPro.ServiceLayer.Log4net - ---Executing GetUserToken() in UserService----
2023-10-05 06:36:53,523 [5] DEBUG LTCPro.ServiceLayer.Log4net - ---Executing GetUserToken() in UserService----
2023-10-05 06:36:53,680 [7] DEBUG LTCPro.ServiceLayer.Log4net - ---Executing InsertUserActivityDetails() in CompanyController----
2023-10-05 06:36:53,680 [7] DEBUG LTCPro.ServiceLayer.Log4net - ---Executing InsertUserActivityDetails() in UserActivityService----
2023-10-05 06:36:53,716 [24] DEBUG LTCPro.ServiceLayer.Log4net - ---Executing GetUserToken() in UserService----
2023-10-05 06:36:53,747 [5] DEBUG LTCPro.ServiceLayer.Log4net - ---Executing GetUserRecentFacNs() in UserController----
2023-10-05 06:36:53,747 [5] DEBUG LTCPro.ServiceLayer.Log4net - ---Executing GetUserRecentFacNs() in UserService----
2023-10-05 06:36:53,940 [24] DEBUG LTCPro.ServiceLayer.Log4net - ---Executing OrderEndingSoonStatus() in OrdersController----
2023-10-05 06:36:53,941 [24] DEBUG LTCPro.ServiceLayer.Log4net - ---Executing OrderEndingSoonStatus() in OrdersService----
2023-10-05 06:36:54,196 [5] DEBUG LTCPro.ServiceLayer.Log4net - ---Executed Successfully GetUserRecentFacNs() in UserController----
2023-10-05 06:36:54,224 [5] DEBUG LTCPro.ServiceLayer.Log4net - ---Executing GetUserToken() in UserService----
2023-10-05 06:36:54,328 [24] DEBUG LTCPro.ServiceLayer.Log4net - ---Executed Successfully OrderEndingSoonStatus() in OrdersController----
2023-10-05 06:36:54,339 [7] DEBUG LTCPro.ServiceLayer.Log4net - ---Executed Successfully InsertUserActivityDetails() in CompanyController----
2023-10-05 06:36:54,446 [5] DEBUG LTCPro.ServiceLayer.Log4net - ---Executing GetUserAccessFacilityNurseStaions() in FacilityController----
2023-10-05 06:36:54,446 [5] DEBUG LTCPro.ServiceLayer.Log4net - ---Executing GetUserAccessFacilityNurseStaions() in FacilityService----
2023-10-05 06:36:54,894 [5] DEBUG LTCPro.ServiceLayer.Log4net - ---Executed Successfully GetUserAccessFacilityNurseStaions() in FacilityController----
2023-10-05 06:36:55,738 [5] DEBUG LTCPro.ServiceLayer.Log4net - ---Executing GetUserToken() in UserService----
2023-10-05 06:36:55,956 [5] DEBUG LTCPro.ServiceLayer.Log4net - ---Executing UserNurseStationDrop() in FacilityController----
2023-10-05 06:36:55,956 [5] DEBUG LTCPro.ServiceLayer.Log4net - ---Executing UserNurseStationDrop() in FacilityService----
2023-10-05 06:36:56,174 [5] DEBUG LTCPro.ServiceLayer.Log4net - ---Executed Successfully UserNurseStationDrop() in FacilityController----
2023-10-05 06:36:56,228 [28] DEBUG LTCPro.ServiceLayer.Log4net - ---Executing GetUserToken() in UserService----
2023-10-05 06:36:56,236 [5] DEBUG LTCPro.ServiceLayer.Log4net - ---Executing GetUserToken() in UserService----
2023-10-05 06:36:56,254 [24] DEBUG LTCPro.ServiceLayer.Log4net - ---Executing GetUserToken() in UserService----
2023-10-05 06:36:56,428 [16] DEBUG LTCPro.ServiceLayer.Log4net - ---Executing GetUserToken() in UserService----
2023-10-05 06:36:56,437 [7] DEBUG LTCPro.ServiceLayer.Log4net - ---Executing GetUserToken() in UserService----
2023-10-05 06:36:56,449 [28] DEBUG LTCPro.ServiceLayer.Log4net - ---Executing GetCompanyToBedFlagByFacId() in FacilityController----
2023-10-05 06:36:56,449 [28] DEBUG LTCPro.ServiceLayer.Log4net - ---Executing GetCompanyToBedFlagByFacId() in FacilityService----
2023-10-05 06:36:56,454 [5] DEBUG LTCPro.ServiceLayer.Log4net - ---Executing GetPRNDetailsByfilter() in EMARController----
2023-10-05 06:36:56,454 [5] DEBUG LTCPro.ServiceLayer.Log4net - ---Executing GetPRNDetailsByfilter() in EmarService----
2023-10-05 06:36:56,470 [24] DEBUG LTCPro.ServiceLayer.Log4net - ---Executing GetSeventyTwoHourDetailsByfilter() in EMARController----
2023-10-05 06:36:56,470 [24] DEBUG LTCPro.ServiceLayer.Log4net - ---Executing GetSeventyTwoHourDetailsByfilter() in EmarService----
2023-10-05 06:36:56,649 [16] DEBUG LTCPro.ServiceLayer.Log4net - ---Executing OrderEndingSoonStatus() in OrdersController----
2023-10-05 06:36:56,649 [16] DEBUG LTCPro.ServiceLayer.Log4net - ---Executing OrderEndingSoonStatus() in OrdersService----
2023-10-05 06:36:56,655 [7] DEBUG LTCPro.ServiceLayer.Log4net - ---Executing GetOrdersEndingSoon() in OrdersController----
2023-10-05 06:36:56,655 [7] DEBUG LTCPro.ServiceLayer.Log4net - ---Executing GetOrdersEndingSoon() in OrdersService----
2023-10-05 06:36:57,040 [16] DEBUG LTCPro.ServiceLayer.Log4net - ---Executed Successfully OrderEndingSoonStatus() in OrdersController----
2023-10-05 06:36:57,255 [16] DEBUG LTCPro.ServiceLayer.Log4net - ---Executing GetUserToken() in UserService----
2023-10-05 06:36:57,308 [7] DEBUG LTCPro.ServiceLayer.Log4net - ---Executed Successfully GetOrdersEndingSoon() in OrdersController----
2023-10-05 06:36:57,474 [16] DEBUG LTCPro.ServiceLayer.Log4net - ---Executing GetOrdersGridData() in OrdersController----
2023-10-05 06:36:57,474 [16] DEBUG LTCPro.ServiceLayer.Log4net - ---Executing GetOrdersGridData() in OrdersService----
2023-10-05 06:36:57,713 [5] DEBUG LTCPro.ServiceLayer.Log4net - ---Executed Successfully GetPRNDetailsByfilter() in EMARController----
2023-10-05 06:36:57,785 [28] DEBUG LTCPro.ServiceLayer.Log4net - ---Executed Successfully GetCompanyToBedFlagByFacId() in FacilityController----
2023-10-05 06:36:57,824 [13] DEBUG LTCPro.ServiceLayer.Log4net - ---Executing GetUserToken() in UserService----
2023-10-05 06:36:58,041 [13] DEBUG LTCPro.ServiceLayer.Log4net - ---Executing GetNurseStationHierarchyDetailsbyNsId() in CompanyController----
2023-10-05 06:36:58,041 [13] DEBUG LTCPro.ServiceLayer.Log4net - ---Executing GetNurseStationHierarchyDetailsbyNsId() in CompanyService----
2023-10-05 06:36:58,095 [24] DEBUG LTCPro.ServiceLayer.Log4net - ---Executed Successfully GetSeventyTwoHourDetailsByfilter() in EMARController----
2023-10-05 06:36:58,132 [10] DEBUG LTCPro.ServiceLayer.Log4net - ---Executed Successfully GetAllBarcodes() in StockEkitController----
2023-10-05 06:36:58,259 [13] DEBUG LTCPro.ServiceLayer.Log4net - ---Executed Successfully GetNurseStationHierarchyDetailsbyNsId() in CompanyController----
2023-10-05 06:37:00,909 [16] DEBUG LTCPro.ServiceLayer.Log4net - ---Executed Successfully GetOrdersGridData() in OrdersController----
2023-10-05 06:37:01,169 [28] DEBUG LTCPro.ServiceLayer.Log4net - ---Executing GetUserToken() in UserService----
2023-10-05 06:37:01,643 [28] DEBUG LTCPro.ServiceLayer.Log4net - ---Executing GetPendingOrdersGridData() in OrdersController----
2023-10-05 06:37:01,643 [28] DEBUG LTCPro.ServiceLayer.Log4net - ---Executing GetPendingOrdersGridData() in OrdersService----
2023-10-05 06:37:02,598 [5] DEBUG LTCPro.ServiceLayer.Log4net - ---Executing GetUserToken() in UserService----
2023-10-05 06:37:02,818 [5] DEBUG LTCPro.ServiceLayer.Log4net - ---Executing GetOrdersGridDataByPatientId() in OrdersController----
2023-10-05 06:37:02,818 [5] DEBUG LTCPro.ServiceLayer.Log4net - ---Executing GetOrdersGridDataByPatientId() in OrdersService----
2023-10-05 06:37:03,039 [28] DEBUG LTCPro.ServiceLayer.Log4net - ---Executed Successfully GetPendingOrdersGridData() in OrdersController----
2023-10-05 06:37:04,210 [5] DEBUG LTCPro.ServiceLayer.Log4net - ---Executed Successfully GetOrdersGridDataByPatientId() in OrdersController----
2023-10-05 06:37:06,823 [35] DEBUG LTCPro.ServiceLayer.Log4net - ---Executing GetUserToken() in UserService----
2023-10-05 06:37:07,041 [35] DEBUG LTCPro.ServiceLayer.Log4net - ---Executing GetOrdersGridDataByPatientId() in OrdersController----
2023-10-05 06:37:07,041 [35] DEBUG LTCPro.ServiceLayer.Log4net - ---Executing GetOrdersGridDataByPatientId() in OrdersService----
2023-10-05 06:37:08,445 [35] DEBUG LTCPro.ServiceLayer.Log4net - ---Executed Successfully GetOrdersGridDataByPatientId() in OrdersController----
2023-10-05 06:37:12,785 [16] DEBUG LTCPro.ServiceLayer.Log4net - ---Executing GetUserToken() in UserService----
2023-10-05 06:37:13,015 [16] DEBUG LTCPro.ServiceLayer.Log4net - ---Executing GetFacilityNSResidentsDataByPId() in ResidentDemographicController----
2023-10-05 06:37:13,015 [16] DEBUG LTCPro.ServiceLayer.Log4net - ---Executing GetFacilityNSResidentsDataByPId() in ResidentDemographicService----
2023-10-05 06:37:13,030 [5] DEBUG LTCPro.ServiceLayer.Log4net - ---Executing GetUserToken() in UserService----
2023-10-05 06:37:13,078 [28] DEBUG LTCPro.ServiceLayer.Log4net - ---Executing GetUserToken() in UserService----
2023-10-05 06:37:13,279 [5] DEBUG LTCPro.ServiceLayer.Log4net - ---Executing UpdatePregnecyFeeding in ResidentDemographicController----
2023-10-05 06:37:13,291 [5] DEBUG LTCPro.ServiceLayer.Log4net - ---Executing UpdatePregnecyFeeding() in ResidentDemographic----
2023-10-05 06:37:13,296 [28] DEBUG LTCPro.ServiceLayer.Log4net - ---Executing GetNurseNotes() in OrdersController----
2023-10-05 06:37:13,297 [28] DEBUG LTCPro.ServiceLayer.Log4net - ---Executing GetNurseNotes() in OrdersService----
2023-10-05 06:37:14,473 [28] DEBUG LTCPro.ServiceLayer.Log4net - ---Executed Successfully GetNurseNotes() in OrdersController----
2023-10-05 06:37:14,570 [16] DEBUG LTCPro.ServiceLayer.Log4net - ---Executed Successfully GetFacilityNSResidentsDataByPId() in ResidentDemographicController----
2023-10-05 06:37:14,673 [35] DEBUG LTCPro.ServiceLayer.Log4net - ---Executing GetUserToken() in UserService----
2023-10-05 06:37:14,701 [28] DEBUG LTCPro.ServiceLayer.Log4net - ---Executing GetUserToken() in UserService----
2023-10-05 06:37:14,714 [21] DEBUG LTCPro.ServiceLayer.Log4net - ---Executing GetUserToken() in UserService----
2023-10-05 06:37:14,730 [5] DEBUG LTCPro.ServiceLayer.Log4net - ---Executed Successfully UpdatePregnecyFeeding in ResidentDemographicController----
2023-10-05 06:37:14,892 [35] DEBUG LTCPro.ServiceLayer.Log4net - ---Executing GetAllBarcodes() in StockEkitController----
2023-10-05 06:37:14,892 [35] DEBUG LTCPro.ServiceLayer.Log4net - ---Executing GetAllBarcodes() in StockEkitService----
2023-10-05 06:37:14,918 [16] DEBUG LTCPro.ServiceLayer.Log4net - ---Executing GetUserToken() in UserService----
2023-10-05 06:37:14,921 [24] DEBUG LTCPro.ServiceLayer.Log4net - ---Executing GetUserToken() in UserService----
2023-10-05 06:37:14,926 [28] DEBUG LTCPro.ServiceLayer.Log4net - ---Executing GetDrFirstFlagForCompanyByNSId() in CompanyController----
2023-10-05 06:37:14,926 [28] DEBUG LTCPro.ServiceLayer.Log4net - ---Executing GetDrFirstFlagForCompanyByNSId() in CompanyService----
2023-10-05 06:37:14,935 [21] DEBUG LTCPro.ServiceLayer.Log4net - ---Executing GetResidentInformation() in ResidentDemographicController----
2023-10-05 06:37:14,935 [21] DEBUG LTCPro.ServiceLayer.Log4net - ---Executing GetResidentInformation() in ResidentDemographicService----
2023-10-05 06:37:15,135 [16] DEBUG LTCPro.ServiceLayer.Log4net - ---Executing GetOrderRoutes() in OrdersController----
2023-10-05 06:37:15,136 [16] DEBUG LTCPro.ServiceLayer.Log4net - ---Executing GetOrderRoutes() in OrdersService----
2023-10-05 06:37:15,139 [24] DEBUG LTCPro.ServiceLayer.Log4net - ---Executing GetPhysicianDropData() in OrdersController----
2023-10-05 06:37:15,139 [24] DEBUG LTCPro.ServiceLayer.Log4net - ---Executing GetPhysicianDropData() in OrdersService----
2023-10-05 06:37:15,149 [28] DEBUG LTCPro.ServiceLayer.Log4net - ---Executed Successfully GetDrFirstFlagForCompanyByNSId() in CompanyController----
2023-10-05 06:37:15,354 [16] DEBUG LTCPro.ServiceLayer.Log4net - ---Executed Successfully GetOrderRoutes() in OrdersController----
2023-10-05 06:37:15,576 [24] DEBUG LTCPro.ServiceLayer.Log4net - ---Executed Successfully GetPhysicianDropData() in OrdersController----
2023-10-05 06:37:18,472 [21] DEBUG LTCPro.ServiceLayer.Log4net - ---Executed Successfully GetResidentInformation() in ResidentDemographicController----
2023-10-05 06:37:18,517 [10] DEBUG LTCPro.ServiceLayer.Log4net - ---Executing GetUserToken() in UserService----
2023-10-05 06:37:18,546 [24] DEBUG LTCPro.ServiceLayer.Log4net - ---Executing GetUserToken() in UserService----
2023-10-05 06:37:18,717 [21] DEBUG LTCPro.ServiceLayer.Log4net - ---Executing GetUserToken() in UserService----
2023-10-05 06:37:18,754 [10] DEBUG LTCPro.ServiceLayer.Log4net - ---Executing GetDrFirstOrderCheck() in DrFirstIntegrationController----
2023-10-05 06:37:18,754 [10] DEBUG LTCPro.ServiceLayer.Log4net - ---Executing GetDrFirstOrderCheck() in DrFirstIntegrationService----
2023-10-05 06:37:18,766 [24] DEBUG LTCPro.ServiceLayer.Log4net - ---Executing GetPatientType() in ResidentDemographicController----
2023-10-05 06:37:18,766 [24] DEBUG LTCPro.ServiceLayer.Log4net - ---Executing GetPatientType() in EmarService----
2023-10-05 06:37:18,934 [21] DEBUG LTCPro.ServiceLayer.Log4net - ---Executing GetDiagnosisDetails() in OrdersController----
2023-10-05 06:37:18,934 [21] DEBUG LTCPro.ServiceLayer.Log4net - ---Executing GetDiagnosisDetails() in OrdersService----
2023-10-05 06:37:18,973 [10] DEBUG LTCPro.ServiceLayer.Log4net - ---Executed Successfully GetDrFirstOrderCheck() in DrFirstIntegrationController----
2023-10-05 06:37:18,984 [24] DEBUG LTCPro.ServiceLayer.Log4net - ---Executed Successfully GetPatientType() in ResidentDemographicController----
2023-10-05 06:37:19,074 [24] DEBUG LTCPro.ServiceLayer.Log4net - ---Executing GetUserToken() in UserService----
2023-10-05 06:37:19,248 [10] DEBUG LTCPro.ServiceLayer.Log4net - ---Executing GetUserToken() in UserService----
2023-10-05 06:37:19,293 [24] DEBUG LTCPro.ServiceLayer.Log4net - ---Executing GetWeightList(Patient_Id) in AssessmentController----
2023-10-05 06:37:19,293 [24] DEBUG LTCPro.ServiceLayer.Log4net - ---Executing GetWeightList() in AssessmentService----
2023-10-05 06:37:19,466 [10] DEBUG LTCPro.ServiceLayer.Log4net - ---Executing GetOrderGridData() in OrdersController----
2023-10-05 06:37:19,466 [10] DEBUG LTCPro.ServiceLayer.Log4net - ---Executing GetOrderGridData() in OrdersService----
2023-10-05 06:37:19,586 [21] DEBUG LTCPro.ServiceLayer.Log4net - ---Executed Successfully GetDiagnosisDetails() in OrdersController----
2023-10-05 06:37:19,804 [10] DEBUG LTCPro.ServiceLayer.Log4net - ---Executed Successfully GetOrderGridData() in OrdersController----
2023-10-05 06:37:19,852 [21] DEBUG LTCPro.ServiceLayer.Log4net - ---Executing GetUserToken() in UserService----
2023-10-05 06:37:20,041 [10] DEBUG LTCPro.ServiceLayer.Log4net - ---Executing GetUserToken() in UserService----
2023-10-05 06:37:20,070 [21] DEBUG LTCPro.ServiceLayer.Log4net - ---Executing GetAllBarcodes() in StockEkitController----
2023-10-05 06:37:20,070 [21] DEBUG LTCPro.ServiceLayer.Log4net - ---Executing GetAllBarcodes() in StockEkitService----
2023-10-05 06:37:20,258 [10] DEBUG LTCPro.ServiceLayer.Log4net - ---Executing GetOrderGridData() in OrdersController----
2023-10-05 06:37:20,258 [10] DEBUG LTCPro.ServiceLayer.Log4net - ---Executing GetOrderGridData() in OrdersService----
2023-10-05 06:37:20,674 [28] DEBUG LTCPro.ServiceLayer.Log4net - ---Executing GetUserToken() in UserService----
2023-10-05 06:37:21,096 [24] DEBUG LTCPro.ServiceLayer.Log4net - ---Executed Successfully GetWeightList(Patient_Id) in AssessmentController----
2023-10-05 06:37:21,097 [10] DEBUG LTCPro.ServiceLayer.Log4net - ---Executed Successfully GetOrderGridData() in OrdersController----
2023-10-05 06:37:21,260 [28] DEBUG LTCPro.ServiceLayer.Log4net - ---Executing GetOrdersData() in OrdersController----
2023-10-05 06:37:21,260 [28] DEBUG LTCPro.ServiceLayer.Log4net - ---Executing GetOrdersData() in OrdersService----
2023-10-05 06:37:22,593 [28] DEBUG LTCPro.ServiceLayer.Log4net - ---Executed Successfully GetOrdersData() in OrdersController----
2023-10-05 06:37:22,946 [5] DEBUG LTCPro.ServiceLayer.Log4net - ---Executing GetUserToken() in UserService----
2023-10-05 06:37:22,950 [24] DEBUG LTCPro.ServiceLayer.Log4net - ---Executing GetUserToken() in UserService----
2023-10-05 06:37:22,963 [16] DEBUG LTCPro.ServiceLayer.Log4net - ---Executing GetUserToken() in UserService----
2023-10-05 06:37:22,964 [25] DEBUG LTCPro.ServiceLayer.Log4net - ---Executing GetUserToken() in UserService----
2023-10-05 06:37:23,166 [5] DEBUG LTCPro.ServiceLayer.Log4net - ---Executing GetNurseNotes() in OrdersController----
2023-10-05 06:37:23,166 [5] DEBUG LTCPro.ServiceLayer.Log4net - ---Executing GetNurseNotes() in OrdersService----
2023-10-05 06:37:23,170 [24] DEBUG LTCPro.ServiceLayer.Log4net - ---Executing GetOrderStockDetails() in OrdersController----
2023-10-05 06:37:23,170 [24] DEBUG LTCPro.ServiceLayer.Log4net - ---Executing GetOrderStockDetails() in OrdersService----
2023-10-05 06:37:23,183 [25] DEBUG LTCPro.ServiceLayer.Log4net - ---Executing GetPhysicianDropData() in OrdersController----
2023-10-05 06:37:23,183 [25] DEBUG LTCPro.ServiceLayer.Log4net - ---Executing GetPhysicianDropData() in OrdersService----
2023-10-05 06:37:23,391 [24] DEBUG LTCPro.ServiceLayer.Log4net - ---Executed Successfully GetOrderStockDetails() in OrdersController----
2023-10-05 06:37:23,437 [16] DEBUG LTCPro.ServiceLayer.Log4net - ---Executing GetFavouritesMasterData() in OrdersController----
2023-10-05 06:37:23,438 [16] DEBUG LTCPro.ServiceLayer.Log4net - ---Executing GetFavouritesMasterData() in OrdersService----
2023-10-05 06:37:23,627 [25] DEBUG LTCPro.ServiceLayer.Log4net - ---Executed Successfully GetPhysicianDropData() in OrdersController----
2023-10-05 06:37:23,663 [16] DEBUG LTCPro.ServiceLayer.Log4net - ---Executed Successfully GetFavouritesMasterData() in OrdersController----
2023-10-05 06:37:24,374 [5] DEBUG LTCPro.ServiceLayer.Log4net - ---Executed Successfully GetNurseNotes() in OrdersController----
2023-10-05 06:37:38,198 [5] DEBUG LTCPro.ServiceLayer.Log4net - ---Executing GetUserToken() in UserService----
2023-10-05 06:37:38,452 [5] DEBUG LTCPro.ServiceLayer.Log4net - ---Executing GetOrdersData() in OrdersController----
2023-10-05 06:37:38,452 [5] DEBUG LTCPro.ServiceLayer.Log4net - ---Executing GetOrdersData() in OrdersService----
2023-10-05 06:37:40,101 [5] DEBUG LTCPro.ServiceLayer.Log4net - ---Executed Successfully GetOrdersData() in OrdersController----
2023-10-05 06:37:41,330 [5] DEBUG LTCPro.ServiceLayer.Log4net - ---Executing GetUserToken() in UserService----
2023-10-05 06:37:41,332 [13] DEBUG LTCPro.ServiceLayer.Log4net - ---Executing GetUserToken() in UserService----
2023-10-05 06:37:41,550 [5] DEBUG LTCPro.ServiceLayer.Log4net - ---Executing GetFavouritesMasterData() in OrdersController----
2023-10-05 06:37:41,550 [5] DEBUG LTCPro.ServiceLayer.Log4net - ---Executing GetFavouritesMasterData() in OrdersService----
2023-10-05 06:37:41,553 [13] DEBUG LTCPro.ServiceLayer.Log4net - ---Executing GetOrderStockDetails() in OrdersController----
2023-10-05 06:37:41,553 [13] DEBUG LTCPro.ServiceLayer.Log4net - ---Executing GetOrderStockDetails() in OrdersService----
2023-10-05 06:37:41,770 [5] DEBUG LTCPro.ServiceLayer.Log4net - ---Executed Successfully GetFavouritesMasterData() in OrdersController----
2023-10-05 06:37:41,788 [13] DEBUG LTCPro.ServiceLayer.Log4net - ---Executed Successfully GetOrderStockDetails() in OrdersController----
2023-10-05 06:37:42,597 [28] DEBUG LTCPro.ServiceLayer.Log4net - ---Executing GetUserToken() in UserService----
2023-10-05 06:37:42,815 [28] DEBUG LTCPro.ServiceLayer.Log4net - ---Executing GetPhysicianDropData() in OrdersController----
2023-10-05 06:37:42,815 [28] DEBUG LTCPro.ServiceLayer.Log4net - ---Executing GetPhysicianDropData() in OrdersService----
2023-10-05 06:37:43,470 [28] DEBUG LTCPro.ServiceLayer.Log4net - ---Executed Successfully GetPhysicianDropData() in OrdersController----
2023-10-05 06:37:44,831 [25] DEBUG LTCPro.ServiceLayer.Log4net - ---Executing GetUserToken() in UserService----
2023-10-05 06:37:45,049 [25] DEBUG LTCPro.ServiceLayer.Log4net - ---Executing GetOrderHoldData() in OrdersController----
2023-10-05 06:37:45,049 [25] DEBUG LTCPro.ServiceLayer.Log4net - ---Executing GetOrderHoldData() in OrdersService----
2023-10-05 06:37:45,706 [25] DEBUG LTCPro.ServiceLayer.Log4net - ---Executed Successfully GetOrderHoldData() in OrdersController----
2023-10-05 06:37:46,798 [35] DEBUG LTCPro.ServiceLayer.Log4net - ---Executed Successfully GetAllBarcodes() in StockEkitController----
2023-10-05 06:37:52,049 [21] DEBUG LTCPro.ServiceLayer.Log4net - ---Executed Successfully GetAllBarcodes() in StockEkitController----
2023-10-05 06:39:32,074 [35] DEBUG LTCPro.ServiceLayer.Log4net - ---Executing GetUserToken() in UserService----
2023-10-05 06:39:32,295 [35] DEBUG LTCPro.ServiceLayer.Log4net - ---Executing GetNurseNotes() in OrdersController----
2023-10-05 06:39:32,295 [35] DEBUG LTCPro.ServiceLayer.Log4net - ---Executing GetNurseNotes() in OrdersService----
2023-10-05 06:39:33,486 [35] DEBUG LTCPro.ServiceLayer.Log4net - ---Executed Successfully GetNurseNotes() in OrdersController----
2023-10-05 06:46:46,835 [47] DEBUG LTCPro.ServiceLayer.Log4net - ---Executing GetUserToken() in UserService----
2023-10-05 06:46:46,863 [26] DEBUG LTCPro.ServiceLayer.Log4net - ---Executing GetUserToken() in UserService----
2023-10-05 06:46:46,897 [7] DEBUG LTCPro.ServiceLayer.Log4net - ---Executing GetUserToken() in UserService----
2023-10-05 06:46:46,899 [27] DEBUG LTCPro.ServiceLayer.Log4net - ---Executing GetUserToken() in UserService----
2023-10-05 06:46:47,868 [25] DEBUG LTCPro.ServiceLayer.Log4net - ---Executing GetUserToken() in UserService----
2023-10-05 06:46:48,268 [47] DEBUG LTCPro.ServiceLayer.Log4net - ---Executing GetReadMailsCount() in MailboxController----
2023-10-05 06:46:48,268 [47] DEBUG LTCPro.ServiceLayer.Log4net - ---Executing GetReadMailsCount() in MailboxService----
2023-10-05 06:46:48,485 [26] DEBUG LTCPro.ServiceLayer.Log4net - ---Executing GetAlertsDetails() in MailboxController----
2023-10-05 06:46:48,486 [26] DEBUG LTCPro.ServiceLayer.Log4net - ---Executing GetAlertsDetails() in MailboxService----
2023-10-05 06:46:48,703 [27] DEBUG LTCPro.ServiceLayer.Log4net - ---Executing GetOutboundErrorDetails() in CommonController----
2023-10-05 06:46:48,703 [27] DEBUG LTCPro.ServiceLayer.Log4net - ---Executing GetOutboundErrorDetails() in CommonService----
2023-10-05 06:46:48,878 [41] DEBUG LTCPro.ServiceLayer.Log4net - ---Executing GetUserToken() in UserService----
2023-10-05 06:46:48,920 [25] DEBUG LTCPro.ServiceLayer.Log4net - ---Executing GetUserPassedDueFlag() in UserController----
2023-10-05 06:46:48,920 [25] DEBUG LTCPro.ServiceLayer.Log4net - ---Executing GetUserPassedDueFlag() in UserService----
2023-10-05 06:46:49,217 [26] DEBUG LTCPro.ServiceLayer.Log4net - ---Executed successfully GetAlertsDetails() in MailboxController----
2023-10-05 06:46:49,238 [26] DEBUG LTCPro.ServiceLayer.Log4net - ---Executing GetUserToken() in UserService----
2023-10-05 06:46:49,396 [7] DEBUG LTCPro.ServiceLayer.Log4net - ---Executing GetPendingDosesList() in CommonController----
2023-10-05 06:46:49,396 [7] DEBUG LTCPro.ServiceLayer.Log4net - ---Executing GetPendingDosesList() in CommonService----
2023-10-05 06:46:49,436 [47] DEBUG LTCPro.ServiceLayer.Log4net - ---Executed successfully GetReadMailsCount() in MailboxController----
2023-10-05 06:46:49,480 [47] DEBUG LTCPro.ServiceLayer.Log4net - ---Executing GetUserToken() in UserService----
2023-10-05 06:46:49,613 [25] DEBUG LTCPro.ServiceLayer.Log4net - ---Executed Successfully GetUserPassedDueFlag() in UserController----
2023-10-05 06:46:49,655 [41] DEBUG LTCPro.ServiceLayer.Log4net - ---Executing GetUserRecentFacNs() in UserController----
2023-10-05 06:46:49,655 [41] DEBUG LTCPro.ServiceLayer.Log4net - ---Executing GetUserRecentFacNs() in UserService----
2023-10-05 06:46:49,852 [25] DEBUG LTCPro.ServiceLayer.Log4net - ---Executing GetUserToken() in UserService----
2023-10-05 06:46:49,872 [26] DEBUG LTCPro.ServiceLayer.Log4net - ---Executing GetUserRecentFacNs() in UserController----
2023-10-05 06:46:49,873 [26] DEBUG LTCPro.ServiceLayer.Log4net - ---Executing GetUserRecentFacNs() in UserService----
2023-10-05 06:46:50,020 [7] DEBUG LTCPro.ServiceLayer.Log4net - ---Executed Successfully GetPendingDosesList() in CommonController----
2023-10-05 06:46:50,036 [7] DEBUG LTCPro.ServiceLayer.Log4net - ---Executing GetUserToken() in UserService----
2023-10-05 06:46:50,090 [47] DEBUG LTCPro.ServiceLayer.Log4net - ---Executing GetDueMARAlertData() in EmarController----
2023-10-05 06:46:50,090 [47] DEBUG LTCPro.ServiceLayer.Log4net - ---Executing GetDueMARAlertData() in EmarService----
2023-10-05 06:46:50,308 [25] DEBUG LTCPro.ServiceLayer.Log4net - ---Executing OrderEndingSoonStatus() in OrdersController----
2023-10-05 06:46:50,308 [25] DEBUG LTCPro.ServiceLayer.Log4net - ---Executing OrderEndingSoonStatus() in OrdersService----
2023-10-05 06:46:50,673 [41] DEBUG LTCPro.ServiceLayer.Log4net - ---Executed Successfully GetUserRecentFacNs() in UserController----
2023-10-05 06:46:50,717 [41] DEBUG LTCPro.ServiceLayer.Log4net - ---Executing GetUserToken() in UserService----
2023-10-05 06:46:50,753 [47] DEBUG LTCPro.ServiceLayer.Log4net - ---Executed Successfully GetDueMARAlertData() in EmarController----
2023-10-05 06:46:50,982 [26] DEBUG LTCPro.ServiceLayer.Log4net - ---Executed Successfully GetUserRecentFacNs() in UserController----
2023-10-05 06:46:51,013 [47] DEBUG LTCPro.ServiceLayer.Log4net - ---Executing GetUserToken() in UserService----
2023-10-05 06:46:51,062 [25] DEBUG LTCPro.ServiceLayer.Log4net - ---Executed Successfully OrderEndingSoonStatus() in OrdersController----
2023-10-05 06:46:51,151 [27] DEBUG LTCPro.ServiceLayer.Log4net - ---Executed Successfully GetOutboundErrorDetails() in CommonController----
2023-10-05 06:46:51,201 [41] DEBUG LTCPro.ServiceLayer.Log4net - ---Executing GetUserAccessFacilityNurseStaions() in FacilityController----
2023-10-05 06:46:51,201 [41] DEBUG LTCPro.ServiceLayer.Log4net - ---Executing GetUserAccessFacilityNurseStaions() in FacilityService----
2023-10-05 06:46:51,280 [47] DEBUG LTCPro.ServiceLayer.Log4net - ---Executing GetUserAccessFacilityNurseStaions() in FacilityController----
2023-10-05 06:46:51,280 [47] DEBUG LTCPro.ServiceLayer.Log4net - ---Executing GetUserAccessFacilityNurseStaions() in FacilityService----
2023-10-05 06:46:51,637 [41] DEBUG LTCPro.ServiceLayer.Log4net - ---Executed Successfully GetUserAccessFacilityNurseStaions() in FacilityController----
2023-10-05 06:46:51,675 [7] DEBUG LTCPro.ServiceLayer.Log4net - ---Executing InsertUserActivityDetails() in CompanyController----
2023-10-05 06:46:51,675 [7] DEBUG LTCPro.ServiceLayer.Log4net - ---Executing InsertUserActivityDetails() in UserActivityService----
2023-10-05 06:46:51,717 [47] DEBUG LTCPro.ServiceLayer.Log4net - ---Executed Successfully GetUserAccessFacilityNurseStaions() in FacilityController----
2023-10-05 06:46:51,822 [25] DEBUG LTCPro.ServiceLayer.Log4net - ---Executing GetUserToken() in UserService----
2023-10-05 06:46:52,043 [25] DEBUG LTCPro.ServiceLayer.Log4net - ---Executing UserNurseStationDrop() in FacilityController----
2023-10-05 06:46:52,043 [25] DEBUG LTCPro.ServiceLayer.Log4net - ---Executing UserNurseStationDrop() in FacilityService----
2023-10-05 06:46:52,273 [25] DEBUG LTCPro.ServiceLayer.Log4net - ---Executed Successfully UserNurseStationDrop() in FacilityController----
2023-10-05 06:46:52,355 [27] DEBUG LTCPro.ServiceLayer.Log4net - ---Executing GetUserToken() in UserService----
2023-10-05 06:46:52,363 [7] DEBUG LTCPro.ServiceLayer.Log4net - ---Executed Successfully InsertUserActivityDetails() in CompanyController----
2023-10-05 06:46:52,422 [7] DEBUG LTCPro.ServiceLayer.Log4net - ---Executing GetUserToken() in UserService----
2023-10-05 06:46:52,442 [41] DEBUG LTCPro.ServiceLayer.Log4net - ---Executing GetUserToken() in UserService----
2023-10-05 06:46:52,564 [17] DEBUG LTCPro.ServiceLayer.Log4net - ---Executing GetUserToken() in UserService----
2023-10-05 06:46:52,570 [26] DEBUG LTCPro.ServiceLayer.Log4net - ---Executing GetUserToken() in UserService----
2023-10-05 06:46:52,580 [27] DEBUG LTCPro.ServiceLayer.Log4net - ---Executing GetSeventyTwoHourDetailsByfilter() in EMARController----
2023-10-05 06:46:52,580 [27] DEBUG LTCPro.ServiceLayer.Log4net - ---Executing GetSeventyTwoHourDetailsByfilter() in EmarService----
2023-10-05 06:46:52,630 [47] DEBUG LTCPro.ServiceLayer.Log4net - ---Executing GetUserToken() in UserService----
2023-10-05 06:46:52,649 [7] DEBUG LTCPro.ServiceLayer.Log4net - ---Executing GetPRNDetailsByfilter() in EMARController----
2023-10-05 06:46:52,649 [7] DEBUG LTCPro.ServiceLayer.Log4net - ---Executing GetPRNDetailsByfilter() in EmarService----
2023-10-05 06:46:52,669 [41] DEBUG LTCPro.ServiceLayer.Log4net - ---Executing GetCompanyToBedFlagByFacId() in FacilityController----
2023-10-05 06:46:52,669 [41] DEBUG LTCPro.ServiceLayer.Log4net - ---Executing GetCompanyToBedFlagByFacId() in FacilityService----
2023-10-05 06:46:52,782 [17] DEBUG LTCPro.ServiceLayer.Log4net - ---Executing GetOrdersEndingSoon() in OrdersController----
2023-10-05 06:46:52,782 [17] DEBUG LTCPro.ServiceLayer.Log4net - ---Executing GetOrdersEndingSoon() in OrdersService----
2023-10-05 06:46:52,874 [47] DEBUG LTCPro.ServiceLayer.Log4net - ---Executing GetOrdersGridData() in OrdersController----
2023-10-05 06:46:52,874 [47] DEBUG LTCPro.ServiceLayer.Log4net - ---Executing GetOrdersGridData() in OrdersService----
2023-10-05 06:46:53,614 [17] DEBUG LTCPro.ServiceLayer.Log4net - ---Executed Successfully GetOrdersEndingSoon() in OrdersController----
2023-10-05 06:46:54,431 [26] DEBUG LTCPro.ServiceLayer.Log4net - ---Executing OrderEndingSoonStatus() in OrdersController----
2023-10-05 06:46:54,431 [26] DEBUG LTCPro.ServiceLayer.Log4net - ---Executing OrderEndingSoonStatus() in OrdersService----
2023-10-05 06:46:54,680 [41] DEBUG LTCPro.ServiceLayer.Log4net - ---Executed Successfully GetCompanyToBedFlagByFacId() in FacilityController----
2023-10-05 06:46:54,722 [41] DEBUG LTCPro.ServiceLayer.Log4net - ---Executing GetUserToken() in UserService----
2023-10-05 06:46:54,795 [26] DEBUG LTCPro.ServiceLayer.Log4net - ---Executed Successfully OrderEndingSoonStatus() in OrdersController----
2023-10-05 06:46:54,945 [41] DEBUG LTCPro.ServiceLayer.Log4net - ---Executing GetNurseStationHierarchyDetailsbyNsId() in CompanyController----
2023-10-05 06:46:54,945 [41] DEBUG LTCPro.ServiceLayer.Log4net - ---Executing GetNurseStationHierarchyDetailsbyNsId() in CompanyService----
2023-10-05 06:46:55,143 [27] DEBUG LTCPro.ServiceLayer.Log4net - ---Executed Successfully GetSeventyTwoHourDetailsByfilter() in EMARController----
2023-10-05 06:46:55,148 [47] DEBUG LTCPro.ServiceLayer.Log4net - ---Executed Successfully GetOrdersGridData() in OrdersController----
2023-10-05 06:46:55,169 [41] DEBUG LTCPro.ServiceLayer.Log4net - ---Executed Successfully GetNurseStationHierarchyDetailsbyNsId() in CompanyController----
2023-10-05 06:46:55,399 [7] DEBUG LTCPro.ServiceLayer.Log4net - ---Executed Successfully GetPRNDetailsByfilter() in EMARController----
2023-10-05 06:46:55,449 [36] DEBUG LTCPro.ServiceLayer.Log4net - ---Executing GetUserToken() in UserService----
2023-10-05 06:46:55,666 [36] DEBUG LTCPro.ServiceLayer.Log4net - ---Executing GetPendingOrdersGridData() in OrdersController----
2023-10-05 06:46:55,666 [36] DEBUG LTCPro.ServiceLayer.Log4net - ---Executing GetPendingOrdersGridData() in OrdersService----
2023-10-05 06:46:57,489 [25] DEBUG LTCPro.ServiceLayer.Log4net - ---Executing GetUserToken() in UserService----
2023-10-05 06:46:57,533 [36] DEBUG LTCPro.ServiceLayer.Log4net - ---Executed Successfully GetPendingOrdersGridData() in OrdersController----
2023-10-05 06:46:57,717 [25] DEBUG LTCPro.ServiceLayer.Log4net - ---Executing GetOrdersGridDataByPatientId() in OrdersController----
2023-10-05 06:46:57,717 [25] DEBUG LTCPro.ServiceLayer.Log4net - ---Executing GetOrdersGridDataByPatientId() in OrdersService----
2023-10-05 06:47:00,579 [25] DEBUG LTCPro.ServiceLayer.Log4net - ---Executed Successfully GetOrdersGridDataByPatientId() in OrdersController----
2023-10-05 06:47:02,159 [7] DEBUG LTCPro.ServiceLayer.Log4net - ---Executing GetUserToken() in UserService----
2023-10-05 06:47:02,311 [26] DEBUG LTCPro.ServiceLayer.Log4net - ---Executing GetUserToken() in UserService----
2023-10-05 06:47:02,385 [7] DEBUG LTCPro.ServiceLayer.Log4net - ---Executing GetFacilityNSResidentsDataByPId() in ResidentDemographicController----
2023-10-05 06:47:02,385 [7] DEBUG LTCPro.ServiceLayer.Log4net - ---Executing GetFacilityNSResidentsDataByPId() in ResidentDemographicService----
2023-10-05 06:47:02,529 [26] DEBUG LTCPro.ServiceLayer.Log4net - ---Executing GetNurseNotes() in OrdersController----
2023-10-05 06:47:02,529 [26] DEBUG LTCPro.ServiceLayer.Log4net - ---Executing GetNurseNotes() in OrdersService----
2023-10-05 06:47:03,674 [26] DEBUG LTCPro.ServiceLayer.Log4net - ---Executed Successfully GetNurseNotes() in OrdersController----
2023-10-05 06:47:04,452 [7] DEBUG LTCPro.ServiceLayer.Log4net - ---Executed Successfully GetFacilityNSResidentsDataByPId() in ResidentDemographicController----
2023-10-05 06:47:04,531 [36] DEBUG LTCPro.ServiceLayer.Log4net - ---Executing GetUserToken() in UserService----
2023-10-05 06:47:04,545 [27] DEBUG LTCPro.ServiceLayer.Log4net - ---Executing GetUserToken() in UserService----
2023-10-05 06:47:04,603 [7] DEBUG LTCPro.ServiceLayer.Log4net - ---Executing GetUserToken() in UserService----
2023-10-05 06:47:04,752 [36] DEBUG LTCPro.ServiceLayer.Log4net - ---Executing GetDrFirstFlagForCompanyByNSId() in CompanyController----
2023-10-05 06:47:04,752 [36] DEBUG LTCPro.ServiceLayer.Log4net - ---Executing GetDrFirstFlagForCompanyByNSId() in CompanyService----
2023-10-05 06:47:04,761 [17] DEBUG LTCPro.ServiceLayer.Log4net - ---Executing GetUserToken() in UserService----
2023-10-05 06:47:04,762 [27] DEBUG LTCPro.ServiceLayer.Log4net - ---Executing GetResidentInformation() in ResidentDemographicController----
2023-10-05 06:47:04,763 [27] DEBUG LTCPro.ServiceLayer.Log4net - ---Executing GetResidentInformation() in ResidentDemographicService----
2023-10-05 06:47:04,794 [26] DEBUG LTCPro.ServiceLayer.Log4net - ---Executing GetUserToken() in UserService----
2023-10-05 06:47:04,822 [7] DEBUG LTCPro.ServiceLayer.Log4net - ---Executing GetAllBarcodes() in StockEkitController----
2023-10-05 06:47:04,822 [7] DEBUG LTCPro.ServiceLayer.Log4net - ---Executing GetAllBarcodes() in StockEkitService----
2023-10-05 06:47:04,976 [36] DEBUG LTCPro.ServiceLayer.Log4net - ---Executed Successfully GetDrFirstFlagForCompanyByNSId() in CompanyController----
2023-10-05 06:47:04,980 [17] DEBUG LTCPro.ServiceLayer.Log4net - ---Executing GetPhysicianDropData() in OrdersController----
2023-10-05 06:47:04,980 [17] DEBUG LTCPro.ServiceLayer.Log4net - ---Executing GetPhysicianDropData() in OrdersService----
2023-10-05 06:47:05,012 [26] DEBUG LTCPro.ServiceLayer.Log4net - ---Executing GetOrderRoutes() in OrdersController----
2023-10-05 06:47:05,013 [26] DEBUG LTCPro.ServiceLayer.Log4net - ---Executing GetOrderRoutes() in OrdersService----
2023-10-05 06:47:05,230 [26] DEBUG LTCPro.ServiceLayer.Log4net - ---Executed Successfully GetOrderRoutes() in OrdersController----
2023-10-05 06:47:05,417 [17] DEBUG LTCPro.ServiceLayer.Log4net - ---Executed Successfully GetPhysicianDropData() in OrdersController----
2023-10-05 06:47:08,287 [27] DEBUG LTCPro.ServiceLayer.Log4net - ---Executed Successfully GetResidentInformation() in ResidentDemographicController----
2023-10-05 06:47:08,359 [26] DEBUG LTCPro.ServiceLayer.Log4net - ---Executing GetUserToken() in UserService----
2023-10-05 06:47:08,376 [41] DEBUG LTCPro.ServiceLayer.Log4net - ---Executing GetUserToken() in UserService----
2023-10-05 06:47:08,383 [17] DEBUG LTCPro.ServiceLayer.Log4net - ---Executing GetUserToken() in UserService----
2023-10-05 06:47:08,551 [36] DEBUG LTCPro.ServiceLayer.Log4net - ---Executing GetUserToken() in UserService----
2023-10-05 06:47:08,558 [6] DEBUG LTCPro.ServiceLayer.Log4net - ---Executing GetUserToken() in UserService----
2023-10-05 06:47:08,584 [26] DEBUG LTCPro.ServiceLayer.Log4net - ---Executing GetDrFirstOrderCheck() in DrFirstIntegrationController----
2023-10-05 06:47:08,584 [26] DEBUG LTCPro.ServiceLayer.Log4net - ---Executing GetDrFirstOrderCheck() in DrFirstIntegrationService----
2023-10-05 06:47:08,607 [17] DEBUG LTCPro.ServiceLayer.Log4net - ---Executing GetWeightList(Patient_Id) in AssessmentController----
2023-10-05 06:47:08,607 [17] DEBUG LTCPro.ServiceLayer.Log4net - ---Executing GetWeightList() in AssessmentService----
2023-10-05 06:47:08,609 [41] DEBUG LTCPro.ServiceLayer.Log4net - ---Executing GetPatientType() in ResidentDemographicController----
2023-10-05 06:47:08,609 [41] DEBUG LTCPro.ServiceLayer.Log4net - ---Executing GetPatientType() in EmarService----
2023-10-05 06:47:08,777 [36] DEBUG LTCPro.ServiceLayer.Log4net - ---Executing GetDiagnosisDetails() in OrdersController----
2023-10-05 06:47:08,777 [36] DEBUG LTCPro.ServiceLayer.Log4net - ---Executing GetDiagnosisDetails() in OrdersService----
2023-10-05 06:47:08,802 [26] DEBUG LTCPro.ServiceLayer.Log4net - ---Executed Successfully GetDrFirstOrderCheck() in DrFirstIntegrationController----
2023-10-05 06:47:08,831 [41] DEBUG LTCPro.ServiceLayer.Log4net - ---Executed Successfully GetPatientType() in ResidentDemographicController----
2023-10-05 06:47:09,447 [36] DEBUG LTCPro.ServiceLayer.Log4net - ---Executed Successfully GetDiagnosisDetails() in OrdersController----
2023-10-05 06:47:09,679 [6] DEBUG LTCPro.ServiceLayer.Log4net - ---Executing GetOrderGridData() in OrdersController----
2023-10-05 06:47:09,679 [6] DEBUG LTCPro.ServiceLayer.Log4net - ---Executing GetOrderGridData() in OrdersService----
2023-10-05 06:47:10,003 [6] DEBUG LTCPro.ServiceLayer.Log4net - ---Executed Successfully GetOrderGridData() in OrdersController----
2023-10-05 06:47:10,054 [6] DEBUG LTCPro.ServiceLayer.Log4net - ---Executing GetUserToken() in UserService----
2023-10-05 06:47:10,156 [17] DEBUG LTCPro.ServiceLayer.Log4net - ---Executed Successfully GetWeightList(Patient_Id) in AssessmentController----
2023-10-05 06:47:10,271 [6] DEBUG LTCPro.ServiceLayer.Log4net - ---Executing GetAllBarcodes() in StockEkitController----
2023-10-05 06:47:10,271 [6] DEBUG LTCPro.ServiceLayer.Log4net - ---Executing GetAllBarcodes() in StockEkitService----
2023-10-05 06:47:10,316 [26] DEBUG LTCPro.ServiceLayer.Log4net - ---Executing GetUserToken() in UserService----
2023-10-05 06:47:10,325 [36] DEBUG LTCPro.ServiceLayer.Log4net - ---Executing GetUserToken() in UserService----
2023-10-05 06:47:10,534 [26] DEBUG LTCPro.ServiceLayer.Log4net - ---Executing GetOrderGridData() in OrdersController----
2023-10-05 06:47:10,534 [26] DEBUG LTCPro.ServiceLayer.Log4net - ---Executing GetOrderGridData() in OrdersService----
2023-10-05 06:47:10,544 [36] DEBUG LTCPro.ServiceLayer.Log4net - ---Executing GetOrdersData() in OrdersController----
2023-10-05 06:47:10,544 [36] DEBUG LTCPro.ServiceLayer.Log4net - ---Executing GetOrdersData() in OrdersService----
2023-10-05 06:47:10,888 [26] DEBUG LTCPro.ServiceLayer.Log4net - ---Executed Successfully GetOrderGridData() in OrdersController----
2023-10-05 06:47:12,157 [36] DEBUG LTCPro.ServiceLayer.Log4net - ---Executed Successfully GetOrdersData() in OrdersController----
2023-10-05 06:47:12,479 [26] DEBUG LTCPro.ServiceLayer.Log4net - ---Executing GetUserToken() in UserService----
2023-10-05 06:47:12,479 [41] DEBUG LTCPro.ServiceLayer.Log4net - ---Executing GetUserToken() in UserService----
2023-10-05 06:47:12,480 [25] DEBUG LTCPro.ServiceLayer.Log4net - ---Executing GetUserToken() in UserService----
2023-10-05 06:47:12,489 [27] DEBUG LTCPro.ServiceLayer.Log4net - ---Executing GetUserToken() in UserService----
2023-10-05 06:47:12,697 [41] DEBUG LTCPro.ServiceLayer.Log4net - ---Executing GetPhysicianDropData() in OrdersController----
2023-10-05 06:47:12,697 [41] DEBUG LTCPro.ServiceLayer.Log4net - ---Executing GetPhysicianDropData() in OrdersService----
2023-10-05 06:47:12,697 [25] DEBUG LTCPro.ServiceLayer.Log4net - ---Executing GetOrderStockDetails() in OrdersController----
2023-10-05 06:47:12,697 [25] DEBUG LTCPro.ServiceLayer.Log4net - ---Executing GetOrderStockDetails() in OrdersService----
2023-10-05 06:47:12,704 [26] DEBUG LTCPro.ServiceLayer.Log4net - ---Executing GetFavouritesMasterData() in OrdersController----
2023-10-05 06:47:12,704 [26] DEBUG LTCPro.ServiceLayer.Log4net - ---Executing GetFavouritesMasterData() in OrdersService----
2023-10-05 06:47:12,707 [27] DEBUG LTCPro.ServiceLayer.Log4net - ---Executing GetNurseNotes() in OrdersController----
2023-10-05 06:47:12,707 [27] DEBUG LTCPro.ServiceLayer.Log4net - ---Executing GetNurseNotes() in OrdersService----
2023-10-05 06:47:12,918 [25] DEBUG LTCPro.ServiceLayer.Log4net - ---Executed Successfully GetOrderStockDetails() in OrdersController----
2023-10-05 06:47:12,935 [26] DEBUG LTCPro.ServiceLayer.Log4net - ---Executed Successfully GetFavouritesMasterData() in OrdersController----
2023-10-05 06:47:13,136 [41] DEBUG LTCPro.ServiceLayer.Log4net - ---Executed Successfully GetPhysicianDropData() in OrdersController----
2023-10-05 06:47:13,920 [27] DEBUG LTCPro.ServiceLayer.Log4net - ---Executed Successfully GetNurseNotes() in OrdersController----
2023-10-05 06:47:15,260 [26] DEBUG LTCPro.ServiceLayer.Log4net - ---Executing GetUserToken() in UserService----
2023-10-05 06:47:15,478 [26] DEBUG LTCPro.ServiceLayer.Log4net - ---Executing GetOrdersData() in OrdersController----
2023-10-05 06:47:15,478 [26] DEBUG LTCPro.ServiceLayer.Log4net - ---Executing GetOrdersData() in OrdersService----
2023-10-05 06:47:17,073 [26] DEBUG LTCPro.ServiceLayer.Log4net - ---Executed Successfully GetOrdersData() in OrdersController----
2023-10-05 06:47:17,543 [41] DEBUG LTCPro.ServiceLayer.Log4net - ---Executing GetUserToken() in UserService----
2023-10-05 06:47:17,548 [47] DEBUG LTCPro.ServiceLayer.Log4net - ---Executing GetUserToken() in UserService----
2023-10-05 06:47:17,585 [27] DEBUG LTCPro.ServiceLayer.Log4net - ---Executing GetUserToken() in UserService----
2023-10-05 06:47:17,594 [26] DEBUG LTCPro.ServiceLayer.Log4net - ---Executing GetUserToken() in UserService----
2023-10-05 06:47:17,766 [41] DEBUG LTCPro.ServiceLayer.Log4net - ---Executing GetFavouritesMasterData() in OrdersController----
2023-10-05 06:47:17,766 [41] DEBUG LTCPro.ServiceLayer.Log4net - ---Executing GetFavouritesMasterData() in OrdersService----
2023-10-05 06:47:17,766 [47] DEBUG LTCPro.ServiceLayer.Log4net - ---Executing GetPhysicianDropData() in OrdersController----
2023-10-05 06:47:17,766 [47] DEBUG LTCPro.ServiceLayer.Log4net - ---Executing GetPhysicianDropData() in OrdersService----
2023-10-05 06:47:17,803 [27] DEBUG LTCPro.ServiceLayer.Log4net - ---Executing GetNurseNotes() in OrdersController----
2023-10-05 06:47:17,803 [27] DEBUG LTCPro.ServiceLayer.Log4net - ---Executing GetNurseNotes() in OrdersService----
2023-10-05 06:47:17,812 [26] DEBUG LTCPro.ServiceLayer.Log4net - ---Executing GetOrderStockDetails() in OrdersController----
2023-10-05 06:47:17,812 [26] DEBUG LTCPro.ServiceLayer.Log4net - ---Executing GetOrderStockDetails() in OrdersService----
2023-10-05 06:47:17,986 [41] DEBUG LTCPro.ServiceLayer.Log4net - ---Executed Successfully GetFavouritesMasterData() in OrdersController----
2023-10-05 06:47:18,036 [26] DEBUG LTCPro.ServiceLayer.Log4net - ---Executed Successfully GetOrderStockDetails() in OrdersController----
2023-10-05 06:47:18,206 [47] DEBUG LTCPro.ServiceLayer.Log4net - ---Executed Successfully GetPhysicianDropData() in OrdersController----
2023-10-05 06:47:18,783 [25] DEBUG LTCPro.ServiceLayer.Log4net - ---Executing GetUserToken() in UserService----
2023-10-05 06:47:19,001 [25] DEBUG LTCPro.ServiceLayer.Log4net - ---Executing GetOrdersData() in OrdersController----
2023-10-05 06:47:19,001 [25] DEBUG LTCPro.ServiceLayer.Log4net - ---Executing GetOrdersData() in OrdersService----
2023-10-05 06:47:19,019 [27] DEBUG LTCPro.ServiceLayer.Log4net - ---Executed Successfully GetNurseNotes() in OrdersController----
2023-10-05 06:47:20,023 [25] DEBUG LTCPro.ServiceLayer.Log4net - ---Executed Successfully GetOrdersData() in OrdersController----
2023-10-05 06:47:20,428 [36] DEBUG LTCPro.ServiceLayer.Log4net - ---Executing GetUserToken() in UserService----
2023-10-05 06:47:20,446 [47] DEBUG LTCPro.ServiceLayer.Log4net - ---Executing GetUserToken() in UserService----
2023-10-05 06:47:20,457 [26] DEBUG LTCPro.ServiceLayer.Log4net - ---Executing GetUserToken() in UserService----
2023-10-05 06:47:20,459 [17] DEBUG LTCPro.ServiceLayer.Log4net - ---Executing GetUserToken() in UserService----
2023-10-05 06:47:20,647 [36] DEBUG LTCPro.ServiceLayer.Log4net - ---Executing GetOrderStockDetails() in OrdersController----
2023-10-05 06:47:20,647 [36] DEBUG LTCPro.ServiceLayer.Log4net - ---Executing GetOrderStockDetails() in OrdersService----
2023-10-05 06:47:20,664 [47] DEBUG LTCPro.ServiceLayer.Log4net - ---Executing GetOrderHoldData() in OrdersController----
2023-10-05 06:47:20,664 [47] DEBUG LTCPro.ServiceLayer.Log4net - ---Executing GetOrderHoldData() in OrdersService----
2023-10-05 06:47:20,687 [17] DEBUG LTCPro.ServiceLayer.Log4net - ---Executing GetFavouritesMasterData() in OrdersController----
2023-10-05 06:47:20,687 [17] DEBUG LTCPro.ServiceLayer.Log4net - ---Executing GetFavouritesMasterData() in OrdersService----
2023-10-05 06:47:20,687 [26] DEBUG LTCPro.ServiceLayer.Log4net - ---Executing GetPhysicianDropData() in OrdersController----
2023-10-05 06:47:20,687 [26] DEBUG LTCPro.ServiceLayer.Log4net - ---Executing GetPhysicianDropData() in OrdersService----
2023-10-05 06:47:20,871 [36] DEBUG LTCPro.ServiceLayer.Log4net - ---Executed Successfully GetOrderStockDetails() in OrdersController----
2023-10-05 06:47:20,906 [17] DEBUG LTCPro.ServiceLayer.Log4net - ---Executed Successfully GetFavouritesMasterData() in OrdersController----
2023-10-05 06:47:21,109 [25] DEBUG LTCPro.ServiceLayer.Log4net - ---Executing GetUserToken() in UserService----
2023-10-05 06:47:21,125 [26] DEBUG LTCPro.ServiceLayer.Log4net - ---Executed Successfully GetPhysicianDropData() in OrdersController----
2023-10-05 06:47:21,328 [25] DEBUG LTCPro.ServiceLayer.Log4net - ---Executing GetNurseNotes() in OrdersController----
2023-10-05 06:47:21,328 [25] DEBUG LTCPro.ServiceLayer.Log4net - ---Executing GetNurseNotes() in OrdersService----
2023-10-05 06:47:21,330 [47] DEBUG LTCPro.ServiceLayer.Log4net - ---Executed Successfully GetOrderHoldData() in OrdersController----
2023-10-05 06:47:22,464 [25] DEBUG LTCPro.ServiceLayer.Log4net - ---Executed Successfully GetNurseNotes() in OrdersController----
2023-10-05 06:47:37,424 [7] DEBUG LTCPro.ServiceLayer.Log4net - ---Executed Successfully GetAllBarcodes() in StockEkitController----
2023-10-05 06:47:44,373 [6] DEBUG LTCPro.ServiceLayer.Log4net - ---Executed Successfully GetAllBarcodes() in StockEkitController----
2023-10-05 06:48:19,897 [26] DEBUG LTCPro.ServiceLayer.Log4net - ---Executing GetUserToken() in UserService----
2023-10-05 06:48:20,369 [26] DEBUG LTCPro.ServiceLayer.Log4net - ---Executing GetOrdersData() in OrdersController----
2023-10-05 06:48:20,370 [26] DEBUG LTCPro.ServiceLayer.Log4net - ---Executing GetOrdersData() in OrdersService----
2023-10-05 06:48:21,349 [26] DEBUG LTCPro.ServiceLayer.Log4net - ---Executed Successfully GetOrdersData() in OrdersController----
2023-10-05 06:48:21,805 [7] DEBUG LTCPro.ServiceLayer.Log4net - ---Executing GetUserToken() in UserService----
2023-10-05 06:48:21,829 [10] DEBUG LTCPro.ServiceLayer.Log4net - ---Executing GetUserToken() in UserService----
2023-10-05 06:48:22,027 [7] DEBUG LTCPro.ServiceLayer.Log4net - ---Executing GetFavouritesMasterData() in OrdersController----
2023-10-05 06:48:22,027 [7] DEBUG LTCPro.ServiceLayer.Log4net - ---Executing GetFavouritesMasterData() in OrdersService----
2023-10-05 06:48:22,046 [10] DEBUG LTCPro.ServiceLayer.Log4net - ---Executing GetOrderStockDetails() in OrdersController----
2023-10-05 06:48:22,046 [10] DEBUG LTCPro.ServiceLayer.Log4net - ---Executing GetOrderStockDetails() in OrdersService----
2023-10-05 06:48:22,251 [7] DEBUG LTCPro.ServiceLayer.Log4net - ---Executed Successfully GetFavouritesMasterData() in OrdersController----
2023-10-05 06:48:22,264 [10] DEBUG LTCPro.ServiceLayer.Log4net - ---Executed Successfully GetOrderStockDetails() in OrdersController----
2023-10-05 06:48:23,305 [6] DEBUG LTCPro.ServiceLayer.Log4net - ---Executing GetUserToken() in UserService----
2023-10-05 06:48:23,522 [6] DEBUG LTCPro.ServiceLayer.Log4net - ---Executing GetPhysicianDropData() in OrdersController----
2023-10-05 06:48:23,522 [6] DEBUG LTCPro.ServiceLayer.Log4net - ---Executing GetPhysicianDropData() in OrdersService----
2023-10-05 06:48:23,959 [6] DEBUG LTCPro.ServiceLayer.Log4net - ---Executed Successfully GetPhysicianDropData() in OrdersController----
2023-10-05 06:48:25,073 [36] DEBUG LTCPro.ServiceLayer.Log4net - ---Executing GetUserToken() in UserService----
2023-10-05 06:48:25,290 [36] DEBUG LTCPro.ServiceLayer.Log4net - ---Executing GetNurseNotes() in OrdersController----
2023-10-05 06:48:25,290 [36] DEBUG LTCPro.ServiceLayer.Log4net - ---Executing GetNurseNotes() in OrdersService----
2023-10-05 06:48:26,436 [36] DEBUG LTCPro.ServiceLayer.Log4net - ---Executed Successfully GetNurseNotes() in OrdersController----
2023-10-05 06:48:31,305 [36] DEBUG LTCPro.ServiceLayer.Log4net - ---Executing GetUserToken() in UserService----
2023-10-05 06:48:31,934 [36] DEBUG LTCPro.ServiceLayer.Log4net - ---Executing GetOrdersData() in OrdersController----
2023-10-05 06:48:31,934 [36] DEBUG LTCPro.ServiceLayer.Log4net - ---Executing GetOrdersData() in OrdersService----
2023-10-05 06:48:32,816 [36] DEBUG LTCPro.ServiceLayer.Log4net - ---Executed Successfully GetOrdersData() in OrdersController----
2023-10-05 06:48:33,204 [13] DEBUG LTCPro.ServiceLayer.Log4net - ---Executing GetUserToken() in UserService----
2023-10-05 06:48:33,223 [6] DEBUG LTCPro.ServiceLayer.Log4net - ---Executing GetUserToken() in UserService----
2023-10-05 06:48:33,422 [13] DEBUG LTCPro.ServiceLayer.Log4net - ---Executing GetFavouritesMasterData() in OrdersController----
2023-10-05 06:48:33,422 [13] DEBUG LTCPro.ServiceLayer.Log4net - ---Executing GetFavouritesMasterData() in OrdersService----
2023-10-05 06:48:33,441 [6] DEBUG LTCPro.ServiceLayer.Log4net - ---Executing GetOrderStockDetails() in OrdersController----
2023-10-05 06:48:33,441 [6] DEBUG LTCPro.ServiceLayer.Log4net - ---Executing GetOrderStockDetails() in OrdersService----
2023-10-05 06:48:33,666 [6] DEBUG LTCPro.ServiceLayer.Log4net - ---Executed Successfully GetOrderStockDetails() in OrdersController----
2023-10-05 06:48:33,858 [13] DEBUG LTCPro.ServiceLayer.Log4net - ---Executed Successfully GetFavouritesMasterData() in OrdersController----
2023-10-05 06:48:34,607 [6] DEBUG LTCPro.ServiceLayer.Log4net - ---Executing GetUserToken() in UserService----
2023-10-05 06:48:34,826 [6] DEBUG LTCPro.ServiceLayer.Log4net - ---Executing GetPhysicianDropData() in OrdersController----
2023-10-05 06:48:34,826 [6] DEBUG LTCPro.ServiceLayer.Log4net - ---Executing GetPhysicianDropData() in OrdersService----
2023-10-05 06:48:35,265 [6] DEBUG LTCPro.ServiceLayer.Log4net - ---Executed Successfully GetPhysicianDropData() in OrdersController----
2023-10-05 06:48:37,576 [35] DEBUG LTCPro.ServiceLayer.Log4net - ---Executing GetUserToken() in UserService----
2023-10-05 06:48:37,794 [35] DEBUG LTCPro.ServiceLayer.Log4net - ---Executing GetOrderHoldData() in OrdersController----
2023-10-05 06:48:37,794 [35] DEBUG LTCPro.ServiceLayer.Log4net - ---Executing GetOrderHoldData() in OrdersService----
2023-10-05 06:48:38,446 [35] DEBUG LTCPro.ServiceLayer.Log4net - ---Executed Successfully GetOrderHoldData() in OrdersController----
2023-10-05 06:54:52,950 [28] DEBUG LTCPro.ServiceLayer.Log4net - ---Executing GetUserToken() in UserService----
2023-10-05 06:54:55,175 [28] ERROR LTCPro.ServiceLayer.Log4net - ===================================
2023-10-05 06:54:55,175 [28] ERROR LTCPro.ServiceLayer.Log4net -  Source : = mscorlib
2023-10-05 06:54:55,175 [28] ERROR LTCPro.ServiceLayer.Log4net -  Stack Trace : =    at System.Runtime.CompilerServices.TaskAwaiter.ThrowForNonSuccess(Task task)
   at System.Runtime.CompilerServices.TaskAwaiter.HandleNonSuccessAndDebuggerNotification(Task task)
   at System.Web.Http.Controllers.ApiControllerActionInvoker.<InvokeActionAsyncCore>d__1.MoveNext()
--- End of stack trace from previous location where exception was thrown ---
   at System.Runtime.CompilerServices.TaskAwaiter.ThrowForNonSuccess(Task task)
   at System.Runtime.CompilerServices.TaskAwaiter.HandleNonSuccessAndDebuggerNotification(Task task)
   at System.Web.Http.Controllers.ActionFilterResult.<ExecuteAsync>d__5.MoveNext()
--- End of stack trace from previous location where exception was thrown ---
   at System.Runtime.CompilerServices.TaskAwaiter.ThrowForNonSuccess(Task task)
   at System.Runtime.CompilerServices.TaskAwaiter.HandleNonSuccessAndDebuggerNotification(Task task)
   at System.Web.Http.Filters.AuthorizationFilterAttribute.<ExecuteAuthorizationFilterAsyncCore>d__3.MoveNext()
--- End of stack trace from previous location where exception was thrown ---
   at System.Runtime.CompilerServices.TaskAwaiter.ThrowForNonSuccess(Task task)
   at System.Runtime.CompilerServices.TaskAwaiter.HandleNonSuccessAndDebuggerNotification(Task task)
   at System.Web.Http.Controllers.ExceptionFilterResult.<ExecuteAsync>d__6.MoveNext()
2023-10-05 06:54:55,175 [28] ERROR LTCPro.ServiceLayer.Log4net -  Exception Message : = A task was canceled.
2023-10-05 06:54:55,175 [28] ERROR LTCPro.ServiceLayer.Log4net - ============= Inner Exception  Stack Trace  ===========
2023-10-05 06:54:55,175 [28] ERROR LTCPro.ServiceLayer.Log4net -  Inner Exception  Stack Trace : =    at System.Runtime.CompilerServices.TaskAwaiter.ThrowForNonSuccess(Task task)
   at System.Runtime.CompilerServices.TaskAwaiter.HandleNonSuccessAndDebuggerNotification(Task task)
   at System.Web.Http.Controllers.ApiControllerActionInvoker.<InvokeActionAsyncCore>d__1.MoveNext()
--- End of stack trace from previous location where exception was thrown ---
   at System.Runtime.CompilerServices.TaskAwaiter.ThrowForNonSuccess(Task task)
   at System.Runtime.CompilerServices.TaskAwaiter.HandleNonSuccessAndDebuggerNotification(Task task)
   at System.Web.Http.Controllers.ActionFilterResult.<ExecuteAsync>d__5.MoveNext()
--- End of stack trace from previous location where exception was thrown ---
   at System.Runtime.CompilerServices.TaskAwaiter.ThrowForNonSuccess(Task task)
   at System.Runtime.CompilerServices.TaskAwaiter.HandleNonSuccessAndDebuggerNotification(Task task)
   at System.Web.Http.Filters.AuthorizationFilterAttribute.<ExecuteAuthorizationFilterAsyncCore>d__3.MoveNext()
--- End of stack trace from previous location where exception was thrown ---
   at System.Runtime.CompilerServices.TaskAwaiter.ThrowForNonSuccess(Task task)
   at System.Runtime.CompilerServices.TaskAwaiter.HandleNonSuccessAndDebuggerNotification(Task task)
   at System.Web.Http.Controllers.ExceptionFilterResult.<ExecuteAsync>d__6.MoveNext()
2023-10-05 06:54:55,175 [28] ERROR LTCPro.ServiceLayer.Log4net - =============  Exception  Stack Trace End  ===========
2023-10-05 06:55:06,984 [46] DEBUG LTCPro.ServiceLayer.Log4net - ---Executing GetUserToken() in UserService----
2023-10-05 06:55:06,984 [44] DEBUG LTCPro.ServiceLayer.Log4net - ---Executing GetUserToken() in UserService----
2023-10-05 06:55:06,996 [5] DEBUG LTCPro.ServiceLayer.Log4net - ---Executing GetUserToken() in UserService----
2023-10-05 06:55:07,016 [45] DEBUG LTCPro.ServiceLayer.Log4net - ---Executing GetUserToken() in UserService----
2023-10-05 06:55:07,204 [46] DEBUG LTCPro.ServiceLayer.Log4net - ---Executing GetAlertsDetails() in MailboxController----
2023-10-05 06:55:07,204 [46] DEBUG LTCPro.ServiceLayer.Log4net - ---Executing GetAlertsDetails() in MailboxService----
2023-10-05 06:55:07,421 [5] DEBUG LTCPro.ServiceLayer.Log4net - ---Executing GetUserPassedDueFlag() in UserController----
2023-10-05 06:55:07,421 [5] DEBUG LTCPro.ServiceLayer.Log4net - ---Executing GetUserPassedDueFlag() in UserService----
2023-10-05 06:55:07,639 [45] DEBUG LTCPro.ServiceLayer.Log4net - ---Executing GetDueMARAlertData() in EmarController----
2023-10-05 06:55:07,639 [45] DEBUG LTCPro.ServiceLayer.Log4net - ---Executing GetDueMARAlertData() in EmarService----
2023-10-05 06:55:07,869 [23] DEBUG LTCPro.ServiceLayer.Log4net - ---Executing GetUserToken() in UserService----
2023-10-05 06:55:07,915 [46] DEBUG LTCPro.ServiceLayer.Log4net - ---Executed successfully GetAlertsDetails() in MailboxController----
2023-10-05 06:55:07,935 [46] DEBUG LTCPro.ServiceLayer.Log4net - ---Executing GetUserToken() in UserService----
2023-10-05 06:55:08,116 [44] DEBUG LTCPro.ServiceLayer.Log4net - ---Executing GetReadMailsCount() in MailboxController----
2023-10-05 06:55:08,116 [44] DEBUG LTCPro.ServiceLayer.Log4net - ---Executing GetReadMailsCount() in MailboxService----
2023-10-05 06:55:08,275 [45] DEBUG LTCPro.ServiceLayer.Log4net - ---Executed Successfully GetDueMARAlertData() in EmarController----
2023-10-05 06:55:08,293 [45] DEBUG LTCPro.ServiceLayer.Log4net - ---Executing GetUserToken() in UserService----
2023-10-05 06:55:08,336 [23] DEBUG LTCPro.ServiceLayer.Log4net - ---Executing GetUserRecentFacNs() in UserController----
2023-10-05 06:55:08,336 [23] DEBUG LTCPro.ServiceLayer.Log4net - ---Executing GetUserRecentFacNs() in UserService----
2023-10-05 06:55:08,494 [46] DEBUG LTCPro.ServiceLayer.Log4net - ---Executing GetPendingDosesList() in CommonController----
2023-10-05 06:55:08,494 [46] DEBUG LTCPro.ServiceLayer.Log4net - ---Executing GetPendingDosesList() in CommonService----
2023-10-05 06:55:08,561 [44] DEBUG LTCPro.ServiceLayer.Log4net - ---Executed successfully GetReadMailsCount() in MailboxController----
2023-10-05 06:55:08,592 [44] DEBUG LTCPro.ServiceLayer.Log4net - ---Executing GetUserToken() in UserService----
2023-10-05 06:55:08,715 [45] DEBUG LTCPro.ServiceLayer.Log4net - ---Executing GetOutboundErrorDetails() in CommonController----
2023-10-05 06:55:08,716 [45] DEBUG LTCPro.ServiceLayer.Log4net - ---Executing GetOutboundErrorDetails() in CommonService----
2023-10-05 06:55:09,012 [44] DEBUG LTCPro.ServiceLayer.Log4net - ---Executing GetUserRecentFacNs() in UserController----
2023-10-05 06:55:09,012 [44] DEBUG LTCPro.ServiceLayer.Log4net - ---Executing GetUserRecentFacNs() in UserService----
2023-10-05 06:55:09,106 [46] DEBUG LTCPro.ServiceLayer.Log4net - ---Executed Successfully GetPendingDosesList() in CommonController----
2023-10-05 06:55:09,245 [5] DEBUG LTCPro.ServiceLayer.Log4net - ---Executed Successfully GetUserPassedDueFlag() in UserController----
2023-10-05 06:55:09,330 [46] DEBUG LTCPro.ServiceLayer.Log4net - ---Executing GetUserToken() in UserService----
2023-10-05 06:55:09,522 [45] DEBUG LTCPro.ServiceLayer.Log4net - ---Executed Successfully GetOutboundErrorDetails() in CommonController----
2023-10-05 06:55:09,544 [44] DEBUG LTCPro.ServiceLayer.Log4net - ---Executed Successfully GetUserRecentFacNs() in UserController----
2023-10-05 06:55:09,556 [46] DEBUG LTCPro.ServiceLayer.Log4net - ---Executing OrderEndingSoonStatus() in OrdersController----
2023-10-05 06:55:09,556 [46] DEBUG LTCPro.ServiceLayer.Log4net - ---Executing OrderEndingSoonStatus() in OrdersService----
2023-10-05 06:55:09,563 [44] DEBUG LTCPro.ServiceLayer.Log4net - ---Executing GetUserToken() in UserService----
2023-10-05 06:55:09,781 [44] DEBUG LTCPro.ServiceLayer.Log4net - ---Executing InsertUserActivityDetails() in CompanyController----
2023-10-05 06:55:09,781 [44] DEBUG LTCPro.ServiceLayer.Log4net - ---Executing InsertUserActivityDetails() in UserActivityService----
2023-10-05 06:55:09,917 [46] DEBUG LTCPro.ServiceLayer.Log4net - ---Executed Successfully OrderEndingSoonStatus() in OrdersController----
2023-10-05 06:55:09,960 [46] DEBUG LTCPro.ServiceLayer.Log4net - ---Executing GetUserToken() in UserService----
2023-10-05 06:55:10,156 [23] DEBUG LTCPro.ServiceLayer.Log4net - ---Executed Successfully GetUserRecentFacNs() in UserController----
2023-10-05 06:55:10,183 [46] DEBUG LTCPro.ServiceLayer.Log4net - ---Executing GetUserAccessFacilityNurseStaions() in FacilityController----
2023-10-05 06:55:10,183 [46] DEBUG LTCPro.ServiceLayer.Log4net - ---Executing GetUserAccessFacilityNurseStaions() in FacilityService----
2023-10-05 06:55:10,219 [23] DEBUG LTCPro.ServiceLayer.Log4net - ---Executing GetUserToken() in UserService----
2023-10-05 06:55:10,436 [23] DEBUG LTCPro.ServiceLayer.Log4net - ---Executing GetUserAccessFacilityNurseStaions() in FacilityController----
2023-10-05 06:55:10,436 [23] DEBUG LTCPro.ServiceLayer.Log4net - ---Executing GetUserAccessFacilityNurseStaions() in FacilityService----
2023-10-05 06:55:10,441 [44] DEBUG LTCPro.ServiceLayer.Log4net - ---Executed Successfully InsertUserActivityDetails() in CompanyController----
2023-10-05 06:55:10,625 [46] DEBUG LTCPro.ServiceLayer.Log4net - ---Executed Successfully GetUserAccessFacilityNurseStaions() in FacilityController----
2023-10-05 06:55:10,666 [46] DEBUG LTCPro.ServiceLayer.Log4net - ---Executing GetUserToken() in UserService----
2023-10-05 06:55:10,874 [23] DEBUG LTCPro.ServiceLayer.Log4net - ---Executed Successfully GetUserAccessFacilityNurseStaions() in FacilityController----
2023-10-05 06:55:10,886 [46] DEBUG LTCPro.ServiceLayer.Log4net - ---Executing UserNurseStationDrop() in FacilityController----
2023-10-05 06:55:10,886 [46] DEBUG LTCPro.ServiceLayer.Log4net - ---Executing UserNurseStationDrop() in FacilityService----
2023-10-05 06:55:11,109 [46] DEBUG LTCPro.ServiceLayer.Log4net - ---Executed Successfully UserNurseStationDrop() in FacilityController----
2023-10-05 06:55:11,165 [23] DEBUG LTCPro.ServiceLayer.Log4net - ---Executing GetUserToken() in UserService----
2023-10-05 06:55:11,383 [23] DEBUG LTCPro.ServiceLayer.Log4net - ---Executing GetCompanyToBedFlagByFacId() in FacilityController----
2023-10-05 06:55:11,383 [23] DEBUG LTCPro.ServiceLayer.Log4net - ---Executing GetCompanyToBedFlagByFacId() in FacilityService----
2023-10-05 06:55:11,412 [46] DEBUG LTCPro.ServiceLayer.Log4net - ---Executing GetUserToken() in UserService----
2023-10-05 06:55:11,413 [44] DEBUG LTCPro.ServiceLayer.Log4net - ---Executing GetUserToken() in UserService----
2023-10-05 06:55:11,630 [46] DEBUG LTCPro.ServiceLayer.Log4net - ---Executing GetOrdersEndingSoon() in OrdersController----
2023-10-05 06:55:11,630 [46] DEBUG LTCPro.ServiceLayer.Log4net - ---Executing GetOrdersEndingSoon() in OrdersService----
2023-10-05 06:55:11,630 [44] DEBUG LTCPro.ServiceLayer.Log4net - ---Executing OrderEndingSoonStatus() in OrdersController----
2023-10-05 06:55:11,630 [44] DEBUG LTCPro.ServiceLayer.Log4net - ---Executing OrderEndingSoonStatus() in OrdersService----
2023-10-05 06:55:11,876 [5] DEBUG LTCPro.ServiceLayer.Log4net - ---Executing GetUserToken() in UserService----
2023-10-05 06:55:12,001 [44] DEBUG LTCPro.ServiceLayer.Log4net - ---Executed Successfully OrderEndingSoonStatus() in OrdersController----
2023-10-05 06:55:12,094 [5] DEBUG LTCPro.ServiceLayer.Log4net - ---Executing GetPRNDetailsByfilter() in EMARController----
2023-10-05 06:55:12,094 [5] DEBUG LTCPro.ServiceLayer.Log4net - ---Executing GetPRNDetailsByfilter() in EmarService----
2023-10-05 06:55:12,155 [46] DEBUG LTCPro.ServiceLayer.Log4net - ---Executed Successfully GetOrdersEndingSoon() in OrdersController----
2023-10-05 06:55:12,177 [46] DEBUG LTCPro.ServiceLayer.Log4net - ---Executing GetUserToken() in UserService----
2023-10-05 06:55:12,210 [44] DEBUG LTCPro.ServiceLayer.Log4net - ---Executing GetUserToken() in UserService----
2023-10-05 06:55:12,396 [46] DEBUG LTCPro.ServiceLayer.Log4net - ---Executing GetSeventyTwoHourDetailsByfilter() in EMARController----
2023-10-05 06:55:12,396 [46] DEBUG LTCPro.ServiceLayer.Log4net - ---Executing GetSeventyTwoHourDetailsByfilter() in EmarService----
2023-10-05 06:55:12,428 [44] DEBUG LTCPro.ServiceLayer.Log4net - ---Executing GetOrdersGridData() in OrdersController----
2023-10-05 06:55:12,428 [44] DEBUG LTCPro.ServiceLayer.Log4net - ---Executing GetOrdersGridData() in OrdersService----
2023-10-05 06:55:12,698 [23] DEBUG LTCPro.ServiceLayer.Log4net - ---Executed Successfully GetCompanyToBedFlagByFacId() in FacilityController----
2023-10-05 06:55:12,759 [45] DEBUG LTCPro.ServiceLayer.Log4net - ---Executing GetUserToken() in UserService----
2023-10-05 06:55:12,976 [45] DEBUG LTCPro.ServiceLayer.Log4net - ---Executing GetNurseStationHierarchyDetailsbyNsId() in CompanyController----
2023-10-05 06:55:12,976 [45] DEBUG LTCPro.ServiceLayer.Log4net - ---Executing GetNurseStationHierarchyDetailsbyNsId() in CompanyService----
2023-10-05 06:55:13,197 [45] DEBUG LTCPro.ServiceLayer.Log4net - ---Executed Successfully GetNurseStationHierarchyDetailsbyNsId() in CompanyController----
2023-10-05 06:55:13,317 [5] DEBUG LTCPro.ServiceLayer.Log4net - ---Executed Successfully GetPRNDetailsByfilter() in EMARController----
2023-10-05 06:55:13,465 [46] DEBUG LTCPro.ServiceLayer.Log4net - ---Executed Successfully GetSeventyTwoHourDetailsByfilter() in EMARController----
2023-10-05 06:55:14,393 [44] DEBUG LTCPro.ServiceLayer.Log4net - ---Executed Successfully GetOrdersGridData() in OrdersController----
2023-10-05 06:55:17,262 [46] DEBUG LTCPro.ServiceLayer.Log4net - ---Executing GetUserToken() in UserService----
2023-10-05 06:55:17,485 [46] DEBUG LTCPro.ServiceLayer.Log4net - ---Executing GetPendingOrdersGridData() in OrdersController----
2023-10-05 06:55:17,485 [46] DEBUG LTCPro.ServiceLayer.Log4net - ---Executing GetPendingOrdersGridData() in OrdersService----
2023-10-05 06:55:18,987 [5] DEBUG LTCPro.ServiceLayer.Log4net - ---Executing GetUserToken() in UserService----
2023-10-05 06:55:19,217 [5] DEBUG LTCPro.ServiceLayer.Log4net - ---Executing GetOrdersGridDataByPatientId() in OrdersController----
2023-10-05 06:55:19,217 [5] DEBUG LTCPro.ServiceLayer.Log4net - ---Executing GetOrdersGridDataByPatientId() in OrdersService----
2023-10-05 06:55:19,312 [46] DEBUG LTCPro.ServiceLayer.Log4net - ---Executed Successfully GetPendingOrdersGridData() in OrdersController----
2023-10-05 06:55:20,599 [5] DEBUG LTCPro.ServiceLayer.Log4net - ---Executed Successfully GetOrdersGridDataByPatientId() in OrdersController----
2023-10-05 06:55:22,004 [46] DEBUG LTCPro.ServiceLayer.Log4net - ---Executing GetUserToken() in UserService----
2023-10-05 06:55:22,182 [28] DEBUG LTCPro.ServiceLayer.Log4net - ---Executing GetUserToken() in UserService----
2023-10-05 06:55:22,221 [46] DEBUG LTCPro.ServiceLayer.Log4net - ---Executing GetFacilityNSResidentsDataByPId() in ResidentDemographicController----
2023-10-05 06:55:22,221 [46] DEBUG LTCPro.ServiceLayer.Log4net - ---Executing GetFacilityNSResidentsDataByPId() in ResidentDemographicService----
2023-10-05 06:55:22,400 [28] DEBUG LTCPro.ServiceLayer.Log4net - ---Executing GetNurseNotes() in OrdersController----
2023-10-05 06:55:22,400 [28] DEBUG LTCPro.ServiceLayer.Log4net - ---Executing GetNurseNotes() in OrdersService----
2023-10-05 06:55:23,553 [28] DEBUG LTCPro.ServiceLayer.Log4net - ---Executed Successfully GetNurseNotes() in OrdersController----
2023-10-05 06:55:23,754 [46] DEBUG LTCPro.ServiceLayer.Log4net - ---Executed Successfully GetFacilityNSResidentsDataByPId() in ResidentDemographicController----
2023-10-05 06:55:23,838 [23] DEBUG LTCPro.ServiceLayer.Log4net - ---Executing GetUserToken() in UserService----
2023-10-05 06:55:23,842 [47] DEBUG LTCPro.ServiceLayer.Log4net - ---Executing GetUserToken() in UserService----
2023-10-05 06:55:23,850 [46] DEBUG LTCPro.ServiceLayer.Log4net - ---Executing GetUserToken() in UserService----
2023-10-05 06:55:24,062 [47] DEBUG LTCPro.ServiceLayer.Log4net - ---Executing GetAllBarcodes() in StockEkitController----
2023-10-05 06:55:24,062 [47] DEBUG LTCPro.ServiceLayer.Log4net - ---Executing GetAllBarcodes() in StockEkitService----
2023-10-05 06:55:24,062 [23] DEBUG LTCPro.ServiceLayer.Log4net - ---Executing GetDrFirstFlagForCompanyByNSId() in CompanyController----
2023-10-05 06:55:24,062 [23] DEBUG LTCPro.ServiceLayer.Log4net - ---Executing GetDrFirstFlagForCompanyByNSId() in CompanyService----
2023-10-05 06:55:24,069 [46] DEBUG LTCPro.ServiceLayer.Log4net - ---Executing GetResidentInformation() in ResidentDemographicController----
2023-10-05 06:55:24,070 [46] DEBUG LTCPro.ServiceLayer.Log4net - ---Executing GetResidentInformation() in ResidentDemographicService----
2023-10-05 06:55:24,074 [28] DEBUG LTCPro.ServiceLayer.Log4net - ---Executing GetUserToken() in UserService----
2023-10-05 06:55:24,119 [44] DEBUG LTCPro.ServiceLayer.Log4net - ---Executing GetUserToken() in UserService----
2023-10-05 06:55:24,281 [23] DEBUG LTCPro.ServiceLayer.Log4net - ---Executed Successfully GetDrFirstFlagForCompanyByNSId() in CompanyController----
2023-10-05 06:55:24,292 [28] DEBUG LTCPro.ServiceLayer.Log4net - ---Executing GetPhysicianDropData() in OrdersController----
2023-10-05 06:55:24,292 [28] DEBUG LTCPro.ServiceLayer.Log4net - ---Executing GetPhysicianDropData() in OrdersService----
2023-10-05 06:55:25,303 [28] DEBUG LTCPro.ServiceLayer.Log4net - ---Executed Successfully GetPhysicianDropData() in OrdersController----
2023-10-05 06:55:25,802 [44] DEBUG LTCPro.ServiceLayer.Log4net - ---Executing GetOrderRoutes() in OrdersController----
2023-10-05 06:55:25,802 [44] DEBUG LTCPro.ServiceLayer.Log4net - ---Executing GetOrderRoutes() in OrdersService----
2023-10-05 06:55:26,024 [44] DEBUG LTCPro.ServiceLayer.Log4net - ---Executed Successfully GetOrderRoutes() in OrdersController----
2023-10-05 06:55:28,192 [46] DEBUG LTCPro.ServiceLayer.Log4net - ---Executed Successfully GetResidentInformation() in ResidentDemographicController----
2023-10-05 06:55:28,247 [24] DEBUG LTCPro.ServiceLayer.Log4net - ---Executing GetUserToken() in UserService----
2023-10-05 06:55:28,255 [28] DEBUG LTCPro.ServiceLayer.Log4net - ---Executing GetUserToken() in UserService----
2023-10-05 06:55:28,295 [45] DEBUG LTCPro.ServiceLayer.Log4net - ---Executing GetUserToken() in UserService----
2023-10-05 06:55:28,474 [24] DEBUG LTCPro.ServiceLayer.Log4net - ---Executing GetDrFirstOrderCheck() in DrFirstIntegrationController----
2023-10-05 06:55:28,474 [24] DEBUG LTCPro.ServiceLayer.Log4net - ---Executing GetDrFirstOrderCheck() in DrFirstIntegrationService----
2023-10-05 06:55:28,491 [28] DEBUG LTCPro.ServiceLayer.Log4net - ---Executing GetWeightList(Patient_Id) in AssessmentController----
2023-10-05 06:55:28,491 [28] DEBUG LTCPro.ServiceLayer.Log4net - ---Executing GetWeightList() in AssessmentService----
2023-10-05 06:55:28,494 [44] DEBUG LTCPro.ServiceLayer.Log4net - ---Executing GetUserToken() in UserService----
2023-10-05 06:55:28,494 [46] DEBUG LTCPro.ServiceLayer.Log4net - ---Executing GetUserToken() in UserService----
2023-10-05 06:55:28,513 [45] DEBUG LTCPro.ServiceLayer.Log4net - ---Executing GetPatientType() in ResidentDemographicController----
2023-10-05 06:55:28,513 [45] DEBUG LTCPro.ServiceLayer.Log4net - ---Executing GetPatientType() in EmarService----
2023-10-05 06:55:28,691 [24] DEBUG LTCPro.ServiceLayer.Log4net - ---Executed Successfully GetDrFirstOrderCheck() in DrFirstIntegrationController----
2023-10-05 06:55:28,713 [46] DEBUG LTCPro.ServiceLayer.Log4net - ---Executing GetDiagnosisDetails() in OrdersController----
2023-10-05 06:55:28,713 [46] DEBUG LTCPro.ServiceLayer.Log4net - ---Executing GetDiagnosisDetails() in OrdersService----
2023-10-05 06:55:28,731 [45] DEBUG LTCPro.ServiceLayer.Log4net - ---Executed Successfully GetPatientType() in ResidentDemographicController----
2023-10-05 06:55:29,364 [46] DEBUG LTCPro.ServiceLayer.Log4net - ---Executed Successfully GetDiagnosisDetails() in OrdersController----
2023-10-05 06:55:29,616 [44] DEBUG LTCPro.ServiceLayer.Log4net - ---Executing GetOrderGridData() in OrdersController----
2023-10-05 06:55:29,616 [44] DEBUG LTCPro.ServiceLayer.Log4net - ---Executing GetOrderGridData() in OrdersService----
2023-10-05 06:55:30,022 [28] DEBUG LTCPro.ServiceLayer.Log4net - ---Executed Successfully GetWeightList(Patient_Id) in AssessmentController----
2023-10-05 06:55:30,027 [44] DEBUG LTCPro.ServiceLayer.Log4net - ---Executed Successfully GetOrderGridData() in OrdersController----
2023-10-05 06:55:30,129 [24] DEBUG LTCPro.ServiceLayer.Log4net - ---Executing GetUserToken() in UserService----
2023-10-05 06:55:30,304 [5] DEBUG LTCPro.ServiceLayer.Log4net - ---Executing GetUserToken() in UserService----
2023-10-05 06:55:30,304 [45] DEBUG LTCPro.ServiceLayer.Log4net - ---Executing GetUserToken() in UserService----
2023-10-05 06:55:30,358 [24] DEBUG LTCPro.ServiceLayer.Log4net - ---Executing GetAllBarcodes() in StockEkitController----
2023-10-05 06:55:30,358 [24] DEBUG LTCPro.ServiceLayer.Log4net - ---Executing GetAllBarcodes() in StockEkitService----
2023-10-05 06:55:30,525 [5] DEBUG LTCPro.ServiceLayer.Log4net - ---Executing GetOrderGridData() in OrdersController----
2023-10-05 06:55:30,526 [5] DEBUG LTCPro.ServiceLayer.Log4net - ---Executing GetOrderGridData() in OrdersService----
2023-10-05 06:55:30,525 [45] DEBUG LTCPro.ServiceLayer.Log4net - ---Executing GetOrdersData() in OrdersController----
2023-10-05 06:55:30,526 [45] DEBUG LTCPro.ServiceLayer.Log4net - ---Executing GetOrdersData() in OrdersService----
2023-10-05 06:55:31,255 [5] DEBUG LTCPro.ServiceLayer.Log4net - ---Executed Successfully GetOrderGridData() in OrdersController----
2023-10-05 06:55:31,682 [45] DEBUG LTCPro.ServiceLayer.Log4net - ---Executed Successfully GetOrdersData() in OrdersController----
2023-10-05 06:55:32,009 [28] DEBUG LTCPro.ServiceLayer.Log4net - ---Executing GetUserToken() in UserService----
2023-10-05 06:55:32,009 [44] DEBUG LTCPro.ServiceLayer.Log4net - ---Executing GetUserToken() in UserService----
2023-10-05 06:55:32,227 [44] DEBUG LTCPro.ServiceLayer.Log4net - ---Executing GetFavouritesMasterData() in OrdersController----
2023-10-05 06:55:32,227 [44] DEBUG LTCPro.ServiceLayer.Log4net - ---Executing GetFavouritesMasterData() in OrdersService----
2023-10-05 06:55:32,227 [28] DEBUG LTCPro.ServiceLayer.Log4net - ---Executing GetOrderStockDetails() in OrdersController----
2023-10-05 06:55:32,228 [28] DEBUG LTCPro.ServiceLayer.Log4net - ---Executing GetOrderStockDetails() in OrdersService----
2023-10-05 06:55:32,446 [28] DEBUG LTCPro.ServiceLayer.Log4net - ---Executed Successfully GetOrderStockDetails() in OrdersController----
2023-10-05 06:55:32,448 [44] DEBUG LTCPro.ServiceLayer.Log4net - ---Executed Successfully GetFavouritesMasterData() in OrdersController----
2023-10-05 06:55:32,512 [5] DEBUG LTCPro.ServiceLayer.Log4net - ---Executing GetUserToken() in UserService----
2023-10-05 06:55:32,679 [44] DEBUG LTCPro.ServiceLayer.Log4net - ---Executing GetUserToken() in UserService----
2023-10-05 06:55:32,732 [5] DEBUG LTCPro.ServiceLayer.Log4net - ---Executing GetPhysicianDropData() in OrdersController----
2023-10-05 06:55:32,732 [5] DEBUG LTCPro.ServiceLayer.Log4net - ---Executing GetPhysicianDropData() in OrdersService----
2023-10-05 06:55:32,900 [44] DEBUG LTCPro.ServiceLayer.Log4net - ---Executing GetNurseNotes() in OrdersController----
2023-10-05 06:55:32,901 [44] DEBUG LTCPro.ServiceLayer.Log4net - ---Executing GetNurseNotes() in OrdersService----
2023-10-05 06:55:33,169 [5] DEBUG LTCPro.ServiceLayer.Log4net - ---Executed Successfully GetPhysicianDropData() in OrdersController----
2023-10-05 06:55:34,087 [44] DEBUG LTCPro.ServiceLayer.Log4net - ---Executed Successfully GetNurseNotes() in OrdersController----
2023-10-05 06:55:36,242 [44] DEBUG LTCPro.ServiceLayer.Log4net - ---Executing GetUserToken() in UserService----
2023-10-05 06:55:36,460 [44] DEBUG LTCPro.ServiceLayer.Log4net - ---Executing GetOrdersData() in OrdersController----
2023-10-05 06:55:36,460 [44] DEBUG LTCPro.ServiceLayer.Log4net - ---Executing GetOrdersData() in OrdersService----
2023-10-05 06:55:37,409 [44] DEBUG LTCPro.ServiceLayer.Log4net - ---Executed Successfully GetOrdersData() in OrdersController----
2023-10-05 06:55:37,783 [44] DEBUG LTCPro.ServiceLayer.Log4net - ---Executing GetUserToken() in UserService----
2023-10-05 06:55:37,786 [28] DEBUG LTCPro.ServiceLayer.Log4net - ---Executing GetUserToken() in UserService----
2023-10-05 06:55:38,015 [28] DEBUG LTCPro.ServiceLayer.Log4net - ---Executing GetFavouritesMasterData() in OrdersController----
2023-10-05 06:55:38,015 [44] DEBUG LTCPro.ServiceLayer.Log4net - ---Executing GetOrderStockDetails() in OrdersController----
2023-10-05 06:55:38,015 [44] DEBUG LTCPro.ServiceLayer.Log4net - ---Executing GetOrderStockDetails() in OrdersService----
2023-10-05 06:55:38,015 [28] DEBUG LTCPro.ServiceLayer.Log4net - ---Executing GetFavouritesMasterData() in OrdersService----
2023-10-05 06:55:38,233 [5] DEBUG LTCPro.ServiceLayer.Log4net - ---Executing GetUserToken() in UserService----
2023-10-05 06:55:38,239 [28] DEBUG LTCPro.ServiceLayer.Log4net - ---Executed Successfully GetFavouritesMasterData() in OrdersController----
2023-10-05 06:55:38,245 [44] DEBUG LTCPro.ServiceLayer.Log4net - ---Executed Successfully GetOrderStockDetails() in OrdersController----
2023-10-05 06:55:38,277 [44] DEBUG LTCPro.ServiceLayer.Log4net - ---Executing GetUserToken() in UserService----
2023-10-05 06:55:38,452 [5] DEBUG LTCPro.ServiceLayer.Log4net - ---Executing GetPhysicianDropData() in OrdersController----
2023-10-05 06:55:38,452 [5] DEBUG LTCPro.ServiceLayer.Log4net - ---Executing GetPhysicianDropData() in OrdersService----
2023-10-05 06:55:38,471 [28] DEBUG LTCPro.ServiceLayer.Log4net - ---Executing GetUserToken() in UserService----
2023-10-05 06:55:38,689 [28] DEBUG LTCPro.ServiceLayer.Log4net - ---Executing GetOrderHoldData() in OrdersController----
2023-10-05 06:55:38,689 [28] DEBUG LTCPro.ServiceLayer.Log4net - ---Executing GetOrderHoldData() in OrdersService----
2023-10-05 06:55:38,889 [5] DEBUG LTCPro.ServiceLayer.Log4net - ---Executed Successfully GetPhysicianDropData() in OrdersController----
2023-10-05 06:55:39,342 [28] DEBUG LTCPro.ServiceLayer.Log4net - ---Executed Successfully GetOrderHoldData() in OrdersController----
2023-10-05 06:55:55,880 [47] DEBUG LTCPro.ServiceLayer.Log4net - ---Executed Successfully GetAllBarcodes() in StockEkitController----
2023-10-05 06:56:01,403 [24] DEBUG LTCPro.ServiceLayer.Log4net - ---Executed Successfully GetAllBarcodes() in StockEkitController----
2023-10-05 06:56:03,487 [28] DEBUG LTCPro.ServiceLayer.Log4net - ---Executing GetUserToken() in UserService----
2023-10-05 06:56:03,704 [28] DEBUG LTCPro.ServiceLayer.Log4net - ---Executing GetOrdersData() in OrdersController----
2023-10-05 06:56:03,704 [28] DEBUG LTCPro.ServiceLayer.Log4net - ---Executing GetOrdersData() in OrdersService----
2023-10-05 06:56:04,569 [28] DEBUG LTCPro.ServiceLayer.Log4net - ---Executed Successfully GetOrdersData() in OrdersController----
2023-10-05 06:56:04,776 [5] DEBUG LTCPro.ServiceLayer.Log4net - ---Executing GetUserToken() in UserService----
2023-10-05 06:56:04,897 [44] DEBUG LTCPro.ServiceLayer.Log4net - ---Executing GetUserToken() in UserService----
2023-10-05 06:56:04,909 [24] DEBUG LTCPro.ServiceLayer.Log4net - ---Executing GetUserToken() in UserService----
2023-10-05 06:56:04,919 [23] DEBUG LTCPro.ServiceLayer.Log4net - ---Executing GetUserToken() in UserService----
2023-10-05 06:56:04,932 [28] DEBUG LTCPro.ServiceLayer.Log4net - ---Executing GetUserToken() in UserService----
2023-10-05 06:56:05,118 [44] DEBUG LTCPro.ServiceLayer.Log4net - ---Executing GetOrderHoldData() in OrdersController----
2023-10-05 06:56:05,118 [44] DEBUG LTCPro.ServiceLayer.Log4net - ---Executing GetOrderHoldData() in OrdersService----
2023-10-05 06:56:05,127 [24] DEBUG LTCPro.ServiceLayer.Log4net - ---Executing GetFavouritesMasterData() in OrdersController----
2023-10-05 06:56:05,127 [24] DEBUG LTCPro.ServiceLayer.Log4net - ---Executing GetFavouritesMasterData() in OrdersService----
2023-10-05 06:56:05,137 [23] DEBUG LTCPro.ServiceLayer.Log4net - ---Executing GetOrderStockDetails() in OrdersController----
2023-10-05 06:56:05,137 [23] DEBUG LTCPro.ServiceLayer.Log4net - ---Executing GetOrderStockDetails() in OrdersService----
2023-10-05 06:56:05,149 [28] DEBUG LTCPro.ServiceLayer.Log4net - ---Executing GetPhysicianDropData() in OrdersController----
2023-10-05 06:56:05,149 [28] DEBUG LTCPro.ServiceLayer.Log4net - ---Executing GetPhysicianDropData() in OrdersService----
2023-10-05 06:56:05,346 [24] DEBUG LTCPro.ServiceLayer.Log4net - ---Executed Successfully GetFavouritesMasterData() in OrdersController----
2023-10-05 06:56:05,361 [23] DEBUG LTCPro.ServiceLayer.Log4net - ---Executed Successfully GetOrderStockDetails() in OrdersController----
2023-10-05 06:56:05,587 [28] DEBUG LTCPro.ServiceLayer.Log4net - ---Executed Successfully GetPhysicianDropData() in OrdersController----
2023-10-05 06:56:05,771 [44] DEBUG LTCPro.ServiceLayer.Log4net - ---Executed Successfully GetOrderHoldData() in OrdersController----
2023-10-05 06:59:09,194 [13] DEBUG LTCPro.ServiceLayer.Log4net - ---Executing GetUserToken() in UserService----
2023-10-05 06:59:09,197 [47] DEBUG LTCPro.ServiceLayer.Log4net - ---Executing GetUserToken() in UserService----
2023-10-05 06:59:09,227 [24] DEBUG LTCPro.ServiceLayer.Log4net - ---Executing GetUserToken() in UserService----
2023-10-05 06:59:09,228 [10] DEBUG LTCPro.ServiceLayer.Log4net - ---Executing GetUserToken() in UserService----
2023-10-05 06:59:09,231 [35] DEBUG LTCPro.ServiceLayer.Log4net - ---Executing GetUserToken() in UserService----
2023-10-05 06:59:09,233 [23] DEBUG LTCPro.ServiceLayer.Log4net - ---Executing GetUserToken() in UserService----
2023-10-05 06:59:09,414 [13] DEBUG LTCPro.ServiceLayer.Log4net - ---Executing GetAlertsDetails() in MailboxController----
2023-10-05 06:59:09,414 [13] DEBUG LTCPro.ServiceLayer.Log4net - ---Executing GetAlertsDetails() in MailboxService----
2023-10-05 06:59:09,420 [47] DEBUG LTCPro.ServiceLayer.Log4net - ---Executing GetDueMARAlertData() in EmarController----
2023-10-05 06:59:09,420 [47] DEBUG LTCPro.ServiceLayer.Log4net - ---Executing GetDueMARAlertData() in EmarService----
2023-10-05 06:59:09,445 [10] DEBUG LTCPro.ServiceLayer.Log4net - ---Executing GetOutboundErrorDetails() in CommonController----
2023-10-05 06:59:09,445 [24] DEBUG LTCPro.ServiceLayer.Log4net - ---Executing GetPendingDosesList() in CommonController----
2023-10-05 06:59:09,445 [24] DEBUG LTCPro.ServiceLayer.Log4net - ---Executing GetPendingDosesList() in CommonService----
2023-10-05 06:59:09,445 [10] DEBUG LTCPro.ServiceLayer.Log4net - ---Executing GetOutboundErrorDetails() in CommonService----
2023-10-05 06:59:09,448 [35] DEBUG LTCPro.ServiceLayer.Log4net - ---Executing GetReadMailsCount() in MailboxController----
2023-10-05 06:59:09,448 [35] DEBUG LTCPro.ServiceLayer.Log4net - ---Executing GetReadMailsCount() in MailboxService----
2023-10-05 06:59:09,450 [23] DEBUG LTCPro.ServiceLayer.Log4net - ---Executing GetUserPassedDueFlag() in UserController----
2023-10-05 06:59:09,450 [23] DEBUG LTCPro.ServiceLayer.Log4net - ---Executing GetUserPassedDueFlag() in UserService----
2023-10-05 06:59:09,667 [23] DEBUG LTCPro.ServiceLayer.Log4net - ---Executed Successfully GetUserPassedDueFlag() in UserController----
2023-10-05 06:59:09,670 [35] DEBUG LTCPro.ServiceLayer.Log4net - ---Executed successfully GetReadMailsCount() in MailboxController----
2023-10-05 06:59:09,715 [13] DEBUG LTCPro.ServiceLayer.Log4net - ---Executed successfully GetAlertsDetails() in MailboxController----
2023-10-05 06:59:09,753 [35] DEBUG LTCPro.ServiceLayer.Log4net - ---Executing GetUserToken() in UserService----
2023-10-05 06:59:09,762 [23] DEBUG LTCPro.ServiceLayer.Log4net - ---Executing GetUserToken() in UserService----
2023-10-05 06:59:09,852 [24] DEBUG LTCPro.ServiceLayer.Log4net - ---Executed Successfully GetPendingDosesList() in CommonController----
2023-10-05 06:59:09,866 [24] DEBUG LTCPro.ServiceLayer.Log4net - ---Executing GetUserToken() in UserService----
2023-10-05 06:59:09,973 [35] DEBUG LTCPro.ServiceLayer.Log4net - ---Executing GetUserRecentFacNs() in UserController----
2023-10-05 06:59:09,973 [35] DEBUG LTCPro.ServiceLayer.Log4net - ---Executing GetUserRecentFacNs() in UserService----
2023-10-05 06:59:09,980 [23] DEBUG LTCPro.ServiceLayer.Log4net - ---Executing GetUserRecentFacNs() in UserController----
2023-10-05 06:59:09,980 [23] DEBUG LTCPro.ServiceLayer.Log4net - ---Executing GetUserRecentFacNs() in UserService----
2023-10-05 06:59:09,989 [47] DEBUG LTCPro.ServiceLayer.Log4net - ---Executed Successfully GetDueMARAlertData() in EmarController----
2023-10-05 06:59:09,994 [13] DEBUG LTCPro.ServiceLayer.Log4net - ---Executing GetUserToken() in UserService----
2023-10-05 06:59:10,000 [10] DEBUG LTCPro.ServiceLayer.Log4net - ---Executed Successfully GetOutboundErrorDetails() in CommonController----
2023-10-05 06:59:10,084 [24] DEBUG LTCPro.ServiceLayer.Log4net - ---Executing InsertUserActivityDetails() in CompanyController----
2023-10-05 06:59:10,084 [24] DEBUG LTCPro.ServiceLayer.Log4net - ---Executing InsertUserActivityDetails() in UserActivityService----
2023-10-05 06:59:10,214 [13] DEBUG LTCPro.ServiceLayer.Log4net - ---Executing OrderEndingSoonStatus() in OrdersController----
2023-10-05 06:59:10,214 [13] DEBUG LTCPro.ServiceLayer.Log4net - ---Executing OrderEndingSoonStatus() in OrdersService----
2023-10-05 06:59:10,413 [23] DEBUG LTCPro.ServiceLayer.Log4net - ---Executed Successfully GetUserRecentFacNs() in UserController----
2023-10-05 06:59:10,413 [35] DEBUG LTCPro.ServiceLayer.Log4net - ---Executed Successfully GetUserRecentFacNs() in UserController----
2023-10-05 06:59:10,451 [35] DEBUG LTCPro.ServiceLayer.Log4net - ---Executing GetUserToken() in UserService----
2023-10-05 06:59:10,451 [23] DEBUG LTCPro.ServiceLayer.Log4net - ---Executing GetUserToken() in UserService----
2023-10-05 06:59:10,588 [13] DEBUG LTCPro.ServiceLayer.Log4net - ---Executed Successfully OrderEndingSoonStatus() in OrdersController----
2023-10-05 06:59:10,669 [35] DEBUG LTCPro.ServiceLayer.Log4net - ---Executing GetUserAccessFacilityNurseStaions() in FacilityController----
2023-10-05 06:59:10,669 [35] DEBUG LTCPro.ServiceLayer.Log4net - ---Executing GetUserAccessFacilityNurseStaions() in FacilityService----
2023-10-05 06:59:10,669 [23] DEBUG LTCPro.ServiceLayer.Log4net - ---Executing GetUserAccessFacilityNurseStaions() in FacilityController----
2023-10-05 06:59:10,669 [23] DEBUG LTCPro.ServiceLayer.Log4net - ---Executing GetUserAccessFacilityNurseStaions() in FacilityService----
2023-10-05 06:59:10,783 [24] DEBUG LTCPro.ServiceLayer.Log4net - ---Executed Successfully InsertUserActivityDetails() in CompanyController----
2023-10-05 06:59:11,105 [23] DEBUG LTCPro.ServiceLayer.Log4net - ---Executed Successfully GetUserAccessFacilityNurseStaions() in FacilityController----
2023-10-05 06:59:11,108 [35] DEBUG LTCPro.ServiceLayer.Log4net - ---Executed Successfully GetUserAccessFacilityNurseStaions() in FacilityController----
2023-10-05 06:59:11,151 [13] DEBUG LTCPro.ServiceLayer.Log4net - ---Executing GetUserToken() in UserService----
2023-10-05 06:59:11,367 [13] DEBUG LTCPro.ServiceLayer.Log4net - ---Executing UserNurseStationDrop() in FacilityController----
2023-10-05 06:59:11,368 [13] DEBUG LTCPro.ServiceLayer.Log4net - ---Executing UserNurseStationDrop() in FacilityService----
2023-10-05 06:59:11,586 [13] DEBUG LTCPro.ServiceLayer.Log4net - ---Executed Successfully UserNurseStationDrop() in FacilityController----
2023-10-05 06:59:11,654 [35] DEBUG LTCPro.ServiceLayer.Log4net - ---Executing GetUserToken() in UserService----
2023-10-05 06:59:11,900 [35] DEBUG LTCPro.ServiceLayer.Log4net - ---Executing GetCompanyToBedFlagByFacId() in FacilityController----
2023-10-05 06:59:11,900 [35] DEBUG LTCPro.ServiceLayer.Log4net - ---Executing GetCompanyToBedFlagByFacId() in FacilityService----
2023-10-05 06:59:11,942 [13] DEBUG LTCPro.ServiceLayer.Log4net - ---Executing GetUserToken() in UserService----
2023-10-05 06:59:11,949 [23] DEBUG LTCPro.ServiceLayer.Log4net - ---Executing GetUserToken() in UserService----
2023-10-05 06:59:11,949 [24] DEBUG LTCPro.ServiceLayer.Log4net - ---Executing GetUserToken() in UserService----
2023-10-05 06:59:12,162 [13] DEBUG LTCPro.ServiceLayer.Log4net - ---Executing OrderEndingSoonStatus() in OrdersController----
2023-10-05 06:59:12,162 [13] DEBUG LTCPro.ServiceLayer.Log4net - ---Executing OrderEndingSoonStatus() in OrdersService----
2023-10-05 06:59:12,167 [24] DEBUG LTCPro.ServiceLayer.Log4net - ---Executing GetOrdersEndingSoon() in OrdersController----
2023-10-05 06:59:12,167 [24] DEBUG LTCPro.ServiceLayer.Log4net - ---Executing GetOrdersEndingSoon() in OrdersService----
2023-10-05 06:59:12,167 [23] DEBUG LTCPro.ServiceLayer.Log4net - ---Executing GetOrdersGridData() in OrdersController----
2023-10-05 06:59:12,167 [23] DEBUG LTCPro.ServiceLayer.Log4net - ---Executing GetOrdersGridData() in OrdersService----
2023-10-05 06:59:12,539 [13] DEBUG LTCPro.ServiceLayer.Log4net - ---Executed Successfully OrderEndingSoonStatus() in OrdersController----
2023-10-05 06:59:12,565 [13] DEBUG LTCPro.ServiceLayer.Log4net - ---Executing GetUserToken() in UserService----
2023-10-05 06:59:12,747 [24] DEBUG LTCPro.ServiceLayer.Log4net - ---Executed Successfully GetOrdersEndingSoon() in OrdersController----
2023-10-05 06:59:12,783 [13] DEBUG LTCPro.ServiceLayer.Log4net - ---Executing GetPRNDetailsByfilter() in EMARController----
2023-10-05 06:59:12,783 [13] DEBUG LTCPro.ServiceLayer.Log4net - ---Executing GetPRNDetailsByfilter() in EmarService----
2023-10-05 06:59:12,794 [24] DEBUG LTCPro.ServiceLayer.Log4net - ---Executing GetUserToken() in UserService----
2023-10-05 06:59:13,013 [24] DEBUG LTCPro.ServiceLayer.Log4net - ---Executing GetSeventyTwoHourDetailsByfilter() in EMARController----
2023-10-05 06:59:13,013 [24] DEBUG LTCPro.ServiceLayer.Log4net - ---Executing GetSeventyTwoHourDetailsByfilter() in EmarService----
2023-10-05 06:59:13,218 [35] DEBUG LTCPro.ServiceLayer.Log4net - ---Executed Successfully GetCompanyToBedFlagByFacId() in FacilityController----
2023-10-05 06:59:13,270 [10] DEBUG LTCPro.ServiceLayer.Log4net - ---Executing GetUserToken() in UserService----
2023-10-05 06:59:13,489 [10] DEBUG LTCPro.ServiceLayer.Log4net - ---Executing GetNurseStationHierarchyDetailsbyNsId() in CompanyController----
2023-10-05 06:59:13,489 [10] DEBUG LTCPro.ServiceLayer.Log4net - ---Executing GetNurseStationHierarchyDetailsbyNsId() in CompanyService----
2023-10-05 06:59:13,708 [10] DEBUG LTCPro.ServiceLayer.Log4net - ---Executed Successfully GetNurseStationHierarchyDetailsbyNsId() in CompanyController----
2023-10-05 06:59:13,708 [23] DEBUG LTCPro.ServiceLayer.Log4net - ---Executed Successfully GetOrdersGridData() in OrdersController----
2023-10-05 06:59:13,989 [23] DEBUG LTCPro.ServiceLayer.Log4net - ---Executing GetUserToken() in UserService----
2023-10-05 06:59:14,204 [24] DEBUG LTCPro.ServiceLayer.Log4net - ---Executed Successfully GetSeventyTwoHourDetailsByfilter() in EMARController----
2023-10-05 06:59:14,208 [23] DEBUG LTCPro.ServiceLayer.Log4net - ---Executing GetPendingOrdersGridData() in OrdersController----
2023-10-05 06:59:14,209 [23] DEBUG LTCPro.ServiceLayer.Log4net - ---Executing GetPendingOrdersGridData() in OrdersService----
2023-10-05 06:59:14,386 [13] DEBUG LTCPro.ServiceLayer.Log4net - ---Executed Successfully GetPRNDetailsByfilter() in EMARController----
2023-10-05 06:59:15,620 [23] DEBUG LTCPro.ServiceLayer.Log4net - ---Executed Successfully GetPendingOrdersGridData() in OrdersController----
2023-10-05 07:04:57,626 [26] DEBUG LTCPro.ServiceLayer.Log4net - ---Executing GetUserToken() in UserService----
2023-10-05 07:04:57,740 [7] DEBUG LTCPro.ServiceLayer.Log4net - ---Executing GetUserToken() in UserService----
2023-10-05 07:04:57,845 [26] DEBUG LTCPro.ServiceLayer.Log4net - ---Executing GetOrdersGridDataByPatientId() in OrdersController----
2023-10-05 07:04:57,845 [26] DEBUG LTCPro.ServiceLayer.Log4net - ---Executing GetOrdersGridDataByPatientId() in OrdersService----
2023-10-05 07:04:57,958 [7] DEBUG LTCPro.ServiceLayer.Log4net - ---Executing GetOrdersGridDataByPatientId() in OrdersController----
2023-10-05 07:04:57,958 [7] DEBUG LTCPro.ServiceLayer.Log4net - ---Executing GetOrdersGridDataByPatientId() in OrdersService----
2023-10-05 07:04:59,247 [26] DEBUG LTCPro.ServiceLayer.Log4net - ---Executed Successfully GetOrdersGridDataByPatientId() in OrdersController----
2023-10-05 07:04:59,343 [7] DEBUG LTCPro.ServiceLayer.Log4net - ---Executed Successfully GetOrdersGridDataByPatientId() in OrdersController----
2023-10-05 07:05:01,208 [41] DEBUG LTCPro.ServiceLayer.Log4net - ---Executing GetUserToken() in UserService----
2023-10-05 07:05:01,425 [41] DEBUG LTCPro.ServiceLayer.Log4net - ---Executing GetFacilityNSResidentsDataByPId() in ResidentDemographicController----
2023-10-05 07:05:01,426 [41] DEBUG LTCPro.ServiceLayer.Log4net - ---Executing GetFacilityNSResidentsDataByPId() in ResidentDemographicService----
2023-10-05 07:05:01,499 [7] DEBUG LTCPro.ServiceLayer.Log4net - ---Executing GetUserToken() in UserService----
2023-10-05 07:05:01,717 [7] DEBUG LTCPro.ServiceLayer.Log4net - ---Executing GetNurseNotes() in OrdersController----
2023-10-05 07:05:01,717 [7] DEBUG LTCPro.ServiceLayer.Log4net - ---Executing GetNurseNotes() in OrdersService----
2023-10-05 07:05:02,869 [7] DEBUG LTCPro.ServiceLayer.Log4net - ---Executed Successfully GetNurseNotes() in OrdersController----
2023-10-05 07:05:02,961 [41] DEBUG LTCPro.ServiceLayer.Log4net - ---Executed Successfully GetFacilityNSResidentsDataByPId() in ResidentDemographicController----
2023-10-05 07:05:03,048 [43] DEBUG LTCPro.ServiceLayer.Log4net - ---Executing GetUserToken() in UserService----
2023-10-05 07:05:03,079 [27] DEBUG LTCPro.ServiceLayer.Log4net - ---Executing GetUserToken() in UserService----
2023-10-05 07:05:03,143 [26] DEBUG LTCPro.ServiceLayer.Log4net - ---Executing GetUserToken() in UserService----
2023-10-05 07:05:03,277 [43] DEBUG LTCPro.ServiceLayer.Log4net - ---Executing GetDrFirstFlagForCompanyByNSId() in CompanyController----
2023-10-05 07:05:03,278 [43] DEBUG LTCPro.ServiceLayer.Log4net - ---Executing GetDrFirstFlagForCompanyByNSId() in CompanyService----
2023-10-05 07:05:03,293 [7] DEBUG LTCPro.ServiceLayer.Log4net - ---Executing GetUserToken() in UserService----
2023-10-05 07:05:03,296 [27] DEBUG LTCPro.ServiceLayer.Log4net - ---Executing GetAllBarcodes() in StockEkitController----
2023-10-05 07:05:03,296 [27] DEBUG LTCPro.ServiceLayer.Log4net - ---Executing GetAllBarcodes() in StockEkitService----
2023-10-05 07:05:03,320 [41] DEBUG LTCPro.ServiceLayer.Log4net - ---Executing GetUserToken() in UserService----
2023-10-05 07:05:03,360 [26] DEBUG LTCPro.ServiceLayer.Log4net - ---Executing GetResidentInformation() in ResidentDemographicController----
2023-10-05 07:05:03,360 [26] DEBUG LTCPro.ServiceLayer.Log4net - ---Executing GetResidentInformation() in ResidentDemographicService----
2023-10-05 07:05:03,498 [43] DEBUG LTCPro.ServiceLayer.Log4net - ---Executed Successfully GetDrFirstFlagForCompanyByNSId() in CompanyController----
2023-10-05 07:05:03,510 [7] DEBUG LTCPro.ServiceLayer.Log4net - ---Executing GetOrderRoutes() in OrdersController----
2023-10-05 07:05:03,511 [7] DEBUG LTCPro.ServiceLayer.Log4net - ---Executing GetOrderRoutes() in OrdersService----
2023-10-05 07:05:03,538 [41] DEBUG LTCPro.ServiceLayer.Log4net - ---Executing GetPhysicianDropData() in OrdersController----
2023-10-05 07:05:03,538 [41] DEBUG LTCPro.ServiceLayer.Log4net - ---Executing GetPhysicianDropData() in OrdersService----
2023-10-05 07:05:03,729 [7] DEBUG LTCPro.ServiceLayer.Log4net - ---Executed Successfully GetOrderRoutes() in OrdersController----
2023-10-05 07:05:03,974 [41] DEBUG LTCPro.ServiceLayer.Log4net - ---Executed Successfully GetPhysicianDropData() in OrdersController----
2023-10-05 07:05:07,175 [26] DEBUG LTCPro.ServiceLayer.Log4net - ---Executed Successfully GetResidentInformation() in ResidentDemographicController----
2023-10-05 07:05:07,257 [26] DEBUG LTCPro.ServiceLayer.Log4net - ---Executing GetUserToken() in UserService----
2023-10-05 07:05:07,264 [7] DEBUG LTCPro.ServiceLayer.Log4net - ---Executing GetUserToken() in UserService----
2023-10-05 07:05:07,449 [41] DEBUG LTCPro.ServiceLayer.Log4net - ---Executing GetUserToken() in UserService----
2023-10-05 07:05:07,481 [7] DEBUG LTCPro.ServiceLayer.Log4net - ---Executing GetWeightList(Patient_Id) in AssessmentController----
2023-10-05 07:05:07,481 [7] DEBUG LTCPro.ServiceLayer.Log4net - ---Executing GetWeightList() in AssessmentService----
2023-10-05 07:05:07,484 [26] DEBUG LTCPro.ServiceLayer.Log4net - ---Executing GetPatientType() in ResidentDemographicController----
2023-10-05 07:05:07,484 [26] DEBUG LTCPro.ServiceLayer.Log4net - ---Executing GetPatientType() in EmarService----
2023-10-05 07:05:07,670 [41] DEBUG LTCPro.ServiceLayer.Log4net - ---Executing GetDiagnosisDetails() in OrdersController----
2023-10-05 07:05:07,670 [41] DEBUG LTCPro.ServiceLayer.Log4net - ---Executing GetDiagnosisDetails() in OrdersService----
2023-10-05 07:05:07,705 [26] DEBUG LTCPro.ServiceLayer.Log4net - ---Executed Successfully GetPatientType() in ResidentDemographicController----
2023-10-05 07:05:08,120 [26] DEBUG LTCPro.ServiceLayer.Log4net - ---Executing GetUserToken() in UserService----
2023-10-05 07:05:08,330 [41] DEBUG LTCPro.ServiceLayer.Log4net - ---Executed Successfully GetDiagnosisDetails() in OrdersController----
2023-10-05 07:05:08,339 [26] DEBUG LTCPro.ServiceLayer.Log4net - ---Executing GetOrderGridData() in OrdersController----
2023-10-05 07:05:08,339 [26] DEBUG LTCPro.ServiceLayer.Log4net - ---Executing GetOrderGridData() in OrdersService----
2023-10-05 07:05:08,358 [41] DEBUG LTCPro.ServiceLayer.Log4net - ---Executing GetUserToken() in UserService----
2023-10-05 07:05:08,577 [41] DEBUG LTCPro.ServiceLayer.Log4net - ---Executing GetDrFirstOrderCheck() in DrFirstIntegrationController----
2023-10-05 07:05:08,577 [41] DEBUG LTCPro.ServiceLayer.Log4net - ---Executing GetDrFirstOrderCheck() in DrFirstIntegrationService----
2023-10-05 07:05:08,758 [26] DEBUG LTCPro.ServiceLayer.Log4net - ---Executed Successfully GetOrderGridData() in OrdersController----
2023-10-05 07:05:08,795 [41] DEBUG LTCPro.ServiceLayer.Log4net - ---Executed Successfully GetDrFirstOrderCheck() in DrFirstIntegrationController----
2023-10-05 07:05:09,016 [41] DEBUG LTCPro.ServiceLayer.Log4net - ---Executing GetUserToken() in UserService----
2023-10-05 07:05:09,019 [7] DEBUG LTCPro.ServiceLayer.Log4net - ---Executed Successfully GetWeightList(Patient_Id) in AssessmentController----
2023-10-05 07:05:09,026 [26] DEBUG LTCPro.ServiceLayer.Log4net - ---Executing GetUserToken() in UserService----
2023-10-05 07:05:09,041 [43] DEBUG LTCPro.ServiceLayer.Log4net - ---Executing GetUserToken() in UserService----
2023-10-05 07:05:09,235 [41] DEBUG LTCPro.ServiceLayer.Log4net - ---Executing GetOrdersData() in OrdersController----
2023-10-05 07:05:09,235 [41] DEBUG LTCPro.ServiceLayer.Log4net - ---Executing GetOrdersData() in OrdersService----
2023-10-05 07:05:09,245 [26] DEBUG LTCPro.ServiceLayer.Log4net - ---Executing GetOrderGridData() in OrdersController----
2023-10-05 07:05:09,245 [26] DEBUG LTCPro.ServiceLayer.Log4net - ---Executing GetOrderGridData() in OrdersService----
2023-10-05 07:05:09,260 [43] DEBUG LTCPro.ServiceLayer.Log4net - ---Executing GetAllBarcodes() in StockEkitController----
2023-10-05 07:05:09,260 [43] DEBUG LTCPro.ServiceLayer.Log4net - ---Executing GetAllBarcodes() in StockEkitService----
2023-10-05 07:05:09,801 [26] DEBUG LTCPro.ServiceLayer.Log4net - ---Executed Successfully GetOrderGridData() in OrdersController----
2023-10-05 07:05:10,321 [41] DEBUG LTCPro.ServiceLayer.Log4net - ---Executed Successfully GetOrdersData() in OrdersController----
2023-10-05 07:05:10,709 [35] DEBUG LTCPro.ServiceLayer.Log4net - ---Executing GetUserToken() in UserService----
2023-10-05 07:05:10,721 [26] DEBUG LTCPro.ServiceLayer.Log4net - ---Executing GetUserToken() in UserService----
2023-10-05 07:05:10,725 [7] DEBUG LTCPro.ServiceLayer.Log4net - ---Executing GetUserToken() in UserService----
2023-10-05 07:05:10,738 [10] DEBUG LTCPro.ServiceLayer.Log4net - ---Executing GetUserToken() in UserService----
2023-10-05 07:05:10,931 [35] DEBUG LTCPro.ServiceLayer.Log4net - ---Executing GetFavouritesMasterData() in OrdersController----
2023-10-05 07:05:10,931 [35] DEBUG LTCPro.ServiceLayer.Log4net - ---Executing GetFavouritesMasterData() in OrdersService----
2023-10-05 07:05:10,939 [26] DEBUG LTCPro.ServiceLayer.Log4net - ---Executing GetPhysicianDropData() in OrdersController----
2023-10-05 07:05:10,939 [26] DEBUG LTCPro.ServiceLayer.Log4net - ---Executing GetPhysicianDropData() in OrdersService----
2023-10-05 07:05:10,948 [7] DEBUG LTCPro.ServiceLayer.Log4net - ---Executing GetNurseNotes() in OrdersController----
2023-10-05 07:05:10,948 [7] DEBUG LTCPro.ServiceLayer.Log4net - ---Executing GetNurseNotes() in OrdersService----
2023-10-05 07:05:10,961 [10] DEBUG LTCPro.ServiceLayer.Log4net - ---Executing GetOrderStockDetails() in OrdersController----
2023-10-05 07:05:10,961 [10] DEBUG LTCPro.ServiceLayer.Log4net - ---Executing GetOrderStockDetails() in OrdersService----
2023-10-05 07:05:11,150 [35] DEBUG LTCPro.ServiceLayer.Log4net - ---Executed Successfully GetFavouritesMasterData() in OrdersController----
2023-10-05 07:05:11,186 [10] DEBUG LTCPro.ServiceLayer.Log4net - ---Executed Successfully GetOrderStockDetails() in OrdersController----
2023-10-05 07:05:11,390 [26] DEBUG LTCPro.ServiceLayer.Log4net - ---Executed Successfully GetPhysicianDropData() in OrdersController----
2023-10-05 07:05:12,097 [7] DEBUG LTCPro.ServiceLayer.Log4net - ---Executed Successfully GetNurseNotes() in OrdersController----
2023-10-05 07:05:12,225 [26] DEBUG LTCPro.ServiceLayer.Log4net - ---Executing GetUserToken() in UserService----
2023-10-05 07:05:12,443 [26] DEBUG LTCPro.ServiceLayer.Log4net - ---Executing GetOrdersData() in OrdersController----
2023-10-05 07:05:12,444 [26] DEBUG LTCPro.ServiceLayer.Log4net - ---Executing GetOrdersData() in OrdersService----
2023-10-05 07:05:13,344 [26] DEBUG LTCPro.ServiceLayer.Log4net - ---Executed Successfully GetOrdersData() in OrdersController----
2023-10-05 07:05:13,791 [10] DEBUG LTCPro.ServiceLayer.Log4net - ---Executing GetUserToken() in UserService----
2023-10-05 07:05:13,798 [35] DEBUG LTCPro.ServiceLayer.Log4net - ---Executing GetUserToken() in UserService----
2023-10-05 07:05:13,804 [41] DEBUG LTCPro.ServiceLayer.Log4net - ---Executing GetUserToken() in UserService----
2023-10-05 07:05:13,847 [7] DEBUG LTCPro.ServiceLayer.Log4net - ---Executing GetUserToken() in UserService----
2023-10-05 07:05:14,008 [10] DEBUG LTCPro.ServiceLayer.Log4net - ---Executing GetOrderStockDetails() in OrdersController----
2023-10-05 07:05:14,008 [10] DEBUG LTCPro.ServiceLayer.Log4net - ---Executing GetOrderStockDetails() in OrdersService----
2023-10-05 07:05:14,018 [35] DEBUG LTCPro.ServiceLayer.Log4net - ---Executing GetOrderHoldData() in OrdersController----
2023-10-05 07:05:14,018 [35] DEBUG LTCPro.ServiceLayer.Log4net - ---Executing GetOrderHoldData() in OrdersService----
2023-10-05 07:05:14,024 [41] DEBUG LTCPro.ServiceLayer.Log4net - ---Executing GetFavouritesMasterData() in OrdersController----
2023-10-05 07:05:14,024 [41] DEBUG LTCPro.ServiceLayer.Log4net - ---Executing GetFavouritesMasterData() in OrdersService----
2023-10-05 07:05:14,065 [7] DEBUG LTCPro.ServiceLayer.Log4net - ---Executing GetPhysicianDropData() in OrdersController----
2023-10-05 07:05:14,065 [7] DEBUG LTCPro.ServiceLayer.Log4net - ---Executing GetPhysicianDropData() in OrdersService----
2023-10-05 07:05:14,246 [10] DEBUG LTCPro.ServiceLayer.Log4net - ---Executed Successfully GetOrderStockDetails() in OrdersController----
2023-10-05 07:05:14,253 [41] DEBUG LTCPro.ServiceLayer.Log4net - ---Executed Successfully GetFavouritesMasterData() in OrdersController----
2023-10-05 07:05:14,463 [26] DEBUG LTCPro.ServiceLayer.Log4net - ---Executing GetUserToken() in UserService----
2023-10-05 07:05:14,500 [7] DEBUG LTCPro.ServiceLayer.Log4net - ---Executed Successfully GetPhysicianDropData() in OrdersController----
2023-10-05 07:05:14,682 [35] DEBUG LTCPro.ServiceLayer.Log4net - ---Executed Successfully GetOrderHoldData() in OrdersController----
2023-10-05 07:05:14,683 [26] DEBUG LTCPro.ServiceLayer.Log4net - ---Executing GetNurseNotes() in OrdersController----
2023-10-05 07:05:14,683 [26] DEBUG LTCPro.ServiceLayer.Log4net - ---Executing GetNurseNotes() in OrdersService----
2023-10-05 07:05:15,875 [26] DEBUG LTCPro.ServiceLayer.Log4net - ---Executed Successfully GetNurseNotes() in OrdersController----
2023-10-05 07:05:30,938 [41] DEBUG LTCPro.ServiceLayer.Log4net - ---Executing GetUserToken() in UserService----
2023-10-05 07:05:31,157 [41] DEBUG LTCPro.ServiceLayer.Log4net - ---Executing GetOrdersData() in OrdersController----
2023-10-05 07:05:31,157 [41] DEBUG LTCPro.ServiceLayer.Log4net - ---Executing GetOrdersData() in OrdersService----
2023-10-05 07:05:34,419 [27] DEBUG LTCPro.ServiceLayer.Log4net - ---Executed Successfully GetAllBarcodes() in StockEkitController----
2023-10-05 07:05:34,697 [41] DEBUG LTCPro.ServiceLayer.Log4net - ---Executed Successfully GetOrdersData() in OrdersController----
2023-10-05 07:05:35,175 [41] DEBUG LTCPro.ServiceLayer.Log4net - ---Executing GetUserToken() in UserService----
2023-10-05 07:05:35,184 [26] DEBUG LTCPro.ServiceLayer.Log4net - ---Executing GetUserToken() in UserService----
2023-10-05 07:05:35,185 [27] DEBUG LTCPro.ServiceLayer.Log4net - ---Executing GetUserToken() in UserService----
2023-10-05 07:05:35,292 [7] DEBUG LTCPro.ServiceLayer.Log4net - ---Executing GetUserToken() in UserService----
2023-10-05 07:05:35,400 [41] DEBUG LTCPro.ServiceLayer.Log4net - ---Executing GetOrderStockDetails() in OrdersController----
2023-10-05 07:05:35,401 [41] DEBUG LTCPro.ServiceLayer.Log4net - ---Executing GetOrderStockDetails() in OrdersService----
2023-10-05 07:05:35,405 [26] DEBUG LTCPro.ServiceLayer.Log4net - ---Executing GetNurseNotes() in OrdersController----
2023-10-05 07:05:35,405 [26] DEBUG LTCPro.ServiceLayer.Log4net - ---Executing GetNurseNotes() in OrdersService----
2023-10-05 07:05:35,405 [27] DEBUG LTCPro.ServiceLayer.Log4net - ---Executing GetFavouritesMasterData() in OrdersController----
2023-10-05 07:05:35,405 [27] DEBUG LTCPro.ServiceLayer.Log4net - ---Executing GetFavouritesMasterData() in OrdersService----
2023-10-05 07:05:35,511 [7] DEBUG LTCPro.ServiceLayer.Log4net - ---Executing GetPhysicianDropData() in OrdersController----
2023-10-05 07:05:35,511 [7] DEBUG LTCPro.ServiceLayer.Log4net - ---Executing GetPhysicianDropData() in OrdersService----
2023-10-05 07:05:35,644 [41] DEBUG LTCPro.ServiceLayer.Log4net - ---Executed Successfully GetOrderStockDetails() in OrdersController----
2023-10-05 07:05:35,869 [27] DEBUG LTCPro.ServiceLayer.Log4net - ---Executed Successfully GetFavouritesMasterData() in OrdersController----
2023-10-05 07:05:35,954 [7] DEBUG LTCPro.ServiceLayer.Log4net - ---Executed Successfully GetPhysicianDropData() in OrdersController----
2023-10-05 07:05:36,800 [26] DEBUG LTCPro.ServiceLayer.Log4net - ---Executed Successfully GetNurseNotes() in OrdersController----
2023-10-05 07:05:39,789 [43] DEBUG LTCPro.ServiceLayer.Log4net - ---Executed Successfully GetAllBarcodes() in StockEkitController----
2023-10-05 07:05:47,340 [13] DEBUG LTCPro.ServiceLayer.Log4net - ---Executing GetUserToken() in UserService----
2023-10-05 07:05:47,559 [13] DEBUG LTCPro.ServiceLayer.Log4net - ---Executing GetOrdersData() in OrdersController----
2023-10-05 07:05:47,559 [13] DEBUG LTCPro.ServiceLayer.Log4net - ---Executing GetOrdersData() in OrdersService----
2023-10-05 07:05:48,820 [13] DEBUG LTCPro.ServiceLayer.Log4net - ---Executed Successfully GetOrdersData() in OrdersController----
2023-10-05 07:05:49,267 [13] DEBUG LTCPro.ServiceLayer.Log4net - ---Executing GetUserToken() in UserService----
2023-10-05 07:05:49,286 [26] DEBUG LTCPro.ServiceLayer.Log4net - ---Executing GetUserToken() in UserService----
2023-10-05 07:05:49,309 [23] DEBUG LTCPro.ServiceLayer.Log4net - ---Executing GetUserToken() in UserService----
2023-10-05 07:05:49,342 [7] DEBUG LTCPro.ServiceLayer.Log4net - ---Executing GetUserToken() in UserService----
2023-10-05 07:05:49,489 [13] DEBUG LTCPro.ServiceLayer.Log4net - ---Executing GetOrderStockDetails() in OrdersController----
2023-10-05 07:05:49,489 [13] DEBUG LTCPro.ServiceLayer.Log4net - ---Executing GetOrderStockDetails() in OrdersService----
2023-10-05 07:05:49,506 [26] DEBUG LTCPro.ServiceLayer.Log4net - ---Executing GetFavouritesMasterData() in OrdersController----
2023-10-05 07:05:49,506 [26] DEBUG LTCPro.ServiceLayer.Log4net - ---Executing GetFavouritesMasterData() in OrdersService----
2023-10-05 07:05:49,532 [23] DEBUG LTCPro.ServiceLayer.Log4net - ---Executing GetNurseNotes() in OrdersController----
2023-10-05 07:05:49,532 [23] DEBUG LTCPro.ServiceLayer.Log4net - ---Executing GetNurseNotes() in OrdersService----
2023-10-05 07:05:49,560 [7] DEBUG LTCPro.ServiceLayer.Log4net - ---Executing GetPhysicianDropData() in OrdersController----
2023-10-05 07:05:49,560 [7] DEBUG LTCPro.ServiceLayer.Log4net - ---Executing GetPhysicianDropData() in OrdersService----
2023-10-05 07:05:49,710 [13] DEBUG LTCPro.ServiceLayer.Log4net - ---Executed Successfully GetOrderStockDetails() in OrdersController----
2023-10-05 07:05:49,725 [26] DEBUG LTCPro.ServiceLayer.Log4net - ---Executed Successfully GetFavouritesMasterData() in OrdersController----
2023-10-05 07:05:49,997 [7] DEBUG LTCPro.ServiceLayer.Log4net - ---Executed Successfully GetPhysicianDropData() in OrdersController----
2023-10-05 07:05:50,716 [23] DEBUG LTCPro.ServiceLayer.Log4net - ---Executed Successfully GetNurseNotes() in OrdersController----
2023-10-05 07:05:51,067 [7] DEBUG LTCPro.ServiceLayer.Log4net - ---Executing GetUserToken() in UserService----
2023-10-05 07:05:51,285 [7] DEBUG LTCPro.ServiceLayer.Log4net - ---Executing GetOrdersData() in OrdersController----
2023-10-05 07:05:51,285 [7] DEBUG LTCPro.ServiceLayer.Log4net - ---Executing GetOrdersData() in OrdersService----
2023-10-05 07:05:52,614 [7] DEBUG LTCPro.ServiceLayer.Log4net - ---Executed Successfully GetOrdersData() in OrdersController----
2023-10-05 07:05:53,013 [23] DEBUG LTCPro.ServiceLayer.Log4net - ---Executing GetUserToken() in UserService----
2023-10-05 07:05:53,024 [13] DEBUG LTCPro.ServiceLayer.Log4net - ---Executing GetUserToken() in UserService----
2023-10-05 07:05:53,051 [27] DEBUG LTCPro.ServiceLayer.Log4net - ---Executing GetUserToken() in UserService----
2023-10-05 07:05:53,087 [7] DEBUG LTCPro.ServiceLayer.Log4net - ---Executing GetUserToken() in UserService----
2023-10-05 07:05:53,125 [41] DEBUG LTCPro.ServiceLayer.Log4net - ---Executing GetUserToken() in UserService----
2023-10-05 07:05:53,240 [23] DEBUG LTCPro.ServiceLayer.Log4net - ---Executing GetOrderStockDetails() in OrdersController----
2023-10-05 07:05:53,240 [23] DEBUG LTCPro.ServiceLayer.Log4net - ---Executing GetOrderStockDetails() in OrdersService----
2023-10-05 07:05:53,249 [13] DEBUG LTCPro.ServiceLayer.Log4net - ---Executing GetPhysicianDropData() in OrdersController----
2023-10-05 07:05:53,249 [13] DEBUG LTCPro.ServiceLayer.Log4net - ---Executing GetPhysicianDropData() in OrdersService----
2023-10-05 07:05:53,269 [27] DEBUG LTCPro.ServiceLayer.Log4net - ---Executing GetFavouritesMasterData() in OrdersController----
2023-10-05 07:05:53,269 [27] DEBUG LTCPro.ServiceLayer.Log4net - ---Executing GetFavouritesMasterData() in OrdersService----
2023-10-05 07:05:53,306 [7] DEBUG LTCPro.ServiceLayer.Log4net - ---Executing GetOrderHoldData() in OrdersController----
2023-10-05 07:05:53,306 [7] DEBUG LTCPro.ServiceLayer.Log4net - ---Executing GetOrderHoldData() in OrdersService----
2023-10-05 07:05:53,342 [41] DEBUG LTCPro.ServiceLayer.Log4net - ---Executing GetNurseNotes() in OrdersController----
2023-10-05 07:05:53,342 [41] DEBUG LTCPro.ServiceLayer.Log4net - ---Executing GetNurseNotes() in OrdersService----
2023-10-05 07:05:53,471 [23] DEBUG LTCPro.ServiceLayer.Log4net - ---Executed Successfully GetOrderStockDetails() in OrdersController----
2023-10-05 07:05:53,489 [27] DEBUG LTCPro.ServiceLayer.Log4net - ---Executed Successfully GetFavouritesMasterData() in OrdersController----
2023-10-05 07:05:53,697 [13] DEBUG LTCPro.ServiceLayer.Log4net - ---Executed Successfully GetPhysicianDropData() in OrdersController----
2023-10-05 07:05:53,967 [7] DEBUG LTCPro.ServiceLayer.Log4net - ---Executed Successfully GetOrderHoldData() in OrdersController----
2023-10-05 07:05:54,497 [41] DEBUG LTCPro.ServiceLayer.Log4net - ---Executed Successfully GetNurseNotes() in OrdersController----
2023-10-05 07:05:54,714 [23] DEBUG LTCPro.ServiceLayer.Log4net - ---Executing GetUserToken() in UserService----
2023-10-05 07:05:54,933 [23] DEBUG LTCPro.ServiceLayer.Log4net - ---Executing GetOrdersData() in OrdersController----
2023-10-05 07:05:54,933 [23] DEBUG LTCPro.ServiceLayer.Log4net - ---Executing GetOrdersData() in OrdersService----
2023-10-05 07:05:55,540 [23] DEBUG LTCPro.ServiceLayer.Log4net - ---Executed Successfully GetOrdersData() in OrdersController----
2023-10-05 07:05:55,947 [27] DEBUG LTCPro.ServiceLayer.Log4net - ---Executing GetUserToken() in UserService----
2023-10-05 07:05:55,961 [43] DEBUG LTCPro.ServiceLayer.Log4net - ---Executing GetUserToken() in UserService----
2023-10-05 07:05:55,965 [41] DEBUG LTCPro.ServiceLayer.Log4net - ---Executing GetUserToken() in UserService----
2023-10-05 07:05:56,035 [26] DEBUG LTCPro.ServiceLayer.Log4net - ---Executing GetUserToken() in UserService----
2023-10-05 07:05:56,165 [27] DEBUG LTCPro.ServiceLayer.Log4net - ---Executing GetOrderStockDetails() in OrdersController----
2023-10-05 07:05:56,165 [27] DEBUG LTCPro.ServiceLayer.Log4net - ---Executing GetOrderStockDetails() in OrdersService----
2023-10-05 07:05:56,179 [43] DEBUG LTCPro.ServiceLayer.Log4net - ---Executing GetFavouritesMasterData() in OrdersController----
2023-10-05 07:05:56,179 [43] DEBUG LTCPro.ServiceLayer.Log4net - ---Executing GetFavouritesMasterData() in OrdersService----
2023-10-05 07:05:56,186 [41] DEBUG LTCPro.ServiceLayer.Log4net - ---Executing GetPhysicianDropData() in OrdersController----
2023-10-05 07:05:56,186 [41] DEBUG LTCPro.ServiceLayer.Log4net - ---Executing GetPhysicianDropData() in OrdersService----
2023-10-05 07:05:56,257 [26] DEBUG LTCPro.ServiceLayer.Log4net - ---Executing GetNurseNotes() in OrdersController----
2023-10-05 07:05:56,257 [26] DEBUG LTCPro.ServiceLayer.Log4net - ---Executing GetNurseNotes() in OrdersService----
2023-10-05 07:05:56,390 [27] DEBUG LTCPro.ServiceLayer.Log4net - ---Executed Successfully GetOrderStockDetails() in OrdersController----
2023-10-05 07:05:56,399 [43] DEBUG LTCPro.ServiceLayer.Log4net - ---Executed Successfully GetFavouritesMasterData() in OrdersController----
2023-10-05 07:05:56,630 [41] DEBUG LTCPro.ServiceLayer.Log4net - ---Executed Successfully GetPhysicianDropData() in OrdersController----
2023-10-05 07:05:57,451 [26] DEBUG LTCPro.ServiceLayer.Log4net - ---Executed Successfully GetNurseNotes() in OrdersController----
2023-10-05 07:06:03,796 [41] DEBUG LTCPro.ServiceLayer.Log4net - ---Executing GetUserToken() in UserService----
2023-10-05 07:06:04,015 [41] DEBUG LTCPro.ServiceLayer.Log4net - ---Executing GetOrdersData() in OrdersController----
2023-10-05 07:06:04,015 [41] DEBUG LTCPro.ServiceLayer.Log4net - ---Executing GetOrdersData() in OrdersService----
2023-10-05 07:06:04,959 [41] DEBUG LTCPro.ServiceLayer.Log4net - ---Executed Successfully GetOrdersData() in OrdersController----
2023-10-05 07:06:05,321 [27] DEBUG LTCPro.ServiceLayer.Log4net - ---Executing GetUserToken() in UserService----
2023-10-05 07:06:05,338 [26] DEBUG LTCPro.ServiceLayer.Log4net - ---Executing GetUserToken() in UserService----
2023-10-05 07:06:05,343 [7] DEBUG LTCPro.ServiceLayer.Log4net - ---Executing GetUserToken() in UserService----
2023-10-05 07:06:05,504 [43] DEBUG LTCPro.ServiceLayer.Log4net - ---Executing GetUserToken() in UserService----
2023-10-05 07:06:05,544 [27] DEBUG LTCPro.ServiceLayer.Log4net - ---Executing GetFavouritesMasterData() in OrdersController----
2023-10-05 07:06:05,544 [27] DEBUG LTCPro.ServiceLayer.Log4net - ---Executing GetFavouritesMasterData() in OrdersService----
2023-10-05 07:06:05,560 [26] DEBUG LTCPro.ServiceLayer.Log4net - ---Executing GetPhysicianDropData() in OrdersController----
2023-10-05 07:06:05,560 [26] DEBUG LTCPro.ServiceLayer.Log4net - ---Executing GetPhysicianDropData() in OrdersService----
2023-10-05 07:06:05,560 [7] DEBUG LTCPro.ServiceLayer.Log4net - ---Executing GetOrderStockDetails() in OrdersController----
2023-10-05 07:06:05,560 [7] DEBUG LTCPro.ServiceLayer.Log4net - ---Executing GetOrderStockDetails() in OrdersService----
2023-10-05 07:06:05,722 [43] DEBUG LTCPro.ServiceLayer.Log4net - ---Executing GetNurseNotes() in OrdersController----
2023-10-05 07:06:05,722 [43] DEBUG LTCPro.ServiceLayer.Log4net - ---Executing GetNurseNotes() in OrdersService----
2023-10-05 07:06:05,764 [27] DEBUG LTCPro.ServiceLayer.Log4net - ---Executed Successfully GetFavouritesMasterData() in OrdersController----
2023-10-05 07:06:05,779 [7] DEBUG LTCPro.ServiceLayer.Log4net - ---Executed Successfully GetOrderStockDetails() in OrdersController----
2023-10-05 07:06:05,997 [26] DEBUG LTCPro.ServiceLayer.Log4net - ---Executed Successfully GetPhysicianDropData() in OrdersController----
2023-10-05 07:06:06,862 [43] DEBUG LTCPro.ServiceLayer.Log4net - ---Executed Successfully GetNurseNotes() in OrdersController----
2023-10-05 07:06:07,885 [26] DEBUG LTCPro.ServiceLayer.Log4net - ---Executing GetUserToken() in UserService----
2023-10-05 07:06:08,102 [26] DEBUG LTCPro.ServiceLayer.Log4net - ---Executing GetOrdersData() in OrdersController----
2023-10-05 07:06:08,103 [26] DEBUG LTCPro.ServiceLayer.Log4net - ---Executing GetOrdersData() in OrdersService----
2023-10-05 07:06:09,787 [26] DEBUG LTCPro.ServiceLayer.Log4net - ---Executed Successfully GetOrdersData() in OrdersController----
2023-10-05 07:06:10,141 [43] DEBUG LTCPro.ServiceLayer.Log4net - ---Executing GetUserToken() in UserService----
2023-10-05 07:06:10,171 [27] DEBUG LTCPro.ServiceLayer.Log4net - ---Executing GetUserToken() in UserService----
2023-10-05 07:06:10,206 [26] DEBUG LTCPro.ServiceLayer.Log4net - ---Executing GetUserToken() in UserService----
2023-10-05 07:06:10,381 [41] DEBUG LTCPro.ServiceLayer.Log4net - ---Executing GetUserToken() in UserService----
2023-10-05 07:06:10,389 [43] DEBUG LTCPro.ServiceLayer.Log4net - ---Executing GetOrderStockDetails() in OrdersController----
2023-10-05 07:06:10,390 [43] DEBUG LTCPro.ServiceLayer.Log4net - ---Executing GetOrderStockDetails() in OrdersService----
2023-10-05 07:06:10,396 [27] DEBUG LTCPro.ServiceLayer.Log4net - ---Executing GetFavouritesMasterData() in OrdersController----
2023-10-05 07:06:10,396 [27] DEBUG LTCPro.ServiceLayer.Log4net - ---Executing GetFavouritesMasterData() in OrdersService----
2023-10-05 07:06:10,426 [26] DEBUG LTCPro.ServiceLayer.Log4net - ---Executing GetPhysicianDropData() in OrdersController----
2023-10-05 07:06:10,426 [26] DEBUG LTCPro.ServiceLayer.Log4net - ---Executing GetPhysicianDropData() in OrdersService----
2023-10-05 07:06:10,598 [41] DEBUG LTCPro.ServiceLayer.Log4net - ---Executing GetNurseNotes() in OrdersController----
2023-10-05 07:06:10,598 [41] DEBUG LTCPro.ServiceLayer.Log4net - ---Executing GetNurseNotes() in OrdersService----
2023-10-05 07:06:10,612 [43] DEBUG LTCPro.ServiceLayer.Log4net - ---Executed Successfully GetOrderStockDetails() in OrdersController----
2023-10-05 07:06:10,616 [27] DEBUG LTCPro.ServiceLayer.Log4net - ---Executed Successfully GetFavouritesMasterData() in OrdersController----
2023-10-05 07:06:10,867 [26] DEBUG LTCPro.ServiceLayer.Log4net - ---Executed Successfully GetPhysicianDropData() in OrdersController----
2023-10-05 07:06:11,795 [41] DEBUG LTCPro.ServiceLayer.Log4net - ---Executed Successfully GetNurseNotes() in OrdersController----
2023-10-05 07:06:11,903 [23] DEBUG LTCPro.ServiceLayer.Log4net - ---Executing GetUserToken() in UserService----
2023-10-05 07:06:11,979 [7] DEBUG LTCPro.ServiceLayer.Log4net - ---Executing GetUserToken() in UserService----
2023-10-05 07:06:12,121 [23] DEBUG LTCPro.ServiceLayer.Log4net - ---Executing GetOrdersData() in OrdersController----
2023-10-05 07:06:12,121 [23] DEBUG LTCPro.ServiceLayer.Log4net - ---Executing GetOrdersData() in OrdersService----
2023-10-05 07:06:12,196 [7] DEBUG LTCPro.ServiceLayer.Log4net - ---Executing GetOrdersData() in OrdersController----
2023-10-05 07:06:12,196 [7] DEBUG LTCPro.ServiceLayer.Log4net - ---Executing GetOrdersData() in OrdersService----
2023-10-05 07:06:13,521 [41] DEBUG LTCPro.ServiceLayer.Log4net - ---Executing GetUserToken() in UserService----
2023-10-05 07:06:13,563 [23] DEBUG LTCPro.ServiceLayer.Log4net - ---Executed Successfully GetOrdersData() in OrdersController----
2023-10-05 07:06:13,740 [41] DEBUG LTCPro.ServiceLayer.Log4net - ---Executing GetOrdersData() in OrdersController----
2023-10-05 07:06:13,740 [41] DEBUG LTCPro.ServiceLayer.Log4net - ---Executing GetOrdersData() in OrdersService----
2023-10-05 07:06:13,852 [7] DEBUG LTCPro.ServiceLayer.Log4net - ---Executed Successfully GetOrdersData() in OrdersController----
2023-10-05 07:06:13,891 [23] DEBUG LTCPro.ServiceLayer.Log4net - ---Executing GetUserToken() in UserService----
2023-10-05 07:06:13,893 [35] DEBUG LTCPro.ServiceLayer.Log4net - ---Executing GetUserToken() in UserService----
2023-10-05 07:06:14,071 [7] DEBUG LTCPro.ServiceLayer.Log4net - ---Executing GetUserToken() in UserService----
2023-10-05 07:06:14,109 [23] DEBUG LTCPro.ServiceLayer.Log4net - ---Executing GetOrderStockDetails() in OrdersController----
2023-10-05 07:06:14,109 [23] DEBUG LTCPro.ServiceLayer.Log4net - ---Executing GetOrderStockDetails() in OrdersService----
2023-10-05 07:06:14,110 [35] DEBUG LTCPro.ServiceLayer.Log4net - ---Executing GetFavouritesMasterData() in OrdersController----
2023-10-05 07:06:14,110 [35] DEBUG LTCPro.ServiceLayer.Log4net - ---Executing GetFavouritesMasterData() in OrdersService----
2023-10-05 07:06:14,290 [7] DEBUG LTCPro.ServiceLayer.Log4net - ---Executing GetPhysicianDropData() in OrdersController----
2023-10-05 07:06:14,290 [7] DEBUG LTCPro.ServiceLayer.Log4net - ---Executing GetPhysicianDropData() in OrdersService----
2023-10-05 07:06:14,328 [35] DEBUG LTCPro.ServiceLayer.Log4net - ---Executed Successfully GetFavouritesMasterData() in OrdersController----
2023-10-05 07:06:14,330 [23] DEBUG LTCPro.ServiceLayer.Log4net - ---Executed Successfully GetOrderStockDetails() in OrdersController----
2023-10-05 07:06:14,535 [35] DEBUG LTCPro.ServiceLayer.Log4net - ---Executing GetUserToken() in UserService----
2023-10-05 07:06:14,536 [23] DEBUG LTCPro.ServiceLayer.Log4net - ---Executing GetUserToken() in UserService----
2023-10-05 07:06:14,670 [41] DEBUG LTCPro.ServiceLayer.Log4net - ---Executed Successfully GetOrdersData() in OrdersController----
2023-10-05 07:06:14,731 [7] DEBUG LTCPro.ServiceLayer.Log4net - ---Executed Successfully GetPhysicianDropData() in OrdersController----
2023-10-05 07:06:14,759 [35] DEBUG LTCPro.ServiceLayer.Log4net - ---Executing GetOrderStockDetails() in OrdersController----
2023-10-05 07:06:14,759 [35] DEBUG LTCPro.ServiceLayer.Log4net - ---Executing GetOrderStockDetails() in OrdersService----
2023-10-05 07:06:14,760 [23] DEBUG LTCPro.ServiceLayer.Log4net - ---Executing GetFavouritesMasterData() in OrdersController----
2023-10-05 07:06:14,760 [23] DEBUG LTCPro.ServiceLayer.Log4net - ---Executing GetFavouritesMasterData() in OrdersService----
2023-10-05 07:06:14,888 [41] DEBUG LTCPro.ServiceLayer.Log4net - ---Executing GetUserToken() in UserService----
2023-10-05 07:06:14,947 [7] DEBUG LTCPro.ServiceLayer.Log4net - ---Executing GetUserToken() in UserService----
2023-10-05 07:06:14,979 [35] DEBUG LTCPro.ServiceLayer.Log4net - ---Executed Successfully GetOrderStockDetails() in OrdersController----
2023-10-05 07:06:14,985 [23] DEBUG LTCPro.ServiceLayer.Log4net - ---Executed Successfully GetFavouritesMasterData() in OrdersController----
2023-10-05 07:06:15,142 [41] DEBUG LTCPro.ServiceLayer.Log4net - ---Executing GetPhysicianDropData() in OrdersController----
2023-10-05 07:06:15,142 [41] DEBUG LTCPro.ServiceLayer.Log4net - ---Executing GetPhysicianDropData() in OrdersService----
2023-10-05 07:06:15,188 [7] DEBUG LTCPro.ServiceLayer.Log4net - ---Executing GetOrderStockDetails() in OrdersController----
2023-10-05 07:06:15,188 [7] DEBUG LTCPro.ServiceLayer.Log4net - ---Executing GetOrderStockDetails() in OrdersService----
2023-10-05 07:06:15,330 [26] DEBUG LTCPro.ServiceLayer.Log4net - ---Executing GetUserToken() in UserService----
2023-10-05 07:06:15,331 [35] DEBUG LTCPro.ServiceLayer.Log4net - ---Executing GetUserToken() in UserService----
2023-10-05 07:06:15,332 [27] DEBUG LTCPro.ServiceLayer.Log4net - ---Executing GetUserToken() in UserService----
2023-10-05 07:06:15,374 [13] DEBUG LTCPro.ServiceLayer.Log4net - ---Executing GetUserToken() in UserService----
2023-10-05 07:06:15,410 [7] DEBUG LTCPro.ServiceLayer.Log4net - ---Executed Successfully GetOrderStockDetails() in OrdersController----
2023-10-05 07:06:15,552 [35] DEBUG LTCPro.ServiceLayer.Log4net - ---Executing GetPhysicianDropData() in OrdersController----
2023-10-05 07:06:15,553 [35] DEBUG LTCPro.ServiceLayer.Log4net - ---Executing GetPhysicianDropData() in OrdersService----
2023-10-05 07:06:15,553 [27] DEBUG LTCPro.ServiceLayer.Log4net - ---Executing GetFavouritesMasterData() in OrdersController----
2023-10-05 07:06:15,553 [27] DEBUG LTCPro.ServiceLayer.Log4net - ---Executing GetFavouritesMasterData() in OrdersService----
2023-10-05 07:06:15,557 [26] DEBUG LTCPro.ServiceLayer.Log4net - ---Executing GetNurseNotes() in OrdersController----
2023-10-05 07:06:15,557 [26] DEBUG LTCPro.ServiceLayer.Log4net - ---Executing GetNurseNotes() in OrdersService----
2023-10-05 07:06:15,592 [13] DEBUG LTCPro.ServiceLayer.Log4net - ---Executing GetNurseNotes() in OrdersController----
2023-10-05 07:06:15,593 [13] DEBUG LTCPro.ServiceLayer.Log4net - ---Executing GetNurseNotes() in OrdersService----
2023-10-05 07:06:15,599 [41] DEBUG LTCPro.ServiceLayer.Log4net - ---Executed Successfully GetPhysicianDropData() in OrdersController----
2023-10-05 07:06:15,642 [43] DEBUG LTCPro.ServiceLayer.Log4net - ---Executing GetUserToken() in UserService----
2023-10-05 07:06:15,774 [27] DEBUG LTCPro.ServiceLayer.Log4net - ---Executed Successfully GetFavouritesMasterData() in OrdersController----
2023-10-05 07:06:15,862 [43] DEBUG LTCPro.ServiceLayer.Log4net - ---Executing GetNurseNotes() in OrdersController----
2023-10-05 07:06:15,862 [43] DEBUG LTCPro.ServiceLayer.Log4net - ---Executing GetNurseNotes() in OrdersService----
2023-10-05 07:06:15,992 [35] DEBUG LTCPro.ServiceLayer.Log4net - ---Executed Successfully GetPhysicianDropData() in OrdersController----
2023-10-05 07:06:16,140 [7] DEBUG LTCPro.ServiceLayer.Log4net - ---Executing GetUserToken() in UserService----
2023-10-05 07:06:16,361 [7] DEBUG LTCPro.ServiceLayer.Log4net - ---Executing GetOrdersData() in OrdersController----
2023-10-05 07:06:16,362 [7] DEBUG LTCPro.ServiceLayer.Log4net - ---Executing GetOrdersData() in OrdersService----
2023-10-05 07:06:16,731 [13] DEBUG LTCPro.ServiceLayer.Log4net - ---Executed Successfully GetNurseNotes() in OrdersController----
2023-10-05 07:06:16,774 [26] DEBUG LTCPro.ServiceLayer.Log4net - ---Executed Successfully GetNurseNotes() in OrdersController----
2023-10-05 07:06:17,053 [43] DEBUG LTCPro.ServiceLayer.Log4net - ---Executed Successfully GetNurseNotes() in OrdersController----
2023-10-05 07:06:18,089 [7] DEBUG LTCPro.ServiceLayer.Log4net - ---Executed Successfully GetOrdersData() in OrdersController----
2023-10-05 07:06:18,564 [13] DEBUG LTCPro.ServiceLayer.Log4net - ---Executing GetUserToken() in UserService----
2023-10-05 07:06:18,567 [41] DEBUG LTCPro.ServiceLayer.Log4net - ---Executing GetUserToken() in UserService----
2023-10-05 07:06:18,589 [43] DEBUG LTCPro.ServiceLayer.Log4net - ---Executing GetUserToken() in UserService----
2023-10-05 07:06:18,599 [35] DEBUG LTCPro.ServiceLayer.Log4net - ---Executing GetUserToken() in UserService----
2023-10-05 07:06:18,631 [27] DEBUG LTCPro.ServiceLayer.Log4net - ---Executing GetUserToken() in UserService----
2023-10-05 07:06:18,788 [13] DEBUG LTCPro.ServiceLayer.Log4net - ---Executing GetPhysicianDropData() in OrdersController----
2023-10-05 07:06:18,788 [13] DEBUG LTCPro.ServiceLayer.Log4net - ---Executing GetPhysicianDropData() in OrdersService----
2023-10-05 07:06:18,789 [41] DEBUG LTCPro.ServiceLayer.Log4net - ---Executing GetOrderStockDetails() in OrdersController----
2023-10-05 07:06:18,789 [41] DEBUG LTCPro.ServiceLayer.Log4net - ---Executing GetOrderStockDetails() in OrdersService----
2023-10-05 07:06:18,810 [43] DEBUG LTCPro.ServiceLayer.Log4net - ---Executing GetFavouritesMasterData() in OrdersController----
2023-10-05 07:06:18,810 [43] DEBUG LTCPro.ServiceLayer.Log4net - ---Executing GetFavouritesMasterData() in OrdersService----
2023-10-05 07:06:18,818 [35] DEBUG LTCPro.ServiceLayer.Log4net - ---Executing GetOrderHoldData() in OrdersController----
2023-10-05 07:06:18,819 [35] DEBUG LTCPro.ServiceLayer.Log4net - ---Executing GetOrderHoldData() in OrdersService----
2023-10-05 07:06:18,853 [27] DEBUG LTCPro.ServiceLayer.Log4net - ---Executing GetNurseNotes() in OrdersController----
2023-10-05 07:06:18,853 [27] DEBUG LTCPro.ServiceLayer.Log4net - ---Executing GetNurseNotes() in OrdersService----
2023-10-05 07:06:19,028 [41] DEBUG LTCPro.ServiceLayer.Log4net - ---Executed Successfully GetOrderStockDetails() in OrdersController----
2023-10-05 07:06:19,034 [43] DEBUG LTCPro.ServiceLayer.Log4net - ---Executed Successfully GetFavouritesMasterData() in OrdersController----
2023-10-05 07:06:19,225 [13] DEBUG LTCPro.ServiceLayer.Log4net - ---Executed Successfully GetPhysicianDropData() in OrdersController----
2023-10-05 07:06:19,479 [35] DEBUG LTCPro.ServiceLayer.Log4net - ---Executed Successfully GetOrderHoldData() in OrdersController----
2023-10-05 07:06:20,271 [41] DEBUG LTCPro.ServiceLayer.Log4net - ---Executing GetUserToken() in UserService----
2023-10-05 07:06:20,300 [27] DEBUG LTCPro.ServiceLayer.Log4net - ---Executed Successfully GetNurseNotes() in OrdersController----
2023-10-05 07:06:20,503 [41] DEBUG LTCPro.ServiceLayer.Log4net - ---Executing GetOrdersData() in OrdersController----
2023-10-05 07:06:20,503 [41] DEBUG LTCPro.ServiceLayer.Log4net - ---Executing GetOrdersData() in OrdersService----
2023-10-05 07:06:22,219 [41] DEBUG LTCPro.ServiceLayer.Log4net - ---Executed Successfully GetOrdersData() in OrdersController----
2023-10-05 07:06:22,612 [47] DEBUG LTCPro.ServiceLayer.Log4net - ---Executing GetUserToken() in UserService----
2023-10-05 07:06:22,630 [26] DEBUG LTCPro.ServiceLayer.Log4net - ---Executing GetUserToken() in UserService----
2023-10-05 07:06:22,635 [7] DEBUG LTCPro.ServiceLayer.Log4net - ---Executing GetUserToken() in UserService----
2023-10-05 07:06:22,639 [23] DEBUG LTCPro.ServiceLayer.Log4net - ---Executing GetUserToken() in UserService----
2023-10-05 07:06:22,830 [47] DEBUG LTCPro.ServiceLayer.Log4net - ---Executing GetOrderStockDetails() in OrdersController----
2023-10-05 07:06:22,830 [47] DEBUG LTCPro.ServiceLayer.Log4net - ---Executing GetOrderStockDetails() in OrdersService----
2023-10-05 07:06:22,847 [26] DEBUG LTCPro.ServiceLayer.Log4net - ---Executing GetPhysicianDropData() in OrdersController----
2023-10-05 07:06:22,848 [26] DEBUG LTCPro.ServiceLayer.Log4net - ---Executing GetPhysicianDropData() in OrdersService----
2023-10-05 07:06:22,853 [7] DEBUG LTCPro.ServiceLayer.Log4net - ---Executing GetFavouritesMasterData() in OrdersController----
2023-10-05 07:06:22,853 [7] DEBUG LTCPro.ServiceLayer.Log4net - ---Executing GetFavouritesMasterData() in OrdersService----
2023-10-05 07:06:22,856 [23] DEBUG LTCPro.ServiceLayer.Log4net - ---Executing GetNurseNotes() in OrdersController----
2023-10-05 07:06:22,856 [23] DEBUG LTCPro.ServiceLayer.Log4net - ---Executing GetNurseNotes() in OrdersService----
2023-10-05 07:06:23,070 [47] DEBUG LTCPro.ServiceLayer.Log4net - ---Executed Successfully GetOrderStockDetails() in OrdersController----
2023-10-05 07:06:23,079 [7] DEBUG LTCPro.ServiceLayer.Log4net - ---Executed Successfully GetFavouritesMasterData() in OrdersController----
2023-10-05 07:06:23,298 [26] DEBUG LTCPro.ServiceLayer.Log4net - ---Executed Successfully GetPhysicianDropData() in OrdersController----
2023-10-05 07:06:24,207 [23] DEBUG LTCPro.ServiceLayer.Log4net - ---Executed Successfully GetNurseNotes() in OrdersController----
2023-10-05 09:48:50,866 [10] DEBUG LTCPro.ServiceLayer.Log4net - ---Executing LogoutUser() in UserController----
2023-10-05 09:48:50,931 [10] DEBUG LTCPro.ServiceLayer.Log4net - ---Executing LogoutUser() in UserService----
2023-10-05 09:48:55,203 [10] DEBUG LTCPro.ServiceLayer.Log4net - ---Executed Successfully LogoutUser() in UserController----
2023-10-05 09:48:56,099 [10] DEBUG LTCPro.ServiceLayer.Log4net - ---Executing UsersConfigNurseStationDrop() in FacilityController----
2023-10-05 09:48:56,099 [10] DEBUG LTCPro.ServiceLayer.Log4net - ---Executing UsersConfigNurseStationDrop() in FacilityService----
2023-10-05 09:48:56,532 [10] DEBUG LTCPro.ServiceLayer.Log4net - ---Executed Successfully UsersConfigNurseStationDrop() in FacilityController----
2023-10-05 09:48:56,635 [24] DEBUG LTCPro.ServiceLayer.Log4net - ---Executing GetProcessKeyMasterList() in FacilityController----
2023-10-05 09:48:56,636 [24] DEBUG LTCPro.ServiceLayer.Log4net - ---Executing GetProcessKeyMasterList() in FacilityService----
2023-10-05 09:48:56,847 [24] DEBUG LTCPro.ServiceLayer.Log4net - ---Executed Successfully GetProcessKeyMasterList() in FacilityController----
