2021-09-13 14:19:37,321 [15] DEBUG LTCPro.ServiceLayer.Log4net - ---Executing UsersConfigNurseStationDrop() in FacilityController----
2021-09-13 14:19:37,357 [15] DEBUG LTCPro.ServiceLayer.Log4net - ---Executing UsersConfigNurseStationDrop() in FacilityService----
2021-09-13 14:19:38,976 [15] DEBUG LTCPro.ServiceLayer.Log4net - ---Executed Successfully UsersConfigNurseStationDrop() in FacilityController----
2021-09-13 14:19:39,286 [16] DEBUG LTCPro.ServiceLayer.Log4net - ---Executing GetProcessKeyMasterList() in FacilityController----
2021-09-13 14:19:39,286 [16] DEBUG LTCPro.ServiceLayer.Log4net - ---Executing GetProcessKeyMasterList() in FacilityService----
2021-09-13 14:19:39,315 [16] DEBUG LTCPro.ServiceLayer.Log4net - ---Executed Successfully GetProcessKeyMasterList() in FacilityController----
2021-09-13 14:19:43,674 [16] DEBUG LTCPro.ServiceLayer.Log4net - ---Executing CheckUser() in UserService----
2021-09-13 14:19:44,240 [16] DEBUG LTCPro.ServiceLayer.Log4net - ---Executing FindUser() in UserService----
2021-09-13 14:19:44,338 [16] DEBUG LTCPro.ServiceLayer.Log4net - ---Executing InsertUserSession() in UserService----
2021-09-13 14:19:44,487 [16] DEBUG LTCPro.ServiceLayer.Log4net - ---Executing InsertUserToken() in UserService----
2021-09-13 14:19:44,604 [15] DEBUG LTCPro.ServiceLayer.Log4net - ---Executing GetScreenPermissionsForLoggedInUser() in RoleController----
2021-09-13 14:19:44,605 [15] DEBUG LTCPro.ServiceLayer.Log4net - ---Executing GetScreenPermissionsForLoggedInUser() in RoleService----
2021-09-13 14:19:44,631 [15] DEBUG LTCPro.ServiceLayer.Log4net - ---Executed Successfully GetScreenPermissionsForLoggedInUser() in RoleController----
2021-09-13 14:19:44,658 [16] DEBUG LTCPro.ServiceLayer.Log4net - ---Executing InsertUpdateUserRecentFacNs() in UserController----
2021-09-13 14:19:44,696 [16] DEBUG LTCPro.ServiceLayer.Log4net - ---Executing GetUserRecentFacNs() in UserService----
2021-09-13 14:19:44,749 [15] DEBUG LTCPro.ServiceLayer.Log4net - ---Executing GetUserToken() in UserService----
2021-09-13 14:19:44,814 [11] DEBUG LTCPro.ServiceLayer.Log4net - ---Executing GetUserToken() in UserService----
2021-09-13 14:19:44,822 [15] DEBUG LTCPro.ServiceLayer.Log4net - ---Executing InsertUserActivityDetails() in CompanyController----
2021-09-13 14:19:44,823 [15] DEBUG LTCPro.ServiceLayer.Log4net - ---Executing InsertUserActivityDetails() in UserActivityService----
2021-09-13 14:19:44,826 [12] DEBUG LTCPro.ServiceLayer.Log4net - ---Executing GetUserToken() in UserService----
2021-09-13 14:19:44,826 [13] DEBUG LTCPro.ServiceLayer.Log4net - ---Executing GetUserToken() in UserService----
2021-09-13 14:19:44,841 [15] DEBUG LTCPro.ServiceLayer.Log4net - ---Executed Successfully InsertUserActivityDetails() in CompanyController----
2021-09-13 14:19:44,864 [15] DEBUG LTCPro.ServiceLayer.Log4net - ---Executing GetUserToken() in UserService----
2021-09-13 14:19:44,973 [16] DEBUG LTCPro.ServiceLayer.Log4net - ---Executing InsertUpdateUserRecentFacNs() in CommonService----
2021-09-13 14:19:44,996 [15] DEBUG LTCPro.ServiceLayer.Log4net - ---Executing GetOutboundErrorDetails() in CommonController----
2021-09-13 14:19:44,997 [15] DEBUG LTCPro.ServiceLayer.Log4net - ---Executing GetOutboundErrorDetails() in CommonService----
2021-09-13 14:19:45,029 [11] DEBUG LTCPro.ServiceLayer.Log4net - ---Executing GetDueMARAlertData() in EmarController----
2021-09-13 14:19:45,029 [12] DEBUG LTCPro.ServiceLayer.Log4net - ---Executing GetReadMailsCount() in MailboxController----
2021-09-13 14:19:45,029 [13] DEBUG LTCPro.ServiceLayer.Log4net - ---Executing GetAlertsDetails() in MailboxController----
2021-09-13 14:19:45,047 [16] DEBUG LTCPro.ServiceLayer.Log4net - ---Executed Successfully InsertUpdateUserRecentFacNs() in UserController----
2021-09-13 14:19:45,047 [11] DEBUG LTCPro.ServiceLayer.Log4net - ---Executing GetDueMARAlertData() in EmarService----
2021-09-13 14:19:45,048 [12] DEBUG LTCPro.ServiceLayer.Log4net - ---Executing GetReadMailsCount() in MailboxService----
2021-09-13 14:19:45,050 [13] DEBUG LTCPro.ServiceLayer.Log4net - ---Executing GetAlertsDetails() in MailboxService----
2021-09-13 14:19:45,069 [16] DEBUG LTCPro.ServiceLayer.Log4net - ---Executing GetUserToken() in UserService----
2021-09-13 14:19:45,073 [16] DEBUG LTCPro.ServiceLayer.Log4net - ---Executing GetUserPassedDueFlag() in UserController----
2021-09-13 14:19:45,074 [16] DEBUG LTCPro.ServiceLayer.Log4net - ---Executing GetUserPassedDueFlag() in UserService----
2021-09-13 14:19:45,078 [16] DEBUG LTCPro.ServiceLayer.Log4net - ---Executed Successfully GetUserPassedDueFlag() in UserController----
2021-09-13 14:19:45,100 [8] DEBUG LTCPro.ServiceLayer.Log4net - ---Executing GetUserToken() in UserService----
2021-09-13 14:19:45,101 [16] DEBUG LTCPro.ServiceLayer.Log4net - ---Executing GetUserToken() in UserService----
2021-09-13 14:19:45,113 [12] DEBUG LTCPro.ServiceLayer.Log4net - ---Executed successfully GetReadMailsCount() in MailboxController----
2021-09-13 14:19:45,120 [8] DEBUG LTCPro.ServiceLayer.Log4net - ---Executing GetUserRecentFacNs() in UserController----
2021-09-13 14:19:45,120 [8] DEBUG LTCPro.ServiceLayer.Log4net - ---Executing GetUserRecentFacNs() in UserService----
2021-09-13 14:19:45,126 [8] DEBUG LTCPro.ServiceLayer.Log4net - ---Executed Successfully GetUserRecentFacNs() in UserController----
2021-09-13 14:19:45,129 [13] DEBUG LTCPro.ServiceLayer.Log4net - ---Executed successfully GetAlertsDetails() in MailboxController----
2021-09-13 14:19:45,135 [16] DEBUG LTCPro.ServiceLayer.Log4net - ---Executing GetPendingDosesList() in CommonController----
2021-09-13 14:19:45,136 [16] DEBUG LTCPro.ServiceLayer.Log4net - ---Executing GetPendingDosesList() in CommonService----
2021-09-13 14:19:45,169 [13] DEBUG LTCPro.ServiceLayer.Log4net - ---Executing GetUserToken() in UserService----
2021-09-13 14:19:45,172 [12] DEBUG LTCPro.ServiceLayer.Log4net - ---Executing GetUserToken() in UserService----
2021-09-13 14:19:45,176 [12] DEBUG LTCPro.ServiceLayer.Log4net - ---Executing GetUserActiveCompanyMasterList() in CompanyController----
2021-09-13 14:19:45,177 [12] DEBUG LTCPro.ServiceLayer.Log4net - ---Executing GetActiveCompanyMasterList() in CompanyService----
2021-09-13 14:19:45,205 [15] DEBUG LTCPro.ServiceLayer.Log4net - ---Executed Successfully GetOutboundErrorDetails() in CommonController----
2021-09-13 14:19:45,218 [13] DEBUG LTCPro.ServiceLayer.Log4net - ---Executing GetUserAccessFacilityNurseStaions() in FacilityController----
2021-09-13 14:19:45,229 [13] DEBUG LTCPro.ServiceLayer.Log4net - ---Executing GetUserAccessFacilityNurseStaions() in FacilityService----
2021-09-13 14:19:45,240 [16] DEBUG LTCPro.ServiceLayer.Log4net - ---Executed Successfully GetPendingDosesList() in CommonController----
2021-09-13 14:19:45,255 [12] DEBUG LTCPro.ServiceLayer.Log4net - ---Executed Successfully GetUserActiveCompanyMasterList() in CompanyController----
2021-09-13 14:19:45,255 [13] DEBUG LTCPro.ServiceLayer.Log4net - ---Executed Successfully GetUserAccessFacilityNurseStaions() in FacilityController----
2021-09-13 14:19:45,280 [11] DEBUG LTCPro.ServiceLayer.Log4net - ---Executed Successfully GetDueMARAlertData() in EmarController----
2021-09-13 14:19:50,678 [15] DEBUG LTCPro.ServiceLayer.Log4net - ---Executing GetUserToken() in UserService----
2021-09-13 14:19:50,682 [15] DEBUG LTCPro.ServiceLayer.Log4net - ---Executing GetUserRecentFacNs() in UserController----
2021-09-13 14:19:50,682 [15] DEBUG LTCPro.ServiceLayer.Log4net - ---Executing GetUserRecentFacNs() in UserService----
2021-09-13 14:19:50,687 [15] DEBUG LTCPro.ServiceLayer.Log4net - ---Executed Successfully GetUserRecentFacNs() in UserController----
2021-09-13 14:19:50,892 [13] DEBUG LTCPro.ServiceLayer.Log4net - ---Executing GetUserToken() in UserService----
2021-09-13 14:19:50,899 [13] DEBUG LTCPro.ServiceLayer.Log4net - ---Executing GetUserAccessFacilityNurseStaions() in FacilityController----
2021-09-13 14:19:50,899 [13] DEBUG LTCPro.ServiceLayer.Log4net - ---Executing GetUserAccessFacilityNurseStaions() in FacilityService----
2021-09-13 14:19:50,909 [13] DEBUG LTCPro.ServiceLayer.Log4net - ---Executed Successfully GetUserAccessFacilityNurseStaions() in FacilityController----
2021-09-13 14:19:50,930 [15] DEBUG LTCPro.ServiceLayer.Log4net - ---Executing GetUserToken() in UserService----
2021-09-13 14:19:50,934 [15] DEBUG LTCPro.ServiceLayer.Log4net - ---Executing UserNurseStationDrop() in FacilityController----
2021-09-13 14:19:50,935 [15] DEBUG LTCPro.ServiceLayer.Log4net - ---Executing UserNurseStationDrop() in FacilityService----
2021-09-13 14:19:50,950 [15] DEBUG LTCPro.ServiceLayer.Log4net - ---Executed Successfully UserNurseStationDrop() in FacilityController----
2021-09-13 14:19:51,088 [15] DEBUG LTCPro.ServiceLayer.Log4net - ---Executing GetUserToken() in UserService----
2021-09-13 14:19:51,116 [15] DEBUG LTCPro.ServiceLayer.Log4net - ---Executing GetResidentnamesmarReport() in ReportsController----
2021-09-13 14:19:51,140 [15] DEBUG LTCPro.ServiceLayer.Log4net - ---Executing GetResidentnamesmarReport() in ReportService----
2021-09-13 14:19:51,348 [12] DEBUG LTCPro.ServiceLayer.Log4net - ---Executing GetUserToken() in UserService----
2021-09-13 14:19:51,363 [12] DEBUG LTCPro.ServiceLayer.Log4net - ---Executing GetEmarResidentdetailsReport() in ReportsController----
2021-09-13 14:19:51,364 [12] DEBUG LTCPro.ServiceLayer.Log4net - ---Executing GetEmarResidentdetailsReport() in ReportsService----
2021-09-13 14:20:29,757 [13] DEBUG LTCPro.ServiceLayer.Log4net - ---Executing GetUserToken() in UserService----
2021-09-13 14:20:29,763 [5] DEBUG LTCPro.ServiceLayer.Log4net - ---Executing GetUserToken() in UserService----
2021-09-13 14:20:30,144 [11] DEBUG LTCPro.ServiceLayer.Log4net - ---Executing GetUserToken() in UserService----
2021-09-13 21:09:34,538 [16] DEBUG LTCPro.ServiceLayer.Log4net - ---Executing UsersConfigNurseStationDrop() in FacilityController----
2021-09-13 21:09:34,606 [16] DEBUG LTCPro.ServiceLayer.Log4net - ---Executing UsersConfigNurseStationDrop() in FacilityService----
2021-09-13 21:09:39,664 [16] DEBUG LTCPro.ServiceLayer.Log4net - ---Executed Successfully UsersConfigNurseStationDrop() in FacilityController----
2021-09-13 21:09:40,081 [10] DEBUG LTCPro.ServiceLayer.Log4net - ---Executing GetProcessKeyMasterList() in FacilityController----
2021-09-13 21:09:40,082 [10] DEBUG LTCPro.ServiceLayer.Log4net - ---Executing GetProcessKeyMasterList() in FacilityService----
2021-09-13 21:09:40,325 [10] DEBUG LTCPro.ServiceLayer.Log4net - ---Executed Successfully GetProcessKeyMasterList() in FacilityController----
2021-09-13 21:09:44,041 [7] DEBUG LTCPro.ServiceLayer.Log4net - ---Executing CheckUser() in UserService----
2021-09-13 21:09:46,911 [7] DEBUG LTCPro.ServiceLayer.Log4net - ---Executing FindUser() in UserService----
2021-09-13 21:09:47,228 [7] DEBUG LTCPro.ServiceLayer.Log4net - ---Executing InsertUserSession() in UserService----
2021-09-13 21:09:48,015 [7] DEBUG LTCPro.ServiceLayer.Log4net - ---Executing InsertUserToken() in UserService----
2021-09-13 21:09:49,019 [15] DEBUG LTCPro.ServiceLayer.Log4net - ---Executing GetScreenPermissionsForLoggedInUser() in RoleController----
2021-09-13 21:09:49,027 [10] DEBUG LTCPro.ServiceLayer.Log4net - ---Executing InsertUpdateUserRecentFacNs() in UserController----
2021-09-13 21:09:49,041 [15] DEBUG LTCPro.ServiceLayer.Log4net - ---Executing GetScreenPermissionsForLoggedInUser() in RoleService----
2021-09-13 21:09:49,061 [10] DEBUG LTCPro.ServiceLayer.Log4net - ---Executing GetUserRecentFacNs() in UserService----
2021-09-13 21:09:49,284 [15] DEBUG LTCPro.ServiceLayer.Log4net - ---Executed Successfully GetScreenPermissionsForLoggedInUser() in RoleController----
2021-09-13 21:09:49,503 [7] DEBUG LTCPro.ServiceLayer.Log4net - ---Executing GetUserToken() in UserService----
2021-09-13 21:09:49,504 [16] DEBUG LTCPro.ServiceLayer.Log4net - ---Executing GetUserToken() in UserService----
2021-09-13 21:09:49,511 [15] DEBUG LTCPro.ServiceLayer.Log4net - ---Executing GetUserToken() in UserService----
2021-09-13 21:09:49,514 [17] DEBUG LTCPro.ServiceLayer.Log4net - ---Executing GetUserToken() in UserService----
2021-09-13 21:09:49,520 [9] DEBUG LTCPro.ServiceLayer.Log4net - ---Executing GetUserToken() in UserService----
2021-09-13 21:09:49,728 [7] DEBUG LTCPro.ServiceLayer.Log4net - ---Executing GetUserPassedDueFlag() in UserController----
2021-09-13 21:09:49,731 [7] DEBUG LTCPro.ServiceLayer.Log4net - ---Executing GetUserPassedDueFlag() in UserService----
2021-09-13 21:09:49,930 [16] DEBUG LTCPro.ServiceLayer.Log4net - ---Executing GetDueMARAlertData() in EmarController----
2021-09-13 21:09:49,949 [16] DEBUG LTCPro.ServiceLayer.Log4net - ---Executing GetDueMARAlertData() in EmarService----
2021-09-13 21:09:50,121 [7] DEBUG LTCPro.ServiceLayer.Log4net - ---Executed Successfully GetUserPassedDueFlag() in UserController----
2021-09-13 21:09:50,154 [7] DEBUG LTCPro.ServiceLayer.Log4net - ---Executing GetUserToken() in UserService----
2021-09-13 21:09:50,517 [16] DEBUG LTCPro.ServiceLayer.Log4net - ---Executed Successfully GetDueMARAlertData() in EmarController----
2021-09-13 21:09:50,538 [16] DEBUG LTCPro.ServiceLayer.Log4net - ---Executing GetUserToken() in UserService----
2021-09-13 21:09:50,732 [7] DEBUG LTCPro.ServiceLayer.Log4net - ---Executing GetUserRecentFacNs() in UserController----
2021-09-13 21:09:50,732 [7] DEBUG LTCPro.ServiceLayer.Log4net - ---Executing GetUserRecentFacNs() in UserService----
2021-09-13 21:09:50,937 [16] DEBUG LTCPro.ServiceLayer.Log4net - ---Executing GetPendingDosesList() in CommonController----
2021-09-13 21:09:50,938 [16] DEBUG LTCPro.ServiceLayer.Log4net - ---Executing GetPendingDosesList() in CommonService----
2021-09-13 21:09:51,354 [10] DEBUG LTCPro.ServiceLayer.Log4net - ---Executing InsertUpdateUserRecentFacNs() in CommonService----
2021-09-13 21:09:51,557 [7] DEBUG LTCPro.ServiceLayer.Log4net - ---Executed Successfully GetUserRecentFacNs() in UserController----
2021-09-13 21:09:51,587 [13] DEBUG LTCPro.ServiceLayer.Log4net - ---Executing GetUserToken() in UserService----
2021-09-13 21:09:51,987 [15] DEBUG LTCPro.ServiceLayer.Log4net - ---Executing GetAlertsDetails() in MailboxController----
2021-09-13 21:09:52,017 [15] DEBUG LTCPro.ServiceLayer.Log4net - ---Executing GetAlertsDetails() in MailboxService----
2021-09-13 21:09:52,178 [10] DEBUG LTCPro.ServiceLayer.Log4net - ---Executed Successfully InsertUpdateUserRecentFacNs() in UserController----
2021-09-13 21:09:52,242 [10] DEBUG LTCPro.ServiceLayer.Log4net - ---Executing GetUserToken() in UserService----
2021-09-13 21:09:52,258 [16] DEBUG LTCPro.ServiceLayer.Log4net - ---Executed Successfully GetPendingDosesList() in CommonController----
2021-09-13 21:09:52,289 [7] DEBUG LTCPro.ServiceLayer.Log4net - ---Executing GetUserToken() in UserService----
2021-09-13 21:09:52,423 [15] DEBUG LTCPro.ServiceLayer.Log4net - ---Executed successfully GetAlertsDetails() in MailboxController----
2021-09-13 21:09:52,444 [9] DEBUG LTCPro.ServiceLayer.Log4net - ---Executing GetReadMailsCount() in MailboxController----
2021-09-13 21:09:52,446 [9] DEBUG LTCPro.ServiceLayer.Log4net - ---Executing GetReadMailsCount() in MailboxService----
2021-09-13 21:09:52,574 [17] DEBUG LTCPro.ServiceLayer.Log4net - ---Executing GetOutboundErrorDetails() in CommonController----
2021-09-13 21:09:52,575 [17] DEBUG LTCPro.ServiceLayer.Log4net - ---Executing GetOutboundErrorDetails() in CommonService----
2021-09-13 21:09:52,640 [7] DEBUG LTCPro.ServiceLayer.Log4net - ---Executing GetUserAccessFacilityNurseStaions() in FacilityController----
2021-09-13 21:09:52,664 [7] DEBUG LTCPro.ServiceLayer.Log4net - ---Executing GetUserAccessFacilityNurseStaions() in FacilityService----
2021-09-13 21:09:52,795 [9] DEBUG LTCPro.ServiceLayer.Log4net - ---Executed successfully GetReadMailsCount() in MailboxController----
2021-09-13 21:09:52,803 [13] DEBUG LTCPro.ServiceLayer.Log4net - ---Executing InsertUserActivityDetails() in CompanyController----
2021-09-13 21:09:52,804 [13] DEBUG LTCPro.ServiceLayer.Log4net - ---Executing InsertUserActivityDetails() in UserActivityService----
2021-09-13 21:09:53,125 [7] DEBUG LTCPro.ServiceLayer.Log4net - ---Executed Successfully GetUserAccessFacilityNurseStaions() in FacilityController----
2021-09-13 21:09:53,430 [13] DEBUG LTCPro.ServiceLayer.Log4net - ---Executed Successfully InsertUserActivityDetails() in CompanyController----
2021-09-13 21:09:54,489 [10] DEBUG LTCPro.ServiceLayer.Log4net - ---Executing GetUserActiveCompanyMasterList() in CompanyController----
2021-09-13 21:09:54,490 [10] DEBUG LTCPro.ServiceLayer.Log4net - ---Executing GetActiveCompanyMasterList() in CompanyService----
2021-09-13 21:09:55,654 [10] DEBUG LTCPro.ServiceLayer.Log4net - ---Executed Successfully GetUserActiveCompanyMasterList() in CompanyController----
2021-09-13 21:10:04,915 [16] DEBUG LTCPro.ServiceLayer.Log4net - ---Executing GetUserToken() in UserService----
2021-09-13 21:10:05,120 [16] DEBUG LTCPro.ServiceLayer.Log4net - ---Executing GetUserRecentFacNs() in UserController----
2021-09-13 21:10:05,120 [16] DEBUG LTCPro.ServiceLayer.Log4net - ---Executing GetUserRecentFacNs() in UserService----
2021-09-13 21:10:05,528 [16] DEBUG LTCPro.ServiceLayer.Log4net - ---Executed Successfully GetUserRecentFacNs() in UserController----
2021-09-13 21:10:05,548 [16] DEBUG LTCPro.ServiceLayer.Log4net - ---Executing GetUserToken() in UserService----
2021-09-13 21:10:05,753 [16] DEBUG LTCPro.ServiceLayer.Log4net - ---Executing GetUserAccessFacilityNurseStaions() in FacilityController----
2021-09-13 21:10:05,753 [16] DEBUG LTCPro.ServiceLayer.Log4net - ---Executing GetUserAccessFacilityNurseStaions() in FacilityService----
2021-09-13 21:10:06,175 [16] DEBUG LTCPro.ServiceLayer.Log4net - ---Executed Successfully GetUserAccessFacilityNurseStaions() in FacilityController----
2021-09-13 21:10:06,198 [10] DEBUG LTCPro.ServiceLayer.Log4net - ---Executing GetUserToken() in UserService----
2021-09-13 21:10:06,409 [10] DEBUG LTCPro.ServiceLayer.Log4net - ---Executing UserNurseStationDrop() in FacilityController----
2021-09-13 21:10:06,412 [10] DEBUG LTCPro.ServiceLayer.Log4net - ---Executing UserNurseStationDrop() in FacilityService----
2021-09-13 21:10:06,699 [10] DEBUG LTCPro.ServiceLayer.Log4net - ---Executed Successfully UserNurseStationDrop() in FacilityController----
2021-09-13 21:10:06,825 [10] DEBUG LTCPro.ServiceLayer.Log4net - ---Executing GetUserToken() in UserService----
2021-09-13 21:10:07,048 [10] DEBUG LTCPro.ServiceLayer.Log4net - ---Executing GetResidentnamesmarReport() in ReportsController----
2021-09-13 21:10:07,068 [10] DEBUG LTCPro.ServiceLayer.Log4net - ---Executing GetResidentnamesmarReport() in ReportService----
2021-09-13 21:10:08,173 [9] DEBUG LTCPro.ServiceLayer.Log4net - ---Executing GetUserToken() in UserService----
2021-09-13 21:10:08,391 [17] DEBUG LTCPro.ServiceLayer.Log4net - ---Executed Successfully GetOutboundErrorDetails() in CommonController----
2021-09-13 21:10:13,059 [9] DEBUG LTCPro.ServiceLayer.Log4net - ---Executing GetEmarResidentdetailsReport() in ReportsController----
2021-09-13 21:10:13,062 [9] DEBUG LTCPro.ServiceLayer.Log4net - ---Executing GetEmarResidentdetailsReport() in ReportsService----
2021-09-13 21:10:20,387 [7] DEBUG LTCPro.ServiceLayer.Log4net - ---Executing GetUserToken() in UserService----
2021-09-13 21:10:23,299 [7] DEBUG LTCPro.ServiceLayer.Log4net - ---Executing GetEmarResidentdetailsReport() in ReportsController----
2021-09-13 21:10:24,491 [7] DEBUG LTCPro.ServiceLayer.Log4net - ---Executing GetEmarResidentdetailsReport() in ReportsService----
2021-09-13 21:10:27,074 [7] DEBUG LTCPro.ServiceLayer.Log4net - ---Executing GetEmarResidentdetailsReportAllergyAndDiagnosis() in ReportsService----
2021-09-13 21:10:28,345 [7] DEBUG LTCPro.ServiceLayer.Log4net - ---Executing GetEmarlogo() in ReportsService----
2021-09-13 21:10:30,007 [7] DEBUG LTCPro.ServiceLayer.Log4net - ---Executing GetFacilitylogo() in ReportsService----
2021-09-13 21:10:38,528 [7] ERROR LTCPro.ServiceLayer.Log4net - ===================================
2021-09-13 21:10:38,641 [7] ERROR LTCPro.ServiceLayer.Log4net -  Source : = CrystalDecisions.CrystalReports.Engine
2021-09-13 21:10:38,641 [7] ERROR LTCPro.ServiceLayer.Log4net -  Stack Trace : =    at CrystalDecisions.ReportAppServer.ReportClientDocumentWrapper.EnsureDocumentIsOpened()
   at CrystalDecisions.CrystalReports.Engine.ReportDocument.Load(String filename, OpenReportMethod openMethod, Int16 parentJob)
   at CrystalDecisions.CrystalReports.Engine.ReportDocument.Load(String filename)
   at LTCPro.WebApi.Controllers.ReportsController.GetEmarResidentdetailsReport(EmarReportEntity entity) in D:\old system Data 04042021\Emar Service Latest 1\WebApi\Controllers\ReportsController.cs:line 3251
   at lambda_method(Closure , Object , Object[] )
   at System.Web.Http.Controllers.ReflectedHttpActionDescriptor.ActionExecutor.<>c__DisplayClass6_1.<GetExecutor>b__3(Object instance, Object[] methodParameters)
   at System.Web.Http.Controllers.ReflectedHttpActionDescriptor.ActionExecutor.Execute(Object instance, Object[] arguments)
   at System.Web.Http.Controllers.ReflectedHttpActionDescriptor.ExecuteAsync(HttpControllerContext controllerContext, IDictionary`2 arguments, CancellationToken cancellationToken)
--- End of stack trace from previous location where exception was thrown ---
   at System.Runtime.CompilerServices.TaskAwaiter.ThrowForNonSuccess(Task task)
   at System.Runtime.CompilerServices.TaskAwaiter.HandleNonSuccessAndDebuggerNotification(Task task)
   at System.Web.Http.Controllers.ApiControllerActionInvoker.<InvokeActionAsyncCore>d__1.MoveNext()
--- End of stack trace from previous location where exception was thrown ---
   at System.Runtime.CompilerServices.TaskAwaiter.ThrowForNonSuccess(Task task)
   at System.Runtime.CompilerServices.TaskAwaiter.HandleNonSuccessAndDebuggerNotification(Task task)
   at System.Web.Http.Controllers.ActionFilterResult.<ExecuteAsync>d__5.MoveNext()
--- End of stack trace from previous location where exception was thrown ---
   at System.Runtime.CompilerServices.TaskAwaiter.ThrowForNonSuccess(Task task)
   at System.Runtime.CompilerServices.TaskAwaiter.HandleNonSuccessAndDebuggerNotification(Task task)
   at System.Web.Http.Filters.AuthorizationFilterAttribute.<ExecuteAuthorizationFilterAsyncCore>d__3.MoveNext()
--- End of stack trace from previous location where exception was thrown ---
   at System.Runtime.CompilerServices.TaskAwaiter.ThrowForNonSuccess(Task task)
   at System.Runtime.CompilerServices.TaskAwaiter.HandleNonSuccessAndDebuggerNotification(Task task)
   at System.Web.Http.Controllers.ExceptionFilterResult.<ExecuteAsync>d__6.MoveNext()
2021-09-13 21:10:38,642 [7] ERROR LTCPro.ServiceLayer.Log4net -  Exception Message : = Load report failed.
2021-09-13 21:10:38,642 [7] ERROR LTCPro.ServiceLayer.Log4net - ============= Inner Exception  Stack Trace  ===========
2021-09-13 21:10:38,648 [7] ERROR LTCPro.ServiceLayer.Log4net -  Inner Exception  Stack Trace : =    at CrystalDecisions.ReportAppServer.ClientDoc.ReportClientDocumentClass.Open(Object& DocumentPath, Int32 Options)
   at CrystalDecisions.ReportAppServer.ReportClientDocumentWrapper.Open(Object& DocumentPath, Int32 Options)
   at CrystalDecisions.ReportAppServer.ReportClientDocumentWrapper.EnsureDocumentIsOpened()
2021-09-13 21:10:38,648 [7] ERROR LTCPro.ServiceLayer.Log4net - ============= Inner Exception  Stack Trace End  ===========
2021-09-13 21:10:38,648 [7] ERROR LTCPro.ServiceLayer.Log4net - ============= Inner Exception  Message  ===========
2021-09-13 21:10:38,648 [7] ERROR LTCPro.ServiceLayer.Log4net -  Inner Exception Message : = Unsupported Operation. A document processed by the JRC engine cannot be opened in the C++ stack.
2021-09-13 21:10:38,648 [7] ERROR LTCPro.ServiceLayer.Log4net - ============= Inner Exception  Message End  ===========
2021-09-13 21:12:51,802 [7] DEBUG LTCPro.ServiceLayer.Log4net - ---Executing UsersConfigNurseStationDrop() in FacilityController----
2021-09-13 21:12:51,809 [7] DEBUG LTCPro.ServiceLayer.Log4net - ---Executing UsersConfigNurseStationDrop() in FacilityService----
2021-09-13 21:12:54,962 [7] DEBUG LTCPro.ServiceLayer.Log4net - ---Executed Successfully UsersConfigNurseStationDrop() in FacilityController----
2021-09-13 21:12:55,236 [8] DEBUG LTCPro.ServiceLayer.Log4net - ---Executing GetProcessKeyMasterList() in FacilityController----
2021-09-13 21:12:55,237 [8] DEBUG LTCPro.ServiceLayer.Log4net - ---Executing GetProcessKeyMasterList() in FacilityService----
2021-09-13 21:12:55,453 [8] DEBUG LTCPro.ServiceLayer.Log4net - ---Executed Successfully GetProcessKeyMasterList() in FacilityController----
2021-09-13 21:12:58,893 [6] DEBUG LTCPro.ServiceLayer.Log4net - ---Executing CheckUser() in UserService----
2021-09-13 21:13:01,604 [6] DEBUG LTCPro.ServiceLayer.Log4net - ---Executing FindUser() in UserService----
2021-09-13 21:13:01,888 [6] DEBUG LTCPro.ServiceLayer.Log4net - ---Executing InsertUserSession() in UserService----
2021-09-13 21:13:02,543 [6] DEBUG LTCPro.ServiceLayer.Log4net - ---Executing InsertUserToken() in UserService----
2021-09-13 21:13:03,444 [7] DEBUG LTCPro.ServiceLayer.Log4net - ---Executing InsertUpdateUserRecentFacNs() in UserController----
2021-09-13 21:13:03,445 [7] DEBUG LTCPro.ServiceLayer.Log4net - ---Executing GetUserRecentFacNs() in UserService----
2021-09-13 21:13:03,487 [6] DEBUG LTCPro.ServiceLayer.Log4net - ---Executing GetScreenPermissionsForLoggedInUser() in RoleController----
2021-09-13 21:13:03,488 [6] DEBUG LTCPro.ServiceLayer.Log4net - ---Executing GetScreenPermissionsForLoggedInUser() in RoleService----
2021-09-13 21:13:03,897 [7] DEBUG LTCPro.ServiceLayer.Log4net - ---Executing InsertUpdateUserRecentFacNs() in CommonService----
2021-09-13 21:13:04,345 [7] DEBUG LTCPro.ServiceLayer.Log4net - ---Executed Successfully InsertUpdateUserRecentFacNs() in UserController----
2021-09-13 21:13:05,339 [6] DEBUG LTCPro.ServiceLayer.Log4net - ---Executed Successfully GetScreenPermissionsForLoggedInUser() in RoleController----
2021-09-13 21:13:05,531 [8] DEBUG LTCPro.ServiceLayer.Log4net - ---Executing GetUserToken() in UserService----
2021-09-13 21:13:05,532 [7] DEBUG LTCPro.ServiceLayer.Log4net - ---Executing GetUserToken() in UserService----
2021-09-13 21:13:05,569 [11] DEBUG LTCPro.ServiceLayer.Log4net - ---Executing GetUserToken() in UserService----
2021-09-13 21:13:05,576 [6] DEBUG LTCPro.ServiceLayer.Log4net - ---Executing GetUserToken() in UserService----
2021-09-13 21:13:05,576 [5] DEBUG LTCPro.ServiceLayer.Log4net - ---Executing GetUserToken() in UserService----
2021-09-13 21:13:05,774 [7] DEBUG LTCPro.ServiceLayer.Log4net - ---Executing GetReadMailsCount() in MailboxController----
2021-09-13 21:13:05,774 [8] DEBUG LTCPro.ServiceLayer.Log4net - ---Executing GetAlertsDetails() in MailboxController----
2021-09-13 21:13:05,775 [7] DEBUG LTCPro.ServiceLayer.Log4net - ---Executing GetReadMailsCount() in MailboxService----
2021-09-13 21:13:05,775 [8] DEBUG LTCPro.ServiceLayer.Log4net - ---Executing GetAlertsDetails() in MailboxService----
2021-09-13 21:13:05,991 [6] DEBUG LTCPro.ServiceLayer.Log4net - ---Executing GetUserPassedDueFlag() in UserController----
2021-09-13 21:13:05,993 [5] DEBUG LTCPro.ServiceLayer.Log4net - ---Executing GetPendingDosesList() in CommonController----
2021-09-13 21:13:05,993 [6] DEBUG LTCPro.ServiceLayer.Log4net - ---Executing GetUserPassedDueFlag() in UserService----
2021-09-13 21:13:05,998 [5] DEBUG LTCPro.ServiceLayer.Log4net - ---Executing GetPendingDosesList() in CommonService----
2021-09-13 21:13:06,218 [7] DEBUG LTCPro.ServiceLayer.Log4net - ---Executed successfully GetReadMailsCount() in MailboxController----
2021-09-13 21:13:06,231 [8] DEBUG LTCPro.ServiceLayer.Log4net - ---Executed successfully GetAlertsDetails() in MailboxController----
2021-09-13 21:13:06,243 [7] DEBUG LTCPro.ServiceLayer.Log4net - ---Executing GetUserToken() in UserService----
2021-09-13 21:13:06,253 [8] DEBUG LTCPro.ServiceLayer.Log4net - ---Executing GetUserToken() in UserService----
2021-09-13 21:13:06,444 [6] DEBUG LTCPro.ServiceLayer.Log4net - ---Executed Successfully GetUserPassedDueFlag() in UserController----
2021-09-13 21:13:06,651 [7] DEBUG LTCPro.ServiceLayer.Log4net - ---Executing GetUserRecentFacNs() in UserController----
2021-09-13 21:13:06,651 [7] DEBUG LTCPro.ServiceLayer.Log4net - ---Executing GetUserRecentFacNs() in UserService----
2021-09-13 21:13:06,926 [8] DEBUG LTCPro.ServiceLayer.Log4net - ---Executing InsertUserActivityDetails() in CompanyController----
2021-09-13 21:13:06,927 [8] DEBUG LTCPro.ServiceLayer.Log4net - ---Executing InsertUserActivityDetails() in UserActivityService----
2021-09-13 21:13:07,349 [6] DEBUG LTCPro.ServiceLayer.Log4net - ---Executing GetUserToken() in UserService----
2021-09-13 21:13:07,512 [5] DEBUG LTCPro.ServiceLayer.Log4net - ---Executed Successfully GetPendingDosesList() in CommonController----
2021-09-13 21:13:07,540 [5] DEBUG LTCPro.ServiceLayer.Log4net - ---Executing GetUserToken() in UserService----
2021-09-13 21:13:07,626 [11] DEBUG LTCPro.ServiceLayer.Log4net - ---Executing GetOutboundErrorDetails() in CommonController----
2021-09-13 21:13:07,627 [11] DEBUG LTCPro.ServiceLayer.Log4net - ---Executing GetOutboundErrorDetails() in CommonService----
2021-09-13 21:13:07,694 [8] DEBUG LTCPro.ServiceLayer.Log4net - ---Executed Successfully InsertUserActivityDetails() in CompanyController----
2021-09-13 21:13:07,710 [6] DEBUG LTCPro.ServiceLayer.Log4net - ---Executing GetUserActiveCompanyMasterList() in CompanyController----
2021-09-13 21:13:07,711 [6] DEBUG LTCPro.ServiceLayer.Log4net - ---Executing GetActiveCompanyMasterList() in CompanyService----
2021-09-13 21:13:07,829 [5] DEBUG LTCPro.ServiceLayer.Log4net - ---Executing GetDueMARAlertData() in EmarController----
2021-09-13 21:13:07,830 [5] DEBUG LTCPro.ServiceLayer.Log4net - ---Executing GetDueMARAlertData() in EmarService----
2021-09-13 21:13:08,199 [5] DEBUG LTCPro.ServiceLayer.Log4net - ---Executed Successfully GetDueMARAlertData() in EmarController----
2021-09-13 21:13:08,580 [6] DEBUG LTCPro.ServiceLayer.Log4net - ---Executed Successfully GetUserActiveCompanyMasterList() in CompanyController----
2021-09-13 21:13:09,259 [7] DEBUG LTCPro.ServiceLayer.Log4net - ---Executed Successfully GetUserRecentFacNs() in UserController----
2021-09-13 21:13:09,281 [7] DEBUG LTCPro.ServiceLayer.Log4net - ---Executing GetUserToken() in UserService----
2021-09-13 21:13:09,487 [7] DEBUG LTCPro.ServiceLayer.Log4net - ---Executing GetUserAccessFacilityNurseStaions() in FacilityController----
2021-09-13 21:13:09,488 [7] DEBUG LTCPro.ServiceLayer.Log4net - ---Executing GetUserAccessFacilityNurseStaions() in FacilityService----
2021-09-13 21:13:09,926 [7] DEBUG LTCPro.ServiceLayer.Log4net - ---Executed Successfully GetUserAccessFacilityNurseStaions() in FacilityController----
2021-09-13 21:13:12,358 [6] DEBUG LTCPro.ServiceLayer.Log4net - ---Executing GetUserToken() in UserService----
2021-09-13 21:13:12,572 [6] DEBUG LTCPro.ServiceLayer.Log4net - ---Executing GetUserRecentFacNs() in UserController----
2021-09-13 21:13:12,573 [6] DEBUG LTCPro.ServiceLayer.Log4net - ---Executing GetUserRecentFacNs() in UserService----
2021-09-13 21:13:12,983 [6] DEBUG LTCPro.ServiceLayer.Log4net - ---Executed Successfully GetUserRecentFacNs() in UserController----
2021-09-13 21:13:13,003 [8] DEBUG LTCPro.ServiceLayer.Log4net - ---Executing GetUserToken() in UserService----
2021-09-13 21:13:13,209 [8] DEBUG LTCPro.ServiceLayer.Log4net - ---Executing GetUserAccessFacilityNurseStaions() in FacilityController----
2021-09-13 21:13:13,209 [8] DEBUG LTCPro.ServiceLayer.Log4net - ---Executing GetUserAccessFacilityNurseStaions() in FacilityService----
2021-09-13 21:13:13,628 [8] DEBUG LTCPro.ServiceLayer.Log4net - ---Executed Successfully GetUserAccessFacilityNurseStaions() in FacilityController----
2021-09-13 21:13:13,648 [5] DEBUG LTCPro.ServiceLayer.Log4net - ---Executing GetUserToken() in UserService----
2021-09-13 21:13:13,858 [5] DEBUG LTCPro.ServiceLayer.Log4net - ---Executing UserNurseStationDrop() in FacilityController----
2021-09-13 21:13:13,861 [5] DEBUG LTCPro.ServiceLayer.Log4net - ---Executing UserNurseStationDrop() in FacilityService----
2021-09-13 21:13:14,086 [5] DEBUG LTCPro.ServiceLayer.Log4net - ---Executed Successfully UserNurseStationDrop() in FacilityController----
2021-09-13 21:13:14,137 [5] DEBUG LTCPro.ServiceLayer.Log4net - ---Executing GetUserToken() in UserService----
2021-09-13 21:13:14,345 [5] DEBUG LTCPro.ServiceLayer.Log4net - ---Executing GetResidentnamesmarReport() in ReportsController----
2021-09-13 21:13:14,346 [5] DEBUG LTCPro.ServiceLayer.Log4net - ---Executing GetResidentnamesmarReport() in ReportService----
2021-09-13 21:13:15,382 [6] DEBUG LTCPro.ServiceLayer.Log4net - ---Executing GetUserToken() in UserService----
2021-09-13 21:13:19,487 [6] DEBUG LTCPro.ServiceLayer.Log4net - ---Executing GetEmarResidentdetailsReport() in ReportsController----
2021-09-13 21:13:19,489 [6] DEBUG LTCPro.ServiceLayer.Log4net - ---Executing GetEmarResidentdetailsReport() in ReportsService----
2021-09-13 21:13:19,503 [11] DEBUG LTCPro.ServiceLayer.Log4net - ---Executed Successfully GetOutboundErrorDetails() in CommonController----
2021-09-13 21:13:28,094 [6] DEBUG LTCPro.ServiceLayer.Log4net - ---Executing GetUserToken() in UserService----
2021-09-13 21:13:30,381 [6] DEBUG LTCPro.ServiceLayer.Log4net - ---Executing GetEmarResidentdetailsReport() in ReportsController----
2021-09-13 21:13:31,051 [6] DEBUG LTCPro.ServiceLayer.Log4net - ---Executing GetEmarResidentdetailsReport() in ReportsService----
2021-09-13 21:13:33,331 [6] DEBUG LTCPro.ServiceLayer.Log4net - ---Executing GetEmarResidentdetailsReportAllergyAndDiagnosis() in ReportsService----
2021-09-13 21:13:39,910 [6] DEBUG LTCPro.ServiceLayer.Log4net - ---Executing GetEmarlogo() in ReportsService----
2021-09-13 21:13:41,468 [6] DEBUG LTCPro.ServiceLayer.Log4net - ---Executing GetFacilitylogo() in ReportsService----
2021-09-13 21:14:15,335 [6] ERROR LTCPro.ServiceLayer.Log4net - ===================================
2021-09-13 21:14:15,341 [6] ERROR LTCPro.ServiceLayer.Log4net -  Source : = CrystalDecisions.CrystalReports.Engine
2021-09-13 21:14:15,341 [6] ERROR LTCPro.ServiceLayer.Log4net -  Stack Trace : =    at CrystalDecisions.ReportAppServer.ReportClientDocumentWrapper.EnsureDocumentIsOpened()
   at CrystalDecisions.CrystalReports.Engine.ReportDocument.Load(String filename, OpenReportMethod openMethod, Int16 parentJob)
   at CrystalDecisions.CrystalReports.Engine.ReportDocument.Load(String filename)
   at LTCPro.WebApi.Controllers.ReportsController.GetEmarResidentdetailsReport(EmarReportEntity entity) in D:\old system Data 04042021\Emar Service Latest 1\WebApi\Controllers\ReportsController.cs:line 3251
   at lambda_method(Closure , Object , Object[] )
   at System.Web.Http.Controllers.ReflectedHttpActionDescriptor.ActionExecutor.<>c__DisplayClass6_1.<GetExecutor>b__3(Object instance, Object[] methodParameters)
   at System.Web.Http.Controllers.ReflectedHttpActionDescriptor.ActionExecutor.Execute(Object instance, Object[] arguments)
   at System.Web.Http.Controllers.ReflectedHttpActionDescriptor.ExecuteAsync(HttpControllerContext controllerContext, IDictionary`2 arguments, CancellationToken cancellationToken)
--- End of stack trace from previous location where exception was thrown ---
   at System.Runtime.CompilerServices.TaskAwaiter.ThrowForNonSuccess(Task task)
   at System.Runtime.CompilerServices.TaskAwaiter.HandleNonSuccessAndDebuggerNotification(Task task)
   at System.Web.Http.Controllers.ApiControllerActionInvoker.<InvokeActionAsyncCore>d__1.MoveNext()
--- End of stack trace from previous location where exception was thrown ---
   at System.Runtime.CompilerServices.TaskAwaiter.ThrowForNonSuccess(Task task)
   at System.Runtime.CompilerServices.TaskAwaiter.HandleNonSuccessAndDebuggerNotification(Task task)
   at System.Web.Http.Controllers.ActionFilterResult.<ExecuteAsync>d__5.MoveNext()
--- End of stack trace from previous location where exception was thrown ---
   at System.Runtime.CompilerServices.TaskAwaiter.ThrowForNonSuccess(Task task)
   at System.Runtime.CompilerServices.TaskAwaiter.HandleNonSuccessAndDebuggerNotification(Task task)
   at System.Web.Http.Filters.AuthorizationFilterAttribute.<ExecuteAuthorizationFilterAsyncCore>d__3.MoveNext()
--- End of stack trace from previous location where exception was thrown ---
   at System.Runtime.CompilerServices.TaskAwaiter.ThrowForNonSuccess(Task task)
   at System.Runtime.CompilerServices.TaskAwaiter.HandleNonSuccessAndDebuggerNotification(Task task)
   at System.Web.Http.Controllers.ExceptionFilterResult.<ExecuteAsync>d__6.MoveNext()
2021-09-13 21:14:15,341 [6] ERROR LTCPro.ServiceLayer.Log4net -  Exception Message : = Load report failed.
2021-09-13 21:14:15,341 [6] ERROR LTCPro.ServiceLayer.Log4net - ============= Inner Exception  Stack Trace  ===========
2021-09-13 21:14:15,343 [6] ERROR LTCPro.ServiceLayer.Log4net -  Inner Exception  Stack Trace : =    at CrystalDecisions.ReportAppServer.ClientDoc.ReportClientDocumentClass.Open(Object& DocumentPath, Int32 Options)
   at CrystalDecisions.ReportAppServer.ReportClientDocumentWrapper.Open(Object& DocumentPath, Int32 Options)
   at CrystalDecisions.ReportAppServer.ReportClientDocumentWrapper.EnsureDocumentIsOpened()
2021-09-13 21:14:15,343 [6] ERROR LTCPro.ServiceLayer.Log4net - ============= Inner Exception  Stack Trace End  ===========
2021-09-13 21:14:15,343 [6] ERROR LTCPro.ServiceLayer.Log4net - ============= Inner Exception  Message  ===========
2021-09-13 21:14:15,343 [6] ERROR LTCPro.ServiceLayer.Log4net -  Inner Exception Message : = Unsupported Operation. A document processed by the JRC engine cannot be opened in the C++ stack.
2021-09-13 21:14:15,343 [6] ERROR LTCPro.ServiceLayer.Log4net - ============= Inner Exception  Message End  ===========
2021-09-13 21:15:04,534 [8] DEBUG LTCPro.ServiceLayer.Log4net - ---Executing UsersConfigNurseStationDrop() in FacilityController----
2021-09-13 21:15:04,542 [8] DEBUG LTCPro.ServiceLayer.Log4net - ---Executing UsersConfigNurseStationDrop() in FacilityService----
2021-09-13 21:15:07,666 [8] DEBUG LTCPro.ServiceLayer.Log4net - ---Executed Successfully UsersConfigNurseStationDrop() in FacilityController----
2021-09-13 21:15:07,944 [7] DEBUG LTCPro.ServiceLayer.Log4net - ---Executing GetProcessKeyMasterList() in FacilityController----
2021-09-13 21:15:07,945 [7] DEBUG LTCPro.ServiceLayer.Log4net - ---Executing GetProcessKeyMasterList() in FacilityService----
2021-09-13 21:15:08,162 [7] DEBUG LTCPro.ServiceLayer.Log4net - ---Executed Successfully GetProcessKeyMasterList() in FacilityController----
2021-09-13 21:15:11,071 [8] DEBUG LTCPro.ServiceLayer.Log4net - ---Executing CheckUser() in UserService----
2021-09-13 21:15:13,794 [8] DEBUG LTCPro.ServiceLayer.Log4net - ---Executing FindUser() in UserService----
2021-09-13 21:15:14,073 [8] DEBUG LTCPro.ServiceLayer.Log4net - ---Executing InsertUserSession() in UserService----
2021-09-13 21:15:14,702 [8] DEBUG LTCPro.ServiceLayer.Log4net - ---Executing InsertUserToken() in UserService----
2021-09-13 21:15:15,622 [8] DEBUG LTCPro.ServiceLayer.Log4net - ---Executing InsertUpdateUserRecentFacNs() in UserController----
2021-09-13 21:15:15,623 [8] DEBUG LTCPro.ServiceLayer.Log4net - ---Executing GetUserRecentFacNs() in UserService----
2021-09-13 21:15:15,670 [7] DEBUG LTCPro.ServiceLayer.Log4net - ---Executing GetScreenPermissionsForLoggedInUser() in RoleController----
2021-09-13 21:15:15,672 [7] DEBUG LTCPro.ServiceLayer.Log4net - ---Executing GetScreenPermissionsForLoggedInUser() in RoleService----
2021-09-13 21:15:16,077 [8] DEBUG LTCPro.ServiceLayer.Log4net - ---Executing InsertUpdateUserRecentFacNs() in CommonService----
2021-09-13 21:15:16,502 [8] DEBUG LTCPro.ServiceLayer.Log4net - ---Executed Successfully InsertUpdateUserRecentFacNs() in UserController----
2021-09-13 21:15:17,737 [7] DEBUG LTCPro.ServiceLayer.Log4net - ---Executed Successfully GetScreenPermissionsForLoggedInUser() in RoleController----
2021-09-13 21:15:17,851 [9] DEBUG LTCPro.ServiceLayer.Log4net - ---Executing GetUserToken() in UserService----
2021-09-13 21:15:17,861 [7] DEBUG LTCPro.ServiceLayer.Log4net - ---Executing GetUserToken() in UserService----
2021-09-13 21:15:17,892 [8] DEBUG LTCPro.ServiceLayer.Log4net - ---Executing GetUserToken() in UserService----
2021-09-13 21:15:17,939 [11] DEBUG LTCPro.ServiceLayer.Log4net - ---Executing GetUserToken() in UserService----
2021-09-13 21:15:17,945 [10] DEBUG LTCPro.ServiceLayer.Log4net - ---Executing GetUserToken() in UserService----
2021-09-13 21:15:18,071 [7] DEBUG LTCPro.ServiceLayer.Log4net - ---Executing GetReadMailsCount() in MailboxController----
2021-09-13 21:15:18,073 [7] DEBUG LTCPro.ServiceLayer.Log4net - ---Executing GetReadMailsCount() in MailboxService----
2021-09-13 21:15:18,281 [10] DEBUG LTCPro.ServiceLayer.Log4net - ---Executing GetDueMARAlertData() in EmarController----
2021-09-13 21:15:18,282 [10] DEBUG LTCPro.ServiceLayer.Log4net - ---Executing GetDueMARAlertData() in EmarService----
2021-09-13 21:15:18,502 [7] DEBUG LTCPro.ServiceLayer.Log4net - ---Executed successfully GetReadMailsCount() in MailboxController----
2021-09-13 21:15:18,520 [7] DEBUG LTCPro.ServiceLayer.Log4net - ---Executing GetUserToken() in UserService----
2021-09-13 21:15:18,705 [9] DEBUG LTCPro.ServiceLayer.Log4net - ---Executing GetUserPassedDueFlag() in UserController----
2021-09-13 21:15:18,707 [9] DEBUG LTCPro.ServiceLayer.Log4net - ---Executing GetUserPassedDueFlag() in UserService----
2021-09-13 21:15:18,906 [7] DEBUG LTCPro.ServiceLayer.Log4net - ---Executing GetOutboundErrorDetails() in CommonController----
2021-09-13 21:15:18,907 [7] DEBUG LTCPro.ServiceLayer.Log4net - ---Executing GetOutboundErrorDetails() in CommonService----
2021-09-13 21:15:18,998 [10] DEBUG LTCPro.ServiceLayer.Log4net - ---Executed Successfully GetDueMARAlertData() in EmarController----
2021-09-13 21:15:19,014 [10] DEBUG LTCPro.ServiceLayer.Log4net - ---Executing GetUserToken() in UserService----
2021-09-13 21:15:19,110 [9] DEBUG LTCPro.ServiceLayer.Log4net - ---Executed Successfully GetUserPassedDueFlag() in UserController----
2021-09-13 21:15:19,128 [9] DEBUG LTCPro.ServiceLayer.Log4net - ---Executing GetUserToken() in UserService----
2021-09-13 21:15:19,459 [10] DEBUG LTCPro.ServiceLayer.Log4net - ---Executing InsertUserActivityDetails() in CompanyController----
2021-09-13 21:15:19,460 [10] DEBUG LTCPro.ServiceLayer.Log4net - ---Executing InsertUserActivityDetails() in UserActivityService----
2021-09-13 21:15:19,568 [9] DEBUG LTCPro.ServiceLayer.Log4net - ---Executing GetUserRecentFacNs() in UserController----
2021-09-13 21:15:19,568 [9] DEBUG LTCPro.ServiceLayer.Log4net - ---Executing GetUserRecentFacNs() in UserService----
2021-09-13 21:15:19,959 [8] DEBUG LTCPro.ServiceLayer.Log4net - ---Executing GetAlertsDetails() in MailboxController----
2021-09-13 21:15:19,962 [8] DEBUG LTCPro.ServiceLayer.Log4net - ---Executing GetAlertsDetails() in MailboxService----
2021-09-13 21:15:20,110 [12] DEBUG LTCPro.ServiceLayer.Log4net - ---Executing GetUserToken() in UserService----
2021-09-13 21:15:20,180 [10] DEBUG LTCPro.ServiceLayer.Log4net - ---Executed Successfully InsertUserActivityDetails() in CompanyController----
2021-09-13 21:15:20,418 [12] DEBUG LTCPro.ServiceLayer.Log4net - ---Executing GetUserActiveCompanyMasterList() in CompanyController----
2021-09-13 21:15:20,420 [12] DEBUG LTCPro.ServiceLayer.Log4net - ---Executing GetActiveCompanyMasterList() in CompanyService----
2021-09-13 21:15:20,421 [8] DEBUG LTCPro.ServiceLayer.Log4net - ---Executed successfully GetAlertsDetails() in MailboxController----
2021-09-13 21:15:20,621 [9] DEBUG LTCPro.ServiceLayer.Log4net - ---Executed Successfully GetUserRecentFacNs() in UserController----
2021-09-13 21:15:20,642 [10] DEBUG LTCPro.ServiceLayer.Log4net - ---Executing GetUserToken() in UserService----
2021-09-13 21:15:20,848 [10] DEBUG LTCPro.ServiceLayer.Log4net - ---Executing GetUserAccessFacilityNurseStaions() in FacilityController----
2021-09-13 21:15:20,849 [10] DEBUG LTCPro.ServiceLayer.Log4net - ---Executing GetUserAccessFacilityNurseStaions() in FacilityService----
2021-09-13 21:15:21,285 [10] DEBUG LTCPro.ServiceLayer.Log4net - ---Executed Successfully GetUserAccessFacilityNurseStaions() in FacilityController----
2021-09-13 21:15:21,483 [12] DEBUG LTCPro.ServiceLayer.Log4net - ---Executed Successfully GetUserActiveCompanyMasterList() in CompanyController----
2021-09-13 21:15:21,799 [11] DEBUG LTCPro.ServiceLayer.Log4net - ---Executing GetPendingDosesList() in CommonController----
2021-09-13 21:15:21,800 [11] DEBUG LTCPro.ServiceLayer.Log4net - ---Executing GetPendingDosesList() in CommonService----
2021-09-13 21:15:23,380 [11] DEBUG LTCPro.ServiceLayer.Log4net - ---Executed Successfully GetPendingDosesList() in CommonController----
2021-09-13 21:15:25,423 [10] DEBUG LTCPro.ServiceLayer.Log4net - ---Executing GetUserToken() in UserService----
2021-09-13 21:15:25,628 [10] DEBUG LTCPro.ServiceLayer.Log4net - ---Executing GetUserRecentFacNs() in UserController----
2021-09-13 21:15:25,628 [10] DEBUG LTCPro.ServiceLayer.Log4net - ---Executing GetUserRecentFacNs() in UserService----
2021-09-13 21:15:26,043 [10] DEBUG LTCPro.ServiceLayer.Log4net - ---Executed Successfully GetUserRecentFacNs() in UserController----
2021-09-13 21:15:26,102 [8] DEBUG LTCPro.ServiceLayer.Log4net - ---Executing GetUserToken() in UserService----
2021-09-13 21:15:26,308 [8] DEBUG LTCPro.ServiceLayer.Log4net - ---Executing GetUserAccessFacilityNurseStaions() in FacilityController----
2021-09-13 21:15:26,308 [8] DEBUG LTCPro.ServiceLayer.Log4net - ---Executing GetUserAccessFacilityNurseStaions() in FacilityService----
2021-09-13 21:15:26,717 [8] DEBUG LTCPro.ServiceLayer.Log4net - ---Executed Successfully GetUserAccessFacilityNurseStaions() in FacilityController----
2021-09-13 21:15:26,760 [10] DEBUG LTCPro.ServiceLayer.Log4net - ---Executing GetUserToken() in UserService----
2021-09-13 21:15:26,965 [10] DEBUG LTCPro.ServiceLayer.Log4net - ---Executing UserNurseStationDrop() in FacilityController----
2021-09-13 21:15:26,967 [10] DEBUG LTCPro.ServiceLayer.Log4net - ---Executing UserNurseStationDrop() in FacilityService----
2021-09-13 21:15:27,181 [10] DEBUG LTCPro.ServiceLayer.Log4net - ---Executed Successfully UserNurseStationDrop() in FacilityController----
2021-09-13 21:15:27,227 [10] DEBUG LTCPro.ServiceLayer.Log4net - ---Executing GetUserToken() in UserService----
2021-09-13 21:15:27,435 [10] DEBUG LTCPro.ServiceLayer.Log4net - ---Executing GetResidentnamesmarReport() in ReportsController----
2021-09-13 21:15:27,436 [10] DEBUG LTCPro.ServiceLayer.Log4net - ---Executing GetResidentnamesmarReport() in ReportService----
2021-09-13 21:15:29,986 [10] DEBUG LTCPro.ServiceLayer.Log4net - ---Executing GetUserToken() in UserService----
2021-09-13 21:15:32,232 [10] DEBUG LTCPro.ServiceLayer.Log4net - ---Executing GetEmarResidentdetailsReport() in ReportsController----
2021-09-13 21:15:32,236 [10] DEBUG LTCPro.ServiceLayer.Log4net - ---Executing GetEmarResidentdetailsReport() in ReportsService----
2021-09-13 21:15:32,256 [7] DEBUG LTCPro.ServiceLayer.Log4net - ---Executed Successfully GetOutboundErrorDetails() in CommonController----
2021-09-13 21:15:38,681 [8] DEBUG LTCPro.ServiceLayer.Log4net - ---Executing GetUserToken() in UserService----
2021-09-13 21:15:40,597 [8] DEBUG LTCPro.ServiceLayer.Log4net - ---Executing GetEmarResidentdetailsReport() in ReportsController----
2021-09-13 21:15:41,741 [8] DEBUG LTCPro.ServiceLayer.Log4net - ---Executing GetEmarResidentdetailsReport() in ReportsService----
2021-09-13 21:15:43,978 [8] DEBUG LTCPro.ServiceLayer.Log4net - ---Executing GetEmarResidentdetailsReportAllergyAndDiagnosis() in ReportsService----
2021-09-13 21:15:45,004 [8] DEBUG LTCPro.ServiceLayer.Log4net - ---Executing GetEmarlogo() in ReportsService----
2021-09-13 21:15:46,672 [8] DEBUG LTCPro.ServiceLayer.Log4net - ---Executing GetFacilitylogo() in ReportsService----
2021-09-13 21:16:28,372 [8] DEBUG LTCPro.ServiceLayer.Log4net - ---Executed Successfully GetEmarResidentdetailsReport() in ReportsController----
2021-09-13 21:25:12,333 [22] DEBUG LTCPro.ServiceLayer.Log4net - ---Executing GetUserToken() in UserService----
2021-09-13 21:25:56,164 [28] DEBUG LTCPro.ServiceLayer.Log4net - ---Executing UsersConfigNurseStationDrop() in FacilityController----
2021-09-13 21:25:56,164 [28] DEBUG LTCPro.ServiceLayer.Log4net - ---Executing UsersConfigNurseStationDrop() in FacilityService----
2021-09-13 21:25:56,575 [28] DEBUG LTCPro.ServiceLayer.Log4net - ---Executed Successfully UsersConfigNurseStationDrop() in FacilityController----
2021-09-13 21:25:56,645 [28] DEBUG LTCPro.ServiceLayer.Log4net - ---Executing GetProcessKeyMasterList() in FacilityController----
2021-09-13 21:25:56,645 [28] DEBUG LTCPro.ServiceLayer.Log4net - ---Executing GetProcessKeyMasterList() in FacilityService----
2021-09-13 21:25:56,854 [28] DEBUG LTCPro.ServiceLayer.Log4net - ---Executed Successfully GetProcessKeyMasterList() in FacilityController----
2021-09-13 21:25:59,041 [28] DEBUG LTCPro.ServiceLayer.Log4net - ---Executing CheckUser() in UserService----
2021-09-13 21:26:01,511 [28] DEBUG LTCPro.ServiceLayer.Log4net - ---Executing FindUser() in UserService----
2021-09-13 21:26:01,725 [28] DEBUG LTCPro.ServiceLayer.Log4net - ---Executing InsertUserSession() in UserService----
2021-09-13 21:26:02,346 [28] DEBUG LTCPro.ServiceLayer.Log4net - ---Executing InsertUserToken() in UserService----
2021-09-13 21:26:03,218 [18] DEBUG LTCPro.ServiceLayer.Log4net - ---Executing InsertUpdateUserRecentFacNs() in UserController----
2021-09-13 21:26:03,218 [18] DEBUG LTCPro.ServiceLayer.Log4net - ---Executing GetUserRecentFacNs() in UserService----
2021-09-13 21:26:03,264 [29] DEBUG LTCPro.ServiceLayer.Log4net - ---Executing GetScreenPermissionsForLoggedInUser() in RoleController----
2021-09-13 21:26:03,264 [29] DEBUG LTCPro.ServiceLayer.Log4net - ---Executing GetScreenPermissionsForLoggedInUser() in RoleService----
2021-09-13 21:26:03,647 [18] DEBUG LTCPro.ServiceLayer.Log4net - ---Executing InsertUpdateUserRecentFacNs() in CommonService----
2021-09-13 21:26:04,057 [18] DEBUG LTCPro.ServiceLayer.Log4net - ---Executed Successfully InsertUpdateUserRecentFacNs() in UserController----
2021-09-13 21:26:05,322 [29] DEBUG LTCPro.ServiceLayer.Log4net - ---Executed Successfully GetScreenPermissionsForLoggedInUser() in RoleController----
2021-09-13 21:26:05,450 [30] DEBUG LTCPro.ServiceLayer.Log4net - ---Executing GetUserToken() in UserService----
2021-09-13 21:26:05,492 [33] DEBUG LTCPro.ServiceLayer.Log4net - ---Executing GetUserToken() in UserService----
2021-09-13 21:26:05,493 [35] DEBUG LTCPro.ServiceLayer.Log4net - ---Executing GetUserToken() in UserService----
2021-09-13 21:26:05,496 [37] DEBUG LTCPro.ServiceLayer.Log4net - ---Executing GetUserToken() in UserService----
2021-09-13 21:26:05,500 [32] DEBUG LTCPro.ServiceLayer.Log4net - ---Executing GetUserToken() in UserService----
2021-09-13 21:26:05,509 [20] DEBUG LTCPro.ServiceLayer.Log4net - ---Executing GetUserToken() in UserService----
2021-09-13 21:26:05,655 [30] DEBUG LTCPro.ServiceLayer.Log4net - ---Executing GetAlertsDetails() in MailboxController----
2021-09-13 21:26:05,655 [30] DEBUG LTCPro.ServiceLayer.Log4net - ---Executing GetAlertsDetails() in MailboxService----
2021-09-13 21:26:05,700 [33] DEBUG LTCPro.ServiceLayer.Log4net - ---Executing GetUserRecentFacNs() in UserController----
2021-09-13 21:26:05,700 [33] DEBUG LTCPro.ServiceLayer.Log4net - ---Executing GetUserRecentFacNs() in UserService----
2021-09-13 21:26:05,860 [20] DEBUG LTCPro.ServiceLayer.Log4net - ---Executing GetUserPassedDueFlag() in UserController----
2021-09-13 21:26:05,860 [20] DEBUG LTCPro.ServiceLayer.Log4net - ---Executing GetUserPassedDueFlag() in UserService----
2021-09-13 21:26:05,955 [30] DEBUG LTCPro.ServiceLayer.Log4net - ---Executed successfully GetAlertsDetails() in MailboxController----
2021-09-13 21:26:05,979 [18] DEBUG LTCPro.ServiceLayer.Log4net - ---Executing GetUserToken() in UserService----
2021-09-13 21:26:06,074 [32] DEBUG LTCPro.ServiceLayer.Log4net - ---Executing GetDueMARAlertData() in EmarController----
2021-09-13 21:26:06,075 [32] DEBUG LTCPro.ServiceLayer.Log4net - ---Executing GetDueMARAlertData() in EmarService----
2021-09-13 21:26:06,158 [20] DEBUG LTCPro.ServiceLayer.Log4net - ---Executed Successfully GetUserPassedDueFlag() in UserController----
2021-09-13 21:26:06,173 [28] DEBUG LTCPro.ServiceLayer.Log4net - ---Executing GetUserToken() in UserService----
2021-09-13 21:26:06,280 [18] DEBUG LTCPro.ServiceLayer.Log4net - ---Executing GetReadMailsCount() in MailboxController----
2021-09-13 21:26:06,281 [18] DEBUG LTCPro.ServiceLayer.Log4net - ---Executing GetReadMailsCount() in MailboxService----
2021-09-13 21:26:06,485 [28] DEBUG LTCPro.ServiceLayer.Log4net - ---Executing InsertUserActivityDetails() in CompanyController----
2021-09-13 21:26:06,485 [28] DEBUG LTCPro.ServiceLayer.Log4net - ---Executing InsertUserActivityDetails() in UserActivityService----
2021-09-13 21:26:06,661 [32] DEBUG LTCPro.ServiceLayer.Log4net - ---Executed Successfully GetDueMARAlertData() in EmarController----
2021-09-13 21:26:06,692 [18] DEBUG LTCPro.ServiceLayer.Log4net - ---Executed successfully GetReadMailsCount() in MailboxController----
2021-09-13 21:26:06,696 [36] DEBUG LTCPro.ServiceLayer.Log4net - ---Executing GetUserToken() in UserService----
2021-09-13 21:26:06,897 [37] DEBUG LTCPro.ServiceLayer.Log4net - ---Executing GetOutboundErrorDetails() in CommonController----
2021-09-13 21:26:06,897 [37] DEBUG LTCPro.ServiceLayer.Log4net - ---Executing GetOutboundErrorDetails() in CommonService----
2021-09-13 21:26:07,276 [28] DEBUG LTCPro.ServiceLayer.Log4net - ---Executed Successfully InsertUserActivityDetails() in CompanyController----
2021-09-13 21:26:07,351 [35] DEBUG LTCPro.ServiceLayer.Log4net - ---Executing GetPendingDosesList() in CommonController----
2021-09-13 21:26:07,351 [35] DEBUG LTCPro.ServiceLayer.Log4net - ---Executing GetPendingDosesList() in CommonService----
2021-09-13 21:26:07,479 [33] DEBUG LTCPro.ServiceLayer.Log4net - ---Executed Successfully GetUserRecentFacNs() in UserController----
2021-09-13 21:26:07,499 [18] DEBUG LTCPro.ServiceLayer.Log4net - ---Executing GetUserToken() in UserService----
2021-09-13 21:26:07,708 [18] DEBUG LTCPro.ServiceLayer.Log4net - ---Executing GetUserAccessFacilityNurseStaions() in FacilityController----
2021-09-13 21:26:07,708 [18] DEBUG LTCPro.ServiceLayer.Log4net - ---Executing GetUserAccessFacilityNurseStaions() in FacilityService----
2021-09-13 21:26:08,149 [18] DEBUG LTCPro.ServiceLayer.Log4net - ---Executed Successfully GetUserAccessFacilityNurseStaions() in FacilityController----
2021-09-13 21:26:09,176 [36] DEBUG LTCPro.ServiceLayer.Log4net - ---Executing GetUserActiveCompanyMasterList() in CompanyController----
2021-09-13 21:26:09,176 [36] DEBUG LTCPro.ServiceLayer.Log4net - ---Executing GetActiveCompanyMasterList() in CompanyService----
2021-09-13 21:26:10,218 [36] DEBUG LTCPro.ServiceLayer.Log4net - ---Executed Successfully GetUserActiveCompanyMasterList() in CompanyController----
2021-09-13 21:26:13,358 [35] ERROR LTCPro.ServiceLayer.Log4net - ===================================
2021-09-13 21:26:13,403 [35] ERROR LTCPro.ServiceLayer.Log4net -  Source : = EntityFramework
2021-09-13 21:26:13,404 [35] ERROR LTCPro.ServiceLayer.Log4net -  Stack Trace : =    at System.Data.Entity.Core.Common.Internal.Materialization.Shaper`1.HandleReaderException(Exception e)
   at System.Data.Entity.Core.Common.Internal.Materialization.Shaper`1.StoreRead()
   at System.Data.Entity.Core.Common.Internal.Materialization.Shaper`1.SimpleEnumerator.MoveNext()
   at System.Collections.Generic.List`1..ctor(IEnumerable`1 collection)
   at System.Linq.Enumerable.ToList[TSource](IEnumerable`1 source)
   at LTCPro.Repositories.CommonRepository.GetPendingDosesList(Int32 userId, String nsIds, Nullable`1 facIds) in D:\old system Data 04042021\Emar Service Latest 1\Repositories\Repositories\CommonRepository.cs:line 504
   at LTCPro.ServiceLayer.CommonService.<GetPendingDosesList>d__23.MoveNext() in D:\old system Data 04042021\Emar Service Latest 1\BusinessLayer\Services\CommonService.cs:line 132
--- End of stack trace from previous location where exception was thrown ---
   at System.Runtime.CompilerServices.TaskAwaiter.ThrowForNonSuccess(Task task)
   at System.Runtime.CompilerServices.TaskAwaiter.HandleNonSuccessAndDebuggerNotification(Task task)
   at LTCPro.WebApi.Controllers.CommonController.GetPendingDosesList(Int32 userId, String nsIds, Nullable`1 facId) in D:\old system Data 04042021\Emar Service Latest 1\WebApi\Controllers\CommonController.cs:line 242
   at lambda_method(Closure , Object , Object[] )
   at System.Web.Http.Controllers.ReflectedHttpActionDescriptor.ActionExecutor.<>c__DisplayClass6_1.<GetExecutor>b__3(Object instance, Object[] methodParameters)
   at System.Web.Http.Controllers.ReflectedHttpActionDescriptor.ActionExecutor.Execute(Object instance, Object[] arguments)
   at System.Web.Http.Controllers.ReflectedHttpActionDescriptor.ExecuteAsync(HttpControllerContext controllerContext, IDictionary`2 arguments, CancellationToken cancellationToken)
--- End of stack trace from previous location where exception was thrown ---
   at System.Runtime.CompilerServices.TaskAwaiter.ThrowForNonSuccess(Task task)
   at System.Runtime.CompilerServices.TaskAwaiter.HandleNonSuccessAndDebuggerNotification(Task task)
   at System.Web.Http.Controllers.ApiControllerActionInvoker.<InvokeActionAsyncCore>d__1.MoveNext()
--- End of stack trace from previous location where exception was thrown ---
   at System.Runtime.CompilerServices.TaskAwaiter.ThrowForNonSuccess(Task task)
   at System.Runtime.CompilerServices.TaskAwaiter.HandleNonSuccessAndDebuggerNotification(Task task)
   at System.Web.Http.Controllers.ActionFilterResult.<ExecuteAsync>d__5.MoveNext()
--- End of stack trace from previous location where exception was thrown ---
   at System.Runtime.CompilerServices.TaskAwaiter.ThrowForNonSuccess(Task task)
   at System.Runtime.CompilerServices.TaskAwaiter.HandleNonSuccessAndDebuggerNotification(Task task)
   at System.Web.Http.Filters.AuthorizationFilterAttribute.<ExecuteAuthorizationFilterAsyncCore>d__3.MoveNext()
--- End of stack trace from previous location where exception was thrown ---
   at System.Runtime.CompilerServices.TaskAwaiter.ThrowForNonSuccess(Task task)
   at System.Runtime.CompilerServices.TaskAwaiter.HandleNonSuccessAndDebuggerNotification(Task task)
   at System.Web.Http.Controllers.ExceptionFilterResult.<ExecuteAsync>d__6.MoveNext()
2021-09-13 21:26:13,404 [35] ERROR LTCPro.ServiceLayer.Log4net -  Exception Message : = An error occurred while reading from the store provider's data reader. See the inner exception for details.
2021-09-13 21:26:13,404 [35] ERROR LTCPro.ServiceLayer.Log4net - ============= Inner Exception  Stack Trace  ===========
2021-09-13 21:26:13,443 [35] ERROR LTCPro.ServiceLayer.Log4net -  Inner Exception  Stack Trace : =    at System.Data.SqlClient.SqlConnection.OnError(SqlException exception, Boolean breakConnection, Action`1 wrapCloseInAction)
   at System.Data.SqlClient.SqlInternalConnection.OnError(SqlException exception, Boolean breakConnection, Action`1 wrapCloseInAction)
   at System.Data.SqlClient.TdsParser.ThrowExceptionAndWarning(TdsParserStateObject stateObj, Boolean callerHasConnectionLock, Boolean asyncClose)
   at System.Data.SqlClient.TdsParser.TryRun(RunBehavior runBehavior, SqlCommand cmdHandler, SqlDataReader dataStream, BulkCopySimpleResultSet bulkCopyHandler, TdsParserStateObject stateObj, Boolean& dataReady)
   at System.Data.SqlClient.SqlDataReader.TryHasMoreRows(Boolean& moreRows)
   at System.Data.SqlClient.SqlDataReader.TryReadInternal(Boolean setTimeout, Boolean& more)
   at System.Data.SqlClient.SqlDataReader.Read()
   at System.Data.Entity.Core.Common.Internal.Materialization.Shaper`1.StoreRead()
2021-09-13 21:26:13,443 [35] ERROR LTCPro.ServiceLayer.Log4net - ============= Inner Exception  Stack Trace End  ===========
2021-09-13 21:26:13,443 [35] ERROR LTCPro.ServiceLayer.Log4net - ============= Inner Exception  Message  ===========
2021-09-13 21:26:13,443 [35] ERROR LTCPro.ServiceLayer.Log4net -  Inner Exception Message : = Transaction (Process ID 109) was deadlocked on lock resources with another process and has been chosen as the deadlock victim. Rerun the transaction.
2021-09-13 21:26:13,443 [35] ERROR LTCPro.ServiceLayer.Log4net - ============= Inner Exception  Message End  ===========
2021-09-13 21:26:17,355 [37] DEBUG LTCPro.ServiceLayer.Log4net - ---Executed Successfully GetOutboundErrorDetails() in CommonController----
2021-09-13 21:26:20,915 [20] DEBUG LTCPro.ServiceLayer.Log4net - ---Executing GetUserToken() in UserService----
2021-09-13 21:26:21,121 [20] DEBUG LTCPro.ServiceLayer.Log4net - ---Executing GetUserRecentFacNs() in UserController----
2021-09-13 21:26:21,121 [20] DEBUG LTCPro.ServiceLayer.Log4net - ---Executing GetUserRecentFacNs() in UserService----
2021-09-13 21:26:21,529 [20] DEBUG LTCPro.ServiceLayer.Log4net - ---Executed Successfully GetUserRecentFacNs() in UserController----
2021-09-13 21:26:21,555 [20] DEBUG LTCPro.ServiceLayer.Log4net - ---Executing GetUserToken() in UserService----
2021-09-13 21:26:21,760 [20] DEBUG LTCPro.ServiceLayer.Log4net - ---Executing GetUserAccessFacilityNurseStaions() in FacilityController----
2021-09-13 21:26:21,760 [20] DEBUG LTCPro.ServiceLayer.Log4net - ---Executing GetUserAccessFacilityNurseStaions() in FacilityService----
2021-09-13 21:26:22,274 [20] DEBUG LTCPro.ServiceLayer.Log4net - ---Executed Successfully GetUserAccessFacilityNurseStaions() in FacilityController----
2021-09-13 21:26:22,294 [18] DEBUG LTCPro.ServiceLayer.Log4net - ---Executing GetUserToken() in UserService----
2021-09-13 21:26:22,499 [18] DEBUG LTCPro.ServiceLayer.Log4net - ---Executing UserNurseStationDrop() in FacilityController----
2021-09-13 21:26:22,499 [18] DEBUG LTCPro.ServiceLayer.Log4net - ---Executing UserNurseStationDrop() in FacilityService----
2021-09-13 21:26:22,708 [18] DEBUG LTCPro.ServiceLayer.Log4net - ---Executed Successfully UserNurseStationDrop() in FacilityController----
2021-09-13 21:26:22,749 [18] DEBUG LTCPro.ServiceLayer.Log4net - ---Executing GetUserToken() in UserService----
2021-09-13 21:26:22,954 [18] DEBUG LTCPro.ServiceLayer.Log4net - ---Executing GetResidentnamesmarReport() in ReportsController----
2021-09-13 21:26:22,954 [18] DEBUG LTCPro.ServiceLayer.Log4net - ---Executing GetResidentnamesmarReport() in ReportService----
2021-09-13 21:26:24,548 [20] DEBUG LTCPro.ServiceLayer.Log4net - ---Executing GetUserToken() in UserService----
2021-09-13 21:26:27,175 [20] DEBUG LTCPro.ServiceLayer.Log4net - ---Executing GetEmarResidentdetailsReport() in ReportsController----
2021-09-13 21:26:27,175 [20] DEBUG LTCPro.ServiceLayer.Log4net - ---Executing GetEmarResidentdetailsReport() in ReportsService----
2021-09-13 21:26:33,818 [20] DEBUG LTCPro.ServiceLayer.Log4net - ---Executing GetUserToken() in UserService----
2021-09-13 21:26:36,363 [20] DEBUG LTCPro.ServiceLayer.Log4net - ---Executing GetEmarResidentdetailsReport() in ReportsController----
2021-09-13 21:26:38,054 [20] DEBUG LTCPro.ServiceLayer.Log4net - ---Executing GetEmarResidentdetailsReport() in ReportsService----
2021-09-13 21:29:54,145 [10] DEBUG LTCPro.ServiceLayer.Log4net - ---Executing UsersConfigNurseStationDrop() in FacilityController----
2021-09-13 21:29:54,375 [10] DEBUG LTCPro.ServiceLayer.Log4net - ---Executing UsersConfigNurseStationDrop() in FacilityService----
2021-09-13 21:29:57,643 [10] DEBUG LTCPro.ServiceLayer.Log4net - ---Executed Successfully UsersConfigNurseStationDrop() in FacilityController----
2021-09-13 21:29:57,939 [7] DEBUG LTCPro.ServiceLayer.Log4net - ---Executing GetProcessKeyMasterList() in FacilityController----
2021-09-13 21:29:57,939 [7] DEBUG LTCPro.ServiceLayer.Log4net - ---Executing GetProcessKeyMasterList() in FacilityService----
2021-09-13 21:29:58,170 [7] DEBUG LTCPro.ServiceLayer.Log4net - ---Executed Successfully GetProcessKeyMasterList() in FacilityController----
2021-09-13 21:30:00,999 [7] DEBUG LTCPro.ServiceLayer.Log4net - ---Executing CheckUser() in UserService----
2021-09-13 21:30:03,751 [7] DEBUG LTCPro.ServiceLayer.Log4net - ---Executing FindUser() in UserService----
2021-09-13 21:30:04,053 [7] DEBUG LTCPro.ServiceLayer.Log4net - ---Executing InsertUserSession() in UserService----
2021-09-13 21:30:04,722 [7] DEBUG LTCPro.ServiceLayer.Log4net - ---Executing InsertUserToken() in UserService----
2021-09-13 21:30:05,678 [7] DEBUG LTCPro.ServiceLayer.Log4net - ---Executing GetScreenPermissionsForLoggedInUser() in RoleController----
2021-09-13 21:30:05,679 [7] DEBUG LTCPro.ServiceLayer.Log4net - ---Executing GetScreenPermissionsForLoggedInUser() in RoleService----
2021-09-13 21:30:05,692 [8] DEBUG LTCPro.ServiceLayer.Log4net - ---Executing InsertUpdateUserRecentFacNs() in UserController----
2021-09-13 21:30:05,747 [8] DEBUG LTCPro.ServiceLayer.Log4net - ---Executing GetUserRecentFacNs() in UserService----
2021-09-13 21:30:05,900 [7] DEBUG LTCPro.ServiceLayer.Log4net - ---Executed Successfully GetScreenPermissionsForLoggedInUser() in RoleController----
2021-09-13 21:30:06,074 [7] DEBUG LTCPro.ServiceLayer.Log4net - ---Executing GetUserToken() in UserService----
2021-09-13 21:30:06,074 [11] DEBUG LTCPro.ServiceLayer.Log4net - ---Executing GetUserToken() in UserService----
2021-09-13 21:30:06,075 [12] DEBUG LTCPro.ServiceLayer.Log4net - ---Executing GetUserToken() in UserService----
2021-09-13 21:30:06,290 [7] DEBUG LTCPro.ServiceLayer.Log4net - ---Executing GetAlertsDetails() in MailboxController----
2021-09-13 21:30:06,291 [7] DEBUG LTCPro.ServiceLayer.Log4net - ---Executing GetAlertsDetails() in MailboxService----
2021-09-13 21:30:06,486 [12] DEBUG LTCPro.ServiceLayer.Log4net - ---Executing GetUserPassedDueFlag() in UserController----
2021-09-13 21:30:06,487 [12] DEBUG LTCPro.ServiceLayer.Log4net - ---Executing GetUserPassedDueFlag() in UserService----
2021-09-13 21:30:06,600 [10] DEBUG LTCPro.ServiceLayer.Log4net - ---Executing GetUserToken() in UserService----
2021-09-13 21:30:06,728 [7] DEBUG LTCPro.ServiceLayer.Log4net - ---Executed successfully GetAlertsDetails() in MailboxController----
2021-09-13 21:30:06,756 [7] DEBUG LTCPro.ServiceLayer.Log4net - ---Executing GetUserToken() in UserService----
2021-09-13 21:30:06,948 [10] DEBUG LTCPro.ServiceLayer.Log4net - ---Executing GetDueMARAlertData() in EmarController----
2021-09-13 21:30:06,948 [10] DEBUG LTCPro.ServiceLayer.Log4net - ---Executing GetDueMARAlertData() in EmarService----
2021-09-13 21:30:07,161 [7] DEBUG LTCPro.ServiceLayer.Log4net - ---Executing GetOutboundErrorDetails() in CommonController----
2021-09-13 21:30:07,162 [7] DEBUG LTCPro.ServiceLayer.Log4net - ---Executing GetOutboundErrorDetails() in CommonService----
2021-09-13 21:30:07,519 [10] DEBUG LTCPro.ServiceLayer.Log4net - ---Executed Successfully GetDueMARAlertData() in EmarController----
2021-09-13 21:30:07,546 [10] DEBUG LTCPro.ServiceLayer.Log4net - ---Executing GetUserToken() in UserService----
2021-09-13 21:30:07,829 [10] DEBUG LTCPro.ServiceLayer.Log4net - ---Executing GetPendingDosesList() in CommonController----
2021-09-13 21:30:07,829 [10] DEBUG LTCPro.ServiceLayer.Log4net - ---Executing GetPendingDosesList() in CommonService----
2021-09-13 21:30:08,039 [8] DEBUG LTCPro.ServiceLayer.Log4net - ---Executing InsertUpdateUserRecentFacNs() in CommonService----
2021-09-13 21:30:08,097 [9] DEBUG LTCPro.ServiceLayer.Log4net - ---Executing GetUserToken() in UserService----
2021-09-13 21:30:09,329 [10] DEBUG LTCPro.ServiceLayer.Log4net - ---Executed Successfully GetPendingDosesList() in CommonController----
2021-09-13 21:30:09,349 [13] DEBUG LTCPro.ServiceLayer.Log4net - ---Executing GetUserToken() in UserService----
2021-09-13 21:30:09,434 [12] DEBUG LTCPro.ServiceLayer.Log4net - ---Executed Successfully GetUserPassedDueFlag() in UserController----
2021-09-13 21:30:09,468 [12] DEBUG LTCPro.ServiceLayer.Log4net - ---Executing GetUserToken() in UserService----
2021-09-13 21:30:09,522 [11] DEBUG LTCPro.ServiceLayer.Log4net - ---Executing GetReadMailsCount() in MailboxController----
2021-09-13 21:30:09,522 [11] DEBUG LTCPro.ServiceLayer.Log4net - ---Executing GetReadMailsCount() in MailboxService----
2021-09-13 21:30:09,641 [9] DEBUG LTCPro.ServiceLayer.Log4net - ---Executing GetUserRecentFacNs() in UserController----
2021-09-13 21:30:09,641 [9] DEBUG LTCPro.ServiceLayer.Log4net - ---Executing GetUserRecentFacNs() in UserService----
2021-09-13 21:30:09,727 [12] DEBUG LTCPro.ServiceLayer.Log4net - ---Executing GetUserActiveCompanyMasterList() in CompanyController----
2021-09-13 21:30:09,727 [12] DEBUG LTCPro.ServiceLayer.Log4net - ---Executing GetActiveCompanyMasterList() in CompanyService----
2021-09-13 21:30:09,872 [11] DEBUG LTCPro.ServiceLayer.Log4net - ---Executed successfully GetReadMailsCount() in MailboxController----
2021-09-13 21:30:10,214 [13] DEBUG LTCPro.ServiceLayer.Log4net - ---Executing InsertUserActivityDetails() in CompanyController----
2021-09-13 21:30:10,215 [13] DEBUG LTCPro.ServiceLayer.Log4net - ---Executing InsertUserActivityDetails() in UserActivityService----
2021-09-13 21:30:10,294 [9] DEBUG LTCPro.ServiceLayer.Log4net - ---Executed Successfully GetUserRecentFacNs() in UserController----
2021-09-13 21:30:10,320 [9] DEBUG LTCPro.ServiceLayer.Log4net - ---Executing GetUserToken() in UserService----
2021-09-13 21:30:10,555 [9] DEBUG LTCPro.ServiceLayer.Log4net - ---Executing GetUserAccessFacilityNurseStaions() in FacilityController----
2021-09-13 21:30:10,567 [9] DEBUG LTCPro.ServiceLayer.Log4net - ---Executing GetUserAccessFacilityNurseStaions() in FacilityService----
2021-09-13 21:30:10,906 [13] DEBUG LTCPro.ServiceLayer.Log4net - ---Executed Successfully InsertUserActivityDetails() in CompanyController----
2021-09-13 21:30:11,202 [12] DEBUG LTCPro.ServiceLayer.Log4net - ---Executed Successfully GetUserActiveCompanyMasterList() in CompanyController----
2021-09-13 21:30:11,271 [8] DEBUG LTCPro.ServiceLayer.Log4net - ---Executed Successfully InsertUpdateUserRecentFacNs() in UserController----
2021-09-13 21:30:13,130 [9] DEBUG LTCPro.ServiceLayer.Log4net - ---Executed Successfully GetUserAccessFacilityNurseStaions() in FacilityController----
2021-09-13 21:30:14,643 [8] DEBUG LTCPro.ServiceLayer.Log4net - ---Executing GetUserToken() in UserService----
2021-09-13 21:30:14,848 [8] DEBUG LTCPro.ServiceLayer.Log4net - ---Executing GetUserRecentFacNs() in UserController----
2021-09-13 21:30:14,848 [8] DEBUG LTCPro.ServiceLayer.Log4net - ---Executing GetUserRecentFacNs() in UserService----
2021-09-13 21:30:15,260 [8] DEBUG LTCPro.ServiceLayer.Log4net - ---Executed Successfully GetUserRecentFacNs() in UserController----
2021-09-13 21:30:15,280 [8] DEBUG LTCPro.ServiceLayer.Log4net - ---Executing GetUserToken() in UserService----
2021-09-13 21:30:15,489 [8] DEBUG LTCPro.ServiceLayer.Log4net - ---Executing GetUserAccessFacilityNurseStaions() in FacilityController----
2021-09-13 21:30:15,489 [8] DEBUG LTCPro.ServiceLayer.Log4net - ---Executing GetUserAccessFacilityNurseStaions() in FacilityService----
2021-09-13 21:30:15,898 [8] DEBUG LTCPro.ServiceLayer.Log4net - ---Executed Successfully GetUserAccessFacilityNurseStaions() in FacilityController----
2021-09-13 21:30:15,926 [8] DEBUG LTCPro.ServiceLayer.Log4net - ---Executing GetUserToken() in UserService----
2021-09-13 21:30:16,131 [8] DEBUG LTCPro.ServiceLayer.Log4net - ---Executing UserNurseStationDrop() in FacilityController----
2021-09-13 21:30:16,132 [8] DEBUG LTCPro.ServiceLayer.Log4net - ---Executing UserNurseStationDrop() in FacilityService----
2021-09-13 21:30:16,169 [7] DEBUG LTCPro.ServiceLayer.Log4net - ---Executed Successfully GetOutboundErrorDetails() in CommonController----
2021-09-13 21:30:16,345 [8] DEBUG LTCPro.ServiceLayer.Log4net - ---Executed Successfully UserNurseStationDrop() in FacilityController----
2021-09-13 21:30:16,426 [9] DEBUG LTCPro.ServiceLayer.Log4net - ---Executing GetUserToken() in UserService----
2021-09-13 21:30:16,639 [9] DEBUG LTCPro.ServiceLayer.Log4net - ---Executing GetResidentnamesmarReport() in ReportsController----
2021-09-13 21:30:16,652 [9] DEBUG LTCPro.ServiceLayer.Log4net - ---Executing GetResidentnamesmarReport() in ReportService----
2021-09-13 21:30:17,686 [7] DEBUG LTCPro.ServiceLayer.Log4net - ---Executing GetUserToken() in UserService----
2021-09-13 21:30:24,558 [7] DEBUG LTCPro.ServiceLayer.Log4net - ---Executing GetEmarResidentdetailsReport() in ReportsController----
2021-09-13 21:30:24,560 [7] DEBUG LTCPro.ServiceLayer.Log4net - ---Executing GetEmarResidentdetailsReport() in ReportsService----
2021-09-13 21:30:32,558 [8] DEBUG LTCPro.ServiceLayer.Log4net - ---Executing GetUserToken() in UserService----
2021-09-13 21:30:35,915 [8] DEBUG LTCPro.ServiceLayer.Log4net - ---Executing GetEmarResidentdetailsReport() in ReportsController----
2021-09-13 21:30:43,015 [8] DEBUG LTCPro.ServiceLayer.Log4net - ---Executing GetEmarResidentdetailsReport() in ReportsService----
2021-09-13 21:31:51,481 [8] DEBUG LTCPro.ServiceLayer.Log4net - ---Executing GetEmarResidentdetailsReportAllergyAndDiagnosis() in ReportsService----
2021-09-13 21:32:05,591 [8] DEBUG LTCPro.ServiceLayer.Log4net - ---Executing GetEmarlogo() in ReportsService----
2021-09-13 21:32:07,916 [8] DEBUG LTCPro.ServiceLayer.Log4net - ---Executing GetFacilitylogo() in ReportsService----
2021-09-13 21:32:15,871 [8] DEBUG LTCPro.ServiceLayer.Log4net - ---Executed Successfully GetEmarResidentdetailsReport() in ReportsController----
2021-09-13 22:35:50,424 [15] DEBUG LTCPro.ServiceLayer.Log4net - ---Executing UsersConfigNurseStationDrop() in FacilityController----
2021-09-13 22:35:50,500 [15] DEBUG LTCPro.ServiceLayer.Log4net - ---Executing UsersConfigNurseStationDrop() in FacilityService----
2021-09-13 22:35:52,657 [15] DEBUG LTCPro.ServiceLayer.Log4net - ---Executed Successfully UsersConfigNurseStationDrop() in FacilityController----
2021-09-13 22:35:53,134 [7] DEBUG LTCPro.ServiceLayer.Log4net - ---Executing GetProcessKeyMasterList() in FacilityController----
2021-09-13 22:35:53,135 [7] DEBUG LTCPro.ServiceLayer.Log4net - ---Executing GetProcessKeyMasterList() in FacilityService----
2021-09-13 22:35:53,205 [7] DEBUG LTCPro.ServiceLayer.Log4net - ---Executed Successfully GetProcessKeyMasterList() in FacilityController----
2021-09-13 22:35:59,049 [15] DEBUG LTCPro.ServiceLayer.Log4net - ---Executing CheckUser() in UserService----
2021-09-13 22:35:59,568 [15] DEBUG LTCPro.ServiceLayer.Log4net - ---Executing FindUser() in UserService----
2021-09-13 22:35:59,727 [15] DEBUG LTCPro.ServiceLayer.Log4net - ---Executing InsertUserSession() in UserService----
2021-09-13 22:35:59,979 [15] DEBUG LTCPro.ServiceLayer.Log4net - ---Executing InsertUserToken() in UserService----
2021-09-13 22:36:00,112 [15] DEBUG LTCPro.ServiceLayer.Log4net - ---Executing GetScreenPermissionsForLoggedInUser() in RoleController----
2021-09-13 22:36:00,113 [15] DEBUG LTCPro.ServiceLayer.Log4net - ---Executing GetScreenPermissionsForLoggedInUser() in RoleService----
2021-09-13 22:36:00,140 [15] DEBUG LTCPro.ServiceLayer.Log4net - ---Executed Successfully GetScreenPermissionsForLoggedInUser() in RoleController----
2021-09-13 22:36:00,164 [5] DEBUG LTCPro.ServiceLayer.Log4net - ---Executing InsertUpdateUserRecentFacNs() in UserController----
2021-09-13 22:36:00,233 [5] DEBUG LTCPro.ServiceLayer.Log4net - ---Executing GetUserRecentFacNs() in UserService----
2021-09-13 22:36:00,267 [7] DEBUG LTCPro.ServiceLayer.Log4net - ---Executing GetUserToken() in UserService----
2021-09-13 22:36:00,274 [7] DEBUG LTCPro.ServiceLayer.Log4net - ---Executing GetUserPassedDueFlag() in UserController----
2021-09-13 22:36:00,274 [7] DEBUG LTCPro.ServiceLayer.Log4net - ---Executing GetUserPassedDueFlag() in UserService----
2021-09-13 22:36:00,275 [6] DEBUG LTCPro.ServiceLayer.Log4net - ---Executing GetUserToken() in UserService----
2021-09-13 22:36:00,278 [11] DEBUG LTCPro.ServiceLayer.Log4net - ---Executing GetUserToken() in UserService----
2021-09-13 22:36:00,280 [15] DEBUG LTCPro.ServiceLayer.Log4net - ---Executing GetUserToken() in UserService----
2021-09-13 22:36:00,280 [6] DEBUG LTCPro.ServiceLayer.Log4net - ---Executing GetReadMailsCount() in MailboxController----
2021-09-13 22:36:00,282 [6] DEBUG LTCPro.ServiceLayer.Log4net - ---Executing GetReadMailsCount() in MailboxService----
2021-09-13 22:36:00,285 [15] DEBUG LTCPro.ServiceLayer.Log4net - ---Executing GetDueMARAlertData() in EmarController----
2021-09-13 22:36:00,294 [15] DEBUG LTCPro.ServiceLayer.Log4net - ---Executing GetDueMARAlertData() in EmarService----
2021-09-13 22:36:00,307 [7] DEBUG LTCPro.ServiceLayer.Log4net - ---Executed Successfully GetUserPassedDueFlag() in UserController----
2021-09-13 22:36:00,319 [11] DEBUG LTCPro.ServiceLayer.Log4net - ---Executing GetAlertsDetails() in MailboxController----
2021-09-13 22:36:00,320 [11] DEBUG LTCPro.ServiceLayer.Log4net - ---Executing GetAlertsDetails() in MailboxService----
2021-09-13 22:36:00,337 [7] DEBUG LTCPro.ServiceLayer.Log4net - ---Executing GetUserToken() in UserService----
2021-09-13 22:36:00,342 [7] DEBUG LTCPro.ServiceLayer.Log4net - ---Executing GetPendingDosesList() in CommonController----
2021-09-13 22:36:00,342 [7] DEBUG LTCPro.ServiceLayer.Log4net - ---Executing GetPendingDosesList() in CommonService----
2021-09-13 22:36:00,400 [6] DEBUG LTCPro.ServiceLayer.Log4net - ---Executed successfully GetReadMailsCount() in MailboxController----
2021-09-13 22:36:00,416 [6] DEBUG LTCPro.ServiceLayer.Log4net - ---Executing GetUserToken() in UserService----
2021-09-13 22:36:00,418 [11] DEBUG LTCPro.ServiceLayer.Log4net - ---Executed successfully GetAlertsDetails() in MailboxController----
2021-09-13 22:36:00,431 [6] DEBUG LTCPro.ServiceLayer.Log4net - ---Executing GetUserRecentFacNs() in UserController----
2021-09-13 22:36:00,431 [6] DEBUG LTCPro.ServiceLayer.Log4net - ---Executing GetUserRecentFacNs() in UserService----
2021-09-13 22:36:00,434 [11] DEBUG LTCPro.ServiceLayer.Log4net - ---Executing GetUserToken() in UserService----
2021-09-13 22:36:00,438 [6] DEBUG LTCPro.ServiceLayer.Log4net - ---Executed Successfully GetUserRecentFacNs() in UserController----
2021-09-13 22:36:00,439 [5] DEBUG LTCPro.ServiceLayer.Log4net - ---Executing InsertUpdateUserRecentFacNs() in CommonService----
2021-09-13 22:36:00,449 [11] DEBUG LTCPro.ServiceLayer.Log4net - ---Executing GetOutboundErrorDetails() in CommonController----
2021-09-13 22:36:00,450 [11] DEBUG LTCPro.ServiceLayer.Log4net - ---Executing GetOutboundErrorDetails() in CommonService----
2021-09-13 22:36:00,512 [5] DEBUG LTCPro.ServiceLayer.Log4net - ---Executed Successfully InsertUpdateUserRecentFacNs() in UserController----
2021-09-13 22:36:00,522 [5] DEBUG LTCPro.ServiceLayer.Log4net - ---Executing GetUserToken() in UserService----
2021-09-13 22:36:00,567 [11] DEBUG LTCPro.ServiceLayer.Log4net - ---Executed Successfully GetOutboundErrorDetails() in CommonController----
2021-09-13 22:36:00,567 [15] DEBUG LTCPro.ServiceLayer.Log4net - ---Executed Successfully GetDueMARAlertData() in EmarController----
2021-09-13 22:36:00,598 [11] DEBUG LTCPro.ServiceLayer.Log4net - ---Executing GetUserToken() in UserService----
2021-09-13 22:36:00,615 [15] DEBUG LTCPro.ServiceLayer.Log4net - ---Executing GetUserToken() in UserService----
2021-09-13 22:36:00,620 [15] DEBUG LTCPro.ServiceLayer.Log4net - ---Executing GetUserActiveCompanyMasterList() in CompanyController----
2021-09-13 22:36:00,620 [15] DEBUG LTCPro.ServiceLayer.Log4net - ---Executing GetActiveCompanyMasterList() in CompanyService----
2021-09-13 22:36:00,643 [7] DEBUG LTCPro.ServiceLayer.Log4net - ---Executed Successfully GetPendingDosesList() in CommonController----
2021-09-13 22:36:00,656 [5] DEBUG LTCPro.ServiceLayer.Log4net - ---Executing InsertUserActivityDetails() in CompanyController----
2021-09-13 22:36:00,656 [5] DEBUG LTCPro.ServiceLayer.Log4net - ---Executing InsertUserActivityDetails() in UserActivityService----
2021-09-13 22:36:00,670 [5] DEBUG LTCPro.ServiceLayer.Log4net - ---Executed Successfully InsertUserActivityDetails() in CompanyController----
2021-09-13 22:36:00,672 [11] DEBUG LTCPro.ServiceLayer.Log4net - ---Executing GetUserAccessFacilityNurseStaions() in FacilityController----
2021-09-13 22:36:00,691 [11] DEBUG LTCPro.ServiceLayer.Log4net - ---Executing GetUserAccessFacilityNurseStaions() in FacilityService----
2021-09-13 22:36:00,713 [15] DEBUG LTCPro.ServiceLayer.Log4net - ---Executed Successfully GetUserActiveCompanyMasterList() in CompanyController----
2021-09-13 22:36:00,730 [11] DEBUG LTCPro.ServiceLayer.Log4net - ---Executed Successfully GetUserAccessFacilityNurseStaions() in FacilityController----
2021-09-13 22:36:06,029 [11] DEBUG LTCPro.ServiceLayer.Log4net - ---Executing GetUserToken() in UserService----
2021-09-13 22:36:06,034 [11] DEBUG LTCPro.ServiceLayer.Log4net - ---Executing GetUserRecentFacNs() in UserController----
2021-09-13 22:36:06,034 [11] DEBUG LTCPro.ServiceLayer.Log4net - ---Executing GetUserRecentFacNs() in UserService----
2021-09-13 22:36:06,039 [11] DEBUG LTCPro.ServiceLayer.Log4net - ---Executed Successfully GetUserRecentFacNs() in UserController----
2021-09-13 22:36:06,091 [11] DEBUG LTCPro.ServiceLayer.Log4net - ---Executing GetUserToken() in UserService----
2021-09-13 22:36:06,096 [11] DEBUG LTCPro.ServiceLayer.Log4net - ---Executing GetUserAccessFacilityNurseStaions() in FacilityController----
2021-09-13 22:36:06,096 [11] DEBUG LTCPro.ServiceLayer.Log4net - ---Executing GetUserAccessFacilityNurseStaions() in FacilityService----
2021-09-13 22:36:06,105 [11] DEBUG LTCPro.ServiceLayer.Log4net - ---Executed Successfully GetUserAccessFacilityNurseStaions() in FacilityController----
2021-09-13 22:36:06,154 [11] DEBUG LTCPro.ServiceLayer.Log4net - ---Executing GetUserToken() in UserService----
2021-09-13 22:36:06,161 [11] DEBUG LTCPro.ServiceLayer.Log4net - ---Executing UserNurseStationDrop() in FacilityController----
2021-09-13 22:36:06,163 [11] DEBUG LTCPro.ServiceLayer.Log4net - ---Executing UserNurseStationDrop() in FacilityService----
2021-09-13 22:36:06,178 [11] DEBUG LTCPro.ServiceLayer.Log4net - ---Executed Successfully UserNurseStationDrop() in FacilityController----
2021-09-13 22:36:06,304 [15] DEBUG LTCPro.ServiceLayer.Log4net - ---Executing GetUserToken() in UserService----
2021-09-13 22:36:06,367 [15] DEBUG LTCPro.ServiceLayer.Log4net - ---Executing GetResidentnamesmarReport() in ReportsController----
2021-09-13 22:36:06,411 [15] DEBUG LTCPro.ServiceLayer.Log4net - ---Executing GetResidentnamesmarReport() in ReportService----
2021-09-13 22:36:06,675 [6] DEBUG LTCPro.ServiceLayer.Log4net - ---Executing GetUserToken() in UserService----
2021-09-13 22:36:06,691 [6] DEBUG LTCPro.ServiceLayer.Log4net - ---Executing GetEmarResidentdetailsReport() in ReportsController----
2021-09-13 22:36:06,692 [6] DEBUG LTCPro.ServiceLayer.Log4net - ---Executing GetEmarResidentdetailsReport() in ReportsService----
2021-09-13 22:36:39,978 [19] DEBUG LTCPro.ServiceLayer.Log4net - ---Executing GetUserToken() in UserService----
2021-09-13 22:36:39,982 [19] DEBUG LTCPro.ServiceLayer.Log4net - ---Executing GetReadMailsCount() in MailboxController----
2021-09-13 22:36:39,982 [19] DEBUG LTCPro.ServiceLayer.Log4net - ---Executing GetReadMailsCount() in MailboxService----
2021-09-13 22:36:39,986 [19] DEBUG LTCPro.ServiceLayer.Log4net - ---Executed successfully GetReadMailsCount() in MailboxController----
2021-09-13 22:36:39,988 [18] DEBUG LTCPro.ServiceLayer.Log4net - ---Executing GetUserToken() in UserService----
2021-09-13 22:36:39,992 [18] DEBUG LTCPro.ServiceLayer.Log4net - ---Executing GetAlertsDetails() in MailboxController----
2021-09-13 22:36:39,992 [18] DEBUG LTCPro.ServiceLayer.Log4net - ---Executing GetAlertsDetails() in MailboxService----
2021-09-13 22:36:40,019 [18] DEBUG LTCPro.ServiceLayer.Log4net - ---Executed successfully GetAlertsDetails() in MailboxController----
2021-09-13 22:36:40,349 [7] DEBUG LTCPro.ServiceLayer.Log4net - ---Executing GetUserToken() in UserService----
2021-09-13 22:36:40,357 [7] DEBUG LTCPro.ServiceLayer.Log4net - ---Executing GetUserRecentFacNs() in UserController----
2021-09-13 22:36:40,357 [7] DEBUG LTCPro.ServiceLayer.Log4net - ---Executing GetUserRecentFacNs() in UserService----
2021-09-13 22:36:40,360 [5] DEBUG LTCPro.ServiceLayer.Log4net - ---Executing GetUserToken() in UserService----
2021-09-13 22:36:40,361 [7] DEBUG LTCPro.ServiceLayer.Log4net - ---Executed Successfully GetUserRecentFacNs() in UserController----
2021-09-13 22:36:40,366 [5] DEBUG LTCPro.ServiceLayer.Log4net - ---Executing GetUserPassedDueFlag() in UserController----
2021-09-13 22:36:40,366 [5] DEBUG LTCPro.ServiceLayer.Log4net - ---Executing GetUserPassedDueFlag() in UserService----
2021-09-13 22:36:40,370 [5] DEBUG LTCPro.ServiceLayer.Log4net - ---Executed Successfully GetUserPassedDueFlag() in UserController----
2021-09-13 22:36:40,375 [18] DEBUG LTCPro.ServiceLayer.Log4net - ---Executing GetUserToken() in UserService----
2021-09-13 22:36:40,376 [16] DEBUG LTCPro.ServiceLayer.Log4net - ---Executing GetUserToken() in UserService----
2021-09-13 22:36:40,380 [18] DEBUG LTCPro.ServiceLayer.Log4net - ---Executing GetDueMARAlertData() in EmarController----
2021-09-13 22:36:40,380 [18] DEBUG LTCPro.ServiceLayer.Log4net - ---Executing GetDueMARAlertData() in EmarService----
2021-09-13 22:36:40,380 [16] DEBUG LTCPro.ServiceLayer.Log4net - ---Executing GetUserRecentFacNs() in UserController----
2021-09-13 22:36:40,380 [16] DEBUG LTCPro.ServiceLayer.Log4net - ---Executing GetUserRecentFacNs() in UserService----
2021-09-13 22:36:40,380 [10] DEBUG LTCPro.ServiceLayer.Log4net - ---Executing GetUserToken() in UserService----
2021-09-13 22:36:40,381 [8] DEBUG LTCPro.ServiceLayer.Log4net - ---Executing GetUserToken() in UserService----
2021-09-13 22:36:40,384 [10] DEBUG LTCPro.ServiceLayer.Log4net - ---Executing GetPendingDosesList() in CommonController----
2021-09-13 22:36:40,384 [10] DEBUG LTCPro.ServiceLayer.Log4net - ---Executing GetPendingDosesList() in CommonService----
2021-09-13 22:36:40,385 [16] DEBUG LTCPro.ServiceLayer.Log4net - ---Executed Successfully GetUserRecentFacNs() in UserController----
2021-09-13 22:36:40,571 [8] DEBUG LTCPro.ServiceLayer.Log4net - ---Executing GetOutboundErrorDetails() in CommonController----
2021-09-13 22:36:40,571 [8] DEBUG LTCPro.ServiceLayer.Log4net - ---Executing GetOutboundErrorDetails() in CommonService----
2021-09-13 22:36:40,571 [18] DEBUG LTCPro.ServiceLayer.Log4net - ---Executed Successfully GetDueMARAlertData() in EmarController----
2021-09-13 22:36:40,571 [10] DEBUG LTCPro.ServiceLayer.Log4net - ---Executed Successfully GetPendingDosesList() in CommonController----
2021-09-13 22:36:40,629 [8] DEBUG LTCPro.ServiceLayer.Log4net - ---Executed Successfully GetOutboundErrorDetails() in CommonController----
2021-09-13 22:36:42,989 [9] DEBUG LTCPro.ServiceLayer.Log4net - ---Executing GetUserToken() in UserService----
2021-09-13 22:36:42,993 [9] DEBUG LTCPro.ServiceLayer.Log4net - ---Executing GetUserAccessFacilityNurseStaions() in FacilityController----
2021-09-13 22:36:42,994 [9] DEBUG LTCPro.ServiceLayer.Log4net - ---Executing GetUserAccessFacilityNurseStaions() in FacilityService----
2021-09-13 22:36:42,997 [15] DEBUG LTCPro.ServiceLayer.Log4net - ---Executing GetUserToken() in UserService----
2021-09-13 22:36:43,000 [15] DEBUG LTCPro.ServiceLayer.Log4net - ---Executing GetUserAccessFacilityNurseStaions() in FacilityController----
2021-09-13 22:36:43,000 [15] DEBUG LTCPro.ServiceLayer.Log4net - ---Executing GetUserAccessFacilityNurseStaions() in FacilityService----
2021-09-13 22:36:43,001 [9] DEBUG LTCPro.ServiceLayer.Log4net - ---Executed Successfully GetUserAccessFacilityNurseStaions() in FacilityController----
2021-09-13 22:36:43,009 [15] DEBUG LTCPro.ServiceLayer.Log4net - ---Executed Successfully GetUserAccessFacilityNurseStaions() in FacilityController----
2021-09-13 22:36:44,577 [10] DEBUG LTCPro.ServiceLayer.Log4net - ---Executing GetUserToken() in UserService----
2021-09-13 22:36:44,581 [10] DEBUG LTCPro.ServiceLayer.Log4net - ---Executing UserNurseStationDrop() in FacilityController----
2021-09-13 22:36:44,581 [10] DEBUG LTCPro.ServiceLayer.Log4net - ---Executing UserNurseStationDrop() in FacilityService----
2021-09-13 22:36:44,587 [10] DEBUG LTCPro.ServiceLayer.Log4net - ---Executed Successfully UserNurseStationDrop() in FacilityController----
2021-09-13 22:36:44,769 [11] DEBUG LTCPro.ServiceLayer.Log4net - ---Executing GetUserToken() in UserService----
2021-09-13 22:36:44,774 [11] DEBUG LTCPro.ServiceLayer.Log4net - ---Executing GetResidentnamesmarReport() in ReportsController----
2021-09-13 22:36:44,774 [11] DEBUG LTCPro.ServiceLayer.Log4net - ---Executing GetResidentnamesmarReport() in ReportService----
2021-09-13 22:36:45,087 [15] DEBUG LTCPro.ServiceLayer.Log4net - ---Executing GetUserToken() in UserService----
2021-09-13 22:36:45,123 [15] DEBUG LTCPro.ServiceLayer.Log4net - ---Executing GetEmarResidentdetailsReport() in ReportsController----
2021-09-13 22:36:45,123 [15] DEBUG LTCPro.ServiceLayer.Log4net - ---Executing GetEmarResidentdetailsReport() in ReportsService----
2021-09-13 22:37:24,661 [7] DEBUG LTCPro.ServiceLayer.Log4net - ---Executing GetUserToken() in UserService----
2021-09-13 22:37:24,661 [9] DEBUG LTCPro.ServiceLayer.Log4net - ---Executing GetUserToken() in UserService----
2021-09-13 22:37:24,665 [18] DEBUG LTCPro.ServiceLayer.Log4net - ---Executing GetUserToken() in UserService----
2021-09-13 22:37:24,758 [7] DEBUG LTCPro.ServiceLayer.Log4net - ---Executing GetUserToken() in UserService----
2021-09-13 22:37:24,759 [18] DEBUG LTCPro.ServiceLayer.Log4net - ---Executing GetUserToken() in UserService----
2021-09-13 22:37:24,760 [10] DEBUG LTCPro.ServiceLayer.Log4net - ---Executing GetUserToken() in UserService----
2021-09-13 22:37:24,765 [17] DEBUG LTCPro.ServiceLayer.Log4net - ---Executing GetUserToken() in UserService----
2021-09-13 22:37:24,772 [9] DEBUG LTCPro.ServiceLayer.Log4net - ---Executing GetUserToken() in UserService----
2021-09-13 22:37:41,606 [10] DEBUG LTCPro.ServiceLayer.Log4net - ---Executing UsersConfigNurseStationDrop() in FacilityController----
2021-09-13 22:37:41,606 [10] DEBUG LTCPro.ServiceLayer.Log4net - ---Executing UsersConfigNurseStationDrop() in FacilityService----
2021-09-13 22:37:41,616 [10] DEBUG LTCPro.ServiceLayer.Log4net - ---Executed Successfully UsersConfigNurseStationDrop() in FacilityController----
2021-09-13 22:37:41,712 [18] DEBUG LTCPro.ServiceLayer.Log4net - ---Executing GetProcessKeyMasterList() in FacilityController----
2021-09-13 22:37:41,712 [18] DEBUG LTCPro.ServiceLayer.Log4net - ---Executing GetProcessKeyMasterList() in FacilityService----
2021-09-13 22:37:41,716 [18] DEBUG LTCPro.ServiceLayer.Log4net - ---Executed Successfully GetProcessKeyMasterList() in FacilityController----
2021-09-13 22:37:44,769 [10] DEBUG LTCPro.ServiceLayer.Log4net - ---Executing CheckUser() in UserService----
2021-09-13 22:37:44,804 [10] DEBUG LTCPro.ServiceLayer.Log4net - ---Executing FindUser() in UserService----
2021-09-13 22:37:44,816 [10] DEBUG LTCPro.ServiceLayer.Log4net - ---Executing InsertUserSession() in UserService----
2021-09-13 22:37:44,828 [10] DEBUG LTCPro.ServiceLayer.Log4net - ---Executing InsertUserToken() in UserService----
2021-09-13 22:37:44,890 [9] DEBUG LTCPro.ServiceLayer.Log4net - ---Executing InsertUpdateUserRecentFacNs() in UserController----
2021-09-13 22:37:44,891 [9] DEBUG LTCPro.ServiceLayer.Log4net - ---Executing GetUserRecentFacNs() in UserService----
2021-09-13 22:37:44,895 [9] DEBUG LTCPro.ServiceLayer.Log4net - ---Executing InsertUpdateUserRecentFacNs() in CommonService----
2021-09-13 22:37:44,900 [9] DEBUG LTCPro.ServiceLayer.Log4net - ---Executed Successfully InsertUpdateUserRecentFacNs() in UserController----
2021-09-13 22:37:44,936 [10] DEBUG LTCPro.ServiceLayer.Log4net - ---Executing GetScreenPermissionsForLoggedInUser() in RoleController----
2021-09-13 22:37:44,936 [10] DEBUG LTCPro.ServiceLayer.Log4net - ---Executing GetScreenPermissionsForLoggedInUser() in RoleService----
2021-09-13 22:37:44,943 [10] DEBUG LTCPro.ServiceLayer.Log4net - ---Executed Successfully GetScreenPermissionsForLoggedInUser() in RoleController----
2021-09-13 22:37:45,035 [20] DEBUG LTCPro.ServiceLayer.Log4net - ---Executing GetUserToken() in UserService----
2021-09-13 22:37:45,036 [23] DEBUG LTCPro.ServiceLayer.Log4net - ---Executing GetUserToken() in UserService----
2021-09-13 22:37:45,038 [21] DEBUG LTCPro.ServiceLayer.Log4net - ---Executing GetUserToken() in UserService----
2021-09-13 22:37:45,039 [20] DEBUG LTCPro.ServiceLayer.Log4net - ---Executing GetAlertsDetails() in MailboxController----
2021-09-13 22:37:45,039 [20] DEBUG LTCPro.ServiceLayer.Log4net - ---Executing GetAlertsDetails() in MailboxService----
2021-09-13 22:37:45,040 [23] DEBUG LTCPro.ServiceLayer.Log4net - ---Executing GetReadMailsCount() in MailboxController----
2021-09-13 22:37:45,040 [23] DEBUG LTCPro.ServiceLayer.Log4net - ---Executing GetReadMailsCount() in MailboxService----
2021-09-13 22:37:45,042 [21] DEBUG LTCPro.ServiceLayer.Log4net - ---Executing GetOutboundErrorDetails() in CommonController----
2021-09-13 22:37:45,042 [21] DEBUG LTCPro.ServiceLayer.Log4net - ---Executing GetOutboundErrorDetails() in CommonService----
2021-09-13 22:37:45,043 [9] DEBUG LTCPro.ServiceLayer.Log4net - ---Executing GetUserToken() in UserService----
2021-09-13 22:37:45,044 [23] DEBUG LTCPro.ServiceLayer.Log4net - ---Executed successfully GetReadMailsCount() in MailboxController----
2021-09-13 22:37:45,045 [17] DEBUG LTCPro.ServiceLayer.Log4net - ---Executing GetUserToken() in UserService----
2021-09-13 22:37:45,045 [9] DEBUG LTCPro.ServiceLayer.Log4net - ---Executing GetDueMARAlertData() in EmarController----
2021-09-13 22:37:45,045 [9] DEBUG LTCPro.ServiceLayer.Log4net - ---Executing GetDueMARAlertData() in EmarService----
2021-09-13 22:37:45,048 [17] DEBUG LTCPro.ServiceLayer.Log4net - ---Executing GetUserPassedDueFlag() in UserController----
2021-09-13 22:37:45,048 [17] DEBUG LTCPro.ServiceLayer.Log4net - ---Executing GetUserPassedDueFlag() in UserService----
2021-09-13 22:37:45,053 [17] DEBUG LTCPro.ServiceLayer.Log4net - ---Executed Successfully GetUserPassedDueFlag() in UserController----
2021-09-13 22:37:45,055 [10] DEBUG LTCPro.ServiceLayer.Log4net - ---Executing GetUserToken() in UserService----
2021-09-13 22:37:45,062 [10] DEBUG LTCPro.ServiceLayer.Log4net - ---Executing GetPendingDosesList() in CommonController----
2021-09-13 22:37:45,062 [10] DEBUG LTCPro.ServiceLayer.Log4net - ---Executing GetPendingDosesList() in CommonService----
2021-09-13 22:37:45,065 [22] DEBUG LTCPro.ServiceLayer.Log4net - ---Executing GetUserToken() in UserService----
2021-09-13 22:37:45,065 [20] DEBUG LTCPro.ServiceLayer.Log4net - ---Executed successfully GetAlertsDetails() in MailboxController----
2021-09-13 22:37:45,070 [22] DEBUG LTCPro.ServiceLayer.Log4net - ---Executing GetUserRecentFacNs() in UserController----
2021-09-13 22:37:45,070 [22] DEBUG LTCPro.ServiceLayer.Log4net - ---Executing GetUserRecentFacNs() in UserService----
2021-09-13 22:37:45,070 [26] DEBUG LTCPro.ServiceLayer.Log4net - ---Executing GetUserToken() in UserService----
2021-09-13 22:37:45,073 [26] DEBUG LTCPro.ServiceLayer.Log4net - ---Executing InsertUserActivityDetails() in CompanyController----
2021-09-13 22:37:45,073 [26] DEBUG LTCPro.ServiceLayer.Log4net - ---Executing InsertUserActivityDetails() in UserActivityService----
2021-09-13 22:37:45,075 [22] DEBUG LTCPro.ServiceLayer.Log4net - ---Executed Successfully GetUserRecentFacNs() in UserController----
2021-09-13 22:37:45,080 [26] DEBUG LTCPro.ServiceLayer.Log4net - ---Executed Successfully InsertUserActivityDetails() in CompanyController----
2021-09-13 22:37:45,104 [21] DEBUG LTCPro.ServiceLayer.Log4net - ---Executed Successfully GetOutboundErrorDetails() in CommonController----
2021-09-13 22:37:45,112 [25] DEBUG LTCPro.ServiceLayer.Log4net - ---Executing GetUserToken() in UserService----
2021-09-13 22:37:45,116 [25] DEBUG LTCPro.ServiceLayer.Log4net - ---Executing GetUserActiveCompanyMasterList() in CompanyController----
2021-09-13 22:37:45,116 [25] DEBUG LTCPro.ServiceLayer.Log4net - ---Executing GetActiveCompanyMasterList() in CompanyService----
2021-09-13 22:37:45,146 [25] DEBUG LTCPro.ServiceLayer.Log4net - ---Executed Successfully GetUserActiveCompanyMasterList() in CompanyController----
2021-09-13 22:37:45,181 [18] DEBUG LTCPro.ServiceLayer.Log4net - ---Executing GetUserToken() in UserService----
2021-09-13 22:37:45,185 [18] DEBUG LTCPro.ServiceLayer.Log4net - ---Executing GetUserAccessFacilityNurseStaions() in FacilityController----
2021-09-13 22:37:45,185 [18] DEBUG LTCPro.ServiceLayer.Log4net - ---Executing GetUserAccessFacilityNurseStaions() in FacilityService----
2021-09-13 22:37:45,192 [18] DEBUG LTCPro.ServiceLayer.Log4net - ---Executed Successfully GetUserAccessFacilityNurseStaions() in FacilityController----
2021-09-13 22:37:45,225 [10] DEBUG LTCPro.ServiceLayer.Log4net - ---Executed Successfully GetPendingDosesList() in CommonController----
2021-09-13 22:37:45,291 [9] DEBUG LTCPro.ServiceLayer.Log4net - ---Executed Successfully GetDueMARAlertData() in EmarController----
2021-09-13 22:37:49,470 [18] DEBUG LTCPro.ServiceLayer.Log4net - ---Executing GetUserToken() in UserService----
2021-09-13 22:37:49,474 [18] DEBUG LTCPro.ServiceLayer.Log4net - ---Executing GetUserRecentFacNs() in UserController----
2021-09-13 22:37:49,474 [18] DEBUG LTCPro.ServiceLayer.Log4net - ---Executing GetUserRecentFacNs() in UserService----
2021-09-13 22:37:49,478 [18] DEBUG LTCPro.ServiceLayer.Log4net - ---Executed Successfully GetUserRecentFacNs() in UserController----
2021-09-13 22:37:49,545 [17] DEBUG LTCPro.ServiceLayer.Log4net - ---Executing GetUserToken() in UserService----
2021-09-13 22:37:49,550 [17] DEBUG LTCPro.ServiceLayer.Log4net - ---Executing GetUserAccessFacilityNurseStaions() in FacilityController----
2021-09-13 22:37:49,550 [17] DEBUG LTCPro.ServiceLayer.Log4net - ---Executing GetUserAccessFacilityNurseStaions() in FacilityService----
2021-09-13 22:37:49,558 [17] DEBUG LTCPro.ServiceLayer.Log4net - ---Executed Successfully GetUserAccessFacilityNurseStaions() in FacilityController----
2021-09-13 22:37:49,595 [20] DEBUG LTCPro.ServiceLayer.Log4net - ---Executing GetUserToken() in UserService----
2021-09-13 22:37:49,600 [20] DEBUG LTCPro.ServiceLayer.Log4net - ---Executing UserNurseStationDrop() in FacilityController----
2021-09-13 22:37:49,601 [20] DEBUG LTCPro.ServiceLayer.Log4net - ---Executing UserNurseStationDrop() in FacilityService----
2021-09-13 22:37:49,607 [20] DEBUG LTCPro.ServiceLayer.Log4net - ---Executed Successfully UserNurseStationDrop() in FacilityController----
2021-09-13 22:37:49,654 [10] DEBUG LTCPro.ServiceLayer.Log4net - ---Executing GetUserToken() in UserService----
2021-09-13 22:37:49,659 [10] DEBUG LTCPro.ServiceLayer.Log4net - ---Executing GetResidentnamesmarReport() in ReportsController----
2021-09-13 22:37:49,659 [10] DEBUG LTCPro.ServiceLayer.Log4net - ---Executing GetResidentnamesmarReport() in ReportService----
2021-09-13 22:37:49,793 [26] DEBUG LTCPro.ServiceLayer.Log4net - ---Executing GetUserToken() in UserService----
2021-09-13 22:37:49,797 [26] DEBUG LTCPro.ServiceLayer.Log4net - ---Executing GetEmarResidentdetailsReport() in ReportsController----
2021-09-13 22:37:49,797 [26] DEBUG LTCPro.ServiceLayer.Log4net - ---Executing GetEmarResidentdetailsReport() in ReportsService----
2021-09-13 22:44:41,798 [32] DEBUG LTCPro.ServiceLayer.Log4net - ---Executing GetUserToken() in UserService----
2021-09-13 22:44:49,852 [34] DEBUG LTCPro.ServiceLayer.Log4net - ---Executing UsersConfigNurseStationDrop() in FacilityController----
2021-09-13 22:44:49,852 [34] DEBUG LTCPro.ServiceLayer.Log4net - ---Executing UsersConfigNurseStationDrop() in FacilityService----
2021-09-13 22:44:49,861 [34] DEBUG LTCPro.ServiceLayer.Log4net - ---Executed Successfully UsersConfigNurseStationDrop() in FacilityController----
2021-09-13 22:44:49,978 [35] DEBUG LTCPro.ServiceLayer.Log4net - ---Executing GetProcessKeyMasterList() in FacilityController----
2021-09-13 22:44:49,978 [35] DEBUG LTCPro.ServiceLayer.Log4net - ---Executing GetProcessKeyMasterList() in FacilityService----
2021-09-13 22:44:49,981 [35] DEBUG LTCPro.ServiceLayer.Log4net - ---Executed Successfully GetProcessKeyMasterList() in FacilityController----
2021-09-13 22:44:52,604 [18] DEBUG LTCPro.ServiceLayer.Log4net - ---Executing CheckUser() in UserService----
2021-09-13 22:44:52,639 [18] DEBUG LTCPro.ServiceLayer.Log4net - ---Executing FindUser() in UserService----
2021-09-13 22:44:52,653 [18] DEBUG LTCPro.ServiceLayer.Log4net - ---Executing InsertUserSession() in UserService----
2021-09-13 22:44:52,665 [18] DEBUG LTCPro.ServiceLayer.Log4net - ---Executing InsertUserToken() in UserService----
2021-09-13 22:44:52,805 [18] DEBUG LTCPro.ServiceLayer.Log4net - ---Executing InsertUpdateUserRecentFacNs() in UserController----
2021-09-13 22:44:52,805 [18] DEBUG LTCPro.ServiceLayer.Log4net - ---Executing GetUserRecentFacNs() in UserService----
2021-09-13 22:44:52,810 [18] DEBUG LTCPro.ServiceLayer.Log4net - ---Executing InsertUpdateUserRecentFacNs() in CommonService----
2021-09-13 22:44:52,849 [18] DEBUG LTCPro.ServiceLayer.Log4net - ---Executed Successfully InsertUpdateUserRecentFacNs() in UserController----
2021-09-13 22:44:52,883 [34] DEBUG LTCPro.ServiceLayer.Log4net - ---Executing GetScreenPermissionsForLoggedInUser() in RoleController----
2021-09-13 22:44:52,883 [34] DEBUG LTCPro.ServiceLayer.Log4net - ---Executing GetScreenPermissionsForLoggedInUser() in RoleService----
2021-09-13 22:44:52,889 [34] DEBUG LTCPro.ServiceLayer.Log4net - ---Executed Successfully GetScreenPermissionsForLoggedInUser() in RoleController----
2021-09-13 22:44:52,952 [34] DEBUG LTCPro.ServiceLayer.Log4net - ---Executing GetUserToken() in UserService----
2021-09-13 22:44:52,957 [34] DEBUG LTCPro.ServiceLayer.Log4net - ---Executing InsertUserActivityDetails() in CompanyController----
2021-09-13 22:44:52,957 [34] DEBUG LTCPro.ServiceLayer.Log4net - ---Executing InsertUserActivityDetails() in UserActivityService----
2021-09-13 22:44:52,963 [34] DEBUG LTCPro.ServiceLayer.Log4net - ---Executed Successfully InsertUserActivityDetails() in CompanyController----
2021-09-13 22:44:53,028 [32] DEBUG LTCPro.ServiceLayer.Log4net - ---Executing GetUserToken() in UserService----
2021-09-13 22:44:53,028 [21] DEBUG LTCPro.ServiceLayer.Log4net - ---Executing GetUserToken() in UserService----
2021-09-13 22:44:53,033 [32] DEBUG LTCPro.ServiceLayer.Log4net - ---Executing GetAlertsDetails() in MailboxController----
2021-09-13 22:44:53,033 [32] DEBUG LTCPro.ServiceLayer.Log4net - ---Executing GetAlertsDetails() in MailboxService----
2021-09-13 22:44:53,033 [35] DEBUG LTCPro.ServiceLayer.Log4net - ---Executing GetUserToken() in UserService----
2021-09-13 22:44:53,051 [21] DEBUG LTCPro.ServiceLayer.Log4net - ---Executing GetUserPassedDueFlag() in UserController----
2021-09-13 22:44:53,051 [21] DEBUG LTCPro.ServiceLayer.Log4net - ---Executing GetUserPassedDueFlag() in UserService----
2021-09-13 22:44:53,054 [34] DEBUG LTCPro.ServiceLayer.Log4net - ---Executing GetUserToken() in UserService----
2021-09-13 22:44:53,054 [21] DEBUG LTCPro.ServiceLayer.Log4net - ---Executed Successfully GetUserPassedDueFlag() in UserController----
2021-09-13 22:44:53,058 [34] DEBUG LTCPro.ServiceLayer.Log4net - ---Executing GetDueMARAlertData() in EmarController----
2021-09-13 22:44:53,058 [34] DEBUG LTCPro.ServiceLayer.Log4net - ---Executing GetDueMARAlertData() in EmarService----
2021-09-13 22:44:53,059 [32] DEBUG LTCPro.ServiceLayer.Log4net - ---Executed successfully GetAlertsDetails() in MailboxController----
2021-09-13 22:44:53,063 [35] DEBUG LTCPro.ServiceLayer.Log4net - ---Executing GetReadMailsCount() in MailboxController----
2021-09-13 22:44:53,063 [35] DEBUG LTCPro.ServiceLayer.Log4net - ---Executing GetReadMailsCount() in MailboxService----
2021-09-13 22:44:53,066 [35] DEBUG LTCPro.ServiceLayer.Log4net - ---Executed successfully GetReadMailsCount() in MailboxController----
2021-09-13 22:44:53,068 [21] DEBUG LTCPro.ServiceLayer.Log4net - ---Executing GetUserToken() in UserService----
2021-09-13 22:44:53,072 [21] DEBUG LTCPro.ServiceLayer.Log4net - ---Executing GetPendingDosesList() in CommonController----
2021-09-13 22:44:53,072 [21] DEBUG LTCPro.ServiceLayer.Log4net - ---Executing GetPendingDosesList() in CommonService----
2021-09-13 22:44:53,073 [32] DEBUG LTCPro.ServiceLayer.Log4net - ---Executing GetUserToken() in UserService----
2021-09-13 22:44:53,077 [32] DEBUG LTCPro.ServiceLayer.Log4net - ---Executing GetOutboundErrorDetails() in CommonController----
2021-09-13 22:44:53,078 [32] DEBUG LTCPro.ServiceLayer.Log4net - ---Executing GetOutboundErrorDetails() in CommonService----
2021-09-13 22:44:53,081 [35] DEBUG LTCPro.ServiceLayer.Log4net - ---Executing GetUserToken() in UserService----
2021-09-13 22:44:53,096 [35] DEBUG LTCPro.ServiceLayer.Log4net - ---Executing GetUserRecentFacNs() in UserController----
2021-09-13 22:44:53,096 [35] DEBUG LTCPro.ServiceLayer.Log4net - ---Executing GetUserRecentFacNs() in UserService----
2021-09-13 22:44:53,100 [35] DEBUG LTCPro.ServiceLayer.Log4net - ---Executed Successfully GetUserRecentFacNs() in UserController----
2021-09-13 22:44:53,126 [35] DEBUG LTCPro.ServiceLayer.Log4net - ---Executing GetUserToken() in UserService----
2021-09-13 22:44:53,129 [35] DEBUG LTCPro.ServiceLayer.Log4net - ---Executing GetUserActiveCompanyMasterList() in CompanyController----
2021-09-13 22:44:53,129 [35] DEBUG LTCPro.ServiceLayer.Log4net - ---Executing GetActiveCompanyMasterList() in CompanyService----
2021-09-13 22:44:53,158 [35] DEBUG LTCPro.ServiceLayer.Log4net - ---Executed Successfully GetUserActiveCompanyMasterList() in CompanyController----
2021-09-13 22:44:53,175 [35] DEBUG LTCPro.ServiceLayer.Log4net - ---Executing GetUserToken() in UserService----
2021-09-13 22:44:53,179 [35] DEBUG LTCPro.ServiceLayer.Log4net - ---Executing GetUserAccessFacilityNurseStaions() in FacilityController----
2021-09-13 22:44:53,179 [35] DEBUG LTCPro.ServiceLayer.Log4net - ---Executing GetUserAccessFacilityNurseStaions() in FacilityService----
2021-09-13 22:44:53,188 [35] DEBUG LTCPro.ServiceLayer.Log4net - ---Executed Successfully GetUserAccessFacilityNurseStaions() in FacilityController----
2021-09-13 22:44:53,206 [32] DEBUG LTCPro.ServiceLayer.Log4net - ---Executed Successfully GetOutboundErrorDetails() in CommonController----
2021-09-13 22:44:53,223 [21] DEBUG LTCPro.ServiceLayer.Log4net - ---Executed Successfully GetPendingDosesList() in CommonController----
2021-09-13 22:44:53,257 [34] DEBUG LTCPro.ServiceLayer.Log4net - ---Executed Successfully GetDueMARAlertData() in EmarController----
2021-09-13 22:44:57,864 [35] DEBUG LTCPro.ServiceLayer.Log4net - ---Executing GetUserToken() in UserService----
2021-09-13 22:45:04,193 [35] DEBUG LTCPro.ServiceLayer.Log4net - ---Executing UsersConfigNurseStationDrop() in FacilityController----
2021-09-13 22:45:04,193 [35] DEBUG LTCPro.ServiceLayer.Log4net - ---Executing UsersConfigNurseStationDrop() in FacilityService----
2021-09-13 22:45:04,203 [35] DEBUG LTCPro.ServiceLayer.Log4net - ---Executed Successfully UsersConfigNurseStationDrop() in FacilityController----
2021-09-13 22:45:04,264 [34] DEBUG LTCPro.ServiceLayer.Log4net - ---Executing GetProcessKeyMasterList() in FacilityController----
2021-09-13 22:45:04,264 [34] DEBUG LTCPro.ServiceLayer.Log4net - ---Executing GetProcessKeyMasterList() in FacilityService----
2021-09-13 22:45:04,268 [34] DEBUG LTCPro.ServiceLayer.Log4net - ---Executed Successfully GetProcessKeyMasterList() in FacilityController----
2021-09-13 22:45:06,853 [34] DEBUG LTCPro.ServiceLayer.Log4net - ---Executing CheckUser() in UserService----
2021-09-13 22:45:06,890 [34] DEBUG LTCPro.ServiceLayer.Log4net - ---Executing FindUser() in UserService----
2021-09-13 22:45:06,903 [34] DEBUG LTCPro.ServiceLayer.Log4net - ---Executing InsertUserSession() in UserService----
2021-09-13 22:45:06,914 [34] DEBUG LTCPro.ServiceLayer.Log4net - ---Executing InsertUserToken() in UserService----
2021-09-13 22:45:07,134 [21] DEBUG LTCPro.ServiceLayer.Log4net - ---Executing InsertUpdateUserRecentFacNs() in UserController----
2021-09-13 22:45:07,134 [21] DEBUG LTCPro.ServiceLayer.Log4net - ---Executing GetUserRecentFacNs() in UserService----
2021-09-13 22:45:07,141 [21] DEBUG LTCPro.ServiceLayer.Log4net - ---Executing InsertUpdateUserRecentFacNs() in CommonService----
2021-09-13 22:45:07,147 [21] DEBUG LTCPro.ServiceLayer.Log4net - ---Executed Successfully InsertUpdateUserRecentFacNs() in UserController----
2021-09-13 22:45:07,177 [32] DEBUG LTCPro.ServiceLayer.Log4net - ---Executing GetScreenPermissionsForLoggedInUser() in RoleController----
2021-09-13 22:45:07,177 [32] DEBUG LTCPro.ServiceLayer.Log4net - ---Executing GetScreenPermissionsForLoggedInUser() in RoleService----
2021-09-13 22:45:07,206 [32] DEBUG LTCPro.ServiceLayer.Log4net - ---Executed Successfully GetScreenPermissionsForLoggedInUser() in RoleController----
2021-09-13 22:45:07,252 [34] DEBUG LTCPro.ServiceLayer.Log4net - ---Executing GetUserToken() in UserService----
2021-09-13 22:45:07,256 [34] DEBUG LTCPro.ServiceLayer.Log4net - ---Executing InsertUserActivityDetails() in CompanyController----
2021-09-13 22:45:07,256 [34] DEBUG LTCPro.ServiceLayer.Log4net - ---Executing InsertUserActivityDetails() in UserActivityService----
2021-09-13 22:45:07,262 [34] DEBUG LTCPro.ServiceLayer.Log4net - ---Executed Successfully InsertUserActivityDetails() in CompanyController----
2021-09-13 22:45:07,458 [31] DEBUG LTCPro.ServiceLayer.Log4net - ---Executing GetUserToken() in UserService----
2021-09-13 22:45:07,461 [32] DEBUG LTCPro.ServiceLayer.Log4net - ---Executing GetUserToken() in UserService----
2021-09-13 22:45:07,462 [18] DEBUG LTCPro.ServiceLayer.Log4net - ---Executing GetUserToken() in UserService----
2021-09-13 22:45:07,464 [31] DEBUG LTCPro.ServiceLayer.Log4net - ---Executing GetAlertsDetails() in MailboxController----
2021-09-13 22:45:07,464 [31] DEBUG LTCPro.ServiceLayer.Log4net - ---Executing GetAlertsDetails() in MailboxService----
2021-09-13 22:45:07,468 [32] DEBUG LTCPro.ServiceLayer.Log4net - ---Executing GetUserPassedDueFlag() in UserController----
2021-09-13 22:45:07,468 [32] DEBUG LTCPro.ServiceLayer.Log4net - ---Executing GetUserPassedDueFlag() in UserService----
2021-09-13 22:45:07,469 [18] DEBUG LTCPro.ServiceLayer.Log4net - ---Executing GetReadMailsCount() in MailboxController----
2021-09-13 22:45:07,469 [18] DEBUG LTCPro.ServiceLayer.Log4net - ---Executing GetReadMailsCount() in MailboxService----
2021-09-13 22:45:07,474 [18] DEBUG LTCPro.ServiceLayer.Log4net - ---Executed successfully GetReadMailsCount() in MailboxController----
2021-09-13 22:45:07,476 [21] DEBUG LTCPro.ServiceLayer.Log4net - ---Executing GetUserToken() in UserService----
2021-09-13 22:45:07,476 [32] DEBUG LTCPro.ServiceLayer.Log4net - ---Executed Successfully GetUserPassedDueFlag() in UserController----
2021-09-13 22:45:07,480 [35] DEBUG LTCPro.ServiceLayer.Log4net - ---Executing GetUserToken() in UserService----
2021-09-13 22:45:07,480 [21] DEBUG LTCPro.ServiceLayer.Log4net - ---Executing GetDueMARAlertData() in EmarController----
2021-09-13 22:45:07,480 [21] DEBUG LTCPro.ServiceLayer.Log4net - ---Executing GetDueMARAlertData() in EmarService----
2021-09-13 22:45:07,481 [34] DEBUG LTCPro.ServiceLayer.Log4net - ---Executing GetUserToken() in UserService----
2021-09-13 22:45:07,484 [35] DEBUG LTCPro.ServiceLayer.Log4net - ---Executing GetOutboundErrorDetails() in CommonController----
2021-09-13 22:45:07,484 [35] DEBUG LTCPro.ServiceLayer.Log4net - ---Executing GetOutboundErrorDetails() in CommonService----
2021-09-13 22:45:07,484 [34] DEBUG LTCPro.ServiceLayer.Log4net - ---Executing GetPendingDosesList() in CommonController----
2021-09-13 22:45:07,484 [34] DEBUG LTCPro.ServiceLayer.Log4net - ---Executing GetPendingDosesList() in CommonService----
2021-09-13 22:45:07,494 [31] DEBUG LTCPro.ServiceLayer.Log4net - ---Executed successfully GetAlertsDetails() in MailboxController----
2021-09-13 22:45:07,494 [37] DEBUG LTCPro.ServiceLayer.Log4net - ---Executing GetUserToken() in UserService----
2021-09-13 22:45:07,498 [37] DEBUG LTCPro.ServiceLayer.Log4net - ---Executing GetUserRecentFacNs() in UserController----
2021-09-13 22:45:07,499 [37] DEBUG LTCPro.ServiceLayer.Log4net - ---Executing GetUserRecentFacNs() in UserService----
2021-09-13 22:45:07,504 [37] DEBUG LTCPro.ServiceLayer.Log4net - ---Executed Successfully GetUserRecentFacNs() in UserController----
2021-09-13 22:45:07,509 [32] DEBUG LTCPro.ServiceLayer.Log4net - ---Executing GetUserToken() in UserService----
2021-09-13 22:45:07,513 [32] DEBUG LTCPro.ServiceLayer.Log4net - ---Executing GetUserActiveCompanyMasterList() in CompanyController----
2021-09-13 22:45:07,513 [32] DEBUG LTCPro.ServiceLayer.Log4net - ---Executing GetActiveCompanyMasterList() in CompanyService----
2021-09-13 22:45:07,541 [32] DEBUG LTCPro.ServiceLayer.Log4net - ---Executed Successfully GetUserActiveCompanyMasterList() in CompanyController----
2021-09-13 22:45:07,563 [34] DEBUG LTCPro.ServiceLayer.Log4net - ---Executed Successfully GetPendingDosesList() in CommonController----
2021-09-13 22:45:07,565 [38] DEBUG LTCPro.ServiceLayer.Log4net - ---Executing GetUserToken() in UserService----
2021-09-13 22:45:07,569 [38] DEBUG LTCPro.ServiceLayer.Log4net - ---Executing GetUserAccessFacilityNurseStaions() in FacilityController----
2021-09-13 22:45:07,569 [38] DEBUG LTCPro.ServiceLayer.Log4net - ---Executing GetUserAccessFacilityNurseStaions() in FacilityService----
2021-09-13 22:45:07,578 [38] DEBUG LTCPro.ServiceLayer.Log4net - ---Executed Successfully GetUserAccessFacilityNurseStaions() in FacilityController----
2021-09-13 22:45:07,598 [35] DEBUG LTCPro.ServiceLayer.Log4net - ---Executed Successfully GetOutboundErrorDetails() in CommonController----
2021-09-13 22:45:07,705 [21] DEBUG LTCPro.ServiceLayer.Log4net - ---Executed Successfully GetDueMARAlertData() in EmarController----
2021-09-13 22:45:11,001 [30] DEBUG LTCPro.ServiceLayer.Log4net - ---Executing GetUserToken() in UserService----
2021-09-13 22:45:11,006 [30] DEBUG LTCPro.ServiceLayer.Log4net - ---Executing GetUserRecentFacNs() in UserController----
2021-09-13 22:45:11,006 [30] DEBUG LTCPro.ServiceLayer.Log4net - ---Executing GetUserRecentFacNs() in UserService----
2021-09-13 22:45:11,011 [30] DEBUG LTCPro.ServiceLayer.Log4net - ---Executed Successfully GetUserRecentFacNs() in UserController----
2021-09-13 22:45:11,086 [21] DEBUG LTCPro.ServiceLayer.Log4net - ---Executing GetUserToken() in UserService----
2021-09-13 22:45:11,090 [21] DEBUG LTCPro.ServiceLayer.Log4net - ---Executing GetUserAccessFacilityNurseStaions() in FacilityController----
2021-09-13 22:45:11,090 [21] DEBUG LTCPro.ServiceLayer.Log4net - ---Executing GetUserAccessFacilityNurseStaions() in FacilityService----
2021-09-13 22:45:11,099 [21] DEBUG LTCPro.ServiceLayer.Log4net - ---Executed Successfully GetUserAccessFacilityNurseStaions() in FacilityController----
2021-09-13 22:45:11,125 [35] DEBUG LTCPro.ServiceLayer.Log4net - ---Executing GetUserToken() in UserService----
2021-09-13 22:45:11,128 [35] DEBUG LTCPro.ServiceLayer.Log4net - ---Executing UserNurseStationDrop() in FacilityController----
2021-09-13 22:45:11,128 [35] DEBUG LTCPro.ServiceLayer.Log4net - ---Executing UserNurseStationDrop() in FacilityService----
2021-09-13 22:45:11,133 [35] DEBUG LTCPro.ServiceLayer.Log4net - ---Executed Successfully UserNurseStationDrop() in FacilityController----
2021-09-13 22:45:11,214 [39] DEBUG LTCPro.ServiceLayer.Log4net - ---Executing GetUserToken() in UserService----
2021-09-13 22:45:11,219 [39] DEBUG LTCPro.ServiceLayer.Log4net - ---Executing GetResidentnamesmarReport() in ReportsController----
2021-09-13 22:45:11,219 [39] DEBUG LTCPro.ServiceLayer.Log4net - ---Executing GetResidentnamesmarReport() in ReportService----
2021-09-13 22:45:11,346 [27] DEBUG LTCPro.ServiceLayer.Log4net - ---Executing GetUserToken() in UserService----
2021-09-13 22:45:11,351 [27] DEBUG LTCPro.ServiceLayer.Log4net - ---Executing GetEmarResidentdetailsReport() in ReportsController----
2021-09-13 22:45:11,351 [27] DEBUG LTCPro.ServiceLayer.Log4net - ---Executing GetEmarResidentdetailsReport() in ReportsService----
2021-09-13 22:45:47,912 [29] DEBUG LTCPro.ServiceLayer.Log4net - ---Executing GetUserToken() in UserService----
2021-09-13 22:45:47,917 [29] DEBUG LTCPro.ServiceLayer.Log4net - ---Executing GetEmarResidentdetailsReport() in ReportsController----
2021-09-13 22:45:47,917 [29] DEBUG LTCPro.ServiceLayer.Log4net - ---Executing GetEmarResidentdetailsReport() in ReportsService----
2021-09-13 22:49:29,304 [21] DEBUG LTCPro.ServiceLayer.Log4net - ---Executing GetUserToken() in UserService----
2021-09-13 22:49:29,304 [42] DEBUG LTCPro.ServiceLayer.Log4net - ---Executing GetUserToken() in UserService----
2021-09-13 22:49:29,304 [31] DEBUG LTCPro.ServiceLayer.Log4net - ---Executing GetUserToken() in UserService----
2021-09-13 22:49:29,314 [38] DEBUG LTCPro.ServiceLayer.Log4net - ---Executing GetUserToken() in UserService----
2021-09-13 22:49:29,327 [42] DEBUG LTCPro.ServiceLayer.Log4net - ---Executing GetUserToken() in UserService----
2021-09-13 22:49:29,328 [21] DEBUG LTCPro.ServiceLayer.Log4net - ---Executing GetUserToken() in UserService----
2021-09-13 22:49:29,329 [31] DEBUG LTCPro.ServiceLayer.Log4net - ---Executing GetUserToken() in UserService----
2021-09-13 22:49:29,373 [42] DEBUG LTCPro.ServiceLayer.Log4net - ---Executing GetUserToken() in UserService----
